id,speaker,label,is_low_truth,setting,text_only_pred,text_only_score,text_plus_graph_pred,text_plus_graph_score
11972.json,rick-perry,true,0,fixed_split_train_test,0,0.46064011658095516,1,0.5294923318995142
11685.json,katrina-shankland,false,1,fixed_split_train_test,0,0.4434115898490004,0,0.4000209064459673
11096.json,donald-trump,false,1,fixed_split_train_test,0,0.4797517721432407,1,0.7531594806380738
5209.json,rob-cornilles,half-true,0,fixed_split_train_test,1,0.5583381854311864,1,0.5632875064569732
9524.json,state-democratic-party-wisconsin,pants-fire,1,fixed_split_train_test,1,0.5636644201546998,1,0.5750689129816314
5962.json,brendan-doherty,true,0,fixed_split_train_test,0,0.3572772804240899,0,0.3831516556175027
7070.json,stand-children-tennessee,true,0,fixed_split_train_test,0,0.35057398452442506,0,0.37568202787873434
1046.json,john-boehner,barely-true,1,fixed_split_train_test,0,0.4411914221832647,1,0.5393971714727294
12849.json,sean-patrick-maloney,true,0,fixed_split_train_test,0,0.4461133861051118,0,0.4485130667904649
13270.json,mike-pence,barely-true,1,fixed_split_train_test,0,0.486339427239174,0,0.42792232910114203
6649.json,mike-berlon,barely-true,1,fixed_split_train_test,0,0.4042094601807822,0,0.41877062730002257
2508.json,bill-flores,barely-true,1,fixed_split_train_test,0,0.4903248114959877,0,0.4668866303279488
11269.json,viral-image,pants-fire,1,fixed_split_train_test,0,0.46155586494330303,0,0.497984818238271
11200.json,facebook-posts,false,1,fixed_split_train_test,0,0.3611179607519764,0,0.4976097417090166
8047.json,chris-abele,half-true,0,fixed_split_train_test,0,0.44892627760522885,0,0.44058966206465344
4888.json,rick-santorum,true,0,fixed_split_train_test,0,0.2620177536067851,0,0.32817871100481333
3331.json,tom-niehaus,pants-fire,1,fixed_split_train_test,0,0.4573057487356682,0,0.4345522979015369
9198.json,marsha-blackburn,half-true,0,fixed_split_train_test,0,0.48002610261021933,1,0.504659162196644
73.json,hillary-clinton,true,0,fixed_split_train_test,0,0.3989997247729859,0,0.3352211755651354
1328.json,sarah-palin,false,1,fixed_split_train_test,0,0.42586044659754435,0,0.48249420402296456
12169.json,chris-sgro,mostly-true,0,fixed_split_train_test,0,0.48560030498810525,0,0.4553607278409164
5244.json,marco-rubio,half-true,0,fixed_split_train_test,0,0.40095541491035896,0,0.48235749674559725
12996.json,donald-trump,pants-fire,1,fixed_split_train_test,0,0.37630329818355934,1,0.5340330221953079
8162.json,marijuana-policy-project,mostly-true,0,fixed_split_train_test,0,0.341489379061779,0,0.31105753821817833
10064.json,republican-party-florida,false,1,fixed_split_train_test,0,0.4892190697864467,0,0.459698580316639
1084.json,lindsey-graham,true,0,fixed_split_train_test,0,0.4768652474578171,0,0.43602426392321547
13231.json,hillary-clinton,barely-true,1,fixed_split_train_test,1,0.5104060945369144,0,0.38425909752762444
13089.json,republican-national-committee-republican,half-true,0,fixed_split_train_test,1,0.5027836158318814,0,0.4512720754619466
1051.json,mike-pence,true,0,fixed_split_train_test,1,0.5350369339570018,1,0.5550301408221576
4161.json,cliff-stearns,mostly-true,0,fixed_split_train_test,0,0.350856640339376,0,0.4350903880714587
11966.json,cory-gardner,false,1,fixed_split_train_test,0,0.48496414596627807,0,0.4695731471521532
9800.json,sarah-palin,false,1,fixed_split_train_test,0,0.49755960938296,0,0.43414700066362466
816.json,barack-obama,half-true,0,fixed_split_train_test,1,0.530811862750706,0,0.3673848464863093
2646.json,democratic-congressional-campaign-committee,half-true,0,fixed_split_train_test,0,0.46962199801900295,1,0.5201530244298922
12381.json,mamie-locke,true,0,fixed_split_train_test,0,0.3640596960654248,0,0.39640960828781746
8567.json,herman-cain,half-true,0,fixed_split_train_test,0,0.49876100760460246,1,0.59235837617059
9092.json,rick-scott,barely-true,1,fixed_split_train_test,0,0.4992618631435042,1,0.5212711066938271
10055.json,jeanne-shaheen,mostly-true,0,fixed_split_train_test,1,0.5006338374756777,1,0.5062819253000174
4513.json,dennis-kucinich,true,0,fixed_split_train_test,0,0.4124164926156133,0,0.3072557387264712
10340.json,kevin-brady,true,0,fixed_split_train_test,0,0.349387558975505,0,0.3302386571552251
6849.json,mitt-romney,barely-true,1,fixed_split_train_test,1,0.5067582723218836,0,0.4791220850064171
10971.json,doonesbury,half-true,0,fixed_split_train_test,0,0.4723429651131111,0,0.4528798993238409
13251.json,donald-trump,pants-fire,1,fixed_split_train_test,0,0.436577791506887,1,0.7222173927099184
7545.json,drew-springer,barely-true,1,fixed_split_train_test,0,0.4611730252285073,0,0.44596764280380524
4929.json,michele-bachmann,mostly-true,0,fixed_split_train_test,0,0.4669031163921168,1,0.5737174928784917
6239.json,robert-menendez,barely-true,1,fixed_split_train_test,0,0.3962260512565729,0,0.40700447772799886
266.json,hillary-clinton,half-true,0,fixed_split_train_test,1,0.5345644652098526,0,0.39434787199449794
8841.json,barack-obama,mostly-true,0,fixed_split_train_test,0,0.40872484929669034,0,0.2948520311045492
6313.json,steve-brown,false,1,fixed_split_train_test,0,0.4050730402615922,0,0.40435341074777653
9550.json,hillary-clinton,barely-true,1,fixed_split_train_test,0,0.4432490347170296,0,0.40760147915755346
9612.json,republican-party-florida,half-true,0,fixed_split_train_test,1,0.5454554724816766,0,0.454822655730166
13272.json,national-rifle-association,barely-true,1,fixed_split_train_test,0,0.4434489491680612,0,0.4500696554883675
7562.json,jeb-bush,mostly-true,0,fixed_split_train_test,0,0.471883294865937,0,0.4141144804685309
3121.json,david-dewhurst,half-true,0,fixed_split_train_test,0,0.3293899821096767,0,0.4132014278013961
9578.json,jeff-flake,false,1,fixed_split_train_test,0,0.4363538870317909,0,0.4536031022943323
4553.json,committee-our-childrens-future,half-true,0,fixed_split_train_test,0,0.3710758226490523,0,0.292972910523027
2356.json,steven-costantino,mostly-true,0,fixed_split_train_test,1,0.508793211091153,1,0.522782750163142
3453.json,hank-johnson,half-true,0,fixed_split_train_test,0,0.4598805158399243,0,0.419860157272023
1066.json,michele-bachmann,pants-fire,1,fixed_split_train_test,0,0.4472646916555426,0,0.45851559918945944
2092.json,russell-pearce,pants-fire,1,fixed_split_train_test,0,0.4156190932695026,0,0.47318115597335775
7442.json,barack-obama,barely-true,1,fixed_split_train_test,0,0.4687367989934133,0,0.3720008590271517
9910.json,chris-matthews,barely-true,1,fixed_split_train_test,0,0.4541864940265669,0,0.4330733447542655
11083.json,carlos-curbelo,true,0,fixed_split_train_test,0,0.49345704912789046,0,0.4102167997428545
11443.json,steven-costantino,false,1,fixed_split_train_test,0,0.4597464581958872,0,0.4719627215814156
11539.json,ezekiel-emanuel,half-true,0,fixed_split_train_test,1,0.514969951302807,0,0.49917399118327005
2966.json,sherrod-brown,false,1,fixed_split_train_test,0,0.38074488975663956,0,0.3312048660143852
13367.json,patrick-murphy,mostly-true,0,fixed_split_train_test,1,0.5179324848194927,1,0.5168055915908929
1087.json,joe-biden,mostly-true,0,fixed_split_train_test,0,0.39630451807707706,0,0.34625969604045975
267.json,bill-richardson,true,0,fixed_split_train_test,0,0.4626801736709865,0,0.44892165079071233
4272.json,lloyd-doggett,true,0,fixed_split_train_test,0,0.30706415474998455,0,0.3302119998672157
8849.json,ian-prior,half-true,0,fixed_split_train_test,0,0.42792093324581737,0,0.46570344076614467
12542.json,priorities-usa-action,half-true,0,fixed_split_train_test,0,0.43202807751458033,0,0.425864361742258
8372.json,david-pennington,barely-true,1,fixed_split_train_test,0,0.47033292326987153,1,0.5008679232128357
3518.json,tim-pawlenty,mostly-true,0,fixed_split_train_test,0,0.33171966508157913,0,0.4072099086774014
8340.json,ted-cruz,false,1,fixed_split_train_test,0,0.47373332431478654,1,0.5849052863876191
10218.json,friends-india-point-park,half-true,0,fixed_split_train_test,0,0.41951897676688593,0,0.40184415792733225
12698.json,reince-priebus,false,1,fixed_split_train_test,0,0.46705746992610747,0,0.4310561173872249
2357.json,scott-walker,false,1,fixed_split_train_test,0,0.46594053193598206,0,0.48177010387680136
7823.json,barbara-buono,half-true,0,fixed_split_train_test,0,0.37450579184337884,0,0.3279514994646865
12541.json,donald-trump,barely-true,1,fixed_split_train_test,0,0.469986972455324,1,0.7103299484911558
2854.json,carole-smith,pants-fire,1,fixed_split_train_test,0,0.3724976902368776,0,0.3457502147914882
4719.json,H204TEXAS-PAC,half-true,0,fixed_split_train_test,0,0.4495767273097485,0,0.44235927276327947
2072.json,david-cicilline,true,0,fixed_split_train_test,0,0.24445097100563187,0,0.28683277607162844
2885.json,bill-nelson,false,1,fixed_split_train_test,0,0.43158587362552886,0,0.3884256021152593
13334.json,gerald-daugherty,half-true,0,fixed_split_train_test,0,0.4062501861916635,0,0.42619810718594286
4820.json,facebook-posts,half-true,0,fixed_split_train_test,0,0.3536860250955145,0,0.46936202610991495
12309.json,paul-ryan,barely-true,1,fixed_split_train_test,0,0.4956165860973954,0,0.4695585918221019
1420.json,debra-medina,mostly-true,0,fixed_split_train_test,1,0.5098786390577823,0,0.39495867925722505
8761.json,facebook-posts,false,1,fixed_split_train_test,0,0.4354766135436964,1,0.5228019631936446
2491.json,dave-yost,true,0,fixed_split_train_test,0,0.44543746613470975,0,0.3828109602759101
1075.json,democratic-national-committee,barely-true,1,fixed_split_train_test,0,0.45700252399253394,0,0.40169797458047607
9762.json,bob-donovan,true,0,fixed_split_train_test,0,0.40670748037687265,0,0.3919530788072437
5935.json,brett-bittner,barely-true,1,fixed_split_train_test,0,0.34536897492491014,0,0.39534933509456477
2821.json,george-allen,pants-fire,1,fixed_split_train_test,0,0.4655464461193785,0,0.4974271042404563
6370.json,julian-castro,true,0,fixed_split_train_test,0,0.18035540897966487,0,0.1704038826130794
3706.json,mike-bennett,pants-fire,1,fixed_split_train_test,0,0.48181071478956006,0,0.48012852737485395
10163.json,james-carr,true,0,fixed_split_train_test,0,0.434837267594388,0,0.44496851850563474
2796.json,safe-routes-schools,false,1,fixed_split_train_test,0,0.36742930829228515,0,0.4391736292685757
6083.json,rick-scott,barely-true,1,fixed_split_train_test,0,0.3750073033667159,0,0.38147728570025385
5913.json,conservative-renewal-pac,barely-true,1,fixed_split_train_test,1,0.5399485792019441,1,0.5322167895098449
934.json,barack-obama,true,0,fixed_split_train_test,0,0.4703377548614119,0,0.43514571232940463
2162.json,kasim-reed,barely-true,1,fixed_split_train_test,0,0.3419181683212653,0,0.2964653074978332
3161.json,rachel-maddow,mostly-true,0,fixed_split_train_test,0,0.308511480667341,0,0.3436600797250586
2679.json,charlie-crist,true,0,fixed_split_train_test,0,0.42572972367802664,0,0.4323548732962275
8929.json,mark-pocan,true,0,fixed_split_train_test,1,0.5010415457458391,0,0.42281538667238977
10040.json,bill-oreilly,half-true,0,fixed_split_train_test,1,0.5548680504025465,0,0.47847044639763714
12398.json,priorities-usa-action,pants-fire,1,fixed_split_train_test,0,0.4632816396355652,0,0.44938990436061504
2690.json,kendrick-meek,pants-fire,1,fixed_split_train_test,0,0.40007721473359015,0,0.4799886201987458
8667.json,bob-schieffer,true,0,fixed_split_train_test,0,0.38099856680017674,0,0.39087190589505183
8941.json,wolf-blitzer,true,0,fixed_split_train_test,1,0.5403345086460455,1,0.5728010406830516
6821.json,chris-christie,pants-fire,1,fixed_split_train_test,1,0.5153666287735503,0,0.46790819129865246
10631.json,william-obrien,false,1,fixed_split_train_test,0,0.49468684778510746,0,0.4688704309727616
6579.json,nikki-haley,half-true,0,fixed_split_train_test,0,0.48701050454788797,0,0.4197930237890076
11400.json,league-conservation-voters,mostly-true,0,fixed_split_train_test,0,0.4474171622531911,0,0.44565547440529274
3228.json,cenk-uygur,true,0,fixed_split_train_test,1,0.5328888821745887,0,0.48620808257553094
9746.json,mark-emmert,half-true,0,fixed_split_train_test,0,0.3600739176066506,0,0.3395176579834858
1915.json,donna-campbell,false,1,fixed_split_train_test,0,0.4854346479643001,0,0.4499573849211256
12456.json,pat-toomey,barely-true,1,fixed_split_train_test,1,0.5384625876343826,0,0.4207653958299483
4856.json,democratic-national-committee,half-true,0,fixed_split_train_test,0,0.3705571814508876,0,0.37187617217396424
4698.json,americans-prosperity-new-jersey,false,1,fixed_split_train_test,0,0.4386342521125322,0,0.4680040804474818
2585.json,christine-odonnell,barely-true,1,fixed_split_train_test,1,0.5023851788231699,0,0.4824516314614344
6604.json,crossroads-gps,barely-true,1,fixed_split_train_test,0,0.46274771930574393,0,0.45882969346838187
4495.json,michele-bachmann,pants-fire,1,fixed_split_train_test,0,0.43424227791498765,0,0.49012499731381715
8406.json,ted-cruz,barely-true,1,fixed_split_train_test,1,0.5049792865519368,1,0.5857182773339958
10147.json,jason-carter,false,1,fixed_split_train_test,0,0.4523105211387107,0,0.347784758031708
10623.json,mark-pocan,mostly-true,0,fixed_split_train_test,0,0.3868001606477577,0,0.43175147968199457
2277.json,roy-barnes,half-true,0,fixed_split_train_test,1,0.6007823042331678,1,0.6588197224340058
8146.json,al-sharpton,mostly-true,0,fixed_split_train_test,0,0.4968551014339543,0,0.4261619426884913
6026.json,scott-walker,half-true,0,fixed_split_train_test,0,0.4212682109694195,0,0.4654410249928342
13056.json,national-republican-congressional-committee,true,0,fixed_split_train_test,0,0.41393469139051,0,0.46697942924046765
1103.json,glenn-beck,pants-fire,1,fixed_split_train_test,0,0.4527638857746993,0,0.4896445847844312
4444.json,gail-collins,mostly-true,0,fixed_split_train_test,1,0.5185161021278637,0,0.475257571035151
9269.json,matt-bevin,false,1,fixed_split_train_test,0,0.4257922410124497,0,0.42995629429477134
4105.json,shelly-moore,pants-fire,1,fixed_split_train_test,1,0.5618368960277639,1,0.5710677384819864
8533.json,frank-fahrenkopf,barely-true,1,fixed_split_train_test,0,0.39949489098109836,0,0.3996667258079591
6950.json,connie-mack,mostly-true,0,fixed_split_train_test,0,0.416254659632582,0,0.4112953445702274
13125.json,donald-trump,barely-true,1,fixed_split_train_test,0,0.44000021715726345,1,0.710160029373204
8294.json,nan-rich,mostly-true,0,fixed_split_train_test,0,0.3580168148359067,0,0.3986306980849399
9908.json,mike-wise,mostly-true,0,fixed_split_train_test,0,0.49515490612798246,0,0.45492645362865863
12424.json,todd-wilcox,false,1,fixed_split_train_test,0,0.44003543745317936,0,0.38293645088169426
4309.json,democratic-party-virginia,false,1,fixed_split_train_test,1,0.5070865926158227,0,0.48854608128260374
110.json,fred-thompson,false,1,fixed_split_train_test,0,0.44754861916063887,0,0.40439767195263604
7677.json,ohio-public-defenders-office,mostly-true,0,fixed_split_train_test,0,0.3941176800289047,0,0.38982130593895775
4780.json,jim-webb,true,0,fixed_split_train_test,0,0.3893145890166851,0,0.4084729498660827
715.json,sarah-palin,false,1,fixed_split_train_test,1,0.5592918625505412,1,0.5313428630513002
3107.json,dean-cannon,true,0,fixed_split_train_test,0,0.29823232840082614,0,0.32121871451898765
7565.json,steve-latourette,mostly-true,0,fixed_split_train_test,0,0.428623586937197,0,0.35834669649463613
8606.json,ron-johnson,half-true,0,fixed_split_train_test,0,0.4783865710994997,1,0.6027294099816278
3869.json,chris-christie,half-true,0,fixed_split_train_test,1,0.5221521583783033,0,0.4570289423283934
10948.json,occupy-democrats,false,1,fixed_split_train_test,1,0.5357772620686433,1,0.5058408879740717
12210.json,dan-forest,false,1,fixed_split_train_test,0,0.4613780943201648,0,0.44244104609013035
4119.json,barack-obama,mostly-true,0,fixed_split_train_test,0,0.3824573252072225,0,0.27934981084861216
7272.json,hank-johnson,barely-true,1,fixed_split_train_test,1,0.5463654789250751,1,0.5138181046583481
12236.json,hillary-clinton,half-true,0,fixed_split_train_test,0,0.3503037861162966,0,0.3242976553438737
4016.json,alberta-darling,false,1,fixed_split_train_test,0,0.487344638005395,0,0.4996117512928789
6765.json,joaquin-castro,true,0,fixed_split_train_test,0,0.44066871235950933,0,0.47565604223573715
11867.json,ted-cruz,false,1,fixed_split_train_test,0,0.46506066006492935,1,0.6005625762019012
11777.json,paul-ryan,true,0,fixed_split_train_test,0,0.43159507698306904,0,0.36054900418961194
9051.json,chain-email,pants-fire,1,fixed_split_train_test,1,0.5020008384039676,1,0.6978255853707378
4243.json,jon-huntsman,mostly-true,0,fixed_split_train_test,0,0.42411728276338295,0,0.41704868920311017
7818.json,carolyn-tomei,mostly-true,0,fixed_split_train_test,0,0.4298697960049412,0,0.36142508472208945
10871.json,gina-hinojosa,half-true,0,fixed_split_train_test,0,0.3505049180272129,0,0.3480438249796768
4710.json,john-lee,half-true,0,fixed_split_train_test,0,0.35157039381385774,0,0.37126136171835455
9507.json,steve-doocy,pants-fire,1,fixed_split_train_test,1,0.5066316866443461,1,0.5059311177793088
11324.json,dale-kooyenga,mostly-true,0,fixed_split_train_test,0,0.3519436847787039,0,0.34883788341895944
6046.json,jim-renacci,false,1,fixed_split_train_test,1,0.5142250452972054,1,0.5411557730804507
8434.json,mark-obenshain,barely-true,1,fixed_split_train_test,0,0.4881432011764976,0,0.38773800010801024
3637.json,donald-trump,mostly-true,0,fixed_split_train_test,0,0.4154071144024211,1,0.7658117149343481
7744.json,george-lavender,mostly-true,0,fixed_split_train_test,0,0.3849077101140783,0,0.39293871654265256
2897.json,lee-holloway,barely-true,1,fixed_split_train_test,1,0.5474394271912578,1,0.5129994994924592
6060.json,jeanne-shaheen,barely-true,1,fixed_split_train_test,0,0.3974631981941721,0,0.3575110812784225
603.json,john-mccain,false,1,fixed_split_train_test,0,0.49446627592447806,1,0.5207970452522986
11545.json,bernie-s,mostly-true,0,fixed_split_train_test,0,0.3720499340038172,0,0.33283960208883173
10448.json,florida-chamber-commerce,half-true,0,fixed_split_train_test,0,0.4489959230534262,0,0.4231088782550063
5461.json,newt-gingrich,true,0,fixed_split_train_test,0,0.4130574136841944,0,0.43421427716853905
6684.json,its-still-bad-idea,pants-fire,1,fixed_split_train_test,0,0.4352302134157105,0,0.3668215786648564
450.json,hillary-clinton,barely-true,1,fixed_split_train_test,1,0.6122880674110818,0,0.48374907239669496
769.json,sarah-palin,true,0,fixed_split_train_test,0,0.4398467296326667,0,0.49016972794814234
6425.json,eric-hovde,half-true,0,fixed_split_train_test,0,0.4824204818282351,1,0.5322168488723886
502.json,barack-obama,true,0,fixed_split_train_test,0,0.47138977966823675,0,0.29989273478587747
11711.json,donald-trump,true,0,fixed_split_train_test,0,0.4334446113446603,1,0.6280552393766878
5470.json,heather-fiorentino,true,0,fixed_split_train_test,0,0.24380778006441953,0,0.29477623055317803
8869.json,scott-surovell,mostly-true,0,fixed_split_train_test,0,0.34405056198241335,0,0.39590122635221375
8159.json,wendy-davis,half-true,0,fixed_split_train_test,0,0.3986187544006426,0,0.35936936744327724
6884.json,american-crossroads,half-true,0,fixed_split_train_test,0,0.46335866207828863,1,0.548230192837018
10250.json,david-hallock,false,1,fixed_split_train_test,0,0.4881884115660511,0,0.46525373085912747
10757.json,marco-rubio,false,1,fixed_split_train_test,0,0.41582775283586343,0,0.41318009256281063
8320.json,charlie-crist,mostly-true,0,fixed_split_train_test,0,0.4371411384939015,0,0.334457840736401
5472.json,red-white-and-blue-fund,false,1,fixed_split_train_test,0,0.4326591624269394,0,0.45507006997582455
5505.json,lenny-curry,true,0,fixed_split_train_test,0,0.4616105689732936,0,0.42490035289972966
12427.json,job-itkzkowitz,mostly-true,0,fixed_split_train_test,0,0.38788650958698645,0,0.3571922690508421
11464.json,viral-image,barely-true,1,fixed_split_train_test,0,0.3240975899832224,0,0.44422435504789864
11778.json,donald-trump,barely-true,1,fixed_split_train_test,0,0.39809431367869264,1,0.6917897517284234
12961.json,reince-priebus,false,1,fixed_split_train_test,0,0.4188917866045005,0,0.4268690433032401
10269.json,facebook-posts,barely-true,1,fixed_split_train_test,0,0.4200039321268791,1,0.5160946616976427
2833.json,rick-perry,half-true,0,fixed_split_train_test,0,0.3063745967591764,0,0.3841082671039133
6110.json,rick-perry,half-true,0,fixed_split_train_test,1,0.5161137468604658,1,0.5199596399103636
13400.json,eric-greitens,barely-true,1,fixed_split_train_test,0,0.43225790012218485,0,0.42675532627924356
1251.json,jay-rockefeller,true,0,fixed_split_train_test,0,0.3731049125963965,0,0.40587963958597106
6112.json,jeff-merkley,mostly-true,0,fixed_split_train_test,0,0.4088106874489052,0,0.3667126028814575
6431.json,jay-carney,false,1,fixed_split_train_test,0,0.4748639524096926,0,0.4781561455695471
2615.json,rob-portman,false,1,fixed_split_train_test,0,0.42619561030367625,0,0.4110405976233535
3709.json,robert-watson,false,1,fixed_split_train_test,0,0.41910148872153896,0,0.4347363774486615
2652.json,kathie-glass,pants-fire,1,fixed_split_train_test,0,0.4187432893549563,1,0.5245622196151932
9146.json,linda-finn,mostly-true,0,fixed_split_train_test,0,0.3567516868713163,0,0.3640116698754792
184.json,barack-obama,false,1,fixed_split_train_test,0,0.4533177014554984,0,0.34004044163050473
11764.json,state-democratic-party-wisconsin,pants-fire,1,fixed_split_train_test,0,0.3662152272137634,0,0.45123062135208253
7692.json,dan-patrick,mostly-true,0,fixed_split_train_test,0,0.326985547191297,0,0.3447467537845101
7876.json,chain-email,pants-fire,1,fixed_split_train_test,0,0.4866204392175921,1,0.76671670967729
5171.json,rick-santorum,false,1,fixed_split_train_test,1,0.501951682966203,0,0.4755558831097588
12950.json,independent-voice-illinois-pac,barely-true,1,fixed_split_train_test,0,0.4796739205060331,1,0.5043794325215868
11185.json,carly-fiorina,barely-true,1,fixed_split_train_test,0,0.43412688850071424,0,0.4317179015622753
2412.json,republican-party-florida,false,1,fixed_split_train_test,1,0.5271039619768445,0,0.49622633401028743
3215.json,scott-suder,pants-fire,1,fixed_split_train_test,0,0.4907124910061695,0,0.48463690465020653
948.json,john-boehner,true,0,fixed_split_train_test,1,0.513945600213452,0,0.45282253649070037
11766.json,wendy-davis,half-true,0,fixed_split_train_test,0,0.42303903049244573,0,0.4411382319549106
592.json,john-mccain,barely-true,1,fixed_split_train_test,1,0.5728934851409698,1,0.5689572058694137
5732.json,mitt-romney,barely-true,1,fixed_split_train_test,0,0.4670269655227813,0,0.41499461862572273
12745.json,donald-trump,half-true,0,fixed_split_train_test,0,0.4718031048291767,1,0.6790381221900685
5017.json,john-boehner,barely-true,1,fixed_split_train_test,0,0.4685566213960611,1,0.5090651464142337
12331.json,enterprise-florida,barely-true,1,fixed_split_train_test,0,0.34004592779228354,0,0.38203623433261347
10424.json,barack-obama,mostly-true,0,fixed_split_train_test,0,0.42461405350225156,0,0.3699601435808176
9091.json,facebook-posts,false,1,fixed_split_train_test,0,0.4218030684813057,0,0.4548925507223446
2547.json,lloyd-doggett,true,0,fixed_split_train_test,0,0.48771010524610875,0,0.49868026861709824
12571.json,paul-ryan,mostly-true,0,fixed_split_train_test,0,0.42211745888853314,0,0.388893780067636
7810.json,rick-scott,mostly-true,0,fixed_split_train_test,0,0.32608458745572394,0,0.34616115827663274
10935.json,motion-picture-association-america,mostly-true,0,fixed_split_train_test,0,0.30244523478216523,0,0.32003529631251104
8433.json,milly-silva,mostly-true,0,fixed_split_train_test,0,0.35670146123861535,0,0.4030441423434169
7087.json,robin-vos,mostly-true,0,fixed_split_train_test,0,0.37979117437193716,0,0.3685794123357365
1025.json,michele-bachmann,false,1,fixed_split_train_test,0,0.3995622022536994,0,0.41399803136661334
6386.json,democratic-congressional-campaign-committee,barely-true,1,fixed_split_train_test,1,0.5036762322393868,1,0.6242246308711308
2844.json,jeff-scrima,half-true,0,fixed_split_train_test,0,0.43762043925746164,0,0.3642100558908126
2392.json,george-will,barely-true,1,fixed_split_train_test,0,0.39194202642916365,0,0.39952008158216
4708.json,nina-turner,true,0,fixed_split_train_test,0,0.32495420969156913,0,0.3152322859416738
8676.json,florida-democratic-party,barely-true,1,fixed_split_train_test,0,0.4344445818863126,0,0.4806960301703979
8809.json,jason-carter,true,0,fixed_split_train_test,0,0.3017190172326673,0,0.2850177405396176
4095.json,barack-obama,mostly-true,0,fixed_split_train_test,0,0.3766454066087656,0,0.3068561183358708
13102.json,hillary-clinton,half-true,0,fixed_split_train_test,1,0.5490167170888894,0,0.3901735723118614
12167.json,bernie-s,barely-true,1,fixed_split_train_test,1,0.546344593138131,0,0.40006219218886413
2876.json,john-kasich,mostly-true,0,fixed_split_train_test,0,0.335368716787639,0,0.33010595879106225
4769.json,john-birch-society,half-true,0,fixed_split_train_test,0,0.43034963192471887,0,0.38187372236130374
1760.json,rick-perry,barely-true,1,fixed_split_train_test,0,0.33383952219562674,0,0.409818461542041
12943.json,donald-trump,half-true,0,fixed_split_train_test,0,0.47810795320775334,1,0.6742486645784769
6513.json,special-operations-opsec-education-fund,false,1,fixed_split_train_test,1,0.5197749568547113,1,0.5265094650950582
7780.json,barack-obama,barely-true,1,fixed_split_train_test,0,0.43513844446663197,0,0.3419027066917639
7418.json,jon-bramnick,mostly-true,0,fixed_split_train_test,0,0.3649791546665548,0,0.4138004801167115
2777.json,michael-bloomberg,mostly-true,0,fixed_split_train_test,0,0.38051352819619827,0,0.3700466237238392
8853.json,rand-paul,false,1,fixed_split_train_test,1,0.5494687382716621,0,0.43840869422449047
7758.json,bill-richardson,mostly-true,0,fixed_split_train_test,0,0.46611635517658123,0,0.4511852920618906
11796.json,donald-trump,half-true,0,fixed_split_train_test,0,0.475137731234319,1,0.559111092686523
11573.json,hillary-clinton,half-true,0,fixed_split_train_test,0,0.32747894854541587,0,0.3004754713801621
9521.json,ted-cruz,half-true,0,fixed_split_train_test,0,0.44626164600215923,1,0.5098886809540468
10208.json,anna-kooiman,barely-true,1,fixed_split_train_test,1,0.5648312483232943,1,0.5219962238303192
5756.json,barack-obama,half-true,0,fixed_split_train_test,0,0.4701133617716408,0,0.35455811351886524
1569.json,george-will,mostly-true,0,fixed_split_train_test,0,0.398032287795063,0,0.4466004396461475
11805.json,virginia-center-public-safety,true,0,fixed_split_train_test,0,0.3631764619028578,0,0.35492212701424813
805.json,john-mccain,mostly-true,0,fixed_split_train_test,1,0.5166193058130366,0,0.4883520142692731
8030.json,tweets,barely-true,1,fixed_split_train_test,0,0.4187002207169772,0,0.38484896809689273
7678.json,clean-water-portland,false,1,fixed_split_train_test,0,0.3702875583526856,0,0.3711573598646487
139.json,tom-tancredo,mostly-true,0,fixed_split_train_test,0,0.3871824295442698,0,0.4645800457806372
7271.json,john-kitzhaber,true,0,fixed_split_train_test,0,0.34169150105040247,0,0.35584328218547756
11409.json,dave-brat,false,1,fixed_split_train_test,1,0.5017620147221704,0,0.4812737146400267
688.json,fred-thompson,false,1,fixed_split_train_test,0,0.41706506857356745,1,0.5036021328763792
3726.json,one-wisconsin-now,mostly-true,0,fixed_split_train_test,0,0.4773435887146569,0,0.39141042471046555
7461.json,arne-duncan,barely-true,1,fixed_split_train_test,0,0.4875546492734793,0,0.4163545644850401
5363.json,us-chamber-commerce,false,1,fixed_split_train_test,1,0.6494973909903696,1,0.630563910268864
9942.json,george-will,true,0,fixed_split_train_test,0,0.4663164017655821,0,0.43481488084056513
3575.json,scott-walker,true,0,fixed_split_train_test,1,0.5186515109588133,1,0.5104634183385969
2205.json,gen-peter-chiarelli,true,0,fixed_split_train_test,0,0.37291425559173036,0,0.42260705659488407
7552.json,jeff-mullis,mostly-true,0,fixed_split_train_test,0,0.3636789015841825,0,0.3734189208246769
7135.json,association-mature-american-citizens,pants-fire,1,fixed_split_train_test,1,0.5305122110977367,1,0.5824937942112668
384.json,votevetsorg,true,0,fixed_split_train_test,0,0.40958476702841795,0,0.4385132985482961
13007.json,sean-hannity,true,0,fixed_split_train_test,0,0.3859037140987098,0,0.43212441317817046
12994.json,hilary-rosen,mostly-true,0,fixed_split_train_test,1,0.5261694708559848,0,0.46535596457490946
3436.json,matt-gaetz,false,1,fixed_split_train_test,0,0.4692074672068277,0,0.4692786885275811
5810.json,citizens-transportation-mobility,mostly-true,0,fixed_split_train_test,0,0.30117849060134405,0,0.3516131358965097
6141.json,tommy-thompson,pants-fire,1,fixed_split_train_test,1,0.5710743421401507,1,0.5679627157814268
6.json,chris-dodd,half-true,0,fixed_split_train_test,0,0.4738930164735183,0,0.37901404316579707
9891.json,ted-cruz,half-true,0,fixed_split_train_test,0,0.48305265455872337,1,0.5331875262350759
1971.json,john-albers,false,1,fixed_split_train_test,0,0.4052864080353871,0,0.44507937207010195
7008.json,mitt-romney,mostly-true,0,fixed_split_train_test,0,0.36813709132674055,0,0.2996590583548025
8963.json,matt-bevin,pants-fire,1,fixed_split_train_test,0,0.43528464275645384,0,0.41517619090735336
13040.json,russ-feingold,half-true,0,fixed_split_train_test,0,0.39753214970466744,0,0.4514572793667775
8151.json,rand-paul,false,1,fixed_split_train_test,0,0.36282311960489705,0,0.35018532724234397
6236.json,eric-hovde,barely-true,1,fixed_split_train_test,0,0.3979012575857592,0,0.439819986713602
6974.json,tennessee-republican-party,false,1,fixed_split_train_test,1,0.5093825719951092,1,0.5602928084846414
6879.json,josh-mandel,barely-true,1,fixed_split_train_test,0,0.4916522534001976,1,0.5261329108402151
11639.json,jeb-bush,mostly-true,0,fixed_split_train_test,0,0.4727876364594262,0,0.4526443949400899
9343.json,dick-cheney,barely-true,1,fixed_split_train_test,0,0.4929060883943106,1,0.5485896236752826
422.json,hillary-clinton,half-true,0,fixed_split_train_test,0,0.3983382747170663,0,0.3129940309448848
1448.json,barack-obama,half-true,0,fixed_split_train_test,0,0.4586829396439477,0,0.32570234483721827
737.json,barack-obama,false,1,fixed_split_train_test,0,0.4250971325355764,0,0.40565032070566703
10516.json,dave-claunch,mostly-true,0,fixed_split_train_test,0,0.3979896175075479,0,0.34664779827250575
4750.json,allen-west,false,1,fixed_split_train_test,0,0.4583238766569299,1,0.5840314270486351
8604.json,chain-email,false,1,fixed_split_train_test,1,0.5547135674262461,1,0.7563797853855629
729.json,john-mccain,half-true,0,fixed_split_train_test,0,0.4453253404418602,0,0.4981103317861958
12702.json,mike-cernovich,pants-fire,1,fixed_split_train_test,0,0.46972661836867224,0,0.41085972346479593
8901.json,van-jones,true,0,fixed_split_train_test,1,0.5086992187611152,0,0.42499024995823587
11546.json,richard-paglia,half-true,0,fixed_split_train_test,0,0.4032202048881524,0,0.4286338377475797
1353.json,john-murtha,barely-true,1,fixed_split_train_test,0,0.4792344763676041,0,0.40874113218675545
5938.json,mark-neumann,false,1,fixed_split_train_test,0,0.4928358705543266,0,0.45615790248329136
12158.json,rick-scott,barely-true,1,fixed_split_train_test,0,0.37410851485485963,0,0.4358427828873069
656.json,joe-biden,mostly-true,0,fixed_split_train_test,0,0.4646094955152371,0,0.40120527975974135
10085.json,larry-pressler,false,1,fixed_split_train_test,0,0.4264882524883609,0,0.4113725253319363
5824.json,jennifer-carroll,false,1,fixed_split_train_test,0,0.4966851626825947,0,0.4387211477204031
5753.json,lisa-tomasso,true,0,fixed_split_train_test,0,0.3927546666341486,0,0.36315092662519777
5512.json,stephen-laffey,false,1,fixed_split_train_test,0,0.444723606804612,0,0.485795965991598
125.json,mitt-romney,mostly-true,0,fixed_split_train_test,0,0.42375861890123373,0,0.46635186136530893
6010.json,lenny-curry,half-true,0,fixed_split_train_test,0,0.42334624787256814,0,0.41323652790169474
727.json,john-mccain,mostly-true,0,fixed_split_train_test,0,0.4362582338955551,0,0.42793758891578493
42.json,rudy-giuliani,barely-true,1,fixed_split_train_test,0,0.40997077232752277,0,0.39982020677991725
8511.json,sid-covington,half-true,0,fixed_split_train_test,0,0.4860391744856576,0,0.46245540936360713
6262.json,democratic-congressional-campaign-committee,pants-fire,1,fixed_split_train_test,1,0.5546729432871264,1,0.572402357142658
9502.json,barack-obama,mostly-true,0,fixed_split_train_test,0,0.39817841712394275,0,0.2773529509921589
11351.json,jennifer-shilling,mostly-true,0,fixed_split_train_test,0,0.34731953042989927,0,0.3627567204300553
8558.json,kenneth-block,false,1,fixed_split_train_test,0,0.34446724655695093,0,0.41462227942429647
12084.json,donald-trump,true,0,fixed_split_train_test,0,0.46817456369194643,1,0.6426234646501644
568.json,barack-obama,true,0,fixed_split_train_test,0,0.47823018234113607,0,0.3287712553671156
7537.json,sean-duffy,half-true,0,fixed_split_train_test,0,0.3873254419461012,0,0.3949833697479322
9708.json,rick-perry,pants-fire,1,fixed_split_train_test,0,0.413913499994634,0,0.420346864104981
7524.json,jamie-radtke,half-true,0,fixed_split_train_test,0,0.447737506479913,0,0.4166529152710003
4537.json,rick-perry,mostly-true,0,fixed_split_train_test,0,0.2662200102549409,0,0.274471925680072
8549.json,city-austin,barely-true,1,fixed_split_train_test,0,0.43563051112664314,0,0.3850938619625407
11736.json,jeb-bush,half-true,0,fixed_split_train_test,0,0.4013208656149687,0,0.379253302850194
8062.json,barack-obama,half-true,0,fixed_split_train_test,0,0.34775192795411664,0,0.33347028641702564
3158.json,john-kitzhaber,mostly-true,0,fixed_split_train_test,0,0.3595890893632725,0,0.37476178253501685
10794.json,robert-hurt,false,1,fixed_split_train_test,0,0.47990484579185233,0,0.4882724633406113
12461.json,blog-posting,true,0,fixed_split_train_test,0,0.48089191533895226,1,0.6004514958864253
8609.json,kurt-schrader,half-true,0,fixed_split_train_test,1,0.5659232128240413,1,0.562575113201414
63.json,chris-dodd,mostly-true,0,fixed_split_train_test,0,0.36549619499109703,0,0.33773821529933323
6560.json,jeb-bush,true,0,fixed_split_train_test,0,0.3882944074367184,0,0.39546928109125745
3546.json,john-boehner,half-true,0,fixed_split_train_test,0,0.382312494483506,0,0.4237335909882612
3036.json,national-federation-independent-business-wiscons,false,1,fixed_split_train_test,0,0.4494871775622507,0,0.4559983071918314
11910.json,ben-carson,pants-fire,1,fixed_split_train_test,0,0.4614696914813332,1,0.5381427446901685
4101.json,marco-rubio,mostly-true,0,fixed_split_train_test,0,0.4249106684668114,0,0.4763131363046809
10175.json,scott-walker,mostly-true,0,fixed_split_train_test,0,0.41863989288140585,0,0.45769950446421986
4593.json,edd-houck,false,1,fixed_split_train_test,0,0.4791097403480791,0,0.4390824221669437
5985.json,anastasia-williams,false,1,fixed_split_train_test,0,0.48609557445192103,0,0.387064258877843
1881.json,thomas-melsheimer,barely-true,1,fixed_split_train_test,0,0.44482476002845056,0,0.44039146095224346
204.json,mitt-romney,false,1,fixed_split_train_test,0,0.4852902385890503,0,0.40275573437249634
10091.json,Rhode_Island_Catholic,true,0,fixed_split_train_test,0,0.49815430944870875,1,0.5173799410792733
1409.json,kay-bailey-hutchison,false,1,fixed_split_train_test,0,0.3958245122075952,0,0.419140641363353
2769.json,childrens-healthcare-atlanta,true,0,fixed_split_train_test,0,0.332478398561375,0,0.343293610222667
2600.json,betty-sutton,mostly-true,0,fixed_split_train_test,1,0.5042992086627275,0,0.47029704079678986
4822.json,rebecca-kleefisch,half-true,0,fixed_split_train_test,1,0.5040989354991049,0,0.49426597851392023
5536.json,stephen-sweeney,half-true,0,fixed_split_train_test,1,0.546946477582324,1,0.5101838671584934
2911.json,dennis-kucinich,false,1,fixed_split_train_test,0,0.43648710404531343,0,0.35333382082268955
12787.json,donald-trump,half-true,0,fixed_split_train_test,0,0.4843638955357648,1,0.6149287130465942
2442.json,delia-lopez,pants-fire,1,fixed_split_train_test,0,0.47882068210084483,1,0.5016390006415714
3489.json,greater-wisconsin-political-fund,barely-true,1,fixed_split_train_test,1,0.5036180830271175,0,0.490253810304405
12006.json,paul-ryan,false,1,fixed_split_train_test,0,0.44755873070647895,0,0.4053174004902547
9109.json,ed-schultz,barely-true,1,fixed_split_train_test,1,0.5484576848737186,1,0.5096885013596555
12661.json,cory-booker,mostly-true,0,fixed_split_train_test,0,0.43684220146550795,0,0.3225829908999204
6447.json,gail-collins,half-true,0,fixed_split_train_test,0,0.45442220206481077,0,0.4844716222544891
2983.json,sam-adams,true,0,fixed_split_train_test,0,0.395081387812464,0,0.30899621995288873
13467.json,political-insider,pants-fire,1,fixed_split_train_test,0,0.4253488706346468,0,0.4707416573948911
921.json,barack-obama,false,1,fixed_split_train_test,1,0.5123384010394755,0,0.420576886092723
9141.json,charles-krauthammer,barely-true,1,fixed_split_train_test,1,0.5028052000421396,1,0.5594216284607229
12648.json,freedom-partners-action-fund,barely-true,1,fixed_split_train_test,0,0.43458734612094596,0,0.38317254134228285
3674.json,troy-fraser,pants-fire,1,fixed_split_train_test,0,0.43952140277594,0,0.429235008281628
6577.json,scott-walker,half-true,0,fixed_split_train_test,0,0.36287750461732876,0,0.3664971474682182
8240.json,james-oneil,false,1,fixed_split_train_test,0,0.4775157763057948,0,0.44883290526404773
9405.json,rick-scott,mostly-true,0,fixed_split_train_test,0,0.35036479704021933,0,0.3712771385679053
1892.json,john-boehner,true,0,fixed_split_train_test,0,0.46943959661872353,0,0.49157171695996915
2754.json,john-boccieri,half-true,0,fixed_split_train_test,0,0.47480055115088043,0,0.46971197249124175
31.json,tommy-thompson,true,0,fixed_split_train_test,0,0.47556017267471923,0,0.4641316328330261
4711.json,lloyd-doggett,mostly-true,0,fixed_split_train_test,0,0.3795039388219753,0,0.34885206422291204
664.json,hillary-clinton,false,1,fixed_split_train_test,0,0.4567390165849952,0,0.32381641813222545
1199.json,national-right-life-committee,true,0,fixed_split_train_test,0,0.4996778822893376,1,0.5747976782876312
11865.json,adrian-garcia,barely-true,1,fixed_split_train_test,0,0.40634595862234135,0,0.4068703544552454
87.json,barack-obama,true,0,fixed_split_train_test,1,0.5863368113218081,0,0.432626792411588
9312.json,rick-santorum,mostly-true,0,fixed_split_train_test,0,0.3212597208760858,0,0.33722639648592206
10638.json,tyrone-brooks,half-true,0,fixed_split_train_test,0,0.48299304744399907,0,0.40599530919289406
3021.json,david-wyss,true,0,fixed_split_train_test,0,0.4666270263815665,0,0.39170156861532024
379.json,hillary-clinton,true,0,fixed_split_train_test,0,0.4422851067310096,0,0.341591050426537
5272.json,ron-paul,half-true,0,fixed_split_train_test,0,0.401857578749813,0,0.40520947843068833
683.json,rudy-giuliani,true,0,fixed_split_train_test,1,0.5272929427886891,1,0.5257474430623751
1781.json,linda-chavez-thompson,true,0,fixed_split_train_test,0,0.2937026452872802,0,0.3124547984889216
11687.json,jeb-bush,mostly-true,0,fixed_split_train_test,0,0.4504946804223636,0,0.44653237928040057
2975.json,kay-bailey-hutchison,half-true,0,fixed_split_train_test,0,0.39119936548909834,0,0.44895703258942804
771.json,sarah-palin,barely-true,1,fixed_split_train_test,0,0.46054320926607933,0,0.47561343515494037
3991.json,scott-walker,half-true,0,fixed_split_train_test,0,0.46606592897228016,0,0.42683956969735976
11923.json,hillary-clinton,half-true,0,fixed_split_train_test,0,0.48280150130818006,0,0.3449306150836631
10749.json,gwyneth-paltrow,barely-true,1,fixed_split_train_test,0,0.37860242104421105,0,0.3195685033677422
3946.json,doug-whitsett,half-true,0,fixed_split_train_test,0,0.43591656751307056,0,0.41983178065251037
7834.json,mark-pocan,true,0,fixed_split_train_test,0,0.4652171411375725,0,0.45971364943881726
6290.json,ohio-republican-party,half-true,0,fixed_split_train_test,0,0.44318154591347747,0,0.48466235897232124
1477.json,chain-email,false,1,fixed_split_train_test,1,0.5302007677848148,1,0.7952283676414535
10881.json,chris-taylor,mostly-true,0,fixed_split_train_test,0,0.48146894572747906,0,0.46555292663458503
4396.json,george-allen,mostly-true,0,fixed_split_train_test,0,0.3804183888299153,0,0.4287196065330957
6206.json,chris-christie,true,0,fixed_split_train_test,0,0.3843434014710183,0,0.40790115039127783
9970.json,jason-carter,true,0,fixed_split_train_test,0,0.3526232369919724,0,0.36970976236183184
4353.json,sherrod-brown,true,0,fixed_split_train_test,0,0.49664251849663643,0,0.4077042733660313
1394.json,texas-democratic-party,false,1,fixed_split_train_test,0,0.48908089688841555,0,0.49602180706692667
7695.json,johnny-isakson,true,0,fixed_split_train_test,0,0.3732449734483789,0,0.3578663590887615
4770.json,mitt-romney,barely-true,1,fixed_split_train_test,0,0.4837889641934608,0,0.4033507207885495
1052.json,john-mccain,true,0,fixed_split_train_test,1,0.5091573713826925,0,0.4934621861529485
5249.json,donald-mceachin,false,1,fixed_split_train_test,0,0.4958934052985098,0,0.4785351802557801
3700.json,stephen-ucci,false,1,fixed_split_train_test,0,0.47165654621041503,0,0.3583290337723687
8683.json,peter-orszag,true,0,fixed_split_train_test,0,0.4112972549779917,0,0.4027784145728169
12798.json,harry-reid,barely-true,1,fixed_split_train_test,1,0.510894535700949,1,0.5475774365824324
4838.json,george-lemieux,half-true,0,fixed_split_train_test,0,0.48928667035547835,0,0.49859378738314075
7680.json,dianne-feinstein,mostly-true,0,fixed_split_train_test,0,0.4619211753686448,0,0.4198789185960433
1999.json,charlie-crist,true,0,fixed_split_train_test,0,0.44239093829531373,0,0.41915458126246075
12873.json,viral-image,pants-fire,1,fixed_split_train_test,0,0.3422482078657979,1,0.5272573035848831
9683.json,peter-lavelle,pants-fire,1,fixed_split_train_test,0,0.4949071775517163,0,0.45224930704789945
6660.json,barack-obama,mostly-true,0,fixed_split_train_test,0,0.44536678138840324,0,0.3366272295393842
13527.json,reince-priebus,false,1,fixed_split_train_test,0,0.48745830084953895,1,0.5079903040325339
2626.json,edwin-pacheco,false,1,fixed_split_train_test,0,0.46103933985175877,0,0.4705824246086079
2814.json,john-kasich,half-true,0,fixed_split_train_test,0,0.4484379910958341,0,0.44417556246146844
7598.json,john-lewis,half-true,0,fixed_split_train_test,0,0.4804011945411698,0,0.4522139574552254
2746.json,matt-wand,barely-true,1,fixed_split_train_test,0,0.45203777470959217,0,0.4754678124061868
12448.json,donald-trump,barely-true,1,fixed_split_train_test,0,0.4305008352392214,1,0.5719865980676868
3232.json,matt-lundy,true,0,fixed_split_train_test,1,0.5322721616817295,0,0.46380408012735574
11226.json,jim-webb,mostly-true,0,fixed_split_train_test,0,0.41019699591743214,0,0.4265572986334712
487.json,hillary-clinton,barely-true,1,fixed_split_train_test,0,0.49600182984121927,0,0.38755904323084645
6858.json,dan-sebring,mostly-true,0,fixed_split_train_test,0,0.4367015088259526,0,0.4611399330882531
8701.json,state-democratic-party-wisconsin,false,1,fixed_split_train_test,1,0.5159589239805357,1,0.5391034308698666
10606.json,jeb-bush,barely-true,1,fixed_split_train_test,0,0.41272976461582656,0,0.3224127552995706
9016.json,tom-graves,half-true,0,fixed_split_train_test,0,0.26177424251938963,0,0.3170590632006865
2371.json,john-mccain,barely-true,1,fixed_split_train_test,0,0.4770545372888461,0,0.49237060943135497
12065.json,donald-trump,true,0,fixed_split_train_test,0,0.4245956944664154,1,0.6712558379006853
2362.json,barack-obama,mostly-true,0,fixed_split_train_test,0,0.4586587120173736,0,0.36857076995125604
2868.json,jim-doyle,false,1,fixed_split_train_test,0,0.48216816565588627,0,0.47329383010733445
13305.json,donald-trump,true,0,fixed_split_train_test,1,0.5057974402252775,1,0.6039466224014736
8503.json,jonathan-karl,true,0,fixed_split_train_test,0,0.4158422524603214,0,0.4088628662632667
2428.json,republican-governors-association,half-true,0,fixed_split_train_test,0,0.4958511488329055,0,0.426748692797367
636.json,barack-obama,true,0,fixed_split_train_test,0,0.45824618179226667,0,0.3314112011016224
5758.json,afscme,barely-true,1,fixed_split_train_test,1,0.5394808765645135,1,0.5107004460047182
2793.json,greg-abbott,mostly-true,0,fixed_split_train_test,0,0.4288838433465373,0,0.4070732622937074
9426.json,john-oliver,true,0,fixed_split_train_test,0,0.42078883027132413,0,0.3590597393786228
5898.json,george-lemieux,barely-true,1,fixed_split_train_test,1,0.5072448744232219,1,0.5127131023972987
11218.json,marco-rubio,mostly-true,0,fixed_split_train_test,0,0.3369525519616656,0,0.3922853685472505
12703.json,unicef,mostly-true,0,fixed_split_train_test,0,0.37478314121956,0,0.3924006891540792
5462.json,campaign-primary-accountability,false,1,fixed_split_train_test,1,0.5243976337779132,1,0.5123081486614933
1955.json,michael-j-gardiner,pants-fire,1,fixed_split_train_test,0,0.4625782807544887,0,0.4734277843955094
11647.json,george-will,mostly-true,0,fixed_split_train_test,0,0.3927832476296611,0,0.35876649490366963
11139.json,jeb-bush,mostly-true,0,fixed_split_train_test,0,0.4026818883629991,0,0.338208562181904
1648.json,barack-obama,mostly-true,0,fixed_split_train_test,0,0.487787407597619,0,0.42743331581102223
5371.json,rick-santorum,false,1,fixed_split_train_test,0,0.4568133169290827,1,0.5541842566698322
4425.json,john-kasich,barely-true,1,fixed_split_train_test,0,0.33071107213554185,0,0.28275967341780683
2498.json,bill-white,mostly-true,0,fixed_split_train_test,0,0.2715629588160292,0,0.2589362297513278
4131.json,brian-kemp,true,0,fixed_split_train_test,0,0.4315532828787798,0,0.449931826715145
2341.json,mark-neumann,mostly-true,0,fixed_split_train_test,1,0.5531724679318695,0,0.47282084006672015
5551.json,dennis-richardson,half-true,0,fixed_split_train_test,0,0.44002769020361476,0,0.3987021685800437
757.json,john-mccain,half-true,0,fixed_split_train_test,0,0.4785149647998399,0,0.4418406613433079
11519.json,tammy-baldwin,true,0,fixed_split_train_test,0,0.4332416453608791,0,0.35528835504994966
5785.json,chain-email,pants-fire,1,fixed_split_train_test,1,0.5420058948609128,1,0.8139595816847627
2284.json,glenn-beck,pants-fire,1,fixed_split_train_test,1,0.5540154949089581,0,0.4416458336178908
12650.json,donald-trump,barely-true,1,fixed_split_train_test,0,0.4297606497724525,1,0.7755161983546838
9480.json,erin-lynch,barely-true,1,fixed_split_train_test,1,0.5562937238493272,0,0.3788462635394566
643.json,joe-biden,half-true,0,fixed_split_train_test,0,0.38072883237048066,0,0.3115694939709189
11242.json,nicholas-kristof,true,0,fixed_split_train_test,0,0.23693621362823555,0,0.33528067740271034
7038.json,sherrod-brown,true,0,fixed_split_train_test,0,0.44448676622511435,0,0.37899505691683855
6772.json,Yes-on-79,pants-fire,1,fixed_split_train_test,0,0.4198751280966293,0,0.42677438738397805
7952.json,jeff-sessions,false,1,fixed_split_train_test,0,0.4481299854745785,1,0.5295773272827415
13134.json,hillary-clinton,half-true,0,fixed_split_train_test,1,0.5052719929121742,0,0.4253606845691327
2181.json,james-langevin,half-true,0,fixed_split_train_test,0,0.4238788361681181,0,0.3540909498715808
9629.json,john-kerry,mostly-true,0,fixed_split_train_test,0,0.43507273033298516,0,0.49454739727387476
3668.json,richard-saslaw,false,1,fixed_split_train_test,1,0.5501643834761895,0,0.4920309275854408
11327.json,marco-rubio,mostly-true,0,fixed_split_train_test,1,0.5223483544233133,1,0.5385098407292156
3818.json,adam-hasner,mostly-true,0,fixed_split_train_test,1,0.5033077862589225,0,0.4001371884127356
2218.json,todd-staples,half-true,0,fixed_split_train_test,0,0.4639704795708139,0,0.4681983669972716
11562.json,donald-trump,pants-fire,1,fixed_split_train_test,0,0.4666987183904607,1,0.6303171954644169
9622.json,mitch-mcconnell,true,0,fixed_split_train_test,0,0.3075464536789427,0,0.33450543122035625
9995.json,mary-burke,mostly-true,0,fixed_split_train_test,0,0.3745415086979915,0,0.4049435107253572
7344.json,paul-ryan,barely-true,1,fixed_split_train_test,0,0.3908510603918362,0,0.4017012208209201
5840.json,americans-prosperity,false,1,fixed_split_train_test,0,0.4194106707562644,1,0.5476833499631542
1576.json,americas-health-insurance-plans,true,0,fixed_split_train_test,0,0.40390847154350107,0,0.4257818351455222
13127.json,hillary-clinton,mostly-true,0,fixed_split_train_test,0,0.43183202574473745,0,0.350613391770961
12098.json,john-kasich,mostly-true,0,fixed_split_train_test,0,0.4731018036257175,0,0.44625016573604737
12272.json,hillary-clinton,mostly-true,0,fixed_split_train_test,0,0.45605350687490054,0,0.357641936997468
5993.json,conservative-voters-texas-pac,pants-fire,1,fixed_split_train_test,0,0.47259765981632634,0,0.42570392982860505
9285.json,laura-ingraham,false,1,fixed_split_train_test,1,0.5844101648527477,1,0.5246014409556968
7165.json,libertarian-party-georgia,half-true,0,fixed_split_train_test,0,0.34317031783437857,0,0.385211806991134
11025.json,maggie-hassan,false,1,fixed_split_train_test,0,0.4028045546995302,0,0.4145301651402522
7577.json,deborah-gist,mostly-true,0,fixed_split_train_test,0,0.3881497829365046,0,0.3970167036687742
2719.json,bill-white,barely-true,1,fixed_split_train_test,0,0.3304631350808824,0,0.3156000242609652
3631.json,kathleen-angelucci,barely-true,1,fixed_split_train_test,0,0.3762169027990897,0,0.353455627623622
7211.json,john-boehner,false,1,fixed_split_train_test,0,0.3946049453699478,0,0.418991201369441
1480.json,glenn-beck,barely-true,1,fixed_split_train_test,0,0.4238695701723896,0,0.4717440810968834
1512.json,marco-rubio,half-true,0,fixed_split_train_test,0,0.4747977195370314,0,0.44171257448618584
10517.json,nathan-deal,half-true,0,fixed_split_train_test,0,0.3135397721649361,0,0.2914736188097691
5723.json,allen-west,pants-fire,1,fixed_split_train_test,0,0.4728988441891874,1,0.545574617816397
7378.json,marco-rubio,half-true,0,fixed_split_train_test,0,0.4724434369989721,1,0.5092437397807104
531.json,john-mccain,mostly-true,0,fixed_split_train_test,0,0.39433677672193895,0,0.35950011535413895
474.json,barack-obama,barely-true,1,fixed_split_train_test,1,0.5398483027316164,0,0.39004570472285427
2250.json,rick-scott,false,1,fixed_split_train_test,1,0.5023176525670204,1,0.5229660275365878
126.json,joe-biden,mostly-true,0,fixed_split_train_test,0,0.4752731233778506,0,0.38446807248086623
10646.json,juda-engelmayer,pants-fire,1,fixed_split_train_test,0,0.3948442287310099,0,0.4389070161496695
1823.json,chris-matthews,true,0,fixed_split_train_test,0,0.37654921290891963,0,0.3848528757728117
9731.json,rick-scott,barely-true,1,fixed_split_train_test,0,0.3912268778247895,0,0.37669574245315457
9594.json,facebook-posts,pants-fire,1,fixed_split_train_test,1,0.5217613021425748,1,0.5911060189951839
12026.json,jim-kenney,half-true,0,fixed_split_train_test,0,0.4778109354448303,0,0.3950526748666483
5971.json,cory-booker,false,1,fixed_split_train_test,0,0.3793120732074387,0,0.33943261297395466
6857.json,mitt-romney,false,1,fixed_split_train_test,0,0.49164748666645147,0,0.45794232121532974
3112.json,mario-gallegos,half-true,0,fixed_split_train_test,0,0.4072723599963819,0,0.3757724499745975
11832.json,bob,pants-fire,1,fixed_split_train_test,1,0.5367788155089915,0,0.44452315414294213
2337.json,rick-scott,half-true,0,fixed_split_train_test,1,0.5244904272738313,0,0.4833446589180916
10853.json,hillary-clinton,false,1,fixed_split_train_test,0,0.4016528975677779,0,0.3214665217797211
9050.json,dan-pfeiffer,mostly-true,0,fixed_split_train_test,0,0.42444054188158503,0,0.3715039450382184
9427.json,robin-vos,mostly-true,0,fixed_split_train_test,0,0.47117377498109597,0,0.44362254274959334
2830.json,paul-krugman,half-true,0,fixed_split_train_test,0,0.45449394433215473,0,0.42410002841458727
9756.json,alison-lundergan-grimes,half-true,0,fixed_split_train_test,0,0.4071417735396623,0,0.4417050657807568
6532.json,barack-obama,mostly-true,0,fixed_split_train_test,1,0.5433992636091789,0,0.360020214037325
4805.json,kurt-schuller,false,1,fixed_split_train_test,1,0.5211660352554162,1,0.5310847538093812
3648.json,miguel-diaz-de-la-portilla,false,1,fixed_split_train_test,0,0.41592267133089605,0,0.42697832105384925
4994.json,newt-gingrich,half-true,0,fixed_split_train_test,1,0.5374060113561913,1,0.5384280666141485
4715.json,democratic-national-committee,half-true,0,fixed_split_train_test,0,0.44651013786097743,0,0.4110331062919093
526.json,john-mccain,barely-true,1,fixed_split_train_test,1,0.5246779435674469,1,0.6206941074031436
8673.json,pam-bondi,true,0,fixed_split_train_test,0,0.47200883939806515,0,0.36284587026659637
9273.json,brian-wilson,pants-fire,1,fixed_split_train_test,0,0.40204218617177984,0,0.3892013572725734
9973.json,emma-watson,half-true,0,fixed_split_train_test,0,0.4236823272177752,0,0.3894112692585044
3.json,bill-richardson,mostly-true,0,fixed_split_train_test,0,0.41766223757335846,0,0.3818558593965383
9197.json,jim-demint,false,1,fixed_split_train_test,0,0.43996489807815636,0,0.4583795825944628
9610.json,jack-kingston,false,1,fixed_split_train_test,0,0.3904141572887496,0,0.46912775541389723
1150.json,orrin-hatch,half-true,0,fixed_split_train_test,0,0.42107929890754164,0,0.3965238202964582
2087.json,dennis-kucinich,true,0,fixed_split_train_test,0,0.41543537443190354,0,0.34021426571805796
7051.json,betty-sutton,half-true,0,fixed_split_train_test,0,0.45128912476489497,1,0.5040796547192997
8035.json,robert-reich,false,1,fixed_split_train_test,0,0.4297806933253051,0,0.4194231049695386
1329.json,ed-rendell,barely-true,1,fixed_split_train_test,1,0.5245628257624437,1,0.5311696033850726
1574.json,americans-united-change,mostly-true,0,fixed_split_train_test,0,0.42029774388232755,0,0.4654927999390497
6745.json,mitt-romney,mostly-true,0,fixed_split_train_test,1,0.5863774698147856,0,0.4956698610348637
4289.json,sam-adams,half-true,0,fixed_split_train_test,0,0.3938391107553987,0,0.3640040933554878
4383.json,dennis-richardson,false,1,fixed_split_train_test,0,0.3439705354002855,0,0.4213147691961414
12089.json,katie-mcginty,mostly-true,0,fixed_split_train_test,0,0.4087468398267448,0,0.37816534744584024
12976.json,sean-hannity,false,1,fixed_split_train_test,0,0.47999194383721544,0,0.46552024642501455
5170.json,lou-greenwald,true,0,fixed_split_train_test,0,0.38944380318034955,0,0.3179772269556889
6976.json,george-allen,true,0,fixed_split_train_test,0,0.35998708496088616,0,0.3503725209292947
7838.json,chain-email,pants-fire,1,fixed_split_train_test,1,0.5250193107479363,1,0.7546641504357414
2643.json,scott-walker,false,1,fixed_split_train_test,0,0.4916158626814066,1,0.5124016179582382
1810.json,todd-staples,half-true,0,fixed_split_train_test,0,0.45675017790106137,0,0.4480327260608985
10097.json,Local-799-international-assoc-fire-fighters,pants-fire,1,fixed_split_train_test,1,0.5252978598951713,1,0.5594779824812699
13236.json,tim-kaine,barely-true,1,fixed_split_train_test,1,0.5026660221126223,0,0.3979655134780407
2568.json,doug-ainge,false,1,fixed_split_train_test,0,0.4244400342527945,0,0.47645229690111185
12833.json,dave-brat,false,1,fixed_split_train_test,0,0.43556203137696364,0,0.4647592974495018
1894.json,donna-brazile,half-true,0,fixed_split_train_test,0,0.42676702554104246,0,0.35908757396691293
7881.json,kirsten-gillibrand,mostly-true,0,fixed_split_train_test,0,0.40207862031681957,0,0.40280329050124636
5603.json,glenn-grothman,true,0,fixed_split_train_test,0,0.37989706220251857,0,0.38533706254310734
5759.json,anonymous-flier,false,1,fixed_split_train_test,0,0.35556375044732424,0,0.3849058086807691
6207.json,chris-christie,half-true,0,fixed_split_train_test,0,0.3492858779106473,0,0.30231995111087356
2149.json,kendrick-meek,false,1,fixed_split_train_test,0,0.47827734969595637,0,0.461774680049563
2445.json,mahmoud-ahmadinejad,false,1,fixed_split_train_test,0,0.3425842743646514,0,0.38151269127408816
5910.json,john-ludlow,half-true,0,fixed_split_train_test,0,0.3735767889006973,0,0.4093674095592235
2596.json,john-kitzhaber,half-true,0,fixed_split_train_test,1,0.5421057993580543,0,0.4534746745887635
10399.json,rand-paul,false,1,fixed_split_train_test,0,0.4218925795590557,0,0.3734784697247637
792.json,john-mccain,half-true,0,fixed_split_train_test,0,0.49716075439105145,0,0.45606860955612943
12929.json,julian-castro,true,0,fixed_split_train_test,0,0.30584396341300063,0,0.33520274857736465
12791.json,democratic-congressional-campaign-committee,barely-true,1,fixed_split_train_test,1,0.510718933633081,1,0.5943002230394974
9003.json,rick-scott,barely-true,1,fixed_split_train_test,0,0.3027847684277555,0,0.29463057174781704
3811.json,scott-fitzgerald,false,1,fixed_split_train_test,0,0.49359340347541775,0,0.48000894951631795
3399.json,morgan-griffith,false,1,fixed_split_train_test,0,0.4992703520505126,0,0.48346789412807695
11229.json,glen-sturtevant,true,0,fixed_split_train_test,0,0.3661787417078739,0,0.3966532134282636
3800.json,herman-cain,false,1,fixed_split_train_test,1,0.503067312553555,1,0.5255929127101266
10283.json,bernie-s,mostly-true,0,fixed_split_train_test,0,0.26213045902434273,0,0.2800970749686419
352.json,hillary-clinton,mostly-true,0,fixed_split_train_test,0,0.4246217467769247,0,0.30810146508705205
4134.json,alan-hays,false,1,fixed_split_train_test,1,0.5126328662433649,0,0.47891331692901923
5278.json,jim-jordan,half-true,0,fixed_split_train_test,0,0.4250604933857516,0,0.3855874753881228
2165.json,sam-olens,half-true,0,fixed_split_train_test,0,0.47508031256983513,0,0.4314178151938656
7448.json,kasim-reed,true,0,fixed_split_train_test,0,0.32565515967057107,0,0.2689079279249387
12987.json,jimmy-carter,true,0,fixed_split_train_test,0,0.4255592686720132,0,0.45234910793117694
5132.json,georgia-democrats,half-true,0,fixed_split_train_test,0,0.46314582730517684,0,0.4489773664526026
13329.json,kellyanne-conway,barely-true,1,fixed_split_train_test,0,0.49290964749399657,1,0.5507612896769254
4588.json,rick-perry,true,0,fixed_split_train_test,0,0.40832749149054753,1,0.5286127840545256
6455.json,warren-kampf,mostly-true,0,fixed_split_train_test,0,0.3234960010113121,0,0.37248837167102217
10282.json,jesse-ventura,pants-fire,1,fixed_split_train_test,0,0.4943477935832448,0,0.48162046825928045
211.json,john-mccain,true,0,fixed_split_train_test,0,0.47048911405814037,0,0.4268311180209919
7676.json,michael-chippendale,barely-true,1,fixed_split_train_test,0,0.38285917942729475,0,0.36940259453686525
1873.json,chain-email,false,1,fixed_split_train_test,0,0.44867573898454977,1,0.6687106825908969
2443.json,john-kasich,half-true,0,fixed_split_train_test,0,0.36058852211906,0,0.38604737390025884
3841.json,tim-pawlenty,half-true,0,fixed_split_train_test,0,0.37473693888417176,0,0.41273726419017054
12284.json,bernie-s,mostly-true,0,fixed_split_train_test,0,0.37399789254824206,0,0.3739744344044684
7197.json,john-kitzhaber,mostly-true,0,fixed_split_train_test,0,0.4834572057187911,0,0.4591492534320102
12858.json,barack-obama,half-true,0,fixed_split_train_test,1,0.5031558115863973,0,0.39350414166870706
2633.json,mark-kirk,half-true,0,fixed_split_train_test,0,0.48788857617498116,0,0.46118533039694426
6041.json,jack-latvala,half-true,0,fixed_split_train_test,0,0.3573751833614823,0,0.3766364102931656
3414.json,bernie-s,false,1,fixed_split_train_test,0,0.4191930163707117,0,0.4034205286398591
4323.json,thaddeus-mccotter,mostly-true,0,fixed_split_train_test,0,0.3768475271584495,0,0.29795862544052226
1679.json,robert-gates,half-true,0,fixed_split_train_test,1,0.513021355071189,0,0.4674798486241521
275.json,rudy-giuliani,barely-true,1,fixed_split_train_test,0,0.3663550003273712,0,0.4039565542038165
13208.json,jason-kander,mostly-true,0,fixed_split_train_test,1,0.5226101326142546,0,0.43280540397378964
5911.json,rob-portman,half-true,0,fixed_split_train_test,1,0.5659174317916325,1,0.5012283329527704
4277.json,reince-priebus,false,1,fixed_split_train_test,0,0.47671520443116755,0,0.47929237698536253
752.json,barack-obama,half-true,0,fixed_split_train_test,0,0.47739883162627594,0,0.36211129769454564
2601.json,kurt-schrader,false,1,fixed_split_train_test,0,0.46948889126901716,0,0.47062485367217116
1450.json,debra-medina,half-true,0,fixed_split_train_test,0,0.4877229390305513,0,0.45288290996580394
5653.json,andrew-napolitano,pants-fire,1,fixed_split_train_test,1,0.5418878564821725,1,0.5256224934750692
13046.json,yes-55,barely-true,1,fixed_split_train_test,0,0.48923732340901027,0,0.4497422549170086
3103.json,jamie-radtke,true,0,fixed_split_train_test,0,0.3721906748206367,0,0.34846724836659504
2894.json,glenn-beck,pants-fire,1,fixed_split_train_test,0,0.4686675358894965,0,0.4541886342797829
1012.json,nancy-pelosi,false,1,fixed_split_train_test,0,0.43017497136572225,0,0.43990223536401735
9112.json,facebook-posts,false,1,fixed_split_train_test,0,0.3823863060420789,1,0.5499046362992597
2945.json,jack-kingston,mostly-true,0,fixed_split_train_test,0,0.401090708944909,0,0.4161996178998468
9944.json,bob-goodlatte,true,0,fixed_split_train_test,0,0.42162793385757297,0,0.4236777373843178
6839.json,tammy-baldwin,barely-true,1,fixed_split_train_test,0,0.47144026896964475,1,0.5020678432770255
3673.json,chris-larson,barely-true,1,fixed_split_train_test,1,0.519240113216761,1,0.5960545057789433
13058.json,barack-obama,true,0,fixed_split_train_test,0,0.45685775851204546,0,0.34169951057528514
3941.json,rob-portman,half-true,0,fixed_split_train_test,0,0.4166739207036895,0,0.4126491964758187
10917.json,bobby-jindal,false,1,fixed_split_train_test,1,0.8082276301928023,1,0.6261734005046553
13155.json,russ-feingold,false,1,fixed_split_train_test,1,0.507825447163756,0,0.4765249930456147
9301.json,blog-posting,pants-fire,1,fixed_split_train_test,1,0.5186003382953104,1,0.7618644067415277
5486.json,silvestre-reyes,half-true,0,fixed_split_train_test,1,0.5516014581593066,0,0.49546721489523377
4579.json,american-crossroads,false,1,fixed_split_train_test,1,0.617460697011856,1,0.5378837289300251
10943.json,austin-scott,true,0,fixed_split_train_test,0,0.4045395061562239,0,0.4478096290087143
12728.json,rick-scott,false,1,fixed_split_train_test,0,0.4457054984911707,0,0.3970227842384623
92.json,mitt-romney,half-true,0,fixed_split_train_test,0,0.4520233015623415,0,0.38250959625564585
11230.json,bobby-jindal,half-true,0,fixed_split_train_test,1,0.619889231911939,1,0.5096922884315888
2720.json,american-federation-children,pants-fire,1,fixed_split_train_test,0,0.48330173114473013,1,0.5025615917058716
582.json,barack-obama,true,0,fixed_split_train_test,0,0.43259691961035246,0,0.34072994927843125
13227.json,donald-trump,false,1,fixed_split_train_test,1,0.5675481968150512,1,0.7886591972871136
12052.json,marco-rubio,true,0,fixed_split_train_test,0,0.3963082010302653,0,0.4179141682418965
1010.json,barack-obama,half-true,0,fixed_split_train_test,0,0.3955583642709677,0,0.282396249080109
1333.json,chain-email,true,0,fixed_split_train_test,0,0.4657789339343122,1,0.8080743565274585
2603.json,hank-gilbert,false,1,fixed_split_train_test,0,0.47137995874255073,0,0.4244562377412906
2731.json,barack-obama,mostly-true,0,fixed_split_train_test,0,0.450906670196118,0,0.37726159667034403
3434.json,rick-perry,mostly-true,0,fixed_split_train_test,0,0.35434093079678525,0,0.4105870520568037
788.json,john-mccain,mostly-true,0,fixed_split_train_test,0,0.43777663854523574,0,0.4541171006829699
1691.json,julian-assange,half-true,0,fixed_split_train_test,0,0.4503776502679483,0,0.44534670275489524
605.json,john-mccain,false,1,fixed_split_train_test,0,0.49793235092151045,1,0.5250608232458062
6195.json,dan-ramos,false,1,fixed_split_train_test,0,0.3995570867488346,0,0.3584684011119249
1350.json,mitch-mcconnell,true,0,fixed_split_train_test,1,0.5827644170146371,1,0.5522084101295426
7706.json,sheldon-whitehouse,half-true,0,fixed_split_train_test,0,0.4486221215549899,1,0.5171215951830441
12037.json,ron-johnson,half-true,0,fixed_split_train_test,0,0.49146638732735093,1,0.5489534946211944
8710.json,brett-smiley,mostly-true,0,fixed_split_train_test,0,0.3623930466528231,0,0.3328390432220194
960.json,chuck-grassley,half-true,0,fixed_split_train_test,0,0.4630602472185706,0,0.4881750954560628
10544.json,rudy-giuliani,false,1,fixed_split_train_test,1,0.5077470020609449,1,0.5317308328341468
4391.json,kinky-friedman,barely-true,1,fixed_split_train_test,1,0.5108235390318405,0,0.430595730832279
13186.json,tim-kaine,half-true,0,fixed_split_train_test,1,0.5071890980878418,0,0.3935126296224374
9692.json,ed-macdougall,barely-true,1,fixed_split_train_test,1,0.5454786083408336,1,0.5428937018063672
7401.json,peter-courtney,mostly-true,0,fixed_split_train_test,0,0.36544702076568114,0,0.39929767633633495
13405.json,mike-pence,half-true,0,fixed_split_train_test,0,0.3766065969186323,0,0.3485425346039228
230.json,hillary-clinton,true,0,fixed_split_train_test,0,0.49454598550096285,0,0.41700052310909763
3037.json,tim-kaine,half-true,0,fixed_split_train_test,0,0.396850116355785,0,0.36927868891316296
207.json,john-mccain,true,0,fixed_split_train_test,0,0.49235938178733024,0,0.46697571359622686
3608.json,mike-ford,false,1,fixed_split_train_test,0,0.4437146240427651,0,0.43257860940764287
3789.json,ameripac,barely-true,1,fixed_split_train_test,0,0.41615334951717664,0,0.4301720851583691
7775.json,ron-meyer,half-true,0,fixed_split_train_test,0,0.3554197223825434,0,0.39729181542423736
12160.json,viral-media-reports,barely-true,1,fixed_split_train_test,0,0.43260510220602855,0,0.44928591351057945
12870.json,america-rising-now,barely-true,1,fixed_split_train_test,0,0.44820697373190094,1,0.5043877420387579
10069.json,debbie-wasserman-schultz,false,1,fixed_split_train_test,0,0.4310419755718278,0,0.4106712782593335
3366.json,ward-armstrong,true,0,fixed_split_train_test,0,0.43460785374854444,1,0.5137566066200807
10806.json,john-taylor-2,true,0,fixed_split_train_test,0,0.393454332460575,0,0.3858593979051886
9681.json,bryan-fischer,pants-fire,1,fixed_split_train_test,0,0.4765839534353497,1,0.512910118009752
1015.json,newt-gingrich,barely-true,1,fixed_split_train_test,0,0.4750640390967332,1,0.5403032981703635
13486.json,rush-limbaugh,half-true,0,fixed_split_train_test,0,0.4875439906265391,1,0.6156225813893557
8798.json,bob-terry,false,1,fixed_split_train_test,0,0.3376160609200485,0,0.37407327163318504
2514.json,phil-gingrey,false,1,fixed_split_train_test,0,0.4328182675950014,0,0.4266017275966771
10633.json,glenn-beck,false,1,fixed_split_train_test,1,0.6115545456524055,1,0.5320547167830374
10883.json,rebecca-quigley,false,1,fixed_split_train_test,0,0.38770346829571983,0,0.3723900468692558
13213.json,kamala-harris,half-true,0,fixed_split_train_test,0,0.4815108839533436,0,0.4370224136009749
5698.json,barack-obama,half-true,0,fixed_split_train_test,0,0.3438807131681399,0,0.24214815828022856
11701.json,lamar-smith,false,1,fixed_split_train_test,0,0.4031833507551799,0,0.42375844708699295
2315.json,blanche-lincoln,barely-true,1,fixed_split_train_test,1,0.5207557217270141,1,0.5217651442561805
4626.json,no-casinos,mostly-true,0,fixed_split_train_test,0,0.3581075118130044,0,0.3344186008811266
11307.json,donald-trump,barely-true,1,fixed_split_train_test,0,0.46796800305648795,1,0.6666781779796197
11925.json,tim-mcginty,true,0,fixed_split_train_test,0,0.42202456644400194,0,0.3944920845695335
4259.json,richard-codey,true,0,fixed_split_train_test,0,0.46806969951680194,0,0.47399559470780583
5061.json,chris-christie,pants-fire,1,fixed_split_train_test,0,0.311568768040799,0,0.4061766571183988
4141.json,ann-marie-buerkle,half-true,0,fixed_split_train_test,0,0.4427241227430157,0,0.45092150762499517
4175.json,debbie-wasserman-schultz,half-true,0,fixed_split_train_test,0,0.446199486565764,0,0.4066398062275283
9462.json,florida-democratic-party,mostly-true,0,fixed_split_train_test,0,0.3813117862459793,0,0.4149503993575847
3987.json,democratic-congressional-campaign-committee,mostly-true,0,fixed_split_train_test,0,0.44771353160545047,1,0.5081978283465233
293.json,vietnam-veterans-against-john-mccain,pants-fire,1,fixed_split_train_test,1,0.5029879518253544,1,0.536263763783767
7728.json,chris-christie,mostly-true,0,fixed_split_train_test,0,0.33198604931225034,0,0.4026635434950955
2117.json,susana-martinez,half-true,0,fixed_split_train_test,1,0.5616370202076248,1,0.5182044421204666
4825.json,democratic-national-committee,half-true,0,fixed_split_train_test,0,0.44330269768323,0,0.4533745402217895
9516.json,greg-abbott,barely-true,1,fixed_split_train_test,1,0.5229911980384416,1,0.5722893040802514
12834.json,donald-trump,false,1,fixed_split_train_test,0,0.49563722228031126,1,0.7191181618486309
3980.json,piers-morgan,false,1,fixed_split_train_test,0,0.47272153435702013,0,0.49400031886914275
3231.json,herman-cain,half-true,0,fixed_split_train_test,0,0.3550976615355869,0,0.46037940888362977
386.json,john-mccain,mostly-true,0,fixed_split_train_test,1,0.5160121125409778,0,0.42000518034040096
11288.json,reid-ribble,half-true,0,fixed_split_train_test,1,0.5431859244777528,0,0.48389327680129957
660.json,mark-warner,half-true,0,fixed_split_train_test,0,0.4190430559733358,0,0.38441858679953383
1106.json,chain-email,true,0,fixed_split_train_test,1,0.5032397683580347,1,0.7770842634839426
2105.json,rick-perry,false,1,fixed_split_train_test,0,0.475470299178949,0,0.4649710604891359
446.json,focus-family-action,barely-true,1,fixed_split_train_test,0,0.4974458141622257,1,0.5179482639268012
10271.json,keisha-lance-bottoms,mostly-true,0,fixed_split_train_test,0,0.46033337466366964,0,0.42034936614156165
4866.json,republican-national-committee-republican,half-true,0,fixed_split_train_test,0,0.41132786965975704,0,0.3842934884483888
8419.json,ted-cruz,false,1,fixed_split_train_test,0,0.447085088912565,1,0.6513141324458558
3136.json,peter-kilmartin,half-true,0,fixed_split_train_test,0,0.4219027669652517,0,0.4681332898204386
12093.json,mark-herring,barely-true,1,fixed_split_train_test,0,0.4528746783419777,0,0.441852675055068
317.json,bill-clinton,true,0,fixed_split_train_test,0,0.3668356555690597,0,0.3180972769143526
6295.json,josh-mandel,pants-fire,1,fixed_split_train_test,1,0.5135961701075505,0,0.4461368641032981
6610.json,bob-buckhorn,mostly-true,0,fixed_split_train_test,0,0.3691478229889436,0,0.422013845447389
5597.json,susan-cole,true,0,fixed_split_train_test,0,0.37522356714465566,0,0.30180288229380386
1234.json,michael-moore,false,1,fixed_split_train_test,1,0.508277033667357,0,0.453229587165651
4995.json,jim-sensenbrenner,true,0,fixed_split_train_test,0,0.4327755900825963,0,0.4570851275028479
9095.json,facebook-posts,pants-fire,1,fixed_split_train_test,1,0.5134671473234875,1,0.5784024295010103
10451.json,john-boehner,half-true,0,fixed_split_train_test,0,0.4928609392179192,1,0.5810484990710735
4679.json,rick-perry,half-true,0,fixed_split_train_test,0,0.2865264421100848,0,0.31736065603642144
6011.json,caroline-casagrande,mostly-true,0,fixed_split_train_test,0,0.3490477629771918,0,0.3678072115364438
255.json,chris-dodd,mostly-true,0,fixed_split_train_test,0,0.4890860347477319,0,0.4513010042190156
3664.json,victoria-taft,false,1,fixed_split_train_test,0,0.4448895751334625,0,0.4382101531832497
11262.json,eric-bolling,false,1,fixed_split_train_test,0,0.32803918429792317,0,0.28098899201643895
9388.json,mike-collins,barely-true,1,fixed_split_train_test,0,0.4850789037742458,0,0.4369445940900611
12596.json,hillary-clinton,barely-true,1,fixed_split_train_test,0,0.4552374564773416,0,0.39077891937743026
8689.json,dennis-hastert,half-true,0,fixed_split_train_test,0,0.4825595998728668,0,0.4392269976466123
13420.json,hillary-clinton,true,0,fixed_split_train_test,0,0.4899026498155308,0,0.3997277252499087
11911.json,marco-rubio,barely-true,1,fixed_split_train_test,0,0.4301866056647683,0,0.3941519148485011
5450.json,ron-paul,half-true,0,fixed_split_train_test,0,0.4289635973621689,1,0.5231409192478399
2993.json,rick-perry,mostly-true,0,fixed_split_train_test,0,0.4762324451447326,1,0.5764797663098886
3740.json,tim-kaine,half-true,0,fixed_split_train_test,0,0.2871893119494388,0,0.23644940470914974
12720.json,chris-christie,half-true,0,fixed_split_train_test,1,0.508008109835534,0,0.46952730826490774
1653.json,democratic-national-committee,half-true,0,fixed_split_train_test,1,0.5389065571109743,0,0.46618543660746814
3731.json,barack-obama,true,0,fixed_split_train_test,0,0.4280076493481084,0,0.33552166419432683
8103.json,rick-kriseman,half-true,0,fixed_split_train_test,0,0.40809967031562894,0,0.3725833224124732
1439.json,democratic-national-committee,half-true,0,fixed_split_train_test,0,0.38985416041776616,0,0.33283256696609576
5779.json,michael-adams,half-true,0,fixed_split_train_test,0,0.3918314996244311,0,0.3208766173015984
10567.json,thomas-tobin,false,1,fixed_split_train_test,0,0.47003963391008363,1,0.5094906294239138
10111.json,rick-scott,false,1,fixed_split_train_test,0,0.35033741440021793,0,0.3622791301041673
11256.json,viral-image,mostly-true,0,fixed_split_train_test,0,0.4588648571875034,1,0.5703948174990573
10543.json,scott-walker,false,1,fixed_split_train_test,0,0.45406830518394337,0,0.46423147775279516
7904.json,scott-walker,barely-true,1,fixed_split_train_test,0,0.4780613025620843,0,0.4460872947207735
4709.json,allen-west,barely-true,1,fixed_split_train_test,1,0.5881763187295204,1,0.6364281940168367
8854.json,mary-burke,half-true,0,fixed_split_train_test,0,0.3281739798225277,0,0.3620875972676705
4116.json,john-boehner,false,1,fixed_split_train_test,0,0.4790137234293318,0,0.46342770343970274
5131.json,kriner-cash,mostly-true,0,fixed_split_train_test,0,0.39900045307753523,0,0.3318350432694659
11861.json,sarah-palin,false,1,fixed_split_train_test,1,0.5270734644744072,0,0.4045356001888913
9435.json,hillary-clinton,mostly-true,0,fixed_split_train_test,0,0.3862311181883469,0,0.35238380603656877
12805.json,joe-biden,mostly-true,0,fixed_split_train_test,0,0.4022577061735845,0,0.3022008421488674
9801.json,gina-raimondo,true,0,fixed_split_train_test,0,0.3282700376180417,0,0.37914275951247395
2195.json,rick-perry,false,1,fixed_split_train_test,0,0.4851549212515539,1,0.5091380682055873
11370.json,espn,mostly-true,0,fixed_split_train_test,0,0.4012729470883844,0,0.39984272005604565
9771.json,nextgen-climate,half-true,0,fixed_split_train_test,0,0.42764797368870666,0,0.43385649083789546
3676.json,adam-hasner,mostly-true,0,fixed_split_train_test,0,0.4931589453801399,0,0.46224791102172036
4615.json,tom-kean-jr,half-true,0,fixed_split_train_test,0,0.4211347208835426,0,0.4102963717527615
7742.json,metro,false,1,fixed_split_train_test,0,0.47312592116036384,0,0.39750471630034384
2394.json,republican-governors-association,half-true,0,fixed_split_train_test,1,0.5729323434567878,0,0.48191398786735534
817.json,republican-national-committee-republican,pants-fire,1,fixed_split_train_test,1,0.5561356164796415,1,0.5059896284400991
13051.json,paul-wolfowitz,barely-true,1,fixed_split_train_test,0,0.4982251930542793,0,0.4108388976431447
11345.json,tammy-baldwin,half-true,0,fixed_split_train_test,1,0.5304660532441002,0,0.47612027631636494
7387.json,marco-rubio,barely-true,1,fixed_split_train_test,0,0.4349864968566517,0,0.46013236778708033
4400.json,new-hampshire-democratic-party,half-true,0,fixed_split_train_test,0,0.4852337004172169,0,0.4645047580146754
3541.json,armond-budish,half-true,0,fixed_split_train_test,0,0.4014808868719063,0,0.39532699502876234
12187.json,rick-scotts-starbucks-heckler,half-true,0,fixed_split_train_test,1,0.5257747755483646,0,0.4905586734803893
7340.json,barack-obama,true,0,fixed_split_train_test,0,0.3945788437979115,0,0.27679090422746694
10355.json,hank-huckaby,true,0,fixed_split_train_test,0,0.32116667000406834,0,0.31683356141436625
10467.json,rick-perry,half-true,0,fixed_split_train_test,0,0.3258961170837206,0,0.36601352847675445
8089.json,oregon-catalyst,false,1,fixed_split_train_test,0,0.4603697157479377,0,0.3994700904685369
12526.json,larry-yarborough,mostly-true,0,fixed_split_train_test,0,0.4990201349610238,0,0.4328702667918632
10898.json,al-sharpton,barely-true,1,fixed_split_train_test,1,0.5302040387986102,1,0.5343200637598898
7541.json,chris-christie,half-true,0,fixed_split_train_test,0,0.4726429658451466,0,0.4157526876976344
7136.json,john-kitzhaber,barely-true,1,fixed_split_train_test,0,0.37794311237776784,0,0.3351988878817584
6325.json,michael-bloomberg,half-true,0,fixed_split_train_test,0,0.38388297111969116,0,0.3388376312750134
12855.json,richard-durbin,true,0,fixed_split_train_test,0,0.330217269229109,0,0.3436000875609018
10512.json,leonidas-raptakis,false,1,fixed_split_train_test,0,0.3516601467511724,0,0.3348777412719931
12336.json,colorado-health-institute,mostly-true,0,fixed_split_train_test,0,0.39161052806513247,0,0.4552626077475065
11726.json,dan-patrick,barely-true,1,fixed_split_train_test,0,0.28754612621756237,0,0.3124749413642716
3904.json,brian-deese,half-true,0,fixed_split_train_test,0,0.3269797579034827,0,0.3228532704423431
6774.json,national-rifle-association,mostly-true,0,fixed_split_train_test,0,0.49295422150897705,1,0.5333130442807955
1324.json,rachel-maddow,barely-true,1,fixed_split_train_test,1,0.5105928475519869,1,0.5132256254615858
6813.json,paul-ryan,barely-true,1,fixed_split_train_test,1,0.6732378314268821,1,0.5489698671665547
9737.json,dbanj,false,1,fixed_split_train_test,0,0.4278284017483842,0,0.47055617003004646
6366.json,scott-garrett,barely-true,1,fixed_split_train_test,0,0.4804853735841159,1,0.5732190959620334
9316.json,harry-reid,mostly-true,0,fixed_split_train_test,0,0.45959317478014844,1,0.5122385263227617
992.json,barack-obama,mostly-true,0,fixed_split_train_test,0,0.36623147316268506,0,0.30532576728569527
699.json,john-mccain,half-true,0,fixed_split_train_test,1,0.5380060719858486,0,0.43424783379981124
9033.json,rob-portman,true,0,fixed_split_train_test,0,0.3385158102312252,0,0.36141142983454394
5950.json,mitt-romney,true,0,fixed_split_train_test,0,0.4559189476326685,0,0.45089195384114655
10041.json,dan-patrick,half-true,0,fixed_split_train_test,0,0.474813570332431,0,0.49727429569832254
5528.json,paul-sadler,true,0,fixed_split_train_test,0,0.4675916067644818,0,0.44005956727063245
8414.json,rick-kriseman,false,1,fixed_split_train_test,1,0.527272680584681,1,0.5227170740651187
4189.json,national-republican-congressional-committee,false,1,fixed_split_train_test,0,0.4627718386983642,1,0.5564142143830559
9333.json,sean-hannity,half-true,0,fixed_split_train_test,0,0.4777732386019659,0,0.43561157981801174
9052.json,david-dewhurst,mostly-true,0,fixed_split_train_test,0,0.45154647937112075,0,0.4566138116351031
12478.json,sharron-angle,barely-true,1,fixed_split_train_test,0,0.4067787498983096,0,0.4656203781432287
1405.json,glenn-beck,barely-true,1,fixed_split_train_test,0,0.3798454876607075,0,0.4062061541368933
3235.json,barack-obama,false,1,fixed_split_train_test,0,0.4182117555263106,0,0.27154256301968127
1514.json,alex-sink,barely-true,1,fixed_split_train_test,0,0.4858029076846983,0,0.4521198920641298
6919.json,tim-kaine,barely-true,1,fixed_split_train_test,0,0.4375551498089106,0,0.3871075842138907
9774.json,republican-party-florida,false,1,fixed_split_train_test,1,0.5072535152503704,0,0.4163572480467196
5640.json,chain-email,barely-true,1,fixed_split_train_test,1,0.5302837415694676,1,0.7271078674681962
9444.json,mary-burke,barely-true,1,fixed_split_train_test,0,0.40461169142901876,0,0.37313129290359975
12449.json,kelly-ayotte,mostly-true,0,fixed_split_train_test,0,0.45124918658050434,0,0.41540774912299466
4432.json,dan-ramos,mostly-true,0,fixed_split_train_test,0,0.3916770288342522,0,0.4177414208181156
5749.json,greg-abbott,half-true,0,fixed_split_train_test,0,0.37863320631709635,0,0.43217277478294697
8192.json,rene-garcia,barely-true,1,fixed_split_train_test,0,0.46899470281806643,0,0.44860805253813185
7886.json,christine-whitman,mostly-true,0,fixed_split_train_test,0,0.4736153980994635,0,0.4328624135708746
9431.json,americans-safe-access,barely-true,1,fixed_split_train_test,0,0.4660648087578448,0,0.45668651625535583
7721.json,bob-goodlatte,half-true,0,fixed_split_train_test,0,0.36766403374199386,0,0.4482597070207232
2616.json,christine-odonnell,pants-fire,1,fixed_split_train_test,0,0.4335016685622275,0,0.4778356550629121
2122.json,americans-job-security,half-true,0,fixed_split_train_test,0,0.4989193088045035,0,0.47552541452613595
1280.json,charlie-crist,barely-true,1,fixed_split_train_test,0,0.34255114456112584,0,0.3479175991151356
2477.json,steve-southerland,false,1,fixed_split_train_test,0,0.33641133934679657,0,0.33723658992782185
6123.json,eric-hovde,false,1,fixed_split_train_test,0,0.3671302958950051,0,0.3737809510011978
7814.json,new-jersey-state-afl-cio,mostly-true,0,fixed_split_train_test,0,0.33074416966533365,0,0.3367871405307634
901.json,spencer-bachus,false,1,fixed_split_train_test,0,0.3580695721974213,0,0.3774405509653955
6720.json,rob-zerban,false,1,fixed_split_train_test,0,0.4108805463008147,0,0.4686863445607582
4628.json,hank-johnson,mostly-true,0,fixed_split_train_test,0,0.3707602988143286,0,0.3291300701523301
11303.json,jay-nixon,mostly-true,0,fixed_split_train_test,0,0.3637226292790061,0,0.3500690745511378
2986.json,talgo-inc,true,0,fixed_split_train_test,0,0.4809892668320753,0,0.48699839269419415
10783.json,representus,mostly-true,0,fixed_split_train_test,0,0.383497172972738,0,0.43705471079694486
13350.json,patrick-murphy,half-true,0,fixed_split_train_test,0,0.4507146135607869,0,0.47177005320787474
258.json,mitt-romney,true,0,fixed_split_train_test,0,0.40294656704001186,0,0.3994551691590569
1248.json,michael-moore,mostly-true,0,fixed_split_train_test,0,0.398737122318264,0,0.3697199125017117
10450.json,rand-paul,half-true,0,fixed_split_train_test,0,0.40198390710036086,0,0.3518917893718918
8758.json,barack-obama,half-true,0,fixed_split_train_test,0,0.38800572369920744,0,0.28556733460888295
4442.json,ron-paul,half-true,0,fixed_split_train_test,0,0.37756457171645574,0,0.470376523664392
7930.json,pete-gallego,true,0,fixed_split_train_test,0,0.4106154795232779,0,0.3729571925262269
12122.json,paul-ryan,mostly-true,0,fixed_split_train_test,0,0.4914199845686413,0,0.46035506303853607
6678.json,leonard-lance,true,0,fixed_split_train_test,0,0.4313465896767949,0,0.43940380664869594
9957.json,facebook-posts,pants-fire,1,fixed_split_train_test,0,0.40751494351213197,1,0.5055301343548358
7111.json,sam-adams,barely-true,1,fixed_split_train_test,0,0.41838578905856716,0,0.41972159764428535
9235.json,blog-posting,pants-fire,1,fixed_split_train_test,0,0.4791836134813818,1,0.7065061991508083
1243.json,barney-bishop,false,1,fixed_split_train_test,0,0.38646109576332555,0,0.45143426570285533
5693.json,kathleen-falk,false,1,fixed_split_train_test,1,0.5677426920761741,1,0.5321864183881228
2305.json,john-boehner,true,0,fixed_split_train_test,0,0.4674356781500255,1,0.5454521221984501
2040.json,george-will,barely-true,1,fixed_split_train_test,1,0.5081001373167411,0,0.46240344477868134
9192.json,progressive-choice,true,0,fixed_split_train_test,1,0.5171257989299678,0,0.4375639582422066
11375.json,glenn-hegar,true,0,fixed_split_train_test,0,0.35449828869413474,0,0.3930775966709352
9674.json,jeb-bush,mostly-true,0,fixed_split_train_test,0,0.395714892487164,0,0.39379924885962625
3369.json,sam-adams,half-true,0,fixed_split_train_test,0,0.4209313323856662,0,0.3935235288521622
8855.json,wendy-davis,mostly-true,0,fixed_split_train_test,0,0.4982005137449476,0,0.4581489907499933
1641.json,michele-bachmann,false,1,fixed_split_train_test,0,0.49333227502747456,1,0.6016239671117304
9080.json,greg-morris,true,0,fixed_split_train_test,0,0.43903514650279246,0,0.40066884573037953
4233.json,jennifer-granholm,mostly-true,0,fixed_split_train_test,0,0.35147892762582317,0,0.3607871972070612
12952.json,donald-trump,barely-true,1,fixed_split_train_test,0,0.4879210918044253,1,0.7590506816191909
2135.json,lincoln-chafee,false,1,fixed_split_train_test,0,0.4802347313094891,0,0.44493874141598366
7696.json,mark-pocan,barely-true,1,fixed_split_train_test,0,0.3774525055959282,0,0.46370162790476516
11751.json,barack-obama,mostly-true,0,fixed_split_train_test,0,0.31356656648054504,0,0.2855005437741605
2187.json,michael-bloomberg,false,1,fixed_split_train_test,0,0.3875206925025348,0,0.399673200294415
3196.json,rick-scott,false,1,fixed_split_train_test,1,0.5866964399410152,1,0.592780102329749
6263.json,ovide-lamontagne,half-true,0,fixed_split_train_test,0,0.3242342483286037,0,0.32601269294102136
2774.json,scott-walker,half-true,0,fixed_split_train_test,0,0.4986628609614136,0,0.417975200756795
6555.json,teresa-fedor,true,0,fixed_split_train_test,0,0.46419543696503235,0,0.41622889922516765
8961.json,david-brooks,half-true,0,fixed_split_train_test,0,0.4292478381649197,0,0.43091758067278635
8011.json,elliott-naishtat,true,0,fixed_split_train_test,0,0.4173118822021312,0,0.4030247970100544
1290.json,ginny-brown-waite,barely-true,1,fixed_split_train_test,1,0.5119075909831161,0,0.44736999615810646
9151.json,michael-mccaul,true,0,fixed_split_train_test,0,0.49803763445092275,0,0.4445796745440785
11625.json,greg-abbott,mostly-true,0,fixed_split_train_test,0,0.4032291172431273,0,0.35210650740059873
7426.json,bill-jackson,pants-fire,1,fixed_split_train_test,0,0.3751522758449613,0,0.3690296928840212
1462.json,kay-bailey-hutchison,mostly-true,0,fixed_split_train_test,0,0.4956178995435883,0,0.437263045688572
1777.json,john-cornyn,true,0,fixed_split_train_test,0,0.46811767758225165,0,0.4075104320969153
12982.json,reince-priebus,half-true,0,fixed_split_train_test,1,0.559290705293387,0,0.49353630795871356
6015.json,reince-priebus,false,1,fixed_split_train_test,1,0.5526540299450466,0,0.4593800495515069
12520.json,hillary-clinton,true,0,fixed_split_train_test,0,0.42835968894306214,0,0.3614958142866324
8944.json,lawrence-odonnell,mostly-true,0,fixed_split_train_test,1,0.524850086102491,0,0.4909203796130966
6035.json,eric-fehrnstrom,half-true,0,fixed_split_train_test,0,0.34944136110216983,0,0.3814442652801548
10309.json,michael-needham,mostly-true,0,fixed_split_train_test,0,0.44425322100978576,0,0.46632386433635453
7336.json,texas-federation-republican-women,barely-true,1,fixed_split_train_test,0,0.41669709562815377,0,0.3962265028457925
7726.json,ed-fitzgerald,false,1,fixed_split_train_test,0,0.4624799226419685,0,0.4578542253231127
12768.json,kirsten-gillibrand,mostly-true,0,fixed_split_train_test,0,0.4374204050274559,0,0.34863704349868846
12012.json,chris-koster,mostly-true,0,fixed_split_train_test,0,0.3929813184396479,0,0.4315464670668567
5710.json,joe-biden,false,1,fixed_split_train_test,0,0.3439599155611342,0,0.35905870621395886
376.json,barack-obama,half-true,0,fixed_split_train_test,1,0.5230667000373811,0,0.4024303577842059
4198.json,ohio-democratic-party,pants-fire,1,fixed_split_train_test,1,0.5272396204045934,0,0.4754303133694926
4901.json,florida-democratic-party,barely-true,1,fixed_split_train_test,0,0.469527243464603,0,0.45555633278924856
7806.json,leah-vukmir,false,1,fixed_split_train_test,0,0.45078808048304353,0,0.39878091688591644
12537.json,donald-trump,false,1,fixed_split_train_test,0,0.48796353130893855,1,0.67952685239042
3593.json,rick-scott,mostly-true,0,fixed_split_train_test,0,0.45181786963518006,0,0.3951685164506243
9779.json,occupy-democrats,pants-fire,1,fixed_split_train_test,0,0.48572623012935223,1,0.5746765223463567
8990.json,john-kerry,mostly-true,0,fixed_split_train_test,1,0.5304663362956387,0,0.48563508117059684
3979.json,george-allen,false,1,fixed_split_train_test,0,0.4288014493373066,0,0.44776381901812196
10897.json,rick-perry,true,0,fixed_split_train_test,0,0.3750745112963043,0,0.3801424556519266
4841.json,eileen-brady,mostly-true,0,fixed_split_train_test,0,0.4614427084715309,0,0.4980953581153612
2570.json,russ-feingold,half-true,0,fixed_split_train_test,0,0.44098178620271417,0,0.4565276144450499
4068.json,lisa-hamler-fugitt,mostly-true,0,fixed_split_train_test,0,0.30442696944849423,0,0.31930084544278364
12301.json,john-oliver,mostly-true,0,fixed_split_train_test,0,0.46343774908869245,0,0.39608756070033474
7236.json,rick-scott,half-true,0,fixed_split_train_test,0,0.31338290715621603,0,0.2714938386254961
6571.json,chris-christie,half-true,0,fixed_split_train_test,0,0.43513215716737674,0,0.45905928726953293
2640.json,chuck-riley,false,1,fixed_split_train_test,1,0.5009999663628519,0,0.49410078703876903
13512.json,blog-posting,pants-fire,1,fixed_split_train_test,0,0.45929642416214606,1,0.6215642691350262
166.json,mitt-romney,half-true,0,fixed_split_train_test,0,0.42542763970410213,0,0.3797896932301552
7329.json,mayors-against-illegal-guns,half-true,0,fixed_split_train_test,0,0.39806031644487627,0,0.28896828273167185
13385.json,donald-trump,mostly-true,0,fixed_split_train_test,1,0.5401110055874312,1,0.7531169125613978
7827.json,meals-wheels-rhode-island,barely-true,1,fixed_split_train_test,0,0.44221134956434854,0,0.4303000031374761
11670.json,american-action-network,barely-true,1,fixed_split_train_test,0,0.351561691722268,0,0.3874055710651462
13029.json,national-republican-senatorial-committee,barely-true,1,fixed_split_train_test,1,0.5632678515859938,1,0.5741406194933137
9937.json,jeanne-shaheen,mostly-true,0,fixed_split_train_test,0,0.45547371830718036,0,0.45223199177963525
2811.json,mark-warner,mostly-true,0,fixed_split_train_test,0,0.3327278788558788,0,0.31443362263389046
6333.json,chris-christie,false,1,fixed_split_train_test,0,0.3572372128455124,0,0.3112988543423512
5124.json,restore-our-future,pants-fire,1,fixed_split_train_test,1,0.6368927969074812,1,0.5886385028346586
66.json,john-edwards,true,0,fixed_split_train_test,0,0.34892080859014485,0,0.3044071101104814
5403.json,bruce-starr,mostly-true,0,fixed_split_train_test,0,0.4474647421734515,0,0.4364699928787407
9437.json,scott-walker,half-true,0,fixed_split_train_test,0,0.4886533297115176,0,0.4906306248056609
235.json,john-mccain,true,0,fixed_split_train_test,0,0.4032376190590214,0,0.41641707594541844
793.json,barack-obama,half-true,0,fixed_split_train_test,0,0.4652976121870278,0,0.3415652803080008
11080.json,rick-perry,barely-true,1,fixed_split_train_test,0,0.2648787006483323,0,0.27527613012444213
9489.json,scott-walker,false,1,fixed_split_train_test,0,0.4812056675796304,0,0.42212392651730773
1444.json,barack-obama,mostly-true,0,fixed_split_train_test,0,0.4514266645329381,0,0.29790966640308136
2484.json,alan-grayson,half-true,0,fixed_split_train_test,0,0.48066392419996445,0,0.4848866722970464
5836.json,mary-nolan,half-true,0,fixed_split_train_test,1,0.5420513527648931,0,0.4216416933747509
12.json,mike-huckabee,false,1,fixed_split_train_test,1,0.5259055419455244,1,0.5265696112614937
11588.json,viral-media-reports,false,1,fixed_split_train_test,0,0.4703715960368896,0,0.4575050551184458
6264.json,eric-cantor,barely-true,1,fixed_split_train_test,1,0.5630352899231087,1,0.5780494869725884
13324.json,donald-trump,mostly-true,0,fixed_split_train_test,0,0.4183485491086141,1,0.6038257159404817
5230.json,nathan-deal,true,0,fixed_split_train_test,0,0.38437505237087977,0,0.32866657373955305
8519.json,americans-prosperity,false,1,fixed_split_train_test,0,0.48210733918393445,1,0.532276201544153
6900.json,karen-huber,half-true,0,fixed_split_train_test,0,0.4937208716110127,0,0.4547984951422817
10524.json,lloyd-doggett,true,0,fixed_split_train_test,0,0.48212651321054745,0,0.47360968472070886
12599.json,thomas-perez,true,0,fixed_split_train_test,0,0.3540842197755259,0,0.3671446143671097
917.json,eric-cantor,false,1,fixed_split_train_test,0,0.37529625344044787,0,0.4269337013428936
8336.json,grover-fugate,true,0,fixed_split_train_test,0,0.42420582685877584,0,0.4595222524409053
6811.json,barack-obama,mostly-true,0,fixed_split_train_test,0,0.45571827054192965,0,0.33999300885454325
7084.json,dan-patrick,true,0,fixed_split_train_test,0,0.3295489322635234,0,0.3581303790851813
7900.json,john-nygren,half-true,0,fixed_split_train_test,0,0.4555677598942333,0,0.46813485038179586
9323.json,julian-castro,true,0,fixed_split_train_test,1,0.5415588561725072,0,0.4808476205473041
1460.json,bill-white,true,0,fixed_split_train_test,0,0.3041487562784129,0,0.22911047318122635
7607.json,john-kasich,pants-fire,1,fixed_split_train_test,0,0.4805709382525795,0,0.4011720797023265
1061.json,lynn-westmoreland,barely-true,1,fixed_split_train_test,0,0.4031980340185503,0,0.351690974861727
12321.json,pat-mccrory,true,0,fixed_split_train_test,0,0.35143389034111977,0,0.3691098339720989
6473.json,stephanie-cutter,true,0,fixed_split_train_test,0,0.43918213558060615,1,0.5803580352319557
12546.json,blog-posting,false,1,fixed_split_train_test,1,0.5495879952742073,1,0.7254566337348338
2877.json,scott-walker,false,1,fixed_split_train_test,0,0.47093163984096165,0,0.43434834609933737
9432.json,rachel-maddow,mostly-true,0,fixed_split_train_test,1,0.5078213010392058,0,0.4331496258336041
7145.json,john-kitzhaber,true,0,fixed_split_train_test,0,0.3662482449958936,0,0.3054327007394287
2760.json,sierra-club,barely-true,1,fixed_split_train_test,0,0.48614990273463327,1,0.5198523181831419
6945.json,crossroads-gps,barely-true,1,fixed_split_train_test,1,0.5480415249678123,1,0.5275310250420329
4899.json,newt-gingrich,false,1,fixed_split_train_test,0,0.4695987569604696,0,0.4887928640651332
10906.json,facebook-posts,pants-fire,1,fixed_split_train_test,0,0.4866182448104152,1,0.5165250101295356
3885.json,new-jersey-sierra-club,half-true,0,fixed_split_train_test,0,0.41922567889170664,0,0.3275617168726041
11150.json,centers-disease-control,true,0,fixed_split_train_test,0,0.4403563007845094,0,0.3857225281392129
6953.json,bill-nelson,half-true,0,fixed_split_train_test,0,0.41540325585482074,0,0.4047296606445371
5510.json,steve-rothman,mostly-true,0,fixed_split_train_test,0,0.3801650930818049,0,0.4081286240743205
3455.json,robin-wright,true,0,fixed_split_train_test,0,0.4597178493269993,0,0.4402081250006526
10061.json,rick-scott,half-true,0,fixed_split_train_test,0,0.4372691880099201,0,0.4085609284270285
9927.json,julie-pace,mostly-true,0,fixed_split_train_test,1,0.5039251876436919,0,0.4640294724375515
2316.json,charlie-crist,mostly-true,0,fixed_split_train_test,0,0.28070394689004274,0,0.3120928051417798
11276.json,ron-bergeron,mostly-true,0,fixed_split_train_test,0,0.45352404567535765,0,0.4169045997603322
1497.json,eve-schatelowitz-alcantar,false,1,fixed_split_train_test,0,0.4487081651926831,0,0.4346065061143144
4337.json,ron-kind,half-true,0,fixed_split_train_test,0,0.3899786745687524,0,0.4041900593154271
4543.json,bill-oreilly,barely-true,1,fixed_split_train_test,0,0.4438803332182923,1,0.5127942876629057
5091.json,jon-huntsman,false,1,fixed_split_train_test,1,0.5013186841999757,0,0.41732209635419
40.json,democratic-national-committee,true,0,fixed_split_train_test,0,0.40401467129783275,0,0.4077045265174587
2852.json,sherrod-brown,mostly-true,0,fixed_split_train_test,0,0.40738585851728415,0,0.30192637683964174
2506.json,scott-bruun,barely-true,1,fixed_split_train_test,1,0.5384713961990972,1,0.6385515753837403
4212.json,john-kasich,true,0,fixed_split_train_test,0,0.3836027469705531,0,0.3411249526423065
10474.json,greg-abbott,half-true,0,fixed_split_train_test,0,0.34153219923389366,0,0.4075235398438222
10117.json,rick-scott,half-true,0,fixed_split_train_test,0,0.43837555139986184,0,0.47195295378855895
7877.json,john-lewis,mostly-true,0,fixed_split_train_test,0,0.35278178065591165,0,0.3872766159265527
12051.json,ted-cruz,mostly-true,0,fixed_split_train_test,0,0.46077039425614197,1,0.5502464513484283
3957.json,national-republican-senatorial-committee,false,1,fixed_split_train_test,1,0.5628934506121714,1,0.5261703415044306
10893.json,jeb-bush,mostly-true,0,fixed_split_train_test,0,0.3011014214801732,0,0.3112298326179133
1623.json,charlie-crist,true,0,fixed_split_train_test,1,0.5385693879751741,0,0.45784614949435315
6428.json,salmon-all,half-true,0,fixed_split_train_test,0,0.47375665161011427,0,0.4514463130250118
4287.json,greater-wisconsin-political-fund,half-true,0,fixed_split_train_test,0,0.4668197258524935,0,0.47721685112889717
9793.json,ending-spending-action-fund,barely-true,1,fixed_split_train_test,0,0.4864336785375945,0,0.470636809187806
2910.json,donald-carcieri,mostly-true,0,fixed_split_train_test,0,0.4266820565463604,0,0.4010774916898294
4653.json,barack-obama,true,0,fixed_split_train_test,0,0.4352374123746055,0,0.30543867995625723
12279.json,robby-mook,mostly-true,0,fixed_split_train_test,0,0.46846621328101457,0,0.4732116529441894
6982.json,barack-obama,half-true,0,fixed_split_train_test,0,0.46845529707294076,0,0.35061698899495947
11802.json,bernie-s,mostly-true,0,fixed_split_train_test,1,0.5377759970666669,0,0.37221673359698926
4609.json,mitt-romney,false,1,fixed_split_train_test,0,0.4326873516033356,0,0.48296304350650415
8115.json,michelle-nunn,true,0,fixed_split_train_test,0,0.48808329157636093,0,0.4636406066217652
11296.json,viral-image,false,1,fixed_split_train_test,0,0.4847433449377151,1,0.5264659728591512
9093.json,rick-scott,barely-true,1,fixed_split_train_test,1,0.5345710032793122,1,0.5245601970630274
10799.json,anonymous-cyber-squatter,half-true,0,fixed_split_train_test,0,0.4873016065573998,0,0.45293125703889314
9383.json,dawson-hodgson,barely-true,1,fixed_split_train_test,0,0.42203973525377664,0,0.4425632199423601
12009.json,mitt-romney,false,1,fixed_split_train_test,0,0.4754607476222899,0,0.4508281876387726
7223.json,kenneth-block,mostly-true,0,fixed_split_train_test,0,0.38345939972618814,0,0.4030176462461669
11118.json,john-oliver,true,0,fixed_split_train_test,0,0.4431447084709883,0,0.4080713253934697
3381.json,rick-scott,mostly-true,0,fixed_split_train_test,0,0.4533120626886225,0,0.4277221501379207
7244.json,dawson-hodgson,false,1,fixed_split_train_test,0,0.3334284753654827,0,0.33930434618803335
2581.json,julie-lassa,barely-true,1,fixed_split_train_test,0,0.49755936195904865,0,0.47281388567663185
2958.json,city-beaverton,false,1,fixed_split_train_test,0,0.38321345665735423,0,0.3904662180510223
12179.json,blog-posting,pants-fire,1,fixed_split_train_test,0,0.49422803313036345,1,0.5664921792500245
11373.json,viral-image,barely-true,1,fixed_split_train_test,0,0.46335147701986096,1,0.5114831141056877
2114.json,georgia-politicians,barely-true,1,fixed_split_train_test,0,0.48956320322483843,0,0.4492356165770204
9588.json,david-perdue,half-true,0,fixed_split_train_test,0,0.46304957725606777,0,0.43457882654884583
3430.json,eric-cantor,half-true,0,fixed_split_train_test,0,0.329555052834816,0,0.38426201062788495
9364.json,angel-taveras,barely-true,1,fixed_split_train_test,0,0.349220540671189,0,0.33836971162940443
10695.json,rick-santorum,true,0,fixed_split_train_test,0,0.32411498287084184,0,0.36314823584461103
1158.json,anthony-weiner,barely-true,1,fixed_split_train_test,1,0.5469084704415972,1,0.520238967791248
5848.json,bill-johnson,false,1,fixed_split_train_test,0,0.48895359906955443,1,0.5164950188210621
10561.json,tom-graves,half-true,0,fixed_split_train_test,1,0.539927694607212,1,0.5065580177860822
512.json,barack-obama,true,0,fixed_split_train_test,0,0.36817582421123907,0,0.2730949688012224
5815.json,steve-rothman,barely-true,1,fixed_split_train_test,1,0.5377222856845578,1,0.623507165422333
12906.json,paul-manafort,half-true,0,fixed_split_train_test,0,0.47570877117101446,0,0.4411735671412814
7909.json,barry-bone,true,0,fixed_split_train_test,0,0.45169291721714266,0,0.39188778237284716
7044.json,voters-first-ohio,barely-true,1,fixed_split_train_test,1,0.506423066519728,0,0.45175347046417264
11284.json,jeb-bush,half-true,0,fixed_split_train_test,0,0.48071965370934033,0,0.4405027574449369
11761.json,ted-cruz,true,0,fixed_split_train_test,0,0.42003748576103644,1,0.5861858367178852
13291.json,catherine-cortez-masto,half-true,0,fixed_split_train_test,0,0.4938085945525528,1,0.5249684658874977
6933.json,mitt-romney,half-true,0,fixed_split_train_test,0,0.3371667787762962,0,0.2666449820157605
9916.json,pam-bondi,mostly-true,0,fixed_split_train_test,0,0.3448022759067155,0,0.3840008775337126
9248.json,alicia-menendez,true,0,fixed_split_train_test,0,0.33550248762437707,0,0.34294306496011806
544.json,joe-biden,barely-true,1,fixed_split_train_test,0,0.45606497057469947,0,0.3302621554077122
3679.json,john-kasich,false,1,fixed_split_train_test,0,0.396919046903011,0,0.374392855612955
11825.json,paul-saldana,half-true,0,fixed_split_train_test,0,0.353428717887248,0,0.3635208371191521
7420.json,josh-mandel,mostly-true,0,fixed_split_train_test,0,0.3783302942063132,0,0.44435050704493734
2723.json,ted-strickland,pants-fire,1,fixed_split_train_test,0,0.49669562215707685,0,0.4887109696855642
5530.json,johnny-isakson,barely-true,1,fixed_split_train_test,0,0.44441844970701133,0,0.4220353366193247
4617.json,michele-bachmann,half-true,0,fixed_split_train_test,0,0.3710810827074911,0,0.42995746936171647
4498.json,rush-holt,true,0,fixed_split_train_test,0,0.41301954846412664,0,0.40689023568868393
2994.json,boyd-richie,barely-true,1,fixed_split_train_test,0,0.4343358268586688,0,0.4714340816212729
1184.json,charles-boustany,barely-true,1,fixed_split_train_test,1,0.5048213273776269,1,0.537295004604516
11169.json,marco-rubio,mostly-true,0,fixed_split_train_test,0,0.42129534688350345,0,0.4859439091220713
8924.json,david-perdue,mostly-true,0,fixed_split_train_test,0,0.4312981721829592,0,0.4700458708056079
3194.json,chris-abele,false,1,fixed_split_train_test,0,0.42827057412645153,0,0.3954687964665336
985.json,rachel-maddow,false,1,fixed_split_train_test,1,0.5174283302948821,0,0.4762487139390876
7379.json,barack-obama,mostly-true,0,fixed_split_train_test,0,0.32241573740743945,0,0.25246465161849946
2926.json,ted-poe,barely-true,1,fixed_split_train_test,0,0.46812285160471184,0,0.46493999267793634
5283.json,phil-gingrey,half-true,0,fixed_split_train_test,0,0.42985510647703895,0,0.4609721268365233
4204.json,tom-leppert,false,1,fixed_split_train_test,0,0.44307886892193304,0,0.4325552624385218
7288.json,terry-mcauliffe,false,1,fixed_split_train_test,0,0.4716238095896897,1,0.5279084234640405
10223.json,russ-girling,false,1,fixed_split_train_test,0,0.4602336933249003,0,0.4348178327189673
4526.json,mike-mccabe,false,1,fixed_split_train_test,0,0.43925548035559986,0,0.4096228993327411
10493.json,ted-cruz,mostly-true,0,fixed_split_train_test,1,0.5311422080812936,1,0.6915579762933303
6812.json,americans-tax-reform,barely-true,1,fixed_split_train_test,0,0.4227932074364547,0,0.4888363631838203
13214.json,oxfam-america,mostly-true,0,fixed_split_train_test,0,0.33933728013348463,0,0.34395675677931226
12662.json,charles-ramsey,mostly-true,0,fixed_split_train_test,0,0.37766494383401467,0,0.36721939021681654
3933.json,rick-santorum,false,1,fixed_split_train_test,0,0.38222356091123333,0,0.4650038066716757
7268.json,scott-walker,mostly-true,0,fixed_split_train_test,0,0.30825596541829126,0,0.32175995377230376
2717.json,marco-rubio,half-true,0,fixed_split_train_test,0,0.3518653563885517,0,0.3573122551755629
2252.json,tim-kaine,half-true,0,fixed_split_train_test,0,0.4510444535546808,0,0.40217561222442844
3029.json,scott-walker,mostly-true,0,fixed_split_train_test,0,0.4447035526599166,1,0.506327310153311
3471.json,jeff-stone,half-true,0,fixed_split_train_test,1,0.5017288228178303,1,0.558241410951355
3710.json,nathan-deal,true,0,fixed_split_train_test,0,0.314342947869595,0,0.3821912032415866
1855.json,bill-white,mostly-true,0,fixed_split_train_test,0,0.4999771713437717,0,0.4703682940824041
7771.json,joee-lindbeck,half-true,0,fixed_split_train_test,0,0.40064647028172923,0,0.4050257301590362
13409.json,donald-trump,barely-true,1,fixed_split_train_test,0,0.3751570888307342,1,0.6728803560498596
5101.json,mitt-romney,half-true,0,fixed_split_train_test,0,0.402296649813989,0,0.39869017891211916
7356.json,sherrod-brown,true,0,fixed_split_train_test,0,0.4197534300105799,0,0.353276734283075
4568.json,new-jersey-democratic-state-committee,barely-true,1,fixed_split_train_test,0,0.43948123765894076,0,0.3757122838466558
2099.json,john-boehner,false,1,fixed_split_train_test,0,0.43068942618097417,0,0.46633479513793147
1849.json,john-oxendine,half-true,0,fixed_split_train_test,0,0.33649328176598636,0,0.3547855920754362
7790.json,john-depetro,pants-fire,1,fixed_split_train_test,0,0.4732554891977783,1,0.511716999993905
6320.json,barack-obama,mostly-true,0,fixed_split_train_test,1,0.5368378698041975,0,0.34328333081987217
3500.json,greater-wisconsin-political-fund,half-true,0,fixed_split_train_test,1,0.5557135301306276,1,0.5256206310386132
2460.json,steve-kagen,pants-fire,1,fixed_split_train_test,1,0.5482372356257431,1,0.6213244512463564
1948.json,john-faulk,false,1,fixed_split_train_test,0,0.4148352542670966,0,0.40923714535776645
10739.json,karl-rove,mostly-true,0,fixed_split_train_test,0,0.44332049477987623,0,0.423284170330785
13020.json,catherine-cortez-masto,mostly-true,0,fixed_split_train_test,1,0.5127299635898727,1,0.511197516937406
1119.json,barack-obama,false,1,fixed_split_train_test,0,0.38141644664742685,0,0.34258434570508123
13128.json,donald-trump,mostly-true,0,fixed_split_train_test,0,0.48315262230608735,1,0.7853144646764209
11050.json,generation-forward-pac,mostly-true,0,fixed_split_train_test,0,0.45325475224878636,1,0.5016985936013699
7195.json,lenny-curry,barely-true,1,fixed_split_train_test,1,0.5213802670387127,0,0.45215266365116996
13047.json,donald-trump,half-true,0,fixed_split_train_test,0,0.4202106294167339,1,0.7115052698494796
2560.json,future-pac-oregon-house-democrats,pants-fire,1,fixed_split_train_test,1,0.5268904905964407,0,0.47081788212726067
8463.json,chris-abele,false,1,fixed_split_train_test,0,0.4024045291008546,0,0.3602958294752604
3458.json,morgan-griffith,barely-true,1,fixed_split_train_test,0,0.4354840319162095,0,0.42117162305861283
8352.json,blog-posting,pants-fire,1,fixed_split_train_test,1,0.5186243124977995,1,0.6604643152786646
11847.json,national-republican-senatorial-committee,barely-true,1,fixed_split_train_test,0,0.492791391277923,1,0.5655900658653398
8170.json,eric-cantor,pants-fire,1,fixed_split_train_test,1,0.550906190047572,1,0.5672276918869258
10293.json,steve-adler,mostly-true,0,fixed_split_train_test,1,0.5244188127098282,1,0.5195939284139103
5314.json,kathleen-clyde,true,0,fixed_split_train_test,0,0.37962166789373747,0,0.37681144831351676
2625.json,jack-conway,mostly-true,0,fixed_split_train_test,1,0.5218110892560875,1,0.5236882655915371
12749.json,donald-trump,half-true,0,fixed_split_train_test,0,0.36468347115889044,1,0.5109141348862724
6905.json,paul-ryan,mostly-true,0,fixed_split_train_test,0,0.3564754883879018,0,0.31278683822495323
10672.json,sally-kohn,false,1,fixed_split_train_test,0,0.38733917360831993,0,0.4529368512221168
2217.json,rachel-maddow,half-true,0,fixed_split_train_test,0,0.4023060255271996,0,0.4439904086632507
10232.json,mitch-mcconnell,barely-true,1,fixed_split_train_test,0,0.4656791359456511,0,0.48698861779525265
7230.json,chris-christie,half-true,0,fixed_split_train_test,0,0.3514758263703132,0,0.374604857825082
4993.json,maciver-institute,barely-true,1,fixed_split_train_test,1,0.553010942125771,1,0.5477250705909824
794.json,barack-obama,half-true,0,fixed_split_train_test,1,0.5070059770189426,0,0.4024910443958641
12011.json,donald-trump,half-true,0,fixed_split_train_test,0,0.41609282501747635,1,0.6124655399032244
8946.json,rachel-maddow,true,0,fixed_split_train_test,0,0.4784701961916906,0,0.49377287225326016
3508.json,david-prosser,pants-fire,1,fixed_split_train_test,0,0.437411338671599,0,0.4821072601668269
3306.json,rob-woodall,half-true,0,fixed_split_train_test,0,0.28112428662151284,0,0.3190911065079365
1189.json,tom-price,mostly-true,0,fixed_split_train_test,0,0.4139755801682744,0,0.46220628123735596
9107.json,alison-lundergan-grimes,true,0,fixed_split_train_test,0,0.40770507394558547,0,0.49317503258493567
809.json,barack-obama,true,0,fixed_split_train_test,0,0.39148701987058926,0,0.2573787162352353
171.json,rudy-giuliani,false,1,fixed_split_train_test,1,0.5310886232651267,0,0.45461327598932
1739.json,kay-bailey-hutchison,half-true,0,fixed_split_train_test,1,0.5090434698877694,1,0.5719592323080466
9047.json,david-dewhurst,mostly-true,0,fixed_split_train_test,0,0.4543570820752003,0,0.4831075246466974
7685.json,linda-finn,half-true,0,fixed_split_train_test,0,0.49552513378846724,0,0.3757071572250272
13490.json,don-beyer,false,1,fixed_split_train_test,0,0.3245244612833237,0,0.38117967761061955
10962.json,sheldon-whitehouse,true,0,fixed_split_train_test,0,0.413978787773706,0,0.40783854649952156
7845.json,chris-christie,half-true,0,fixed_split_train_test,0,0.464360475549824,0,0.40526974164366436
10388.json,jonathan-turley,barely-true,1,fixed_split_train_test,1,0.5488209482803776,1,0.5134979801277786
180.json,bill-richardson,false,1,fixed_split_train_test,0,0.3596814298539995,0,0.3874818001146483
781.json,barack-obama,false,1,fixed_split_train_test,0,0.3600216273442346,0,0.3474472972964579
12627.json,hillary-clinton,true,0,fixed_split_train_test,0,0.4287771585877245,0,0.3201042088881727
2594.json,joe-manchin,true,0,fixed_split_train_test,1,0.5375868541419004,0,0.4844331935843379
7543.json,michele-bachmann,pants-fire,1,fixed_split_train_test,0,0.4878962502726372,1,0.542145624077374
7073.json,priorities-usa-action,barely-true,1,fixed_split_train_test,0,0.4454568374195479,0,0.4987527284234914
12195.json,mark-pocan,true,0,fixed_split_train_test,0,0.45938724834379485,0,0.4142363297641852
13190.json,mike-pence,barely-true,1,fixed_split_train_test,1,0.5764051614193597,0,0.48437942166837894
7447.json,greg-abbott,true,0,fixed_split_train_test,0,0.4652621688927578,0,0.44475931488525644
9472.json,oregon-department-agriculture,half-true,0,fixed_split_train_test,0,0.3677061289719387,0,0.4225534373337991
12368.json,donald-trump,barely-true,1,fixed_split_train_test,0,0.44586129037100064,1,0.6367429264691288
5788.json,frank-wolf,true,0,fixed_split_train_test,0,0.455188816254404,0,0.459820073818764
6665.json,barack-obama,half-true,0,fixed_split_train_test,0,0.45467472696310796,0,0.32231735969692155
10858.json,facebook-posts,pants-fire,1,fixed_split_train_test,0,0.48576619939549026,1,0.5244745355879095
3522.json,jason-haas,false,1,fixed_split_train_test,1,0.5137055505668983,0,0.47518485533435206
6469.json,americans-prosperity,false,1,fixed_split_train_test,1,0.524095059458326,1,0.520886752987076
13502.json,sean-duffy,barely-true,1,fixed_split_train_test,1,0.5306754505534584,0,0.42639492206508406
9834.json,edward-flynn,mostly-true,0,fixed_split_train_test,0,0.3946901077178827,0,0.3637237502471984
7991.json,phil-burress,half-true,0,fixed_split_train_test,0,0.47600507593188707,0,0.46975992618006557
7994.json,jonathan-stickland,barely-true,1,fixed_split_train_test,0,0.4131867286905689,0,0.4345400552157011
10846.json,scott-walker,false,1,fixed_split_train_test,0,0.49487949510449036,0,0.4255942043035831
8830.json,rick-scott,half-true,0,fixed_split_train_test,0,0.3024371508674754,0,0.2757285467647608
6033.json,bill-nelson,true,0,fixed_split_train_test,0,0.38908603862895236,0,0.3463823053830237
700.json,john-mccain,true,0,fixed_split_train_test,0,0.46289163557103485,0,0.4702844499118106
12214.json,bernie-s,mostly-true,0,fixed_split_train_test,0,0.3053859861661485,0,0.24881470753572754
11661.json,occupy-democrats,false,1,fixed_split_train_test,0,0.41604839199376636,0,0.45955093727853524
8986.json,barack-obama,mostly-true,0,fixed_split_train_test,0,0.3883102683619629,0,0.338088280623592
6922.json,lois-frankel,barely-true,1,fixed_split_train_test,0,0.42867590404722905,0,0.4438417645461732
2738.json,georgia-house-democratic-caucus-behalf-elena-paren,false,1,fixed_split_train_test,1,0.5403190803727268,0,0.47957959912257053
7416.json,david-plouffe,barely-true,1,fixed_split_train_test,1,0.541358183376426,1,0.5831140707129119
9101.json,barbara-boxer,half-true,0,fixed_split_train_test,0,0.405382878825027,0,0.41790376737808893
2494.json,mark-belling,pants-fire,1,fixed_split_train_test,0,0.48309495044192974,0,0.472515738674519
553.json,wesley-clark,false,1,fixed_split_train_test,0,0.46995769099573687,0,0.49466331457092155
574.json,campaign-money-watch,true,0,fixed_split_train_test,0,0.44441843455496044,0,0.44091978573158613
1262.json,glenn-beck,false,1,fixed_split_train_test,0,0.4639567431122707,1,0.5195008619694972
9900.json,mark-harris,mostly-true,0,fixed_split_train_test,0,0.41791351770915236,0,0.45028116723746564
1677.json,karen-sage,true,0,fixed_split_train_test,0,0.40368923072514157,0,0.3995191729077191
575.json,campaign-money-watch,barely-true,1,fixed_split_train_test,0,0.47762733078108915,1,0.5001648853991091
447.json,barack-obama,false,1,fixed_split_train_test,1,0.5217560968849365,0,0.383668800461646
13049.json,blog-posting,false,1,fixed_split_train_test,1,0.5082457221913524,1,0.7450619678585818
12168.json,your-choice-colorado,half-true,0,fixed_split_train_test,0,0.4575974831411663,0,0.4497084222290338
11308.json,hugh-hewitt,half-true,0,fixed_split_train_test,0,0.45271795459466957,0,0.42746207335616615
11212.json,matt-wuerker,mostly-true,0,fixed_split_train_test,0,0.44054988337906664,0,0.41299426120418997
3697.json,jim-renacci,mostly-true,0,fixed_split_train_test,0,0.3162435143893499,0,0.30877343855865863
12770.json,michelle-obama,true,0,fixed_split_train_test,0,0.4422817511449891,0,0.42803245231666504
11955.json,wisconsin-working-families-party,false,1,fixed_split_train_test,0,0.44191849936072986,0,0.43158554501853996
13423.json,donald-trump,false,1,fixed_split_train_test,0,0.4506995191047576,1,0.7238973231706732
3087.json,brian-moran,pants-fire,1,fixed_split_train_test,0,0.46129932338908214,0,0.4943352646763781
3046.json,jim-doyle,mostly-true,0,fixed_split_train_test,0,0.4809101901647283,1,0.5079863218649132
12203.json,tom-price,half-true,0,fixed_split_train_test,0,0.4398209948125315,0,0.45349031273147267
12734.json,mike-pence,barely-true,1,fixed_split_train_test,1,0.5017935088910063,0,0.4709124253578847
1515.json,americans-united-change,half-true,0,fixed_split_train_test,1,0.5845387941143495,1,0.5537097619828706
9553.json,ted-cruz,false,1,fixed_split_train_test,1,0.5319864410267141,1,0.6291161436121379
8557.json,jan-schakowsky,true,0,fixed_split_train_test,0,0.33924149852864327,0,0.3544894065356339
4194.json,tim-pawlenty,mostly-true,0,fixed_split_train_test,0,0.48181856592808986,1,0.5152245954174393
13487.json,james-quintero,barely-true,1,fixed_split_train_test,0,0.45451639092186846,0,0.4153335259901489
11184.json,facebook-posts,false,1,fixed_split_train_test,0,0.48163330321799386,1,0.5890652473558664
12221.json,ted-cruz,mostly-true,0,fixed_split_train_test,0,0.3854961330358984,1,0.5542155155319389
3460.json,john-kasich,half-true,0,fixed_split_train_test,0,0.46409978868725454,0,0.47731952160694746
7529.json,service-employees-international-union-committee-po,false,1,fixed_split_train_test,1,0.5200168281903274,1,0.5185047081746051
10717.json,rick-perry,half-true,0,fixed_split_train_test,1,0.5139678636147741,1,0.5017988099311005
4714.json,barack-obama,false,1,fixed_split_train_test,0,0.4145949171467089,0,0.3438940760017504
4017.json,newt-gingrich,mostly-true,0,fixed_split_train_test,0,0.4393981039829034,1,0.5378146223901169
9256.json,rush-limbaugh,false,1,fixed_split_train_test,0,0.4952895322786921,1,0.5190435171258627
6006.json,william-obrien,false,1,fixed_split_train_test,0,0.3945180616431403,0,0.4213269298531985
6197.json,sean-duffy,barely-true,1,fixed_split_train_test,1,0.5988752974770186,1,0.5661322474835077
1187.json,paul-hipp,mostly-true,0,fixed_split_train_test,0,0.42893546713497116,0,0.4224699233518103
8104.json,don-lemon,mostly-true,0,fixed_split_train_test,0,0.3271062364844984,0,0.385191694921033
1556.json,bill-white,true,0,fixed_split_train_test,0,0.33074060880815437,0,0.2862927204690969
7970.json,todd-young,false,1,fixed_split_train_test,0,0.3832165030028028,0,0.44584944371661633
12487.json,joyce-beatty,barely-true,1,fixed_split_train_test,0,0.3966934810067342,0,0.3881302340666862
1310.json,cw-bill-young,false,1,fixed_split_train_test,1,0.5221252330948268,0,0.4593834434192727
6163.json,shawn-lindsay,false,1,fixed_split_train_test,0,0.42080108103560127,0,0.36416650885032714
7819.json,alberta-darling,true,0,fixed_split_train_test,0,0.3464186432903164,0,0.37963931187176514
814.json,barack-obama,mostly-true,0,fixed_split_train_test,1,0.5106042406367106,0,0.3720980923010789
8486.json,suzanne-somers,true,0,fixed_split_train_test,1,0.5756556736891704,1,0.5756613050573993
12141.json,roy-blunt,barely-true,1,fixed_split_train_test,0,0.46331456817580835,1,0.5192849453801514
3257.json,dan-patrick,true,0,fixed_split_train_test,0,0.43313974463266885,0,0.4206219734231614
3330.json,rick-scott,barely-true,1,fixed_split_train_test,0,0.43890107503954584,0,0.46872040600176845
6436.json,eric-hovde,half-true,0,fixed_split_train_test,0,0.46545525755598766,0,0.4386902204685986
70.json,ron-paul,mostly-true,0,fixed_split_train_test,0,0.4508386096604466,0,0.45598943438596434
10140.json,john-carlevale,false,1,fixed_split_train_test,1,0.513587789981167,0,0.41640198519513566
1120.json,john-boehner,false,1,fixed_split_train_test,1,0.5993408189394858,1,0.578489613514816
8595.json,ken-cuccinelli,barely-true,1,fixed_split_train_test,1,0.5035919482565757,1,0.5218382350340841
4885.json,joe-biden,mostly-true,0,fixed_split_train_test,0,0.40109824394781896,0,0.3669633681086832
11917.json,john-mccain,true,0,fixed_split_train_test,1,0.5180243883595549,0,0.45616630567572986
10773.json,marco-rubio,half-true,0,fixed_split_train_test,0,0.48787934742860706,1,0.5674126801873028
4718.json,ann-lininger,false,1,fixed_split_train_test,0,0.4267104567245997,0,0.40667717995538133
6616.json,george-lemieux,true,0,fixed_split_train_test,1,0.5054662901720699,1,0.5176378732619868
3284.json,bill-posey,mostly-true,0,fixed_split_train_test,0,0.4017434225873962,0,0.44514189579634783
2290.json,barack-obama,barely-true,1,fixed_split_train_test,0,0.49369756815611204,0,0.3963623604983529
10978.json,don-beyer,true,0,fixed_split_train_test,0,0.3738955143088309,0,0.39873097666224167
8764.json,marilinda-garcia,mostly-true,0,fixed_split_train_test,0,0.3680368665533242,0,0.4386794072696165
2203.json,marco-rubio,mostly-true,0,fixed_split_train_test,0,0.4129622448986175,0,0.43465396591898453
7118.json,patricia-morgan,half-true,0,fixed_split_train_test,0,0.35764657009463824,0,0.36656562036841783
7164.json,john-kasich,true,0,fixed_split_train_test,0,0.40844920729171136,0,0.4093270896966619
4208.json,allen-west,false,1,fixed_split_train_test,0,0.34242891563290234,1,0.5218763597100083
714.json,sarah-palin,mostly-true,0,fixed_split_train_test,0,0.4792591149812376,0,0.46847324238292404
13437.json,maggie-hassan,barely-true,1,fixed_split_train_test,0,0.4126714079361921,0,0.4043976179932096
6401.json,american-bridge-21st-century,mostly-true,0,fixed_split_train_test,0,0.4371885024722606,0,0.45329061007164384
5251.json,blog-posting,mostly-true,0,fixed_split_train_test,0,0.3872483822184881,1,0.6435066842945025
378.json,hillary-clinton,half-true,0,fixed_split_train_test,1,0.5124724649211754,0,0.2845425728775001
5095.json,rick-perry,pants-fire,1,fixed_split_train_test,1,0.7837391770972159,1,0.6050453667034948
11000.json,jim-steineke,false,1,fixed_split_train_test,0,0.49983863574941156,0,0.4831634499918183
3741.json,sherrod-brown,barely-true,1,fixed_split_train_test,0,0.35983924682253765,0,0.33323508175673106
8979.json,mark-pryor,barely-true,1,fixed_split_train_test,0,0.49804240172324993,1,0.5174657707274554
3803.json,todd-staples,mostly-true,0,fixed_split_train_test,0,0.45549141328998394,0,0.4616230822731714
12087.json,hillary-clinton,barely-true,1,fixed_split_train_test,0,0.4691289971168127,0,0.37245194362185285
1712.json,tom-grady,false,1,fixed_split_train_test,0,0.46899620950820586,0,0.45948903929544543
1093.json,sarah-palin,false,1,fixed_split_train_test,1,0.9130713167108279,1,0.652284367478066
3027.json,gerry-connolly,half-true,0,fixed_split_train_test,0,0.3899225891251946,0,0.36818396417013166
4977.json,marish-agana,barely-true,1,fixed_split_train_test,0,0.46040314150141726,0,0.4153741678824943
4689.json,jeb-hensarling,false,1,fixed_split_train_test,0,0.3944123798574088,0,0.3883268774016843
9227.json,charlie-crist,barely-true,1,fixed_split_train_test,0,0.4199201508598337,0,0.425630454785912
12927.json,joaquin-castro,mostly-true,0,fixed_split_train_test,1,0.5341101975104136,1,0.5426645724144241
3997.json,martin-omalley,half-true,0,fixed_split_train_test,0,0.4318077777505834,0,0.42138559790054375
13000.json,bruce-rauner,barely-true,1,fixed_split_train_test,0,0.4502395683315833,0,0.3737200600518832
11704.json,greg-abbott,barely-true,1,fixed_split_train_test,0,0.4999669799796056,1,0.5455709205805983
11654.json,kevin-russell,mostly-true,0,fixed_split_train_test,0,0.4408431720597592,0,0.42328571657494
340.json,john-mccain,true,0,fixed_split_train_test,0,0.4208723760801349,0,0.3974048114956322
6485.json,barack-obama,half-true,0,fixed_split_train_test,0,0.4142740541250032,0,0.3753918981723759
9231.json,chain-email,false,1,fixed_split_train_test,0,0.36016411864479414,1,0.6501561088966545
10416.json,barack-obama,mostly-true,0,fixed_split_train_test,0,0.45520408389270073,0,0.3782539256581367
12924.json,gary-johnson,true,0,fixed_split_train_test,0,0.3720110718002651,0,0.3556170777371212
6816.json,american-future-fund,barely-true,1,fixed_split_train_test,0,0.48424305871182866,0,0.4888189802398498
13172.json,chris-koster,half-true,0,fixed_split_train_test,0,0.43419012746876867,0,0.3966114880942935
13484.json,blog-posting,pants-fire,1,fixed_split_train_test,0,0.40279578654919823,1,0.6372823769711039
10869.json,family-foundation,true,0,fixed_split_train_test,0,0.38760169934371264,0,0.46381108786689274
9823.json,senate-majority-pac,false,1,fixed_split_train_test,0,0.47289623436437256,1,0.5103210377583185
3738.json,newt-gingrich,false,1,fixed_split_train_test,0,0.4446179290690759,1,0.5149299294975056
8552.json,ellen-qualls,half-true,0,fixed_split_train_test,1,0.5372729852148982,1,0.6018673380789032
3044.json,allen-west,false,1,fixed_split_train_test,1,0.5576427697076995,1,0.5960289072307695
6121.json,chris-christie,barely-true,1,fixed_split_train_test,1,0.5475402244035202,0,0.49939367203974183
11261.json,scott-walker,mostly-true,0,fixed_split_train_test,0,0.4937776965253419,1,0.5099622632060354
12392.json,alan-grayson,barely-true,1,fixed_split_train_test,1,0.5140799728523823,0,0.49184940364009855
4522.json,josh-mandel,barely-true,1,fixed_split_train_test,1,0.514267038730939,1,0.5167185366295411
8285.json,bill-foster,barely-true,1,fixed_split_train_test,0,0.36269425876594363,0,0.3597957963799927
12244.json,hillary-clinton,true,0,fixed_split_train_test,1,0.5043001166980842,0,0.364637752895893
7667.json,national-rifle-association,barely-true,1,fixed_split_train_test,0,0.4505492069973356,0,0.49003227744686967
101.json,democratic-national-committee,barely-true,1,fixed_split_train_test,0,0.4260484006231301,0,0.4053462002798198
2775.json,eric-cantor,true,0,fixed_split_train_test,0,0.41116175746036626,0,0.4878358282725806
1909.json,barack-obama,half-true,0,fixed_split_train_test,0,0.4992796767107069,0,0.34092983719687303
13203.json,naral-pro-choice,false,1,fixed_split_train_test,0,0.4881222715504624,0,0.48998277077085356
8303.json,barbara-buono,half-true,0,fixed_split_train_test,0,0.377947435794672,0,0.32795680051739085
10466.json,barack-obama,barely-true,1,fixed_split_train_test,0,0.433262143196823,0,0.3401975248264069
9229.json,bob-cole,half-true,0,fixed_split_train_test,0,0.3884856706750526,0,0.41712941360411876
8498.json,gina-raimondo,mostly-true,0,fixed_split_train_test,0,0.4232755444447459,0,0.4104874835911507
11887.json,j-jacobs,true,0,fixed_split_train_test,0,0.4965855425268588,0,0.4181659786044994
11895.json,tom-wolf,barely-true,1,fixed_split_train_test,0,0.37292387447098035,0,0.41678147929595816
1385.json,farouk-shami,half-true,0,fixed_split_train_test,0,0.4656336968265501,0,0.46119285725594694
6097.json,stephen-simpson,mostly-true,0,fixed_split_train_test,0,0.48068575693219784,0,0.4959583533550001
1652.json,barack-obama,half-true,0,fixed_split_train_test,0,0.45741890965573895,0,0.41303972721252113
1950.json,vernon-jones,pants-fire,1,fixed_split_train_test,0,0.4763183293716587,0,0.47338967312172797
8685.json,kathleen-sebelius,true,0,fixed_split_train_test,0,0.2860961797996242,0,0.37734583670984145
9200.json,louie-gohmert,false,1,fixed_split_train_test,0,0.46927498547913304,0,0.461321467180326
2374.json,jim-sensenbrenner,false,1,fixed_split_train_test,1,0.5318641179592571,1,0.518971117585395
2533.json,republican-party-florida,half-true,0,fixed_split_train_test,1,0.5159423877994548,1,0.5185267433600645
5416.json,alan-bates,true,0,fixed_split_train_test,0,0.4057474020088791,0,0.4191077405248624
2557.json,allen-boyd,false,1,fixed_split_train_test,0,0.4960391290472381,0,0.4772640418905463
5087.json,mitt-romney,false,1,fixed_split_train_test,1,0.5447051181548275,0,0.4881211741445944
8960.json,mark-obenshain,mostly-true,0,fixed_split_train_test,0,0.33815215368123097,0,0.3437633072851059
3362.json,phyllis-schlafly,false,1,fixed_split_train_test,0,0.48381614249135757,0,0.3841395069242036
9844.json,david-dewhurst,false,1,fixed_split_train_test,0,0.49574404220741125,0,0.4370267149770455
9292.json,charlie-crist,half-true,0,fixed_split_train_test,0,0.4485452912851659,0,0.41519097618051826
6119.json,jim-demint,barely-true,1,fixed_split_train_test,1,0.538871200967546,1,0.5455663589517746
12371.json,ed-gillespie,true,0,fixed_split_train_test,0,0.4399049529071759,0,0.45857596060056216
7665.json,gabrielle-giffords,true,0,fixed_split_train_test,0,0.35548340418709434,0,0.33352024927700347
8576.json,city-austin,true,0,fixed_split_train_test,0,0.3117085608061963,0,0.3617429957674901
6637.json,jack-markell,false,1,fixed_split_train_test,0,0.4366876957491095,0,0.49603391803900787
9096.json,john-mccallum,mostly-true,0,fixed_split_train_test,0,0.33631665134912114,0,0.30876230302981106
7698.json,randy-forbes,true,0,fixed_split_train_test,0,0.4254952509745942,0,0.3780712928274118
10547.json,associated-press,true,0,fixed_split_train_test,0,0.3754573212684034,0,0.38949856376052444
187.json,hillary-clinton,half-true,0,fixed_split_train_test,0,0.39284974501950165,0,0.24088246119801862
2470.json,allen-west,pants-fire,1,fixed_split_train_test,0,0.42252073018233943,1,0.5605567957447635
6045.json,chain-email,pants-fire,1,fixed_split_train_test,1,0.522286794988995,1,0.6681912182193619
339.json,hillary-clinton,true,0,fixed_split_train_test,0,0.4419282004886784,0,0.38959292295261383
11004.json,hillary-clinton,true,0,fixed_split_train_test,0,0.3500064687158877,0,0.3438157450762079
11337.json,martin-omalley,mostly-true,0,fixed_split_train_test,1,0.5085737925913001,0,0.46389858300583514
4250.json,alberta-darling,pants-fire,1,fixed_split_train_test,1,0.5369717460753114,0,0.4599970820756089
631.json,jerome-corsi,pants-fire,1,fixed_split_train_test,1,0.5287372133618747,1,0.5289992438765094
9351.json,charles-van-zant,pants-fire,1,fixed_split_train_test,0,0.41876066550993796,0,0.4565855984691564
5746.json,clarence-thomas,true,0,fixed_split_train_test,0,0.4617780004826289,0,0.43801887284206326
4136.json,kris-jordan,half-true,0,fixed_split_train_test,0,0.3977876209274397,0,0.3851357646678584
1681.json,paul-ryan,barely-true,1,fixed_split_train_test,0,0.35188227354018153,0,0.38553486939462955
5074.json,john-kasich,mostly-true,0,fixed_split_train_test,0,0.2888928730503892,0,0.3711588230835303
4195.json,rick-santorum,barely-true,1,fixed_split_train_test,0,0.36069330693312446,0,0.39225686574590796
3931.json,adam-hasner,barely-true,1,fixed_split_train_test,0,0.46249810446233597,0,0.40135489131729246
4883.json,matt-mackowiak,true,0,fixed_split_train_test,0,0.45073529579748595,0,0.45643129381695297
6795.json,bill-clinton,barely-true,1,fixed_split_train_test,0,0.46325654241939374,0,0.42923216548630166
9818.json,michelle-nunn,barely-true,1,fixed_split_train_test,1,0.5170423662715536,0,0.4386690104836379
8573.json,tom-cotton,half-true,0,fixed_split_train_test,1,0.6378250408320361,1,0.6649670511646726
13184.json,mike-pence,mostly-true,0,fixed_split_train_test,1,0.5259855588701142,0,0.4890938205039557
11559.json,rand-paul,mostly-true,0,fixed_split_train_test,1,0.5268170932702009,0,0.4498428799418074
9241.json,don-balfour,true,0,fixed_split_train_test,1,0.5062305071989665,0,0.44114074397054226
8902.json,hugh-fitzsimons,mostly-true,0,fixed_split_train_test,0,0.4639316209563891,0,0.43736258331197836
12511.json,donald-trump,false,1,fixed_split_train_test,1,0.5914547576587247,1,0.7502036340149282
7285.json,barbara-buono,pants-fire,1,fixed_split_train_test,0,0.4893429012143378,1,0.501130376382783
1005.json,chain-email,pants-fire,1,fixed_split_train_test,1,0.5127292986755184,1,0.8756928982270135
609.json,barack-obama,half-true,0,fixed_split_train_test,0,0.16001228297813277,0,0.33766181596576395
9436.json,hillary-clinton,barely-true,1,fixed_split_train_test,0,0.498770214130388,0,0.3754802561367637
5671.json,rick-santorum,false,1,fixed_split_train_test,0,0.4139381981495979,0,0.4380456397066711
6699.json,menendez-facts,pants-fire,1,fixed_split_train_test,0,0.4834195466709371,0,0.4499850888080691
7334.json,rick-scott,half-true,0,fixed_split_train_test,0,0.3717284058728076,0,0.3334766130951274
9788.json,jay-nixon,barely-true,1,fixed_split_train_test,0,0.42092293241859335,0,0.4121589768719381
10710.json,mackubin-thomas-owens,barely-true,1,fixed_split_train_test,1,0.5304171581489415,0,0.47634035782099526
3186.json,john-kasich,barely-true,1,fixed_split_train_test,0,0.4699906433569322,0,0.45153087817897825
6743.json,john-burzichelli,false,1,fixed_split_train_test,0,0.4283152153307425,0,0.4772121602423457
