id,speaker,label,is_low_truth,setting,text_only_pred,text_only_score,text_plus_graph_pred,text_plus_graph_score
11972.json,rick-perry,true,0,fixed_split_train_test,1,0.5384948989742713,1,0.5871169180482592
11685.json,katrina-shankland,false,1,fixed_split_train_test,0,0.46831307930289245,0,0.42330972125391275
11096.json,donald-trump,false,1,fixed_split_train_test,1,0.6002108528951229,1,0.837772710256301
5209.json,rob-cornilles,half-true,0,fixed_split_train_test,1,0.5586536395902779,1,0.6453317417164532
9524.json,state-democratic-party-wisconsin,pants-fire,1,fixed_split_train_test,1,0.5585384023392257,1,0.6425796384018776
5962.json,brendan-doherty,true,0,fixed_split_train_test,0,0.42154951502690374,0,0.40807200358302576
7070.json,stand-children-tennessee,true,0,fixed_split_train_test,0,0.4496620376333274,0,0.3271040240161766
1046.json,john-boehner,barely-true,1,fixed_split_train_test,1,0.6026136916149408,1,0.5929138390825079
12849.json,sean-patrick-maloney,true,0,fixed_split_train_test,1,0.5370442415681737,0,0.40093589342420216
13270.json,mike-pence,barely-true,1,fixed_split_train_test,0,0.3996511561946427,0,0.44795050847685014
6649.json,mike-berlon,barely-true,1,fixed_split_train_test,0,0.4663573184006703,0,0.4107843243296903
2508.json,bill-flores,barely-true,1,fixed_split_train_test,1,0.6591437221065465,1,0.7140848105470716
11269.json,viral-image,pants-fire,1,fixed_split_train_test,1,0.6523171954263973,1,0.7208235324665924
11200.json,facebook-posts,false,1,fixed_split_train_test,1,0.5127409916285016,1,0.6046456894213125
8047.json,chris-abele,half-true,0,fixed_split_train_test,1,0.5772962757858836,1,0.6282792250992869
4888.json,rick-santorum,true,0,fixed_split_train_test,0,0.42475615112216475,0,0.4894467099327621
3331.json,tom-niehaus,pants-fire,1,fixed_split_train_test,1,0.6281737612387739,1,0.692037583763328
9198.json,marsha-blackburn,half-true,0,fixed_split_train_test,0,0.3959710537456512,0,0.2918825534928107
73.json,hillary-clinton,true,0,fixed_split_train_test,0,0.3640720659081618,0,0.2994001106285071
1328.json,sarah-palin,false,1,fixed_split_train_test,0,0.4908823254593511,1,0.5867173118606346
12169.json,chris-sgro,mostly-true,0,fixed_split_train_test,0,0.45822387314434,0,0.4716597953140227
5244.json,marco-rubio,half-true,0,fixed_split_train_test,1,0.541100710325586,1,0.5125021427759224
12996.json,donald-trump,pants-fire,1,fixed_split_train_test,0,0.307031408664204,0,0.46136129479091886
8162.json,marijuana-policy-project,mostly-true,0,fixed_split_train_test,0,0.3946582695315581,0,0.4126130294933676
10064.json,republican-party-florida,false,1,fixed_split_train_test,1,0.6474659593498739,1,0.5343995821096524
1084.json,lindsey-graham,true,0,fixed_split_train_test,1,0.5063063525384941,0,0.32136736572884134
13231.json,hillary-clinton,barely-true,1,fixed_split_train_test,1,0.6321322094751479,0,0.47605766572407215
13089.json,republican-national-committee-republican,half-true,0,fixed_split_train_test,0,0.45041318004041075,1,0.5079711259865802
1051.json,mike-pence,true,0,fixed_split_train_test,1,0.5779486929077382,0,0.4923333383110044
4161.json,cliff-stearns,mostly-true,0,fixed_split_train_test,0,0.34302712680398606,0,0.323140073419712
11966.json,cory-gardner,false,1,fixed_split_train_test,0,0.4126200285806305,0,0.3331940119369906
9800.json,sarah-palin,false,1,fixed_split_train_test,1,0.5023508430108444,0,0.4913813927660094
816.json,barack-obama,half-true,0,fixed_split_train_test,0,0.47027098389095906,0,0.3497626398431715
2646.json,democratic-congressional-campaign-committee,half-true,0,fixed_split_train_test,1,0.5459213290265522,1,0.7158414291445838
12381.json,mamie-locke,true,0,fixed_split_train_test,0,0.46129432670777953,0,0.2821900820029805
8567.json,herman-cain,half-true,0,fixed_split_train_test,1,0.6268019937548305,1,0.709088409687446
9092.json,rick-scott,barely-true,1,fixed_split_train_test,1,0.5536135772878382,1,0.6169965771436517
10055.json,jeanne-shaheen,mostly-true,0,fixed_split_train_test,1,0.5265074364673467,1,0.6248595984942756
4513.json,dennis-kucinich,true,0,fixed_split_train_test,0,0.36787581190496,0,0.2164760907482513
10340.json,kevin-brady,true,0,fixed_split_train_test,0,0.4023324031832007,0,0.3015381140207752
6849.json,mitt-romney,barely-true,1,fixed_split_train_test,1,0.6236468886739149,0,0.48481266550705115
10971.json,doonesbury,half-true,0,fixed_split_train_test,1,0.5935007269824574,0,0.36320045470954637
13251.json,donald-trump,pants-fire,1,fixed_split_train_test,0,0.4778475836537826,1,0.5034719749493894
7545.json,drew-springer,barely-true,1,fixed_split_train_test,1,0.5538265863346894,0,0.42071012749268694
4929.json,michele-bachmann,mostly-true,0,fixed_split_train_test,0,0.47285963658515306,1,0.5758208777678814
6239.json,robert-menendez,barely-true,1,fixed_split_train_test,0,0.41933562907488,0,0.36880051192615365
266.json,hillary-clinton,half-true,0,fixed_split_train_test,1,0.5429502170800066,0,0.354583132452588
8841.json,barack-obama,mostly-true,0,fixed_split_train_test,0,0.4131501839498591,0,0.3490535859707208
6313.json,steve-brown,false,1,fixed_split_train_test,1,0.5521616359274878,1,0.5804989354491665
9550.json,hillary-clinton,barely-true,1,fixed_split_train_test,1,0.6528225675367673,0,0.48131799486009946
9612.json,republican-party-florida,half-true,0,fixed_split_train_test,1,0.5692974659741098,1,0.562271506613586
13272.json,national-rifle-association,barely-true,1,fixed_split_train_test,0,0.4711054015647162,1,0.528950015724873
7562.json,jeb-bush,mostly-true,0,fixed_split_train_test,0,0.309620776648932,0,0.2838257671265145
3121.json,david-dewhurst,half-true,0,fixed_split_train_test,0,0.26753893496973574,0,0.2867601144643768
9578.json,jeff-flake,false,1,fixed_split_train_test,0,0.4697722746737432,1,0.5984402265718203
4553.json,committee-our-childrens-future,half-true,0,fixed_split_train_test,1,0.5190282299808139,0,0.3620931937878772
2356.json,steven-costantino,mostly-true,0,fixed_split_train_test,1,0.505220287280127,1,0.5217997382100273
3453.json,hank-johnson,half-true,0,fixed_split_train_test,0,0.4737371736566319,0,0.29336107532245725
1066.json,michele-bachmann,pants-fire,1,fixed_split_train_test,1,0.5154898261067908,1,0.5229317917406145
2092.json,russell-pearce,pants-fire,1,fixed_split_train_test,1,0.5244414342088266,1,0.6058758640219313
7442.json,barack-obama,barely-true,1,fixed_split_train_test,1,0.6000874593458131,0,0.42167096466287396
9910.json,chris-matthews,barely-true,1,fixed_split_train_test,1,0.6021034260412348,1,0.5439334336589815
11083.json,carlos-curbelo,true,0,fixed_split_train_test,1,0.5006270557267898,1,0.5687887634885591
11443.json,steven-costantino,false,1,fixed_split_train_test,1,0.5342479685762906,1,0.5120436703329845
11539.json,ezekiel-emanuel,half-true,0,fixed_split_train_test,0,0.42589197932817346,0,0.4798522524794782
2966.json,sherrod-brown,false,1,fixed_split_train_test,1,0.5288038526570454,0,0.43032894751586726
13367.json,patrick-murphy,mostly-true,0,fixed_split_train_test,1,0.5760225269064599,1,0.5871651605709652
1087.json,joe-biden,mostly-true,0,fixed_split_train_test,1,0.533893413183182,0,0.4331830046558199
267.json,bill-richardson,true,0,fixed_split_train_test,1,0.536336065446092,0,0.4260371236854419
4272.json,lloyd-doggett,true,0,fixed_split_train_test,0,0.26676570419314793,0,0.27557838790565503
8849.json,ian-prior,half-true,0,fixed_split_train_test,0,0.4102737837979807,0,0.4597931486623751
12542.json,priorities-usa-action,half-true,0,fixed_split_train_test,1,0.5335106246833005,1,0.5874716364494394
8372.json,david-pennington,barely-true,1,fixed_split_train_test,1,0.5626646385019284,1,0.5873769699592742
3518.json,tim-pawlenty,mostly-true,0,fixed_split_train_test,0,0.35073679713719136,0,0.4611588810245461
8340.json,ted-cruz,false,1,fixed_split_train_test,1,0.5829436821483489,1,0.7176561795870351
10218.json,friends-india-point-park,half-true,0,fixed_split_train_test,0,0.31194900002126646,0,0.21979971670088957
12698.json,reince-priebus,false,1,fixed_split_train_test,1,0.5521881358269487,1,0.6131448381144081
2357.json,scott-walker,false,1,fixed_split_train_test,1,0.7298463452603179,1,0.7052667836322554
7823.json,barbara-buono,half-true,0,fixed_split_train_test,0,0.43590046263981164,0,0.4124740846295448
12541.json,donald-trump,barely-true,1,fixed_split_train_test,1,0.6761487874275572,1,0.7881428650510172
2854.json,carole-smith,pants-fire,1,fixed_split_train_test,1,0.535673602602828,0,0.34880907430002883
4719.json,H204TEXAS-PAC,half-true,0,fixed_split_train_test,1,0.6271483658548027,1,0.6451335537237688
2072.json,david-cicilline,true,0,fixed_split_train_test,0,0.32559271230812337,0,0.24719852818522692
2885.json,bill-nelson,false,1,fixed_split_train_test,1,0.6325745625426635,0,0.49493933623646486
13334.json,gerald-daugherty,half-true,0,fixed_split_train_test,0,0.3595490437477484,0,0.3545427915029122
4820.json,facebook-posts,half-true,0,fixed_split_train_test,0,0.38809337505702063,1,0.5803392891278207
12309.json,paul-ryan,barely-true,1,fixed_split_train_test,1,0.539032955417811,0,0.462122523285608
1420.json,debra-medina,mostly-true,0,fixed_split_train_test,0,0.4197817192266148,0,0.3870459976925908
8761.json,facebook-posts,false,1,fixed_split_train_test,1,0.5273328907961912,1,0.6190150238125233
2491.json,dave-yost,true,0,fixed_split_train_test,1,0.5912513758738551,1,0.5072883230529379
1075.json,democratic-national-committee,barely-true,1,fixed_split_train_test,1,0.6122980098787363,0,0.4552162181889405
9762.json,bob-donovan,true,0,fixed_split_train_test,1,0.5776134394449993,0,0.450629474431381
5935.json,brett-bittner,barely-true,1,fixed_split_train_test,1,0.5148623540063711,1,0.5166080902177457
2821.json,george-allen,pants-fire,1,fixed_split_train_test,1,0.5301218801929766,0,0.45992408109474747
6370.json,julian-castro,true,0,fixed_split_train_test,0,0.35094246644394456,0,0.33006161889440017
3706.json,mike-bennett,pants-fire,1,fixed_split_train_test,0,0.48246403199601695,0,0.4131216146267162
10163.json,james-carr,true,0,fixed_split_train_test,0,0.4308040800979342,1,0.5047522175393775
2796.json,safe-routes-schools,false,1,fixed_split_train_test,0,0.42993692129732475,0,0.4891379776164375
6083.json,rick-scott,barely-true,1,fixed_split_train_test,0,0.28884681344132723,0,0.3298037953029879
5913.json,conservative-renewal-pac,barely-true,1,fixed_split_train_test,1,0.5826767195378159,1,0.6495092201105575
934.json,barack-obama,true,0,fixed_split_train_test,1,0.5661497132834362,0,0.41219164708601236
2162.json,kasim-reed,barely-true,1,fixed_split_train_test,0,0.4903634049241128,0,0.3747592130653663
3161.json,rachel-maddow,mostly-true,0,fixed_split_train_test,0,0.2933014799255986,0,0.33783153168070756
2679.json,charlie-crist,true,0,fixed_split_train_test,0,0.4704011087735808,0,0.4783335439764743
8929.json,mark-pocan,true,0,fixed_split_train_test,0,0.41154125993261587,0,0.4851801496096855
10040.json,bill-oreilly,half-true,0,fixed_split_train_test,1,0.5779089159508223,1,0.5455130901701291
12398.json,priorities-usa-action,pants-fire,1,fixed_split_train_test,1,0.6782678423726732,1,0.5887544256719489
2690.json,kendrick-meek,pants-fire,1,fixed_split_train_test,0,0.4899284294727078,0,0.49167921801195474
8667.json,bob-schieffer,true,0,fixed_split_train_test,0,0.48857793849941555,0,0.3946242389956613
8941.json,wolf-blitzer,true,0,fixed_split_train_test,1,0.6771496649810844,1,0.799238889154853
6821.json,chris-christie,pants-fire,1,fixed_split_train_test,1,0.5361195242519265,0,0.4788881376539597
10631.json,william-obrien,false,1,fixed_split_train_test,1,0.5948655265138869,1,0.5741759804362155
6579.json,nikki-haley,half-true,0,fixed_split_train_test,1,0.6023579191103633,0,0.47129639994901584
11400.json,league-conservation-voters,mostly-true,0,fixed_split_train_test,1,0.5888377801205131,0,0.4032954162611202
3228.json,cenk-uygur,true,0,fixed_split_train_test,0,0.4714240344436291,1,0.5600719382846097
9746.json,mark-emmert,half-true,0,fixed_split_train_test,0,0.3425910261451268,0,0.3145718968599463
1915.json,donna-campbell,false,1,fixed_split_train_test,1,0.6060355452082196,1,0.5451083631637573
12456.json,pat-toomey,barely-true,1,fixed_split_train_test,0,0.37870985708972776,0,0.38134414763919255
4856.json,democratic-national-committee,half-true,0,fixed_split_train_test,0,0.46997450751558834,0,0.4696945896325257
4698.json,americans-prosperity-new-jersey,false,1,fixed_split_train_test,1,0.6300441822561073,1,0.6761517610021761
2585.json,christine-odonnell,barely-true,1,fixed_split_train_test,1,0.5833810335849423,1,0.5529644774179496
6604.json,crossroads-gps,barely-true,1,fixed_split_train_test,0,0.4346233221523785,0,0.38422933403021914
4495.json,michele-bachmann,pants-fire,1,fixed_split_train_test,0,0.4284518998638791,1,0.6132806680992214
8406.json,ted-cruz,barely-true,1,fixed_split_train_test,1,0.6215908802950275,1,0.729710519635292
10147.json,jason-carter,false,1,fixed_split_train_test,1,0.6238318271120199,1,0.5961172673842964
10623.json,mark-pocan,mostly-true,0,fixed_split_train_test,0,0.36828905076347374,0,0.4147520375228274
2277.json,roy-barnes,half-true,0,fixed_split_train_test,1,0.6691023844168198,1,0.7519661485992634
8146.json,al-sharpton,mostly-true,0,fixed_split_train_test,0,0.454212264057543,0,0.3684904028596593
6026.json,scott-walker,half-true,0,fixed_split_train_test,1,0.5847128621239539,1,0.5588114000785466
13056.json,national-republican-congressional-committee,true,0,fixed_split_train_test,0,0.4310521724066644,0,0.4939926610706594
1103.json,glenn-beck,pants-fire,1,fixed_split_train_test,1,0.6365611687459898,1,0.6541782055904245
4444.json,gail-collins,mostly-true,0,fixed_split_train_test,1,0.589872645644968,1,0.7744260972057498
9269.json,matt-bevin,false,1,fixed_split_train_test,1,0.5868852953450411,1,0.5399740636043151
4105.json,shelly-moore,pants-fire,1,fixed_split_train_test,1,0.6079565130086562,1,0.7688962287310752
8533.json,frank-fahrenkopf,barely-true,1,fixed_split_train_test,1,0.5098842378068511,0,0.31713266743181573
6950.json,connie-mack,mostly-true,0,fixed_split_train_test,0,0.4364574368192904,0,0.47097864318489574
13125.json,donald-trump,barely-true,1,fixed_split_train_test,1,0.5513742259095601,1,0.8327101552984315
8294.json,nan-rich,mostly-true,0,fixed_split_train_test,1,0.5046573778100402,0,0.3719744663519307
9908.json,mike-wise,mostly-true,0,fixed_split_train_test,1,0.5843052676051415,1,0.5055597030826305
12424.json,todd-wilcox,false,1,fixed_split_train_test,1,0.5161326751726185,1,0.7109203987910389
4309.json,democratic-party-virginia,false,1,fixed_split_train_test,0,0.4708718015768299,1,0.5107455769556981
110.json,fred-thompson,false,1,fixed_split_train_test,1,0.5994587391039612,0,0.4885947113767629
7677.json,ohio-public-defenders-office,mostly-true,0,fixed_split_train_test,0,0.3566197042896752,0,0.38866039220913323
4780.json,jim-webb,true,0,fixed_split_train_test,0,0.49360322013403674,0,0.4320098270642553
715.json,sarah-palin,false,1,fixed_split_train_test,1,0.5384045954605042,1,0.6773881997262102
3107.json,dean-cannon,true,0,fixed_split_train_test,0,0.32791335895568396,0,0.35287377431317873
7565.json,steve-latourette,mostly-true,0,fixed_split_train_test,0,0.49636783595579725,0,0.4514072695295393
8606.json,ron-johnson,half-true,0,fixed_split_train_test,1,0.5841981692493552,1,0.7090851210068706
3869.json,chris-christie,half-true,0,fixed_split_train_test,1,0.6074630900332172,1,0.6018415471939107
10948.json,occupy-democrats,false,1,fixed_split_train_test,1,0.617645897230908,0,0.4815384653308534
12210.json,dan-forest,false,1,fixed_split_train_test,1,0.5738794497890727,1,0.5317505880100811
4119.json,barack-obama,mostly-true,0,fixed_split_train_test,1,0.5555314873942535,0,0.348474181762799
7272.json,hank-johnson,barely-true,1,fixed_split_train_test,1,0.5878441343554222,1,0.5045717302792843
12236.json,hillary-clinton,half-true,0,fixed_split_train_test,0,0.3420021164490726,0,0.1406995652962712
4016.json,alberta-darling,false,1,fixed_split_train_test,1,0.5546231076001561,1,0.6178449386469061
6765.json,joaquin-castro,true,0,fixed_split_train_test,0,0.4054515849343519,0,0.35880306202261336
11867.json,ted-cruz,false,1,fixed_split_train_test,1,0.5309976923411469,1,0.7440069645687698
11777.json,paul-ryan,true,0,fixed_split_train_test,0,0.34507876461159104,0,0.2602156496273904
9051.json,chain-email,pants-fire,1,fixed_split_train_test,1,0.6394957410295435,1,0.8299089807189041
4243.json,jon-huntsman,mostly-true,0,fixed_split_train_test,0,0.41578931934375274,0,0.31281183748973684
7818.json,carolyn-tomei,mostly-true,0,fixed_split_train_test,0,0.42710242395204207,0,0.3330775345670028
10871.json,gina-hinojosa,half-true,0,fixed_split_train_test,0,0.3056116578672193,0,0.27342817525908203
4710.json,john-lee,half-true,0,fixed_split_train_test,0,0.4717271290191527,0,0.4431465011287364
9507.json,steve-doocy,pants-fire,1,fixed_split_train_test,0,0.42593929068970815,0,0.4487515559665705
11324.json,dale-kooyenga,mostly-true,0,fixed_split_train_test,0,0.3695978969480027,0,0.48448135436495265
6046.json,jim-renacci,false,1,fixed_split_train_test,0,0.42236671321743374,0,0.3886352702812544
8434.json,mark-obenshain,barely-true,1,fixed_split_train_test,1,0.564343880831124,0,0.4270651922910373
3637.json,donald-trump,mostly-true,0,fixed_split_train_test,0,0.34627561153559683,0,0.38217476786969756
7744.json,george-lavender,mostly-true,0,fixed_split_train_test,1,0.6270460297866878,0,0.4286714462503116
2897.json,lee-holloway,barely-true,1,fixed_split_train_test,0,0.49591313400819326,0,0.442627326073244
6060.json,jeanne-shaheen,barely-true,1,fixed_split_train_test,0,0.27499365594240166,0,0.37680864978944945
603.json,john-mccain,false,1,fixed_split_train_test,1,0.6194505582793289,1,0.632009181518456
11545.json,bernie-s,mostly-true,0,fixed_split_train_test,0,0.2719117952669066,0,0.23960693181073997
10448.json,florida-chamber-commerce,half-true,0,fixed_split_train_test,0,0.33031244568633744,0,0.3563216002805064
5461.json,newt-gingrich,true,0,fixed_split_train_test,1,0.5717618147917981,1,0.6699893890108284
6684.json,its-still-bad-idea,pants-fire,1,fixed_split_train_test,0,0.4410888336870236,0,0.3574119331274706
450.json,hillary-clinton,barely-true,1,fixed_split_train_test,1,0.5837950859209707,0,0.4198840593373445
769.json,sarah-palin,true,0,fixed_split_train_test,0,0.39602160594441593,0,0.4077863955426989
6425.json,eric-hovde,half-true,0,fixed_split_train_test,1,0.5178493589882573,1,0.6043285600935903
502.json,barack-obama,true,0,fixed_split_train_test,0,0.43743121959830034,0,0.41071415740275197
11711.json,donald-trump,true,0,fixed_split_train_test,1,0.6334220964177054,1,0.7714292544220271
5470.json,heather-fiorentino,true,0,fixed_split_train_test,0,0.3236151806636018,0,0.29404385770124053
8869.json,scott-surovell,mostly-true,0,fixed_split_train_test,0,0.295443016123785,0,0.24898490047605149
8159.json,wendy-davis,half-true,0,fixed_split_train_test,0,0.36286526710977646,0,0.31847895560725115
6884.json,american-crossroads,half-true,0,fixed_split_train_test,0,0.3753276215340584,1,0.5372879093378744
10250.json,david-hallock,false,1,fixed_split_train_test,0,0.3958950728597324,0,0.3929445659221641
10757.json,marco-rubio,false,1,fixed_split_train_test,0,0.48675370456364564,1,0.6733441911744016
8320.json,charlie-crist,mostly-true,0,fixed_split_train_test,0,0.40265899067493044,0,0.3018125427860498
5472.json,red-white-and-blue-fund,false,1,fixed_split_train_test,0,0.43055655005369387,1,0.5589867301716793
5505.json,lenny-curry,true,0,fixed_split_train_test,1,0.5956250567897939,1,0.6162888661374444
12427.json,job-itkzkowitz,mostly-true,0,fixed_split_train_test,1,0.5289248916208457,0,0.41331127210050095
11464.json,viral-image,barely-true,1,fixed_split_train_test,0,0.26115077866786485,0,0.30468699952540573
11778.json,donald-trump,barely-true,1,fixed_split_train_test,0,0.38124033026532894,1,0.6809397838642286
12961.json,reince-priebus,false,1,fixed_split_train_test,0,0.367125527527342,1,0.5081428986413836
10269.json,facebook-posts,barely-true,1,fixed_split_train_test,0,0.48791789241368655,1,0.5533841101202184
2833.json,rick-perry,half-true,0,fixed_split_train_test,0,0.33838416939264987,0,0.3671421912742233
6110.json,rick-perry,half-true,0,fixed_split_train_test,1,0.6270545694026408,1,0.5748965179121649
13400.json,eric-greitens,barely-true,1,fixed_split_train_test,1,0.6051187302240788,0,0.43837118108287615
1251.json,jay-rockefeller,true,0,fixed_split_train_test,0,0.35620854579710204,0,0.4634224398773783
6112.json,jeff-merkley,mostly-true,0,fixed_split_train_test,0,0.33294285142829233,0,0.2789014574011767
6431.json,jay-carney,false,1,fixed_split_train_test,1,0.5472722384311399,1,0.5579004012205884
2615.json,rob-portman,false,1,fixed_split_train_test,1,0.541551852599158,0,0.48108345025100085
3709.json,robert-watson,false,1,fixed_split_train_test,1,0.6218696575853193,1,0.6255500466060482
2652.json,kathie-glass,pants-fire,1,fixed_split_train_test,0,0.49841220994651064,1,0.6406789697915201
9146.json,linda-finn,mostly-true,0,fixed_split_train_test,0,0.35035150855934594,0,0.3887760847325673
184.json,barack-obama,false,1,fixed_split_train_test,0,0.4689820878999134,0,0.35152638026488314
11764.json,state-democratic-party-wisconsin,pants-fire,1,fixed_split_train_test,0,0.2555593916924092,0,0.2397465959556179
7692.json,dan-patrick,mostly-true,0,fixed_split_train_test,0,0.4689266397358095,0,0.39236565599388945
7876.json,chain-email,pants-fire,1,fixed_split_train_test,1,0.5548849242558551,1,0.8106979624122005
5171.json,rick-santorum,false,1,fixed_split_train_test,1,0.5483092804862807,1,0.5716133330364517
12950.json,independent-voice-illinois-pac,barely-true,1,fixed_split_train_test,1,0.5648985154416408,1,0.5450508803799049
11185.json,carly-fiorina,barely-true,1,fixed_split_train_test,0,0.4290835273915588,0,0.3268759899104231
2412.json,republican-party-florida,false,1,fixed_split_train_test,1,0.6867788576454344,1,0.5945611226032835
3215.json,scott-suder,pants-fire,1,fixed_split_train_test,1,0.6042239850790778,1,0.6922813205830278
948.json,john-boehner,true,0,fixed_split_train_test,1,0.5693174109434624,1,0.5905309957581384
11766.json,wendy-davis,half-true,0,fixed_split_train_test,0,0.3486604333818486,0,0.3245201409657718
592.json,john-mccain,barely-true,1,fixed_split_train_test,1,0.5700969214918141,1,0.5399860952615236
5732.json,mitt-romney,barely-true,1,fixed_split_train_test,0,0.4852118598380003,0,0.425945686389542
12745.json,donald-trump,half-true,0,fixed_split_train_test,0,0.48502409533732066,1,0.6472330591249994
5017.json,john-boehner,barely-true,1,fixed_split_train_test,1,0.6307062739115583,1,0.5932510012034707
12331.json,enterprise-florida,barely-true,1,fixed_split_train_test,0,0.3541738948059021,0,0.4659541055325412
10424.json,barack-obama,mostly-true,0,fixed_split_train_test,0,0.3121001405202355,0,0.2768400534913595
9091.json,facebook-posts,false,1,fixed_split_train_test,0,0.47864387992642926,1,0.585494192677037
2547.json,lloyd-doggett,true,0,fixed_split_train_test,1,0.5445083671139263,1,0.5931834285543903
12571.json,paul-ryan,mostly-true,0,fixed_split_train_test,1,0.616330408129827,1,0.5473334314010219
7810.json,rick-scott,mostly-true,0,fixed_split_train_test,0,0.36270612880724196,0,0.39548779070967244
10935.json,motion-picture-association-america,mostly-true,0,fixed_split_train_test,0,0.2551446878625234,0,0.24117210105631354
8433.json,milly-silva,mostly-true,0,fixed_split_train_test,0,0.43922435254009656,0,0.4746384980710857
7087.json,robin-vos,mostly-true,0,fixed_split_train_test,0,0.23405489500647605,0,0.23645291624815998
1025.json,michele-bachmann,false,1,fixed_split_train_test,0,0.4072161026810617,0,0.38396754607417954
6386.json,democratic-congressional-campaign-committee,barely-true,1,fixed_split_train_test,1,0.6332248181972873,1,0.7833603329843337
2844.json,jeff-scrima,half-true,0,fixed_split_train_test,1,0.5161468858506394,1,0.5527784918111285
2392.json,george-will,barely-true,1,fixed_split_train_test,0,0.4157919912481346,0,0.4206716602977158
4708.json,nina-turner,true,0,fixed_split_train_test,0,0.32713611004725124,0,0.296035379891823
8676.json,florida-democratic-party,barely-true,1,fixed_split_train_test,1,0.6496483711715975,1,0.5090339210819084
8809.json,jason-carter,true,0,fixed_split_train_test,0,0.2635106913476032,0,0.2091963388919017
4095.json,barack-obama,mostly-true,0,fixed_split_train_test,0,0.4147409169396715,0,0.3089081401788435
13102.json,hillary-clinton,half-true,0,fixed_split_train_test,1,0.581389496275139,0,0.3485588598744434
12167.json,bernie-s,barely-true,1,fixed_split_train_test,1,0.5833517347478718,0,0.46843883034161127
2876.json,john-kasich,mostly-true,0,fixed_split_train_test,0,0.2484423071403173,0,0.21141756914537088
4769.json,john-birch-society,half-true,0,fixed_split_train_test,1,0.5173034511827985,0,0.38358612046923146
1760.json,rick-perry,barely-true,1,fixed_split_train_test,0,0.4029200314759959,0,0.45889651351154076
12943.json,donald-trump,half-true,0,fixed_split_train_test,1,0.5423682589416007,1,0.8246731757483079
6513.json,special-operations-opsec-education-fund,false,1,fixed_split_train_test,1,0.6533494642626478,1,0.6537616453489917
7780.json,barack-obama,barely-true,1,fixed_split_train_test,1,0.5293688499372593,0,0.416507248477273
7418.json,jon-bramnick,mostly-true,0,fixed_split_train_test,0,0.4179190228125961,0,0.3652385397101243
2777.json,michael-bloomberg,mostly-true,0,fixed_split_train_test,0,0.4202773418588568,0,0.32556295706311794
8853.json,rand-paul,false,1,fixed_split_train_test,1,0.6042411794056032,1,0.5424099020565942
7758.json,bill-richardson,mostly-true,0,fixed_split_train_test,0,0.4547861373335257,0,0.4264625084528497
11796.json,donald-trump,half-true,0,fixed_split_train_test,1,0.6993897754716825,1,0.8384539751169301
11573.json,hillary-clinton,half-true,0,fixed_split_train_test,0,0.36275704447650003,0,0.24643845730441266
9521.json,ted-cruz,half-true,0,fixed_split_train_test,1,0.6157184744086183,1,0.7111147504262492
10208.json,anna-kooiman,barely-true,1,fixed_split_train_test,1,0.5230835079082231,1,0.5052554797380028
5756.json,barack-obama,half-true,0,fixed_split_train_test,1,0.5340194917623665,0,0.26698562354843797
1569.json,george-will,mostly-true,0,fixed_split_train_test,0,0.41905355836205976,0,0.3917357619280706
11805.json,virginia-center-public-safety,true,0,fixed_split_train_test,0,0.33171031895071157,0,0.28176843867745127
805.json,john-mccain,mostly-true,0,fixed_split_train_test,1,0.5451442429159303,0,0.4086224396957806
8030.json,tweets,barely-true,1,fixed_split_train_test,1,0.5200966683977726,0,0.47663520080286514
7678.json,clean-water-portland,false,1,fixed_split_train_test,0,0.30407168445612465,0,0.3037061561974488
139.json,tom-tancredo,mostly-true,0,fixed_split_train_test,0,0.4144200396924787,0,0.47734492953156615
7271.json,john-kitzhaber,true,0,fixed_split_train_test,0,0.36805673748316764,0,0.29844294017970097
11409.json,dave-brat,false,1,fixed_split_train_test,1,0.5542724256149689,1,0.6644259602863946
688.json,fred-thompson,false,1,fixed_split_train_test,1,0.5819893488249634,1,0.5856008228957053
3726.json,one-wisconsin-now,mostly-true,0,fixed_split_train_test,0,0.44782722280594106,0,0.3788817463682706
7461.json,arne-duncan,barely-true,1,fixed_split_train_test,1,0.6441009973688826,1,0.704362998584967
5363.json,us-chamber-commerce,false,1,fixed_split_train_test,1,0.5674901120869056,1,0.6850380944757765
9942.json,george-will,true,0,fixed_split_train_test,0,0.46633806341052214,0,0.33516800485629294
3575.json,scott-walker,true,0,fixed_split_train_test,1,0.5723839718394613,1,0.5265672899552712
2205.json,gen-peter-chiarelli,true,0,fixed_split_train_test,0,0.390027632861099,0,0.39554342390700026
7552.json,jeff-mullis,mostly-true,0,fixed_split_train_test,0,0.4309404455247022,0,0.3933585070837969
7135.json,association-mature-american-citizens,pants-fire,1,fixed_split_train_test,1,0.5808324660719069,1,0.6561459017374177
384.json,votevetsorg,true,0,fixed_split_train_test,0,0.4773280688513496,0,0.47738015557071967
13007.json,sean-hannity,true,0,fixed_split_train_test,0,0.3574250265014913,0,0.49452312253030617
12994.json,hilary-rosen,mostly-true,0,fixed_split_train_test,1,0.5761394445508753,1,0.6088938019651435
3436.json,matt-gaetz,false,1,fixed_split_train_test,0,0.4729186627982723,1,0.5247246485955994
5810.json,citizens-transportation-mobility,mostly-true,0,fixed_split_train_test,0,0.2715958948034987,0,0.1897922483792159
6141.json,tommy-thompson,pants-fire,1,fixed_split_train_test,1,0.6498239371883849,1,0.63960727623083
6.json,chris-dodd,half-true,0,fixed_split_train_test,1,0.5118593811581604,1,0.501315055354668
9891.json,ted-cruz,half-true,0,fixed_split_train_test,1,0.5343303881199019,1,0.6830277616329873
1971.json,john-albers,false,1,fixed_split_train_test,0,0.4202740115874646,0,0.4393095141515157
7008.json,mitt-romney,mostly-true,0,fixed_split_train_test,0,0.4015019379229755,0,0.41492426580396224
8963.json,matt-bevin,pants-fire,1,fixed_split_train_test,1,0.5301712783315067,1,0.5343540815222673
13040.json,russ-feingold,half-true,0,fixed_split_train_test,1,0.5462327930185494,1,0.5264087297429242
8151.json,rand-paul,false,1,fixed_split_train_test,0,0.30448247533201267,0,0.2997066548957812
6236.json,eric-hovde,barely-true,1,fixed_split_train_test,0,0.3175414210938755,0,0.28274436145255555
6974.json,tennessee-republican-party,false,1,fixed_split_train_test,1,0.5191111026860911,1,0.5219662362067488
6879.json,josh-mandel,barely-true,1,fixed_split_train_test,1,0.5655090323709336,0,0.4663023704137763
11639.json,jeb-bush,mostly-true,0,fixed_split_train_test,1,0.6612433466582182,1,0.5649639480179806
9343.json,dick-cheney,barely-true,1,fixed_split_train_test,1,0.5854346318223058,1,0.5865292260833315
422.json,hillary-clinton,half-true,0,fixed_split_train_test,1,0.5443197407956454,0,0.39386875007236777
1448.json,barack-obama,half-true,0,fixed_split_train_test,0,0.37627139016939226,0,0.24834644946187315
737.json,barack-obama,false,1,fixed_split_train_test,1,0.544917614318918,0,0.42698774888492574
10516.json,dave-claunch,mostly-true,0,fixed_split_train_test,0,0.4191490197437473,0,0.42735358067049983
4750.json,allen-west,false,1,fixed_split_train_test,0,0.4817792967871157,1,0.6769221492453553
8604.json,chain-email,false,1,fixed_split_train_test,1,0.529915092977433,1,0.7749539564115889
729.json,john-mccain,half-true,0,fixed_split_train_test,1,0.5292460746855059,1,0.544704500184525
12702.json,mike-cernovich,pants-fire,1,fixed_split_train_test,1,0.6407184402349891,1,0.5653987740154974
8901.json,van-jones,true,0,fixed_split_train_test,1,0.5956443989958276,1,0.5090446050760544
11546.json,richard-paglia,half-true,0,fixed_split_train_test,0,0.45354310601485337,0,0.3879154542379168
1353.json,john-murtha,barely-true,1,fixed_split_train_test,0,0.4647005102523202,0,0.44960728206124023
5938.json,mark-neumann,false,1,fixed_split_train_test,0,0.48265487688697556,1,0.5178920792915498
12158.json,rick-scott,barely-true,1,fixed_split_train_test,1,0.5191245592548508,1,0.5597330092929307
656.json,joe-biden,mostly-true,0,fixed_split_train_test,0,0.34116718844592003,0,0.36613504652966444
10085.json,larry-pressler,false,1,fixed_split_train_test,1,0.5720579428898002,0,0.4340436911298015
5824.json,jennifer-carroll,false,1,fixed_split_train_test,1,0.5996613867954009,0,0.4431614573297096
5753.json,lisa-tomasso,true,0,fixed_split_train_test,0,0.32828635418628666,0,0.3785675640590847
5512.json,stephen-laffey,false,1,fixed_split_train_test,1,0.5529313102564757,1,0.5417425227744438
125.json,mitt-romney,mostly-true,0,fixed_split_train_test,0,0.39889162757616514,0,0.31719632950957416
6010.json,lenny-curry,half-true,0,fixed_split_train_test,0,0.47953117355486247,0,0.436776886295585
727.json,john-mccain,mostly-true,0,fixed_split_train_test,1,0.520267974418157,0,0.449019861807383
42.json,rudy-giuliani,barely-true,1,fixed_split_train_test,0,0.36419313536931947,0,0.45255249656986707
8511.json,sid-covington,half-true,0,fixed_split_train_test,1,0.5244320181240374,1,0.5467867640916309
6262.json,democratic-congressional-campaign-committee,pants-fire,1,fixed_split_train_test,1,0.6680922934704526,1,0.7596597981299059
9502.json,barack-obama,mostly-true,0,fixed_split_train_test,0,0.35017423081187515,0,0.33386989430293895
11351.json,jennifer-shilling,mostly-true,0,fixed_split_train_test,0,0.48843935566995295,0,0.36835617599730347
8558.json,kenneth-block,false,1,fixed_split_train_test,0,0.3439892715479565,0,0.3400121446113373
12084.json,donald-trump,true,0,fixed_split_train_test,1,0.5331540597283275,1,0.8316226438164183
568.json,barack-obama,true,0,fixed_split_train_test,1,0.5559205253522582,0,0.31567851783979317
7537.json,sean-duffy,half-true,0,fixed_split_train_test,0,0.37608407203610117,0,0.32330269194728267
9708.json,rick-perry,pants-fire,1,fixed_split_train_test,0,0.4169174199600653,0,0.4436691712361978
7524.json,jamie-radtke,half-true,0,fixed_split_train_test,0,0.4422435321399766,0,0.3846096593041689
4537.json,rick-perry,mostly-true,0,fixed_split_train_test,0,0.25371593577709584,0,0.3176083863138145
8549.json,city-austin,barely-true,1,fixed_split_train_test,0,0.292886326084079,0,0.29073674189757215
11736.json,jeb-bush,half-true,0,fixed_split_train_test,0,0.43240760532098094,0,0.4022121707553834
8062.json,barack-obama,half-true,0,fixed_split_train_test,0,0.34993846829933767,0,0.19257958248481957
3158.json,john-kitzhaber,mostly-true,0,fixed_split_train_test,1,0.5992427017996749,0,0.4135767557168726
10794.json,robert-hurt,false,1,fixed_split_train_test,0,0.4820528055227433,1,0.6328152417423802
12461.json,blog-posting,true,0,fixed_split_train_test,1,0.6126857225151453,1,0.8135635145583864
8609.json,kurt-schrader,half-true,0,fixed_split_train_test,1,0.6239388679724888,0,0.4967594452647818
63.json,chris-dodd,mostly-true,0,fixed_split_train_test,0,0.3140575771863959,0,0.20229289217197052
6560.json,jeb-bush,true,0,fixed_split_train_test,0,0.47450585114889404,0,0.329995547023662
3546.json,john-boehner,half-true,0,fixed_split_train_test,0,0.430873290127136,1,0.5547053046677012
3036.json,national-federation-independent-business-wiscons,false,1,fixed_split_train_test,0,0.3935788909951114,0,0.4929669842644463
11910.json,ben-carson,pants-fire,1,fixed_split_train_test,1,0.6494367215926272,1,0.7559225617672828
4101.json,marco-rubio,mostly-true,0,fixed_split_train_test,0,0.47637783931730343,1,0.5820808728546049
10175.json,scott-walker,mostly-true,0,fixed_split_train_test,0,0.40872384131906764,0,0.3345537797228754
4593.json,edd-houck,false,1,fixed_split_train_test,1,0.6073057208021605,1,0.7318457929789712
5985.json,anastasia-williams,false,1,fixed_split_train_test,1,0.5739628779988315,0,0.43828885000155304
1881.json,thomas-melsheimer,barely-true,1,fixed_split_train_test,1,0.5261006859485605,0,0.40690929361557304
204.json,mitt-romney,false,1,fixed_split_train_test,0,0.4154897093749611,0,0.3680988128579768
10091.json,Rhode_Island_Catholic,true,0,fixed_split_train_test,0,0.41769084703288384,0,0.47887438582931174
1409.json,kay-bailey-hutchison,false,1,fixed_split_train_test,0,0.3868625873644749,0,0.406996316917358
2769.json,childrens-healthcare-atlanta,true,0,fixed_split_train_test,0,0.30009812105921413,0,0.21753765494265273
2600.json,betty-sutton,mostly-true,0,fixed_split_train_test,1,0.5176914129870358,0,0.4859255714910574
4822.json,rebecca-kleefisch,half-true,0,fixed_split_train_test,1,0.5044349542291346,0,0.49252716923013257
5536.json,stephen-sweeney,half-true,0,fixed_split_train_test,1,0.6471560489295228,1,0.6848064849947244
2911.json,dennis-kucinich,false,1,fixed_split_train_test,1,0.5182734918279988,0,0.3268775058654277
12787.json,donald-trump,half-true,0,fixed_split_train_test,1,0.5641716893113387,1,0.7445789327996016
2442.json,delia-lopez,pants-fire,1,fixed_split_train_test,1,0.6222291028402963,1,0.7007157511378698
3489.json,greater-wisconsin-political-fund,barely-true,1,fixed_split_train_test,1,0.5190099587796189,1,0.6214614167619561
12006.json,paul-ryan,false,1,fixed_split_train_test,1,0.5024796106581674,0,0.45944686167460136
9109.json,ed-schultz,barely-true,1,fixed_split_train_test,1,0.5615616709044604,1,0.5627950059637447
12661.json,cory-booker,mostly-true,0,fixed_split_train_test,0,0.3267301706223952,0,0.2740264533996548
6447.json,gail-collins,half-true,0,fixed_split_train_test,1,0.5497569461695635,1,0.7079992282330101
2983.json,sam-adams,true,0,fixed_split_train_test,0,0.35489501608121193,0,0.20066920134556337
13467.json,political-insider,pants-fire,1,fixed_split_train_test,1,0.6866560366546668,1,0.779248843483051
921.json,barack-obama,false,1,fixed_split_train_test,1,0.629301000957578,0,0.36923979717643135
9141.json,charles-krauthammer,barely-true,1,fixed_split_train_test,1,0.5971432151585366,1,0.5699134833647028
12648.json,freedom-partners-action-fund,barely-true,1,fixed_split_train_test,1,0.6198448208197852,1,0.6135109605980732
3674.json,troy-fraser,pants-fire,1,fixed_split_train_test,0,0.4591602799991828,0,0.3342556562138393
6577.json,scott-walker,half-true,0,fixed_split_train_test,0,0.40635914461746775,0,0.3844007517970124
8240.json,james-oneil,false,1,fixed_split_train_test,0,0.37312975690029243,0,0.2941011382938756
9405.json,rick-scott,mostly-true,0,fixed_split_train_test,1,0.5621690424464386,1,0.5147331952208046
1892.json,john-boehner,true,0,fixed_split_train_test,1,0.5429957998912799,1,0.5235604039933638
2754.json,john-boccieri,half-true,0,fixed_split_train_test,1,0.6149486152058017,1,0.5126470188018096
31.json,tommy-thompson,true,0,fixed_split_train_test,0,0.46764216876888015,0,0.4595806815679009
4711.json,lloyd-doggett,mostly-true,0,fixed_split_train_test,0,0.30348483089745204,0,0.33483297487973174
664.json,hillary-clinton,false,1,fixed_split_train_test,1,0.53033518051105,0,0.3716923682001939
1199.json,national-right-life-committee,true,0,fixed_split_train_test,1,0.5217198405392292,1,0.5866374587244882
11865.json,adrian-garcia,barely-true,1,fixed_split_train_test,0,0.424623030492751,0,0.36517200550650514
87.json,barack-obama,true,0,fixed_split_train_test,1,0.5273291285810348,0,0.3534164609601396
9312.json,rick-santorum,mostly-true,0,fixed_split_train_test,0,0.36627750340632925,0,0.43221195309898475
10638.json,tyrone-brooks,half-true,0,fixed_split_train_test,1,0.6263752078026298,1,0.5750274170816547
3021.json,david-wyss,true,0,fixed_split_train_test,0,0.41347128912838405,0,0.3040809356233151
379.json,hillary-clinton,true,0,fixed_split_train_test,0,0.337278961281325,0,0.25590661505835066
5272.json,ron-paul,half-true,0,fixed_split_train_test,0,0.4209301484638471,0,0.31875513073281625
683.json,rudy-giuliani,true,0,fixed_split_train_test,0,0.3805023656186203,0,0.3049181357672539
1781.json,linda-chavez-thompson,true,0,fixed_split_train_test,0,0.3063249245313248,0,0.3457684698439709
11687.json,jeb-bush,mostly-true,0,fixed_split_train_test,1,0.6019630604602247,0,0.4928177595317829
2975.json,kay-bailey-hutchison,half-true,0,fixed_split_train_test,0,0.46868561199349434,0,0.41073823346994054
771.json,sarah-palin,barely-true,1,fixed_split_train_test,0,0.4944999887685968,0,0.47686755722465335
3991.json,scott-walker,half-true,0,fixed_split_train_test,1,0.520837440355412,0,0.48844861941812423
11923.json,hillary-clinton,half-true,0,fixed_split_train_test,0,0.49477813474634114,0,0.305785979592844
10749.json,gwyneth-paltrow,barely-true,1,fixed_split_train_test,0,0.3557937521507317,0,0.4066990373395536
3946.json,doug-whitsett,half-true,0,fixed_split_train_test,1,0.5652004312408992,0,0.4960114332847225
7834.json,mark-pocan,true,0,fixed_split_train_test,1,0.5664482654069689,1,0.5841811577843663
6290.json,ohio-republican-party,half-true,0,fixed_split_train_test,1,0.6358801224725086,1,0.6515551709365748
1477.json,chain-email,false,1,fixed_split_train_test,1,0.6613336760707159,1,0.8636467245036993
10881.json,chris-taylor,mostly-true,0,fixed_split_train_test,1,0.5156820375555217,0,0.4691675906784868
4396.json,george-allen,mostly-true,0,fixed_split_train_test,1,0.5901084265364062,1,0.5656190880902665
6206.json,chris-christie,true,0,fixed_split_train_test,1,0.5469056440871171,0,0.4579088124926139
9970.json,jason-carter,true,0,fixed_split_train_test,0,0.2925554177392352,0,0.1938184775753471
4353.json,sherrod-brown,true,0,fixed_split_train_test,1,0.5448560048586562,0,0.493999326302651
1394.json,texas-democratic-party,false,1,fixed_split_train_test,1,0.57691808513247,1,0.6165643683477526
7695.json,johnny-isakson,true,0,fixed_split_train_test,0,0.459125176697003,0,0.38659625810663933
4770.json,mitt-romney,barely-true,1,fixed_split_train_test,1,0.62478329690738,1,0.5690082860214024
1052.json,john-mccain,true,0,fixed_split_train_test,0,0.48240214056186814,0,0.4465585043041145
5249.json,donald-mceachin,false,1,fixed_split_train_test,1,0.641223864634249,1,0.5973289459892372
3700.json,stephen-ucci,false,1,fixed_split_train_test,1,0.6289044612585225,0,0.446821824604153
8683.json,peter-orszag,true,0,fixed_split_train_test,0,0.43893175068973517,0,0.4880699733492232
12798.json,harry-reid,barely-true,1,fixed_split_train_test,1,0.6339223374304122,1,0.6508726759314455
4838.json,george-lemieux,half-true,0,fixed_split_train_test,1,0.571197782192981,1,0.5691225981115504
7680.json,dianne-feinstein,mostly-true,0,fixed_split_train_test,0,0.4496264234918234,0,0.45310240685052017
1999.json,charlie-crist,true,0,fixed_split_train_test,0,0.4474403661553178,0,0.3596616392834748
12873.json,viral-image,pants-fire,1,fixed_split_train_test,0,0.3977369500701866,0,0.3862540160014256
9683.json,peter-lavelle,pants-fire,1,fixed_split_train_test,1,0.6290058174198657,1,0.5748762249807496
6660.json,barack-obama,mostly-true,0,fixed_split_train_test,1,0.5163320995227483,0,0.34718748740224453
13527.json,reince-priebus,false,1,fixed_split_train_test,1,0.6185589297839308,1,0.5732558652394734
2626.json,edwin-pacheco,false,1,fixed_split_train_test,1,0.5855444072247706,0,0.46232098407382877
2814.json,john-kasich,half-true,0,fixed_split_train_test,0,0.442836723445515,0,0.32706047541253863
7598.json,john-lewis,half-true,0,fixed_split_train_test,1,0.5356972198797281,0,0.4764355490474838
2746.json,matt-wand,barely-true,1,fixed_split_train_test,1,0.581432253519049,0,0.47537829924792047
12448.json,donald-trump,barely-true,1,fixed_split_train_test,0,0.4242607887077312,0,0.4962581260623899
3232.json,matt-lundy,true,0,fixed_split_train_test,1,0.6029836274788279,1,0.5349913429817096
11226.json,jim-webb,mostly-true,0,fixed_split_train_test,0,0.3752223395059177,0,0.28658211045807297
487.json,hillary-clinton,barely-true,1,fixed_split_train_test,0,0.4451684099883316,0,0.37665944792204015
6858.json,dan-sebring,mostly-true,0,fixed_split_train_test,0,0.48537884140682785,1,0.5197527194394473
8701.json,state-democratic-party-wisconsin,false,1,fixed_split_train_test,1,0.5728092954303039,1,0.5575274173223812
10606.json,jeb-bush,barely-true,1,fixed_split_train_test,0,0.481559108448865,0,0.37782548765649676
9016.json,tom-graves,half-true,0,fixed_split_train_test,0,0.2775896199256945,0,0.31706480165968925
2371.json,john-mccain,barely-true,1,fixed_split_train_test,1,0.6159330836666018,1,0.548624152672451
12065.json,donald-trump,true,0,fixed_split_train_test,1,0.5643106885520801,1,0.6821134373977454
2362.json,barack-obama,mostly-true,0,fixed_split_train_test,1,0.5703771032919333,1,0.5123209265371501
2868.json,jim-doyle,false,1,fixed_split_train_test,0,0.38285944731329996,0,0.419919264844127
13305.json,donald-trump,true,0,fixed_split_train_test,1,0.5706010979774309,1,0.7100544931393787
8503.json,jonathan-karl,true,0,fixed_split_train_test,0,0.43805577865797574,0,0.3512726230732787
2428.json,republican-governors-association,half-true,0,fixed_split_train_test,0,0.3146664329194831,0,0.23311338845671523
636.json,barack-obama,true,0,fixed_split_train_test,1,0.5125932510516887,0,0.3962730559889784
5758.json,afscme,barely-true,1,fixed_split_train_test,1,0.5413994915916592,1,0.6529363423779609
2793.json,greg-abbott,mostly-true,0,fixed_split_train_test,0,0.42360659563878694,0,0.4101961088243725
9426.json,john-oliver,true,0,fixed_split_train_test,1,0.526869765347846,0,0.29853536133456193
5898.json,george-lemieux,barely-true,1,fixed_split_train_test,1,0.5600166874696684,1,0.6257311995533676
11218.json,marco-rubio,mostly-true,0,fixed_split_train_test,0,0.36622777388699873,0,0.4662936842777257
12703.json,unicef,mostly-true,0,fixed_split_train_test,0,0.3466606142500584,0,0.28928130111018135
5462.json,campaign-primary-accountability,false,1,fixed_split_train_test,1,0.5843392642747892,1,0.6705597848998266
1955.json,michael-j-gardiner,pants-fire,1,fixed_split_train_test,1,0.5590251265570962,1,0.5551970434346426
11647.json,george-will,mostly-true,0,fixed_split_train_test,0,0.4066174002111385,0,0.4451491621420091
11139.json,jeb-bush,mostly-true,0,fixed_split_train_test,0,0.27459929290829865,0,0.29623989087087904
1648.json,barack-obama,mostly-true,0,fixed_split_train_test,1,0.52619402063074,0,0.3314172792657189
5371.json,rick-santorum,false,1,fixed_split_train_test,0,0.49686308972844284,0,0.4914316312798152
4425.json,john-kasich,barely-true,1,fixed_split_train_test,0,0.35572764105198135,0,0.35015930822502944
2498.json,bill-white,mostly-true,0,fixed_split_train_test,0,0.3665557672621251,0,0.33342890306059114
4131.json,brian-kemp,true,0,fixed_split_train_test,0,0.4819552500274826,1,0.5195495496204285
2341.json,mark-neumann,mostly-true,0,fixed_split_train_test,1,0.6233322784779416,1,0.5558236317509582
5551.json,dennis-richardson,half-true,0,fixed_split_train_test,0,0.3153187202269068,0,0.2405605978003449
757.json,john-mccain,half-true,0,fixed_split_train_test,1,0.5661122018643605,0,0.47748058120669973
11519.json,tammy-baldwin,true,0,fixed_split_train_test,0,0.39777339837075826,0,0.3206502611947295
5785.json,chain-email,pants-fire,1,fixed_split_train_test,1,0.6177272990958115,1,0.8168538936273672
2284.json,glenn-beck,pants-fire,1,fixed_split_train_test,1,0.620330601238345,1,0.7091218317010711
12650.json,donald-trump,barely-true,1,fixed_split_train_test,1,0.6346393920010739,1,0.8095609512944643
9480.json,erin-lynch,barely-true,1,fixed_split_train_test,0,0.4240337216353801,0,0.4254500377369644
643.json,joe-biden,half-true,0,fixed_split_train_test,0,0.41442542480580447,0,0.3275732163567107
11242.json,nicholas-kristof,true,0,fixed_split_train_test,0,0.3315199641988053,0,0.273767803399439
7038.json,sherrod-brown,true,0,fixed_split_train_test,0,0.42368570909999653,0,0.35865761141215313
6772.json,Yes-on-79,pants-fire,1,fixed_split_train_test,0,0.43275316056482394,0,0.35138426617059987
7952.json,jeff-sessions,false,1,fixed_split_train_test,1,0.5368876732430177,1,0.5119795385907775
13134.json,hillary-clinton,half-true,0,fixed_split_train_test,1,0.5702071542795512,0,0.4416387319099071
2181.json,james-langevin,half-true,0,fixed_split_train_test,1,0.5066061873903006,0,0.33831626170765616
9629.json,john-kerry,mostly-true,0,fixed_split_train_test,1,0.5802086637020011,1,0.5532252992377198
3668.json,richard-saslaw,false,1,fixed_split_train_test,1,0.6657185030207069,1,0.7488801231475353
11327.json,marco-rubio,mostly-true,0,fixed_split_train_test,1,0.5261047856404235,0,0.4702425769811223
3818.json,adam-hasner,mostly-true,0,fixed_split_train_test,0,0.46603922108125145,0,0.4938639299979117
2218.json,todd-staples,half-true,0,fixed_split_train_test,1,0.5050208927962845,0,0.4240931988176161
11562.json,donald-trump,pants-fire,1,fixed_split_train_test,1,0.5017792341256216,1,0.6229344468246485
9622.json,mitch-mcconnell,true,0,fixed_split_train_test,0,0.40559219196000634,0,0.3501045999397879
9995.json,mary-burke,mostly-true,0,fixed_split_train_test,0,0.4493128802144193,0,0.33476697440735287
7344.json,paul-ryan,barely-true,1,fixed_split_train_test,0,0.412958292439368,0,0.4453220404938004
5840.json,americans-prosperity,false,1,fixed_split_train_test,0,0.4858661968883452,0,0.452429578713608
1576.json,americas-health-insurance-plans,true,0,fixed_split_train_test,0,0.3493390531273853,0,0.44143450678697227
13127.json,hillary-clinton,mostly-true,0,fixed_split_train_test,1,0.55951076454235,0,0.3678842799867842
12098.json,john-kasich,mostly-true,0,fixed_split_train_test,0,0.4618559270009416,0,0.3953339841109882
12272.json,hillary-clinton,mostly-true,0,fixed_split_train_test,0,0.3962504541013392,0,0.3271282764806528
5993.json,conservative-voters-texas-pac,pants-fire,1,fixed_split_train_test,1,0.6229517945463604,1,0.5771973076300723
9285.json,laura-ingraham,false,1,fixed_split_train_test,1,0.6106412655096417,1,0.6461236771983808
7165.json,libertarian-party-georgia,half-true,0,fixed_split_train_test,1,0.5896572375939934,1,0.5177025560522087
11025.json,maggie-hassan,false,1,fixed_split_train_test,1,0.5397234640695655,0,0.4518228057024252
7577.json,deborah-gist,mostly-true,0,fixed_split_train_test,0,0.3036712394006219,0,0.31671465943321175
2719.json,bill-white,barely-true,1,fixed_split_train_test,0,0.4635998645551291,0,0.4207574087654562
3631.json,kathleen-angelucci,barely-true,1,fixed_split_train_test,0,0.45629735805597077,0,0.3791931970672157
7211.json,john-boehner,false,1,fixed_split_train_test,0,0.346415162291831,0,0.39162804018926306
1480.json,glenn-beck,barely-true,1,fixed_split_train_test,1,0.5043406078639707,1,0.5676579303060868
1512.json,marco-rubio,half-true,0,fixed_split_train_test,1,0.5149125232081947,0,0.47806718814917487
10517.json,nathan-deal,half-true,0,fixed_split_train_test,0,0.30842967724417764,0,0.21827022678406066
5723.json,allen-west,pants-fire,1,fixed_split_train_test,1,0.5651312432434747,1,0.5881438090124325
7378.json,marco-rubio,half-true,0,fixed_split_train_test,1,0.6077972129893566,1,0.6164631810150466
531.json,john-mccain,mostly-true,0,fixed_split_train_test,0,0.4093121305353609,0,0.43759753046152683
474.json,barack-obama,barely-true,1,fixed_split_train_test,1,0.6471634722231305,1,0.5780196949939564
2250.json,rick-scott,false,1,fixed_split_train_test,0,0.4783522851361693,0,0.45421552450179065
126.json,joe-biden,mostly-true,0,fixed_split_train_test,1,0.556868589688488,0,0.4961731478252475
10646.json,juda-engelmayer,pants-fire,1,fixed_split_train_test,0,0.42256829281899144,1,0.5589879851962091
1823.json,chris-matthews,true,0,fixed_split_train_test,0,0.49427424342824194,0,0.3842750445995085
9731.json,rick-scott,barely-true,1,fixed_split_train_test,1,0.5118996740836959,0,0.41090814826363753
9594.json,facebook-posts,pants-fire,1,fixed_split_train_test,1,0.638723645636805,1,0.6914493285427645
12026.json,jim-kenney,half-true,0,fixed_split_train_test,1,0.5741029270976264,0,0.4596435598178249
5971.json,cory-booker,false,1,fixed_split_train_test,1,0.5125525381235093,0,0.46737934674276876
6857.json,mitt-romney,false,1,fixed_split_train_test,1,0.6040821499455808,1,0.6165647444256331
3112.json,mario-gallegos,half-true,0,fixed_split_train_test,1,0.5423284337805322,1,0.5236523882947604
11832.json,bob,pants-fire,1,fixed_split_train_test,1,0.5840229973341268,1,0.5256670725011413
2337.json,rick-scott,half-true,0,fixed_split_train_test,1,0.6893488791575652,1,0.5940285889418715
10853.json,hillary-clinton,false,1,fixed_split_train_test,0,0.3317015911897222,0,0.24880226238897155
9050.json,dan-pfeiffer,mostly-true,0,fixed_split_train_test,1,0.5223509958946684,0,0.49281076610486874
9427.json,robin-vos,mostly-true,0,fixed_split_train_test,1,0.5222599264202317,1,0.54363237801968
2830.json,paul-krugman,half-true,0,fixed_split_train_test,1,0.6171358196355754,1,0.5653671366495325
9756.json,alison-lundergan-grimes,half-true,0,fixed_split_train_test,0,0.4916170993537681,1,0.524764490693763
6532.json,barack-obama,mostly-true,0,fixed_split_train_test,0,0.4114511971980148,0,0.3812698441516677
4805.json,kurt-schuller,false,1,fixed_split_train_test,1,0.5897702819246207,0,0.3549179583799163
3648.json,miguel-diaz-de-la-portilla,false,1,fixed_split_train_test,0,0.46155792395745626,0,0.39205548544455787
4994.json,newt-gingrich,half-true,0,fixed_split_train_test,1,0.6030266222001573,1,0.5901476127029385
4715.json,democratic-national-committee,half-true,0,fixed_split_train_test,1,0.574563671815752,0,0.41782200879319464
526.json,john-mccain,barely-true,1,fixed_split_train_test,0,0.3530083371909309,0,0.2929819909253166
8673.json,pam-bondi,true,0,fixed_split_train_test,0,0.48036287942492956,0,0.450510420722093
9273.json,brian-wilson,pants-fire,1,fixed_split_train_test,0,0.4539766593214027,0,0.37515610204863065
9973.json,emma-watson,half-true,0,fixed_split_train_test,0,0.2492394864357311,0,0.23221417330113256
3.json,bill-richardson,mostly-true,0,fixed_split_train_test,0,0.3532931543622348,0,0.32126541672926556
9197.json,jim-demint,false,1,fixed_split_train_test,0,0.47918996587700835,1,0.5054741006904078
9610.json,jack-kingston,false,1,fixed_split_train_test,0,0.4094372695737193,0,0.37607319127396144
1150.json,orrin-hatch,half-true,0,fixed_split_train_test,0,0.34759319799071353,0,0.28571558240540856
2087.json,dennis-kucinich,true,0,fixed_split_train_test,0,0.4554045578614263,0,0.3370323085445584
7051.json,betty-sutton,half-true,0,fixed_split_train_test,1,0.5925069534419192,1,0.5679859523020736
8035.json,robert-reich,false,1,fixed_split_train_test,1,0.5510153043333597,1,0.5556588319040228
1329.json,ed-rendell,barely-true,1,fixed_split_train_test,1,0.5284077790419228,1,0.5870132607770175
1574.json,americans-united-change,mostly-true,0,fixed_split_train_test,0,0.4194347874091096,0,0.3158684219725243
6745.json,mitt-romney,mostly-true,0,fixed_split_train_test,1,0.6015110553726069,1,0.535181519457205
4289.json,sam-adams,half-true,0,fixed_split_train_test,0,0.35316312040942915,0,0.2872917457320381
4383.json,dennis-richardson,false,1,fixed_split_train_test,1,0.5297731751296904,1,0.5980640497895019
12089.json,katie-mcginty,mostly-true,0,fixed_split_train_test,0,0.36963544670703985,0,0.3510653547287961
12976.json,sean-hannity,false,1,fixed_split_train_test,0,0.4583882431688072,1,0.6111295981232396
5170.json,lou-greenwald,true,0,fixed_split_train_test,0,0.3409483176341423,0,0.2837195319819407
6976.json,george-allen,true,0,fixed_split_train_test,0,0.4114759136447499,0,0.3564595975050681
7838.json,chain-email,pants-fire,1,fixed_split_train_test,1,0.688881623382655,1,0.8484730975124277
2643.json,scott-walker,false,1,fixed_split_train_test,1,0.5328057827954814,1,0.5540372072209487
1810.json,todd-staples,half-true,0,fixed_split_train_test,1,0.652158562539455,1,0.6377425980515186
10097.json,Local-799-international-assoc-fire-fighters,pants-fire,1,fixed_split_train_test,1,0.6025678034945585,1,0.8046979978724611
13236.json,tim-kaine,barely-true,1,fixed_split_train_test,0,0.3944499313187638,0,0.4458342542714688
2568.json,doug-ainge,false,1,fixed_split_train_test,1,0.5943724680046044,1,0.6372601745410975
12833.json,dave-brat,false,1,fixed_split_train_test,1,0.5481477771005082,1,0.658248168067043
1894.json,donna-brazile,half-true,0,fixed_split_train_test,0,0.4164955463918555,0,0.3387015548304727
7881.json,kirsten-gillibrand,mostly-true,0,fixed_split_train_test,0,0.46537385843099593,0,0.4466312257255353
5603.json,glenn-grothman,true,0,fixed_split_train_test,0,0.468965177407841,0,0.4998725084127067
5759.json,anonymous-flier,false,1,fixed_split_train_test,1,0.5919193918417069,1,0.6043692045094873
6207.json,chris-christie,half-true,0,fixed_split_train_test,0,0.41295348124986475,0,0.3608726518674798
2149.json,kendrick-meek,false,1,fixed_split_train_test,1,0.6760687078893254,1,0.643914189395462
2445.json,mahmoud-ahmadinejad,false,1,fixed_split_train_test,0,0.4967645694106673,0,0.49893551686308146
5910.json,john-ludlow,half-true,0,fixed_split_train_test,0,0.4705989454751561,0,0.47183656625589854
2596.json,john-kitzhaber,half-true,0,fixed_split_train_test,1,0.5376796811412449,0,0.45645514285823596
10399.json,rand-paul,false,1,fixed_split_train_test,0,0.3720766743871135,0,0.2865152161126716
792.json,john-mccain,half-true,0,fixed_split_train_test,1,0.508874317105784,1,0.518442020106415
12929.json,julian-castro,true,0,fixed_split_train_test,0,0.33339207165011797,0,0.2630356116438012
12791.json,democratic-congressional-campaign-committee,barely-true,1,fixed_split_train_test,0,0.49182027408832585,1,0.6637183433154861
9003.json,rick-scott,barely-true,1,fixed_split_train_test,0,0.2765650955132344,0,0.3517673624438333
3811.json,scott-fitzgerald,false,1,fixed_split_train_test,1,0.5229789609639531,1,0.6335672368762808
3399.json,morgan-griffith,false,1,fixed_split_train_test,1,0.5561304096033377,1,0.5252489767065207
11229.json,glen-sturtevant,true,0,fixed_split_train_test,0,0.33644755574578245,0,0.3883601440820407
3800.json,herman-cain,false,1,fixed_split_train_test,1,0.5895930861301506,1,0.6136908189352684
10283.json,bernie-s,mostly-true,0,fixed_split_train_test,0,0.3492472686779398,0,0.30063355571488454
352.json,hillary-clinton,mostly-true,0,fixed_split_train_test,0,0.49612865919783156,1,0.5142861044007264
4134.json,alan-hays,false,1,fixed_split_train_test,1,0.6306818619601356,1,0.6434378355738362
5278.json,jim-jordan,half-true,0,fixed_split_train_test,0,0.2954642436008368,0,0.2746593621608228
2165.json,sam-olens,half-true,0,fixed_split_train_test,1,0.5404332230325911,0,0.4279595896736683
7448.json,kasim-reed,true,0,fixed_split_train_test,0,0.2958598753210223,0,0.24925016854433185
12987.json,jimmy-carter,true,0,fixed_split_train_test,1,0.5479946462074712,1,0.6040335740373747
5132.json,georgia-democrats,half-true,0,fixed_split_train_test,1,0.5330426164115917,1,0.5411824717617302
13329.json,kellyanne-conway,barely-true,1,fixed_split_train_test,1,0.5120732839741537,1,0.565468999717747
4588.json,rick-perry,true,0,fixed_split_train_test,0,0.4924916296303779,1,0.5252668856016387
6455.json,warren-kampf,mostly-true,0,fixed_split_train_test,1,0.5261242713142812,0,0.47715886948205477
10282.json,jesse-ventura,pants-fire,1,fixed_split_train_test,1,0.5660471794204043,1,0.7200655928786571
211.json,john-mccain,true,0,fixed_split_train_test,1,0.6018870065826732,1,0.541033065508852
7676.json,michael-chippendale,barely-true,1,fixed_split_train_test,1,0.5304848397944717,0,0.41363766866089274
1873.json,chain-email,false,1,fixed_split_train_test,1,0.5741263304946289,1,0.7982503297658844
2443.json,john-kasich,half-true,0,fixed_split_train_test,0,0.3526692616729959,0,0.32173714629848005
3841.json,tim-pawlenty,half-true,0,fixed_split_train_test,0,0.38513468237319654,0,0.2912452465574384
12284.json,bernie-s,mostly-true,0,fixed_split_train_test,1,0.6164034836932887,0,0.45806128677279895
7197.json,john-kitzhaber,mostly-true,0,fixed_split_train_test,1,0.5856237791467832,0,0.3741662958542235
12858.json,barack-obama,half-true,0,fixed_split_train_test,0,0.40522935629303686,0,0.30705294650546044
2633.json,mark-kirk,half-true,0,fixed_split_train_test,1,0.5070889903135795,0,0.38002155172864155
6041.json,jack-latvala,half-true,0,fixed_split_train_test,0,0.4381918072696081,1,0.5000342556647006
3414.json,bernie-s,false,1,fixed_split_train_test,0,0.4180570495905268,0,0.40461998299929536
4323.json,thaddeus-mccotter,mostly-true,0,fixed_split_train_test,0,0.32810592000855876,0,0.2945581361184178
1679.json,robert-gates,half-true,0,fixed_split_train_test,1,0.5387014131572226,0,0.4521969189046452
275.json,rudy-giuliani,barely-true,1,fixed_split_train_test,0,0.3746010584313541,1,0.501110215480816
13208.json,jason-kander,mostly-true,0,fixed_split_train_test,1,0.6120674612624604,1,0.6694964375957717
5911.json,rob-portman,half-true,0,fixed_split_train_test,1,0.5599330599294192,1,0.556221866278588
4277.json,reince-priebus,false,1,fixed_split_train_test,0,0.4879430322429622,1,0.5895553396746318
752.json,barack-obama,half-true,0,fixed_split_train_test,1,0.5607283655044606,0,0.4053029639691024
2601.json,kurt-schrader,false,1,fixed_split_train_test,1,0.5083198311473226,0,0.47454088973231057
1450.json,debra-medina,half-true,0,fixed_split_train_test,1,0.6649036579216488,1,0.5905012946165452
5653.json,andrew-napolitano,pants-fire,1,fixed_split_train_test,1,0.6175312761589362,0,0.43665421977723307
13046.json,yes-55,barely-true,1,fixed_split_train_test,1,0.5570694888492167,0,0.461976171988979
3103.json,jamie-radtke,true,0,fixed_split_train_test,0,0.4128702864394559,0,0.29466726447902597
2894.json,glenn-beck,pants-fire,1,fixed_split_train_test,1,0.5599656372643123,1,0.7484923725896582
1012.json,nancy-pelosi,false,1,fixed_split_train_test,1,0.5418585098772029,1,0.5280001360511136
9112.json,facebook-posts,false,1,fixed_split_train_test,0,0.3573953534407414,0,0.4483913187452956
2945.json,jack-kingston,mostly-true,0,fixed_split_train_test,0,0.46319507005831145,1,0.5029517921156065
9944.json,bob-goodlatte,true,0,fixed_split_train_test,0,0.4165160002619263,0,0.38951541948711516
6839.json,tammy-baldwin,barely-true,1,fixed_split_train_test,1,0.5298842202864666,0,0.4793063145532095
3673.json,chris-larson,barely-true,1,fixed_split_train_test,1,0.5529231553080469,1,0.6071142652594107
13058.json,barack-obama,true,0,fixed_split_train_test,1,0.5394748402606614,0,0.40857218078714097
3941.json,rob-portman,half-true,0,fixed_split_train_test,0,0.4116798813276113,0,0.4034139704365976
10917.json,bobby-jindal,false,1,fixed_split_train_test,1,0.676900814996424,1,0.6987090276739015
13155.json,russ-feingold,false,1,fixed_split_train_test,1,0.568743916390826,0,0.46851564665208945
9301.json,blog-posting,pants-fire,1,fixed_split_train_test,1,0.6383129819304401,1,0.8304968033225392
5486.json,silvestre-reyes,half-true,0,fixed_split_train_test,1,0.591617435218181,1,0.5629858720360194
4579.json,american-crossroads,false,1,fixed_split_train_test,1,0.5870028110951725,1,0.7543057369965936
10943.json,austin-scott,true,0,fixed_split_train_test,0,0.40392285030443703,0,0.3177315745382333
12728.json,rick-scott,false,1,fixed_split_train_test,0,0.43369873865152775,0,0.4202290764693577
92.json,mitt-romney,half-true,0,fixed_split_train_test,0,0.33437468647729385,0,0.25601286535535583
11230.json,bobby-jindal,half-true,0,fixed_split_train_test,1,0.5922961747542975,1,0.5029185787792493
2720.json,american-federation-children,pants-fire,1,fixed_split_train_test,1,0.6243315642520906,0,0.4423117127041984
582.json,barack-obama,true,0,fixed_split_train_test,0,0.37756132744341125,0,0.2774652405160616
13227.json,donald-trump,false,1,fixed_split_train_test,1,0.6058050219587137,1,0.857575836391943
12052.json,marco-rubio,true,0,fixed_split_train_test,0,0.45473848320884996,0,0.4260619743914402
1010.json,barack-obama,half-true,0,fixed_split_train_test,0,0.48605519458891405,0,0.34184813898342953
1333.json,chain-email,true,0,fixed_split_train_test,0,0.29491390181154203,1,0.5252087981610706
2603.json,hank-gilbert,false,1,fixed_split_train_test,1,0.5869329402004936,1,0.5286054952189929
2731.json,barack-obama,mostly-true,0,fixed_split_train_test,1,0.5470521035620147,0,0.3198065552021484
3434.json,rick-perry,mostly-true,0,fixed_split_train_test,0,0.35091841075705976,0,0.36513206367488177
788.json,john-mccain,mostly-true,0,fixed_split_train_test,1,0.5401078319060069,1,0.505536220789245
1691.json,julian-assange,half-true,0,fixed_split_train_test,1,0.6291385117881226,1,0.5385245401117538
605.json,john-mccain,false,1,fixed_split_train_test,1,0.5357431350803776,0,0.491280941481578
6195.json,dan-ramos,false,1,fixed_split_train_test,0,0.31009579113953367,0,0.22091146573379222
1350.json,mitch-mcconnell,true,0,fixed_split_train_test,1,0.5453236507248372,1,0.5710823072335467
7706.json,sheldon-whitehouse,half-true,0,fixed_split_train_test,0,0.44565713262746287,0,0.3255222740243325
12037.json,ron-johnson,half-true,0,fixed_split_train_test,1,0.5472639118678791,1,0.5846452507568762
8710.json,brett-smiley,mostly-true,0,fixed_split_train_test,0,0.27195712150976004,0,0.25927135338121976
960.json,chuck-grassley,half-true,0,fixed_split_train_test,0,0.44420161063339564,0,0.3682667363813663
10544.json,rudy-giuliani,false,1,fixed_split_train_test,1,0.5481958650431061,0,0.489439578379708
4391.json,kinky-friedman,barely-true,1,fixed_split_train_test,0,0.4871970200644199,0,0.38292641160589636
13186.json,tim-kaine,half-true,0,fixed_split_train_test,1,0.5303637999706514,0,0.4498941058908584
9692.json,ed-macdougall,barely-true,1,fixed_split_train_test,1,0.5821239019795408,1,0.5982882190290391
7401.json,peter-courtney,mostly-true,0,fixed_split_train_test,0,0.34966465337498176,0,0.38264825133834907
13405.json,mike-pence,half-true,0,fixed_split_train_test,0,0.3013761071012934,0,0.34678160230907407
230.json,hillary-clinton,true,0,fixed_split_train_test,1,0.5799993146934421,0,0.4156212495625213
3037.json,tim-kaine,half-true,0,fixed_split_train_test,0,0.4153007232192475,0,0.41846162509439566
207.json,john-mccain,true,0,fixed_split_train_test,1,0.5399588547661417,0,0.44828217886460836
3608.json,mike-ford,false,1,fixed_split_train_test,1,0.6401084161651276,1,0.5794042421321797
3789.json,ameripac,barely-true,1,fixed_split_train_test,0,0.3370165658709533,0,0.39170698039170887
7775.json,ron-meyer,half-true,0,fixed_split_train_test,0,0.2994108479099618,0,0.22696144292607504
12160.json,viral-media-reports,barely-true,1,fixed_split_train_test,1,0.6181256077836041,1,0.5908720289663493
12870.json,america-rising-now,barely-true,1,fixed_split_train_test,0,0.43698483470877164,1,0.5311439262584405
10069.json,debbie-wasserman-schultz,false,1,fixed_split_train_test,1,0.6139310894616685,1,0.6190598498882692
3366.json,ward-armstrong,true,0,fixed_split_train_test,1,0.5732411584433065,1,0.5246909715368979
10806.json,john-taylor-2,true,0,fixed_split_train_test,0,0.44915274481989415,0,0.40086972586233527
9681.json,bryan-fischer,pants-fire,1,fixed_split_train_test,1,0.5954151173838537,1,0.6334186588023819
1015.json,newt-gingrich,barely-true,1,fixed_split_train_test,1,0.5230467984656286,1,0.6279377284495279
13486.json,rush-limbaugh,half-true,0,fixed_split_train_test,1,0.6079063041470962,1,0.7812328777408608
8798.json,bob-terry,false,1,fixed_split_train_test,0,0.40425083550005886,0,0.43810420290563895
2514.json,phil-gingrey,false,1,fixed_split_train_test,0,0.4637030471225927,1,0.5123181318664152
10633.json,glenn-beck,false,1,fixed_split_train_test,1,0.5410976762371763,1,0.748914040471964
10883.json,rebecca-quigley,false,1,fixed_split_train_test,0,0.40420313821350906,0,0.42562744776536093
13213.json,kamala-harris,half-true,0,fixed_split_train_test,0,0.4638563333220319,0,0.4233359123971419
5698.json,barack-obama,half-true,0,fixed_split_train_test,1,0.5161214002379664,0,0.3819843471938917
11701.json,lamar-smith,false,1,fixed_split_train_test,1,0.5226402433282323,1,0.5360303478123819
2315.json,blanche-lincoln,barely-true,1,fixed_split_train_test,1,0.6129696268358421,1,0.7609649983191111
4626.json,no-casinos,mostly-true,0,fixed_split_train_test,0,0.33789497675050145,0,0.2535595089961865
11307.json,donald-trump,barely-true,1,fixed_split_train_test,1,0.5255542455001965,1,0.7574034636394775
11925.json,tim-mcginty,true,0,fixed_split_train_test,0,0.49812748167075543,0,0.35606584426729493
4259.json,richard-codey,true,0,fixed_split_train_test,0,0.3991781146185221,1,0.5237125926644471
5061.json,chris-christie,pants-fire,1,fixed_split_train_test,0,0.37113524646849383,0,0.39930148428224466
4141.json,ann-marie-buerkle,half-true,0,fixed_split_train_test,1,0.5912185584369293,1,0.6420702140057467
4175.json,debbie-wasserman-schultz,half-true,0,fixed_split_train_test,0,0.4524002269782585,1,0.5038567855373118
9462.json,florida-democratic-party,mostly-true,0,fixed_split_train_test,1,0.5063473826062768,1,0.5782794333185752
3987.json,democratic-congressional-campaign-committee,mostly-true,0,fixed_split_train_test,1,0.5263019206940545,1,0.5126830044452716
293.json,vietnam-veterans-against-john-mccain,pants-fire,1,fixed_split_train_test,1,0.5734710160037007,1,0.7456748314427478
7728.json,chris-christie,mostly-true,0,fixed_split_train_test,1,0.5500657205748579,1,0.6005458809109006
2117.json,susana-martinez,half-true,0,fixed_split_train_test,1,0.5238100305594642,1,0.6434990229214627
4825.json,democratic-national-committee,half-true,0,fixed_split_train_test,1,0.6389580163428514,1,0.5619530881778375
9516.json,greg-abbott,barely-true,1,fixed_split_train_test,1,0.6005941889623831,1,0.5829745587079538
12834.json,donald-trump,false,1,fixed_split_train_test,1,0.606579903499701,1,0.8551676825988725
3980.json,piers-morgan,false,1,fixed_split_train_test,1,0.6369945990161855,0,0.4341246369516334
3231.json,herman-cain,half-true,0,fixed_split_train_test,0,0.2812297207048328,0,0.3711729021263712
386.json,john-mccain,mostly-true,0,fixed_split_train_test,1,0.6238571434551275,0,0.4814660345047303
11288.json,reid-ribble,half-true,0,fixed_split_train_test,1,0.5130664530251623,1,0.5571878342715817
660.json,mark-warner,half-true,0,fixed_split_train_test,1,0.5676270746522964,0,0.38665500718346824
1106.json,chain-email,true,0,fixed_split_train_test,0,0.41085759832037155,1,0.6993787948810902
2105.json,rick-perry,false,1,fixed_split_train_test,0,0.49859483559457174,1,0.6152070247706135
446.json,focus-family-action,barely-true,1,fixed_split_train_test,1,0.6178219822776552,1,0.567955913937967
10271.json,keisha-lance-bottoms,mostly-true,0,fixed_split_train_test,0,0.49150488996216407,0,0.478931203543075
4866.json,republican-national-committee-republican,half-true,0,fixed_split_train_test,1,0.5415062473175215,0,0.48587394460598454
8419.json,ted-cruz,false,1,fixed_split_train_test,0,0.4610370493226832,1,0.6519807156962447
3136.json,peter-kilmartin,half-true,0,fixed_split_train_test,0,0.4972197354428016,1,0.5098003416666775
12093.json,mark-herring,barely-true,1,fixed_split_train_test,1,0.5160027050269261,0,0.4849408253178176
317.json,bill-clinton,true,0,fixed_split_train_test,0,0.28591695055899014,0,0.25855981407703604
6295.json,josh-mandel,pants-fire,1,fixed_split_train_test,1,0.5347020256189076,1,0.5094450783588422
6610.json,bob-buckhorn,mostly-true,0,fixed_split_train_test,0,0.41059983241431147,0,0.31510795779599104
5597.json,susan-cole,true,0,fixed_split_train_test,0,0.2745242066505229,0,0.2743856699661743
1234.json,michael-moore,false,1,fixed_split_train_test,1,0.6601370992531361,1,0.5643203098740251
4995.json,jim-sensenbrenner,true,0,fixed_split_train_test,0,0.45232997238375605,1,0.5760364196176052
9095.json,facebook-posts,pants-fire,1,fixed_split_train_test,0,0.49454180117992935,1,0.6176329359927957
10451.json,john-boehner,half-true,0,fixed_split_train_test,1,0.5388296068021527,1,0.60902216509443
4679.json,rick-perry,half-true,0,fixed_split_train_test,0,0.2823803592915425,0,0.2550006356335102
6011.json,caroline-casagrande,mostly-true,0,fixed_split_train_test,0,0.4022157530027281,0,0.36221427310303744
255.json,chris-dodd,mostly-true,0,fixed_split_train_test,0,0.2824742859519727,0,0.32898462688967134
3664.json,victoria-taft,false,1,fixed_split_train_test,1,0.5730822765728829,1,0.608428137038923
11262.json,eric-bolling,false,1,fixed_split_train_test,0,0.34501475072015364,0,0.19271910311335239
9388.json,mike-collins,barely-true,1,fixed_split_train_test,1,0.5521397112800398,1,0.6015626324516945
12596.json,hillary-clinton,barely-true,1,fixed_split_train_test,0,0.37447919345053843,0,0.29849457062382356
8689.json,dennis-hastert,half-true,0,fixed_split_train_test,1,0.5715545207210614,1,0.5814944074074792
13420.json,hillary-clinton,true,0,fixed_split_train_test,1,0.5511230411518565,0,0.31093823369502793
11911.json,marco-rubio,barely-true,1,fixed_split_train_test,0,0.33669655550137967,0,0.42604866666864605
5450.json,ron-paul,half-true,0,fixed_split_train_test,1,0.5179444035880165,1,0.500443675613364
2993.json,rick-perry,mostly-true,0,fixed_split_train_test,0,0.42612753623919997,0,0.41699451773200463
3740.json,tim-kaine,half-true,0,fixed_split_train_test,0,0.28811098198783336,0,0.2582170845460107
12720.json,chris-christie,half-true,0,fixed_split_train_test,1,0.5867635365061086,1,0.5803863593195462
1653.json,democratic-national-committee,half-true,0,fixed_split_train_test,1,0.5487440468457141,1,0.5454618463222174
3731.json,barack-obama,true,0,fixed_split_train_test,0,0.31909176389408395,0,0.16658313864749336
8103.json,rick-kriseman,half-true,0,fixed_split_train_test,0,0.4361663568318681,1,0.5148844766364039
1439.json,democratic-national-committee,half-true,0,fixed_split_train_test,0,0.48411100576639915,0,0.3244991916965724
5779.json,michael-adams,half-true,0,fixed_split_train_test,0,0.3067111770435376,0,0.267940277863519
10567.json,thomas-tobin,false,1,fixed_split_train_test,0,0.43085729482999846,0,0.38638890716597585
10111.json,rick-scott,false,1,fixed_split_train_test,0,0.394637611504599,0,0.4539277468275225
11256.json,viral-image,mostly-true,0,fixed_split_train_test,1,0.608157739665922,1,0.7173035003763403
10543.json,scott-walker,false,1,fixed_split_train_test,1,0.5832207914757718,1,0.6699334562037758
7904.json,scott-walker,barely-true,1,fixed_split_train_test,0,0.39910281786002716,0,0.32450449704008616
4709.json,allen-west,barely-true,1,fixed_split_train_test,1,0.6034109767025434,1,0.761289913973181
8854.json,mary-burke,half-true,0,fixed_split_train_test,0,0.41099077867217715,0,0.31009205506161996
4116.json,john-boehner,false,1,fixed_split_train_test,1,0.5504174778449133,1,0.6168847093164227
5131.json,kriner-cash,mostly-true,0,fixed_split_train_test,0,0.3468168996816123,0,0.18302254665412673
11861.json,sarah-palin,false,1,fixed_split_train_test,1,0.5369718376929096,1,0.5315626727436309
9435.json,hillary-clinton,mostly-true,0,fixed_split_train_test,0,0.3479869975862107,0,0.2587093311412785
12805.json,joe-biden,mostly-true,0,fixed_split_train_test,0,0.4519628699861449,0,0.40625681178297623
9801.json,gina-raimondo,true,0,fixed_split_train_test,0,0.47924911109532575,0,0.3681939065048505
2195.json,rick-perry,false,1,fixed_split_train_test,1,0.6335593587894037,1,0.5880877644819974
11370.json,espn,mostly-true,0,fixed_split_train_test,0,0.39230672773707975,0,0.2796485121121751
9771.json,nextgen-climate,half-true,0,fixed_split_train_test,1,0.5323534826098486,0,0.3752330214699968
3676.json,adam-hasner,mostly-true,0,fixed_split_train_test,1,0.6458850662097898,1,0.6136954600887475
4615.json,tom-kean-jr,half-true,0,fixed_split_train_test,0,0.4432052969152873,0,0.3279672356762004
7742.json,metro,false,1,fixed_split_train_test,1,0.527051359363157,0,0.42752738049563643
2394.json,republican-governors-association,half-true,0,fixed_split_train_test,1,0.5306011676642708,1,0.6341256698251659
817.json,republican-national-committee-republican,pants-fire,1,fixed_split_train_test,1,0.6244422219574297,1,0.6610982130198456
13051.json,paul-wolfowitz,barely-true,1,fixed_split_train_test,1,0.5374855957556282,1,0.5844674999132397
11345.json,tammy-baldwin,half-true,0,fixed_split_train_test,1,0.5711525966445812,0,0.3700504908068499
7387.json,marco-rubio,barely-true,1,fixed_split_train_test,0,0.3867989956094923,0,0.4536142040833119
4400.json,new-hampshire-democratic-party,half-true,0,fixed_split_train_test,1,0.62009136054198,1,0.5483285977566831
3541.json,armond-budish,half-true,0,fixed_split_train_test,1,0.569143409421819,0,0.4491819348557128
12187.json,rick-scotts-starbucks-heckler,half-true,0,fixed_split_train_test,1,0.6061260211290097,1,0.6441184787472521
7340.json,barack-obama,true,0,fixed_split_train_test,0,0.4317046014568119,0,0.2388524812718895
10355.json,hank-huckaby,true,0,fixed_split_train_test,0,0.34083889589559324,0,0.22696453715391518
10467.json,rick-perry,half-true,0,fixed_split_train_test,0,0.38903597572020077,0,0.3802044710476251
8089.json,oregon-catalyst,false,1,fixed_split_train_test,0,0.49730489704364433,0,0.42091747631864956
12526.json,larry-yarborough,mostly-true,0,fixed_split_train_test,1,0.5257375627921089,0,0.4792423366735996
10898.json,al-sharpton,barely-true,1,fixed_split_train_test,1,0.5342919168267659,1,0.5884732435232366
7541.json,chris-christie,half-true,0,fixed_split_train_test,1,0.504057478625489,0,0.4914225717648387
7136.json,john-kitzhaber,barely-true,1,fixed_split_train_test,1,0.5573000057149773,0,0.45052341785024147
6325.json,michael-bloomberg,half-true,0,fixed_split_train_test,1,0.5376206089797806,0,0.49367128334443067
12855.json,richard-durbin,true,0,fixed_split_train_test,0,0.26178999088407084,0,0.29140317987448855
10512.json,leonidas-raptakis,false,1,fixed_split_train_test,0,0.29727976491505975,0,0.30727867029058376
12336.json,colorado-health-institute,mostly-true,0,fixed_split_train_test,0,0.4939579873231699,0,0.43438605442655165
11726.json,dan-patrick,barely-true,1,fixed_split_train_test,0,0.44602695321194963,0,0.38694240842367217
3904.json,brian-deese,half-true,0,fixed_split_train_test,0,0.35324113141408114,0,0.35955203441693495
6774.json,national-rifle-association,mostly-true,0,fixed_split_train_test,1,0.5181119630698391,1,0.5372182346770842
1324.json,rachel-maddow,barely-true,1,fixed_split_train_test,1,0.5228786219310427,1,0.6210144812023197
6813.json,paul-ryan,barely-true,1,fixed_split_train_test,1,0.5756996011729155,1,0.5692816475532247
9737.json,dbanj,false,1,fixed_split_train_test,0,0.3203787841218825,0,0.4837541902074725
6366.json,scott-garrett,barely-true,1,fixed_split_train_test,1,0.6210038447129975,1,0.7247189628019964
9316.json,harry-reid,mostly-true,0,fixed_split_train_test,0,0.45126520656138597,0,0.33367178724690355
992.json,barack-obama,mostly-true,0,fixed_split_train_test,0,0.2592947894636236,0,0.16198937202659786
699.json,john-mccain,half-true,0,fixed_split_train_test,1,0.6212560678822329,1,0.585014445513987
9033.json,rob-portman,true,0,fixed_split_train_test,0,0.28551478548155806,0,0.327237023605563
5950.json,mitt-romney,true,0,fixed_split_train_test,1,0.6818841176859891,1,0.5925504450627174
10041.json,dan-patrick,half-true,0,fixed_split_train_test,1,0.602596677242001,1,0.6163466609598491
5528.json,paul-sadler,true,0,fixed_split_train_test,1,0.5212139399276307,0,0.4357369170275887
8414.json,rick-kriseman,false,1,fixed_split_train_test,0,0.4120893521060357,0,0.46067244031532695
4189.json,national-republican-congressional-committee,false,1,fixed_split_train_test,1,0.5775311720813814,1,0.6713753227072673
9333.json,sean-hannity,half-true,0,fixed_split_train_test,1,0.6207356898825392,1,0.6402782094979149
9052.json,david-dewhurst,mostly-true,0,fixed_split_train_test,1,0.5974727481773353,1,0.6856582642914406
12478.json,sharron-angle,barely-true,1,fixed_split_train_test,0,0.4812793966642925,0,0.35787090793971676
1405.json,glenn-beck,barely-true,1,fixed_split_train_test,0,0.2637425390538792,0,0.25439231136731266
3235.json,barack-obama,false,1,fixed_split_train_test,1,0.5198772006970349,0,0.3612729953906327
1514.json,alex-sink,barely-true,1,fixed_split_train_test,0,0.4944509272509137,0,0.43995268540841104
6919.json,tim-kaine,barely-true,1,fixed_split_train_test,0,0.48247543492408906,0,0.3297670240808696
9774.json,republican-party-florida,false,1,fixed_split_train_test,1,0.53093816352351,1,0.5574473033061438
5640.json,chain-email,barely-true,1,fixed_split_train_test,1,0.5803736131503361,1,0.7568852244089948
9444.json,mary-burke,barely-true,1,fixed_split_train_test,0,0.46421651938595654,0,0.3912881157314431
12449.json,kelly-ayotte,mostly-true,0,fixed_split_train_test,1,0.5162342332039562,0,0.42847722478737055
4432.json,dan-ramos,mostly-true,0,fixed_split_train_test,0,0.48250113868423133,1,0.5457993394238146
5749.json,greg-abbott,half-true,0,fixed_split_train_test,1,0.5109131863362739,0,0.46973854540087107
8192.json,rene-garcia,barely-true,1,fixed_split_train_test,0,0.4228417306132072,0,0.46511743286906665
7886.json,christine-whitman,mostly-true,0,fixed_split_train_test,0,0.40495965301897535,0,0.44443395794020185
9431.json,americans-safe-access,barely-true,1,fixed_split_train_test,1,0.5551063786343721,0,0.43620519493880006
7721.json,bob-goodlatte,half-true,0,fixed_split_train_test,1,0.5142389632895189,0,0.3882685643819283
2616.json,christine-odonnell,pants-fire,1,fixed_split_train_test,1,0.6433194961673379,1,0.6365771422565863
2122.json,americans-job-security,half-true,0,fixed_split_train_test,0,0.48518633857370597,0,0.45843007168388056
1280.json,charlie-crist,barely-true,1,fixed_split_train_test,0,0.4806856915946378,0,0.3153633859349359
2477.json,steve-southerland,false,1,fixed_split_train_test,0,0.3515347660458543,0,0.2520421010703567
6123.json,eric-hovde,false,1,fixed_split_train_test,0,0.4260490530091099,0,0.430959529865435
7814.json,new-jersey-state-afl-cio,mostly-true,0,fixed_split_train_test,0,0.37789526704220566,0,0.2847744797272093
901.json,spencer-bachus,false,1,fixed_split_train_test,0,0.34257261783088055,0,0.3593796840647146
6720.json,rob-zerban,false,1,fixed_split_train_test,0,0.47271648727227256,0,0.4848179784921675
4628.json,hank-johnson,mostly-true,0,fixed_split_train_test,0,0.32696857579485455,0,0.2781260381623972
11303.json,jay-nixon,mostly-true,0,fixed_split_train_test,0,0.38699851504096594,0,0.36073354232216265
2986.json,talgo-inc,true,0,fixed_split_train_test,1,0.5285176082307698,1,0.5262835668068392
10783.json,representus,mostly-true,0,fixed_split_train_test,0,0.4654135198625119,0,0.4880659068245008
13350.json,patrick-murphy,half-true,0,fixed_split_train_test,1,0.6499240817887086,1,0.584565863172154
258.json,mitt-romney,true,0,fixed_split_train_test,0,0.4335765760695568,1,0.5144165408874121
1248.json,michael-moore,mostly-true,0,fixed_split_train_test,0,0.3955212044762785,0,0.3991226174687202
10450.json,rand-paul,half-true,0,fixed_split_train_test,0,0.3783596603557869,0,0.3172178688403214
8758.json,barack-obama,half-true,0,fixed_split_train_test,0,0.3045431885771938,0,0.2242538485902508
4442.json,ron-paul,half-true,0,fixed_split_train_test,1,0.5582980843038822,0,0.421552421968027
7930.json,pete-gallego,true,0,fixed_split_train_test,0,0.4860572811418277,0,0.3775685764169554
12122.json,paul-ryan,mostly-true,0,fixed_split_train_test,0,0.46997829757947757,0,0.41902442075066887
6678.json,leonard-lance,true,0,fixed_split_train_test,0,0.37582381314916713,0,0.26950578573681616
9957.json,facebook-posts,pants-fire,1,fixed_split_train_test,1,0.5146302555470568,1,0.6017866632239502
7111.json,sam-adams,barely-true,1,fixed_split_train_test,0,0.4132186892894536,0,0.2818935451339927
9235.json,blog-posting,pants-fire,1,fixed_split_train_test,1,0.6682399277399855,1,0.8477512458523893
1243.json,barney-bishop,false,1,fixed_split_train_test,0,0.4977745855430122,0,0.4067515573235514
5693.json,kathleen-falk,false,1,fixed_split_train_test,1,0.5787948910072426,1,0.5137631797699003
2305.json,john-boehner,true,0,fixed_split_train_test,1,0.5571806175657803,1,0.6508211255602574
2040.json,george-will,barely-true,1,fixed_split_train_test,1,0.5606715100868038,0,0.4579458597226764
9192.json,progressive-choice,true,0,fixed_split_train_test,1,0.5873750274591133,1,0.6378171928896589
11375.json,glenn-hegar,true,0,fixed_split_train_test,0,0.4670932383328338,0,0.313419597131921
9674.json,jeb-bush,mostly-true,0,fixed_split_train_test,0,0.30854933243353283,0,0.30498204140443025
3369.json,sam-adams,half-true,0,fixed_split_train_test,0,0.4039086609431014,0,0.2944793085141733
8855.json,wendy-davis,mostly-true,0,fixed_split_train_test,1,0.5531480527648622,1,0.5328028220065472
1641.json,michele-bachmann,false,1,fixed_split_train_test,1,0.5674228061445676,1,0.7449604569385492
9080.json,greg-morris,true,0,fixed_split_train_test,1,0.605453839246685,1,0.5097374675376845
4233.json,jennifer-granholm,mostly-true,0,fixed_split_train_test,0,0.37908103459733905,0,0.35230737659879746
12952.json,donald-trump,barely-true,1,fixed_split_train_test,1,0.5134216464235705,1,0.7627357107015516
2135.json,lincoln-chafee,false,1,fixed_split_train_test,0,0.46453420810440105,0,0.46373279652393434
7696.json,mark-pocan,barely-true,1,fixed_split_train_test,0,0.437671022300439,0,0.45661768393898716
11751.json,barack-obama,mostly-true,0,fixed_split_train_test,0,0.290002824506787,0,0.23503080253100583
2187.json,michael-bloomberg,false,1,fixed_split_train_test,0,0.3444395498120643,0,0.31086492520375303
3196.json,rick-scott,false,1,fixed_split_train_test,0,0.49133407777006016,0,0.4790447074838166
6263.json,ovide-lamontagne,half-true,0,fixed_split_train_test,0,0.26669581037186824,0,0.24397833775880573
2774.json,scott-walker,half-true,0,fixed_split_train_test,1,0.5518358347152836,1,0.6275392380760175
6555.json,teresa-fedor,true,0,fixed_split_train_test,0,0.49982769360058554,0,0.4444658178725072
8961.json,david-brooks,half-true,0,fixed_split_train_test,1,0.510351371529611,0,0.32853824735705756
8011.json,elliott-naishtat,true,0,fixed_split_train_test,1,0.5720627350196639,1,0.6023708924554305
1290.json,ginny-brown-waite,barely-true,1,fixed_split_train_test,1,0.5286275437923333,1,0.5707250262672464
9151.json,michael-mccaul,true,0,fixed_split_train_test,1,0.6009992314380603,1,0.5590753489685274
11625.json,greg-abbott,mostly-true,0,fixed_split_train_test,0,0.30611557389328714,0,0.2828119139231082
7426.json,bill-jackson,pants-fire,1,fixed_split_train_test,0,0.4843913181540029,0,0.47811072125117116
1462.json,kay-bailey-hutchison,mostly-true,0,fixed_split_train_test,1,0.6535098104571594,1,0.5603798966423654
1777.json,john-cornyn,true,0,fixed_split_train_test,1,0.5540458347813181,1,0.5572966721624133
12982.json,reince-priebus,half-true,0,fixed_split_train_test,1,0.5649926540436991,1,0.6641571236041268
6015.json,reince-priebus,false,1,fixed_split_train_test,0,0.46250836830218506,1,0.5859748626403211
12520.json,hillary-clinton,true,0,fixed_split_train_test,0,0.43063391308638177,0,0.31067473916186383
8944.json,lawrence-odonnell,mostly-true,0,fixed_split_train_test,0,0.49502542122189297,0,0.48264191328211303
6035.json,eric-fehrnstrom,half-true,0,fixed_split_train_test,0,0.4290486344923642,0,0.3816384049983004
10309.json,michael-needham,mostly-true,0,fixed_split_train_test,1,0.5199243608787546,1,0.5679338763030662
7336.json,texas-federation-republican-women,barely-true,1,fixed_split_train_test,0,0.3610337340591349,0,0.41378171933401703
7726.json,ed-fitzgerald,false,1,fixed_split_train_test,1,0.5910034818831749,1,0.6053684046494805
12768.json,kirsten-gillibrand,mostly-true,0,fixed_split_train_test,0,0.4085382981424141,0,0.38934657960237173
12012.json,chris-koster,mostly-true,0,fixed_split_train_test,0,0.34457697451898844,0,0.40797704827274023
5710.json,joe-biden,false,1,fixed_split_train_test,0,0.4272929092918706,0,0.42399083982601876
376.json,barack-obama,half-true,0,fixed_split_train_test,1,0.5712195827031584,0,0.3930293044900142
4198.json,ohio-democratic-party,pants-fire,1,fixed_split_train_test,1,0.6179174733716488,1,0.5638439205940329
4901.json,florida-democratic-party,barely-true,1,fixed_split_train_test,1,0.58134330692144,1,0.6910085783076809
7806.json,leah-vukmir,false,1,fixed_split_train_test,0,0.4242921527876172,0,0.3729942212090447
12537.json,donald-trump,false,1,fixed_split_train_test,0,0.40763941086245803,1,0.5334935371630037
3593.json,rick-scott,mostly-true,0,fixed_split_train_test,0,0.3608514895032785,0,0.27390791284382104
9779.json,occupy-democrats,pants-fire,1,fixed_split_train_test,1,0.5506617377465618,1,0.6506985132845955
8990.json,john-kerry,mostly-true,0,fixed_split_train_test,1,0.5267911262601098,0,0.46905584796428595
3979.json,george-allen,false,1,fixed_split_train_test,1,0.6175975973478103,1,0.6830575259774284
10897.json,rick-perry,true,0,fixed_split_train_test,0,0.4167236961920595,0,0.4097218402583688
4841.json,eileen-brady,mostly-true,0,fixed_split_train_test,1,0.5292299771216149,1,0.6580506695908801
2570.json,russ-feingold,half-true,0,fixed_split_train_test,0,0.36693015583386,0,0.3553782696369927
4068.json,lisa-hamler-fugitt,mostly-true,0,fixed_split_train_test,0,0.2709392819075178,0,0.2073352033394906
12301.json,john-oliver,mostly-true,0,fixed_split_train_test,1,0.5170510716682191,0,0.3763389322704284
7236.json,rick-scott,half-true,0,fixed_split_train_test,0,0.3450388003396263,0,0.30681756125075416
6571.json,chris-christie,half-true,0,fixed_split_train_test,0,0.45987779692241115,0,0.3568916691675805
2640.json,chuck-riley,false,1,fixed_split_train_test,1,0.5171057597563957,1,0.6156539657714224
13512.json,blog-posting,pants-fire,1,fixed_split_train_test,1,0.603597341580071,1,0.8222953138983431
166.json,mitt-romney,half-true,0,fixed_split_train_test,0,0.40759470739902764,0,0.41058622258826405
7329.json,mayors-against-illegal-guns,half-true,0,fixed_split_train_test,0,0.3857487558369327,0,0.2909028732635132
13385.json,donald-trump,mostly-true,0,fixed_split_train_test,1,0.5286369057038292,1,0.6803054051445523
7827.json,meals-wheels-rhode-island,barely-true,1,fixed_split_train_test,0,0.3295982092344563,0,0.34815564202335914
11670.json,american-action-network,barely-true,1,fixed_split_train_test,0,0.48498162640759784,0,0.4815845546434885
13029.json,national-republican-senatorial-committee,barely-true,1,fixed_split_train_test,1,0.535381661413431,1,0.5919500309878687
9937.json,jeanne-shaheen,mostly-true,0,fixed_split_train_test,0,0.36056579598125116,0,0.306150998345261
2811.json,mark-warner,mostly-true,0,fixed_split_train_test,0,0.4179152309867841,1,0.5049809301384081
6333.json,chris-christie,false,1,fixed_split_train_test,0,0.2671735156851251,0,0.2597792530382426
5124.json,restore-our-future,pants-fire,1,fixed_split_train_test,0,0.49608572178052684,1,0.5499270834099863
66.json,john-edwards,true,0,fixed_split_train_test,0,0.4229168766990204,0,0.3959566315011093
5403.json,bruce-starr,mostly-true,0,fixed_split_train_test,0,0.49511686311977604,1,0.5316226396158223
9437.json,scott-walker,half-true,0,fixed_split_train_test,1,0.5751500079378576,1,0.5918081890775602
235.json,john-mccain,true,0,fixed_split_train_test,1,0.5633277011595172,0,0.4548790333068228
793.json,barack-obama,half-true,0,fixed_split_train_test,0,0.4947332739613556,0,0.34004203278419076
11080.json,rick-perry,barely-true,1,fixed_split_train_test,0,0.31236244477300346,0,0.2800657320416873
9489.json,scott-walker,false,1,fixed_split_train_test,1,0.5586035757195922,1,0.5504727807680759
1444.json,barack-obama,mostly-true,0,fixed_split_train_test,0,0.4316133919974116,0,0.3846422790322812
2484.json,alan-grayson,half-true,0,fixed_split_train_test,1,0.5182847689455389,0,0.46059784577733753
5836.json,mary-nolan,half-true,0,fixed_split_train_test,1,0.6047915023247459,1,0.5933829320844185
12.json,mike-huckabee,false,1,fixed_split_train_test,0,0.4686366566222614,1,0.5001714274627277
11588.json,viral-media-reports,false,1,fixed_split_train_test,1,0.5408307072823219,1,0.5259230801619312
6264.json,eric-cantor,barely-true,1,fixed_split_train_test,0,0.42762055041894576,1,0.5244127553504759
13324.json,donald-trump,mostly-true,0,fixed_split_train_test,0,0.4372213155252993,1,0.649619642840898
5230.json,nathan-deal,true,0,fixed_split_train_test,0,0.38146594468496886,0,0.3073216279886716
8519.json,americans-prosperity,false,1,fixed_split_train_test,1,0.5915994127339058,1,0.5024016951633005
6900.json,karen-huber,half-true,0,fixed_split_train_test,1,0.6105378928965935,1,0.6427556840789189
10524.json,lloyd-doggett,true,0,fixed_split_train_test,1,0.5645910423089012,0,0.41742671245674023
12599.json,thomas-perez,true,0,fixed_split_train_test,0,0.41445569807803445,0,0.40521767917683377
917.json,eric-cantor,false,1,fixed_split_train_test,1,0.512654847095848,1,0.6270993135021511
8336.json,grover-fugate,true,0,fixed_split_train_test,1,0.5151547077466139,0,0.4705117066583854
6811.json,barack-obama,mostly-true,0,fixed_split_train_test,1,0.5693467071766364,0,0.43620449510162435
7084.json,dan-patrick,true,0,fixed_split_train_test,0,0.48645626735076813,0,0.46264673076801877
7900.json,john-nygren,half-true,0,fixed_split_train_test,0,0.4480661329079118,0,0.40986103785733385
9323.json,julian-castro,true,0,fixed_split_train_test,1,0.6302795698277697,1,0.5387931750340078
1460.json,bill-white,true,0,fixed_split_train_test,0,0.33354604129156884,0,0.2734756819870461
7607.json,john-kasich,pants-fire,1,fixed_split_train_test,1,0.543924515140856,0,0.4318187023008132
1061.json,lynn-westmoreland,barely-true,1,fixed_split_train_test,0,0.4741318354289854,0,0.44866060899184745
12321.json,pat-mccrory,true,0,fixed_split_train_test,0,0.2908562787747897,0,0.30673335092329806
6473.json,stephanie-cutter,true,0,fixed_split_train_test,0,0.40769095694426244,1,0.6060265391219296
12546.json,blog-posting,false,1,fixed_split_train_test,1,0.6283259824124799,1,0.8658017074773263
2877.json,scott-walker,false,1,fixed_split_train_test,1,0.5590839852245076,0,0.4886038275125282
9432.json,rachel-maddow,mostly-true,0,fixed_split_train_test,1,0.5840428273397146,1,0.5793776999608609
7145.json,john-kitzhaber,true,0,fixed_split_train_test,0,0.35311416216098696,0,0.33206410249436846
2760.json,sierra-club,barely-true,1,fixed_split_train_test,1,0.5736504464363845,0,0.47808364193760683
6945.json,crossroads-gps,barely-true,1,fixed_split_train_test,1,0.6010425073615147,1,0.530617111698995
4899.json,newt-gingrich,false,1,fixed_split_train_test,0,0.45342177787622656,1,0.6663340940766357
10906.json,facebook-posts,pants-fire,1,fixed_split_train_test,1,0.5741628690048243,1,0.6463046149189443
3885.json,new-jersey-sierra-club,half-true,0,fixed_split_train_test,0,0.28384208042262743,0,0.22507732293047622
11150.json,centers-disease-control,true,0,fixed_split_train_test,1,0.5632096409412551,1,0.5791865097418555
6953.json,bill-nelson,half-true,0,fixed_split_train_test,1,0.591110261838609,1,0.5652965306568304
5510.json,steve-rothman,mostly-true,0,fixed_split_train_test,0,0.31614531708151467,0,0.35041959104562037
3455.json,robin-wright,true,0,fixed_split_train_test,1,0.510457397928995,1,0.5226887110141722
10061.json,rick-scott,half-true,0,fixed_split_train_test,1,0.5455388626844261,1,0.570060958100761
9927.json,julie-pace,mostly-true,0,fixed_split_train_test,1,0.6046421294642635,1,0.5778645190496617
2316.json,charlie-crist,mostly-true,0,fixed_split_train_test,0,0.31104661515107773,0,0.28161211806010855
11276.json,ron-bergeron,mostly-true,0,fixed_split_train_test,0,0.41602820038923743,0,0.2969493083859386
1497.json,eve-schatelowitz-alcantar,false,1,fixed_split_train_test,0,0.481471268276361,0,0.4596374159486863
4337.json,ron-kind,half-true,0,fixed_split_train_test,0,0.3828368641198665,0,0.3548065314349273
4543.json,bill-oreilly,barely-true,1,fixed_split_train_test,1,0.5855158546515954,1,0.5957269958019951
5091.json,jon-huntsman,false,1,fixed_split_train_test,1,0.5936395508670558,1,0.5498065914833746
40.json,democratic-national-committee,true,0,fixed_split_train_test,1,0.5600321011577652,0,0.4400633341966132
2852.json,sherrod-brown,mostly-true,0,fixed_split_train_test,0,0.27652068661666585,0,0.23011256548418657
2506.json,scott-bruun,barely-true,1,fixed_split_train_test,1,0.538009824147337,1,0.5844946709589904
4212.json,john-kasich,true,0,fixed_split_train_test,0,0.3540584561282993,0,0.4380550762138423
10474.json,greg-abbott,half-true,0,fixed_split_train_test,0,0.35812497862417575,0,0.3457453477076801
10117.json,rick-scott,half-true,0,fixed_split_train_test,1,0.5499983992516425,1,0.5325778787283008
7877.json,john-lewis,mostly-true,0,fixed_split_train_test,0,0.3153478737660272,0,0.269326852366199
12051.json,ted-cruz,mostly-true,0,fixed_split_train_test,1,0.5626035990409212,1,0.7194055975613179
3957.json,national-republican-senatorial-committee,false,1,fixed_split_train_test,1,0.5354989245644441,1,0.6703786380203142
10893.json,jeb-bush,mostly-true,0,fixed_split_train_test,0,0.3120926080567797,0,0.33709336949254026
1623.json,charlie-crist,true,0,fixed_split_train_test,1,0.5265760753305282,0,0.3708983594320103
6428.json,salmon-all,half-true,0,fixed_split_train_test,1,0.5143264747957687,1,0.5681776999955022
4287.json,greater-wisconsin-political-fund,half-true,0,fixed_split_train_test,1,0.5512211739711466,1,0.5752826525684651
9793.json,ending-spending-action-fund,barely-true,1,fixed_split_train_test,0,0.4552393676571312,1,0.5227699111870105
2910.json,donald-carcieri,mostly-true,0,fixed_split_train_test,0,0.47084952427346066,0,0.4889583682636798
4653.json,barack-obama,true,0,fixed_split_train_test,1,0.558023206356914,0,0.33128147126776425
12279.json,robby-mook,mostly-true,0,fixed_split_train_test,1,0.5170117196908226,0,0.4613458973547724
6982.json,barack-obama,half-true,0,fixed_split_train_test,1,0.520163107691679,0,0.322749323953612
11802.json,bernie-s,mostly-true,0,fixed_split_train_test,1,0.5488196100511853,0,0.38598123127974526
4609.json,mitt-romney,false,1,fixed_split_train_test,1,0.5752821238150321,1,0.5071453874594257
8115.json,michelle-nunn,true,0,fixed_split_train_test,1,0.5409176915155398,0,0.48792954037630465
11296.json,viral-image,false,1,fixed_split_train_test,1,0.552195915487494,1,0.5438522636225496
9093.json,rick-scott,barely-true,1,fixed_split_train_test,1,0.5699124641169895,1,0.5986801497259671
10799.json,anonymous-cyber-squatter,half-true,0,fixed_split_train_test,1,0.5166184071396308,0,0.45980387871745393
9383.json,dawson-hodgson,barely-true,1,fixed_split_train_test,1,0.5767299300828508,0,0.44709605522118495
12009.json,mitt-romney,false,1,fixed_split_train_test,1,0.5249749640140399,1,0.5912511787173003
7223.json,kenneth-block,mostly-true,0,fixed_split_train_test,0,0.48846567880775354,0,0.38749148056889116
11118.json,john-oliver,true,0,fixed_split_train_test,0,0.3942443736502942,0,0.271652022863362
3381.json,rick-scott,mostly-true,0,fixed_split_train_test,1,0.5107772312185868,1,0.505975477735872
7244.json,dawson-hodgson,false,1,fixed_split_train_test,0,0.4203034087775003,0,0.3586409799777107
2581.json,julie-lassa,barely-true,1,fixed_split_train_test,1,0.5981653899014812,0,0.4416229471331646
2958.json,city-beaverton,false,1,fixed_split_train_test,0,0.29520349042498223,0,0.19375638269645742
12179.json,blog-posting,pants-fire,1,fixed_split_train_test,1,0.6045398184448896,1,0.764998504376611
11373.json,viral-image,barely-true,1,fixed_split_train_test,1,0.5216055120033593,1,0.5430131241510386
2114.json,georgia-politicians,barely-true,1,fixed_split_train_test,1,0.5043939530446946,1,0.5146756356163195
9588.json,david-perdue,half-true,0,fixed_split_train_test,1,0.5208111756642041,1,0.5811381044866025
3430.json,eric-cantor,half-true,0,fixed_split_train_test,1,0.6156295121141683,1,0.6782596698003448
9364.json,angel-taveras,barely-true,1,fixed_split_train_test,0,0.36547122226560547,0,0.4195726923060581
10695.json,rick-santorum,true,0,fixed_split_train_test,0,0.35000011390355285,0,0.43354771938401165
1158.json,anthony-weiner,barely-true,1,fixed_split_train_test,0,0.4040990338614393,1,0.6023434479645531
5848.json,bill-johnson,false,1,fixed_split_train_test,1,0.5819144361977748,1,0.56921069274739
10561.json,tom-graves,half-true,0,fixed_split_train_test,1,0.5250930072426497,1,0.618962057267182
512.json,barack-obama,true,0,fixed_split_train_test,0,0.4946302511201614,0,0.23499080302039302
5815.json,steve-rothman,barely-true,1,fixed_split_train_test,1,0.5716993825693297,1,0.6001342283669714
12906.json,paul-manafort,half-true,0,fixed_split_train_test,1,0.5630458317230675,1,0.6444031381946091
7909.json,barry-bone,true,0,fixed_split_train_test,1,0.5251478280001892,0,0.488591783721763
7044.json,voters-first-ohio,barely-true,1,fixed_split_train_test,1,0.5226542923764332,0,0.4047300240851008
11284.json,jeb-bush,half-true,0,fixed_split_train_test,0,0.4167654515709386,0,0.4148360024549613
11761.json,ted-cruz,true,0,fixed_split_train_test,0,0.48499971208699116,1,0.5788141744892698
13291.json,catherine-cortez-masto,half-true,0,fixed_split_train_test,1,0.5961608949077422,1,0.6456241436583512
6933.json,mitt-romney,half-true,0,fixed_split_train_test,0,0.46181600616834934,0,0.4299547423228664
9916.json,pam-bondi,mostly-true,0,fixed_split_train_test,1,0.5064995883774066,0,0.3364421910254471
9248.json,alicia-menendez,true,0,fixed_split_train_test,0,0.2770543269911137,0,0.17992017811768954
544.json,joe-biden,barely-true,1,fixed_split_train_test,1,0.5458236904905659,0,0.4066744413420163
3679.json,john-kasich,false,1,fixed_split_train_test,1,0.6387296505312202,1,0.6093126108454858
11825.json,paul-saldana,half-true,0,fixed_split_train_test,1,0.5361433822318195,1,0.5393964277133411
7420.json,josh-mandel,mostly-true,0,fixed_split_train_test,0,0.44374184982201725,0,0.47662163946156927
2723.json,ted-strickland,pants-fire,1,fixed_split_train_test,1,0.6399541210896129,0,0.4513255550890411
5530.json,johnny-isakson,barely-true,1,fixed_split_train_test,0,0.4082432191107636,0,0.36921831193081084
4617.json,michele-bachmann,half-true,0,fixed_split_train_test,0,0.48918665244971204,0,0.44037766942881645
4498.json,rush-holt,true,0,fixed_split_train_test,0,0.3132138849598196,0,0.22627049366069668
2994.json,boyd-richie,barely-true,1,fixed_split_train_test,1,0.6146538193875553,1,0.7375113767482886
1184.json,charles-boustany,barely-true,1,fixed_split_train_test,1,0.6561399347844294,1,0.6788162613368193
11169.json,marco-rubio,mostly-true,0,fixed_split_train_test,1,0.5680847767908344,1,0.646916172614001
8924.json,david-perdue,mostly-true,0,fixed_split_train_test,0,0.30973833297774306,0,0.25446938988444756
3194.json,chris-abele,false,1,fixed_split_train_test,1,0.5068786484420699,1,0.5952129846317709
985.json,rachel-maddow,false,1,fixed_split_train_test,1,0.616131787515681,1,0.5494303548757784
7379.json,barack-obama,mostly-true,0,fixed_split_train_test,0,0.4226907446393207,0,0.303973775550746
2926.json,ted-poe,barely-true,1,fixed_split_train_test,0,0.334841917143722,0,0.2983432059032597
5283.json,phil-gingrey,half-true,0,fixed_split_train_test,0,0.40122179396999746,0,0.45071783052235526
4204.json,tom-leppert,false,1,fixed_split_train_test,1,0.6697267066767509,1,0.745240849949701
7288.json,terry-mcauliffe,false,1,fixed_split_train_test,1,0.5963730957333785,1,0.6416457587319875
10223.json,russ-girling,false,1,fixed_split_train_test,1,0.5260446043461839,0,0.4512652257191436
4526.json,mike-mccabe,false,1,fixed_split_train_test,1,0.6191083660162866,1,0.5804409636180355
10493.json,ted-cruz,mostly-true,0,fixed_split_train_test,1,0.6555886427743451,1,0.771633478620523
6812.json,americans-tax-reform,barely-true,1,fixed_split_train_test,0,0.3853792789209134,1,0.6247355142305157
13214.json,oxfam-america,mostly-true,0,fixed_split_train_test,0,0.2854058665802636,0,0.22393738931045262
12662.json,charles-ramsey,mostly-true,0,fixed_split_train_test,0,0.3711842570273639,0,0.3085601015660933
3933.json,rick-santorum,false,1,fixed_split_train_test,0,0.41795249729649875,0,0.41916115266011333
7268.json,scott-walker,mostly-true,0,fixed_split_train_test,0,0.2661256654095765,0,0.26483836721188475
2717.json,marco-rubio,half-true,0,fixed_split_train_test,0,0.3207288634550424,0,0.3248312655942248
2252.json,tim-kaine,half-true,0,fixed_split_train_test,1,0.5495721787736846,1,0.5763636475254793
3029.json,scott-walker,mostly-true,0,fixed_split_train_test,1,0.541749568784968,1,0.5867799708197887
3471.json,jeff-stone,half-true,0,fixed_split_train_test,1,0.5974469184538034,1,0.6358611569268849
3710.json,nathan-deal,true,0,fixed_split_train_test,0,0.30787209172024654,0,0.24253146094536593
1855.json,bill-white,mostly-true,0,fixed_split_train_test,1,0.5102959293137027,1,0.641482776773165
7771.json,joee-lindbeck,half-true,0,fixed_split_train_test,0,0.399229901993746,0,0.32864931091229643
13409.json,donald-trump,barely-true,1,fixed_split_train_test,0,0.2777000884923181,0,0.4663846745151812
5101.json,mitt-romney,half-true,0,fixed_split_train_test,0,0.43109333016454093,0,0.37523428426845895
7356.json,sherrod-brown,true,0,fixed_split_train_test,0,0.34547852467081097,0,0.23769357025403856
4568.json,new-jersey-democratic-state-committee,barely-true,1,fixed_split_train_test,1,0.5104532700114052,0,0.4952198768425374
2099.json,john-boehner,false,1,fixed_split_train_test,1,0.5547323792243475,1,0.5897122811980664
1849.json,john-oxendine,half-true,0,fixed_split_train_test,0,0.33079187323916825,0,0.29880730435056213
7790.json,john-depetro,pants-fire,1,fixed_split_train_test,1,0.5991407486451792,1,0.6853591372426018
6320.json,barack-obama,mostly-true,0,fixed_split_train_test,1,0.6535902570804868,1,0.5851174960600902
3500.json,greater-wisconsin-political-fund,half-true,0,fixed_split_train_test,1,0.6878156596135383,1,0.669865343705643
2460.json,steve-kagen,pants-fire,1,fixed_split_train_test,1,0.6748866451131261,1,0.6324456653670216
1948.json,john-faulk,false,1,fixed_split_train_test,1,0.5003975352005481,1,0.5097067176962546
10739.json,karl-rove,mostly-true,0,fixed_split_train_test,1,0.6062476243818529,0,0.4197357011919443
13020.json,catherine-cortez-masto,mostly-true,0,fixed_split_train_test,0,0.4914945063711348,1,0.5998577578972107
1119.json,barack-obama,false,1,fixed_split_train_test,0,0.4372329261977881,0,0.38940603713023203
13128.json,donald-trump,mostly-true,0,fixed_split_train_test,0,0.4791091381911723,1,0.7217772784137717
11050.json,generation-forward-pac,mostly-true,0,fixed_split_train_test,1,0.5713411623080239,1,0.5028103754246795
7195.json,lenny-curry,barely-true,1,fixed_split_train_test,1,0.6091756302099388,1,0.5719930510226844
13047.json,donald-trump,half-true,0,fixed_split_train_test,0,0.445584924691752,1,0.7106633847865167
2560.json,future-pac-oregon-house-democrats,pants-fire,1,fixed_split_train_test,1,0.570067763967665,1,0.6305049256615873
8463.json,chris-abele,false,1,fixed_split_train_test,0,0.333679774168671,0,0.35359733011071215
3458.json,morgan-griffith,barely-true,1,fixed_split_train_test,0,0.4500802454657481,0,0.39780118446977275
8352.json,blog-posting,pants-fire,1,fixed_split_train_test,1,0.6225325666355073,1,0.8298242934217941
11847.json,national-republican-senatorial-committee,barely-true,1,fixed_split_train_test,1,0.637869049404415,1,0.6988110880695695
8170.json,eric-cantor,pants-fire,1,fixed_split_train_test,1,0.6176224774403036,1,0.6802104601136758
10293.json,steve-adler,mostly-true,0,fixed_split_train_test,1,0.5451465696267771,1,0.5619086026867515
5314.json,kathleen-clyde,true,0,fixed_split_train_test,0,0.3981011630678574,0,0.2795550620692491
2625.json,jack-conway,mostly-true,0,fixed_split_train_test,1,0.5669414897537509,1,0.6849904725020968
12749.json,donald-trump,half-true,0,fixed_split_train_test,0,0.2749662117782309,0,0.27756062281661037
6905.json,paul-ryan,mostly-true,0,fixed_split_train_test,0,0.31908192662917945,0,0.32448149705298074
10672.json,sally-kohn,false,1,fixed_split_train_test,0,0.264997554980916,0,0.3589210143889333
2217.json,rachel-maddow,half-true,0,fixed_split_train_test,1,0.6457910737256629,1,0.625436813848443
10232.json,mitch-mcconnell,barely-true,1,fixed_split_train_test,0,0.3749471182972483,0,0.4094868227042837
7230.json,chris-christie,half-true,0,fixed_split_train_test,0,0.4185062050319916,0,0.3744389833386895
4993.json,maciver-institute,barely-true,1,fixed_split_train_test,1,0.6309530644309866,1,0.6612402797078166
794.json,barack-obama,half-true,0,fixed_split_train_test,0,0.4525713635897233,0,0.2733897580774369
12011.json,donald-trump,half-true,0,fixed_split_train_test,0,0.39192395423241994,1,0.5210169539855233
8946.json,rachel-maddow,true,0,fixed_split_train_test,0,0.49833279909231976,1,0.5361196935664139
3508.json,david-prosser,pants-fire,1,fixed_split_train_test,1,0.552969691924739,1,0.657234670100176
3306.json,rob-woodall,half-true,0,fixed_split_train_test,0,0.3906902533108838,0,0.32111913945798953
1189.json,tom-price,mostly-true,0,fixed_split_train_test,0,0.3199917260474995,0,0.40156749413887544
9107.json,alison-lundergan-grimes,true,0,fixed_split_train_test,1,0.5212458005943496,0,0.4642271208700125
809.json,barack-obama,true,0,fixed_split_train_test,1,0.5421688319383442,0,0.3220426422970619
171.json,rudy-giuliani,false,1,fixed_split_train_test,1,0.6181728963799753,1,0.6076072959467137
1739.json,kay-bailey-hutchison,half-true,0,fixed_split_train_test,1,0.612149490823041,1,0.6359489617930209
9047.json,david-dewhurst,mostly-true,0,fixed_split_train_test,1,0.5927269472916079,1,0.6169498440813223
7685.json,linda-finn,half-true,0,fixed_split_train_test,1,0.5447479881068097,0,0.4764718854696295
13490.json,don-beyer,false,1,fixed_split_train_test,0,0.33811631992814195,0,0.27753779751740537
10962.json,sheldon-whitehouse,true,0,fixed_split_train_test,0,0.30448568750808974,0,0.22866544227807473
7845.json,chris-christie,half-true,0,fixed_split_train_test,0,0.4732647480044234,0,0.3326170708200549
10388.json,jonathan-turley,barely-true,1,fixed_split_train_test,1,0.5878656614475261,1,0.6806004643578742
180.json,bill-richardson,false,1,fixed_split_train_test,1,0.571788973301689,0,0.460239063288461
781.json,barack-obama,false,1,fixed_split_train_test,0,0.4103247411022858,0,0.29363753205272314
12627.json,hillary-clinton,true,0,fixed_split_train_test,0,0.48324005346381393,0,0.28894580054837476
2594.json,joe-manchin,true,0,fixed_split_train_test,1,0.605551560917498,0,0.4550305962244318
7543.json,michele-bachmann,pants-fire,1,fixed_split_train_test,1,0.5459108957736533,1,0.6398871291623685
7073.json,priorities-usa-action,barely-true,1,fixed_split_train_test,1,0.599467991087715,1,0.5888208374690956
12195.json,mark-pocan,true,0,fixed_split_train_test,0,0.38832515475467755,0,0.4945390560074292
13190.json,mike-pence,barely-true,1,fixed_split_train_test,1,0.5656030951366542,1,0.6896394319344237
7447.json,greg-abbott,true,0,fixed_split_train_test,1,0.5713476068604193,1,0.5335236745206723
9472.json,oregon-department-agriculture,half-true,0,fixed_split_train_test,0,0.3918405533298121,0,0.3927071166592652
12368.json,donald-trump,barely-true,1,fixed_split_train_test,0,0.4538152010501262,1,0.5697682533754688
5788.json,frank-wolf,true,0,fixed_split_train_test,1,0.5460328034414702,1,0.6828649085054441
6665.json,barack-obama,half-true,0,fixed_split_train_test,1,0.58801683449005,0,0.3045265181348137
10858.json,facebook-posts,pants-fire,1,fixed_split_train_test,0,0.4159287458605466,1,0.574375587502666
3522.json,jason-haas,false,1,fixed_split_train_test,1,0.5258840703125198,0,0.35868348278228424
6469.json,americans-prosperity,false,1,fixed_split_train_test,1,0.5527801465362558,1,0.5025723187497405
13502.json,sean-duffy,barely-true,1,fixed_split_train_test,1,0.6272969676049756,1,0.6499672443442099
9834.json,edward-flynn,mostly-true,0,fixed_split_train_test,0,0.28350837305600174,0,0.3542253907906072
7991.json,phil-burress,half-true,0,fixed_split_train_test,1,0.5050447535523861,1,0.6711628968730156
7994.json,jonathan-stickland,barely-true,1,fixed_split_train_test,0,0.38062382824343044,0,0.3985266526770431
10846.json,scott-walker,false,1,fixed_split_train_test,1,0.6296071650212357,1,0.604951037127984
8830.json,rick-scott,half-true,0,fixed_split_train_test,0,0.36567199859316446,0,0.3098880771000099
6033.json,bill-nelson,true,0,fixed_split_train_test,0,0.4565673277866609,0,0.4041004244868704
700.json,john-mccain,true,0,fixed_split_train_test,1,0.5758589759314228,1,0.5030434808900792
12214.json,bernie-s,mostly-true,0,fixed_split_train_test,0,0.361490429767652,0,0.34640240247598847
11661.json,occupy-democrats,false,1,fixed_split_train_test,0,0.4296021799552802,1,0.538017154574793
8986.json,barack-obama,mostly-true,0,fixed_split_train_test,0,0.3338369702286817,0,0.22323321033675417
6922.json,lois-frankel,barely-true,1,fixed_split_train_test,1,0.5029171868320798,1,0.530241332220467
2738.json,georgia-house-democratic-caucus-behalf-elena-paren,false,1,fixed_split_train_test,1,0.5692453031353173,1,0.518996235316283
7416.json,david-plouffe,barely-true,1,fixed_split_train_test,1,0.5802096266950247,1,0.6470799471711777
9101.json,barbara-boxer,half-true,0,fixed_split_train_test,0,0.4246581803119834,0,0.36964183300264586
2494.json,mark-belling,pants-fire,1,fixed_split_train_test,1,0.6295667686968,1,0.6189700484467907
553.json,wesley-clark,false,1,fixed_split_train_test,0,0.482478071976943,1,0.554833178276581
574.json,campaign-money-watch,true,0,fixed_split_train_test,0,0.4176066406073254,0,0.44537839798620854
1262.json,glenn-beck,false,1,fixed_split_train_test,0,0.4925478541435224,1,0.6763741936637581
9900.json,mark-harris,mostly-true,0,fixed_split_train_test,0,0.4680503063953952,0,0.42570874080374205
1677.json,karen-sage,true,0,fixed_split_train_test,0,0.4064867557842129,0,0.4998383988730226
575.json,campaign-money-watch,barely-true,1,fixed_split_train_test,1,0.5201768212149241,1,0.5545718699749449
447.json,barack-obama,false,1,fixed_split_train_test,1,0.5560423411528523,1,0.5020619268426166
13049.json,blog-posting,false,1,fixed_split_train_test,1,0.5584734378557237,1,0.7841775534333998
12168.json,your-choice-colorado,half-true,0,fixed_split_train_test,1,0.5017875781243989,1,0.5942042821836667
11308.json,hugh-hewitt,half-true,0,fixed_split_train_test,1,0.5618299646321268,0,0.4281490165350523
11212.json,matt-wuerker,mostly-true,0,fixed_split_train_test,0,0.35117545394256716,0,0.4032541223900503
3697.json,jim-renacci,mostly-true,0,fixed_split_train_test,0,0.29767025905337363,0,0.2676625313460679
12770.json,michelle-obama,true,0,fixed_split_train_test,1,0.6093565008273785,1,0.5347939918610166
11955.json,wisconsin-working-families-party,false,1,fixed_split_train_test,1,0.5136706024501192,1,0.5515993186084704
13423.json,donald-trump,false,1,fixed_split_train_test,1,0.6583504753350324,1,0.8020032169977922
3087.json,brian-moran,pants-fire,1,fixed_split_train_test,0,0.4442351612728305,0,0.42961089023069354
3046.json,jim-doyle,mostly-true,0,fixed_split_train_test,0,0.4423192310758617,0,0.4758226554603915
12203.json,tom-price,half-true,0,fixed_split_train_test,1,0.511080462906399,1,0.5074707351966005
12734.json,mike-pence,barely-true,1,fixed_split_train_test,1,0.6159014055847801,1,0.589724343476856
1515.json,americans-united-change,half-true,0,fixed_split_train_test,1,0.6258389415254599,1,0.6592299463344725
9553.json,ted-cruz,false,1,fixed_split_train_test,1,0.5319264152340933,1,0.6532777100583763
8557.json,jan-schakowsky,true,0,fixed_split_train_test,0,0.39212156528593795,0,0.3646700077808647
4194.json,tim-pawlenty,mostly-true,0,fixed_split_train_test,1,0.5890392536633426,1,0.5783326280500696
13487.json,james-quintero,barely-true,1,fixed_split_train_test,1,0.5874273527952716,1,0.5470941547313312
11184.json,facebook-posts,false,1,fixed_split_train_test,1,0.5331077563569185,1,0.6341534919246476
12221.json,ted-cruz,mostly-true,0,fixed_split_train_test,1,0.5232355377230585,1,0.6035956424962571
3460.json,john-kasich,half-true,0,fixed_split_train_test,0,0.4734949877074869,0,0.35546387188440626
7529.json,service-employees-international-union-committee-po,false,1,fixed_split_train_test,1,0.5181374695639983,1,0.5504960836292193
10717.json,rick-perry,half-true,0,fixed_split_train_test,1,0.6074716912259436,1,0.611812997554149
4714.json,barack-obama,false,1,fixed_split_train_test,0,0.4875543961143443,0,0.3393192173059069
4017.json,newt-gingrich,mostly-true,0,fixed_split_train_test,1,0.5158028072537243,1,0.6800893461787313
9256.json,rush-limbaugh,false,1,fixed_split_train_test,0,0.3343902546728373,1,0.5436511612382946
6006.json,william-obrien,false,1,fixed_split_train_test,0,0.4595183453025799,0,0.4843442468605105
6197.json,sean-duffy,barely-true,1,fixed_split_train_test,1,0.567555313476822,0,0.4994987367416375
1187.json,paul-hipp,mostly-true,0,fixed_split_train_test,0,0.3800111680472763,0,0.37249669217776016
8104.json,don-lemon,mostly-true,0,fixed_split_train_test,0,0.2822296334840831,0,0.32363782420126896
1556.json,bill-white,true,0,fixed_split_train_test,0,0.31342854134631165,0,0.2645071298283553
7970.json,todd-young,false,1,fixed_split_train_test,1,0.5056155815654728,1,0.6360068270641153
12487.json,joyce-beatty,barely-true,1,fixed_split_train_test,0,0.34297144658227674,0,0.30023589446504617
1310.json,cw-bill-young,false,1,fixed_split_train_test,1,0.5981491019016334,1,0.5230471936813965
6163.json,shawn-lindsay,false,1,fixed_split_train_test,1,0.5287866887693031,0,0.4570132667811431
7819.json,alberta-darling,true,0,fixed_split_train_test,0,0.39487576490535997,0,0.42041039264409635
814.json,barack-obama,mostly-true,0,fixed_split_train_test,0,0.4490944472845883,0,0.24046770722769803
8486.json,suzanne-somers,true,0,fixed_split_train_test,0,0.4861377831162158,1,0.5939501395584412
12141.json,roy-blunt,barely-true,1,fixed_split_train_test,0,0.45687769681983004,1,0.508513931056286
3257.json,dan-patrick,true,0,fixed_split_train_test,1,0.5244922089122214,1,0.5058593081518313
3330.json,rick-scott,barely-true,1,fixed_split_train_test,1,0.5934865854388095,1,0.5810385556753942
6436.json,eric-hovde,half-true,0,fixed_split_train_test,1,0.5049516040218001,0,0.4774360364171857
70.json,ron-paul,mostly-true,0,fixed_split_train_test,0,0.38153377820365364,0,0.3368239720022889
10140.json,john-carlevale,false,1,fixed_split_train_test,1,0.500539412989762,1,0.5350137270962892
1120.json,john-boehner,false,1,fixed_split_train_test,1,0.5835872900970765,1,0.5943316753260203
8595.json,ken-cuccinelli,barely-true,1,fixed_split_train_test,1,0.548423677971842,1,0.6611667015636331
4885.json,joe-biden,mostly-true,0,fixed_split_train_test,0,0.3497377313805483,0,0.2530146382145247
11917.json,john-mccain,true,0,fixed_split_train_test,1,0.5111729423176983,0,0.42058366684321646
10773.json,marco-rubio,half-true,0,fixed_split_train_test,1,0.5081438479963751,1,0.5258096147965534
4718.json,ann-lininger,false,1,fixed_split_train_test,1,0.6024069015430806,1,0.5841377609546099
6616.json,george-lemieux,true,0,fixed_split_train_test,0,0.39955678993544314,0,0.4561140416644517
3284.json,bill-posey,mostly-true,0,fixed_split_train_test,1,0.5505141969816305,0,0.4807102743737545
2290.json,barack-obama,barely-true,1,fixed_split_train_test,1,0.5736151102678169,0,0.33890030791989345
10978.json,don-beyer,true,0,fixed_split_train_test,0,0.44823705876877473,0,0.3076185031534364
8764.json,marilinda-garcia,mostly-true,0,fixed_split_train_test,1,0.5202341732769152,1,0.636208471604554
2203.json,marco-rubio,mostly-true,0,fixed_split_train_test,0,0.4537848027906551,1,0.5481457784973381
7118.json,patricia-morgan,half-true,0,fixed_split_train_test,0,0.36984157128575956,0,0.4670518835801214
7164.json,john-kasich,true,0,fixed_split_train_test,0,0.42259159912990646,0,0.4693378402911414
4208.json,allen-west,false,1,fixed_split_train_test,0,0.3378973462034567,0,0.49408388012777177
714.json,sarah-palin,mostly-true,0,fixed_split_train_test,1,0.5995672709379023,1,0.5563145420492158
13437.json,maggie-hassan,barely-true,1,fixed_split_train_test,0,0.45604379278681717,0,0.3158128660847129
6401.json,american-bridge-21st-century,mostly-true,0,fixed_split_train_test,1,0.5292624299596396,0,0.4549302753890982
5251.json,blog-posting,mostly-true,0,fixed_split_train_test,0,0.43126415777908733,1,0.649340384146135
378.json,hillary-clinton,half-true,0,fixed_split_train_test,1,0.5095400492939823,0,0.26928719172276183
5095.json,rick-perry,pants-fire,1,fixed_split_train_test,1,0.6257954420820986,1,0.6178220958331024
11000.json,jim-steineke,false,1,fixed_split_train_test,1,0.561681951846541,1,0.5833702181431144
3741.json,sherrod-brown,barely-true,1,fixed_split_train_test,0,0.2407016829641995,0,0.247968857272684
8979.json,mark-pryor,barely-true,1,fixed_split_train_test,1,0.5349807758158771,1,0.5715361156400656
3803.json,todd-staples,mostly-true,0,fixed_split_train_test,0,0.43986200317768465,0,0.3833578773295976
12087.json,hillary-clinton,barely-true,1,fixed_split_train_test,0,0.4926924768002327,0,0.4039312386286344
1712.json,tom-grady,false,1,fixed_split_train_test,1,0.6140542467289836,1,0.7342211145684943
1093.json,sarah-palin,false,1,fixed_split_train_test,1,0.6606768232765793,1,0.7802144453350902
3027.json,gerry-connolly,half-true,0,fixed_split_train_test,0,0.3090527085793376,0,0.3622595159891624
4977.json,marish-agana,barely-true,1,fixed_split_train_test,0,0.44095436666001675,1,0.5160433989128935
4689.json,jeb-hensarling,false,1,fixed_split_train_test,0,0.44344446751274585,1,0.5773813304324269
9227.json,charlie-crist,barely-true,1,fixed_split_train_test,0,0.45514037354825476,0,0.425664413900703
12927.json,joaquin-castro,mostly-true,0,fixed_split_train_test,1,0.5429526648980708,1,0.5995539960056095
3997.json,martin-omalley,half-true,0,fixed_split_train_test,1,0.5098616981416949,1,0.5296520659979924
13000.json,bruce-rauner,barely-true,1,fixed_split_train_test,0,0.3824173645876658,0,0.32249609771135584
11704.json,greg-abbott,barely-true,1,fixed_split_train_test,1,0.5855399995387787,1,0.5536470849552723
11654.json,kevin-russell,mostly-true,0,fixed_split_train_test,0,0.34967641577503994,0,0.25755301964932403
340.json,john-mccain,true,0,fixed_split_train_test,1,0.5763302294590904,0,0.38626551541524096
6485.json,barack-obama,half-true,0,fixed_split_train_test,0,0.4239133349341749,0,0.2491868344964499
9231.json,chain-email,false,1,fixed_split_train_test,0,0.32044447484081945,0,0.4704955299823071
10416.json,barack-obama,mostly-true,0,fixed_split_train_test,1,0.5173259273550398,0,0.4149096877916492
12924.json,gary-johnson,true,0,fixed_split_train_test,0,0.46943044017927515,0,0.4902044839850002
6816.json,american-future-fund,barely-true,1,fixed_split_train_test,1,0.518354462328208,1,0.6005783389476694
13172.json,chris-koster,half-true,0,fixed_split_train_test,1,0.5554021847257163,1,0.5787766087633514
13484.json,blog-posting,pants-fire,1,fixed_split_train_test,1,0.5184426142839483,1,0.8621805853656093
10869.json,family-foundation,true,0,fixed_split_train_test,0,0.4103049207106447,0,0.409766702028275
9823.json,senate-majority-pac,false,1,fixed_split_train_test,1,0.5315959434865974,0,0.40892559846815
3738.json,newt-gingrich,false,1,fixed_split_train_test,0,0.3873081927842447,0,0.4926797555716514
8552.json,ellen-qualls,half-true,0,fixed_split_train_test,1,0.5560055184441682,1,0.5885334485746863
3044.json,allen-west,false,1,fixed_split_train_test,1,0.648764288499409,1,0.7928147871665208
6121.json,chris-christie,barely-true,1,fixed_split_train_test,1,0.6175093060898014,1,0.50806695924575
11261.json,scott-walker,mostly-true,0,fixed_split_train_test,0,0.4730997325987843,1,0.5458002918974729
12392.json,alan-grayson,barely-true,1,fixed_split_train_test,0,0.4729940043101785,0,0.4550076380182924
4522.json,josh-mandel,barely-true,1,fixed_split_train_test,1,0.6837215268136114,1,0.6419629110034908
8285.json,bill-foster,barely-true,1,fixed_split_train_test,1,0.5155064720402817,0,0.320052923535342
12244.json,hillary-clinton,true,0,fixed_split_train_test,1,0.5550473733739166,0,0.40064378710819337
7667.json,national-rifle-association,barely-true,1,fixed_split_train_test,1,0.5517829581427465,1,0.5944444562282343
101.json,democratic-national-committee,barely-true,1,fixed_split_train_test,1,0.5992460800810011,1,0.509254403108422
2775.json,eric-cantor,true,0,fixed_split_train_test,0,0.4795197306905649,1,0.5443600587738123
1909.json,barack-obama,half-true,0,fixed_split_train_test,1,0.5163304196548526,0,0.43320114097526224
13203.json,naral-pro-choice,false,1,fixed_split_train_test,1,0.5640333261452646,0,0.48517112949247065
8303.json,barbara-buono,half-true,0,fixed_split_train_test,0,0.43337428640343606,0,0.4330613146962411
10466.json,barack-obama,barely-true,1,fixed_split_train_test,1,0.5615517861391062,0,0.4359558246042424
9229.json,bob-cole,half-true,0,fixed_split_train_test,0,0.4821351194805227,0,0.4910583965215935
8498.json,gina-raimondo,mostly-true,0,fixed_split_train_test,0,0.4933438346963059,0,0.46417710439486265
11887.json,j-jacobs,true,0,fixed_split_train_test,1,0.59293648296039,1,0.6073131461364877
11895.json,tom-wolf,barely-true,1,fixed_split_train_test,0,0.448255481801819,0,0.467882910898847
1385.json,farouk-shami,half-true,0,fixed_split_train_test,1,0.5085602998627698,1,0.5289371133775463
6097.json,stephen-simpson,mostly-true,0,fixed_split_train_test,0,0.47183939302179223,1,0.5545045575835947
1652.json,barack-obama,half-true,0,fixed_split_train_test,1,0.5496499971216646,0,0.47470980236576155
1950.json,vernon-jones,pants-fire,1,fixed_split_train_test,0,0.47140090019966324,0,0.4731826849201124
8685.json,kathleen-sebelius,true,0,fixed_split_train_test,0,0.3135832816435602,0,0.3823966495889429
9200.json,louie-gohmert,false,1,fixed_split_train_test,1,0.5145087285918158,0,0.3705747864358144
2374.json,jim-sensenbrenner,false,1,fixed_split_train_test,0,0.46257308979090755,1,0.6736632088429841
2533.json,republican-party-florida,half-true,0,fixed_split_train_test,0,0.3229831774595726,0,0.36555170751020866
5416.json,alan-bates,true,0,fixed_split_train_test,0,0.40392485506674347,0,0.3917420996258581
2557.json,allen-boyd,false,1,fixed_split_train_test,0,0.41684839717066635,0,0.4137946218903843
5087.json,mitt-romney,false,1,fixed_split_train_test,1,0.5620080060519836,0,0.48867087542734494
8960.json,mark-obenshain,mostly-true,0,fixed_split_train_test,0,0.288253017944972,0,0.3123122930573637
3362.json,phyllis-schlafly,false,1,fixed_split_train_test,1,0.6093419426374256,1,0.5964975207171731
9844.json,david-dewhurst,false,1,fixed_split_train_test,0,0.3017454593774308,0,0.3529815043994531
9292.json,charlie-crist,half-true,0,fixed_split_train_test,0,0.4386774897392753,0,0.32020540557532734
6119.json,jim-demint,barely-true,1,fixed_split_train_test,1,0.5746471455964454,1,0.5499682663145617
12371.json,ed-gillespie,true,0,fixed_split_train_test,0,0.4370071387557797,0,0.46090451401730537
7665.json,gabrielle-giffords,true,0,fixed_split_train_test,0,0.43858130569448567,0,0.26198085559138784
8576.json,city-austin,true,0,fixed_split_train_test,0,0.4637806860378305,1,0.567521961703427
6637.json,jack-markell,false,1,fixed_split_train_test,0,0.4572102852991995,1,0.5994607346292838
9096.json,john-mccallum,mostly-true,0,fixed_split_train_test,0,0.4035239131201901,0,0.35496740361925383
7698.json,randy-forbes,true,0,fixed_split_train_test,0,0.46744486137926294,0,0.3053230758332543
10547.json,associated-press,true,0,fixed_split_train_test,0,0.3587806859260239,0,0.3246896326615048
187.json,hillary-clinton,half-true,0,fixed_split_train_test,0,0.3193998816673607,0,0.27622236326584815
2470.json,allen-west,pants-fire,1,fixed_split_train_test,1,0.5321552982641102,1,0.6117508757103639
6045.json,chain-email,pants-fire,1,fixed_split_train_test,1,0.6010563858712766,1,0.8491522589408383
339.json,hillary-clinton,true,0,fixed_split_train_test,0,0.45525140233659006,0,0.3881600531513228
11004.json,hillary-clinton,true,0,fixed_split_train_test,1,0.5116029940589297,0,0.3823502121840768
11337.json,martin-omalley,mostly-true,0,fixed_split_train_test,1,0.5496166194058157,1,0.5079825358574972
4250.json,alberta-darling,pants-fire,1,fixed_split_train_test,1,0.607310328018027,1,0.6426257595505227
631.json,jerome-corsi,pants-fire,1,fixed_split_train_test,1,0.5780438380132707,1,0.5836318030731651
9351.json,charles-van-zant,pants-fire,1,fixed_split_train_test,1,0.5971610060589574,0,0.46776767527229635
5746.json,clarence-thomas,true,0,fixed_split_train_test,1,0.5140746991841362,1,0.565175102442301
4136.json,kris-jordan,half-true,0,fixed_split_train_test,0,0.3058317411245037,0,0.21917413612581135
1681.json,paul-ryan,barely-true,1,fixed_split_train_test,0,0.32296633375679257,0,0.25023675560316505
5074.json,john-kasich,mostly-true,0,fixed_split_train_test,0,0.29753898729665956,0,0.21731705089788123
4195.json,rick-santorum,barely-true,1,fixed_split_train_test,0,0.3150695912840132,0,0.3145107295529497
3931.json,adam-hasner,barely-true,1,fixed_split_train_test,1,0.6455619296967762,1,0.6531455682869192
4883.json,matt-mackowiak,true,0,fixed_split_train_test,1,0.5239371030613511,0,0.4661590824392844
6795.json,bill-clinton,barely-true,1,fixed_split_train_test,1,0.5596988249562138,1,0.520182351997363
9818.json,michelle-nunn,barely-true,1,fixed_split_train_test,1,0.5368813027849912,0,0.3624945879616224
8573.json,tom-cotton,half-true,0,fixed_split_train_test,1,0.5796675284625217,1,0.7267452301959241
13184.json,mike-pence,mostly-true,0,fixed_split_train_test,0,0.4013736373594603,0,0.4078216574305658
11559.json,rand-paul,mostly-true,0,fixed_split_train_test,1,0.5600668549903898,0,0.4388817252276791
9241.json,don-balfour,true,0,fixed_split_train_test,0,0.47555493945355193,0,0.4334915900307455
8902.json,hugh-fitzsimons,mostly-true,0,fixed_split_train_test,1,0.5785541504608709,1,0.656495043235811
12511.json,donald-trump,false,1,fixed_split_train_test,0,0.3847824239070541,1,0.5305307913771933
7285.json,barbara-buono,pants-fire,1,fixed_split_train_test,1,0.6143280110077938,1,0.5180270332607704
1005.json,chain-email,pants-fire,1,fixed_split_train_test,1,0.6469996227538358,1,0.871814790997901
609.json,barack-obama,half-true,0,fixed_split_train_test,0,0.48014009370782196,0,0.4154192751385305
9436.json,hillary-clinton,barely-true,1,fixed_split_train_test,0,0.4569567749811266,0,0.3897242158548244
5671.json,rick-santorum,false,1,fixed_split_train_test,1,0.5244599506490752,1,0.5859065046829922
6699.json,menendez-facts,pants-fire,1,fixed_split_train_test,1,0.5125416422913545,0,0.42658496522513367
7334.json,rick-scott,half-true,0,fixed_split_train_test,1,0.5545194995008126,0,0.3027858345217666
9788.json,jay-nixon,barely-true,1,fixed_split_train_test,1,0.5609133491646222,0,0.47023230595655424
10710.json,mackubin-thomas-owens,barely-true,1,fixed_split_train_test,1,0.547898148086413,1,0.5790216866301611
3186.json,john-kasich,barely-true,1,fixed_split_train_test,1,0.5539350294160301,0,0.4737854036115069
6743.json,john-burzichelli,false,1,fixed_split_train_test,1,0.6417580584854072,1,0.6006992391902556
