id,speaker,label,is_low_truth,setting,text_only_pred,text_only_score,text_plus_graph_pred,text_plus_graph_score
10540.json,scott-surovell,half-true,0,speaker_disjoint_split,0,0.4532504662914944,0,0.42332059507900494
1123.json,blog-posting,false,1,speaker_disjoint_split,1,0.5963189923343322,1,0.6287767868517016
9028.json,charlie-crist,half-true,0,speaker_disjoint_split,0,0.42091447501554524,0,0.3627588472820552
7115.json,robert-menendez,mostly-true,0,speaker_disjoint_split,0,0.3481436657941939,0,0.38580891892347163
4148.json,bernie-s,half-true,0,speaker_disjoint_split,0,0.3182187661531787,0,0.3404552819050766
10683.json,bernie-s,half-true,0,speaker_disjoint_split,0,0.3564859160123251,0,0.331048026637339
3863.json,national-republican-congressional-committee,barely-true,1,speaker_disjoint_split,1,0.5046098365632955,0,0.45746452073426114
10173.json,dennis-richardson,false,1,speaker_disjoint_split,0,0.43326314602022736,0,0.3547889227441365
11092.json,pamela-geller,false,1,speaker_disjoint_split,0,0.42317604121781804,0,0.4124579709748181
12163.json,peter-kinder,mostly-true,0,speaker_disjoint_split,0,0.3089972929455572,0,0.3166904102307234
1038.json,north-korea,true,0,speaker_disjoint_split,0,0.3848000588743745,0,0.3441381070838067
5210.json,national-republican-congressional-committee,pants-fire,1,speaker_disjoint_split,0,0.4523629020150701,0,0.4627686764875482
11418.json,bernie-s,half-true,0,speaker_disjoint_split,0,0.32355302306522743,0,0.38154975433729094
13503.json,blog-posting,true,0,speaker_disjoint_split,1,0.5317334098037282,1,0.5990534926514114
8187.json,ken-cuccinelli,false,1,speaker_disjoint_split,1,0.5103634597387882,0,0.4771564263729264
12981.json,donald-trump,barely-true,1,speaker_disjoint_split,0,0.4883691175268136,0,0.4856002000936273
812.json,john-mccain,false,1,speaker_disjoint_split,0,0.4975071805125335,0,0.41790382278131394
12056.json,donald-trump,false,1,speaker_disjoint_split,0,0.4493656280962711,0,0.4945626847348015
1738.json,alfredo-gutierrez,mostly-true,0,speaker_disjoint_split,0,0.40632862498652195,0,0.46914824833379
3005.json,texas-veterans-commission,barely-true,1,speaker_disjoint_split,0,0.4161192559558088,0,0.4440068940049075
9165.json,republican-party-florida,false,1,speaker_disjoint_split,0,0.4281777210110756,1,0.5124460986885893
10053.json,jeanne-shaheen,true,0,speaker_disjoint_split,1,0.5308616707861447,1,0.5286453849811935
9613.json,susan-happ,half-true,0,speaker_disjoint_split,0,0.34865441445108986,0,0.3850361141150336
8755.json,karl-rove,false,1,speaker_disjoint_split,0,0.49839276395402854,1,0.5354288806504246
767.json,joe-biden,barely-true,1,speaker_disjoint_split,0,0.4960161972699291,0,0.47122146226393097
10263.json,jim-skaggs,false,1,speaker_disjoint_split,0,0.35051256498557665,0,0.30943845963744293
1969.json,john-mccain,false,1,speaker_disjoint_split,0,0.48835227708090556,0,0.4990934265074683
2020.json,ralph-hudgens,mostly-true,0,speaker_disjoint_split,1,0.5238246916047389,1,0.5649140661650478
7258.json,mark-shields,true,0,speaker_disjoint_split,0,0.28805042993321356,0,0.33259575207097164
13142.json,donald-trump,false,1,speaker_disjoint_split,0,0.41774435549531924,0,0.4381499389471658
7467.json,scott-walker,mostly-true,0,speaker_disjoint_split,0,0.384716349945213,0,0.4280023845201725
9492.json,donna-brazile,half-true,0,speaker_disjoint_split,1,0.5344474236373294,0,0.47797471419024967
4357.json,blog-posting,pants-fire,1,speaker_disjoint_split,0,0.4717528003870533,1,0.6161540247134344
162.json,joe-biden,pants-fire,1,speaker_disjoint_split,0,0.3961090105328464,0,0.3468597088462457
8164.json,kathleen-sebelius,mostly-true,0,speaker_disjoint_split,0,0.3738893058183549,0,0.3617113401073102
9500.json,republican-party-florida,mostly-true,0,speaker_disjoint_split,0,0.40630493401436973,0,0.38606585520756226
7555.json,blog-posting,false,1,speaker_disjoint_split,0,0.45379351614797964,1,0.5700558551049446
325.json,john-mccain,mostly-true,0,speaker_disjoint_split,0,0.456684783130784,0,0.46366112894763367
8985.json,david-jolly,true,0,speaker_disjoint_split,1,0.5988279096333042,1,0.5961791254400649
2932.json,oregon-right-life-pac,true,0,speaker_disjoint_split,0,0.4574769210610628,0,0.4582974378822067
7324.json,rush-limbaugh,barely-true,1,speaker_disjoint_split,0,0.3671290171685026,0,0.43836193706144255
2257.json,john-robitaille,false,1,speaker_disjoint_split,1,0.5131007686418211,0,0.4932914270175682
3782.json,louie-gohmert,false,1,speaker_disjoint_split,0,0.466662586594135,0,0.4346721378560261
11536.json,donald-trump,barely-true,1,speaker_disjoint_split,0,0.46657178345778805,0,0.47795215006024144
5236.json,democratic-congressional-campaign-committee,barely-true,1,speaker_disjoint_split,1,0.5644141291193404,1,0.5543029480860401
2869.json,armond-budish,half-true,0,speaker_disjoint_split,0,0.49529760031739345,0,0.477278679718708
11582.json,bernie-s,barely-true,1,speaker_disjoint_split,0,0.44748833812546585,0,0.412298191651869
10887.json,robert-puente,half-true,0,speaker_disjoint_split,0,0.46120045706577106,0,0.36560632307283336
4504.json,ron-paul,barely-true,1,speaker_disjoint_split,0,0.4705872256730551,0,0.48977695029164275
9561.json,blog-posting,false,1,speaker_disjoint_split,0,0.47688883023694495,1,0.5086323976155707
12683.json,gary-johnson,mostly-true,0,speaker_disjoint_split,0,0.3529648590416628,0,0.4021859132080624
7295.json,stephen-sweeney,half-true,0,speaker_disjoint_split,0,0.4158469253943031,0,0.45516215242384434
6969.json,david-cicilline,false,1,speaker_disjoint_split,0,0.2915321402517219,0,0.3343370910533465
11886.json,bernie-s,false,1,speaker_disjoint_split,0,0.48102816798525017,0,0.4591297103103899
11844.json,bernie-s,half-true,0,speaker_disjoint_split,0,0.28089391205470204,0,0.30734139519572495
13370.json,john-skvarla,barely-true,1,speaker_disjoint_split,0,0.44772722842708185,0,0.44664244212878246
11636.json,ben-carson,false,1,speaker_disjoint_split,1,0.5024313375419794,1,0.5241795001533827
9837.json,nextgen-climate,half-true,0,speaker_disjoint_split,0,0.4507796359889013,0,0.466187764637669
4267.json,john-kasich,half-true,0,speaker_disjoint_split,0,0.40016844535800644,0,0.3985488726631617
827.json,joe-biden,half-true,0,speaker_disjoint_split,0,0.3217011814897566,0,0.31155011619409145
3806.json,agenda-project,mostly-true,0,speaker_disjoint_split,1,0.5097775164907802,1,0.585841581519606
9133.json,kesha-rogers,barely-true,1,speaker_disjoint_split,0,0.4728748020118635,0,0.4510876038816829
4327.json,jeff-merkley,mostly-true,0,speaker_disjoint_split,0,0.34459267308015173,0,0.39516872678144344
13026.json,donald-trump,barely-true,1,speaker_disjoint_split,1,0.5054791610202757,0,0.46697243719471726
240.json,bill-richardson,barely-true,1,speaker_disjoint_split,0,0.3851164573688562,0,0.385011070701146
7884.json,rush-limbaugh,barely-true,1,speaker_disjoint_split,1,0.5015371947372472,1,0.5038534030399257
8489.json,ken-cuccinelli,false,1,speaker_disjoint_split,1,0.5104128434967964,0,0.4496747445311279
12446.json,donald-trump,half-true,0,speaker_disjoint_split,0,0.493593640115323,0,0.483471829940987
534.json,john-mccain,half-true,0,speaker_disjoint_split,0,0.42751474482458657,0,0.4435596652963439
5387.json,doug-thomas,half-true,0,speaker_disjoint_split,0,0.45626616991929303,0,0.32110122688083115
10356.json,scott-walker,barely-true,1,speaker_disjoint_split,0,0.34540479397021384,0,0.3211960023369271
12497.json,scott-walker,true,0,speaker_disjoint_split,0,0.38570680078641134,0,0.34981444352113983
4893.json,thomas-brown,mostly-true,0,speaker_disjoint_split,0,0.43781236878178087,0,0.38753500495727633
6627.json,julian-castro,mostly-true,0,speaker_disjoint_split,1,0.55010941016774,1,0.5389502438957683
10580.json,dan-patrick,pants-fire,1,speaker_disjoint_split,0,0.3158063430775419,0,0.2806594115449991
8004.json,rachel-campos-duffy,false,1,speaker_disjoint_split,0,0.35526141480893936,0,0.41725774045810965
256.json,ron-paul,mostly-true,0,speaker_disjoint_split,0,0.357701798769097,0,0.3336711234682606
2722.json,national-republican-congressional-committee,barely-true,1,speaker_disjoint_split,0,0.4798455789129153,1,0.5284883290767753
1171.json,rush-limbaugh,barely-true,1,speaker_disjoint_split,1,0.6344417018880049,1,0.590467335303403
8794.json,republican-party-florida,false,1,speaker_disjoint_split,0,0.4031900467990636,0,0.44457635832905096
2060.json,joe-biden,mostly-true,0,speaker_disjoint_split,0,0.3454704125503131,0,0.3793458814843753
7210.json,nathan-deal,half-true,0,speaker_disjoint_split,0,0.4502832229363347,0,0.4315804356628524
12185.json,bill-clinton,mostly-true,0,speaker_disjoint_split,0,0.3783574493501064,0,0.36987712959772845
4332.json,chip-rogers,half-true,0,speaker_disjoint_split,0,0.33402488820889603,0,0.2917898462365547
2925.json,john-kasich,half-true,0,speaker_disjoint_split,0,0.3953358707659065,0,0.43818057092528917
9838.json,bernie-s,mostly-true,0,speaker_disjoint_split,0,0.30758148127503715,0,0.28958464509922593
11407.json,ben-carson,pants-fire,1,speaker_disjoint_split,0,0.45441460700228037,1,0.5120738344456419
35.json,joe-biden,true,0,speaker_disjoint_split,0,0.40044474868075824,0,0.3699179192411106
10663.json,bernie-s,half-true,0,speaker_disjoint_split,0,0.39050274510124394,0,0.4167033308761286
8147.json,bill-foster,half-true,0,speaker_disjoint_split,0,0.48115146947687654,0,0.40539917050136204
3443.json,organizing-america,half-true,0,speaker_disjoint_split,0,0.41482373727534066,1,0.5021846336052939
11291.json,lloyd-doggett,mostly-true,0,speaker_disjoint_split,0,0.39887697696654856,0,0.43414435015010094
5110.json,rob-cornilles,pants-fire,1,speaker_disjoint_split,1,0.5230509065124612,0,0.47042085612862894
12754.json,donald-trump,barely-true,1,speaker_disjoint_split,0,0.3024542532115636,0,0.42469005388274333
9853.json,larry-elder,false,1,speaker_disjoint_split,0,0.4687634549158004,0,0.4442709416864849
10931.json,dale-kooyenga,half-true,0,speaker_disjoint_split,0,0.2952577665886681,0,0.34084683783244574
6014.json,mary-nolan,true,0,speaker_disjoint_split,0,0.4205761675061591,0,0.43502497180913713
3695.json,joe-gibbons,barely-true,1,speaker_disjoint_split,1,0.5123293537000739,0,0.49913207299756573
5047.json,david-cicilline,half-true,0,speaker_disjoint_split,0,0.385545734076106,0,0.40719892173746836
8910.json,charlie-crist,half-true,0,speaker_disjoint_split,0,0.416284479947141,0,0.4135633900425858
12285.json,bob-graham,half-true,0,speaker_disjoint_split,0,0.47230844533678956,0,0.4843721274429985
8677.json,kathleen-vinehout,barely-true,1,speaker_disjoint_split,1,0.5170117953467961,0,0.45316374126860043
9434.json,republican-governors-association,barely-true,1,speaker_disjoint_split,1,0.53097474685721,1,0.5487241575244398
549.json,ralph-nader,mostly-true,0,speaker_disjoint_split,0,0.4063963306645071,0,0.4533853616674653
4366.json,blog-posting,pants-fire,1,speaker_disjoint_split,0,0.4832175696912489,1,0.5926082448813009
11363.json,donald-trump,pants-fire,1,speaker_disjoint_split,0,0.3862462002337999,0,0.38388885384863014
12499.json,donald-trump,pants-fire,1,speaker_disjoint_split,0,0.4169480256848788,0,0.39979103377162956
12023.json,bernie-s,mostly-true,0,speaker_disjoint_split,0,0.4180979644525923,0,0.36585230488911435
8347.json,bernie-s,false,1,speaker_disjoint_split,1,0.5545599237861336,1,0.5641888434305602
5750.json,joe-biden,half-true,0,speaker_disjoint_split,0,0.391041361760792,0,0.4444738593402382
13159.json,democratic-congressional-campaign-committee,barely-true,1,speaker_disjoint_split,0,0.4295238445779277,0,0.4786313893779059
2699.json,michael-steele,false,1,speaker_disjoint_split,0,0.4827961280974008,0,0.46149456708752246
3485.json,dennis-richardson,false,1,speaker_disjoint_split,0,0.3411332358231411,0,0.35121433190908324
11453.json,claire-mccaskill,false,1,speaker_disjoint_split,0,0.45749898987406246,0,0.4350898500552553
5031.json,tim-kaine,half-true,0,speaker_disjoint_split,0,0.46306860416274875,0,0.43965680611999053
7976.json,debbie-wasserman-schultz,half-true,0,speaker_disjoint_split,1,0.5043479314462423,1,0.5522699183379884
11906.json,joanne-kloppenburg,mostly-true,0,speaker_disjoint_split,0,0.452071217050472,1,0.5034855138691705
9652.json,debbie-wasserman-schultz,barely-true,1,speaker_disjoint_split,0,0.45619892771948484,1,0.5326945762995455
13228.json,donald-trump,pants-fire,1,speaker_disjoint_split,0,0.42233577389810184,0,0.4776162136533796
4373.json,scott-walker,pants-fire,1,speaker_disjoint_split,0,0.466986258030015,0,0.4304599066941291
8214.json,bookerfail,half-true,0,speaker_disjoint_split,0,0.4866677142140503,0,0.4477780788552821
6462.json,debbie-wasserman-schultz,false,1,speaker_disjoint_split,0,0.38646821500904827,1,0.5151681476035094
5870.json,mike-foley,mostly-true,0,speaker_disjoint_split,0,0.46640816064939955,0,0.4599387819024075
6903.json,rob-zerban,pants-fire,1,speaker_disjoint_split,1,0.5715907592973369,1,0.5606299188399445
6308.json,jackie-cilley,true,0,speaker_disjoint_split,0,0.43405703766616827,0,0.4227129036193156
13145.json,national-republican-congressional-committee,barely-true,1,speaker_disjoint_split,0,0.39662303341611677,0,0.45782751636879715
11617.json,arsalan-iftikhar,false,1,speaker_disjoint_split,0,0.4939501699332079,0,0.436557540408236
12246.json,john-pagliarini,half-true,0,speaker_disjoint_split,0,0.3858708521005951,0,0.3945928380488944
10286.json,diego-arene-morley,true,0,speaker_disjoint_split,0,0.39225572190824365,0,0.3211586099127248
12813.json,donald-trump,mostly-true,0,speaker_disjoint_split,0,0.35989890263874974,0,0.40556635273853897
10192.json,delia-garza,false,1,speaker_disjoint_split,0,0.4427013810624528,0,0.45749858306315333
2464.json,john-kasich,barely-true,1,speaker_disjoint_split,0,0.2953802709251697,0,0.38185395281250273
4552.json,david-axelrod,mostly-true,0,speaker_disjoint_split,0,0.45424734868621686,0,0.47901327295127333
5897.json,joe-biden,false,1,speaker_disjoint_split,0,0.45028582404554696,0,0.48001090242487815
9831.json,blog-posting,true,0,speaker_disjoint_split,0,0.44504952129614417,1,0.5590313989594469
1445.json,charlie-crist,mostly-true,0,speaker_disjoint_split,0,0.44995576955658056,0,0.41383441768379314
4064.json,scott-walker,false,1,speaker_disjoint_split,0,0.4896593497777154,0,0.46889791183644425
12201.json,david-jolly,barely-true,1,speaker_disjoint_split,1,0.5176354407063981,0,0.4926601639402071
4807.json,rob-cornilles,true,0,speaker_disjoint_split,0,0.4680074470204748,1,0.5027097833173646
8333.json,steve-lonegan,true,0,speaker_disjoint_split,0,0.44570891902224913,0,0.4026228248612685
9199.json,anissa-naouai,half-true,0,speaker_disjoint_split,0,0.3038623670826493,0,0.3117554203716356
13262.json,donald-trump,barely-true,1,speaker_disjoint_split,0,0.48238199231393425,1,0.5394438159072779
1603.json,karl-rove,mostly-true,0,speaker_disjoint_split,0,0.4357955906860812,0,0.47746610658604133
5702.json,nathan-deal,mostly-true,0,speaker_disjoint_split,0,0.38061364470820785,0,0.3837851695578419
3795.json,angel-taveras,false,1,speaker_disjoint_split,0,0.4371379269969321,0,0.4331962186888694
10828.json,david-cicilline,true,0,speaker_disjoint_split,0,0.33893027521338,0,0.37666878166553774
6116.json,terry-lawler,barely-true,1,speaker_disjoint_split,0,0.47792354188904673,0,0.45985458640161125
1283.json,blog-posting,pants-fire,1,speaker_disjoint_split,1,0.5252570747444465,1,0.5993351550865804
11915.json,centre-research-globalization,false,1,speaker_disjoint_split,0,0.43886725667304466,0,0.4018874501497398
4340.json,club-growth,false,1,speaker_disjoint_split,0,0.49539377059629175,0,0.4497324073464736
12822.json,joaquin-castro,half-true,0,speaker_disjoint_split,0,0.4262844706608589,0,0.4985992754134933
11501.json,carly-fiorina,false,1,speaker_disjoint_split,1,0.5545425675412353,0,0.4188795974641318
9067.json,kesha-rogers,half-true,0,speaker_disjoint_split,1,0.5489392768848324,0,0.4824644791875263
239.json,ron-paul,true,0,speaker_disjoint_split,0,0.4460012812886568,0,0.4729137010827029
9247.json,neera-tanden,mostly-true,0,speaker_disjoint_split,0,0.31239705882504976,0,0.3346179230864118
9873.json,chuck-todd,true,0,speaker_disjoint_split,0,0.3699205041559677,0,0.38649705287539116
11713.json,bernie-s,barely-true,1,speaker_disjoint_split,0,0.4892678048014599,1,0.511516635765608
1919.json,debbie-wasserman-schultz,half-true,0,speaker_disjoint_split,0,0.39640355861131427,0,0.4422580998071604
1294.json,keith-olbermann,mostly-true,0,speaker_disjoint_split,0,0.4786224600134601,0,0.47490799005039674
7278.json,jennette-gayer,mostly-true,0,speaker_disjoint_split,0,0.38191007487089906,0,0.441656429638236
13382.json,donald-trump,false,1,speaker_disjoint_split,0,0.4094892874251324,0,0.4519872198421537
13464.json,donald-trump,false,1,speaker_disjoint_split,0,0.4768228608600667,0,0.48605844437215745
13218.json,rush-limbaugh,pants-fire,1,speaker_disjoint_split,0,0.48263728903157327,0,0.4961572186054928
7142.json,dan-micciche,mostly-true,0,speaker_disjoint_split,0,0.2948831776229126,0,0.33132053866045114
6016.json,joe-biden,mostly-true,0,speaker_disjoint_split,0,0.2733935948327236,0,0.33108056771543787
11995.json,donald-trump,false,1,speaker_disjoint_split,0,0.45586398010529,0,0.47390133349317987
1630.json,tom-coburn,mostly-true,0,speaker_disjoint_split,1,0.5933605867115759,1,0.5904122732950844
12938.json,donald-trump,mostly-true,0,speaker_disjoint_split,0,0.39646873938658606,0,0.45338137563405234
5716.json,robert-menendez,true,0,speaker_disjoint_split,0,0.3624682265408801,0,0.3237173431800791
11079.json,blog-posting,pants-fire,1,speaker_disjoint_split,0,0.4699613187403552,1,0.5349082075375592
13039.json,donald-trump,false,1,speaker_disjoint_split,0,0.4766795805686168,0,0.48751693475591656
1149.json,bernie-s,false,1,speaker_disjoint_split,0,0.2758979737688918,0,0.37695376436424755
8473.json,joe-barton,false,1,speaker_disjoint_split,1,0.5192279005650122,1,0.5165365208565883
3749.json,david-cicilline,barely-true,1,speaker_disjoint_split,0,0.3700350208650978,0,0.3916003743360747
5734.json,bettylou-decroce,half-true,0,speaker_disjoint_split,0,0.3231999839259835,0,0.38525662724299453
12922.json,pat-mccrory,barely-true,1,speaker_disjoint_split,1,0.5244160709313526,0,0.4624136392780621
1506.json,charlie-crist,true,0,speaker_disjoint_split,0,0.39328057509934483,0,0.36143594055198014
2828.json,marvin-pratt,false,1,speaker_disjoint_split,1,0.5367156870187059,0,0.40921514072230947
5145.json,rob-cornilles,barely-true,1,speaker_disjoint_split,0,0.4177066493008709,0,0.47798876053981965
11283.json,reader-email,mostly-true,0,speaker_disjoint_split,0,0.4708167497681,0,0.43279124511686484
10185.json,sean-spicer,true,0,speaker_disjoint_split,0,0.39450794514465903,0,0.37684709259238597
12267.json,lee-camp,half-true,0,speaker_disjoint_split,0,0.4645644965998192,0,0.4874381821853082
10579.json,scott-walker,mostly-true,0,speaker_disjoint_split,0,0.40724733847667305,0,0.4229996204733811
12307.json,bernie-s,mostly-true,0,speaker_disjoint_split,0,0.4453449279510238,0,0.43094585799348517
6344.json,lou-ann-zelenik,false,1,speaker_disjoint_split,0,0.4858458559949442,0,0.49368839831484124
8021.json,karl-rove,mostly-true,0,speaker_disjoint_split,0,0.41725546707940303,0,0.40877094623709376
11314.json,carly-fiorina,true,0,speaker_disjoint_split,0,0.40615354256296504,0,0.43831766491432333
2851.json,joe-barton,barely-true,1,speaker_disjoint_split,0,0.46814878475840943,1,0.5202313742048621
12570.json,donald-trump,pants-fire,1,speaker_disjoint_split,0,0.46358048019677967,0,0.4755045164524593
828.json,john-mccain,false,1,speaker_disjoint_split,1,0.5162801350625554,0,0.488807462620236
1861.json,carly-fiorina,pants-fire,1,speaker_disjoint_split,0,0.46483080546603744,0,0.4477770192919246
5337.json,nickie-antonio,barely-true,1,speaker_disjoint_split,0,0.36530208943350717,0,0.39398570936116906
3023.json,john-kasich,false,1,speaker_disjoint_split,0,0.3008312125832165,0,0.34427698075673957
11577.json,bernie-s,true,0,speaker_disjoint_split,0,0.3898881194050921,0,0.34723838708391364
12844.json,donald-trump,mostly-true,0,speaker_disjoint_split,0,0.41406317154637784,0,0.4015572994452165
11576.json,bernie-s,half-true,0,speaker_disjoint_split,0,0.4424372091241823,0,0.4884539496276807
2827.json,republican-state-senators,pants-fire,1,speaker_disjoint_split,0,0.45891195456822237,0,0.46290826793966316
10609.json,scott-walker,false,1,speaker_disjoint_split,0,0.478755265112965,0,0.46135819403943473
4166.json,debbie-wasserman-schultz,true,0,speaker_disjoint_split,0,0.4658465728318357,1,0.5122100644076031
1186.json,blog-posting,pants-fire,1,speaker_disjoint_split,1,0.500572348670946,1,0.6087367908743608
12784.json,bill-clinton,half-true,0,speaker_disjoint_split,0,0.4180940086438151,0,0.48570405994871735
97.json,bill-richardson,mostly-true,0,speaker_disjoint_split,0,0.44363567446911195,0,0.4165877975305585
11788.json,scott-walker,mostly-true,0,speaker_disjoint_split,0,0.32185911650130267,0,0.290744661420559
4828.json,armond-budish,false,1,speaker_disjoint_split,1,0.5155576216945955,0,0.4338871633491575
1868.json,blog-posting,pants-fire,1,speaker_disjoint_split,1,0.5311596529674908,1,0.5666615464226303
9121.json,rush-limbaugh,false,1,speaker_disjoint_split,0,0.490528147574735,0,0.4770164744284787
8335.json,deadspin,true,0,speaker_disjoint_split,0,0.43824865536829205,0,0.40670603387128784
10612.json,nancy-devaney,false,1,speaker_disjoint_split,0,0.4281780488512335,0,0.3696442037595001
5143.json,rob-cornilles,mostly-true,0,speaker_disjoint_split,0,0.4721647428926778,1,0.5097590315224108
9922.json,donald-trump,mostly-true,0,speaker_disjoint_split,0,0.37579137067825696,0,0.3614897182614507
2421.json,scott-walker,half-true,0,speaker_disjoint_split,0,0.36030320330874077,0,0.3509325212275681
3350.json,glenn-beck,pants-fire,1,speaker_disjoint_split,0,0.4793545446364863,0,0.4937177750089641
10116.json,scott-walker,barely-true,1,speaker_disjoint_split,0,0.3897474339925689,0,0.37986615501902227
786.json,john-mccain,false,1,speaker_disjoint_split,0,0.49836515358765915,1,0.5307673067508023
10725.json,addicting-information,false,1,speaker_disjoint_split,0,0.37604750297880507,0,0.3625047685520261
9713.json,charlotte-nash,half-true,0,speaker_disjoint_split,0,0.42343857293999704,0,0.42390579666164824
9318.json,miami-seaport-alliance,false,1,speaker_disjoint_split,0,0.43609088163690907,0,0.3900489226669115
4395.json,state-democratic-party-wisconsin,pants-fire,1,speaker_disjoint_split,0,0.43432889370979033,0,0.48724580776376186
4532.json,mary-nolan,half-true,0,speaker_disjoint_split,1,0.5042424280334274,0,0.47090005039293104
4909.json,tim-kaine,true,0,speaker_disjoint_split,0,0.4135362663662734,0,0.4139938005017363
13081.json,donald-trump,false,1,speaker_disjoint_split,0,0.4793902912842142,1,0.5162447396697017
7290.json,coalition-stop-gun-violence,pants-fire,1,speaker_disjoint_split,0,0.43045311360867994,0,0.413995834597624
1163.json,republican-party-florida,pants-fire,1,speaker_disjoint_split,0,0.4988732193834772,0,0.4551733985641879
3155.json,scott-walker,false,1,speaker_disjoint_split,0,0.4346505673883486,1,0.5057495752747385
8882.json,charlie-crist,half-true,0,speaker_disjoint_split,1,0.8003456798287051,1,0.560701832021694
12689.json,donald-trump,false,1,speaker_disjoint_split,0,0.4951287167122838,0,0.45376489067392134
834.json,john-mccain,true,0,speaker_disjoint_split,0,0.4443347003352274,0,0.4775108697954204
7307.json,nathan-deal,mostly-true,0,speaker_disjoint_split,0,0.3073248104549856,0,0.32006094973150034
5651.json,marsha-blackburn,false,1,speaker_disjoint_split,1,0.5352186461475796,1,0.6131196802311404
10709.json,scott-walker,half-true,0,speaker_disjoint_split,0,0.4651890238916301,0,0.4699324555788424
10008.json,republican-governors-association,false,1,speaker_disjoint_split,0,0.38035021246486234,0,0.40179958589880466
11423.json,bernie-s,barely-true,1,speaker_disjoint_split,0,0.46841278489065347,0,0.3800872708228855
8578.json,debbie-wasserman-schultz,half-true,0,speaker_disjoint_split,0,0.49944698922723096,1,0.5208604015689384
12750.json,donald-trump,half-true,0,speaker_disjoint_split,0,0.4324651553089447,0,0.45666846106604353
2884.json,oregon-healthy-kids,mostly-true,0,speaker_disjoint_split,0,0.4910806828562185,0,0.4763112461442218
2373.json,david-porter,half-true,0,speaker_disjoint_split,0,0.4276946778903209,0,0.43920124063041255
4810.json,dekalb-county,mostly-true,0,speaker_disjoint_split,0,0.3990384143979862,0,0.346334359157516
3760.json,steve-oelrich,true,0,speaker_disjoint_split,0,0.4665610958873845,0,0.4461388061626109
630.json,john-mccain,true,0,speaker_disjoint_split,0,0.23228587564601483,0,0.3871979565114983
2587.json,national-republican-congressional-committee,pants-fire,1,speaker_disjoint_split,1,0.5170226488916773,1,0.5730758673576786
8988.json,americans-prosperity-georgia-chapter,mostly-true,0,speaker_disjoint_split,0,0.37390929438248827,0,0.3915496127686084
5816.json,national-republican-congressional-committee,barely-true,1,speaker_disjoint_split,0,0.44446369030024835,0,0.46514320053781055
8872.json,mr-conservative,false,1,speaker_disjoint_split,1,0.6133266887593846,1,0.5051171209089735
9415.json,scott-walker,mostly-true,0,speaker_disjoint_split,0,0.4014797884869868,0,0.412052568069063
8991.json,david-ignatius,true,0,speaker_disjoint_split,0,0.3921174231864517,0,0.4259635419347777
13217.json,donald-trump,false,1,speaker_disjoint_split,0,0.45897821108276354,1,0.5045616438778938
5013.json,restore-our-future,mostly-true,0,speaker_disjoint_split,0,0.4273751867649331,0,0.41549202743812463
5114.json,scott-walker,false,1,speaker_disjoint_split,0,0.43838214985710555,0,0.38675622975316687
2609.json,nathan-deal,half-true,0,speaker_disjoint_split,0,0.4405275522637988,0,0.48162602879770255
8536.json,scott-walker,mostly-true,0,speaker_disjoint_split,0,0.4940152142814596,0,0.42749694077295636
6085.json,julian-castro,half-true,0,speaker_disjoint_split,0,0.32623294405041375,0,0.4466946686523628
3540.json,tim-kaine,true,0,speaker_disjoint_split,0,0.4826594875389719,0,0.47296769545605744
1194.json,keith-olbermann,half-true,0,speaker_disjoint_split,0,0.3914348871025365,0,0.42528425903412975
5704.json,republican-governors-association,half-true,0,speaker_disjoint_split,0,0.40721230843426165,0,0.4109072636228043
6820.json,ann-coulter,true,0,speaker_disjoint_split,0,0.43075586074819283,0,0.4726469203921996
1859.json,nathan-deal,barely-true,1,speaker_disjoint_split,0,0.48654759903571254,0,0.43882258238343214
13131.json,donald-trump,false,1,speaker_disjoint_split,0,0.3733838570277622,0,0.4917431421817796
8384.json,ken-cuccinelli,false,1,speaker_disjoint_split,0,0.44891961032591693,0,0.45825595243935324
13511.json,heather-mcghee,half-true,0,speaker_disjoint_split,0,0.3098894728520991,0,0.3436850676608779
13103.json,donald-trump,false,1,speaker_disjoint_split,0,0.46244826333677475,1,0.5117371101586234
8823.json,mark-schlereth,mostly-true,0,speaker_disjoint_split,0,0.36074944247854807,0,0.31988511237472517
735.json,john-mccain,barely-true,1,speaker_disjoint_split,1,0.521549455520434,0,0.48708786185948827
9090.json,kathleen-sebelius,mostly-true,0,speaker_disjoint_split,0,0.40651708283387317,0,0.4626149274763332
4249.json,club-growth,barely-true,1,speaker_disjoint_split,1,0.5378194672975359,0,0.44056308345850004
12771.json,bernie-s,mostly-true,0,speaker_disjoint_split,0,0.32125617209393553,0,0.3650244110132166
12029.json,donald-trump,half-true,0,speaker_disjoint_split,0,0.44502167812380256,0,0.49593812241901397
7273.json,keith-faber,true,0,speaker_disjoint_split,0,0.40091631676403466,0,0.4538481855087189
11328.json,bernie-s,mostly-true,0,speaker_disjoint_split,0,0.29953033917067795,0,0.3242944617240932
7579.json,ed-fallone,half-true,0,speaker_disjoint_split,0,0.4729077695427386,0,0.469988543547105
9659.json,dan-patrick,false,1,speaker_disjoint_split,0,0.28096659345096736,0,0.33570147454988086
7844.json,harry-alford,pants-fire,1,speaker_disjoint_split,0,0.4670488363699956,0,0.48664604109206855
349.json,bill-clinton,false,1,speaker_disjoint_split,0,0.4816727388692466,0,0.4606822832151658
12041.json,bernie-s,mostly-true,0,speaker_disjoint_split,0,0.4957238694672293,0,0.4380773664525298
4521.json,jim-whelan,half-true,0,speaker_disjoint_split,0,0.4426465399537098,0,0.36988513468467515
6170.json,sam-adams,mostly-true,0,speaker_disjoint_split,0,0.3886778696027815,0,0.3996529887558003
2176.json,nathan-deal,mostly-true,0,speaker_disjoint_split,0,0.42322825158037736,0,0.40319072145354506
2116.json,bill-oreilly,false,1,speaker_disjoint_split,0,0.46003387679426877,0,0.49238726895953144
4019.json,new-jersey-democratic-state-committee,false,1,speaker_disjoint_split,0,0.42946086409690987,0,0.44251025710767083
1531.json,charles-rangel,pants-fire,1,speaker_disjoint_split,0,0.4898082331356956,0,0.4314688474209109
5365.json,greg-walden,true,0,speaker_disjoint_split,0,0.4214144588639075,0,0.4088788784106754
3768.json,terry-moulton,false,1,speaker_disjoint_split,0,0.3617188928119371,0,0.33250337198066016
13126.json,donald-trump,false,1,speaker_disjoint_split,0,0.456652944194492,0,0.4822334686859566
13299.json,donald-trump,barely-true,1,speaker_disjoint_split,1,0.6152575127083487,1,0.5792267117028242
698.json,john-mccain,false,1,speaker_disjoint_split,0,0.4947349023329138,0,0.48202751528765847
9586.json,jeff-merkley,false,1,speaker_disjoint_split,1,0.5064628836845052,0,0.44016137897512997
4128.json,national-republican-congressional-committee,false,1,speaker_disjoint_split,1,0.5387282401888301,1,0.5497928975858719
12276.json,jerry-jones,pants-fire,1,speaker_disjoint_split,0,0.4003517993213876,0,0.3934249947518253
12001.json,donald-trump,false,1,speaker_disjoint_split,0,0.4643935418927807,1,0.5579977825429009
3312.json,scott-walker,false,1,speaker_disjoint_split,0,0.4712173618799856,0,0.4654464598895112
13151.json,blog-posting,pants-fire,1,speaker_disjoint_split,0,0.47957052404341793,1,0.5556202930263394
13187.json,tim-kaine,half-true,0,speaker_disjoint_split,0,0.4252134244322358,0,0.4413615965054444
11916.json,john-kasich,mostly-true,0,speaker_disjoint_split,0,0.46036099711510226,1,0.5134778068471472
12464.json,scott-walker,half-true,0,speaker_disjoint_split,1,0.5272039737761534,0,0.4341987152938135
1606.json,charlie-crist,mostly-true,0,speaker_disjoint_split,1,0.5989898125749026,0,0.47320208058926944
12268.json,donald-trump,mostly-true,0,speaker_disjoint_split,0,0.4859898201441882,0,0.49000999049936445
4891.json,alan-simpson,true,0,speaker_disjoint_split,0,0.3047896232606478,0,0.32662153013480216
8793.json,florida-all,barely-true,1,speaker_disjoint_split,1,0.5063865807534619,0,0.4973722107531407
5495.json,david-axelrod,false,1,speaker_disjoint_split,0,0.4353469665291802,0,0.3925493145865611
516.json,john-mccain,true,0,speaker_disjoint_split,0,0.4772744849503149,0,0.4416535177162703
11063.json,donald-trump,false,1,speaker_disjoint_split,1,0.5712875708365222,1,0.5189045571692451
113.json,john-mccain,half-true,0,speaker_disjoint_split,0,0.3519860014835067,0,0.3555994066168288
11992.json,donald-trump,pants-fire,1,speaker_disjoint_split,0,0.404099172794649,1,0.5178631434531169
8769.json,chris-murphy,true,0,speaker_disjoint_split,0,0.43741700899395597,0,0.49757349143363283
10370.json,chris-coons,barely-true,1,speaker_disjoint_split,0,0.4800026153163844,0,0.49676968195404925
991.json,gus-bilirakis,barely-true,1,speaker_disjoint_split,0,0.4049429737010066,0,0.42641278352677814
507.json,john-mccain,barely-true,1,speaker_disjoint_split,0,0.45327405225731504,0,0.45545384390399435
7747.json,blog-posting,barely-true,1,speaker_disjoint_split,0,0.4515889976169799,1,0.6276985417955647
10968.json,bill-clinton,mostly-true,0,speaker_disjoint_split,0,0.47015542726438025,0,0.46005661744350745
12682.json,donald-trump,true,0,speaker_disjoint_split,0,0.39566497922765076,0,0.4713910481884366
10190.json,ben-cardin,barely-true,1,speaker_disjoint_split,0,0.3873598211199392,0,0.3634692055670366
13060.json,blog-posting,pants-fire,1,speaker_disjoint_split,0,0.49349407156496417,1,0.5405557338828779
12443.json,vicki-martin,mostly-true,0,speaker_disjoint_split,0,0.3239260930925948,0,0.32710043544650136
6210.json,bill-weimer,true,0,speaker_disjoint_split,0,0.4384574597731538,0,0.45586704234762476
3590.json,peter-defazio,false,1,speaker_disjoint_split,1,0.6010418855146844,1,0.6333163730205161
4625.json,fred-karger,pants-fire,1,speaker_disjoint_split,0,0.4207801961936092,1,0.5763900898382267
1932.json,bill-lynch,pants-fire,1,speaker_disjoint_split,0,0.44834194759768065,0,0.46338204333087746
10984.json,scott-walker,half-true,0,speaker_disjoint_split,0,0.3673543796175524,0,0.3807963113362974
13041.json,donald-trump,pants-fire,1,speaker_disjoint_split,0,0.4913235909420678,1,0.5302495501642241
9955.json,blog-posting,pants-fire,1,speaker_disjoint_split,1,0.5443343983800131,1,0.5552438205290016
3533.json,charles-rangel,half-true,0,speaker_disjoint_split,0,0.3937794046165484,0,0.49105742169749544
4671.json,ron-paul,mostly-true,0,speaker_disjoint_split,0,0.38444296958395036,0,0.43792988754781526
701.json,john-mccain,barely-true,1,speaker_disjoint_split,0,0.4776769047583159,0,0.44892850109717836
9894.json,john-mccain,mostly-true,0,speaker_disjoint_split,0,0.4694669139840169,0,0.47562255084982114
2955.json,state-democratic-party-wisconsin,pants-fire,1,speaker_disjoint_split,1,0.560061486687195,1,0.5343714037099965
8724.json,carol-shea-porter,true,0,speaker_disjoint_split,0,0.43681894323757703,0,0.49629011612137247
11224.json,se-cupp,true,0,speaker_disjoint_split,0,0.42333042209418825,0,0.4296091487651094
12890.json,donald-trump,barely-true,1,speaker_disjoint_split,0,0.49025448426898954,1,0.512297485639403
3683.json,saxby-chambliss,false,1,speaker_disjoint_split,0,0.44783761111276477,0,0.43513734484690814
12983.json,tim-kaine,false,1,speaker_disjoint_split,0,0.4389970631563251,0,0.45811596551592226
1302.json,charlie-crist,pants-fire,1,speaker_disjoint_split,1,0.5345886680981707,0,0.47765625177876353
6676.json,gilberto-hinojosa,false,1,speaker_disjoint_split,0,0.44835439825963436,0,0.41432397462710324
12212.json,bernie-s,half-true,0,speaker_disjoint_split,0,0.47741615901751383,0,0.480219370518983
4179.json,jessica-king,barely-true,1,speaker_disjoint_split,1,0.518791901549675,0,0.46951350472257636
12814.json,bill-clinton,half-true,0,speaker_disjoint_split,0,0.4558674662766415,0,0.4465400481756938
3057.json,greg-walden,barely-true,1,speaker_disjoint_split,0,0.34578644056419444,0,0.4100868042851836
3371.json,andy-brown,false,1,speaker_disjoint_split,0,0.49418224689142337,0,0.46172749006196395
8319.json,state-democratic-party-wisconsin,half-true,0,speaker_disjoint_split,0,0.42481443324987567,0,0.44965978299790244
598.json,john-mccain,barely-true,1,speaker_disjoint_split,1,0.584785059556661,1,0.5835121618153983
8509.json,charlie-crist,true,0,speaker_disjoint_split,1,0.5383323116635205,0,0.4554672872440469
8803.json,scott-walker,mostly-true,0,speaker_disjoint_split,0,0.3850336511417269,0,0.30254080527683685
9653.json,angel-taveras,half-true,0,speaker_disjoint_split,0,0.3913995035949086,0,0.3674236422308128
13002.json,donald-trump,mostly-true,0,speaker_disjoint_split,0,0.39473511278998324,0,0.42860825582546974
12126.json,stephen-zappala,half-true,0,speaker_disjoint_split,0,0.4230969983863493,0,0.39953932779087126
8487.json,republican-party-florida,half-true,0,speaker_disjoint_split,0,0.44673762123462524,0,0.4335963642530224
1510.json,republican-governors-association,mostly-true,0,speaker_disjoint_split,0,0.4727213725492499,1,0.5123055242263458
5798.json,scott-walker,barely-true,1,speaker_disjoint_split,1,0.5130033736051884,1,0.5110234817029715
546.json,john-mccain,true,0,speaker_disjoint_split,1,0.5304596616109515,0,0.48557964940402876
1544.json,charlie-crist,true,0,speaker_disjoint_split,0,0.39371620273070923,0,0.3604485960756053
8045.json,tom-cole,true,0,speaker_disjoint_split,0,0.498758649393614,0,0.42868869066871873
10508.json,scott-walker,false,1,speaker_disjoint_split,0,0.39316564933582626,0,0.32198509124121755
11550.json,donald-trump,barely-true,1,speaker_disjoint_split,0,0.3715107682440619,0,0.4563584787801328
1686.json,charlie-crist,half-true,0,speaker_disjoint_split,0,0.4593239797397433,0,0.438681464788548
12216.json,donald-trump,false,1,speaker_disjoint_split,0,0.4311388629994752,0,0.4395770038259503
5028.json,kyleen-wright,barely-true,1,speaker_disjoint_split,0,0.4686203643312198,0,0.4213471119007937
5014.json,national-republican-congressional-committee,true,0,speaker_disjoint_split,0,0.4789259066810996,1,0.546605586552623
1746.json,charlie-crist,false,1,speaker_disjoint_split,0,0.4654994817122447,0,0.46777162682615264
120.json,joe-biden,true,0,speaker_disjoint_split,0,0.42166944786175536,0,0.43879376559274824
7849.json,national-republican-congressional-committee,mostly-true,0,speaker_disjoint_split,0,0.47896675735589,0,0.4883333813377927
3567.json,donald-trump,false,1,speaker_disjoint_split,0,0.44882078930911573,0,0.4467291648889215
515.json,john-mccain,half-true,0,speaker_disjoint_split,0,0.37614238127920463,0,0.36794263836079544
7431.json,john-kasich,mostly-true,0,speaker_disjoint_split,0,0.398543289418555,0,0.39027844205325335
1396.json,david-axelrod,mostly-true,0,speaker_disjoint_split,0,0.37306092110420735,0,0.34128956932819887
6305.json,robert-dimuccio,true,0,speaker_disjoint_split,0,0.3579124210414599,0,0.4039394270077764
831.json,john-mccain,mostly-true,0,speaker_disjoint_split,1,0.5454621345712974,1,0.5154597555403675
8248.json,karl-rove,mostly-true,0,speaker_disjoint_split,0,0.4472741988404071,0,0.4747438090176307
12802.json,tim-kaine,half-true,0,speaker_disjoint_split,0,0.439861822767087,0,0.3690215318628824
646.json,joe-biden,false,1,speaker_disjoint_split,0,0.48990105336964795,0,0.45095310730846444
2627.json,alexi-giannoulias,barely-true,1,speaker_disjoint_split,1,0.5116999808756327,0,0.49743225647793143
3463.json,glenn-beck,half-true,0,speaker_disjoint_split,0,0.4598028160580386,0,0.473761522001801
8528.json,charlotte-nash,true,0,speaker_disjoint_split,0,0.34631406401271264,0,0.38448719131171566
9065.json,nathan-deal,true,0,speaker_disjoint_split,0,0.3359933245573396,0,0.389951698874177
5217.json,robert-hagan,half-true,0,speaker_disjoint_split,1,0.512778339562484,0,0.4866939112244581
1412.json,rush-limbaugh,pants-fire,1,speaker_disjoint_split,0,0.4984356744307554,0,0.47293197076713006
13384.json,donald-trump,pants-fire,1,speaker_disjoint_split,0,0.49132681537493367,1,0.5794812921926569
617.json,john-mccain,barely-true,1,speaker_disjoint_split,1,0.5756948327343214,0,0.4895468789956312
3723.json,john-kasich,barely-true,1,speaker_disjoint_split,0,0.4438133687915123,0,0.48053433217849273
5937.json,lloyd-doggett,mostly-true,0,speaker_disjoint_split,0,0.4699927828641087,0,0.45991304529817856
13016.json,donald-trump,half-true,0,speaker_disjoint_split,0,0.4805115554323179,1,0.5490845759267372
12920.json,vote-no-2,barely-true,1,speaker_disjoint_split,0,0.4121818737493612,0,0.3046925681993055
6245.json,american-commitment,pants-fire,1,speaker_disjoint_split,1,0.5055238545872948,1,0.5628591751853024
10292.json,allen-peake,true,0,speaker_disjoint_split,0,0.4209060161966004,0,0.46594998514859454
2915.json,vern-buchanan,false,1,speaker_disjoint_split,0,0.39503742601324876,0,0.470004058778986
11361.json,tom-cole,true,0,speaker_disjoint_split,1,0.5843723082080695,1,0.5428005671345175
8018.json,gilberto-hinojosa,pants-fire,1,speaker_disjoint_split,0,0.468971480972972,0,0.48930585332077775
8678.json,blog-posting,barely-true,1,speaker_disjoint_split,0,0.4906122596594395,1,0.5620922318974224
10819.json,carly-fiorina,mostly-true,0,speaker_disjoint_split,0,0.4150329102415084,0,0.39720887434932484
9303.json,joaquin-castro,true,0,speaker_disjoint_split,0,0.36021167972975504,0,0.4475779686105142
928.json,fidelis,mostly-true,0,speaker_disjoint_split,0,0.486886201511672,0,0.46842009082874614
11909.json,donald-trump,barely-true,1,speaker_disjoint_split,0,0.45148367439782305,0,0.4480150028489423
11367.json,ben-carson,barely-true,1,speaker_disjoint_split,0,0.3965753723199134,0,0.4383138016936684
4852.json,john-kasich,true,0,speaker_disjoint_split,0,0.4361910737713673,0,0.4382550165666283
8400.json,michael-thurmond,barely-true,1,speaker_disjoint_split,0,0.48132995676309354,0,0.4662084584827702
3961.json,blog-posting,false,1,speaker_disjoint_split,0,0.4886304058996334,1,0.5601719388891059
5428.json,alissa-keny-guyer,true,0,speaker_disjoint_split,0,0.4409682616822941,0,0.4185437151027925
6582.json,david-cicilline,mostly-true,0,speaker_disjoint_split,0,0.4012708072231671,0,0.3534657697089274
3857.json,robert-brown,barely-true,1,speaker_disjoint_split,0,0.47633759083838845,0,0.45785102900347524
9580.json,republican-party-florida,mostly-true,0,speaker_disjoint_split,0,0.47990964609668096,0,0.47837722373622094
742.json,john-mccain,barely-true,1,speaker_disjoint_split,0,0.4870039118544415,0,0.4766430243883159
10201.json,greta-van-susteren,mostly-true,0,speaker_disjoint_split,0,0.39040927922882274,0,0.45059401800511417
8750.json,david-jolly,barely-true,1,speaker_disjoint_split,0,0.4456616401231429,1,0.5200975299902438
9136.json,mike-collier,false,1,speaker_disjoint_split,0,0.4895479811996817,0,0.4459099489545396
3898.json,elijah-cummings,true,0,speaker_disjoint_split,0,0.34104729613577106,0,0.3782825663342624
11103.json,chuck-baldwin,pants-fire,1,speaker_disjoint_split,0,0.4507711300339009,1,0.5050979611258216
9811.json,john-carlevale,half-true,0,speaker_disjoint_split,0,0.4218258482495781,0,0.3586106962671864
8471.json,david-axelrod,mostly-true,0,speaker_disjoint_split,1,0.511345716761109,0,0.4954752879395141
3825.json,debbie-wasserman-schultz,half-true,0,speaker_disjoint_split,1,0.5454683287111067,1,0.601389222352987
8706.json,david-jolly,barely-true,1,speaker_disjoint_split,0,0.4915302114547877,1,0.5067305958575247
458.json,john-mccain,pants-fire,1,speaker_disjoint_split,0,0.45089305270903635,0,0.4548339294816745
140.json,bill-richardson,half-true,0,speaker_disjoint_split,0,0.4740550630332095,0,0.4604170566667615
2961.json,tom-coburn,mostly-true,0,speaker_disjoint_split,0,0.414939667851755,0,0.4463161851151362
4278.json,ken-plum,false,1,speaker_disjoint_split,0,0.44137769620550776,0,0.4300976844907225
9673.json,nathan-deal,false,1,speaker_disjoint_split,1,0.5026095852868632,0,0.46033326560555304
12871.json,tim-kaine,half-true,0,speaker_disjoint_split,0,0.41806761989579955,0,0.45371194492190553
12149.json,donald-trump,barely-true,1,speaker_disjoint_split,0,0.3465590669572922,0,0.3847469777364336
12959.json,donald-trump,barely-true,1,speaker_disjoint_split,0,0.2894344065234646,0,0.389801823454682
12777.json,bernie-s,half-true,0,speaker_disjoint_split,0,0.3214216264196651,0,0.30933026081106
12584.json,thomas-perez,barely-true,1,speaker_disjoint_split,0,0.48227813089138055,0,0.4629920181231455
7866.json,bernie-s,true,0,speaker_disjoint_split,0,0.2856856693902744,0,0.3024647018597109
7962.json,debbie-wasserman-schultz,mostly-true,0,speaker_disjoint_split,0,0.4677038878366544,1,0.5189841380229221
12710.json,donald-trump,false,1,speaker_disjoint_split,0,0.41866725092043455,0,0.46189399818140026
13191.json,tim-kaine,barely-true,1,speaker_disjoint_split,1,0.5529132527625765,0,0.4940604225315286
12251.json,don-beyer,barely-true,1,speaker_disjoint_split,0,0.41295037089668485,0,0.43469281686281475
1980.json,jan-brewer,false,1,speaker_disjoint_split,0,0.37292007040539793,0,0.48472981957921896
9678.json,rush-limbaugh,mostly-true,0,speaker_disjoint_split,0,0.40591158237438313,0,0.4748793981110784
2111.json,bob-gibbs,true,0,speaker_disjoint_split,0,0.484170849815487,0,0.49542758400594794
9251.json,julian-castro,mostly-true,0,speaker_disjoint_split,0,0.40942523912741924,0,0.4811909811610297
2692.json,tim-kaine,barely-true,1,speaker_disjoint_split,1,0.505878844325378,0,0.4582139962055753
11368.json,scott-walker,half-true,0,speaker_disjoint_split,0,0.451095078824854,0,0.45233760283375335
13520.json,blog-posting,mostly-true,0,speaker_disjoint_split,0,0.4040683602627426,1,0.5178924701572994
662.json,john-mccain,false,1,speaker_disjoint_split,1,0.5162801350625554,0,0.488807462620236
7822.json,nathan-deal,half-true,0,speaker_disjoint_split,0,0.2730381134394885,0,0.32691562983442196
2158.json,bill-lynch,barely-true,1,speaker_disjoint_split,0,0.3998647186367927,0,0.410632228004576
10497.json,scott-walker,mostly-true,0,speaker_disjoint_split,0,0.3197327211286189,0,0.34428795517173305
1542.json,charlie-crist,true,0,speaker_disjoint_split,0,0.4057960787033602,0,0.3910866334851925
4667.json,sam-adams,barely-true,1,speaker_disjoint_split,0,0.39917013669067714,0,0.41306834358870353
11512.json,carly-fiorina,half-true,0,speaker_disjoint_split,0,0.35814429647443596,0,0.3226901770281156
10698.json,foundation-secure-and-prosperous-america,barely-true,1,speaker_disjoint_split,0,0.49366522765402054,1,0.5107876751686193
13224.json,donald-trump,barely-true,1,speaker_disjoint_split,0,0.4972872842743869,1,0.5320256401092849
1754.json,lamar-mckay,barely-true,1,speaker_disjoint_split,0,0.4406797712007078,0,0.4554595369751999
1454.json,david-axelrod,true,0,speaker_disjoint_split,0,0.4849455515890759,0,0.47838407927930604
11273.json,donald-trump,false,1,speaker_disjoint_split,0,0.4458753686591406,0,0.48214715033096245
7846.json,dale-kooyenga,mostly-true,0,speaker_disjoint_split,0,0.4752838081887395,0,0.3819650708966506
10993.json,stanley-mcchrystal,half-true,0,speaker_disjoint_split,0,0.4455275542362604,0,0.4238021242687416
12097.json,joanne-kloppenburg,false,1,speaker_disjoint_split,1,0.5270676442758893,0,0.4619000170413545
6464.json,david-cicilline,false,1,speaker_disjoint_split,0,0.4526669206404141,1,0.5075731428823631
8553.json,goldie-taylor,false,1,speaker_disjoint_split,0,0.316016931819716,0,0.24104978396721513
9961.json,catherine-taylor,true,0,speaker_disjoint_split,0,0.400275141462536,0,0.45155022564386826
2545.json,debbie-jackow,false,1,speaker_disjoint_split,1,0.5087916378180726,0,0.4589963004969675
4142.json,dominick-marino,half-true,0,speaker_disjoint_split,0,0.43934500348833866,0,0.37587673039180614
3213.json,peter-defazio,mostly-true,0,speaker_disjoint_split,0,0.4003906936575249,0,0.4868144540966029
12801.json,chris-murphy,true,0,speaker_disjoint_split,0,0.3405715395179806,0,0.43605186556718983
10867.json,scott-walker,mostly-true,0,speaker_disjoint_split,0,0.3521974259837448,0,0.36199441419458284
6101.json,tim-kaine,mostly-true,0,speaker_disjoint_split,0,0.4271718678033887,0,0.41722305614967325
11422.json,bernie-s,mostly-true,0,speaker_disjoint_split,0,0.304893625989884,0,0.3324950422701993
13185.json,tim-kaine,half-true,0,speaker_disjoint_split,1,0.5332607486972052,0,0.44548339379035506
10574.json,bill-oreilly,half-true,0,speaker_disjoint_split,0,0.3962444266871743,0,0.4525175223475171
6852.json,robert-menendez,true,0,speaker_disjoint_split,0,0.43617257154605027,0,0.40644410243193296
6044.json,gary-johnson,barely-true,1,speaker_disjoint_split,0,0.3653398257518086,0,0.41588495496447914
5148.json,democratic-congressional-campaign-committee,pants-fire,1,speaker_disjoint_split,0,0.4609492284257845,0,0.4614675221327102
12239.json,bernie-s,mostly-true,0,speaker_disjoint_split,0,0.4414787957806917,0,0.4433691145795598
1255.json,carl-levin,true,0,speaker_disjoint_split,0,0.4204064452676539,0,0.42231510361766683
9887.json,charlie-crist,mostly-true,0,speaker_disjoint_split,1,0.5448346014130593,1,0.5416703518268683
12971.json,donald-trump,false,1,speaker_disjoint_split,1,0.5286761839246483,0,0.4926443491260907
10584.json,ben-carson,false,1,speaker_disjoint_split,0,0.417005947506761,0,0.45438930469282246
3295.json,tim-kaine,mostly-true,0,speaker_disjoint_split,0,0.30161637224774285,0,0.3566434140330798
4052.json,united-fair-economy,mostly-true,0,speaker_disjoint_split,0,0.33049978135566827,0,0.3497040933732126
10619.json,rush-limbaugh,false,1,speaker_disjoint_split,0,0.45310904836490384,1,0.5188976202132743
9604.json,rush-limbaugh,half-true,0,speaker_disjoint_split,0,0.42550171678090914,0,0.4802031156869322
1721.json,debbie-wasserman-schultz,barely-true,1,speaker_disjoint_split,1,0.5474902669962364,1,0.6467619381779935
5437.json,national-republican-congressional-committee,barely-true,1,speaker_disjoint_split,0,0.4793172049774338,1,0.554479320523737
3833.json,national-republican-congressional-committee,barely-true,1,speaker_disjoint_split,1,0.5250375385803888,0,0.49637029962566126
1062.json,keith-olbermann,false,1,speaker_disjoint_split,0,0.45815026285407984,0,0.4952706042005317
13396.json,blog-posting,pants-fire,1,speaker_disjoint_split,1,0.5360473046868774,1,0.5412272576629931
3299.json,scott-walker,false,1,speaker_disjoint_split,1,0.5194128445939072,1,0.5076613546734866
6719.json,national-republican-congressional-committee,half-true,0,speaker_disjoint_split,0,0.47029513426871555,0,0.48723814379349856
8918.json,dan-patrick,false,1,speaker_disjoint_split,1,0.7597379606865122,1,0.6128389460228629
13011.json,donald-trump,half-true,0,speaker_disjoint_split,0,0.38682297294511353,0,0.44044805094743766
1296.json,rush-limbaugh,half-true,0,speaker_disjoint_split,0,0.36623486184155757,0,0.380813471284935
4448.json,debbie-wasserman-schultz,barely-true,1,speaker_disjoint_split,0,0.449687756839154,0,0.4441911203059018
10875.json,sarah-silverman,true,0,speaker_disjoint_split,1,0.5505827576091741,0,0.4569933164523649
11044.json,donald-trump,pants-fire,1,speaker_disjoint_split,0,0.4470274093237868,0,0.491148058591785
10805.json,danny-porter,half-true,0,speaker_disjoint_split,0,0.47645958932774185,0,0.431915021521011
4772.json,kathleen-connell,false,1,speaker_disjoint_split,0,0.40187276312783426,0,0.4233600159314011
9855.json,blog-posting,pants-fire,1,speaker_disjoint_split,0,0.4286310575188154,0,0.42996320777035024
12984.json,donald-trump,pants-fire,1,speaker_disjoint_split,0,0.3922919212305747,0,0.38267068364494483
3328.json,bill-oreilly,mostly-true,0,speaker_disjoint_split,0,0.32473599955634846,0,0.3702515628717674
9972.json,scott-walker,mostly-true,0,speaker_disjoint_split,0,0.4150033047439143,0,0.3758627931345612
10476.json,celine-gounder,true,0,speaker_disjoint_split,0,0.3995687515589019,0,0.4175443465035002
8132.json,bill-foster,half-true,0,speaker_disjoint_split,0,0.43406211477565343,0,0.40386285193743615
6172.json,rush-limbaugh,pants-fire,1,speaker_disjoint_split,1,0.6297978934765908,1,0.5574871556697852
12892.json,donald-trump,pants-fire,1,speaker_disjoint_split,1,0.5118418537197177,1,0.5832383135321829
10094.json,scott-walker,mostly-true,0,speaker_disjoint_split,0,0.3458334992322687,0,0.3527032382784072
514.json,john-mccain,true,0,speaker_disjoint_split,0,0.49564475601770525,0,0.4597872344898879
2586.json,john-kasich,mostly-true,0,speaker_disjoint_split,0,0.401062497813564,0,0.40461863407449256
1923.json,orrin-hatch,barely-true,1,speaker_disjoint_split,0,0.3613561436361116,0,0.30799181768940725
5301.json,debbie-wasserman-schultz,false,1,speaker_disjoint_split,0,0.4051012930234523,0,0.4406352963969984
1291.json,tom-mcclintock,false,1,speaker_disjoint_split,0,0.43049154299183945,0,0.49235056757344337
9903.json,national-republican-congressional-committee,barely-true,1,speaker_disjoint_split,0,0.4382412575972073,0,0.4536440690457536
12796.json,donald-trump,mostly-true,0,speaker_disjoint_split,0,0.4877969906505365,1,0.5386986680475052
7180.json,sam-adams,false,1,speaker_disjoint_split,0,0.3604519295633043,0,0.3840903278586128
3716.json,ron-paul,half-true,0,speaker_disjoint_split,0,0.4180662434251875,0,0.4168085325085123
9654.json,dennis-richardson,mostly-true,0,speaker_disjoint_split,0,0.2961422408791898,0,0.33636313282155783
2836.json,john-pistole,true,0,speaker_disjoint_split,0,0.4507928630922525,0,0.48747188877220354
9697.json,lenar-whitney,pants-fire,1,speaker_disjoint_split,1,0.5278839605682983,1,0.5677022014573108
4405.json,daniel-mckee,mostly-true,0,speaker_disjoint_split,0,0.39695220145746346,0,0.37928015965438305
3515.json,donald-trump,false,1,speaker_disjoint_split,0,0.4290060038110791,0,0.4321545048266994
11745.json,dan-patrick,half-true,0,speaker_disjoint_split,0,0.43638086394361575,0,0.4341951572150374
9700.json,charlie-crist,barely-true,1,speaker_disjoint_split,1,0.5454725407906493,0,0.49127482207148065
10515.json,scott-walker,half-true,0,speaker_disjoint_split,1,0.5279271234762466,0,0.49622782329679377
9753.json,scott-walker,true,0,speaker_disjoint_split,0,0.35925267048664894,0,0.390869286659445
11098.json,rush-limbaugh,half-true,0,speaker_disjoint_split,0,0.4732149743504588,0,0.47042771803498307
7600.json,blog-posting,mostly-true,0,speaker_disjoint_split,0,0.4729318845687515,1,0.5746509151190075
13139.json,donald-trump,barely-true,1,speaker_disjoint_split,0,0.45500194956004975,0,0.4020005197754682
718.json,john-mccain,mostly-true,0,speaker_disjoint_split,0,0.4752813909058369,0,0.4400828711815458
5516.json,scott-walker,half-true,0,speaker_disjoint_split,0,0.4088325955838672,0,0.4048183128629915
13308.json,donald-trump,barely-true,1,speaker_disjoint_split,1,0.5677425218990276,1,0.5297876786650677
3298.json,scott-walker,true,0,speaker_disjoint_split,1,0.540954813677063,1,0.5241299564611375
8063.json,instagram-posts,false,1,speaker_disjoint_split,0,0.4506607591875265,0,0.4154440719761216
4280.json,ron-paul,false,1,speaker_disjoint_split,0,0.45587866311957564,0,0.43596396425942885
476.json,john-mccain,half-true,0,speaker_disjoint_split,0,0.4124036221716995,0,0.4636665531794705
1870.json,fulton-county-government,true,0,speaker_disjoint_split,0,0.4040151526607783,0,0.40135876493587586
5745.json,joe-biden,half-true,0,speaker_disjoint_split,0,0.3856529133064744,0,0.39159569771273445
3486.json,larry-ahern,false,1,speaker_disjoint_split,0,0.4296028045287806,0,0.4584051092988819
8565.json,saxby-chambliss,mostly-true,0,speaker_disjoint_split,0,0.351897792008452,0,0.3831591893092376
1899.json,john-mccain,true,0,speaker_disjoint_split,0,0.4164732982625082,0,0.40012156072284794
3775.json,ken-cuccinelli,true,0,speaker_disjoint_split,0,0.42876804246271244,0,0.44236179461621405
2895.json,michael-steele,half-true,0,speaker_disjoint_split,0,0.3895746630651753,0,0.4131771973465208
665.json,joe-biden,half-true,0,speaker_disjoint_split,0,0.42269228370475936,0,0.44090517886659614
11733.json,donald-trump,false,1,speaker_disjoint_split,0,0.4338026445633541,0,0.4197765991329147
12369.json,donald-trump,false,1,speaker_disjoint_split,1,0.5113079444094463,0,0.4743115955402295
11220.json,julian-castro,true,0,speaker_disjoint_split,0,0.3679103491475997,0,0.338256666892728
13475.json,blog-posting,pants-fire,1,speaker_disjoint_split,1,0.502162105023017,1,0.5554506428248304
668.json,joe-biden,barely-true,1,speaker_disjoint_split,0,0.49077150600513575,0,0.483291323978597
6347.json,robert-menendez,true,0,speaker_disjoint_split,0,0.4071080724985581,0,0.4264703863312269
8273.json,eddie-bernice-johnson,false,1,speaker_disjoint_split,0,0.3981894894424917,0,0.42122329699701794
2382.json,austan-goolsbee,mostly-true,0,speaker_disjoint_split,0,0.39111967101662803,0,0.4164393094854899
2389.json,jb-van-hollen,mostly-true,0,speaker_disjoint_split,0,0.3895927202691636,0,0.4473079654391181
2365.json,maryellen-oshaughnessy,false,1,speaker_disjoint_split,0,0.44250339404428113,0,0.47989751821536936
90.json,joe-biden,false,1,speaker_disjoint_split,0,0.45581456204981774,0,0.42003436734774674
9108.json,gilberto-hinojosa,false,1,speaker_disjoint_split,0,0.48425266686572693,1,0.5403128800503654
8184.json,steve-lonegan,half-true,0,speaker_disjoint_split,0,0.3667724312563612,0,0.3688532820264486
9649.json,republican-party-florida,barely-true,1,speaker_disjoint_split,1,0.5023256454630851,0,0.4034802586097425
10480.json,rush-limbaugh,pants-fire,1,speaker_disjoint_split,0,0.46521842156157545,0,0.46499937326684354
11631.json,ben-carson,false,1,speaker_disjoint_split,0,0.4197630527450956,1,0.5017955675807377
9387.json,aclu-florida,half-true,0,speaker_disjoint_split,0,0.38775725757857493,0,0.42508700975994596
1596.json,cliff-stearns,half-true,0,speaker_disjoint_split,0,0.4706523582865001,1,0.5421299753896267
2028.json,alexi-giannoulias,true,0,speaker_disjoint_split,0,0.4227562000675813,0,0.4434548442388337
11237.json,scott-walker,true,0,speaker_disjoint_split,0,0.3765536057036937,0,0.38933440280116643
744.json,john-mccain,false,1,speaker_disjoint_split,0,0.44805496656637395,0,0.3669456658486968
559.json,john-mccain,false,1,speaker_disjoint_split,0,0.40607512317040545,0,0.46140350665403645
667.json,joe-biden,true,0,speaker_disjoint_split,0,0.34847729248258347,0,0.3930921097380757
1007.json,rush-limbaugh,mostly-true,0,speaker_disjoint_split,0,0.4930240605372991,0,0.48335733105880246
12935.json,donald-trump,false,1,speaker_disjoint_split,1,0.513190054288619,1,0.5899224225158044
10214.json,lynda-rife,barely-true,1,speaker_disjoint_split,0,0.3898961776596741,0,0.3037835578891045
9767.json,scott-walker,mostly-true,0,speaker_disjoint_split,0,0.43488424454038943,0,0.46641588815839763
766.json,joe-biden,mostly-true,0,speaker_disjoint_split,0,0.42087615081367263,0,0.37993549504079477
570.json,john-mccain,half-true,0,speaker_disjoint_split,1,0.5564237633382436,1,0.5314915979299109
11942.json,donald-trump,barely-true,1,speaker_disjoint_split,1,0.5619539023739563,1,0.6034228407279321
9952.json,republican-governors-association,mostly-true,0,speaker_disjoint_split,0,0.46290881176135407,0,0.44887376528838147
806.json,john-mccain,true,0,speaker_disjoint_split,0,0.46555820196393843,0,0.49198151472615415
4829.json,scott-walker,false,1,speaker_disjoint_split,0,0.30744531217058507,0,0.3477752538548438
8220.json,ken-cuccinelli,false,1,speaker_disjoint_split,0,0.48994939894209827,1,0.5420127032869866
3832.json,charlotte-nash,mostly-true,0,speaker_disjoint_split,0,0.32615161894461353,0,0.3528088117592824
12119.json,donald-trump,false,1,speaker_disjoint_split,0,0.46060310159196005,0,0.49338659611506386
8155.json,bill-foster,true,0,speaker_disjoint_split,0,0.42248514101030593,0,0.3380659324645623
11533.json,ben-carson,pants-fire,1,speaker_disjoint_split,1,0.525943811279453,1,0.5421662223536208
8138.json,jeb-hensarling,half-true,0,speaker_disjoint_split,1,0.5162888329392862,1,0.5428930433740596
7209.json,robert-menendez,true,0,speaker_disjoint_split,0,0.3590129339427236,0,0.37606847137743493
4078.json,stephen-sweeney,barely-true,1,speaker_disjoint_split,1,0.5115237237250522,1,0.5109423992082524
11853.json,bernie-s,false,1,speaker_disjoint_split,0,0.46911854775082334,0,0.44377001974280494
773.json,joe-biden,true,0,speaker_disjoint_split,0,0.43559394085365,0,0.39989447488671415
13530.json,donald-trump,false,1,speaker_disjoint_split,0,0.4058854638221796,0,0.4236568159782633
13426.json,donald-trump,mostly-true,0,speaker_disjoint_split,0,0.49638469156341203,1,0.5472971669849612
2415.json,steve-munisteri,half-true,0,speaker_disjoint_split,0,0.4139163717323331,0,0.4156397335497097
4055.json,nina-turner,true,0,speaker_disjoint_split,0,0.43809197695197943,0,0.39762891216155
188.json,bill-richardson,false,1,speaker_disjoint_split,0,0.4227149133773769,0,0.46124845453505503
2229.json,esquire-magazine,true,0,speaker_disjoint_split,0,0.44789363330163845,0,0.46355425960154295
3618.json,democratic-congressional-campaign-committee,pants-fire,1,speaker_disjoint_split,1,0.5319936211390237,0,0.49063177263047314
12659.json,donald-trump,half-true,0,speaker_disjoint_split,0,0.47593147308254097,0,0.4818759980693531
10953.json,donald-trump,false,1,speaker_disjoint_split,0,0.40971969619730436,0,0.36180886570503307
11336.json,ben-carson,false,1,speaker_disjoint_split,0,0.43741406620060713,0,0.4233299322786984
6855.json,sam-adams,true,0,speaker_disjoint_split,0,0.4274899098356507,0,0.40984243730603626
2907.json,nfl-players-association,false,1,speaker_disjoint_split,0,0.3503617341973107,0,0.34801409817837964
3988.json,vern-buchanan,barely-true,1,speaker_disjoint_split,0,0.49417947844735116,0,0.439400902882786
3579.json,donald-trump,false,1,speaker_disjoint_split,1,0.5443582629468454,1,0.5302322458014244
4159.json,bruce-hanna,barely-true,1,speaker_disjoint_split,0,0.4444457005982889,0,0.4005567914469201
252.json,joe-biden,barely-true,1,speaker_disjoint_split,0,0.46347268046091883,0,0.44909759364474
5035.json,restore-our-future,half-true,0,speaker_disjoint_split,1,0.5108991329592837,0,0.49866239534242246
8890.json,state-democratic-party-wisconsin,false,1,speaker_disjoint_split,1,0.513963468932345,0,0.4678524765072512
9852.json,tim-kaine,mostly-true,0,speaker_disjoint_split,0,0.4146498050711621,0,0.41475071626681853
4980.json,lloyd-doggett,barely-true,1,speaker_disjoint_split,0,0.36374949247190996,0,0.32921333700588173
3370.json,ken-cuccinelli,half-true,0,speaker_disjoint_split,0,0.4621122699345638,0,0.4062392442909521
12062.json,culinary-workers-union,mostly-true,0,speaker_disjoint_split,0,0.4249299674478253,1,0.5393219173547819
10392.json,nathan-deal,mostly-true,0,speaker_disjoint_split,0,0.30020099741367123,0,0.315530751460273
1040.json,michael-steele,true,0,speaker_disjoint_split,0,0.4922097278653741,0,0.47440171174953305
13065.json,bob-duffy,mostly-true,0,speaker_disjoint_split,0,0.3672393627254105,0,0.3741231461182629
12040.json,bernie-s,mostly-true,0,speaker_disjoint_split,0,0.49312055500879276,1,0.5368881590882261
1002.json,wayne-lapierre,half-true,0,speaker_disjoint_split,0,0.4449444413652514,0,0.44236710769277926
9530.json,rush-limbaugh,pants-fire,1,speaker_disjoint_split,1,0.5805013693023853,1,0.5763915024907413
3265.json,club-growth,barely-true,1,speaker_disjoint_split,0,0.43289304984480337,0,0.4611529425488068
7923.json,joe-biden,true,0,speaker_disjoint_split,0,0.436422194356162,0,0.35791500377321417
12094.json,donald-trump,false,1,speaker_disjoint_split,0,0.46325946443839483,0,0.4282358687130903
3547.json,donald-trump,half-true,0,speaker_disjoint_split,0,0.44953647685826736,0,0.44180320466977463
10043.json,morgan-brittany,pants-fire,1,speaker_disjoint_split,1,0.5100591955945437,0,0.4561960323780269
10973.json,scott-walker,half-true,0,speaker_disjoint_split,0,0.36870288960075825,0,0.36862352921805125
697.json,john-mccain,half-true,0,speaker_disjoint_split,0,0.4522412619808593,0,0.47228778756649104
2300.json,ron-klein,mostly-true,0,speaker_disjoint_split,0,0.463796138473213,0,0.49734142776969514
5861.json,eileen-brady,false,1,speaker_disjoint_split,1,0.5060244542946721,0,0.4811237328829322
8668.json,sam-houston,half-true,0,speaker_disjoint_split,0,0.4485507875177928,0,0.48370803592009876
7068.json,republican-governors-association,half-true,0,speaker_disjoint_split,0,0.47535857493356914,0,0.474760510707824
5888.json,bill-spelman,false,1,speaker_disjoint_split,0,0.4742560375965704,0,0.49127384982508304
13388.json,arizonans-responsible-drug-policy,half-true,0,speaker_disjoint_split,0,0.4360898193019391,0,0.3759672281400273
6549.json,charlie-crist,half-true,0,speaker_disjoint_split,0,0.4473210682817363,1,0.5200672819009493
4059.json,better-austin-today-political-action-committee,false,1,speaker_disjoint_split,0,0.377100636423328,0,0.3404734216109183
1590.json,citizens-lower-taxes-and-stronger-economy,true,0,speaker_disjoint_split,0,0.47224109685383164,0,0.44032738143045996
365.json,blog-posting,pants-fire,1,speaker_disjoint_split,1,0.5237475320636044,1,0.5915243070039282
8325.json,bernie-s,half-true,0,speaker_disjoint_split,0,0.40229732442451843,0,0.3948959818809686
12911.json,donald-trump,pants-fire,1,speaker_disjoint_split,0,0.4752996889886862,0,0.459406967521516
10368.json,jerry-jones,false,1,speaker_disjoint_split,0,0.43626232294433237,0,0.4467873613725726
721.json,john-mccain,barely-true,1,speaker_disjoint_split,1,0.522055474314219,0,0.4740149976086658
2022.json,jan-brewer,half-true,0,speaker_disjoint_split,0,0.4446296903404334,0,0.4692760336571011
4762.json,blog-posting,barely-true,1,speaker_disjoint_split,1,0.5833605137857011,1,0.6075199908944922
12872.json,tim-kaine,false,1,speaker_disjoint_split,0,0.41210124661532765,0,0.4151865043276316
1546.json,charlie-crist,mostly-true,0,speaker_disjoint_split,0,0.28566005561438507,0,0.3292823072158543
408.json,bill-clinton,true,0,speaker_disjoint_split,0,0.4369708792980574,0,0.45719069325134326
9895.json,dan-patrick,true,0,speaker_disjoint_split,0,0.39207888999342794,0,0.4068002953200251
4747.json,jon-huntsman,half-true,0,speaker_disjoint_split,0,0.3242818638762228,0,0.3320997588868928
9105.json,charlie-crist,mostly-true,0,speaker_disjoint_split,1,0.5347080246963377,0,0.4919132746193754
2446.json,bill-clinton,half-true,0,speaker_disjoint_split,0,0.3885063883811035,0,0.34953284396461753
3669.json,dan-boren,half-true,0,speaker_disjoint_split,0,0.3155292003164181,0,0.3959227445960815
4385.json,blog-posting,pants-fire,1,speaker_disjoint_split,1,0.5167706855077099,1,0.6224404396825385
8211.json,jeffrey-grybowski,mostly-true,0,speaker_disjoint_split,0,0.4319647226249749,0,0.4931752673769534
146.json,bill-richardson,half-true,0,speaker_disjoint_split,0,0.45836529796432435,0,0.4175999439700247
5476.json,charlotte-nash,mostly-true,0,speaker_disjoint_split,0,0.4243947515515308,0,0.39814747965283076
12329.json,donald-trump,false,1,speaker_disjoint_split,0,0.38657048632883345,0,0.42467384006403724
9647.json,club-growth,false,1,speaker_disjoint_split,0,0.3903657460588674,0,0.4511218996906542
6752.json,marsha-blackburn,true,0,speaker_disjoint_split,1,0.5259169002657076,1,0.5237202042269671
6619.json,david-cicilline,false,1,speaker_disjoint_split,0,0.3918156258428283,0,0.3213058787235949
10660.json,state-democratic-party-wisconsin,pants-fire,1,speaker_disjoint_split,0,0.45033072843485833,0,0.49183142423635745
12406.json,national-republican-congressional-committee,pants-fire,1,speaker_disjoint_split,0,0.4892994557122141,0,0.4803527968522733
1157.json,tom-coburn,half-true,0,speaker_disjoint_split,0,0.4211164148586571,0,0.43970688086976395
3373.json,democratic-congressional-campaign-committee,barely-true,1,speaker_disjoint_split,0,0.46672961106494026,1,0.5020711724671884
1447.json,jeb-hensarling,false,1,speaker_disjoint_split,0,0.43219152768009883,0,0.460814984638072
1317.json,bob-beckel,half-true,0,speaker_disjoint_split,0,0.4790505889000107,0,0.4529440302319866
11206.json,bernie-s,false,1,speaker_disjoint_split,0,0.2953594300321623,0,0.36822309821796045
6613.json,democratic-party-oregon,half-true,0,speaker_disjoint_split,0,0.49188710018733267,0,0.49193968356569046
12641.json,colorado-citizens-accountable-government,pants-fire,1,speaker_disjoint_split,0,0.4623401858068006,0,0.4134858762304922
10323.json,scott-walker,true,0,speaker_disjoint_split,0,0.30466550185708496,0,0.3193955146101668
743.json,john-mccain,mostly-true,0,speaker_disjoint_split,0,0.44499663829573033,0,0.470464567315402
12413.json,david-miliband,mostly-true,0,speaker_disjoint_split,0,0.4171184485232007,0,0.4109208926405219
13318.json,donald-trump,half-true,0,speaker_disjoint_split,0,0.4757603091391378,0,0.46964283593049216
9170.json,john-e-sununu,false,1,speaker_disjoint_split,0,0.45441944357051334,1,0.5089687030643272
11688.json,carly-fiorina,barely-true,1,speaker_disjoint_split,0,0.4875816329424075,0,0.4438824609796189
3273.json,scott-walker,pants-fire,1,speaker_disjoint_split,0,0.43248140484225717,1,0.5046549288692175
10465.json,nathan-deal,true,0,speaker_disjoint_split,0,0.29768290589871954,0,0.24300567813069032
6804.json,national-republican-congressional-committee,pants-fire,1,speaker_disjoint_split,1,0.5274893707456004,1,0.5995266826714454
129.json,joe-biden,true,0,speaker_disjoint_split,0,0.43169800920635515,0,0.3936400604987273
7219.json,sam-adams,half-true,0,speaker_disjoint_split,0,0.31992314699981184,0,0.3361009928102919
13436.json,chris-sununu,pants-fire,1,speaker_disjoint_split,0,0.42832159883717397,0,0.38324115648018325
9665.json,city-brookhaven,half-true,0,speaker_disjoint_split,0,0.3887890349070453,0,0.3867895813756644
8362.json,ken-cuccinelli,mostly-true,0,speaker_disjoint_split,0,0.4017717701243939,0,0.3693843839415345
7995.json,americans-prosperity-georgia-chapter,half-true,0,speaker_disjoint_split,0,0.33685521956295916,0,0.35115017568779416
12262.json,bernie-s,barely-true,1,speaker_disjoint_split,0,0.47697306707169823,0,0.4790774687431345
7252.json,kirk-watson,true,0,speaker_disjoint_split,0,0.44941189367483597,0,0.34442152288334815
12462.json,donald-trump,half-true,0,speaker_disjoint_split,0,0.32280860642765946,0,0.352518872299595
5103.json,nina-turner,barely-true,1,speaker_disjoint_split,0,0.4751210026274187,0,0.46681035066801224
8660.json,generation-opportunity,half-true,0,speaker_disjoint_split,1,0.5466413954706085,0,0.4650129550276951
10558.json,kurt-bauer,barely-true,1,speaker_disjoint_split,0,0.36615692278091033,0,0.44471891514070605
10790.json,van-taylor,barely-true,1,speaker_disjoint_split,0,0.46214747646831084,1,0.5336904314626866
11362.json,chuck-todd,true,0,speaker_disjoint_split,0,0.40261814882347335,0,0.4768330347166659
5600.json,blog-posting,false,1,speaker_disjoint_split,1,0.5674027141447179,1,0.6581912690594143
6078.json,scott-walker,barely-true,1,speaker_disjoint_split,1,0.537872666032641,0,0.48922484576143094
3830.json,john-kasich,mostly-true,0,speaker_disjoint_split,0,0.37539052715019783,0,0.3853580026050114
1368.json,charlie-crist,true,0,speaker_disjoint_split,0,0.43101434216424883,0,0.3974311422384799
1456.json,debra-medina,false,1,speaker_disjoint_split,0,0.43550094542645224,0,0.46177742301375846
602.json,john-mccain,true,0,speaker_disjoint_split,1,0.5508872227924299,1,0.5021007352993192
13024.json,donald-trump,false,1,speaker_disjoint_split,0,0.4446857134054079,0,0.4790352269970619
4773.json,rob-cornilles,false,1,speaker_disjoint_split,0,0.49552044082479973,1,0.5439231092736286
11667.json,donald-trump,barely-true,1,speaker_disjoint_split,0,0.46199394396660515,0,0.4437860115274491
13456.json,ann-coulter,false,1,speaker_disjoint_split,0,0.4669630628029155,0,0.4632768082853531
10797.json,scott-walker,barely-true,1,speaker_disjoint_split,1,0.5029535965986422,0,0.48812102945644464
7486.json,scott-walker,mostly-true,0,speaker_disjoint_split,0,0.44592785664360696,0,0.4016689452378353
12762.json,donald-trump,pants-fire,1,speaker_disjoint_split,1,0.5082133016113658,0,0.4471143761644012
6893.json,coalition-bring-jobs-ri,barely-true,1,speaker_disjoint_split,0,0.4851798644626206,0,0.44027441861293215
10345.json,patrick-lynch,barely-true,1,speaker_disjoint_split,0,0.4622768109515867,0,0.39255682873132486
11498.json,donald-trump,pants-fire,1,speaker_disjoint_split,0,0.45874134399322797,1,0.5195772861528426
802.json,john-mccain,false,1,speaker_disjoint_split,1,0.5693376991056548,1,0.5779282406167193
5930.json,bill-pascrell,mostly-true,0,speaker_disjoint_split,0,0.3329541603008265,0,0.3779221823499037
7567.json,carlos-trujillo,false,1,speaker_disjoint_split,1,0.5486262762422497,0,0.4437737530683391
12495.json,state-democratic-party-wisconsin,mostly-true,0,speaker_disjoint_split,1,0.5523576715613197,1,0.5117148301357471
12451.json,bernie-s,mostly-true,0,speaker_disjoint_split,0,0.4129944751474796,0,0.4336857941111774
3605.json,jim-keffer,true,0,speaker_disjoint_split,0,0.35003134632469757,0,0.4194967797799589
116.json,john-mccain,half-true,0,speaker_disjoint_split,0,0.3380465038095018,0,0.38906765071526406
9959.json,ryan-lizza,true,0,speaker_disjoint_split,0,0.4838147629977507,1,0.5558878823506253
12337.json,bernie-s,barely-true,1,speaker_disjoint_split,0,0.4030103188354871,0,0.3792484665547239
12208.json,jorge-ramos,half-true,0,speaker_disjoint_split,0,0.3841830299362986,0,0.4206931397549382
5827.json,democratic-congressional-campaign-committee,barely-true,1,speaker_disjoint_split,0,0.4504562085430029,0,0.4783308435270122
11812.json,fox-news-channel,half-true,0,speaker_disjoint_split,0,0.44314866548201226,0,0.42858655995658823
821.json,john-mccain,false,1,speaker_disjoint_split,0,0.45224966959893387,0,0.3551501247052645
4199.json,bill-oreilly,false,1,speaker_disjoint_split,0,0.30179084750810353,0,0.3635987219267458
11614.json,bernie-s,half-true,0,speaker_disjoint_split,1,0.500067296914034,0,0.4805043554602733
3199.json,bill-oreilly,half-true,0,speaker_disjoint_split,0,0.44466828586939866,0,0.47065068501563884
12532.json,donald-trump,pants-fire,1,speaker_disjoint_split,1,0.5581164344099712,1,0.6073014057811238
2370.json,ron-paul,half-true,0,speaker_disjoint_split,0,0.3953890705752188,0,0.38610985355413646
4177.json,ron-paul,true,0,speaker_disjoint_split,1,0.5166029594426451,1,0.5391821492637073
2228.json,rebecca-bell-metereau,barely-true,1,speaker_disjoint_split,1,0.5327877915741915,0,0.424516440538052
7025.json,george-flinn,false,1,speaker_disjoint_split,0,0.41498649622509987,0,0.4347737186767066
9158.json,bob-beckel,true,0,speaker_disjoint_split,0,0.49599888387783797,0,0.45238792688495266
7636.json,caddy-mckeown,true,0,speaker_disjoint_split,0,0.41970552736470423,0,0.41896585527329633
1841.json,cathie-adams,half-true,0,speaker_disjoint_split,1,0.624318950258369,1,0.5447770354328907
10168.json,megyn-kelly,false,1,speaker_disjoint_split,0,0.4409956178239054,0,0.38624506937817743
6902.json,robert-menendez,false,1,speaker_disjoint_split,0,0.42795874017498114,0,0.39499220670957813
10951.json,donald-trump,false,1,speaker_disjoint_split,0,0.49601473364163695,0,0.45865446875704846
9571.json,blog-posting,pants-fire,1,speaker_disjoint_split,0,0.4079433167323569,0,0.4645836916718567
9732.json,charlie-crist,half-true,0,speaker_disjoint_split,0,0.38341911282348545,0,0.40152999520922905
8091.json,blog-posting,barely-true,1,speaker_disjoint_split,0,0.4489272640050156,0,0.48172417057551065
9899.json,john-mccain,mostly-true,0,speaker_disjoint_split,0,0.4937978410103323,1,0.5045818304900225
8554.json,lynn-westmoreland,true,0,speaker_disjoint_split,0,0.4554754913522852,0,0.4376212129066361
2637.json,ohio-republican-party,false,1,speaker_disjoint_split,0,0.45945454084375553,0,0.49131984948558016
12973.json,republican-party-florida,barely-true,1,speaker_disjoint_split,0,0.4868921381728049,0,0.45756338283399806
542.json,john-mccain,true,0,speaker_disjoint_split,0,0.45067416428925516,0,0.4029348094271827
5455.json,ron-paul,half-true,0,speaker_disjoint_split,1,0.5713206491763619,1,0.5414799597996739
7053.json,majority-pac,half-true,0,speaker_disjoint_split,0,0.42098387592728514,1,0.5227319314073451
4452.json,scott-walker,barely-true,1,speaker_disjoint_split,1,0.5346084817389606,1,0.5442234462086778
3654.json,joe-biden,mostly-true,0,speaker_disjoint_split,0,0.47307181267786724,0,0.423410174795259
4394.json,joe-biden,false,1,speaker_disjoint_split,1,0.5358344553596156,0,0.4673444570282548
1583.json,cathie-adams,false,1,speaker_disjoint_split,1,0.5281338732798206,1,0.5098936767940934
11549.json,ben-carson,false,1,speaker_disjoint_split,0,0.3617528132977715,0,0.37605303497442377
4320.json,jon-huntsman,half-true,0,speaker_disjoint_split,0,0.39794700322463405,0,0.44505324165603893
7282.json,mike-polensek,true,0,speaker_disjoint_split,0,0.4900807414290277,0,0.44041975287491103
12129.json,democratic-congressional-campaign-committee,barely-true,1,speaker_disjoint_split,0,0.4190532002271878,1,0.5005240830400687
12979.json,donald-trump,false,1,speaker_disjoint_split,0,0.4984190462218823,1,0.5519346592135008
12466.json,donald-trump,false,1,speaker_disjoint_split,0,0.45686149287476274,0,0.485298737666653
272.json,joe-biden,mostly-true,0,speaker_disjoint_split,0,0.4773065557688135,0,0.41251766897051856
8816.json,state-democratic-party-wisconsin,true,0,speaker_disjoint_split,0,0.3902754986473992,0,0.4121331197131465
3053.json,jeff-fitzgerald,barely-true,1,speaker_disjoint_split,1,0.5124007669558608,1,0.5507078682966783
11785.json,bernie-s,mostly-true,0,speaker_disjoint_split,0,0.389498901378013,0,0.44959950352258055
1961.json,dubose-porter,true,0,speaker_disjoint_split,0,0.4519151833276493,0,0.4278644754733826
10801.json,bill-clinton,true,0,speaker_disjoint_split,0,0.40146636026351573,0,0.40470630492421295
3437.json,georgia-state-senators,false,1,speaker_disjoint_split,0,0.4330901858410718,0,0.4109592849535625
1423.json,dick-armey,false,1,speaker_disjoint_split,0,0.43989096839701447,0,0.46274638319648587
7612.json,scott-walker,half-true,0,speaker_disjoint_split,0,0.40524981416076755,0,0.4103199652341009
10152.json,scott-walker,mostly-true,0,speaker_disjoint_split,0,0.40179179089004863,0,0.40030569728976495
13295.json,donald-trump,pants-fire,1,speaker_disjoint_split,0,0.49816408624299563,1,0.5055356673117375
535.json,john-mccain,true,0,speaker_disjoint_split,1,0.5118285473318348,0,0.4842407889437842
407.json,john-mccain,false,1,speaker_disjoint_split,0,0.49636584561972213,1,0.5036230420721782
4455.json,debbie-wasserman-schultz,false,1,speaker_disjoint_split,0,0.4723389285455824,0,0.46385154692071945
4672.json,scott-walker,false,1,speaker_disjoint_split,0,0.38536384724515593,0,0.36904102236175346
3678.json,donald-trump,half-true,0,speaker_disjoint_split,0,0.48260436930279205,0,0.45201545821378164
8134.json,scott-walker,true,0,speaker_disjoint_split,0,0.4987239890590734,1,0.5223086635377111
3868.json,austan-goolsbee,mostly-true,0,speaker_disjoint_split,0,0.3344458782625164,0,0.39026516529342914
11948.json,samir-chachoua,pants-fire,1,speaker_disjoint_split,1,0.5052536448120987,0,0.4150829386316094
206.json,ron-paul,true,0,speaker_disjoint_split,0,0.3443831813234601,0,0.38192403707372974
8297.json,ken-cuccinelli,false,1,speaker_disjoint_split,0,0.459230731352539,0,0.49063209171115546
7801.json,david-cicilline,barely-true,1,speaker_disjoint_split,0,0.3408532508376866,0,0.3408810487320471
11775.json,bernie-s,barely-true,1,speaker_disjoint_split,0,0.40918731448076584,0,0.3886855309668406
2515.json,david-cicilline,half-true,0,speaker_disjoint_split,1,0.5559889286428398,1,0.5052679027489976
6224.json,julian-castro,half-true,0,speaker_disjoint_split,0,0.47151958787365056,0,0.39466157501276455
2485.json,david-axelrod,barely-true,1,speaker_disjoint_split,0,0.45845824716498057,1,0.5183725439599274
12430.json,donald-trump,false,1,speaker_disjoint_split,0,0.3832627123231046,0,0.3946321502200405
11122.json,donald-trump,barely-true,1,speaker_disjoint_split,0,0.4159127490596527,0,0.41302044236015006
2579.json,armond-budish,mostly-true,0,speaker_disjoint_split,0,0.4460328003271822,0,0.4385874648259269
3427.json,bill-kristol,mostly-true,0,speaker_disjoint_split,0,0.32563319068782703,0,0.34620701780949675
2549.json,susan-b-anthony-list,false,1,speaker_disjoint_split,0,0.47626684855266477,0,0.4682540762171525
748.json,john-mccain,barely-true,1,speaker_disjoint_split,0,0.4005660716079386,0,0.4670810664757454
9869.json,scott-walker,mostly-true,0,speaker_disjoint_split,0,0.407371638108323,0,0.42766563429306464
5490.json,gary-johnson,mostly-true,0,speaker_disjoint_split,0,0.30152880891724626,0,0.3477787167278329
12644.json,donald-trump,mostly-true,0,speaker_disjoint_split,0,0.47636383333101956,0,0.47689892561903685
6794.json,jon-husted,mostly-true,0,speaker_disjoint_split,0,0.44193778068275796,0,0.4257015074265636
7143.json,anne-goodman,true,0,speaker_disjoint_split,0,0.3490928655712419,0,0.3379713149340406
13242.json,donald-trump,false,1,speaker_disjoint_split,0,0.4887564736255426,0,0.48511596784261485
8160.json,mark-kelly,true,0,speaker_disjoint_split,0,0.3132160510354598,0,0.3651068587906881
12153.json,pat-mccrory,false,1,speaker_disjoint_split,0,0.44950880429134316,0,0.420697234939588
13449.json,donald-trump,half-true,0,speaker_disjoint_split,0,0.42548124055283415,0,0.4681569092131335
1172.json,glenn-beck,half-true,0,speaker_disjoint_split,0,0.46476286649318693,0,0.44599600473900075
9912.json,rhue-reis,false,1,speaker_disjoint_split,0,0.36657445086127977,0,0.33112906969820727
4417.json,donna-shalala,barely-true,1,speaker_disjoint_split,0,0.4638778596573532,0,0.4351138402131615
11313.json,donald-trump,false,1,speaker_disjoint_split,0,0.43933698846177627,1,0.512470190955279
1272.json,christopher-monckton,pants-fire,1,speaker_disjoint_split,1,0.5357160504841052,1,0.5487207382420556
1356.json,glenn-beck,false,1,speaker_disjoint_split,0,0.48248895350855975,0,0.47975853818936204
3787.json,frank-wolf,barely-true,1,speaker_disjoint_split,0,0.3294093698564097,0,0.36461222118981057
5323.json,joe-biden,mostly-true,0,speaker_disjoint_split,0,0.32098273834476015,0,0.34314508029592194
1642.json,liberty-institute,half-true,0,speaker_disjoint_split,0,0.46556912741255796,0,0.43789025731279807
11489.json,reader-email,pants-fire,1,speaker_disjoint_split,1,0.5005523900033156,0,0.4391495882504253
9296.json,defending-main-street,barely-true,1,speaker_disjoint_split,0,0.4425490031005952,1,0.5029075717653222
3279.json,donna-brazile,half-true,0,speaker_disjoint_split,0,0.49987617221942515,0,0.4741763676448333
284.json,bill-clinton,half-true,0,speaker_disjoint_split,0,0.4333420048714217,0,0.40340230002726185
11611.json,donald-trump,pants-fire,1,speaker_disjoint_split,0,0.4302340005905706,0,0.49161744062395046
3223.json,get-equal-texas,half-true,0,speaker_disjoint_split,0,0.38324645189222556,0,0.47568433926051545
9191.json,new-hampshire-republican-party,mostly-true,0,speaker_disjoint_split,0,0.38757965477120065,0,0.40938068463493493
5968.json,gilberto-hinojosa,false,1,speaker_disjoint_split,1,0.5066526850602885,0,0.4559706479485694
12152.json,donald-trump,pants-fire,1,speaker_disjoint_split,0,0.4793258843366802,1,0.511589521983679
6792.json,stefani-carter,half-true,0,speaker_disjoint_split,0,0.3915295998778656,0,0.3747865694330095
7289.json,lloyd-doggett,half-true,0,speaker_disjoint_split,0,0.4592253653284374,0,0.45575658865501645
9733.json,michael-bloomberg,false,1,speaker_disjoint_split,0,0.3075010384213383,0,0.2786962375136859
12000.json,john-kasich,mostly-true,0,speaker_disjoint_split,0,0.401875691237599,0,0.446068620913925
5614.json,new-hampshire-republican-party,barely-true,1,speaker_disjoint_split,1,0.5104194370843212,0,0.4719788306660132
12217.json,bernie-s,true,0,speaker_disjoint_split,0,0.4527249343369303,0,0.4461158180489439
8389.json,jeanne-shaheen,true,0,speaker_disjoint_split,0,0.37385352704735486,0,0.33040976600357747
1609.json,charlie-crist,barely-true,1,speaker_disjoint_split,0,0.4414836965485772,0,0.4384411910915944
8274.json,ken-cuccinelli,half-true,0,speaker_disjoint_split,1,0.5333451994856201,1,0.5354878778567949
5233.json,scott-walker,mostly-true,0,speaker_disjoint_split,0,0.4638263503058392,0,0.47633291891362234
1663.json,john-mccain,pants-fire,1,speaker_disjoint_split,0,0.4805223692163384,1,0.5099850129010175
7199.json,terry-russell,true,0,speaker_disjoint_split,0,0.3829654803005785,0,0.42999914211518603
9523.json,james-buchal,false,1,speaker_disjoint_split,0,0.38847242130603715,0,0.3963076236392449
11738.json,donald-trump,false,1,speaker_disjoint_split,0,0.44200840572734884,0,0.45787119663723447
1752.json,rush-limbaugh,false,1,speaker_disjoint_split,0,0.47890326834163366,0,0.467558108059937
8143.json,ken-cuccinelli,false,1,speaker_disjoint_split,0,0.4512709616479964,1,0.5023523245894599
10589.json,julie-lassa,half-true,0,speaker_disjoint_split,0,0.33714205448051776,0,0.36401304307937876
4183.json,chip-rogers,true,0,speaker_disjoint_split,0,0.30643747478658523,0,0.34284141994100814
11148.json,jack-hanna,mostly-true,0,speaker_disjoint_split,0,0.34281900177212393,0,0.32597763632106064
6422.json,protect-your-vote-ohio-protect-your-vote-ohio,mostly-true,0,speaker_disjoint_split,0,0.45324322640232867,0,0.43036728117128625
4752.json,debbie-wasserman-schultz,mostly-true,0,speaker_disjoint_split,0,0.4323475588396044,0,0.4824113037866784
69.json,ron-paul,true,0,speaker_disjoint_split,0,0.4575463620831903,0,0.4271380166945592
6036.json,david-axelrod,half-true,0,speaker_disjoint_split,0,0.33998193471077315,0,0.40415842398595386
3725.json,silvestre-reyes,mostly-true,0,speaker_disjoint_split,0,0.3448636631753378,0,0.3569570432461635
8407.json,debbie-wasserman-schultz,barely-true,1,speaker_disjoint_split,0,0.4777748110454065,0,0.49401511331967995
12340.json,joe-biden,mostly-true,0,speaker_disjoint_split,0,0.47534064951430866,0,0.4710482722786349
6887.json,jon-husted,false,1,speaker_disjoint_split,0,0.4965725332060637,0,0.40490619430511976
11885.json,bernie-s,mostly-true,0,speaker_disjoint_split,0,0.43451157011404734,0,0.45037826448957347
9904.json,national-republican-congressional-committee,half-true,0,speaker_disjoint_split,0,0.4190731761843402,0,0.42906228476854935
11609.json,carly-fiorina,false,1,speaker_disjoint_split,0,0.4456036293349883,0,0.4438328114028563
3834.json,debbie-wasserman-schultz,false,1,speaker_disjoint_split,1,0.5353346951768172,1,0.6423344065162141
7853.json,ken-cuccinelli,false,1,speaker_disjoint_split,0,0.4319306757836041,0,0.4260395481128772
10400.json,claire-suggs,mostly-true,0,speaker_disjoint_split,0,0.29159039407245013,0,0.2944595055874633
2743.json,taxpayer-association-oregon,half-true,0,speaker_disjoint_split,1,0.5118024449684806,0,0.44340071387949087
13076.json,john-fleming,false,1,speaker_disjoint_split,0,0.4817529595505018,0,0.4488954702711064
12241.json,bernie-s,half-true,0,speaker_disjoint_split,0,0.350601121807043,0,0.41772160152981447
4678.json,joe-biden,half-true,0,speaker_disjoint_split,0,0.3951227692662622,0,0.40885267194089747
4000.json,nathan-deal,barely-true,1,speaker_disjoint_split,0,0.4249057152888271,0,0.4223861021952747
2148.json,jeb-hensarling,true,0,speaker_disjoint_split,0,0.3082632349532398,0,0.3625633367986755
12300.json,david-jolly,true,0,speaker_disjoint_split,0,0.49816652054607613,1,0.559332307809002
11274.json,jorge-ramos,half-true,0,speaker_disjoint_split,0,0.3546151718545773,0,0.43529386084293475
9829.json,mike-collier,true,0,speaker_disjoint_split,0,0.46236769212375206,0,0.39115746282258984
7294.json,scott-walker,pants-fire,1,speaker_disjoint_split,0,0.4392617116181312,0,0.40347780128811217
3238.json,scott-walker,false,1,speaker_disjoint_split,0,0.3864530163661767,0,0.41263484638425374
13120.json,donald-trump,half-true,0,speaker_disjoint_split,0,0.4559567110549634,1,0.5224981159135078
6650.json,anthony-gemma,mostly-true,0,speaker_disjoint_split,0,0.325985023692669,0,0.35691081303110467
1487.json,joe-biden,half-true,0,speaker_disjoint_split,0,0.3776373530935394,0,0.4002637325175695
6360.json,bernie-s,true,0,speaker_disjoint_split,0,0.3484662068142722,0,0.35975431323908114
12327.json,bernie-s,mostly-true,0,speaker_disjoint_split,0,0.44703316189983267,0,0.42089356348343904
13162.json,arizonans-responsible-drug-policy,barely-true,1,speaker_disjoint_split,0,0.44628438383973706,0,0.42971789029922897
2172.json,republican-governors-association,half-true,0,speaker_disjoint_split,0,0.4781260973899802,0,0.4305375634568341
5701.json,republican-governors-association,half-true,0,speaker_disjoint_split,0,0.46059506298380753,0,0.46190713688016183
4038.json,robert-brown,false,1,speaker_disjoint_split,0,0.3719524092869244,0,0.3895847836747297
1761.json,progress-florida,true,0,speaker_disjoint_split,0,0.4254109866439746,0,0.40505913426562834
2588.json,christine-odonnell,mostly-true,0,speaker_disjoint_split,0,0.41818831543430723,0,0.4801133188546023
12934.json,donald-trump,barely-true,1,speaker_disjoint_split,0,0.454204663258344,1,0.5024856869487266
7159.json,jeanne-shaheen,barely-true,1,speaker_disjoint_split,1,0.5524695972672466,1,0.5401221452037672
1851.json,votevetsorg,half-true,0,speaker_disjoint_split,0,0.4630839507288369,0,0.44137117833267614
7464.json,trey-martinez-fischer,half-true,0,speaker_disjoint_split,0,0.46777133389428166,0,0.39983210688423254
13493.json,donald-trump,pants-fire,1,speaker_disjoint_split,1,0.5216597824993974,0,0.46252282509736675
13332.json,donald-trump,half-true,0,speaker_disjoint_split,0,0.373533167942961,0,0.49290666538946293
11783.json,debbie-wasserman-schultz,false,1,speaker_disjoint_split,0,0.4733556092917928,0,0.48992646881683327
7977.json,debbie-wasserman-schultz,true,0,speaker_disjoint_split,0,0.393470166780974,0,0.440640390166446
10211.json,scott-walker,true,0,speaker_disjoint_split,0,0.35616914780617825,0,0.39508927603734884
5687.json,scott-walker,false,1,speaker_disjoint_split,1,0.5335048245440176,1,0.5085510887935876
13232.json,donald-trump,false,1,speaker_disjoint_split,0,0.4610181556156248,0,0.4974450778812127
6904.json,joe-biden,barely-true,1,speaker_disjoint_split,0,0.4698612078378664,0,0.4885948640260136
9325.json,karl-rove,false,1,speaker_disjoint_split,0,0.4838592986330358,0,0.4378284716337658
4736.json,taxpayer-association-oregon,false,1,speaker_disjoint_split,0,0.40512983835892974,0,0.3508573540809762
9830.json,john-mccain,mostly-true,0,speaker_disjoint_split,0,0.41879994274900534,0,0.43020895891902566
9078.json,jim-moore,true,0,speaker_disjoint_split,0,0.46084174977054304,0,0.4886413763211295
8738.json,rush-limbaugh,pants-fire,1,speaker_disjoint_split,1,0.5177299417857801,0,0.4943868549868775
4419.json,michael-bloomberg,true,0,speaker_disjoint_split,0,0.3660934147158105,0,0.36723857234199486
11293.json,donald-trump,mostly-true,0,speaker_disjoint_split,0,0.4842505046081184,1,0.5183640114939755
12467.json,nfederation-o-independent-business-virginia,half-true,0,speaker_disjoint_split,0,0.33121250151353165,0,0.2981707793597903
2084.json,joe-biden,barely-true,1,speaker_disjoint_split,1,0.5454445104164695,1,0.5007299647953898
6968.json,david-cicilline,true,0,speaker_disjoint_split,0,0.40526519134004657,0,0.3852369173892036
13365.json,donald-trump,half-true,0,speaker_disjoint_split,0,0.3532217756256283,0,0.47278586978730625
9392.json,jeff-merkley,half-true,0,speaker_disjoint_split,0,0.48490292981989297,1,0.530972136726874
8280.json,blog-posting,pants-fire,1,speaker_disjoint_split,1,0.5306204019795809,1,0.5862783066602831
8424.json,ken-cuccinelli,false,1,speaker_disjoint_split,0,0.4475235236190383,0,0.4890709096404655
2219.json,bob-gibbs,pants-fire,1,speaker_disjoint_split,0,0.40412064032453443,0,0.4427577465522869
10096.json,nathan-deal,false,1,speaker_disjoint_split,0,0.48641745496315747,0,0.41776200901311045
6148.json,david-cicilline,barely-true,1,speaker_disjoint_split,0,0.3958028000839331,0,0.38456059057659653
7681.json,carlos-gimenez,false,1,speaker_disjoint_split,0,0.4200126548494662,0,0.3735558435730678
8537.json,steve-israel,true,0,speaker_disjoint_split,1,0.5487055492199366,1,0.5466845758574853
12175.json,donald-trump,half-true,0,speaker_disjoint_split,1,0.5026143932310074,0,0.4852400449429044
9529.json,gilberto-hinojosa,false,1,speaker_disjoint_split,0,0.4880551930373079,0,0.4863925638935263
13140.json,afscme-people,mostly-true,0,speaker_disjoint_split,0,0.4526623659412726,0,0.4393753790156296
13337.json,donald-trump,false,1,speaker_disjoint_split,0,0.3494708400036118,0,0.3544079475714033
4849.json,susan-combs,false,1,speaker_disjoint_split,0,0.43624450632242173,0,0.4483837818775219
4725.json,john-kasich,pants-fire,1,speaker_disjoint_split,0,0.4847249245324005,0,0.43827176688724007
9002.json,republican-governors-association,barely-true,1,speaker_disjoint_split,0,0.4160974247684744,0,0.49041145834392985
11114.json,scott-walker,mostly-true,0,speaker_disjoint_split,0,0.3737580695317042,0,0.3351260083698003
6790.json,carol-shea-porter,barely-true,1,speaker_disjoint_split,0,0.45462107856661227,0,0.44821890074208703
12831.json,james-woods,pants-fire,1,speaker_disjoint_split,1,0.512464753092428,0,0.4270280741711424
509.json,john-mccain,true,0,speaker_disjoint_split,0,0.41280169310132403,0,0.40654815731587407
8237.json,dan-patrick,half-true,0,speaker_disjoint_split,0,0.46354996529537096,1,0.5305342372667604
3805.json,agenda-project,false,1,speaker_disjoint_split,0,0.47669455058937876,1,0.5456112850076077
11031.json,gus-bilirakis,mostly-true,0,speaker_disjoint_split,0,0.36340247654771907,0,0.36406907743964867
10180.json,jeanne-shaheen,half-true,0,speaker_disjoint_split,0,0.48933709481586596,0,0.48463535880929504
3431.json,charles-reed,false,1,speaker_disjoint_split,1,0.5085149123392004,0,0.4146544960025544
4740.json,john-klenke,false,1,speaker_disjoint_split,0,0.32720581714019686,0,0.3093017922590306
7741.json,david-cicilline,true,0,speaker_disjoint_split,0,0.44086012045780393,0,0.41710621559729477
5115.json,ron-paul,half-true,0,speaker_disjoint_split,1,0.5276270879723728,1,0.52938964556391
473.json,john-mccain,mostly-true,0,speaker_disjoint_split,0,0.371498512033917,0,0.38048560780024787
3893.json,janice-hahn,half-true,0,speaker_disjoint_split,0,0.4480594535844854,0,0.4414202580591705
398.json,campaign-defend-america,mostly-true,0,speaker_disjoint_split,0,0.3837018193601906,0,0.4093860798327119
4802.json,philip-keefe,false,1,speaker_disjoint_split,0,0.42838125687456613,0,0.47759062882141184
11355.json,jim-gilmore,true,0,speaker_disjoint_split,0,0.43126330646919514,0,0.45712645720596756
242.json,club-growth,half-true,0,speaker_disjoint_split,0,0.412669637331063,0,0.40647489567232653
11306.json,club-growth,mostly-true,0,speaker_disjoint_split,0,0.49248754719969845,0,0.4357620617478459
8741.json,tom-coburn,barely-true,1,speaker_disjoint_split,1,0.563932124735252,0,0.4381334570592425
2663.json,citizens-lower-taxes-and-stronger-economy,pants-fire,1,speaker_disjoint_split,0,0.44058564409018475,0,0.38585826980677834
8470.json,john-fleming,true,0,speaker_disjoint_split,0,0.4416148290036182,0,0.48845446581800234
10033.json,democratic-congressional-campaign-committee,pants-fire,1,speaker_disjoint_split,0,0.4406824295201165,1,0.5114300123214768
429.json,focus-family-action,true,0,speaker_disjoint_split,0,0.49161234635560097,1,0.5168824061622691
12271.json,bernie-s,mostly-true,0,speaker_disjoint_split,0,0.38621987958197684,0,0.425072725110815
8439.json,maria-bartiromo,false,1,speaker_disjoint_split,1,0.5591067825143111,1,0.5755094180622914
8772.json,bill-post,pants-fire,1,speaker_disjoint_split,0,0.4909199389460675,0,0.449997697058601
461.json,john-mccain,mostly-true,0,speaker_disjoint_split,0,0.4195021946894594,0,0.45801551197121965
7092.json,big-gamble-nj,mostly-true,0,speaker_disjoint_split,0,0.37730095088747817,0,0.3718466762295089
550.json,ralph-nader,barely-true,1,speaker_disjoint_split,0,0.4328574011911541,0,0.4406078544358634
11974.json,huey-rey-fischer,mostly-true,0,speaker_disjoint_split,0,0.4483325219811457,0,0.41397194977393253
13082.json,donald-trump,pants-fire,1,speaker_disjoint_split,0,0.49298539585870205,1,0.5197849648815718
8927.json,national-republican-congressional-committee,barely-true,1,speaker_disjoint_split,1,0.6065038314702409,1,0.5466586725879834
13003.json,james-woods,true,0,speaker_disjoint_split,0,0.41619022087138136,0,0.39139622598236984
7635.json,eva-marie-mancuso,half-true,0,speaker_disjoint_split,0,0.4556408561680712,0,0.4060010298848952
5831.json,saxby-chambliss,true,0,speaker_disjoint_split,0,0.4713511308805356,0,0.4247969680310938
3376.json,scott-walker,mostly-true,0,speaker_disjoint_split,0,0.44317069118098623,1,0.5134424978016097
12932.json,joe-biden,barely-true,1,speaker_disjoint_split,0,0.40637371390975735,0,0.4347224212009631
6390.json,jeff-fitzgerald,mostly-true,0,speaker_disjoint_split,0,0.41123705066364197,0,0.4387108925412007
4001.json,david-cicilline,pants-fire,1,speaker_disjoint_split,0,0.40472161224388453,0,0.40583247247792165
12399.json,bernie-s,half-true,0,speaker_disjoint_split,0,0.42275634284017466,0,0.4192693311391424
8598.json,lloyd-doggett,mostly-true,0,speaker_disjoint_split,0,0.36354089721958976,0,0.36401592497594537
5016.json,national-republican-congressional-committee,barely-true,1,speaker_disjoint_split,1,0.5042650861960394,1,0.520276903773193
4488.json,gary-johnson,half-true,0,speaker_disjoint_split,0,0.26863766672512485,0,0.2737090235415491
9789.json,blog-posting,pants-fire,1,speaker_disjoint_split,1,0.5151519309552164,1,0.5366839222514178
12304.json,donald-trump,false,1,speaker_disjoint_split,0,0.46918072927773735,1,0.5354503463331682
11491.json,peter-kinder,true,0,speaker_disjoint_split,0,0.4888329106854361,0,0.4001157956441912
13345.json,nathan-deal,mostly-true,0,speaker_disjoint_split,0,0.3124339344230429,0,0.3310376422020834
933.json,michael-steele,pants-fire,1,speaker_disjoint_split,0,0.4006796653239912,0,0.4662805524816406
3001.json,dekalb-county,barely-true,1,speaker_disjoint_split,0,0.44178572528973525,0,0.376578827950207
4581.json,jose-rodriguez,barely-true,1,speaker_disjoint_split,0,0.35486143905841133,0,0.3563295527261717
12510.json,scott-walker,half-true,0,speaker_disjoint_split,0,0.45665672802121143,0,0.44011297783949016
5063.json,ron-paul,false,1,speaker_disjoint_split,0,0.46405916300442557,0,0.43038315942347244
10961.json,donald-trump,false,1,speaker_disjoint_split,0,0.47745282872515005,0,0.4906896957083968
11870.json,donald-trump,false,1,speaker_disjoint_split,0,0.33460140442413405,0,0.4048809136998689
1563.json,hank-gilbert,barely-true,1,speaker_disjoint_split,0,0.42648258662982264,0,0.47315706180687944
5022.json,restore-our-future,half-true,0,speaker_disjoint_split,0,0.46282396856446945,0,0.4593972517890833
10090.json,glenn-beck,half-true,0,speaker_disjoint_split,1,0.5217879278548057,0,0.4821990670102101
1608.json,todd-tiahrt,half-true,0,speaker_disjoint_split,1,0.5947408681666099,1,0.5959122104836555
10440.json,nathan-deal,true,0,speaker_disjoint_split,0,0.3623990637434891,0,0.35662822745007794
7198.json,steve-lonegan,barely-true,1,speaker_disjoint_split,0,0.4203779626848397,0,0.37323255243565145
1153.json,dick-armey,half-true,0,speaker_disjoint_split,0,0.47881908251555805,0,0.4919886616346375
11161.json,scott-walker,true,0,speaker_disjoint_split,0,0.4468210687888381,0,0.42805545447814325
6923.json,mary-nolan,true,0,speaker_disjoint_split,0,0.41256350138102343,0,0.4704008290469009
3661.json,joanne-kloppenburg,barely-true,1,speaker_disjoint_split,0,0.4191547732766574,0,0.46927880218415363
3978.json,national-republican-congressional-committee,false,1,speaker_disjoint_split,0,0.4981750932091424,0,0.4063231427201454
3901.json,armond-budish,mostly-true,0,speaker_disjoint_split,0,0.29811323163244835,0,0.35356464127902926
4483.json,ron-paul,pants-fire,1,speaker_disjoint_split,1,0.5090053638432738,0,0.4711032191921397
3819.json,tim-kaine,half-true,0,speaker_disjoint_split,1,0.5091589363997742,1,0.5241572730107464
5139.json,club-growth,mostly-true,0,speaker_disjoint_split,1,0.5894897291499127,1,0.5247867980805694
8972.json,andy-brown,mostly-true,0,speaker_disjoint_split,0,0.3617708818542794,0,0.3348933554159529
6240.json,john-robitaille,half-true,0,speaker_disjoint_split,0,0.4375004824648285,0,0.4221738947780094
12207.json,hilary-treadwell,pants-fire,1,speaker_disjoint_split,0,0.3517121447654874,0,0.38243200132404626
2678.json,charlie-crist,true,0,speaker_disjoint_split,0,0.4161260892020473,0,0.45446821611141175
8582.json,david-axelrod,mostly-true,0,speaker_disjoint_split,0,0.3743851702883262,0,0.40147270705443744
1636.json,charlie-crist,false,1,speaker_disjoint_split,0,0.4468515390674393,0,0.44844021713231824
2870.json,joe-barton,barely-true,1,speaker_disjoint_split,0,0.3895609892796814,0,0.48448096913883376
34.json,john-mccain,mostly-true,0,speaker_disjoint_split,0,0.40861723417741297,0,0.45808475100984275
12949.json,donald-trump,barely-true,1,speaker_disjoint_split,0,0.4719391154081901,1,0.5276427689368494
13092.json,charlie-crist,true,0,speaker_disjoint_split,0,0.3163920077339741,0,0.3655865456000913
12902.json,dana-wachs,true,0,speaker_disjoint_split,1,0.527016008775475,0,0.4940163251465488
9724.json,james-woods,false,1,speaker_disjoint_split,0,0.46083442788333906,0,0.48438151077306557
161.json,john-mccain,half-true,0,speaker_disjoint_split,0,0.3925771837537596,0,0.4245089612718658
7306.json,nathan-deal,true,0,speaker_disjoint_split,0,0.3207765439765009,0,0.3197564844551448
11316.json,carly-fiorina,barely-true,1,speaker_disjoint_split,1,0.5295423494286515,0,0.45023333966594187
2056.json,david-cicilline,false,1,speaker_disjoint_split,0,0.4942450693634182,0,0.4405026204260816
12740.json,donald-trump,false,1,speaker_disjoint_split,1,0.5455427444836642,1,0.5083604143204387
11480.json,donald-trump,half-true,0,speaker_disjoint_split,0,0.48179802011189277,1,0.5231418350475969
10110.json,bill-oreilly,mostly-true,0,speaker_disjoint_split,0,0.44263476209316976,0,0.45408436561953786
9816.json,don-beyer,mostly-true,0,speaker_disjoint_split,0,0.35685031075195545,0,0.4263209837309963
13194.json,citizens-michael-mcauliffe-and-house-republican-or,barely-true,1,speaker_disjoint_split,0,0.43719918057588464,0,0.4250622447291929
4263.json,ron-paul,false,1,speaker_disjoint_split,0,0.466485999530056,0,0.4704700202153392
11178.json,john-kasich,mostly-true,0,speaker_disjoint_split,0,0.47604127199749846,0,0.3988256797115703
7515.json,joseph-levy,barely-true,1,speaker_disjoint_split,0,0.42763490212820554,0,0.4236925215114956
12861.json,donald-trump,pants-fire,1,speaker_disjoint_split,0,0.42224611581599364,1,0.504929287298505
11199.json,state-democratic-party-wisconsin,mostly-true,0,speaker_disjoint_split,0,0.4441122299944615,1,0.5033475614247905
4786.json,state-democratic-party-wisconsin,false,1,speaker_disjoint_split,0,0.47967186694346897,0,0.4805862816164623
7719.json,republican-governors-association,pants-fire,1,speaker_disjoint_split,0,0.4451992982247702,0,0.44148531302717997
3915.json,roberto-dasilva,barely-true,1,speaker_disjoint_split,0,0.3926859165474037,0,0.31697514899228557
10277.json,bill-oreilly,barely-true,1,speaker_disjoint_split,0,0.41117929566578487,0,0.3966621576861156
10452.json,debbie-wasserman-schultz,barely-true,1,speaker_disjoint_split,0,0.4261941119813505,1,0.5629078544391278
8780.json,rhode-island-senate,mostly-true,0,speaker_disjoint_split,0,0.44906149547955443,0,0.37505959200015737
6145.json,pat-kreitlow,pants-fire,1,speaker_disjoint_split,1,0.5044411932739239,1,0.5215890960573828
7948.json,blog-posting,pants-fire,1,speaker_disjoint_split,0,0.47048459230288103,1,0.5106436646099436
12235.json,donald-trump,false,1,speaker_disjoint_split,0,0.4400925877538645,0,0.4497918132134682
970.json,cynthia-lummis,pants-fire,1,speaker_disjoint_split,1,0.5183346901527294,0,0.4673867290917784
11466.json,emanuel-cleaver,barely-true,1,speaker_disjoint_split,0,0.36755483131515826,0,0.39805048527179365
1471.json,bill-oreilly,true,0,speaker_disjoint_split,0,0.45240778668943,0,0.451887441728678
5397.json,richard-morrison,half-true,0,speaker_disjoint_split,0,0.45288964928200054,0,0.45038577559893617
10938.json,bernie-s,mostly-true,0,speaker_disjoint_split,0,0.39963951721957003,0,0.44582365882968267
12701.json,tim-kaine,barely-true,1,speaker_disjoint_split,1,0.5004119897507869,0,0.4536071785443253
13015.json,gary-johnson,mostly-true,0,speaker_disjoint_split,0,0.44749956976134364,0,0.4345792567972138
2062.json,david-axelrod,half-true,0,speaker_disjoint_split,0,0.41734634866510917,0,0.43079048262085406
409.json,bill-clinton,true,0,speaker_disjoint_split,0,0.3975415497410951,0,0.44749722652045043
12776.json,state-democratic-party-wisconsin,half-true,0,speaker_disjoint_split,0,0.4609019480074494,0,0.46674334659042704
11188.json,donald-trump,half-true,0,speaker_disjoint_split,0,0.4176231966404253,0,0.4698544051012559
8722.json,neera-tanden,true,0,speaker_disjoint_split,0,0.3722036972139324,0,0.45458992250128616
10075.json,no-tax-tracks,half-true,0,speaker_disjoint_split,1,0.5273314325519953,0,0.47265669113037156
4167.json,wisconsin-family-action,true,0,speaker_disjoint_split,0,0.4705877639930047,0,0.4661204691345753
6287.json,club-growth,barely-true,1,speaker_disjoint_split,0,0.428244995722938,0,0.4375375469208484
10505.json,rush-limbaugh,barely-true,1,speaker_disjoint_split,0,0.39055742058473625,0,0.42543556095456997
3698.json,blog-posting,half-true,0,speaker_disjoint_split,0,0.4513968807530486,1,0.569897512608087
782.json,john-mccain,half-true,0,speaker_disjoint_split,1,0.5085021240708109,0,0.46370672318124534
10138.json,nathan-deal,barely-true,1,speaker_disjoint_split,0,0.3358389919128171,0,0.35820710669016714
2622.json,charlie-crist,false,1,speaker_disjoint_split,1,0.5512339651124114,1,0.5712193601153533
2017.json,john-mccain,mostly-true,0,speaker_disjoint_split,1,0.507775123265067,1,0.5535049860507153
4061.json,bill-kristol,mostly-true,0,speaker_disjoint_split,0,0.4188742041121569,0,0.48169203043827485
12883.json,debbie-wasserman-schultz,barely-true,1,speaker_disjoint_split,0,0.44866394732024795,0,0.4387503113139911
5708.json,gary-black,mostly-true,0,speaker_disjoint_split,0,0.4488553387623295,0,0.47539370936648817
9929.json,blog-posting,half-true,0,speaker_disjoint_split,0,0.42471357274642285,1,0.5422838496657897
10062.json,john-mccain,false,1,speaker_disjoint_split,1,0.5195619505277657,1,0.5135243540884177
6108.json,marsha-blackburn,barely-true,1,speaker_disjoint_split,0,0.49586339168597826,0,0.4764763019271323
11500.json,ben-carson,false,1,speaker_disjoint_split,0,0.4428386979118579,0,0.4611101332387556
6642.json,bill-clinton,half-true,0,speaker_disjoint_split,0,0.46208947817632584,0,0.4383336884213839
5.json,bill-richardson,mostly-true,0,speaker_disjoint_split,0,0.3770170524192001,0,0.3728696161845601
1541.json,charlie-crist,false,1,speaker_disjoint_split,0,0.43894196069155256,0,0.3941703290771735
7911.json,saxby-chambliss,pants-fire,1,speaker_disjoint_split,0,0.4225421534329447,0,0.43017801523535487
367.json,john-mccain,pants-fire,1,speaker_disjoint_split,1,0.5350660174685655,1,0.5009091292127633
4082.json,jim-whelan,half-true,0,speaker_disjoint_split,0,0.47668452428786834,0,0.4161528172925156
6952.json,linda-mcmahon,false,1,speaker_disjoint_split,1,0.502946394657503,0,0.4962843632240073
2180.json,randy-neugebauer,pants-fire,1,speaker_disjoint_split,0,0.4031595714467372,0,0.4009676352538245
7138.json,saxby-chambliss,true,0,speaker_disjoint_split,1,0.6389656363487213,1,0.5023605360184626
6677.json,kal-penn,mostly-true,0,speaker_disjoint_split,0,0.49930487796302075,0,0.441858274853022
2595.json,christine-odonnell,pants-fire,1,speaker_disjoint_split,1,0.5230194449238279,0,0.4384705346518304
1351.json,glenn-beck,false,1,speaker_disjoint_split,1,0.5322283982661751,0,0.47491516205067996
9847.json,burger-king,half-true,0,speaker_disjoint_split,1,0.5125978439510928,0,0.4729554633421792
12551.json,bernie-s,mostly-true,0,speaker_disjoint_split,1,0.5263778551948417,0,0.44982717542830725
9175.json,republican-party-florida,true,0,speaker_disjoint_split,0,0.4270391245005548,0,0.4258820645347845
1278.json,charlie-crist,false,1,speaker_disjoint_split,0,0.3753489938459093,0,0.3785602330568593
9634.json,kate-obenshain,barely-true,1,speaker_disjoint_split,1,0.51053733914046,1,0.5061181624549573
12200.json,donald-trump,half-true,0,speaker_disjoint_split,0,0.35915115562361627,0,0.39127040912396155
8098.json,david-cicilline,true,0,speaker_disjoint_split,0,0.4460539182337552,0,0.46273960350399856
9689.json,charlie-crist,mostly-true,0,speaker_disjoint_split,0,0.38636464590141734,0,0.43030524670196263
5797.json,mary-nolan,half-true,0,speaker_disjoint_split,0,0.47608954165329787,0,0.4747021719303046
10588.json,doug-collins,mostly-true,0,speaker_disjoint_split,1,0.5218323867647001,1,0.5203265380461124
4225.json,jon-husted,mostly-true,0,speaker_disjoint_split,0,0.4300501244146738,0,0.475201308453358
579.json,john-mccain,mostly-true,0,speaker_disjoint_split,0,0.46633913872502175,1,0.5006055089498406
1661.json,silvestre-reyes,pants-fire,1,speaker_disjoint_split,0,0.3862530805792909,0,0.37386113136863985
5442.json,jon-husted,half-true,0,speaker_disjoint_split,0,0.474515932148419,0,0.41841669327848663
6028.json,memphis-police-association,false,1,speaker_disjoint_split,0,0.4951063342870241,0,0.43618273937210156
5294.json,nathan-deal,true,0,speaker_disjoint_split,0,0.39975738858136217,0,0.33880743211728137
3972.json,nina-perales,mostly-true,0,speaker_disjoint_split,0,0.35753866691642855,0,0.46476489382757724
1348.json,keith-olbermann,half-true,0,speaker_disjoint_split,0,0.48423116305156483,0,0.4609496221880841
1740.json,keith-olbermann,half-true,0,speaker_disjoint_split,0,0.4790379986774665,1,0.5063286066921662
10851.json,akbar-al-baker,barely-true,1,speaker_disjoint_split,0,0.4160914323322848,0,0.4560950575223992
13250.json,pat-mccrory,barely-true,1,speaker_disjoint_split,0,0.48443188910436474,0,0.4563023821107401
10926.json,blog-posting,mostly-true,0,speaker_disjoint_split,0,0.4512640620584699,1,0.592987077489691
11097.json,atlanta-neighborhood-association,true,0,speaker_disjoint_split,0,0.3575629319612016,0,0.34323166314201925
9278.json,tom-corbett,barely-true,1,speaker_disjoint_split,0,0.41678629176154997,0,0.4572442058618518
5001.json,tim-kaine,false,1,speaker_disjoint_split,0,0.44814014662336205,0,0.47281324696576055
11454.json,ben-carson,false,1,speaker_disjoint_split,0,0.47215336983073447,0,0.49373681088005056
3765.json,jay-goyal,barely-true,1,speaker_disjoint_split,0,0.4219730027114882,0,0.3845860096951559
11231.json,donald-trump,half-true,0,speaker_disjoint_split,0,0.4531019364768882,1,0.5187821264326196
11130.json,scott-walker,false,1,speaker_disjoint_split,0,0.4378171413536684,0,0.44692368287663764
13104.json,tom-nelson,half-true,0,speaker_disjoint_split,1,0.5213099775816972,1,0.5727541434046703
9618.json,mark-begich,mostly-true,0,speaker_disjoint_split,0,0.42128695606948213,0,0.47910465481573306
11921.json,bernie-s,mostly-true,0,speaker_disjoint_split,0,0.37063388619283855,0,0.34496989275697115
10980.json,bill-clinton,half-true,0,speaker_disjoint_split,1,0.5241838562195649,0,0.4735547527969251
13325.json,tim-kaine,mostly-true,0,speaker_disjoint_split,0,0.44399052939122574,0,0.4702856917106831
12583.json,david-miliband,true,0,speaker_disjoint_split,0,0.4657514822499864,0,0.4712950301291899
307.json,john-mccain,half-true,0,speaker_disjoint_split,0,0.47812678289120725,0,0.474278494002041
11387.json,scott-walker,mostly-true,0,speaker_disjoint_split,0,0.44367784483901884,0,0.47101485464437126
10652.json,jerry-falwell,true,0,speaker_disjoint_split,0,0.460762528492599,0,0.45692958867949124
4110.json,gary-johnson,half-true,0,speaker_disjoint_split,0,0.3784660085417698,0,0.36437037549753093
7856.json,karl-rove,mostly-true,0,speaker_disjoint_split,0,0.37257079511700014,0,0.3866480873089529
8106.json,kari-chisholm,false,1,speaker_disjoint_split,0,0.48696670897363575,0,0.4443070472325349
13021.json,donald-trump,false,1,speaker_disjoint_split,0,0.43929263967452997,1,0.5447636085385447
12150.json,donald-trump,false,1,speaker_disjoint_split,0,0.3996111118815782,0,0.3758669675820808
9414.json,democratic-congressional-campaign-committee,false,1,speaker_disjoint_split,0,0.4588682706417565,0,0.4508148471622032
434.json,focus-family-action,false,1,speaker_disjoint_split,1,0.5237854934719044,1,0.5054922758404251
7585.json,dennis-richardson,mostly-true,0,speaker_disjoint_split,0,0.3716815815767025,0,0.3887613865430113
8377.json,dan-patrick,false,1,speaker_disjoint_split,0,0.4864559423106072,1,0.5253179042901411
8962.json,bill-kristol,false,1,speaker_disjoint_split,0,0.4289293847986935,0,0.4011873959022341
7551.json,john-kasich,true,0,speaker_disjoint_split,0,0.3249438921689891,0,0.32696263909933215
9268.json,dan-patrick,half-true,0,speaker_disjoint_split,0,0.43845080888136273,0,0.4478738407147298
543.json,john-mccain,mostly-true,0,speaker_disjoint_split,0,0.4093059570170077,0,0.4267603555069042
10134.json,charlie-crist,false,1,speaker_disjoint_split,0,0.4705017929276352,0,0.4509083152149468
6667.json,joe-biden,mostly-true,0,speaker_disjoint_split,0,0.3762760381851335,0,0.3649426415238385
11143.json,rush-limbaugh,pants-fire,1,speaker_disjoint_split,0,0.4878199004467443,0,0.45836163620900855
2512.json,we-love-usa-pac,false,1,speaker_disjoint_split,1,0.5139456829751534,1,0.5442189386797219
11396.json,debbie-wasserman-schultz,half-true,0,speaker_disjoint_split,0,0.3717156123790232,0,0.4484384178578372
690.json,john-mccain,true,0,speaker_disjoint_split,0,0.4377439517957163,0,0.44218372822426916
11819.json,ben-carson,barely-true,1,speaker_disjoint_split,0,0.46804617199901183,0,0.45237889084117816
4808.json,john-stemberger,barely-true,1,speaker_disjoint_split,0,0.38743978573792354,0,0.30923841499864774
7615.json,b-heath-mitchell,half-true,0,speaker_disjoint_split,0,0.45120440802135325,0,0.4387676034633431
6066.json,lamar-alexander,half-true,0,speaker_disjoint_split,0,0.4816614788832911,0,0.47298504035486244
11868.json,donald-trump,barely-true,1,speaker_disjoint_split,0,0.4619614330095537,1,0.5340526669593069
4913.json,jon-huntsman,barely-true,1,speaker_disjoint_split,1,0.5921393918096147,0,0.4761842646227653
10027.json,gloria-steinem,true,0,speaker_disjoint_split,0,0.3767198640549494,0,0.39873504314244507
8535.json,jay-leno,barely-true,1,speaker_disjoint_split,0,0.42266218335995226,1,0.5163023993734437
10990.json,scott-walker,barely-true,1,speaker_disjoint_split,1,0.5495170151538575,0,0.4784156270248387
3635.json,nathan-deal,half-true,0,speaker_disjoint_split,0,0.4854489514596521,0,0.4158562701440723
12013.json,bill-clinton,half-true,0,speaker_disjoint_split,0,0.3010178176019289,0,0.31458650238355246
6856.json,joe-biden,barely-true,1,speaker_disjoint_split,0,0.3971521199010215,0,0.3813074708156272
13079.json,donald-trump,false,1,speaker_disjoint_split,1,0.5534516584186299,1,0.5325377947820865
10428.json,gsu-alumni-association,true,0,speaker_disjoint_split,0,0.3912257229399751,0,0.3630547764830531
3019.json,lloyd-doggett,mostly-true,0,speaker_disjoint_split,0,0.3219462440759669,0,0.3693561196934545
6666.json,bill-clinton,mostly-true,0,speaker_disjoint_split,0,0.46115839312315315,0,0.38345209370736233
6143.json,nathan-deal,barely-true,1,speaker_disjoint_split,0,0.343068987743168,0,0.3533610908145159
6960.json,ohio-republican-party,half-true,0,speaker_disjoint_split,1,0.5245197182087679,1,0.5831267368742382
597.json,votevetsorg,false,1,speaker_disjoint_split,0,0.4612985049797448,0,0.44245095228511994
11727.json,will-kraus,half-true,0,speaker_disjoint_split,0,0.37981481373194,0,0.4256702383041837
7192.json,larry-kilgore,false,1,speaker_disjoint_split,0,0.3402119439487784,0,0.3668573464868037
5595.json,bill-pascrell,false,1,speaker_disjoint_split,0,0.3163972195773484,0,0.3946376438105493
1197.json,lamar-alexander,false,1,speaker_disjoint_split,0,0.44987126624399465,0,0.46290028697165064
13115.json,donald-trump,false,1,speaker_disjoint_split,0,0.4885843289419784,1,0.5711534081418934
6021.json,scott-walker,mostly-true,0,speaker_disjoint_split,0,0.35997113019915167,0,0.36509943681727947
5879.json,national-republican-congressional-committee,pants-fire,1,speaker_disjoint_split,0,0.4748363821885646,0,0.39353446160738015
1110.json,bill-pascrell,mostly-true,0,speaker_disjoint_split,0,0.4085295868355054,0,0.4724442411994067
1258.json,glenn-beck,barely-true,1,speaker_disjoint_split,1,0.5110055625974536,0,0.4583205464800223
7213.json,scott-walker,true,0,speaker_disjoint_split,0,0.38269412452962903,0,0.4161877680029239
7760.json,tom-coburn,false,1,speaker_disjoint_split,0,0.392264796056108,0,0.3829948149973949
7370.json,jeff-merkley,true,0,speaker_disjoint_split,0,0.36812481229117916,0,0.3970095159602009
2064.json,nathan-deal,half-true,0,speaker_disjoint_split,0,0.3971775883629144,0,0.3840888321965462
13391.json,austin-board-realtors-pac,false,1,speaker_disjoint_split,0,0.4910936240303095,0,0.4688543770306709
9621.json,glenn-beck,half-true,0,speaker_disjoint_split,0,0.41090597754156294,0,0.45107764094068914
11572.json,megyn-kelly,half-true,0,speaker_disjoint_split,0,0.40767188115394626,0,0.470869594014015
8671.json,eugene-yu,mostly-true,0,speaker_disjoint_split,0,0.4296351924944268,1,0.5257583351577562
8203.json,scott-walker,half-true,0,speaker_disjoint_split,0,0.4630702674610497,0,0.4791204681491474
4727.json,corey-stewart,false,1,speaker_disjoint_split,1,0.5451649206966251,0,0.4506498193483805
5916.json,samuel-wurzelbacher,pants-fire,1,speaker_disjoint_split,0,0.4531784459602492,0,0.49443649145167734
10010.json,republican-party-florida,half-true,0,speaker_disjoint_split,0,0.3554377265984703,0,0.3507027601793464
524.json,john-mccain,false,1,speaker_disjoint_split,0,0.486682471466105,1,0.5133621897846153
400.json,campaign-defend-america,false,1,speaker_disjoint_split,0,0.4328652669733033,0,0.49443160124135277
2535.json,charlie-crist,half-true,0,speaker_disjoint_split,0,0.4390680034835857,0,0.4561646042867347
12377.json,scott-walker,pants-fire,1,speaker_disjoint_split,0,0.3989399648865863,0,0.4276045392231806
3267.json,wesley-smith,half-true,0,speaker_disjoint_split,0,0.4107164637949001,1,0.5307806274181145
9750.json,libre-initiative,half-true,0,speaker_disjoint_split,0,0.35708907473619084,0,0.42777222261590464
593.json,john-mccain,barely-true,1,speaker_disjoint_split,0,0.46410202041169013,0,0.4077979190822119
7305.json,nathan-deal,true,0,speaker_disjoint_split,0,0.36271504145498035,0,0.32942692723816314
6581.json,anthony-gemma,false,1,speaker_disjoint_split,0,0.4358846728054781,0,0.46718416024746257
12707.json,mark-geist,barely-true,1,speaker_disjoint_split,1,0.5004988192840583,1,0.5618556264627241
10389.json,john-mccain,barely-true,1,speaker_disjoint_split,0,0.38711687617526486,0,0.41661223083502236
8787.json,nathan-deal,true,0,speaker_disjoint_split,0,0.43992183203784374,0,0.39791528976029084
11567.json,ben-carson,false,1,speaker_disjoint_split,0,0.457026018252111,0,0.478562366100807
7221.json,john-kasich,half-true,0,speaker_disjoint_split,0,0.4595089009641958,0,0.45435794901462406
3867.json,john-kasich,false,1,speaker_disjoint_split,0,0.3038257201647351,0,0.3709307411952543
2398.json,ron-klein,false,1,speaker_disjoint_split,1,0.5315224162899405,1,0.5093207438506157
12138.json,joanne-kloppenburg,mostly-true,0,speaker_disjoint_split,1,0.5016614275169146,0,0.46355742122252525
2472.json,bob-hackworth,false,1,speaker_disjoint_split,0,0.41928939654400077,0,0.378946876108741
2938.json,organizing-america,half-true,0,speaker_disjoint_split,0,0.4797687317666435,1,0.5142511249742252
11514.json,donald-trump,false,1,speaker_disjoint_split,0,0.383136172184232,0,0.4852855941705008
3033.json,pat-mullins,true,0,speaker_disjoint_split,0,0.4955996232970865,1,0.5288932798343687
9660.json,charlie-crist,half-true,0,speaker_disjoint_split,0,0.4773140588907947,0,0.44657400345005704
1253.json,blog-posting,mostly-true,0,speaker_disjoint_split,1,0.5108178525216123,1,0.6213467101754553
13165.json,basil-seggos,false,1,speaker_disjoint_split,0,0.46682345023664173,0,0.4531176302791625
3874.json,charlotte-nash,barely-true,1,speaker_disjoint_split,0,0.33503795200247316,0,0.4022880276386494
13491.json,javier-m-gonzales,half-true,0,speaker_disjoint_split,0,0.4151614941582656,0,0.47403570765081404
9710.json,greta-van-susteren,false,1,speaker_disjoint_split,0,0.4658068272303498,0,0.4308571415605815
2480.json,david-axelrod,half-true,0,speaker_disjoint_split,0,0.4057514490407092,0,0.44932920025839
11331.json,scott-walker,half-true,0,speaker_disjoint_split,1,0.5096083817988857,0,0.4480430640255932
6476.json,aclu-florida,false,1,speaker_disjoint_split,0,0.41662974124446855,0,0.4582012608750827
7584.json,joe-barton,barely-true,1,speaker_disjoint_split,0,0.44307461517849467,0,0.45096310735615136
2207.json,john-mccain,half-true,0,speaker_disjoint_split,0,0.4795252586870325,1,0.5020151447323145
11470.json,centers-disease-control,mostly-true,0,speaker_disjoint_split,0,0.3724797615824363,0,0.4514192937522652
6651.json,david-cicilline,barely-true,1,speaker_disjoint_split,0,0.4702801065399559,0,0.4771770050243979
11155.json,scott-walker,half-true,0,speaker_disjoint_split,0,0.46865939156824155,1,0.5360199117825563
9614.json,blog-posting,barely-true,1,speaker_disjoint_split,0,0.4864007542703206,1,0.5140312800229482
555.json,john-mccain,half-true,0,speaker_disjoint_split,0,0.4421013327575573,0,0.4597024514888226
10262.json,chuck-todd,true,0,speaker_disjoint_split,0,0.37386439790043385,0,0.38654763452080765
9288.json,nathan-deal,mostly-true,0,speaker_disjoint_split,0,0.30175983836757775,0,0.34629285741345617
11253.json,donald-trump,false,1,speaker_disjoint_split,0,0.3784339402891503,0,0.3890798243850476
961.json,elijah-cummings,true,0,speaker_disjoint_split,0,0.4422742261515485,0,0.40954866464541034
11205.json,donald-trump,half-true,0,speaker_disjoint_split,0,0.4344665377695056,1,0.5127625735043003
13253.json,donald-trump,barely-true,1,speaker_disjoint_split,0,0.49837828603258233,0,0.48197820131959945
13462.json,donald-trump,false,1,speaker_disjoint_split,0,0.4730814977765032,0,0.48359864881033743
11515.json,donald-trump,barely-true,1,speaker_disjoint_split,0,0.44344358184897426,0,0.4550493326415131
7000.json,diane-hurley,true,0,speaker_disjoint_split,0,0.35646507312066383,0,0.35164161566788915
2282.json,anthony-gemma,mostly-true,0,speaker_disjoint_split,0,0.493157734112228,0,0.44695675455328704
503.json,john-mccain,true,0,speaker_disjoint_split,1,0.5549038403451794,1,0.5163867029179501
10174.json,charlie-crist,half-true,0,speaker_disjoint_split,0,0.48167143748400837,0,0.45435574677613544
5979.json,corey-stewart,barely-true,1,speaker_disjoint_split,0,0.3892941419848426,0,0.4523343423087789
10755.json,scott-walker,half-true,0,speaker_disjoint_split,0,0.23934276437632465,0,0.31103241367524476
6808.json,tim-kaine,mostly-true,0,speaker_disjoint_split,0,0.4093058001041101,0,0.45470386730513673
8659.json,blog-posting,pants-fire,1,speaker_disjoint_split,1,0.5314771978796773,1,0.547278242045542
8417.json,louie-gohmert,barely-true,1,speaker_disjoint_split,0,0.3528084427967657,0,0.3403359139971698
4758.json,state-democratic-party-wisconsin,barely-true,1,speaker_disjoint_split,0,0.47215414751645923,1,0.5133257847447931
12198.json,blog-posting,false,1,speaker_disjoint_split,0,0.45608629586171817,1,0.5017909759746747
12843.json,joe-biden,false,1,speaker_disjoint_split,0,0.4872840206960049,0,0.4710933298924488
118.json,john-mccain,true,0,speaker_disjoint_split,0,0.4765877858336387,0,0.4339255549237776
1706.json,bill-clinton,barely-true,1,speaker_disjoint_split,0,0.4060838429045024,0,0.45967495080071047
12018.json,bernie-s,barely-true,1,speaker_disjoint_split,1,0.5111392796272084,0,0.45127877899428254
1646.json,cliff-stearns,half-true,0,speaker_disjoint_split,1,0.5104380460924197,0,0.46637155091509064
3532.json,tim-kaine,half-true,0,speaker_disjoint_split,1,0.5316664883174764,0,0.47366396521524046
3862.json,national-republican-congressional-committee,barely-true,1,speaker_disjoint_split,0,0.4665533385309534,0,0.4722289525295299
5064.json,democratic-congressional-campaign-committee,false,1,speaker_disjoint_split,0,0.4943572646091791,1,0.5305766866505329
13156.json,donald-trump,barely-true,1,speaker_disjoint_split,0,0.45975331060525443,1,0.5015172660850541
11767.json,bernie-s,half-true,0,speaker_disjoint_split,1,0.5484677507165252,0,0.4315320211054523
2120.json,richard-cordray,half-true,0,speaker_disjoint_split,0,0.48353940000706147,0,0.4326958389069325
13422.json,richard-burr,mostly-true,0,speaker_disjoint_split,0,0.4240574686877223,0,0.4733689071039965
10719.json,nathan-deal,half-true,0,speaker_disjoint_split,0,0.29072427191920985,0,0.2757515166702746
12211.json,glenn-beck,true,0,speaker_disjoint_split,0,0.42581402646586386,0,0.4694329221881904
8796.json,nathan-deal,half-true,0,speaker_disjoint_split,0,0.33998108804349464,0,0.3303811217428494
12047.json,donald-trump,barely-true,1,speaker_disjoint_split,0,0.4770493865681076,0,0.48509273026941946
10194.json,bill-clinton,barely-true,1,speaker_disjoint_split,0,0.39826709873399857,0,0.41185494142346873
2941.json,blog-posting,false,1,speaker_disjoint_split,0,0.404969873375461,0,0.4716756350156879
8751.json,scott-walker,false,1,speaker_disjoint_split,0,0.3756459360672679,0,0.3142352532317632
12554.json,donald-trump,false,1,speaker_disjoint_split,0,0.4660592306571151,0,0.45935140866129437
11962.json,donald-trump,pants-fire,1,speaker_disjoint_split,0,0.4629243655208209,0,0.47264095448166316
4895.json,david-axelrod,half-true,0,speaker_disjoint_split,0,0.48324083973734544,0,0.49243536800764176
12162.json,californians-lower-drug-prices,half-true,0,speaker_disjoint_split,0,0.3934070588344635,0,0.4114912870391597
3355.json,state-democratic-party-wisconsin,pants-fire,1,speaker_disjoint_split,1,0.5658348498654476,1,0.545768052183317
9796.json,rush-limbaugh,false,1,speaker_disjoint_split,0,0.45478161830008124,0,0.4610382272579403
1591.json,rush-limbaugh,pants-fire,1,speaker_disjoint_split,1,0.5203287504273105,1,0.5367099876015629
13137.json,donald-trump,false,1,speaker_disjoint_split,1,0.5115914024966244,1,0.5205930359104078
8696.json,scott-walker,false,1,speaker_disjoint_split,0,0.44696950622150994,0,0.4475289988449418
13183.json,tim-kaine,half-true,0,speaker_disjoint_split,0,0.4681402054127131,0,0.4322436615537469
12317.json,amy-schumer,half-true,0,speaker_disjoint_split,0,0.4111961743387172,0,0.35772857691953297
11002.json,scott-walker,mostly-true,0,speaker_disjoint_split,0,0.45540236681614465,0,0.41722657817063485
10459.json,rhode-island-center-freedom-and-prosperity,barely-true,1,speaker_disjoint_split,0,0.34256292322590737,0,0.3642188483799774
3457.json,ann-coulter,barely-true,1,speaker_disjoint_split,0,0.4763714837517903,0,0.44744832087131337
7172.json,scott-walker,pants-fire,1,speaker_disjoint_split,0,0.4364735060380898,0,0.39820244088842927
11247.json,donald-trump,false,1,speaker_disjoint_split,0,0.3265186323389165,0,0.3770576999110557
7248.json,national-republican-congressional-committee,true,0,speaker_disjoint_split,0,0.335381516896883,0,0.30964449030262636
6670.json,cnsnews,false,1,speaker_disjoint_split,0,0.4613308573438979,0,0.4645513577108702
9982.json,jane-harman,false,1,speaker_disjoint_split,1,0.5196647814048427,0,0.4569281028632992
6354.json,tim-kaine,mostly-true,0,speaker_disjoint_split,0,0.45030494187213416,0,0.42926464618816446
10369.json,chuck-todd,half-true,0,speaker_disjoint_split,0,0.35867584070787983,0,0.43651579546504005
7321.json,wayne-lapierre,half-true,0,speaker_disjoint_split,0,0.3250396441446907,0,0.3349174365295642
3797.json,amy-hanauer,true,0,speaker_disjoint_split,0,0.3233065451660152,0,0.30604532412626884
13459.json,pat-robertson,pants-fire,1,speaker_disjoint_split,1,0.5403499738368643,1,0.5051002081961502
12869.json,richard-burr,half-true,0,speaker_disjoint_split,1,0.5554461136834377,1,0.6018266945673493
2730.json,nathan-deal-and-roy-barnes,pants-fire,1,speaker_disjoint_split,0,0.4794578764294162,0,0.4464910000116599
8416.json,gilberto-hinojosa,mostly-true,0,speaker_disjoint_split,1,0.5289905920667942,0,0.48884357059734407
10781.json,ben-carson,barely-true,1,speaker_disjoint_split,0,0.30423085466590505,0,0.3998803320704443
1079.json,rush-limbaugh,barely-true,1,speaker_disjoint_split,0,0.49449048682532826,1,0.5220242571379002
10876.json,glenn-beck,barely-true,1,speaker_disjoint_split,0,0.4329937738092417,0,0.4236630126227288
10778.json,nation-islam-research-group,pants-fire,1,speaker_disjoint_split,0,0.46210265530734707,0,0.4371457612095709
8479.json,scott-walker,barely-true,1,speaker_disjoint_split,0,0.3902439225754917,0,0.3584829665360538
3589.json,saxby-chambliss,half-true,0,speaker_disjoint_split,0,0.34673213835920935,0,0.3820640782888084
6065.json,jeff-fitzgerald,half-true,0,speaker_disjoint_split,0,0.4288309683020147,0,0.450212505744766
4326.json,bob-ryan,mostly-true,0,speaker_disjoint_split,1,0.538853378670929,0,0.4383709230675258
10701.json,bernie-s,mostly-true,0,speaker_disjoint_split,0,0.33532864361496834,0,0.31269408319255243
6382.json,national-republican-congressional-committee,false,1,speaker_disjoint_split,1,0.5142124863954909,1,0.6007753436293224
11927.json,gary-cobb,barely-true,1,speaker_disjoint_split,1,0.5048306944049562,0,0.47368326952659084
10615.json,scott-walker,half-true,0,speaker_disjoint_split,0,0.470972059421473,0,0.49564433583547185
2295.json,nathan-deal,true,0,speaker_disjoint_split,0,0.4976092152805694,1,0.5081515073297433
417.json,john-mccain,false,1,speaker_disjoint_split,1,0.5294111582080102,0,0.4971133357854772
6286.json,rush-limbaugh,pants-fire,1,speaker_disjoint_split,0,0.4402688871078574,0,0.4681795917085315
6151.json,lamar-alexander,true,0,speaker_disjoint_split,0,0.3421359681872687,0,0.39985723811258284
8108.json,dan-patrick,barely-true,1,speaker_disjoint_split,0,0.45266716470224083,0,0.4772888426282544
2801.json,allen-alley,mostly-true,0,speaker_disjoint_split,0,0.3371395490639289,0,0.3597434010896321
8075.json,louie-gohmert,barely-true,1,speaker_disjoint_split,0,0.4536669716844871,0,0.4725495082470356
3850.json,janet-napolitano,half-true,0,speaker_disjoint_split,0,0.34211732170167436,0,0.3666700483143902
8612.json,saxby-chambliss,half-true,0,speaker_disjoint_split,0,0.37683145946709473,0,0.41875044830789143
2395.json,john-kasich,half-true,0,speaker_disjoint_split,0,0.38296211967600463,0,0.4064000941122123
11525.json,scott-walker,half-true,0,speaker_disjoint_split,1,0.5074108106593794,0,0.4911623901481844
11071.json,donald-trump,false,1,speaker_disjoint_split,0,0.42849749839868695,1,0.5083157094381245
1543.json,charlie-crist,barely-true,1,speaker_disjoint_split,0,0.37350888584177966,0,0.41960007747838823
10972.json,scott-walker,false,1,speaker_disjoint_split,1,0.5283618763104309,1,0.5257608308335334
11057.json,carly-fiorina,half-true,0,speaker_disjoint_split,0,0.38925833078581185,0,0.4004602118350895
11210.json,donald-trump,half-true,0,speaker_disjoint_split,0,0.4268400327937652,0,0.4446337809146831
6630.json,julian-castro,true,0,speaker_disjoint_split,0,0.39417828428568397,0,0.4321511189568941
9138.json,charlie-crist,mostly-true,0,speaker_disjoint_split,0,0.4610201423252945,0,0.42480353499478973
9406.json,claire-mccaskill,barely-true,1,speaker_disjoint_split,0,0.4824043285192177,1,0.5127838739459353
5011.json,restore-our-future,true,0,speaker_disjoint_split,0,0.45940678922440353,0,0.4399149612658734
11317.json,scott-walker,barely-true,1,speaker_disjoint_split,0,0.4639039257833648,0,0.47747126101475396
2703.json,nathan-deal,barely-true,1,speaker_disjoint_split,0,0.4599656042037519,0,0.41210866996258305
12193.json,new-day-america,false,1,speaker_disjoint_split,0,0.42964616133925787,0,0.4622280052522211
6635.json,joe-biden,half-true,0,speaker_disjoint_split,0,0.4142088009304094,0,0.4434198448851109
4276.json,jon-huntsman,mostly-true,0,speaker_disjoint_split,0,0.44757471533572274,0,0.4462627549651313
12759.json,donald-trump,pants-fire,1,speaker_disjoint_split,1,0.5017946350575226,0,0.46897996407214315
2345.json,kevin-boyce,pants-fire,1,speaker_disjoint_split,0,0.37768080681840205,0,0.36092008024715505
10070.json,donald-trump,pants-fire,1,speaker_disjoint_split,0,0.49857328512344695,0,0.49418503723229273
3837.json,sam-adams,false,1,speaker_disjoint_split,0,0.3605333680408343,0,0.3543959499655233
2396.json,julie-lassa,half-true,0,speaker_disjoint_split,1,0.5482396512926844,1,0.514622257532481
7349.json,dan-becker,false,1,speaker_disjoint_split,0,0.46409817896396555,0,0.45865501514276197
8228.json,debbie-wasserman-schultz,mostly-true,0,speaker_disjoint_split,0,0.39264726509797576,0,0.4712681931165721
7683.json,louie-gohmert,false,1,speaker_disjoint_split,0,0.46598699452996856,0,0.4958280192168736
10602.json,state-democratic-party-wisconsin,false,1,speaker_disjoint_split,1,0.6043722915990499,1,0.5125111813683874
2146.json,gordon-quan,half-true,0,speaker_disjoint_split,0,0.39050981340878244,0,0.4785998969605554
1560.json,glenn-beck,true,0,speaker_disjoint_split,0,0.45047878896441934,0,0.40641189390558485
9885.json,charlie-crist,mostly-true,0,speaker_disjoint_split,0,0.4211020228269811,0,0.4172572611477628
9619.json,whoopi-goldberg,barely-true,1,speaker_disjoint_split,0,0.46250414075864255,0,0.4268314738528508
8704.json,bill-kristol,mostly-true,0,speaker_disjoint_split,0,0.456670469714941,0,0.47622567509353175
10840.json,donald-trump,half-true,0,speaker_disjoint_split,0,0.42339313174866106,0,0.49661679831461514
10989.json,ann-coulter,pants-fire,1,speaker_disjoint_split,1,0.5107965853582818,0,0.4924965305021478
9987.json,charlie-crist,false,1,speaker_disjoint_split,1,0.5925589043294132,1,0.5998926276038291
8643.json,scott-walker,false,1,speaker_disjoint_split,0,0.3975687745350199,0,0.4644171642148542
13234.json,donald-trump,mostly-true,0,speaker_disjoint_split,0,0.405047374686167,0,0.39359197405475327
10317.json,matthew-cooke,barely-true,1,speaker_disjoint_split,0,0.3071379726361122,0,0.358672343882183
12839.json,donald-trump,pants-fire,1,speaker_disjoint_split,0,0.4783364075873049,0,0.4720491084949765
6103.json,nathan-deal,false,1,speaker_disjoint_split,1,0.5088505687286209,0,0.47509321869466403
12988.json,donald-trump,mostly-true,0,speaker_disjoint_split,0,0.454126927816313,1,0.5483580737091526
569.json,john-mccain,half-true,0,speaker_disjoint_split,0,0.4239403164261435,0,0.4126122030464839
6137.json,michael-chippendale,true,0,speaker_disjoint_split,0,0.40509068336013326,0,0.39513516711060886
13300.json,donald-trump,half-true,0,speaker_disjoint_split,1,0.5288405251032563,1,0.5365744829604864
13431.json,tim-kaine,true,0,speaker_disjoint_split,0,0.3925992617244347,0,0.4241782221273199
1587.json,citizens-lower-taxes-and-stronger-economy,half-true,0,speaker_disjoint_split,0,0.4667713801544894,0,0.42195166618003915
9297.json,madison-action-fund,pants-fire,1,speaker_disjoint_split,0,0.49951234393989535,0,0.47020549181456905
12955.json,club-growth,half-true,0,speaker_disjoint_split,0,0.463697961588063,0,0.4793240111728385
8943.json,brad-avakian,mostly-true,0,speaker_disjoint_split,0,0.40532586260309367,0,0.32998504753212204
10204.json,breitbart,pants-fire,1,speaker_disjoint_split,1,0.5982504253018995,1,0.5689967166318192
12256.json,bernie-s,barely-true,1,speaker_disjoint_split,0,0.4201856566972551,0,0.38323338288985936
12428.json,donald-trump,pants-fire,1,speaker_disjoint_split,0,0.37627992996432735,0,0.46926275000290424
1491.json,joe-biden,mostly-true,0,speaker_disjoint_split,0,0.3542080865017932,0,0.3281645151859469
11578.json,bernie-s,barely-true,1,speaker_disjoint_split,0,0.3511399870345939,0,0.3403019427368181
6806.json,our-portland-our-schools,half-true,0,speaker_disjoint_split,0,0.4375976254679146,0,0.340722673888782
3689.json,dick-armey,false,1,speaker_disjoint_split,0,0.36399905797440957,0,0.38817160918700105
8874.json,bill-oreilly,barely-true,1,speaker_disjoint_split,0,0.4823849450074445,1,0.5609649456201385
10082.json,charlie-crist,half-true,0,speaker_disjoint_split,0,0.3345591106150356,0,0.3881191018576292
6288.json,jeff-fitzgerald,pants-fire,1,speaker_disjoint_split,1,0.6637809883554379,1,0.5343347534068641
2807.json,state-democratic-party-wisconsin,barely-true,1,speaker_disjoint_split,1,0.5505230967006812,1,0.5228160747960829
11377.json,ora-houston,false,1,speaker_disjoint_split,0,0.39138904434423827,0,0.4182322367557937
3892.json,janice-hahn,true,0,speaker_disjoint_split,1,0.53084180476007,1,0.5550356744646054
7657.json,lenny-curry,half-true,0,speaker_disjoint_split,0,0.42525026976275015,0,0.3724660559629136
11349.json,scott-walker,false,1,speaker_disjoint_split,1,0.5859293929536211,1,0.5976861268852643
11292.json,david-cicilline,half-true,0,speaker_disjoint_split,0,0.45427007351383586,0,0.4476158567313157
13319.json,donald-trump,half-true,0,speaker_disjoint_split,1,0.5011733767192489,1,0.5147291193753721
6124.json,democratic-congressional-campaign-committee,false,1,speaker_disjoint_split,0,0.46319252326047594,0,0.41886307822681706
8970.json,blog-posting,pants-fire,1,speaker_disjoint_split,0,0.39101212525209283,1,0.5310517459729133
12353.json,donald-trump,false,1,speaker_disjoint_split,0,0.42007749403105843,0,0.45793647440237933
4144.json,club-growth,true,0,speaker_disjoint_split,0,0.4823234495300997,0,0.4031562733726283
8085.json,don-lemon,true,0,speaker_disjoint_split,0,0.25205493567081066,0,0.3394635676951838
2325.json,nathan-deal,half-true,0,speaker_disjoint_split,0,0.38496865605019587,0,0.36617555800676627
12850.json,donald-trump,mostly-true,0,speaker_disjoint_split,0,0.4545455199550294,0,0.47097578107944693
5781.json,ron-oakley,barely-true,1,speaker_disjoint_split,0,0.47582311419438944,0,0.46629358363377577
7443.json,ohio-republican-party,mostly-true,0,speaker_disjoint_split,0,0.4754690955497003,0,0.48136292377986245
11522.json,donald-trump,false,1,speaker_disjoint_split,0,0.42117530640118434,1,0.5251069085045214
10182.json,david-cicilline,true,0,speaker_disjoint_split,0,0.29621045877732405,0,0.2891477924690443
12378.json,solar-energy-fairness,half-true,0,speaker_disjoint_split,1,0.5256406317197754,0,0.4719845930810175
2361.json,democratic-congressional-campaign-committee,pants-fire,1,speaker_disjoint_split,0,0.4999690053628524,0,0.4911074120539743
13097.json,john-mccain,half-true,0,speaker_disjoint_split,1,0.5176291307417801,0,0.49593720744250014
6446.json,multnomah-county-library-foundation,false,1,speaker_disjoint_split,0,0.4840704050583724,0,0.4354643955139451
12880.json,donald-trump,false,1,speaker_disjoint_split,0,0.47498429276592696,1,0.5111612155596257
5427.json,scott-walker,true,0,speaker_disjoint_split,0,0.4247811577599859,0,0.45312549228615523
12804.json,tim-kaine,half-true,0,speaker_disjoint_split,0,0.46730515625095853,0,0.43199580331194476
8415.json,bill-foster,mostly-true,0,speaker_disjoint_split,0,0.3898860257568414,0,0.38714389071870564
7397.json,brian-patrick-kennedy,barely-true,1,speaker_disjoint_split,0,0.4597428132953838,0,0.4339041091026052
6248.json,democratic-congressional-campaign-committee,pants-fire,1,speaker_disjoint_split,0,0.4591686737873394,0,0.4427909296402606
11950.json,bill-clinton,pants-fire,1,speaker_disjoint_split,0,0.45165622073488054,0,0.4684003791275632
5939.json,jeff-fitzgerald,mostly-true,0,speaker_disjoint_split,0,0.44644667207740946,0,0.4875918024962501
10455.json,scott-walker,half-true,0,speaker_disjoint_split,0,0.3972985758686459,0,0.4244601711182583
12422.json,george-holding,half-true,0,speaker_disjoint_split,1,0.5218581758599509,0,0.4719724105122196
2943.json,bernie-s,true,0,speaker_disjoint_split,0,0.2744560159643232,0,0.2897730319602417
2696.json,scott-walker,barely-true,1,speaker_disjoint_split,0,0.46732222458905376,0,0.4270305316951202
8906.json,sly-james,false,1,speaker_disjoint_split,0,0.4787531567045932,0,0.40390594738877733
13032.json,donald-trump,barely-true,1,speaker_disjoint_split,0,0.4684603985916511,0,0.48756839585201606
12114.json,gina-hinojosa,mostly-true,0,speaker_disjoint_split,0,0.3942579175532081,0,0.3397772884112172
4021.json,stephen-sweeney,true,0,speaker_disjoint_split,0,0.4826886155547087,0,0.42737284121227215
2558.json,hank-gilbert,true,0,speaker_disjoint_split,0,0.39988448454219544,0,0.4299573718311589
1045.json,bill-oreilly,false,1,speaker_disjoint_split,1,0.5165754326918376,1,0.5171541678354238
1885.json,glenn-beck,half-true,0,speaker_disjoint_split,0,0.4087330022207002,0,0.4218050066845005
9866.json,bob-beckel,false,1,speaker_disjoint_split,0,0.2691208154677249,0,0.347116998539098
2240.json,john-kasich,false,1,speaker_disjoint_split,0,0.41998437333502653,0,0.4272614559815858
11350.json,ben-carson,barely-true,1,speaker_disjoint_split,0,0.4324975111484561,0,0.448649654747485
8947.json,republican-party-florida,barely-true,1,speaker_disjoint_split,1,0.5094286681952219,0,0.4821707669773312
22.json,joe-biden,mostly-true,0,speaker_disjoint_split,0,0.40726096616545654,0,0.3960483317466867
13327.json,gary-johnson,half-true,0,speaker_disjoint_split,1,0.5210198745991079,0,0.4749451639392159
9909.json,dan-patrick,pants-fire,1,speaker_disjoint_split,0,0.45634409859836433,0,0.45618075157240845
11164.json,donald-trump,pants-fire,1,speaker_disjoint_split,0,0.47988484727925235,1,0.5148187326749719
7873.json,bob-gibbs,mostly-true,0,speaker_disjoint_split,1,0.5696291871625578,1,0.5431755837495613
11144.json,donald-trump,false,1,speaker_disjoint_split,0,0.4491980849142341,0,0.4706409475844041
2110.json,yvette-mcgee-brown,true,0,speaker_disjoint_split,0,0.3147621223236667,0,0.326120991160093
8965.json,richard-durbin,pants-fire,1,speaker_disjoint_split,0,0.3664838227659483,0,0.31112600302327303
2985.json,john-mccain,true,0,speaker_disjoint_split,0,0.44595940894694286,0,0.478922683997442
4286.json,democratic-congressional-campaign-committee,false,1,speaker_disjoint_split,0,0.3860910153193123,0,0.439076488640452
4447.json,hetty-rosenstein,half-true,0,speaker_disjoint_split,0,0.35364115806938157,0,0.3899005813023658
11566.json,carly-fiorina,half-true,0,speaker_disjoint_split,1,0.550810888934917,0,0.4838214019109807
8824.json,ann-coulter,half-true,0,speaker_disjoint_split,0,0.4868787663352995,0,0.46339405784655774
453.json,john-mccain,half-true,0,speaker_disjoint_split,1,0.5244419575772452,1,0.5042163480656757
9748.json,blog-posting,pants-fire,1,speaker_disjoint_split,1,0.5392054658705163,1,0.5602462045758714
8703.json,glenn-beck,mostly-true,0,speaker_disjoint_split,1,0.5173017745207197,0,0.44712581841768284
13378.json,chris-malone,pants-fire,1,speaker_disjoint_split,0,0.4394127928879923,0,0.45232691547483195
920.json,national-republican-congressional-committee,mostly-true,0,speaker_disjoint_split,1,0.5915595005963421,1,0.5978561909423736
8615.json,charlie-crist,mostly-true,0,speaker_disjoint_split,0,0.467612866222634,0,0.4394165762268657
1820.json,michael-steele,true,0,speaker_disjoint_split,0,0.4560555975950903,0,0.4036293777050494
8204.json,kathleen-vinehout,half-true,0,speaker_disjoint_split,0,0.358681799032229,0,0.31730781074152237
7332.json,keith-faber,half-true,0,speaker_disjoint_split,0,0.3095738239465411,0,0.31428882006187175
2672.json,scott-walker,barely-true,1,speaker_disjoint_split,0,0.4240826174754708,0,0.41116519234027826
4402.json,democratic-congressional-campaign-committee,barely-true,1,speaker_disjoint_split,0,0.4546655259108139,1,0.5459495165983176
10513.json,lori-haas,half-true,0,speaker_disjoint_split,0,0.3405672930231033,0,0.2916466008812397
11399.json,club-growth,true,0,speaker_disjoint_split,0,0.4902184830227204,1,0.5106373173415346
8903.json,charlie-crist,false,1,speaker_disjoint_split,1,0.5243248779301637,0,0.4912202888415327
3599.json,joaquin-castro,barely-true,1,speaker_disjoint_split,0,0.4100136020269087,0,0.44107302510024665
1895.json,florida-first-initiative,barely-true,1,speaker_disjoint_split,0,0.49892910635999077,0,0.4936786892630672
10353.json,naha-daily,pants-fire,1,speaker_disjoint_split,0,0.4668824021496929,0,0.42017197684634716
8765.json,carly-fiorina,false,1,speaker_disjoint_split,0,0.3710531817667615,0,0.3698238967334231
7422.json,wayne-lapierre,barely-true,1,speaker_disjoint_split,0,0.477211341166515,0,0.4282533824348824
12022.json,bernie-s,false,1,speaker_disjoint_split,0,0.4594511988142418,0,0.39540891155190677
613.json,john-mccain,mostly-true,0,speaker_disjoint_split,0,0.3664781214125519,0,0.3725343963162259
6481.json,national-republican-congressional-committee,pants-fire,1,speaker_disjoint_split,1,0.5707484583285405,1,0.6226137739199672
573.json,john-mccain,false,1,speaker_disjoint_split,0,0.3653889761681134,0,0.4423104573998829
822.json,republican-party-florida,false,1,speaker_disjoint_split,1,0.515800248529168,0,0.4319131424070248
12560.json,donald-trump,pants-fire,1,speaker_disjoint_split,1,0.5076377653028963,0,0.4687948580607444
12743.json,donald-trump,barely-true,1,speaker_disjoint_split,0,0.4459875174907992,1,0.5003425676226114
1377.json,hank-gilbert,half-true,0,speaker_disjoint_split,0,0.46057146887538897,0,0.408444309409351
9605.json,angel-taveras,mostly-true,0,speaker_disjoint_split,0,0.35779565384810175,0,0.3552836787008591
13149.json,donald-trump,barely-true,1,speaker_disjoint_split,0,0.4132148156317052,0,0.3998140012726827
10233.json,enough-already-wisconsin-inc,false,1,speaker_disjoint_split,0,0.40394813799388385,0,0.3813299793359925
164.json,bill-richardson,half-true,0,speaker_disjoint_split,0,0.4599265054596265,0,0.44010255293276157
551.json,ralph-nader,true,0,speaker_disjoint_split,0,0.46056020533557807,0,0.45650835894817193
10566.json,texas-democratic-party,mostly-true,0,speaker_disjoint_split,0,0.4736182791799898,1,0.5201806902113737
11315.json,donald-trump,mostly-true,0,speaker_disjoint_split,0,0.37810954634438254,0,0.4667481109492829
4551.json,john-fleming,false,1,speaker_disjoint_split,0,0.49570938182070945,1,0.5084240338741252
6394.json,steve-doell,mostly-true,0,speaker_disjoint_split,0,0.34464753992609665,0,0.2959111919938053
4449.json,valerie-vainieri-huttle,barely-true,1,speaker_disjoint_split,0,0.3750308961786019,0,0.444191200803552
7500.json,national-republican-congressional-committee,pants-fire,1,speaker_disjoint_split,1,0.5123983268975405,0,0.4480299128060178
10044.json,scott-walker,false,1,speaker_disjoint_split,0,0.3818627943701261,0,0.32940868035105075
10161.json,dan-patrick,barely-true,1,speaker_disjoint_split,0,0.46390392917604045,0,0.4954060568410012
9926.json,lois-frankel,pants-fire,1,speaker_disjoint_split,1,0.541576179951083,0,0.49099812231775547
7489.json,debbie-wasserman-schultz,true,0,speaker_disjoint_split,0,0.483461714317417,1,0.5605847256831273
13389.json,michelle-mosby,half-true,0,speaker_disjoint_split,1,0.5359861510420125,0,0.4975895045662484
1159.json,rush-limbaugh,pants-fire,1,speaker_disjoint_split,1,0.5220917664778624,0,0.4793040701743244
4464.json,ted-piccolo,false,1,speaker_disjoint_split,1,0.5217865487259138,0,0.490369969019047
719.json,john-mccain,false,1,speaker_disjoint_split,0,0.4279277847154505,0,0.4367980162889418
11460.json,dan-patrick,pants-fire,1,speaker_disjoint_split,1,0.5287718526509166,1,0.5525701069572692
5889.json,scott-walker,barely-true,1,speaker_disjoint_split,0,0.46527659956717266,0,0.4813163125833055
798.json,john-mccain,half-true,0,speaker_disjoint_split,0,0.49211486800968357,1,0.5003850813451804
1366.json,karl-rove,mostly-true,0,speaker_disjoint_split,0,0.40045464522353114,0,0.4552271324838842
2397.json,national-republican-congressional-committee,barely-true,1,speaker_disjoint_split,0,0.4466309988941497,1,0.5114905928283464
12206.json,bill-clinton,barely-true,1,speaker_disjoint_split,0,0.3284951716697631,0,0.30786183489139746
13404.json,donald-trump,false,1,speaker_disjoint_split,0,0.49728986672835346,1,0.5122193322831695
710.json,john-mccain,barely-true,1,speaker_disjoint_split,0,0.4840980609748636,0,0.453859914809039
1882.json,nathan-deal,mostly-true,0,speaker_disjoint_split,0,0.4552257228016988,0,0.4485614403246099
1548.json,charlie-crist,barely-true,1,speaker_disjoint_split,0,0.4009484961945234,0,0.36068001758149565
1643.json,charlie-crist,true,0,speaker_disjoint_split,0,0.4105307423769563,0,0.45671712538527875
10590.json,scott-walker,false,1,speaker_disjoint_split,0,0.38014543259862654,0,0.3748240361934431
6048.json,bill-clinton,mostly-true,0,speaker_disjoint_split,0,0.33966326115772427,0,0.3094347658057336
8380.json,chris-latvala,true,0,speaker_disjoint_split,0,0.4036100565315281,0,0.3775167022934744
3392.json,john-mccain,false,1,speaker_disjoint_split,0,0.4060003203007135,0,0.4065857213942079
12915.json,gary-johnson,barely-true,1,speaker_disjoint_split,0,0.4189523329650726,0,0.44682426966470246
2093.json,joe-biden,true,0,speaker_disjoint_split,0,0.48086469300918355,0,0.4582909180068485
12658.json,donald-trump,mostly-true,0,speaker_disjoint_split,0,0.36342710435681064,0,0.4627836117872824
1625.json,charlie-crist,half-true,0,speaker_disjoint_split,0,0.4745339747477209,1,0.5200338615158414
9275.json,wilton-gregory,mostly-true,0,speaker_disjoint_split,0,0.4349800046208096,1,0.5488578300154665
1459.json,ron-paul,barely-true,1,speaker_disjoint_split,0,0.3191663559364142,0,0.38367401418303665
10267.json,tim-kaine,mostly-true,0,speaker_disjoint_split,0,0.47128785016916447,0,0.4530292652811705
9496.json,joe-biden,half-true,0,speaker_disjoint_split,0,0.4651616361429787,0,0.43431884231392914
5943.json,beth-harwell,half-true,0,speaker_disjoint_split,0,0.4499569489954955,0,0.4472948694138882
10850.json,megyn-kelly,half-true,0,speaker_disjoint_split,0,0.463709194077265,0,0.4524581815752967
11390.json,ben-carson,false,1,speaker_disjoint_split,0,0.4803259465456786,0,0.4628748722639808
6819.json,ann-coulter,false,1,speaker_disjoint_split,0,0.456607100623795,0,0.48111697242139095
4290.json,sam-olens,true,0,speaker_disjoint_split,1,0.5171804690405165,0,0.46312412706130396
13492.json,donald-trump,pants-fire,1,speaker_disjoint_split,1,0.5488339911753298,1,0.5322614622901878
7595.json,mark-kelly,true,0,speaker_disjoint_split,0,0.3730302241881563,0,0.42476640450074393
9563.json,scott-walker,mostly-true,0,speaker_disjoint_split,0,0.4812997527507424,0,0.41748588887895055
8641.json,james-carville,mostly-true,0,speaker_disjoint_split,0,0.48505796543428326,0,0.44709502174761584
5261.json,scott-walker,half-true,0,speaker_disjoint_split,0,0.43789727984762417,0,0.4617484398146269
2780.json,robert-brown,true,0,speaker_disjoint_split,0,0.40064883288732384,0,0.38591185277700485
2996.json,louie-gohmert,false,1,speaker_disjoint_split,1,0.539333369442969,0,0.49633442479666756
13394.json,donald-trump,half-true,0,speaker_disjoint_split,0,0.4492371172989944,1,0.5162497467081052
3335.json,scott-walker,true,0,speaker_disjoint_split,1,0.5113600608757345,1,0.5028852562034444
8940.json,lauren-kane,half-true,0,speaker_disjoint_split,0,0.44527240531010437,0,0.4723821023136568
12352.json,donald-trump,false,1,speaker_disjoint_split,0,0.3870648160228026,0,0.42861130188040725
13263.json,bernie-s,half-true,0,speaker_disjoint_split,0,0.4777696471948603,0,0.4750132248126158
12622.json,michael-cohen,pants-fire,1,speaker_disjoint_split,1,0.5219845618168534,1,0.5720430459312243
3675.json,jon-husted,pants-fire,1,speaker_disjoint_split,0,0.4136792959263389,0,0.39826587117000783
12907.json,tim-kaine,half-true,0,speaker_disjoint_split,1,0.5571853082035431,0,0.48958493612095644
11627.json,bernie-s,true,0,speaker_disjoint_split,0,0.4048202093733784,0,0.4838100671638232
10960.json,breitbart,pants-fire,1,speaker_disjoint_split,0,0.4808990739592583,0,0.4589309438729207
3965.json,chris-widener,barely-true,1,speaker_disjoint_split,0,0.42841311485484246,0,0.4057513346107745
12905.json,donald-trump,half-true,0,speaker_disjoint_split,0,0.48818658578584795,1,0.5510253921584266
1221.json,patients-first,barely-true,1,speaker_disjoint_split,1,0.5797372846355071,1,0.5202512093426396
11520.json,ben-carson,false,1,speaker_disjoint_split,1,0.5195334606507657,1,0.5428499933140681
8048.json,bill-foster,mostly-true,0,speaker_disjoint_split,0,0.35332934857719667,0,0.28332005292626844
7854.json,national-republican-congressional-committee,barely-true,1,speaker_disjoint_split,1,0.5818062452997648,1,0.605363936550634
3592.json,online-petition,mostly-true,0,speaker_disjoint_split,0,0.4573723886873671,0,0.402164398464465
13259.json,national-republican-congressional-committee,mostly-true,0,speaker_disjoint_split,1,0.5531943610001789,1,0.5059828377994273
5232.json,ohio-republican-party,true,0,speaker_disjoint_split,0,0.450775472357997,0,0.49921275990974645
13240.json,donald-trump,false,1,speaker_disjoint_split,0,0.48625401834029064,1,0.5319671859919346
4334.json,donna-brazile,mostly-true,0,speaker_disjoint_split,0,0.31748525778696673,0,0.3905147594168686
4493.json,gary-johnson,false,1,speaker_disjoint_split,1,0.5229525310160971,0,0.47354221039876593
4906.json,scott-walker,false,1,speaker_disjoint_split,0,0.4419888047436535,0,0.43996903132952836
13261.json,donald-trump,pants-fire,1,speaker_disjoint_split,0,0.4188543039357358,0,0.4368875927766711
1137.json,david-axelrod,mostly-true,0,speaker_disjoint_split,1,0.5366623153375212,1,0.5200591736951024
1413.json,joe-biden,false,1,speaker_disjoint_split,0,0.44167409064096225,0,0.4572649976934084
838.json,john-mccain,half-true,0,speaker_disjoint_split,0,0.4615578767056914,0,0.43273830207313624
12674.json,mike-turzai,half-true,0,speaker_disjoint_split,1,0.5063995117756867,0,0.48762862613621094
13212.json,donald-trump,mostly-true,0,speaker_disjoint_split,0,0.49119132088981166,1,0.5697430006141528
3964.json,michael-cutler,true,0,speaker_disjoint_split,0,0.3716264301791741,0,0.4043905584707321
6920.json,joe-biden,half-true,0,speaker_disjoint_split,0,0.4478785365071401,0,0.4669168091506929
11756.json,donald-trump,false,1,speaker_disjoint_split,0,0.43086768573701917,0,0.43058930152502595
9817.json,republican-party-florida,half-true,0,speaker_disjoint_split,0,0.470953901558521,0,0.46252136965984403
11039.json,bernie-s,barely-true,1,speaker_disjoint_split,0,0.28879029045247206,0,0.2658494639837665
2007.json,john-mccain,barely-true,1,speaker_disjoint_split,0,0.43912864383324524,1,0.5404048552678858
12513.json,donald-trump,mostly-true,0,speaker_disjoint_split,0,0.4601935949816113,0,0.4928687099117067
3294.json,scott-walker,false,1,speaker_disjoint_split,0,0.43137353518850996,1,0.5839831781268322
13111.json,donald-trump,half-true,0,speaker_disjoint_split,0,0.4415187352831773,0,0.46229783238129707
3729.json,nina-turner,true,0,speaker_disjoint_split,0,0.4528505286442679,0,0.44129886817624775
1249.json,jay-rockefeller,half-true,0,speaker_disjoint_split,0,0.3558501760899664,0,0.3777801878661352
9505.json,scott-walker,false,1,speaker_disjoint_split,1,0.5273122531642871,1,0.5050859740188897
13257.json,katherine-cloonen,pants-fire,1,speaker_disjoint_split,1,0.516820014727769,1,0.554366291521301
5154.json,restore-our-future,half-true,0,speaker_disjoint_split,1,0.5115811091069037,0,0.41541378682668584
4620.json,david-axelrod,mostly-true,0,speaker_disjoint_split,0,0.43533086688653283,0,0.43615254915322105
12124.json,bill-clinton,mostly-true,0,speaker_disjoint_split,0,0.34387249731365865,0,0.29175884553445885
12053.json,donald-trump,false,1,speaker_disjoint_split,0,0.3940518878201262,0,0.38028458621395717
11378.json,carly-fiorina,mostly-true,0,speaker_disjoint_split,1,0.5454536938143877,1,0.5185600152287304
3630.json,state-democratic-party-wisconsin,false,1,speaker_disjoint_split,0,0.48575473443507705,0,0.4199232258274918
12944.json,tim-kaine,true,0,speaker_disjoint_split,0,0.4593569750314069,0,0.4105899065738408
7682.json,texas-state-employees-union,true,0,speaker_disjoint_split,0,0.38105964719865554,0,0.3476895436372472
12302.json,shawn-oconnor,pants-fire,1,speaker_disjoint_split,0,0.45216490066907633,0,0.41560117672963626
4154.json,victoria-jackson,pants-fire,1,speaker_disjoint_split,1,0.526968369859752,1,0.5125588216405308
11204.json,ben-carson,half-true,0,speaker_disjoint_split,0,0.47825411757992087,0,0.4636011203272119
8802.json,scott-walker,mostly-true,0,speaker_disjoint_split,0,0.3668017969374728,0,0.34703808513300805
557.json,john-mccain,false,1,speaker_disjoint_split,0,0.41448063192012186,0,0.47569166141960645
7513.json,bob-bennett,mostly-true,0,speaker_disjoint_split,0,0.4473013498122996,0,0.4584741484977632
5366.json,stephen-sweeney,false,1,speaker_disjoint_split,0,0.4601184924254367,0,0.41471949196197644
12782.json,bill-clinton,mostly-true,0,speaker_disjoint_split,0,0.47129424366337813,0,0.49767944896581257
12491.json,donald-trump,barely-true,1,speaker_disjoint_split,0,0.4665035167797922,0,0.44335021914555633
7576.json,charles-cooper,half-true,0,speaker_disjoint_split,0,0.3970877727758847,0,0.4606001699516807
134.json,john-mccain,true,0,speaker_disjoint_split,0,0.4398217897217187,0,0.45227080495710326
9173.json,nathan-deal,half-true,0,speaker_disjoint_split,0,0.4175678014245295,0,0.3958598004050385
988.json,keith-olbermann,mostly-true,0,speaker_disjoint_split,0,0.48982813886658216,0,0.4842696112135685
11225.json,ben-carson,half-true,0,speaker_disjoint_split,0,0.4165484541541554,0,0.46889556417375045
619.json,john-mccain,false,1,speaker_disjoint_split,1,0.528411278133173,1,0.5585706266544392
9159.json,republican-party-florida,mostly-true,0,speaker_disjoint_split,0,0.4854515579595234,0,0.46522837681035
12339.json,pat-mccrory,pants-fire,1,speaker_disjoint_split,0,0.41128546691014384,0,0.455448821245676
11800.json,glenn-beck,true,0,speaker_disjoint_split,0,0.4971506843866602,1,0.5145133314076731
13497.json,donald-trump,pants-fire,1,speaker_disjoint_split,1,0.531243247584173,0,0.4847307049034555
7265.json,scott-walker,half-true,0,speaker_disjoint_split,0,0.38923218036405444,0,0.42932261835078206
11700.json,donald-trump,false,1,speaker_disjoint_split,1,0.5093065272431563,1,0.5176761090159993
6111.json,debbie-wasserman-schultz,false,1,speaker_disjoint_split,1,0.5189409465864754,1,0.5207555811448699
5133.json,marsha-blackburn,barely-true,1,speaker_disjoint_split,0,0.4993024215854912,0,0.47654231421276533
334.json,john-mccain,mostly-true,0,speaker_disjoint_split,0,0.49821481105060783,0,0.43958259785084836
7365.json,david-cicilline,half-true,0,speaker_disjoint_split,0,0.36153191858796263,0,0.3530258151098756
943.json,john-mccain,true,0,speaker_disjoint_split,0,0.49406806151680266,0,0.41510959482294113
5675.json,republican-governors-association,barely-true,1,speaker_disjoint_split,1,0.5107769222922085,0,0.45191056609157143
12566.json,donald-trump,false,1,speaker_disjoint_split,1,0.5432695813887303,1,0.5692267108584553
12308.json,donald-trump,half-true,0,speaker_disjoint_split,1,0.5570243425281725,1,0.5495042172173161
2239.json,john-stemberger,false,1,speaker_disjoint_split,0,0.45450749609352414,0,0.3793564499997785
11451.json,elton-john,mostly-true,0,speaker_disjoint_split,0,0.4398864057461298,0,0.43009625814565466
1401.json,debra-medina,half-true,0,speaker_disjoint_split,0,0.4734475062555172,0,0.4469499946125454
1611.json,bob-schieffer,false,1,speaker_disjoint_split,0,0.4162533091783259,0,0.4471066529472553
5157.json,judy-manning,pants-fire,1,speaker_disjoint_split,0,0.34649929006609814,0,0.37652805324587235
2408.json,republican-governors-association,barely-true,1,speaker_disjoint_split,1,0.5350685762595796,1,0.522722803080989
671.json,joe-biden,true,0,speaker_disjoint_split,0,0.4281955074406123,0,0.39312515542532117
7277.json,bernie-s,barely-true,1,speaker_disjoint_split,0,0.3422598767275863,0,0.30682053006442356
10118.json,charlie-crist,false,1,speaker_disjoint_split,0,0.39939184564257113,0,0.4137653631058896
12228.json,jan-brewer,barely-true,1,speaker_disjoint_split,0,0.4446966784228959,0,0.48097579088818976
11771.json,bernie-s,barely-true,1,speaker_disjoint_split,1,0.5560973827219405,1,0.5213424431263735
12281.json,unbreakable-kimmy-schmidt,false,1,speaker_disjoint_split,0,0.412110008066998,0,0.38207766458726317
10169.json,color-change,barely-true,1,speaker_disjoint_split,0,0.4757595663231918,0,0.4795079958799818
914.json,joe-barton,true,0,speaker_disjoint_split,1,0.5010397096572657,1,0.5489732287996821
286.json,john-mccain,half-true,0,speaker_disjoint_split,1,0.5114425593045083,0,0.44597159329244035
780.json,john-mccain,true,0,speaker_disjoint_split,0,0.48407234287859424,0,0.45415601638891795
4637.json,stephen-sweeney,half-true,0,speaker_disjoint_split,0,0.3405426543610844,0,0.3330684327476024
9340.json,campaign-liberty,barely-true,1,speaker_disjoint_split,1,0.6045874670614277,0,0.48714840133538745
7102.json,lamar-alexander,false,1,speaker_disjoint_split,0,0.41380899499028956,0,0.39861980578430506
3269.json,lynn-westmoreland,half-true,0,speaker_disjoint_split,0,0.4527603395992433,0,0.42805017693448844
3487.json,karl-rove,false,1,speaker_disjoint_split,0,0.41992272689445903,0,0.4440544352710665
7460.json,nancy-devaney,mostly-true,0,speaker_disjoint_split,0,0.37134590615239177,0,0.3867425273302998
6050.json,nathan-deal,false,1,speaker_disjoint_split,1,0.52533146954575,0,0.44922969338355156
11319.json,ben-carson,pants-fire,1,speaker_disjoint_split,0,0.42735299238766133,0,0.4086036884052204
11085.json,donald-trump,false,1,speaker_disjoint_split,0,0.4728232260251044,0,0.4462685912122283
2213.json,kevin-boyce,true,0,speaker_disjoint_split,0,0.3784257092052333,0,0.4072465499555083
5722.json,susan-combs,pants-fire,1,speaker_disjoint_split,1,0.5200734237392862,0,0.4549649048365106
12242.json,bernie-s,mostly-true,0,speaker_disjoint_split,0,0.4247589902132792,0,0.38666691907760653
7766.json,gilberto-hinojosa,mostly-true,0,speaker_disjoint_split,1,0.5132836174033587,1,0.5056536466906294
12825.json,tim-kaine,true,0,speaker_disjoint_split,0,0.4043974109070063,0,0.4370635750630904
8034.json,scott-walker,mostly-true,0,speaker_disjoint_split,0,0.32863039011239537,0,0.42291380088289926
1306.json,glenn-beck,false,1,speaker_disjoint_split,0,0.44514825179405043,0,0.46435401600958714
2320.json,debbie-wasserman-schultz,barely-true,1,speaker_disjoint_split,1,0.5081333988034029,1,0.5546940254628772
7253.json,club-growth,false,1,speaker_disjoint_split,0,0.4135749387028386,0,0.46364357145822055
2670.json,david-cicilline,mostly-true,0,speaker_disjoint_split,1,0.5214970556895667,0,0.416949859001401
8430.json,florida-stop-common-core-coalition,pants-fire,1,speaker_disjoint_split,1,0.5298718771626726,0,0.4639448466919841
6025.json,scott-walker,half-true,0,speaker_disjoint_split,0,0.48378712669331336,0,0.4413368639280845
5706.json,john-kasich,true,0,speaker_disjoint_split,0,0.36221934773427505,0,0.37925173939947576
4335.json,jonathan-steitz,false,1,speaker_disjoint_split,0,0.44329051095270944,0,0.4934487380433707
7861.json,derek-ryan,true,0,speaker_disjoint_split,0,0.460017144157756,0,0.4546772886875699
5747.json,peter-defazio,true,0,speaker_disjoint_split,0,0.43903561646133765,0,0.48345612319122805
12514.json,nevada-assembly-republican-candidates,false,1,speaker_disjoint_split,0,0.4524526346500534,0,0.43430140152845303
4297.json,susan-combs,false,1,speaker_disjoint_split,1,0.641861607729256,1,0.5323593601491456
10526.json,joe-biden,pants-fire,1,speaker_disjoint_split,0,0.4385920470879613,0,0.440114082950919
13071.json,donald-trump,pants-fire,1,speaker_disjoint_split,0,0.4517087843066103,0,0.42440870181211776
5391.json,texas-democratic-party,true,0,speaker_disjoint_split,0,0.4609227489435338,0,0.4548207213122456
10357.json,louie-gohmert,false,1,speaker_disjoint_split,0,0.48369548474711443,0,0.49070743457534827
11709.json,bernie-s,true,0,speaker_disjoint_split,0,0.31757443646495853,0,0.37929704597784303
6915.json,ohio-republican-party,barely-true,1,speaker_disjoint_split,1,0.523719298565323,1,0.5547048440397735
8952.json,david-cicilline,mostly-true,0,speaker_disjoint_split,0,0.31389252449176724,0,0.35730786954819366
10475.json,megyn-kelly,true,0,speaker_disjoint_split,0,0.4876743422775145,0,0.399806964025291
12289.json,bernie-s,true,0,speaker_disjoint_split,0,0.4444447236508825,0,0.407583083961747
8911.json,oregon-citizens-lobby,false,1,speaker_disjoint_split,0,0.43887185084357455,0,0.39566529663908967
589.json,john-mccain,half-true,0,speaker_disjoint_split,0,0.4933921087856842,0,0.4734483545509579
12664.json,firearms-policy-coalition,barely-true,1,speaker_disjoint_split,0,0.44811715408790326,0,0.3877071579813012
1896.json,donna-brazile,false,1,speaker_disjoint_split,0,0.49723913429230543,0,0.45525905932820104
7553.json,scott-walker,half-true,0,speaker_disjoint_split,0,0.435354093140282,0,0.467094615742983
8222.json,libertarian-party-broward-county,false,1,speaker_disjoint_split,0,0.38624016086303814,0,0.40076936236350647
12544.json,donald-trump,barely-true,1,speaker_disjoint_split,0,0.3331063844686575,0,0.3541327821614421
5464.json,ron-paul,mostly-true,0,speaker_disjoint_split,0,0.38752077442190935,0,0.45019711519101824
6864.json,jim-kyle,false,1,speaker_disjoint_split,0,0.46961357012594473,0,0.49113257090969836
11642.json,donald-trump,pants-fire,1,speaker_disjoint_split,0,0.4814591178318035,1,0.5189066941229378
9352.json,major-garrett,true,0,speaker_disjoint_split,0,0.4757289013710962,0,0.4659360596606124
9371.json,charlie-crist,half-true,0,speaker_disjoint_split,1,0.5093141728036353,0,0.47025971893799623
5804.json,tom-rooney,barely-true,1,speaker_disjoint_split,0,0.41387008375877643,0,0.4858070805479075
6636.json,debbie-wasserman-schultz,pants-fire,1,speaker_disjoint_split,1,0.5080500198967135,1,0.5021575925201645
10154.json,scott-walker,mostly-true,0,speaker_disjoint_split,1,0.511815649187974,0,0.4693525523845803
13201.json,tim-kaine,half-true,0,speaker_disjoint_split,0,0.4725523802951724,0,0.4281303907971067
12746.json,donald-trump,half-true,0,speaker_disjoint_split,0,0.48755510896853316,0,0.4459844282979841
4914.json,club-growth,half-true,0,speaker_disjoint_split,0,0.4830200523788713,0,0.4352798362543643
3822.json,anti-defamation-league,half-true,0,speaker_disjoint_split,0,0.3010900904598699,0,0.4332752104706751
8009.json,larry-elder,false,1,speaker_disjoint_split,1,0.5731939604861659,0,0.4483785192695196
11136.json,bill-oreilly,mostly-true,0,speaker_disjoint_split,0,0.433850301591189,0,0.4625974526197962
13050.json,william-weld,half-true,0,speaker_disjoint_split,0,0.4144757129777325,0,0.46589062712753304
4463.json,new-jersey-sierra-club,half-true,0,speaker_disjoint_split,0,0.37006996993699104,0,0.3802041769142117
13282.json,donald-trump,barely-true,1,speaker_disjoint_split,0,0.49017243603647065,1,0.500549894222403
6996.json,promote-oregon-leadership-pac-oregon-house-republi,barely-true,1,speaker_disjoint_split,0,0.4747900510169354,0,0.4849579543463107
2697.json,jeff-merkley,half-true,0,speaker_disjoint_split,0,0.48493790326441294,0,0.4804309795112511
12333.json,donald-trump,pants-fire,1,speaker_disjoint_split,0,0.4761444854778055,1,0.5446039459677506
2521.json,bob-gibbs,false,1,speaker_disjoint_split,1,0.5579769162871631,1,0.5387129895623122
1316.json,rush-limbaugh,half-true,0,speaker_disjoint_split,0,0.4784306035323661,1,0.5212200358193997
436.json,john-mccain,barely-true,1,speaker_disjoint_split,0,0.4290994139545194,0,0.4185200127153962
4415.json,bill-pascrell,mostly-true,0,speaker_disjoint_split,0,0.3624547973232098,0,0.3492804669857756
4707.json,robert-menendez,false,1,speaker_disjoint_split,0,0.3309020305841311,0,0.32266068488082394
10826.json,scott-walker,false,1,speaker_disjoint_split,0,0.48763241427289467,0,0.4813415352950488
3403.json,john-kasich,true,0,speaker_disjoint_split,0,0.3820911006089061,0,0.3624085248467773
6430.json,american-commitment,barely-true,1,speaker_disjoint_split,1,0.6002249366789676,1,0.6449786947797395
13062.json,donald-trump,mostly-true,0,speaker_disjoint_split,0,0.38320133798014244,0,0.4502716074648447
12091.json,new-hampshire-republican-party,mostly-true,0,speaker_disjoint_split,0,0.44638136448051857,0,0.4360863655424565
6349.json,lights-liberty,barely-true,1,speaker_disjoint_split,0,0.4529431260692477,0,0.49376113379877684
13248.json,william-ruto,false,1,speaker_disjoint_split,0,0.43108878716290205,0,0.3607699499712651
4652.json,eileen-brady,false,1,speaker_disjoint_split,0,0.4505038933732017,0,0.38769285275651555
5411.json,ron-paul,pants-fire,1,speaker_disjoint_split,0,0.3594493314333068,0,0.4029943022845959
1533.json,lamar-alexander,half-true,0,speaker_disjoint_split,0,0.4973311377024681,0,0.4642248580804378
13072.json,tim-kaine,true,0,speaker_disjoint_split,0,0.46374057472081825,0,0.48876248245297105
12941.json,tim-kaine,barely-true,1,speaker_disjoint_split,0,0.49231955112433284,0,0.4740487404816068
9531.json,state-democratic-party-wisconsin,barely-true,1,speaker_disjoint_split,0,0.3409326663156758,0,0.43566842683512674
3872.json,democratic-congressional-campaign-committee,false,1,speaker_disjoint_split,1,0.5209976117432121,1,0.5722501858905905
2632.json,john-kasich,false,1,speaker_disjoint_split,1,0.5108686110529366,0,0.4810045165076686
11591.json,donald-trump,pants-fire,1,speaker_disjoint_split,1,0.553048045655338,1,0.5499027358918999
1050.json,karl-rove,false,1,speaker_disjoint_split,0,0.49273766066736463,0,0.45150953675933214
8513.json,scott-walker,pants-fire,1,speaker_disjoint_split,0,0.3852744686700572,0,0.3698106459956188
634.json,john-mccain,mostly-true,0,speaker_disjoint_split,0,0.46261343041369424,0,0.4882517298006776
12404.json,vote-no-2,half-true,0,speaker_disjoint_split,0,0.41298782003733053,0,0.32559103291022756
13297.json,colorado-citizens-accountable-government,pants-fire,1,speaker_disjoint_split,0,0.4934684692677006,0,0.41579798042796506
5009.json,michael-chippendale,false,1,speaker_disjoint_split,1,0.519435918588745,0,0.4638709480757488
11213.json,bill-clinton,mostly-true,0,speaker_disjoint_split,0,0.48743529768150856,0,0.466073846131452
9870.json,jeanne-shaheen,half-true,0,speaker_disjoint_split,1,0.5159778211961774,0,0.46786708145222566
1770.json,michael-bloomberg,true,0,speaker_disjoint_split,0,0.43363963678350337,0,0.3715656443136226
2648.json,maryellen-oshaughnessy,true,0,speaker_disjoint_split,0,0.4235017489204489,0,0.434940943001843
9439.json,chuck-todd,true,0,speaker_disjoint_split,0,0.42860101331485706,0,0.4763718883750246
751.json,john-mccain,true,0,speaker_disjoint_split,0,0.44948072724460525,0,0.4304742466320582
4028.json,yard-sign,true,0,speaker_disjoint_split,0,0.44794162975111695,0,0.48457198656651607
1173.json,glenn-beck,barely-true,1,speaker_disjoint_split,0,0.47320064759009606,0,0.49990786320918285
2592.json,chris-coons,true,0,speaker_disjoint_split,0,0.3432997519485631,0,0.37219484882850573
4610.json,john-driscoll,barely-true,1,speaker_disjoint_split,0,0.4941432480952169,0,0.49274651682738374
1699.json,charlie-crist,half-true,0,speaker_disjoint_split,1,0.5122706099120795,0,0.49393747691977774
11038.json,chuck-todd,mostly-true,0,speaker_disjoint_split,0,0.2923663681882606,0,0.3207037798378908
11682.json,donald-trump,barely-true,1,speaker_disjoint_split,0,0.49588254143954913,0,0.4371411150655461
2404.json,patrick-lynch,half-true,0,speaker_disjoint_split,1,0.5212933967817474,0,0.41470368855420625
3420.json,nathan-deal,true,0,speaker_disjoint_split,0,0.3209377281375461,0,0.3327284921070931
3407.json,patti-doyle,mostly-true,0,speaker_disjoint_split,0,0.3439065180548643,0,0.35821734466607486
5046.json,judy-shiprack-diane-mckeel,half-true,0,speaker_disjoint_split,0,0.46051046129074263,0,0.4045002650635718
1170.json,arne-duncan,false,1,speaker_disjoint_split,1,0.5249281687035624,0,0.41591317622242663
7075.json,robert-menendez,half-true,0,speaker_disjoint_split,1,0.5011378479842307,0,0.4191140999422316
1655.json,lloyd-doggett,true,0,speaker_disjoint_split,0,0.47307228218396363,0,0.4510507098439874
460.json,john-mccain,barely-true,1,speaker_disjoint_split,1,0.500040690254298,0,0.4586279238834131
7150.json,ken-detzner,mostly-true,0,speaker_disjoint_split,0,0.4255401270008464,0,0.36456847406799303
8956.json,americans-prosperity-georgia-chapter,half-true,0,speaker_disjoint_split,1,0.5246474645289096,1,0.5625386813544079
11650.json,heather-moore,barely-true,1,speaker_disjoint_split,0,0.44233373920943914,0,0.4108882206433195
36.json,john-mccain,barely-true,1,speaker_disjoint_split,0,0.44629685853130874,0,0.4660912522136785
11899.json,bernie-s,true,0,speaker_disjoint_split,0,0.4891170493015045,0,0.4733746706809402
3324.json,scott-walker,mostly-true,0,speaker_disjoint_split,0,0.3499665184111791,0,0.3842774072111308
11452.json,donald-trump,pants-fire,1,speaker_disjoint_split,0,0.4885573844583719,1,0.5590331429544185
10656.json,jess-mcintosh,true,0,speaker_disjoint_split,0,0.47897735635849664,1,0.5256033211413645
11027.json,donald-trump,barely-true,1,speaker_disjoint_split,0,0.3974993209797886,0,0.45675647599568836
11413.json,lynn-westmoreland,false,1,speaker_disjoint_split,0,0.4708360244865317,0,0.4532129244832996
2006.json,jorge-ramos,mostly-true,0,speaker_disjoint_split,0,0.45395714556702577,0,0.4691809302894162
11649.json,joe-donald,mostly-true,0,speaker_disjoint_split,0,0.3721127829492187,0,0.37810990076323603
5477.json,laurie-monnes-anderson,true,0,speaker_disjoint_split,0,0.4163476079233217,0,0.38816219461635443
2546.json,jon-husted,false,1,speaker_disjoint_split,1,0.556996132540872,0,0.49433989106169157
8682.json,charlie-crist,barely-true,1,speaker_disjoint_split,1,0.5333753051634695,1,0.5109752764392933
572.json,john-mccain,barely-true,1,speaker_disjoint_split,0,0.47706727087290834,1,0.5295443317812024
13273.json,donald-trump,false,1,speaker_disjoint_split,0,0.46106459226426616,1,0.5011613540419997
8517.json,charlie-crist,half-true,0,speaker_disjoint_split,0,0.429422459296117,0,0.3775181736831989
12231.json,bernie-s,mostly-true,0,speaker_disjoint_split,0,0.4464846432926517,0,0.36822521536355174
6840.json,robert-menendez,mostly-true,0,speaker_disjoint_split,0,0.47093079716413283,0,0.4957088341740486
8647.json,rush-limbaugh,false,1,speaker_disjoint_split,1,0.5350296167578092,0,0.47825232518998595
3564.json,david-pepper,mostly-true,0,speaker_disjoint_split,0,0.3159480107325795,0,0.4180770498441855
7882.json,wisconsin-institute-law-liberty,true,0,speaker_disjoint_split,1,0.5388872639662778,0,0.4735135156191735
7829.json,greg-walden,barely-true,1,speaker_disjoint_split,0,0.3794892697668492,0,0.4615589664949301
583.json,john-mccain,half-true,0,speaker_disjoint_split,0,0.4914093225765806,0,0.4582162052105764
4582.json,scott-walker,half-true,0,speaker_disjoint_split,0,0.46949680802241756,0,0.49406651412819125
3069.json,scott-walker,false,1,speaker_disjoint_split,0,0.3857198865580532,0,0.35854363298749115
13143.json,donald-trump,false,1,speaker_disjoint_split,1,0.5136503155787796,1,0.5402015932654282
10586.json,scott-walker,false,1,speaker_disjoint_split,0,0.40841857901620005,0,0.4197339291803472
941.json,john-mccain,mostly-true,0,speaker_disjoint_split,1,0.5179491337853065,0,0.4300033289503464
4409.json,jon-huntsman,half-true,0,speaker_disjoint_split,0,0.3854364436403009,0,0.36925306561635857
12755.json,donald-trump,true,0,speaker_disjoint_split,1,0.5139358943799275,1,0.5334054877404841
11976.json,bernie-s,half-true,0,speaker_disjoint_split,0,0.43722848144496573,0,0.4459507147903217
10675.json,trebor-banstetter,mostly-true,0,speaker_disjoint_split,0,0.4038926296220284,0,0.40886680816312176
12815.json,donald-trump,false,1,speaker_disjoint_split,0,0.42725132914923253,0,0.4428928606464233
10907.json,nathan-deal,true,0,speaker_disjoint_split,0,0.4186636871498225,0,0.3663150247410984
628.json,john-mccain,barely-true,1,speaker_disjoint_split,1,0.5700654878291996,1,0.5039788150292301
601.json,john-mccain,half-true,0,speaker_disjoint_split,0,0.20465903916516975,0,0.3886094173237715
1181.json,joe-wilson,false,1,speaker_disjoint_split,1,0.5763293515991161,1,0.5745226001888988
6595.json,callista-gingrich,barely-true,1,speaker_disjoint_split,0,0.4798832930425071,0,0.4458821942788394
283.json,john-mccain,true,0,speaker_disjoint_split,0,0.4349174542107798,0,0.47273070962309943
9824.json,don-lemon,false,1,speaker_disjoint_split,0,0.42686491070699034,0,0.45001443895224275
12315.json,john-kasich,true,0,speaker_disjoint_split,0,0.44421569299720326,0,0.47029184899507515
3973.json,david-axelrod,half-true,0,speaker_disjoint_split,0,0.2954718856038278,0,0.36871361350089066
4065.json,scott-walker,false,1,speaker_disjoint_split,0,0.45987618830930294,0,0.4644043784054322
13121.json,donald-trump,false,1,speaker_disjoint_split,0,0.4755935796335568,1,0.5160889147719532
5208.json,ken-cuccinelli,pants-fire,1,speaker_disjoint_split,0,0.489084008034322,0,0.48254620658320396
12066.json,pat-mccrory,half-true,0,speaker_disjoint_split,1,0.5224361493607611,0,0.46831630802331525
11340.json,common-sense-kids-action,mostly-true,0,speaker_disjoint_split,0,0.3226009984057241,0,0.2985266558225751
1275.json,ann-coulter,half-true,0,speaker_disjoint_split,0,0.4390651875484878,0,0.4407704909111761
11203.json,israel-oquinn,false,1,speaker_disjoint_split,0,0.3364890557589013,0,0.3568397023918817
7267.json,scott-walker,half-true,0,speaker_disjoint_split,0,0.3943696183909055,0,0.3702289883775925
12660.json,state-democratic-party-wisconsin,barely-true,1,speaker_disjoint_split,0,0.4793340050276538,1,0.5068806133435646
254.json,john-mccain,mostly-true,0,speaker_disjoint_split,0,0.4395157854129332,0,0.4689861141404538
1298.json,debbie-wasserman-schultz,mostly-true,0,speaker_disjoint_split,1,0.5247160232279837,1,0.6102920709763048
1117.json,donna-brazile,half-true,0,speaker_disjoint_split,0,0.374491867028305,0,0.41946363868131514
12502.json,john-mccain,mostly-true,0,speaker_disjoint_split,0,0.49098842933448206,1,0.5598281069480643
7774.json,mike-foley,mostly-true,0,speaker_disjoint_split,0,0.4031224510211791,0,0.3865303808229902
1360.json,rush-limbaugh,false,1,speaker_disjoint_split,0,0.4058699987130733,0,0.3973754743252326
4877.json,scott-walker,false,1,speaker_disjoint_split,0,0.3674317626190816,0,0.41662096817072564
11440.json,scott-walker,false,1,speaker_disjoint_split,1,0.569358356969878,1,0.5138799068075212
484.json,john-mccain,false,1,speaker_disjoint_split,1,0.573819757805228,1,0.5290381691573662
8633.json,heritage-foundation,half-true,0,speaker_disjoint_split,1,0.5273815090157867,0,0.4872617430544938
9826.json,truth-accounting,barely-true,1,speaker_disjoint_split,0,0.3518093281679654,0,0.3970175121910354
10643.json,ken-plum,mostly-true,0,speaker_disjoint_split,0,0.44313522375816,0,0.3779241295395053
5767.json,jim-cooper,true,0,speaker_disjoint_split,0,0.3851331397868721,0,0.41363046306924117
1604.json,barbara-cargill,barely-true,1,speaker_disjoint_split,0,0.37977608637524457,0,0.3294274866096735
1757.json,janet-napolitano,mostly-true,0,speaker_disjoint_split,0,0.3578488874709294,0,0.38850056105545144
530.json,john-mccain,mostly-true,0,speaker_disjoint_split,0,0.4504565008417766,0,0.4976864751936327
10520.json,peter-defazio,half-true,0,speaker_disjoint_split,0,0.4208106095419641,1,0.5045609378085489
12102.json,club-growth,false,1,speaker_disjoint_split,1,0.5818546388374489,1,0.5136697821635579
12266.json,donald-trump,false,1,speaker_disjoint_split,0,0.4170280022553563,0,0.4008117403505632
12747.json,donald-trump,mostly-true,0,speaker_disjoint_split,0,0.47251708596770947,1,0.5455627022722016
8524.json,charlie-crist,mostly-true,0,speaker_disjoint_split,0,0.44410496396889165,0,0.4362137885802587
2351.json,jan-brewer,pants-fire,1,speaker_disjoint_split,0,0.45412372053669114,0,0.4890773882794306
9764.json,scott-walker,mostly-true,0,speaker_disjoint_split,0,0.4513039379087511,1,0.5001685165194635
11457.json,donald-trump,false,1,speaker_disjoint_split,1,0.5101320389902491,1,0.5337694509847631
11250.json,bernie-s,true,0,speaker_disjoint_split,0,0.40475063029011493,0,0.4360848326571985
4889.json,ron-paul,barely-true,1,speaker_disjoint_split,1,0.5066945360496767,0,0.4239202032420257
6443.json,peter-defazio,mostly-true,0,speaker_disjoint_split,1,0.513713221180463,0,0.4925062655024465
1463.json,john-mccain,false,1,speaker_disjoint_split,0,0.49823421485391733,0,0.44833062020572234
11534.json,donald-trump,half-true,0,speaker_disjoint_split,0,0.4431854529593806,0,0.4691489755596783
10490.json,susan-shapiro,true,0,speaker_disjoint_split,0,0.39112002212772284,0,0.36831951685663766
6062.json,john-kasich,mostly-true,0,speaker_disjoint_split,0,0.46831533170525147,0,0.4590258289778374
7074.json,steve-lonegan,true,0,speaker_disjoint_split,0,0.4286911203084823,0,0.39389417777442326
2074.json,john-mccain,mostly-true,0,speaker_disjoint_split,0,0.4695432999042118,0,0.4691016820519608
23.json,obama-girl,true,0,speaker_disjoint_split,0,0.46157921981687733,0,0.482218487619754
3310.json,john-kasich,barely-true,1,speaker_disjoint_split,0,0.48822355786640786,0,0.42156005243050987
8410.json,ann-coulter,pants-fire,1,speaker_disjoint_split,1,0.6640831700090571,1,0.6128617379062529
3545.json,roberto-dasilva,mostly-true,0,speaker_disjoint_split,0,0.3798148747526933,0,0.37439412212422213
3521.json,citizens-strong-america,pants-fire,1,speaker_disjoint_split,0,0.47044740741845326,1,0.509164406268114
2241.json,eddie-bernice-johnson,true,0,speaker_disjoint_split,0,0.3075562782606607,0,0.41042143657657526
12111.json,debbie-wasserman-schultz,mostly-true,0,speaker_disjoint_split,0,0.45323860533561067,0,0.4928623311096834
4311.json,jon-huntsman,mostly-true,0,speaker_disjoint_split,0,0.4218469493709688,0,0.45701976966845925
1392.json,hector-uribe,pants-fire,1,speaker_disjoint_split,0,0.4738749056452555,0,0.456854003044205
10985.json,athens-banner-herald,true,0,speaker_disjoint_split,0,0.33517610369793543,0,0.3471679114684749
12459.json,donald-trump,half-true,0,speaker_disjoint_split,1,0.5460920059874907,1,0.5099267734030996
9980.json,republican-party-florida,barely-true,1,speaker_disjoint_split,0,0.3613737586161549,0,0.434340325178394
2529.json,john-robitaille,true,0,speaker_disjoint_split,0,0.34549442412095566,0,0.3698595434037557
13235.json,donald-trump,barely-true,1,speaker_disjoint_split,1,0.517636221801802,0,0.4533994820666218
2383.json,david-axelrod,barely-true,1,speaker_disjoint_split,0,0.4479140607627445,0,0.48038590174939944
9988.json,charlie-crist,half-true,0,speaker_disjoint_split,1,0.5864716675348799,0,0.48083782563812455
4384.json,blog-posting,pants-fire,1,speaker_disjoint_split,0,0.47839883346793444,1,0.5815145326270313
2080.json,joe-biden,half-true,0,speaker_disjoint_split,0,0.4610627623021754,0,0.38945770777890965
8599.json,grady-judd,mostly-true,0,speaker_disjoint_split,0,0.4423080869591615,0,0.37368428086861194
12088.json,bill-oreilly,false,1,speaker_disjoint_split,1,0.5776851817261847,0,0.47097567407313334
8812.json,louie-gohmert,pants-fire,1,speaker_disjoint_split,0,0.4491458426182144,1,0.5177413081110944
8825.json,national-republican-congressional-committee,mostly-true,0,speaker_disjoint_split,0,0.48674687913895487,1,0.5169446948439939
11889.json,donald-trump,half-true,0,speaker_disjoint_split,1,0.5034362987437803,0,0.4532544698050267
10477.json,scott-walker,half-true,0,speaker_disjoint_split,0,0.40841857901620005,0,0.4197339291803472
2088.json,john-kasich,true,0,speaker_disjoint_split,0,0.3964247082801899,0,0.4423278106680465
8844.json,nathan-deal,barely-true,1,speaker_disjoint_split,0,0.46023971131008723,0,0.40441014080507565
11507.json,ben-carson,half-true,0,speaker_disjoint_split,0,0.4064042428465704,0,0.40968888574655254
9321.json,ralph-nader,false,1,speaker_disjoint_split,0,0.48664150249583044,1,0.5037170878111243
7076.json,charlie-crist,barely-true,1,speaker_disjoint_split,0,0.4295441871470579,0,0.40910031449892664
4509.json,john-kasich,barely-true,1,speaker_disjoint_split,0,0.4945514121279917,0,0.4324395137646552
4269.json,sam-olens,true,0,speaker_disjoint_split,0,0.3669776142742559,0,0.4465059839919319
9564.json,sean-spicer,pants-fire,1,speaker_disjoint_split,0,0.44437825736817266,0,0.4531301032465164
4730.json,joe-biden,mostly-true,0,speaker_disjoint_split,0,0.41730354502033795,0,0.4285027795773138
9350.json,larry-pratt,false,1,speaker_disjoint_split,0,0.3933902953563562,0,0.43193678178573014
10494.json,don-beyer,mostly-true,0,speaker_disjoint_split,0,0.34438203700872344,0,0.35929761183946696
4788.json,tim-kaine,false,1,speaker_disjoint_split,0,0.44927888345728484,0,0.4436765317325901
7616.json,john-kasich,true,0,speaker_disjoint_split,0,0.35068750929515674,0,0.3579800119062244
677.json,john-mccain,true,0,speaker_disjoint_split,0,0.44633920327501236,0,0.46540745651011095
7522.json,jeff-tittel,half-true,0,speaker_disjoint_split,0,0.3511892242249254,0,0.478026725890011
12519.json,bernie-s,half-true,0,speaker_disjoint_split,0,0.43021354322954897,0,0.42311523314369487
11999.json,donald-trump,mostly-true,0,speaker_disjoint_split,0,0.38909166160277636,0,0.39581090602608804
8494.json,rush-limbaugh,barely-true,1,speaker_disjoint_split,1,0.568452921978639,0,0.4896468316892088
10877.json,john-mccain,true,0,speaker_disjoint_split,0,0.3931795836805144,0,0.429824063913973
10426.json,carly-fiorina,barely-true,1,speaker_disjoint_split,1,0.522568207102485,0,0.4739338691787762
11202.json,scott-walker,mostly-true,0,speaker_disjoint_split,0,0.4124510049689246,0,0.3910272569260858
12590.json,donald-trump,barely-true,1,speaker_disjoint_split,1,0.5289120575864396,1,0.508209745055206
2216.json,john-kasich,half-true,0,speaker_disjoint_split,0,0.4232403774686248,0,0.4486434063577439
8462.json,nick-gillespie,mostly-true,0,speaker_disjoint_split,0,0.42466696469381454,0,0.42971469740290597
3853.json,bob-graham,barely-true,1,speaker_disjoint_split,0,0.4509570103523832,0,0.46808234517982683
8686.json,republican-party-florida,barely-true,1,speaker_disjoint_split,0,0.35181301602884285,0,0.31897485871235143
12865.json,donald-trump,false,1,speaker_disjoint_split,0,0.463845333329178,1,0.5261266374982769
11483.json,donald-trump,false,1,speaker_disjoint_split,0,0.40355611649077694,0,0.4972295325974141
4164.json,mike-males,mostly-true,0,speaker_disjoint_split,0,0.41234443676114524,0,0.3667216435656801
12918.json,gary-johnson,half-true,0,speaker_disjoint_split,0,0.4015376590485896,0,0.35523663502891606
2952.json,debbie-wasserman-schultz,true,0,speaker_disjoint_split,0,0.33416542750944317,0,0.3832655114975686
12123.json,bernie-s,mostly-true,0,speaker_disjoint_split,0,0.3651301976813465,0,0.35340100660561313
1586.json,charlie-crist,mostly-true,0,speaker_disjoint_split,0,0.4443368513877104,0,0.41816817661998273
11784.json,carly-fiorina,false,1,speaker_disjoint_split,0,0.3909112230865678,0,0.373778748907247
452.json,bill-clinton,pants-fire,1,speaker_disjoint_split,0,0.4909877289336173,0,0.4064844584539046
12629.json,donald-trump,false,1,speaker_disjoint_split,1,0.503586194071752,1,0.5329269720443902
8107.json,tom-cole,mostly-true,0,speaker_disjoint_split,0,0.4600884598027214,0,0.4914567670205319
12874.json,donald-trump,true,0,speaker_disjoint_split,0,0.4919781393986024,1,0.5208066253153042
6075.json,sam-adams,true,0,speaker_disjoint_split,0,0.37435645054787864,0,0.36010657498342996
9684.json,scott-walker,false,1,speaker_disjoint_split,0,0.37757491720660336,0,0.40044268419766493
8665.json,larry-pratt,half-true,0,speaker_disjoint_split,0,0.3633284177808822,0,0.3958191775427742
7898.json,stephen-sweeney,false,1,speaker_disjoint_split,0,0.35794151229082133,0,0.3960832072694622
12531.json,donald-trump,mostly-true,0,speaker_disjoint_split,0,0.41022406457441435,0,0.42119446953374934
8281.json,mayors-against-illegal-guns,half-true,0,speaker_disjoint_split,0,0.39140604008660174,0,0.3442219095748756
4470.json,nathan-deal,true,0,speaker_disjoint_split,0,0.44137889497337335,0,0.3713047878296172
12452.json,bernie-s,mostly-true,0,speaker_disjoint_split,0,0.49677807085768955,0,0.47700773239856953
12568.json,donald-trump,false,1,speaker_disjoint_split,1,0.5616883642472994,1,0.5811276236333941
4478.json,scott-walker,pants-fire,1,speaker_disjoint_split,0,0.3692664288394314,0,0.3776971803823353
11821.json,john-mccain,mostly-true,0,speaker_disjoint_split,0,0.440956871231242,0,0.40292488536070314
1193.json,karl-rove,half-true,0,speaker_disjoint_split,1,0.5422912824998246,1,0.5062823997463426
11045.json,blog-posting,pants-fire,1,speaker_disjoint_split,0,0.4968787013968459,1,0.5523423225907177
4377.json,blog-posting,pants-fire,1,speaker_disjoint_split,0,0.47239899343333647,1,0.5940623975487808
10845.json,alex-mcmurtrie-jr,false,1,speaker_disjoint_split,0,0.47742265515938437,0,0.4723636517539014
11095.json,scott-walker,barely-true,1,speaker_disjoint_split,0,0.49615615069485514,0,0.46074106785297103
8783.json,lloyd-doggett,true,0,speaker_disjoint_split,0,0.42959530310517935,0,0.4496066274521868
5858.json,eileen-brady,true,0,speaker_disjoint_split,0,0.4686411368917198,0,0.46563987665406537
13476.json,blog-posting,false,1,speaker_disjoint_split,0,0.49123322840765,1,0.5547025325222594
13307.json,donald-trump,false,1,speaker_disjoint_split,0,0.4593936511535583,0,0.480530288847284
12772.json,bernie-s,mostly-true,0,speaker_disjoint_split,0,0.35922436756333753,0,0.40001665508301854
7262.json,college-presidents,mostly-true,0,speaker_disjoint_split,0,0.37119656836590215,0,0.40954886035179966
9474.json,rush-limbaugh,false,1,speaker_disjoint_split,0,0.4254496979833556,0,0.45103442222760287
2456.json,scott-walker,half-true,0,speaker_disjoint_split,0,0.3894970507784394,0,0.3683328473577979
2896.json,angel-taveras,mostly-true,0,speaker_disjoint_split,0,0.48639448976336447,0,0.4332687343045412
12081.json,donald-trump,false,1,speaker_disjoint_split,0,0.42399699071318847,1,0.5125292878591696
11896.json,donald-trump,pants-fire,1,speaker_disjoint_split,0,0.3453112040591122,0,0.3680344267467504
10771.json,tim-kaine,barely-true,1,speaker_disjoint_split,0,0.32555444749494666,0,0.32605935728202945
3178.json,ron-paul,pants-fire,1,speaker_disjoint_split,1,0.510270505811583,0,0.48789308143665494
273.json,john-mccain,false,1,speaker_disjoint_split,0,0.4648713770695604,0,0.4754193825030647
8142.json,jeff-merkley,mostly-true,0,speaker_disjoint_split,0,0.3074947244228484,0,0.3067544561993294
564.json,john-mccain,mostly-true,0,speaker_disjoint_split,0,0.47711010697292133,0,0.43523230332100105
4675.json,new-jersey-democratic-state-committee,barely-true,1,speaker_disjoint_split,0,0.47122201911159606,0,0.4480983915065028
11535.json,ben-carson,mostly-true,0,speaker_disjoint_split,0,0.4326083655515631,0,0.4864737435826296
8980.json,scott-walker,false,1,speaker_disjoint_split,0,0.4501589967618342,0,0.44926874129233324
10364.json,peter-feigin,false,1,speaker_disjoint_split,0,0.410567424308648,0,0.3860282903259471
13276.json,donald-trump,pants-fire,1,speaker_disjoint_split,0,0.42438123464017635,0,0.4895879143114009
1597.json,citizens-lower-taxes-and-stronger-economy,half-true,0,speaker_disjoint_split,0,0.44371573660279684,0,0.4517023991618915
13427.json,donald-trump,false,1,speaker_disjoint_split,0,0.489050133181113,0,0.470906543367065
10958.json,bernie-s,mostly-true,0,speaker_disjoint_split,0,0.3757168554780971,0,0.31857862358807604
3198.json,bill-oreilly,true,0,speaker_disjoint_split,1,0.569388003749394,0,0.49347283994613766
11979.json,bernie-s,barely-true,1,speaker_disjoint_split,0,0.37861361253348025,0,0.3782559400204709
11022.json,donna-brazile,mostly-true,0,speaker_disjoint_split,0,0.3903118623198963,0,0.3710824129907692
3247.json,whoopi-goldberg,half-true,0,speaker_disjoint_split,0,0.41098531799419297,0,0.393803255511164
11309.json,donald-trump,barely-true,1,speaker_disjoint_split,1,0.5130956643045942,0,0.4950404102144579
10934.json,pamela-geller,half-true,0,speaker_disjoint_split,0,0.4973067581633974,1,0.5109609512487091
448.json,john-mccain,barely-true,1,speaker_disjoint_split,0,0.4520258245995212,0,0.4636459085119257
5359.json,restore-our-future,pants-fire,1,speaker_disjoint_split,0,0.4747544698313416,0,0.4499352473656324
1987.json,ron-klein,false,1,speaker_disjoint_split,1,0.508914943713916,1,0.5045035461052472
6825.json,promote-oregon-leadership-pac-oregon-house-republi,half-true,0,speaker_disjoint_split,0,0.46636654789794846,0,0.4862865094047305
127.json,joe-biden,half-true,0,speaker_disjoint_split,0,0.4350152676845791,0,0.40374681458966455
5173.json,arne-duncan,mostly-true,0,speaker_disjoint_split,0,0.4244151233532114,0,0.43527346982325116
12232.json,john-kasich,mostly-true,0,speaker_disjoint_split,0,0.44183067210305926,0,0.40989053646359375
946.json,john-mccain,false,1,speaker_disjoint_split,0,0.44017393235731517,0,0.44046030003289316
6961.json,oregon-senate-republicans,mostly-true,0,speaker_disjoint_split,0,0.45605163884858,0,0.4821704617392665
6631.json,kathleen-sebelius,half-true,0,speaker_disjoint_split,0,0.4766867887869568,1,0.5737790451749298
2285.json,sam-rashid,barely-true,1,speaker_disjoint_split,0,0.4127309609184018,0,0.378884891846581
12536.json,david-beckham,true,0,speaker_disjoint_split,0,0.418476411003591,0,0.3977580279804445
7860.json,keith-faber,true,0,speaker_disjoint_split,0,0.33582020924219663,0,0.3656251921103079
1949.json,vern-buchanan,true,0,speaker_disjoint_split,0,0.41685483259987643,0,0.442242949464042
3602.json,jeff-cogen,half-true,0,speaker_disjoint_split,0,0.41197012776009356,0,0.46071768689549025
12299.json,john-kirby,false,1,speaker_disjoint_split,1,0.5277532776990277,1,0.5010888071727478
7400.json,ed-fallone,false,1,speaker_disjoint_split,0,0.39859617616228393,0,0.41211722369635956
783.json,john-mccain,true,0,speaker_disjoint_split,0,0.4844076877433946,1,0.5190568877140638
3549.json,donald-trump,false,1,speaker_disjoint_split,0,0.4986398263023892,1,0.50961673383083
10006.json,republican-party-florida,barely-true,1,speaker_disjoint_split,1,0.5437554094715096,1,0.5066769472242286
13353.json,donald-trump,barely-true,1,speaker_disjoint_split,1,0.5000635751542571,1,0.5079506927653085
12173.json,don-beyer,mostly-true,0,speaker_disjoint_split,0,0.4992839635716539,0,0.4675038609971835
3353.json,john-kasich,true,0,speaker_disjoint_split,0,0.3322583473666241,0,0.34338467522678756
1614.json,orrin-hatch,true,0,speaker_disjoint_split,0,0.37578387903627947,0,0.4655017960454707
6569.json,artur-davis,barely-true,1,speaker_disjoint_split,1,0.5682882826542273,1,0.6076599724793089
9205.json,gary-peters,half-true,0,speaker_disjoint_split,1,0.5184322533741574,0,0.46081694932954337
7883.json,dave-joyce,true,0,speaker_disjoint_split,1,0.5716356516720946,1,0.5612474769634674
7205.json,deepwater-wind,true,0,speaker_disjoint_split,0,0.3483778214960674,0,0.37047111658818105
9397.json,john-mccain,mostly-true,0,speaker_disjoint_split,0,0.43613975093251756,0,0.467655953106875
8515.json,republican-party-florida,barely-true,1,speaker_disjoint_split,0,0.4625136610394596,0,0.4964772717357405
6954.json,democratic-congressional-campaign-committee,barely-true,1,speaker_disjoint_split,1,0.5006368248523952,0,0.45946435785788386
1602.json,annise-parker,half-true,0,speaker_disjoint_split,0,0.3741421435351083,0,0.3061681231505194
11673.json,charlotte-nash,true,0,speaker_disjoint_split,0,0.3978388196524493,0,0.3620660197270281
9611.json,blog-posting,pants-fire,1,speaker_disjoint_split,0,0.38971819957606224,0,0.4607143793727211
11107.json,club-growth,true,0,speaker_disjoint_split,1,0.544646781065601,0,0.4812973902195284
8284.json,se-cupp,half-true,0,speaker_disjoint_split,0,0.43646836746248463,0,0.3790020018639555
12059.json,bernie-s,true,0,speaker_disjoint_split,0,0.389488780648903,0,0.3783565359453649
12386.json,minka-kelly,half-true,0,speaker_disjoint_split,0,0.41687607180629127,0,0.40745566758560403
676.json,john-mccain,false,1,speaker_disjoint_split,0,0.49292080132211424,0,0.4917229567187244
12753.json,donald-trump,mostly-true,0,speaker_disjoint_split,0,0.4344857712269641,0,0.4826512257784053
3248.json,john-kasich,mostly-true,0,speaker_disjoint_split,0,0.37878610000534324,0,0.34016272871499376
2336.json,scott-walker,barely-true,1,speaker_disjoint_split,0,0.4513803145552477,1,0.5162708693474746
5446.json,national-republican-congressional-committee,half-true,0,speaker_disjoint_split,0,0.45744413045759125,1,0.5121454903165297
7020.json,republican-governors-association,barely-true,1,speaker_disjoint_split,1,0.5427379592748087,1,0.5298735085493024
950.json,tom-coburn,false,1,speaker_disjoint_split,1,0.6453960659539711,1,0.6233641779543103
2927.json,randy-leonard,barely-true,1,speaker_disjoint_split,0,0.4452534235223294,0,0.45519810769805275
12139.json,pat-mccrory,half-true,0,speaker_disjoint_split,1,0.528949701010521,1,0.5136592664073727
11179.json,donald-trump,false,1,speaker_disjoint_split,0,0.45394285451148375,0,0.4564393466222023
4459.json,david-cicilline,true,0,speaker_disjoint_split,0,0.37543131927218437,0,0.44266113605054064
3655.json,donald-trump,pants-fire,1,speaker_disjoint_split,0,0.4423760951645866,1,0.5303844824337265
5537.json,john-kasich,half-true,0,speaker_disjoint_split,0,0.3348480643115085,0,0.33060026763453787
12711.json,tim-kaine,barely-true,1,speaker_disjoint_split,0,0.40367825458225504,0,0.3943661840724124
9134.json,heather-mcghee,barely-true,1,speaker_disjoint_split,0,0.36448852692345374,0,0.38119118416995845
10195.json,leonard-pitts-jr,half-true,0,speaker_disjoint_split,0,0.45027615224606676,0,0.45056593253952365
1397.json,karl-rove,half-true,0,speaker_disjoint_split,0,0.3812809532402378,0,0.47862364679050723
11329.json,carly-fiorina,mostly-true,0,speaker_disjoint_split,0,0.3988734835867418,0,0.40485588855966903
4015.json,democratic-congressional-campaign-committee,barely-true,1,speaker_disjoint_split,1,0.558811349038248,1,0.5700374497065862
5298.json,armond-budish,true,0,speaker_disjoint_split,0,0.4474462355864771,0,0.4646762690771558
45.json,bill-richardson,pants-fire,1,speaker_disjoint_split,0,0.444338158665694,0,0.4020364592957238
10752.json,texas-organizing-project,true,0,speaker_disjoint_split,0,0.33503422796292104,0,0.3353534402397591
12032.json,john-kasich,half-true,0,speaker_disjoint_split,0,0.1421066358603879,0,0.29061089970595894
10775.json,rush-limbaugh,barely-true,1,speaker_disjoint_split,0,0.39010758558540204,0,0.43278988157261317
1030.json,colin-powell,half-true,0,speaker_disjoint_split,0,0.43224439815837845,0,0.4048458731783542
5711.json,elizabeth-ames-jones,barely-true,1,speaker_disjoint_split,0,0.44453891741407425,0,0.47646717184123416
11397.json,john-stemberger,false,1,speaker_disjoint_split,1,0.5450191025621492,0,0.4991819775316592
11790.json,john-cortes,true,0,speaker_disjoint_split,0,0.4726540560973828,0,0.49859365433790204
9792.json,john-padgett,true,0,speaker_disjoint_split,0,0.4660472536477268,0,0.4173766613920954
1058.json,ann-coulter,barely-true,1,speaker_disjoint_split,1,0.5225835537821902,1,0.5489945883413728
8912.json,charlie-crist,true,0,speaker_disjoint_split,0,0.43864255064921515,0,0.405486820661686
824.json,john-mccain,half-true,0,speaker_disjoint_split,1,0.5524205759406078,1,0.6016527565734041
10792.json,jim-lampley,pants-fire,1,speaker_disjoint_split,0,0.3208392916120484,0,0.38012197275352255
5407.json,bill-pascrell,false,1,speaker_disjoint_split,0,0.3802455948272609,0,0.434112987424253
11991.json,bernie-s,mostly-true,0,speaker_disjoint_split,0,0.35768262043884586,0,0.3806660554602135
7457.json,carolyn-medeiros,barely-true,1,speaker_disjoint_split,0,0.4335899456703967,0,0.42163066139794536
13348.json,debbie-wasserman-schultz,false,1,speaker_disjoint_split,0,0.4910464356458586,1,0.5558183909968917
13461.json,blog-posting,pants-fire,1,speaker_disjoint_split,0,0.43619329340764507,0,0.43905150827840744
1188.json,thomas-sowell,false,1,speaker_disjoint_split,1,0.5135878914408643,1,0.5079351484760197
797.json,john-mccain,false,1,speaker_disjoint_split,1,0.5349862994955152,1,0.5187697096879035
2304.json,arne-duncan,half-true,0,speaker_disjoint_split,0,0.2763282171583957,0,0.32441074689222904
7609.json,jeff-tittel,pants-fire,1,speaker_disjoint_split,0,0.48363787980639783,1,0.5043473754249937
9085.json,matt-damon,half-true,0,speaker_disjoint_split,0,0.4102698675276808,0,0.4238874869586543
8221.json,john-mccain,true,0,speaker_disjoint_split,0,0.44147419720582337,0,0.4511020582581866
4775.json,bill-clinton,half-true,0,speaker_disjoint_split,0,0.4532715800945921,0,0.43712055012143475
8522.json,steve-leslie,mostly-true,0,speaker_disjoint_split,0,0.4310094729363566,0,0.3998036628905689
12974.json,gary-johnson,false,1,speaker_disjoint_split,0,0.4212628418265757,0,0.4158416048360312
13018.json,alex-castellanos,barely-true,1,speaker_disjoint_split,0,0.4545553182003412,1,0.5935690004852602
1832.json,carly-fiorina,false,1,speaker_disjoint_split,0,0.4345462713573719,0,0.46686243013079914
3290.json,florida-department-corrections-worker,mostly-true,0,speaker_disjoint_split,0,0.39549785641838403,0,0.38146619230934947
6020.json,lisa-blais,barely-true,1,speaker_disjoint_split,0,0.4492506933803197,0,0.48485406753451327
10836.json,thomas-perez,half-true,0,speaker_disjoint_split,0,0.37735333774158575,0,0.38255164275946235
11067.json,scott-walker,mostly-true,0,speaker_disjoint_split,1,0.5051201279139306,0,0.48921029193304705
8007.json,robert-menendez,mostly-true,0,speaker_disjoint_split,1,0.5082678957705155,0,0.49639998424199844
3193.json,scott-walker,true,0,speaker_disjoint_split,0,0.3922505477688994,0,0.43898176741162304
3756.json,janet-napolitano,pants-fire,1,speaker_disjoint_split,0,0.38123898964108593,0,0.4038983104800558
3140.json,oregon-senate-republicans,barely-true,1,speaker_disjoint_split,0,0.4113936621661439,0,0.4067711301520321
6082.json,john-kasich,mostly-true,0,speaker_disjoint_split,0,0.34307695438840446,0,0.3321950877889558
12767.json,corey-stewart,barely-true,1,speaker_disjoint_split,1,0.5355465696530292,0,0.4629775642399291
8657.json,daniel-mckee,mostly-true,0,speaker_disjoint_split,0,0.37839112925868135,0,0.34436981880363277
6278.json,debbie-wasserman-schultz,mostly-true,0,speaker_disjoint_split,0,0.3329717951563515,0,0.395608013004615
2839.json,atlanta-sports-council,false,1,speaker_disjoint_split,0,0.4072246436080937,0,0.39116517067083584
2471.json,susan-latvala,false,1,speaker_disjoint_split,0,0.3580171279634488,0,0.36640334830965915
3707.json,gary-johnson,mostly-true,0,speaker_disjoint_split,0,0.17701424467131827,0,0.3053964176994209
4.json,bill-richardson,mostly-true,0,speaker_disjoint_split,0,0.3850509618806953,0,0.4121065004665329
3344.json,scott-walker,false,1,speaker_disjoint_split,0,0.408354199356663,0,0.38302676186995244
10651.json,blog-posting,barely-true,1,speaker_disjoint_split,1,0.5388897252931636,1,0.6158552285502551
13105.json,gary-johnson,mostly-true,0,speaker_disjoint_split,0,0.3405979380807535,0,0.3839882974520789
2532.json,scott-walker,true,0,speaker_disjoint_split,0,0.440498209954948,0,0.4484739469367419
7028.json,tim-kaine,mostly-true,0,speaker_disjoint_split,0,0.4338168806649348,0,0.3847204137708339
3936.json,wisconsin-humane-society,mostly-true,0,speaker_disjoint_split,0,0.4685270687877161,0,0.41064457974433677
9901.json,connie-stokes,half-true,0,speaker_disjoint_split,0,0.4137975336489811,0,0.3647955589050668
13088.json,tim-kaine,mostly-true,0,speaker_disjoint_split,0,0.47468308980309304,0,0.43782319098890937
11007.json,bernie-s,half-true,0,speaker_disjoint_split,0,0.42842244150782416,0,0.46346292934164673
9066.json,kathleen-sebelius,barely-true,1,speaker_disjoint_split,0,0.45475304981514164,0,0.46909255463220945
495.json,john-mccain,true,0,speaker_disjoint_split,1,0.5503770042218865,0,0.4911819350762934
10395.json,scott-walker,half-true,0,speaker_disjoint_split,0,0.4585356677191854,0,0.4636511777004586
1709.json,charlie-crist,half-true,0,speaker_disjoint_split,1,0.5446249923349462,0,0.4900376566036994
2452.json,republican-governors-association,pants-fire,1,speaker_disjoint_split,1,0.5200476880735109,1,0.511827860142909
13266.json,donald-trump,barely-true,1,speaker_disjoint_split,0,0.3429037818083341,0,0.3808681608362521
3543.json,stefani-carter,half-true,0,speaker_disjoint_split,0,0.35974917686357616,0,0.37051603007597156
11803.json,donald-trump,false,1,speaker_disjoint_split,0,0.48477614283399406,1,0.5248756396144053
12188.json,bernie-s,false,1,speaker_disjoint_split,0,0.41419572633296425,0,0.4912009470898162
13393.json,national-republican-congressional-committee,barely-true,1,speaker_disjoint_split,0,0.4617144663453711,0,0.45846105048673025
6815.json,lois-frankel,barely-true,1,speaker_disjoint_split,0,0.4060964172378293,1,0.5189524977388584
9839.json,scott-walker,mostly-true,0,speaker_disjoint_split,0,0.3670662066925965,0,0.36609243319792356
2077.json,yvette-mcgee-brown,true,0,speaker_disjoint_split,0,0.40429725788827897,0,0.35825323272171866
8298.json,dennis-richardson,false,1,speaker_disjoint_split,0,0.43089847151144217,0,0.36880205991438103
11354.json,ben-carson,barely-true,1,speaker_disjoint_split,0,0.4109597928414792,0,0.4303636455889071
8767.json,kathleen-vinehout,mostly-true,0,speaker_disjoint_split,0,0.43817041603364176,0,0.38722576684630833
44.json,bill-richardson,mostly-true,0,speaker_disjoint_split,0,0.43766094351468615,0,0.433830969609813
11763.json,david-sweetser,true,0,speaker_disjoint_split,0,0.35702374037659373,0,0.34526700344390787
987.json,rush-limbaugh,false,1,speaker_disjoint_split,1,0.5490090638930664,1,0.5294222386787868
9579.json,charlie-crist,mostly-true,0,speaker_disjoint_split,0,0.47489464066039405,0,0.46737088379223574
6746.json,restore-our-future,barely-true,1,speaker_disjoint_split,0,0.3607798221175371,0,0.4095672305236605
9331.json,dan-patrick,false,1,speaker_disjoint_split,1,0.5514045506775676,1,0.5454525810577552
10109.json,no-tax-tracks,false,1,speaker_disjoint_split,0,0.43933054079418354,0,0.49455637007503966
6364.json,club-growth,barely-true,1,speaker_disjoint_split,0,0.4856852599256917,1,0.5032974193798517
11739.json,donald-trump,barely-true,1,speaker_disjoint_split,0,0.3539179400034279,0,0.42191033991859295
10045.json,nik-kovac,false,1,speaker_disjoint_split,0,0.37333060634508963,0,0.4051667485378918
4697.json,blog-posting,false,1,speaker_disjoint_split,0,0.4692922168871105,1,0.524912364122324
7832.json,bryan-long,half-true,0,speaker_disjoint_split,0,0.38798060829159325,0,0.40578828335204487
5648.json,lynn-westmoreland,half-true,0,speaker_disjoint_split,0,0.4454597368509834,0,0.3787250759417555
7672.json,blog-posting,false,1,speaker_disjoint_split,0,0.49472586132364244,1,0.5571454204094339
9027.json,scott-walker,true,0,speaker_disjoint_split,0,0.3643083105948958,0,0.43472768639038983
6641.json,bill-clinton,true,0,speaker_disjoint_split,0,0.3458057517810418,0,0.36276103521314584
7932.json,blog-posting,false,1,speaker_disjoint_split,0,0.2819682664393095,0,0.36683390338275146
11961.json,donald-trump,false,1,speaker_disjoint_split,0,0.48466139846742734,1,0.5136170325107406
2463.json,tom-nelson,false,1,speaker_disjoint_split,0,0.4674005953737788,1,0.5259230455482271
430.json,focus-family-action,false,1,speaker_disjoint_split,1,0.545096457127406,1,0.5387362836228948
974.json,arlen-specter,mostly-true,0,speaker_disjoint_split,1,0.5542178314431828,0,0.46154365442516904
7870.json,scott-walker,half-true,0,speaker_disjoint_split,0,0.3260895367026901,0,0.3465410695723436
425.json,john-mccain,false,1,speaker_disjoint_split,1,0.5076259758587872,0,0.48629550460695625
10802.json,ben-carson,false,1,speaker_disjoint_split,0,0.331243323540376,0,0.38992293895374464
9070.json,no-tax-tracks,false,1,speaker_disjoint_split,0,0.4224048241007133,0,0.4188598615096833
10026.json,charlie-crist,mostly-true,0,speaker_disjoint_split,1,0.5108167546805835,1,0.5088967002863138
3556.json,saxby-chambliss,mostly-true,0,speaker_disjoint_split,0,0.30472213066754505,0,0.31234810244738126
11392.json,dan-patrick,pants-fire,1,speaker_disjoint_split,0,0.33481361612548993,0,0.40898106971723197
12161.json,donald-trump,false,1,speaker_disjoint_split,0,0.4420826452211083,0,0.49117242219246543
13091.json,libre-initiative,mostly-true,0,speaker_disjoint_split,1,0.5098327392551242,0,0.4892215959210708
4785.json,robert-hagan,mostly-true,0,speaker_disjoint_split,0,0.377191373937312,0,0.36883836353514793
2260.json,national-republican-congressional-committee,half-true,0,speaker_disjoint_split,0,0.4890119820914339,0,0.448203126048766
9011.json,john-bolton,mostly-true,0,speaker_disjoint_split,0,0.3945118542973357,0,0.48689854855599646
2998.json,dean-cannon,true,0,speaker_disjoint_split,0,0.4007478757762928,0,0.41605454787054724
11953.json,donald-trump,false,1,speaker_disjoint_split,0,0.3505012231530415,0,0.42095877591568814
5296.json,democratic-congressional-campaign-committee,pants-fire,1,speaker_disjoint_split,0,0.4257481033757933,0,0.47376397366156675
1605.json,republican-party-florida,pants-fire,1,speaker_disjoint_split,1,0.6131904420685409,1,0.5855311061934325
3315.json,christopher-peace,false,1,speaker_disjoint_split,0,0.4789253734306602,0,0.49342096515776146
7710.json,susan-b-anthony-list,pants-fire,1,speaker_disjoint_split,1,0.5056062829844851,0,0.4399086672260871
8349.json,debbie-wasserman-schultz,mostly-true,0,speaker_disjoint_split,0,0.33271654841630116,0,0.410478563532171
10684.json,scott-walker,true,0,speaker_disjoint_split,0,0.43810178924934406,0,0.4906841427491378
4324.json,arne-duncan,false,1,speaker_disjoint_split,0,0.4765182679965704,0,0.4260842781964985
12458.json,donald-trump,pants-fire,1,speaker_disjoint_split,0,0.4664270903898482,0,0.485618378592336
807.json,john-mccain,mostly-true,0,speaker_disjoint_split,0,0.45276911816220733,0,0.4185991901879734
8954.json,dan-branch,half-true,0,speaker_disjoint_split,0,0.48878621609406897,1,0.5707516314840243
13193.json,tim-kaine,true,0,speaker_disjoint_split,0,0.37984932828206847,0,0.3688539984955605
3077.json,john-kasich,true,0,speaker_disjoint_split,0,0.4582219334032856,0,0.4528656573440336
6441.json,new-jersey-democratic-state-committee,half-true,0,speaker_disjoint_split,0,0.3893248881282529,0,0.36943640911210124
9772.json,republican-party-florida,true,0,speaker_disjoint_split,0,0.4530454531539299,0,0.4573192329485156
1311.json,charlie-crist,false,1,speaker_disjoint_split,0,0.44234141595580817,0,0.42887705202474175
7079.json,saxby-chambliss,mostly-true,0,speaker_disjoint_split,0,0.28480112425488874,0,0.3276395723596194
11977.json,donald-trump,false,1,speaker_disjoint_split,0,0.4295573715137027,1,0.5084605895737715
11936.json,donald-trump,mostly-true,0,speaker_disjoint_split,0,0.3974424431617821,0,0.48695577672845436
706.json,john-mccain,pants-fire,1,speaker_disjoint_split,0,0.49821890189204654,0,0.4994667623735007
11190.json,scott-walker,mostly-true,0,speaker_disjoint_split,0,0.4685991764290635,0,0.43276168659515646
11531.json,bernie-s,false,1,speaker_disjoint_split,0,0.4504274514770746,0,0.41087740668592665
6611.json,anthony-gemma,pants-fire,1,speaker_disjoint_split,0,0.42058259820447885,0,0.41543719758638753
12380.json,ken-cuccinelli,mostly-true,0,speaker_disjoint_split,0,0.39104106250114123,0,0.4192769268228371
10737.json,charlie-bethel,half-true,0,speaker_disjoint_split,0,0.3583451460330812,0,0.3977384205087751
13312.json,donald-trump,false,1,speaker_disjoint_split,0,0.4385464446472056,0,0.48809899552084923
26.json,john-mccain,mostly-true,0,speaker_disjoint_split,0,0.4462025306932143,0,0.48615488609339075
9664.json,scott-walker,mostly-true,0,speaker_disjoint_split,0,0.4173780500776737,0,0.3963780404065993
13446.json,ohio-republican-party,barely-true,1,speaker_disjoint_split,0,0.4707752810451327,1,0.533361726921861
4569.json,steve-lonegan,false,1,speaker_disjoint_split,0,0.48950269747910197,0,0.4506297476211627
8581.json,pat-mccrory,barely-true,1,speaker_disjoint_split,0,0.4177769891158495,0,0.453776818987482
13518.json,donald-trump,half-true,0,speaker_disjoint_split,0,0.4760358198414945,0,0.4994531855302483
11008.json,donald-trump,false,1,speaker_disjoint_split,0,0.4508104195034795,1,0.5575902445856943
10545.json,blog-posting,barely-true,1,speaker_disjoint_split,0,0.44080287388063666,1,0.5355084147609724
3446.json,david-cicilline,barely-true,1,speaker_disjoint_split,0,0.4660247458234139,0,0.3472114935828771
3086.json,nathan-deal,mostly-true,0,speaker_disjoint_split,1,0.5229313104272173,1,0.5101384752128036
10955.json,donald-trump,barely-true,1,speaker_disjoint_split,0,0.4361933729411737,0,0.3952132710997667
10441.json,scott-walker,pants-fire,1,speaker_disjoint_split,0,0.4590715547866555,1,0.5129574510255529
10047.json,jeanne-shaheen,barely-true,1,speaker_disjoint_split,1,0.5195610849695302,1,0.500440317258856
9544.json,no-tax-tracks,half-true,0,speaker_disjoint_split,0,0.4480895113202494,0,0.4132744374385681
9064.json,karl-rove,mostly-true,0,speaker_disjoint_split,0,0.40923328708252227,0,0.45211990443204514
11088.json,donald-trump,barely-true,1,speaker_disjoint_split,0,0.40897581810890155,0,0.47309791047169225
3509.json,joanne-kloppenburg,pants-fire,1,speaker_disjoint_split,0,0.49680432352433507,0,0.48764444119821165
1112.json,bill-pascrell,half-true,0,speaker_disjoint_split,0,0.3632517096731669,0,0.44583896268783446
8652.json,bill-oreilly,false,1,speaker_disjoint_split,1,0.5102915811424841,0,0.45901463162936296
2942.json,scott-walker,barely-true,1,speaker_disjoint_split,0,0.4946274025562286,0,0.4735108145610911
9840.json,megyn-kelly,true,0,speaker_disjoint_split,0,0.4236481818480711,0,0.4047537617586194
7597.json,kirk-watson,true,0,speaker_disjoint_split,0,0.45758481732209505,0,0.4051864483270644
6093.json,robert-menendez,false,1,speaker_disjoint_split,0,0.4361016990243026,0,0.4709041293796802
768.json,joe-biden,barely-true,1,speaker_disjoint_split,0,0.3841470750093379,0,0.457483884682375
11897.json,bernie-s,mostly-true,0,speaker_disjoint_split,0,0.4146173581502612,0,0.4333143214796726
12306.json,donald-trump,false,1,speaker_disjoint_split,0,0.44963977635701413,0,0.46722056260326256
1453.json,franklin-sands,half-true,0,speaker_disjoint_split,0,0.2173692124790682,0,0.3059879944020677
11558.json,carly-fiorina,pants-fire,1,speaker_disjoint_split,1,0.5630453799391095,1,0.5326422939758861
13447.json,donald-trump,mostly-true,0,speaker_disjoint_split,0,0.3372467897374435,0,0.43857859523121606
3317.json,tim-kaine,mostly-true,0,speaker_disjoint_split,0,0.3236097534232947,0,0.30359768813779825
1057.json,glenn-beck,false,1,speaker_disjoint_split,0,0.39215175636590593,0,0.450667733653546
12969.json,donald-trump,barely-true,1,speaker_disjoint_split,0,0.42383818232643966,1,0.502927833256916
5899.json,tim-kaine,true,0,speaker_disjoint_split,0,0.43602299047917575,0,0.41808322473435244
10112.json,scott-walker,false,1,speaker_disjoint_split,0,0.30710140145583936,0,0.29763212399752775
6959.json,rob-moshein,half-true,0,speaker_disjoint_split,0,0.37648976333842216,0,0.3723489659789785
3944.json,john-kasich,barely-true,1,speaker_disjoint_split,0,0.46813413501960477,0,0.44819504732000554
13465.json,donald-trump,half-true,0,speaker_disjoint_split,0,0.3700048555065167,0,0.44229283864125934
8642.json,jorge-ramos,barely-true,1,speaker_disjoint_split,0,0.41531393464431526,0,0.4966820059482568
3992.json,better-austin-today-political-action-committee,barely-true,1,speaker_disjoint_split,0,0.3680491550810659,0,0.32238927957770896
4247.json,alberto-carvalho,half-true,0,speaker_disjoint_split,0,0.3926178285396643,0,0.3839985323440065
1521.json,charles-boustany,mostly-true,0,speaker_disjoint_split,1,0.5272729302468995,1,0.5683941733874082
11408.json,debbie-wasserman-schultz,mostly-true,0,speaker_disjoint_split,0,0.4321932029245156,0,0.48370216340728966
6480.json,arne-duncan,mostly-true,0,speaker_disjoint_split,0,0.3977766326359183,0,0.40321399079445214
1714.json,lamar-alexander,true,0,speaker_disjoint_split,0,0.43307018275121534,0,0.46113206339618606
13452.json,amy-schumer,half-true,0,speaker_disjoint_split,0,0.4555122484275521,0,0.4494390804689672
5685.json,vern-buchanan,half-true,0,speaker_disjoint_split,1,0.5516097655378868,0,0.46878596543515494
8181.json,carly-fiorina,half-true,0,speaker_disjoint_split,0,0.37922045499337154,0,0.37013027454976277
622.json,john-mccain,half-true,0,speaker_disjoint_split,1,0.5170555342380908,0,0.4608861797213761
13054.json,chris-sununu,half-true,0,speaker_disjoint_split,0,0.37322997122174895,0,0.3809346510331263
703.json,john-mccain,mostly-true,0,speaker_disjoint_split,0,0.4522413180239894,1,0.5099116195771141
270.json,joe-biden,false,1,speaker_disjoint_split,0,0.4441621635824626,0,0.40176635958332774
319.json,john-mccain,true,0,speaker_disjoint_split,0,0.42806259898552745,0,0.4264930698800064
4040.json,scott-walker,false,1,speaker_disjoint_split,0,0.4021145927209782,0,0.37435839109063834
7745.json,allison-tant,false,1,speaker_disjoint_split,1,0.5238640611639442,0,0.46487419970280025
11983.json,donald-trump,false,1,speaker_disjoint_split,0,0.47110695220771753,0,0.4708472465348248
2610.json,john-robitaille,true,0,speaker_disjoint_split,0,0.42132215619184216,0,0.41225024218771816
11441.json,bill-oreilly,barely-true,1,speaker_disjoint_split,0,0.3402905143970181,0,0.36945766661463786
7980.json,lynn-westmoreland,true,0,speaker_disjoint_split,0,0.4637658088003104,0,0.43271089442858873
3612.json,john-kasich,half-true,0,speaker_disjoint_split,1,0.5532657958950653,1,0.5132856617924871
8546.json,scott-walker,half-true,0,speaker_disjoint_split,0,0.3327815729933372,0,0.3607133793193561
9607.json,bill-oreilly,mostly-true,0,speaker_disjoint_split,0,0.4255634799157869,0,0.394944511873318
496.json,john-mccain,false,1,speaker_disjoint_split,1,0.5134596079940682,0,0.4607706508933295
2386.json,austan-goolsbee,false,1,speaker_disjoint_split,1,0.5160805182864835,0,0.4387011376943201
7270.json,protect-families-first,false,1,speaker_disjoint_split,0,0.3839971892443081,0,0.39201753349629825
578.json,john-mccain,mostly-true,0,speaker_disjoint_split,0,0.48366462739099075,0,0.4925485617316977
8283.json,scott-walker,barely-true,1,speaker_disjoint_split,0,0.44158680330180106,0,0.4198361523280314
13225.json,donald-trump,half-true,0,speaker_disjoint_split,0,0.4465554493319665,0,0.46817427751836477
13256.json,national-republican-congressional-committee,true,0,speaker_disjoint_split,1,0.513207673290848,0,0.48003213569543596
12556.json,donald-trump,true,0,speaker_disjoint_split,0,0.4353311164571532,0,0.4424942463859032
12539.json,joaquin-castro,mostly-true,0,speaker_disjoint_split,0,0.4669430251389121,0,0.4674429912821737
71.json,ron-paul,false,1,speaker_disjoint_split,0,0.4667464656024894,0,0.4539087445745416
4244.json,saxby-chambliss,mostly-true,0,speaker_disjoint_split,0,0.4326752784891056,0,0.390609071417131
1887.json,john-oxendine,true,0,speaker_disjoint_split,0,0.331294016245842,0,0.3909569348201451
567.json,john-mccain,true,0,speaker_disjoint_split,0,0.42445162871488884,0,0.4638887188496379
271.json,joe-biden,false,1,speaker_disjoint_split,1,0.5616263291882794,0,0.4204829049103108
12120.json,bernie-s,true,0,speaker_disjoint_split,0,0.4125449646373321,0,0.4475837927591347
1001.json,arlen-specter,false,1,speaker_disjoint_split,0,0.4893625371092151,0,0.4792177487905363
4723.json,jon-huntsman,mostly-true,0,speaker_disjoint_split,0,0.36423278809176046,0,0.4299553064457304
3395.json,dan-patrick,barely-true,1,speaker_disjoint_split,0,0.27203989304529025,0,0.3646135840937296
9935.json,charlie-crist,barely-true,1,speaker_disjoint_split,1,0.5634757060782893,1,0.5077372317894874
68.json,joe-biden,half-true,0,speaker_disjoint_split,0,0.4054624652354042,0,0.3991215368757199
2567.json,citizens-lower-taxes-and-stronger-economy,barely-true,1,speaker_disjoint_split,0,0.33780493401895806,0,0.3798981875325489
11357.json,bernie-s,barely-true,1,speaker_disjoint_split,0,0.3042893873694527,0,0.37230632525155316
952.json,joe-biden,half-true,0,speaker_disjoint_split,0,0.3246305705432736,0,0.31223011683161134
224.json,joe-biden,true,0,speaker_disjoint_split,0,0.4715887129107969,0,0.4509738249688756
2795.json,tim-kaine,mostly-true,0,speaker_disjoint_split,0,0.45796132395852523,0,0.4430457278979339
1371.json,karl-rove,barely-true,1,speaker_disjoint_split,1,0.5139407451394556,0,0.469596148171433
9645.json,jamie-weinstein,half-true,0,speaker_disjoint_split,0,0.3748200600770603,0,0.32221119286651784
577.json,john-mccain,half-true,0,speaker_disjoint_split,0,0.4821190941247197,0,0.44080146902592915
8964.json,republican-party-florida,barely-true,1,speaker_disjoint_split,1,0.5322913397465951,0,0.46836338047324355
6355.json,george-flinn,pants-fire,1,speaker_disjoint_split,0,0.49598064763827987,1,0.5181938014467434
9924.json,blog-posting,pants-fire,1,speaker_disjoint_split,0,0.4970515161144234,1,0.5854816198997482
6388.json,francisco-quico-canseco,half-true,0,speaker_disjoint_split,0,0.4494221283803517,0,0.48027939538888254
3882.json,tom-rooney,mostly-true,0,speaker_disjoint_split,0,0.34518512170332405,0,0.3879569219671349
4158.json,john-kasich,mostly-true,0,speaker_disjoint_split,0,0.35447745378825785,0,0.3238716127999882
12989.json,donald-trump,false,1,speaker_disjoint_split,1,0.5374337524679305,0,0.48315703831117424
2751.json,democratic-congressional-campaign-committee,half-true,0,speaker_disjoint_split,0,0.3790489385040553,0,0.4463304128205939
8539.json,mr-conservative,pants-fire,1,speaker_disjoint_split,1,0.516868776432672,0,0.45703457265494973
8478.json,kathleen-sebelius,pants-fire,1,speaker_disjoint_split,1,0.5029633025103367,1,0.506894934901981
7558.json,bruce-hanna,false,1,speaker_disjoint_split,0,0.4082896546659643,0,0.3730128176803811
11240.json,donald-trump,half-true,0,speaker_disjoint_split,0,0.34262228481840756,0,0.3765383703446849
12616.json,donald-trump,barely-true,1,speaker_disjoint_split,0,0.4584280354815282,0,0.499763718329949
10247.json,scott-walker,barely-true,1,speaker_disjoint_split,0,0.41843588550771343,0,0.4191466454119632
791.json,john-mccain,half-true,0,speaker_disjoint_split,0,0.42721505009368177,0,0.46876947490707366
11341.json,donald-trump,false,1,speaker_disjoint_split,0,0.4752090042301228,0,0.4801795595815058
11702.json,scott-walker,true,0,speaker_disjoint_split,0,0.3705458195845299,0,0.38879131105903575
12564.json,tim-kaine,mostly-true,0,speaker_disjoint_split,0,0.4038688568573184,0,0.3988216704674288
12346.json,joe-biden,false,1,speaker_disjoint_split,0,0.3428440438989105,0,0.4223259782950677
12742.json,donald-trump,half-true,0,speaker_disjoint_split,1,0.5178454229465297,1,0.5156623761613705
2799.json,kathie-glass,pants-fire,1,speaker_disjoint_split,0,0.4235142337945566,0,0.49676722739479845
12297.json,new-day-america,half-true,0,speaker_disjoint_split,1,0.5167380093476517,0,0.4962791649019392
10636.json,florida-students-concealed-carry,barely-true,1,speaker_disjoint_split,0,0.3982088500819657,0,0.4125128727616743
3297.json,state-democratic-party-wisconsin,false,1,speaker_disjoint_split,0,0.3928463475606083,0,0.42077658472794693
3770.json,ron-paul,mostly-true,0,speaker_disjoint_split,0,0.3259083920469086,0,0.39007845660749085
8661.json,michael-chippendale,mostly-true,0,speaker_disjoint_split,0,0.3394502760895747,0,0.3413427219049452
12263.json,donald-trump,false,1,speaker_disjoint_split,0,0.4371810719879781,0,0.4890082773118804
159.json,joe-biden,barely-true,1,speaker_disjoint_split,1,0.5151998883313582,0,0.453677841791007
11651.json,scott-walker,barely-true,1,speaker_disjoint_split,0,0.37494213748414995,0,0.38944580056386074
11613.json,peter-kinder,pants-fire,1,speaker_disjoint_split,0,0.4985732213676719,0,0.42904559844044327
8784.json,robert-puente,false,1,speaker_disjoint_split,0,0.4010135138853719,0,0.3331645657602172
10582.json,david-jolly,mostly-true,0,speaker_disjoint_split,1,0.5417992352913482,1,0.5011509233049184
4265.json,state-democratic-party-wisconsin,pants-fire,1,speaker_disjoint_split,0,0.4243684061400984,0,0.40676273296314136
6927.json,nathan-deal,half-true,0,speaker_disjoint_split,0,0.3006909168490265,0,0.2517771816146114
547.json,john-mccain,pants-fire,1,speaker_disjoint_split,1,0.5408556952208243,1,0.5212912080558602
11419.json,bernie-s,mostly-true,0,speaker_disjoint_split,0,0.3068355597473639,0,0.31682851416864866
3234.json,glenn-beck,false,1,speaker_disjoint_split,0,0.4252364734660442,0,0.4456012110762218
12476.json,rush-limbaugh,false,1,speaker_disjoint_split,0,0.4313033551004707,0,0.4426564387452394
3715.json,scott-walker,true,0,speaker_disjoint_split,0,0.3843203850559413,0,0.4085330429401861
7611.json,susan-yoshihara,false,1,speaker_disjoint_split,0,0.459640002072401,0,0.4535688696681929
8923.json,national-republican-congressional-committee,half-true,0,speaker_disjoint_split,1,0.7157496643223386,1,0.633946074638994
8786.json,national-republican-congressional-committee,half-true,0,speaker_disjoint_split,1,0.5113865434024485,0,0.4644580580729486
318.json,john-mccain,barely-true,1,speaker_disjoint_split,0,0.4008603296994969,0,0.41153592047305976
10776.json,richard-clarke,barely-true,1,speaker_disjoint_split,0,0.4578808029651156,0,0.44007868418451557
2718.json,lloyd-doggett,mostly-true,0,speaker_disjoint_split,1,0.5253098908073852,0,0.4920638866490665
12501.json,gary-johnson,barely-true,1,speaker_disjoint_split,0,0.39338699060706567,1,0.5109017209470088
6894.json,joe-biden,half-true,0,speaker_disjoint_split,0,0.46697789134487644,0,0.4286967568040113
12852.json,donald-trump,pants-fire,1,speaker_disjoint_split,0,0.4504299512085302,0,0.39060844883481727
11618.json,donald-trump,pants-fire,1,speaker_disjoint_split,0,0.3993038265602278,0,0.4381844371083597
4176.json,sam-olens,false,1,speaker_disjoint_split,0,0.37533923963124993,0,0.42348272114476077
7058.json,taxpayer-association-oregon,half-true,0,speaker_disjoint_split,0,0.41362552514003037,0,0.43903503429006074
2454.json,republican-party-florida,barely-true,1,speaker_disjoint_split,1,0.530435739410474,0,0.46258702225628284
5726.json,sara-stevenson,barely-true,1,speaker_disjoint_split,0,0.3967773308885137,0,0.37619351364601544
3015.json,mike-polensek,half-true,0,speaker_disjoint_split,0,0.40847742054690905,0,0.4028879651004454
5901.json,oregon-league-conservation-voters,barely-true,1,speaker_disjoint_split,1,0.5449779774435349,0,0.47511809137208766
11882.json,carly-fiorina,true,0,speaker_disjoint_split,0,0.42241342082438516,0,0.39281897059594656
8227.json,bill-clinton,true,0,speaker_disjoint_split,0,0.448663759809101,1,0.5039230973351189
3138.json,ken-cuccinelli,true,0,speaker_disjoint_split,0,0.4349098778395392,0,0.44372771932232313
2301.json,michael-thurmond,true,0,speaker_disjoint_split,0,0.4331285893488348,0,0.3728569102181973
5809.json,samuel-wurzelbacher,false,1,speaker_disjoint_split,1,0.5838353156975414,1,0.5002717387684498
7761.json,charlie-crist,false,1,speaker_disjoint_split,1,0.5737317503532755,0,0.492761056160088
2488.json,sam-adams,half-true,0,speaker_disjoint_split,0,0.43985249420278216,0,0.36680977962584443
3947.json,ted-ferrioli,half-true,0,speaker_disjoint_split,0,0.3847374569394788,0,0.43514236620545077
12862.json,donald-trump,pants-fire,1,speaker_disjoint_split,1,0.5454798322613205,1,0.5258170389399344
1004.json,joe-biden,pants-fire,1,speaker_disjoint_split,0,0.4878456814373466,0,0.4702047022585852
1466.json,debra-medina,half-true,0,speaker_disjoint_split,0,0.33764768784907445,0,0.3624290734886437
2343.json,yvette-mcgee-brown,true,0,speaker_disjoint_split,0,0.38300700692624545,0,0.3672393691189153
2951.json,democratic-congressional-campaign-committee,half-true,0,speaker_disjoint_split,0,0.4844753515896225,0,0.45888904266957353
2156.json,catherine-taylor,false,1,speaker_disjoint_split,0,0.43024141292252305,0,0.4143297183095856
13414.json,donald-trump,half-true,0,speaker_disjoint_split,0,0.3967902583605939,0,0.4774171962715101
11597.json,ben-carson,barely-true,1,speaker_disjoint_split,0,0.4806489062968707,1,0.5086398935809672
9795.json,republican-party-florida,pants-fire,1,speaker_disjoint_split,1,0.5118318821966863,1,0.5250400103329126
5295.json,joseph-trillo,half-true,0,speaker_disjoint_split,0,0.4231869399842552,0,0.41259329883107276
48.json,ron-paul,mostly-true,0,speaker_disjoint_split,0,0.421029422931024,0,0.39458530070149345
4587.json,jon-huntsman,half-true,0,speaker_disjoint_split,0,0.4121866171534492,0,0.37182119170950734
2583.json,rob-cornilles,half-true,0,speaker_disjoint_split,0,0.4431720016190306,0,0.4633592079151345
13406.json,donald-trump,true,0,speaker_disjoint_split,1,0.513596155959478,0,0.4788327113041968
12357.json,david-jolly,barely-true,1,speaker_disjoint_split,0,0.3766065733130538,0,0.43640464611913926
3184.json,glenn-beck,half-true,0,speaker_disjoint_split,1,0.5130614557927055,0,0.48707305633963094
11530.json,republican-party-florida,mostly-true,0,speaker_disjoint_split,0,0.4463305206462797,0,0.4439810477868379
5267.json,nathan-deal,false,1,speaker_disjoint_split,0,0.45407949169055056,0,0.41099595365953456
5088.json,jon-huntsman,half-true,0,speaker_disjoint_split,1,0.5008751359826616,0,0.4552092361033189
8346.json,jeb-hensarling,pants-fire,1,speaker_disjoint_split,1,0.5591443991597798,1,0.563872117844859
10629.json,james-carville,false,1,speaker_disjoint_split,0,0.485470261183991,0,0.4623877712652284
2118.json,melanie-crozier,pants-fire,1,speaker_disjoint_split,0,0.4767735670701134,0,0.4874975757551794
3812.json,rush-limbaugh,barely-true,1,speaker_disjoint_split,0,0.41451372997065955,0,0.4950662367943847
3042.json,new-georgia-encyclopedia,true,0,speaker_disjoint_split,0,0.4719634320489877,0,0.41246177277317075
2694.json,promote-oregon-leadership-pac-oregon-house-republi,true,0,speaker_disjoint_split,0,0.4613423292036238,0,0.47392934883100224
3383.json,blog-posting,false,1,speaker_disjoint_split,1,0.5257263415113937,1,0.5252839040766086
5823.json,nathan-deal,barely-true,1,speaker_disjoint_split,0,0.3473879520893464,0,0.3984975239975465
12470.json,donald-trump,barely-true,1,speaker_disjoint_split,0,0.47359370533281187,1,0.5314406147618975
666.json,joe-biden,half-true,0,speaker_disjoint_split,0,0.4707688501083287,0,0.43136990186286134
2937.json,john-kasich,true,0,speaker_disjoint_split,0,0.33495376673837773,0,0.3455381346765343
138.json,ron-paul,mostly-true,0,speaker_disjoint_split,1,0.5179735338632494,1,0.5091298261577799
4720.json,jon-huntsman,true,0,speaker_disjoint_split,0,0.12354898720706885,0,0.4040834173865481
1111.json,bill-pascrell,half-true,0,speaker_disjoint_split,0,0.36422377643250103,1,0.5037061567161619
7105.json,paul-levesque,mostly-true,0,speaker_disjoint_split,0,0.42931700481357893,0,0.41562879958117444
8605.json,donna-brazile,mostly-true,0,speaker_disjoint_split,1,0.5784764916102855,1,0.5801456653190803
330.json,john-mccain,half-true,0,speaker_disjoint_split,0,0.38064311087558195,0,0.4142369205246461
12693.json,joe-biden,half-true,0,speaker_disjoint_split,0,0.4121684345838886,0,0.3897061532387911
819.json,republican-party-florida,half-true,0,speaker_disjoint_split,1,0.591900549335699,1,0.5206502174509687
7934.json,stephen-sweeney,mostly-true,0,speaker_disjoint_split,0,0.46455483451922214,0,0.4992773353300411
614.json,john-mccain,barely-true,1,speaker_disjoint_split,1,0.5049076501693546,1,0.5023461689640386
7208.json,american-international-group,mostly-true,0,speaker_disjoint_split,0,0.3323345170314574,0,0.4098300042914323
642.json,joe-biden,true,0,speaker_disjoint_split,0,0.32574877730739765,0,0.3856803852466625
12166.json,donald-trump,pants-fire,1,speaker_disjoint_split,0,0.4528935271663894,0,0.48416867920337375
6793.json,yes-82-and-83-campaign,half-true,0,speaker_disjoint_split,0,0.44622903734011615,0,0.4446408809606637
9565.json,charlie-crist,half-true,0,speaker_disjoint_split,0,0.3854936150615134,0,0.4297597518817337
13376.json,dan-patrick,true,0,speaker_disjoint_split,0,0.4566349955235378,0,0.4354592255726382
11061.json,jan-brewer,barely-true,1,speaker_disjoint_split,0,0.4436320758907155,0,0.4692824458379246
12434.json,donald-trump,pants-fire,1,speaker_disjoint_split,0,0.43860768599301714,0,0.44257560048953315
1703.json,bill-clinton,half-true,0,speaker_disjoint_split,0,0.44799475595478294,0,0.42203208749841187
4443.json,ron-paul,mostly-true,0,speaker_disjoint_split,0,0.36399457245080485,0,0.4151806823608804
9918.json,scott-walker,true,0,speaker_disjoint_split,0,0.4695529614175607,0,0.47044044652524875
10319.json,tom-coburn,half-true,0,speaker_disjoint_split,0,0.37609472863419574,0,0.3715664379297036
9057.json,nathan-deal,barely-true,1,speaker_disjoint_split,0,0.3857851027246441,0,0.3754193230980322
1457.json,glenn-beck,half-true,0,speaker_disjoint_split,0,0.4688436780604184,0,0.42609104262657554
4163.json,ron-paul,true,0,speaker_disjoint_split,0,0.43352499366946434,0,0.4475805394508218
3183.json,democratic-congressional-campaign-committee,pants-fire,1,speaker_disjoint_split,0,0.4929236244502764,1,0.5005327016167477
2038.json,john-oxendine,half-true,0,speaker_disjoint_split,0,0.4730957071394132,0,0.48610444860122926
1837.json,colin-powell,true,0,speaker_disjoint_split,0,0.39124689730729545,0,0.38077058366050776
6296.json,bill-pascrell,false,1,speaker_disjoint_split,1,0.588684139644827,1,0.5786946146831746
3448.json,sam-adams,mostly-true,0,speaker_disjoint_split,0,0.3940575160104707,0,0.40168713635653874
3292.json,donna-brazile,mostly-true,0,speaker_disjoint_split,0,0.4612544353259033,0,0.436120244858776
12828.json,bike-austin,barely-true,1,speaker_disjoint_split,0,0.3824463157929931,0,0.41879654334631794
10596.json,john-fredericks,false,1,speaker_disjoint_split,0,0.3683841255841977,0,0.43343243297721884
4942.json,jon-huntsman,barely-true,1,speaker_disjoint_split,0,0.2859271814747291,0,0.34517100034376214
6718.json,jeanne-shaheen,half-true,0,speaker_disjoint_split,0,0.3498432989474626,0,0.40824757256340677
6796.json,val-demings,barely-true,1,speaker_disjoint_split,0,0.4867349776377508,1,0.501879856615354
3479.json,joanne-kloppenburg,barely-true,1,speaker_disjoint_split,0,0.490606310959149,0,0.49746309661862886
6997.json,tim-kaine,mostly-true,0,speaker_disjoint_split,0,0.43872663197415596,0,0.4425427656916414
8398.json,national-republican-congressional-committee,barely-true,1,speaker_disjoint_split,0,0.4995194569658265,1,0.5030410738057587
11003.json,blog-posting,false,1,speaker_disjoint_split,1,0.5296724708109056,1,0.5249837642682328
4674.json,iowans-some-semblance-christian-decency,false,1,speaker_disjoint_split,0,0.4687461804295668,0,0.4537882870632718
2025.json,keith-olbermann,false,1,speaker_disjoint_split,0,0.297383119484306,0,0.37323884659742845
11041.json,bernie-s,mostly-true,0,speaker_disjoint_split,0,0.3080852544146136,0,0.3173584163169234
1374.json,charlie-crist,true,0,speaker_disjoint_split,0,0.484054686136021,0,0.4760755807599377
8144.json,ken-cuccinelli,half-true,0,speaker_disjoint_split,0,0.48143147576005474,0,0.4491990442294593
4441.json,debbie-wasserman-schultz,mostly-true,0,speaker_disjoint_split,0,0.2740020289486856,0,0.38177096410615713
5504.json,lenny-curry,false,1,speaker_disjoint_split,1,0.5098012318411708,0,0.43140820534031155
6646.json,bill-clinton,true,0,speaker_disjoint_split,1,0.5028441689611629,0,0.47188782187736744
13349.json,donald-trump,pants-fire,1,speaker_disjoint_split,1,0.5249213108705149,1,0.5101993028021353
11556.json,ben-carson,barely-true,1,speaker_disjoint_split,1,0.5653832534400847,1,0.5479529274687899
1795.json,charlie-crist,mostly-true,0,speaker_disjoint_split,0,0.4870250310229984,0,0.40897172603436766
8256.json,steve-munisteri,half-true,0,speaker_disjoint_split,0,0.44252669214394863,0,0.4671121527971768
10052.json,sarah-silverman,half-true,0,speaker_disjoint_split,0,0.3746944311621961,0,0.3470574012504853
9651.json,debbie-wasserman-schultz,mostly-true,0,speaker_disjoint_split,0,0.4265072071431404,1,0.5056668458837155
12277.json,donald-trump,mostly-true,0,speaker_disjoint_split,0,0.3338940744976488,0,0.3335108452697713
12326.json,donald-trump,pants-fire,1,speaker_disjoint_split,0,0.45909862455011696,0,0.4894162248503254
8715.json,donna-brazile,mostly-true,0,speaker_disjoint_split,0,0.4476518312951662,0,0.4493988368490346
2150.json,chris-carpenter,pants-fire,1,speaker_disjoint_split,1,0.5450456006790618,1,0.5124857708506474
5030.json,jeff-merkley,true,0,speaker_disjoint_split,0,0.4447710617017455,0,0.390663803819136
11734.json,carly-fiorina,barely-true,1,speaker_disjoint_split,0,0.4083219355567335,0,0.4338690682616616
616.json,john-mccain,barely-true,1,speaker_disjoint_split,1,0.5612597660548033,1,0.5250212943617727
1901.json,james-carville,barely-true,1,speaker_disjoint_split,0,0.46567641563341444,0,0.36403165924614567
13373.json,chris-sununu,false,1,speaker_disjoint_split,0,0.4789628897449108,0,0.39628966105547164
1637.json,charlie-crist,false,1,speaker_disjoint_split,0,0.3736107433305932,0,0.43205198875720346
5255.json,john-kasich,true,0,speaker_disjoint_split,0,0.36827005633236604,0,0.3700585590075892
11104.json,donald-trump,false,1,speaker_disjoint_split,0,0.44324145149516136,0,0.46578528292332266
13233.json,donald-trump,barely-true,1,speaker_disjoint_split,0,0.4600257570837535,0,0.48726259610991446
2306.json,donna-brazile,mostly-true,0,speaker_disjoint_split,0,0.31642639454561455,0,0.35947623324829736
9677.json,joe-biden,half-true,0,speaker_disjoint_split,0,0.4237062340990454,0,0.4070102443918433
11975.json,john-mccain,barely-true,1,speaker_disjoint_split,1,0.5470271286456466,0,0.4694494788899059
2310.json,chip-rogers,barely-true,1,speaker_disjoint_split,0,0.37291280109026465,0,0.3362291552672448
12876.json,bill-clinton,mostly-true,0,speaker_disjoint_split,0,0.48748110881075457,1,0.501710626846746
6005.json,scott-walker,half-true,0,speaker_disjoint_split,0,0.36228954779193373,0,0.4261979035296006
6798.json,yg-action-fund,half-true,0,speaker_disjoint_split,0,0.4914386316217111,1,0.5577498508856785
2350.json,blog-posting,pants-fire,1,speaker_disjoint_split,0,0.41628340555272175,1,0.5153747830214697
5969.json,scott-walker,false,1,speaker_disjoint_split,0,0.4848531645997857,0,0.4762554802033444
9086.json,mark-begich,mostly-true,0,speaker_disjoint_split,1,0.5448106383518724,0,0.4940865632626783
2886.json,blog-posting,pants-fire,1,speaker_disjoint_split,1,0.5097380627216402,1,0.5415995980269652
9188.json,james-carville,barely-true,1,speaker_disjoint_split,1,0.5433339417167266,1,0.585015702309856
7875.json,abel-collins,mostly-true,0,speaker_disjoint_split,0,0.4328974050440752,0,0.44341318479434344
3925.json,debbie-wasserman-schultz,mostly-true,0,speaker_disjoint_split,0,0.3929940089269826,1,0.5292861881454051
4196.json,jon-huntsman,barely-true,1,speaker_disjoint_split,0,0.4377760087886038,0,0.42584296443480574
2119.json,john-robitaille,half-true,0,speaker_disjoint_split,1,0.5231817953442826,0,0.43609384394619843
13501.json,blog-posting,pants-fire,1,speaker_disjoint_split,0,0.475632426667315,1,0.508204839512355
13195.json,donald-trump,false,1,speaker_disjoint_split,0,0.4799747998137075,0,0.4494742648474484
3347.json,brian-moran,half-true,0,speaker_disjoint_split,1,0.5107397569323461,0,0.46246998164027153
10979.json,bill-clinton,mostly-true,0,speaker_disjoint_split,1,0.5347840252842506,0,0.4505702213630854
12726.json,donald-trump,false,1,speaker_disjoint_split,0,0.45564266439031376,1,0.5218562516411246
3569.json,john-kasich,false,1,speaker_disjoint_split,0,0.48465729679203945,0,0.44360917374946324
4577.json,occupied-wall-street-journal,half-true,0,speaker_disjoint_split,0,0.3324732636105416,0,0.36545872457507594
13008.json,donald-trump,barely-true,1,speaker_disjoint_split,1,0.5224866304642369,1,0.5549709368321425
11856.json,bernie-s,half-true,0,speaker_disjoint_split,0,0.30494290965712667,0,0.3258430514114974
8579.json,mike-plant,mostly-true,0,speaker_disjoint_split,0,0.4111816087348858,0,0.3521867336147419
5291.json,jim-whelan,mostly-true,0,speaker_disjoint_split,0,0.3670901704528224,0,0.35787493294690365
12421.json,scott-walker,mostly-true,0,speaker_disjoint_split,0,0.3488891503084671,0,0.33696435818032605
7391.json,keith-faber,true,0,speaker_disjoint_split,0,0.2952107265388413,0,0.360756070024165
632.json,jerome-corsi,false,1,speaker_disjoint_split,1,0.5098306439479395,1,0.5408714297848097
13189.json,tim-kaine,true,0,speaker_disjoint_split,0,0.4327167726069662,0,0.47100382272471064
7996.json,ken-cuccinelli,false,1,speaker_disjoint_split,0,0.49317156240449445,0,0.49864938158898187
3924.json,gary-black,half-true,0,speaker_disjoint_split,0,0.35221380252723816,0,0.46538661578078494
3467.json,nathan-deal,mostly-true,0,speaker_disjoint_split,0,0.38454911650237966,0,0.3604176670317654
11508.json,david-cicilline,half-true,0,speaker_disjoint_split,0,0.3678122052544701,0,0.36733289800950714
2497.json,mark-hinkle,true,0,speaker_disjoint_split,0,0.3706413409932521,0,0.39890584200817464
12785.json,bill-clinton,mostly-true,0,speaker_disjoint_split,1,0.502419995779222,0,0.4306961747311442
3690.json,national-republican-congressional-committee,mostly-true,0,speaker_disjoint_split,0,0.31052495778965516,0,0.33038409088819537
1402.json,donna-brazile,mostly-true,0,speaker_disjoint_split,0,0.4629234019769575,0,0.47958646762215923
13243.json,donald-trump,barely-true,1,speaker_disjoint_split,1,0.5273946487856425,1,0.5358433868518027
7409.json,dave-joyce,true,0,speaker_disjoint_split,0,0.3396915449860265,0,0.33012666488833503
2129.json,jeanne-shaheen,half-true,0,speaker_disjoint_split,0,0.3571153315547307,0,0.3882880893346548
3530.json,bob-graham,mostly-true,0,speaker_disjoint_split,0,0.30742623098925687,0,0.32629291164449836
320.json,john-mccain,true,0,speaker_disjoint_split,0,0.40821119303981895,0,0.43568650425056304
7078.json,kirk-watson,mostly-true,0,speaker_disjoint_split,0,0.32884603400258305,0,0.32691588413666545
696.json,john-mccain,false,1,speaker_disjoint_split,0,0.48557950690919344,0,0.4714937203968796
4648.json,phil-kent,false,1,speaker_disjoint_split,0,0.43287867201330227,0,0.4789452471098096
10736.json,mike-huebsch,false,1,speaker_disjoint_split,0,0.4676246258718459,0,0.48978351093025085
12857.json,donald-trump,false,1,speaker_disjoint_split,0,0.3308678133972927,0,0.34520348058639344
11671.json,debbie-wasserman-schultz,pants-fire,1,speaker_disjoint_split,0,0.4401506643401835,1,0.5173601099787075
1.json,barbara-ann-radnofsky,pants-fire,1,speaker_disjoint_split,0,0.4717527488871621,0,0.39162318818436526
8135.json,dubose-porter,mostly-true,0,speaker_disjoint_split,0,0.24966450053608313,0,0.2868727285343519
4469.json,brad-avakian,false,1,speaker_disjoint_split,0,0.42497669985847675,0,0.4177615070798781
6993.json,democratic-congressional-campaign-committee,false,1,speaker_disjoint_split,0,0.44471436564747363,0,0.4455579908742945
8700.json,gilberto-hinojosa,half-true,0,speaker_disjoint_split,0,0.3763285333063259,0,0.45075293043201037
5641.json,graeme-zielinski,pants-fire,1,speaker_disjoint_split,1,0.5118078495624061,0,0.45497205050774575
2479.json,scott-walker,barely-true,1,speaker_disjoint_split,1,0.5657624393079189,1,0.5031437655535016
9447.json,democratic-congressional-campaign-committee,false,1,speaker_disjoint_split,0,0.4128468460728837,0,0.48360812808811415
311.json,john-mccain,false,1,speaker_disjoint_split,0,0.4204903828808245,0,0.39361276927497935
2735.json,charlie-crist,barely-true,1,speaker_disjoint_split,0,0.37051945054922575,0,0.40055548213060754
477.json,john-mccain,mostly-true,0,speaker_disjoint_split,1,0.5331634000544448,1,0.5247962167058637
12144.json,tim-finchem,mostly-true,0,speaker_disjoint_split,0,0.33592542673535614,0,0.36361999585647775
11110.json,scott-walker,barely-true,1,speaker_disjoint_split,0,0.4514469926194311,0,0.49736053733148067
8190.json,michael-bloomberg,mostly-true,0,speaker_disjoint_split,0,0.3503817035477823,0,0.34598720697471735
13246.json,national-republican-congressional-committee,false,1,speaker_disjoint_split,0,0.4454610101093758,0,0.4948034743326095
2049.json,charlie-crist,true,0,speaker_disjoint_split,0,0.43173948822700753,0,0.422875014484476
1135.json,david-axelrod,true,0,speaker_disjoint_split,1,0.5640166438286457,1,0.5600124645901723
1898.json,charlie-crist,mostly-true,0,speaker_disjoint_split,0,0.4902809420283088,0,0.39422393570285796
2840.json,dean-cannon,barely-true,1,speaker_disjoint_split,0,0.4928668574372931,0,0.46556127871493574
9341.json,miami-seaport-alliance,mostly-true,0,speaker_disjoint_split,0,0.32030378700509404,0,0.3309864438042686
3670.json,david-cicilline,barely-true,1,speaker_disjoint_split,1,0.5522576486751746,1,0.5161799712045394
10892.json,ann-coulter,pants-fire,1,speaker_disjoint_split,0,0.3785841219707761,0,0.45837335963679593
8194.json,bookerfail,barely-true,1,speaker_disjoint_split,0,0.4307180054146751,0,0.4184441799852244
2226.json,debbie-wasserman-schultz,half-true,0,speaker_disjoint_split,1,0.5635882046246364,1,0.5841417414862515
8926.json,national-republican-congressional-committee,half-true,0,speaker_disjoint_split,1,0.540893351740766,1,0.553470899722858
5118.json,democratic-party-oregon,barely-true,1,speaker_disjoint_split,0,0.49579017474416476,0,0.4770234189830899
8548.json,jeff-merkley,true,0,speaker_disjoint_split,1,0.5070701643650533,0,0.4680629391069314
1359.json,eugene-robinson,mostly-true,0,speaker_disjoint_split,0,0.46537901533529236,0,0.48257620348425234
8431.json,larry-elder,false,1,speaker_disjoint_split,0,0.46474577501903047,1,0.5599078375360561
1036.json,rush-limbaugh,barely-true,1,speaker_disjoint_split,0,0.40974349417052947,0,0.43122601660365467
2530.json,national-republican-congressional-committee,false,1,speaker_disjoint_split,0,0.4575849702143813,1,0.502902542066185
6622.json,julian-castro,true,0,speaker_disjoint_split,0,0.3580673090823735,0,0.3729490807349947
7564.json,wayne-lapierre,half-true,0,speaker_disjoint_split,0,0.3984480298551387,0,0.4345241289634128
4518.json,gary-johnson,half-true,0,speaker_disjoint_split,0,0.45963527979665825,0,0.48116231810037896
3858.json,jeff-merkley,mostly-true,0,speaker_disjoint_split,0,0.4059999912969476,0,0.3928645428546592
5527.json,state-democratic-party-wisconsin,false,1,speaker_disjoint_split,0,0.45579328796222923,0,0.4968297107005044
8702.json,jeff-merkley,true,0,speaker_disjoint_split,0,0.2735997051273651,0,0.3446544265141296
12264.json,bernie-s,barely-true,1,speaker_disjoint_split,0,0.46892173223166916,0,0.4899286644130055
4271.json,nicholas-scutari,true,0,speaker_disjoint_split,0,0.3993538699738832,0,0.39466237961337286
11804.json,dale-kooyenga,false,1,speaker_disjoint_split,0,0.40319291607524343,0,0.39734676101322314
12030.json,bernie-s,mostly-true,0,speaker_disjoint_split,0,0.4001839537505314,0,0.41665152609280176
4097.json,joseph-trillo,pants-fire,1,speaker_disjoint_split,0,0.422940634736438,0,0.37244485444614317
11294.json,scott-walker,true,0,speaker_disjoint_split,0,0.4320185428805123,0,0.4259011461489083
532.json,john-mccain,false,1,speaker_disjoint_split,0,0.4524689992317982,0,0.47751956481938834
8810.json,ron-paul,false,1,speaker_disjoint_split,0,0.4209716014500359,0,0.43301423558229934
9088.json,florida-stop-common-core-coalition,half-true,0,speaker_disjoint_split,0,0.43873277947293216,0,0.43651568679084596
1365.json,charlie-crist,half-true,0,speaker_disjoint_split,0,0.3848011772560205,0,0.4086266584694897
5842.json,jana-duty,barely-true,1,speaker_disjoint_split,0,0.3908545845133131,0,0.38280226725644995
12878.json,democratic-congressional-campaign-committee,barely-true,1,speaker_disjoint_split,0,0.49442873226312334,0,0.43886308661472023
8315.json,carol-shea-porter,mostly-true,0,speaker_disjoint_split,0,0.4973956831495348,1,0.5031381499090878
91.json,bill-richardson,mostly-true,0,speaker_disjoint_split,0,0.30589956059875945,0,0.3659446618924681
12916.json,donald-trump,false,1,speaker_disjoint_split,0,0.42216360397586933,0,0.45324364122633315
13442.json,donald-trump,pants-fire,1,speaker_disjoint_split,1,0.5444870882007105,0,0.4798065975017562
13309.json,donald-trump,pants-fire,1,speaker_disjoint_split,0,0.4375466318616324,1,0.5090954174045244
1383.json,michael-bloomberg,half-true,0,speaker_disjoint_split,0,0.39875156254598976,0,0.34376890991884124
117.json,john-mccain,false,1,speaker_disjoint_split,0,0.36641573943784445,0,0.40060186096451134
7560.json,robert-kando,half-true,0,speaker_disjoint_split,0,0.4328558346716653,0,0.38152457639191567
5049.json,ron-paul,false,1,speaker_disjoint_split,0,0.45532560998675303,0,0.495531185877847
11216.json,alliance-defending-freedom,half-true,0,speaker_disjoint_split,0,0.4491480213936465,0,0.44029796404559335
6216.json,stephen-sweeney,true,0,speaker_disjoint_split,0,0.49006479723460716,0,0.4583662091829126
4246.json,tom-coburn,half-true,0,speaker_disjoint_split,0,0.38470067095752924,0,0.40032061821790543
7955.json,raymond-gallison,half-true,0,speaker_disjoint_split,0,0.37862794964773444,0,0.37496790651913664
12035.json,arnold-schwarzenegger,mostly-true,0,speaker_disjoint_split,0,0.3547658755061077,0,0.41165634266309886
2745.json,national-republican-congressional-committee,false,1,speaker_disjoint_split,1,0.522847515450238,0,0.4894008382715089
5508.json,texas-democratic-party,mostly-true,0,speaker_disjoint_split,0,0.3406989111770311,0,0.4818588182375545
1717.json,house-natural-resources-committee-republicans,barely-true,1,speaker_disjoint_split,0,0.43398172253626255,0,0.4412678431951394
1865.json,thurbert-baker,half-true,0,speaker_disjoint_split,0,0.3991930988144637,0,0.37803713592978183
11537.json,tim-echols,mostly-true,0,speaker_disjoint_split,1,0.5184599966554988,0,0.47616312674689476
1081.json,ann-coulter,false,1,speaker_disjoint_split,0,0.4577071108143269,0,0.46136099524590984
8512.json,glenn-beck,pants-fire,1,speaker_disjoint_split,1,0.5459124242269459,1,0.523292079172274
5376.json,elizabeth-ames-jones,false,1,speaker_disjoint_split,1,0.5009246557201247,0,0.4937928512881836
5141.json,rob-cornilles,true,0,speaker_disjoint_split,1,0.5028620453894146,1,0.5297861548548035
9572.json,scott-walker,mostly-true,0,speaker_disjoint_split,0,0.404051353727122,0,0.4274788844319319
2478.json,jeff-merkley,mostly-true,0,speaker_disjoint_split,0,0.44991241420128075,0,0.4012929401696013
10563.json,scott-walker,true,0,speaker_disjoint_split,0,0.26743448981123125,0,0.33819460190139294
12181.json,bernie-s,half-true,0,speaker_disjoint_split,1,0.525379884942661,0,0.4532504486642677
10077.json,mark-shields,barely-true,1,speaker_disjoint_split,0,0.4637512962294801,0,0.47604365646654545
5404.json,frank-niceley,pants-fire,1,speaker_disjoint_split,0,0.39535272336323396,0,0.3819000385395135
5989.json,bob-gibbs,true,0,speaker_disjoint_split,0,0.3767883948909317,0,0.4388930120106363
12525.json,louie-gohmert,half-true,0,speaker_disjoint_split,0,0.40467928974079936,0,0.3477800521233203
2766.json,democratic-party-oregon,false,1,speaker_disjoint_split,0,0.4051309563746648,0,0.47983050728304455
4360.json,club-growth,half-true,0,speaker_disjoint_split,1,0.5370929117461143,0,0.4407081178576838
4618.json,sam-adams,barely-true,1,speaker_disjoint_split,0,0.44147345311632163,0,0.44183700479610366
6395.json,steve-doell,true,0,speaker_disjoint_split,0,0.4217183955285737,0,0.3761046327102094
5977.json,scott-walker,barely-true,1,speaker_disjoint_split,0,0.47382835231527415,0,0.4571401079507447
12748.json,donald-trump,true,0,speaker_disjoint_split,0,0.37852937578884016,0,0.42451380051961807
5067.json,bill-pascrell,half-true,0,speaker_disjoint_split,0,0.4097338006486386,0,0.42739112779763205
2220.json,courtney-combs,pants-fire,1,speaker_disjoint_split,1,0.5668765556437748,1,0.5358703851129221
12799.json,michael-bloomberg,mostly-true,0,speaker_disjoint_split,0,0.4080512766834578,0,0.4064448158073293
7805.json,tim-echols,half-true,0,speaker_disjoint_split,0,0.3276391319319684,0,0.3927571222621416
12576.json,donald-trump,pants-fire,1,speaker_disjoint_split,0,0.48903707658168954,1,0.5469584700667287
5622.json,peter-defazio,barely-true,1,speaker_disjoint_split,0,0.4465398621932086,0,0.46845783445716976
11728.json,donald-trump,pants-fire,1,speaker_disjoint_split,0,0.43569508008183033,0,0.47724191365053825
9039.json,rush-limbaugh,false,1,speaker_disjoint_split,0,0.481680527892199,0,0.48074368578905285
5748.json,lamar-alexander,barely-true,1,speaker_disjoint_split,0,0.44885486308992534,0,0.4225749492259662
2959.json,bernie-s,true,0,speaker_disjoint_split,0,0.4323868459500194,0,0.4330789814541903
2045.json,david-axelrod,mostly-true,0,speaker_disjoint_split,0,0.4759511487272647,0,0.4585637511222802
7031.json,david-cicilline,true,0,speaker_disjoint_split,0,0.46878901475498574,0,0.46426987394996094
6507.json,friends-democracy,barely-true,1,speaker_disjoint_split,1,0.5575030801474465,0,0.4973222452758106
561.json,john-mccain,false,1,speaker_disjoint_split,1,0.5160405481286581,1,0.5102441206207003
639.json,john-mccain,pants-fire,1,speaker_disjoint_split,1,0.5641947111195629,0,0.49060738122657255
1582.json,cathie-adams,pants-fire,1,speaker_disjoint_split,1,0.5338689236143185,1,0.5205739939459569
513.json,john-mccain,true,0,speaker_disjoint_split,0,0.4776893930326958,0,0.45369525931603255
747.json,john-mccain,mostly-true,0,speaker_disjoint_split,0,0.4418783826690054,0,0.409307849421509
3873.json,austan-goolsbee,mostly-true,0,speaker_disjoint_split,0,0.34055215272652384,0,0.34107510469786995
3214.json,joe-biden,barely-true,1,speaker_disjoint_split,0,0.43757024215812046,0,0.3950965109976818
5818.json,ron-paul,false,1,speaker_disjoint_split,0,0.4872637905491922,0,0.39452632505388135
3680.json,kathleen-sebelius,mostly-true,0,speaker_disjoint_split,0,0.4687272446016884,1,0.5103664899483141
12956.json,donald-trump,barely-true,1,speaker_disjoint_split,1,0.5565763259914392,1,0.5357481162708756
12320.json,julian-castro,half-true,0,speaker_disjoint_split,0,0.44705727641621174,0,0.48708497660554056
10136.json,national-republican-congressional-committee,barely-true,1,speaker_disjoint_split,0,0.46633665631037075,0,0.4415344088359891
3742.json,john-kasich,true,0,speaker_disjoint_split,0,0.42120537098374383,0,0.39042700305434475
5686.json,john-kasich,true,0,speaker_disjoint_split,0,0.45366390116640287,0,0.4658937293771118
2100.json,john-mccain,barely-true,1,speaker_disjoint_split,0,0.40661770849177326,0,0.4494514884517406
7451.json,greg-walden,barely-true,1,speaker_disjoint_split,0,0.4753803455318526,0,0.49214858463838723
158.json,joe-biden,false,1,speaker_disjoint_split,0,0.3118787699884348,0,0.3442203199144155
2548.json,national-republican-congressional-committee,barely-true,1,speaker_disjoint_split,0,0.39653508895841133,0,0.4590853321273862
11222.json,rhode-island-center-freedom-and-prosperity,half-true,0,speaker_disjoint_split,0,0.4124851258379636,0,0.4149216204063485
12614.json,charlie-crist,barely-true,1,speaker_disjoint_split,0,0.4586928245348695,0,0.4650787974840151
12597.json,arizona-house-democrats,mostly-true,0,speaker_disjoint_split,0,0.4743850893255919,0,0.4356075018056283
10772.json,scott-walker,false,1,speaker_disjoint_split,0,0.38985058670209055,0,0.4169952715909918
2031.json,anthony-gemma,false,1,speaker_disjoint_split,0,0.40668428047244953,0,0.43698564140253254
1946.json,fair-districts-florida,true,0,speaker_disjoint_split,0,0.38399776610253356,0,0.3858310126296288
6672.json,julian-castro,mostly-true,0,speaker_disjoint_split,0,0.37022600504214076,0,0.3731839209966513
3824.json,ej-finocchio,false,1,speaker_disjoint_split,0,0.3971193439772687,0,0.4047333671047702
8806.json,democratic-congressional-campaign-committee,half-true,0,speaker_disjoint_split,0,0.4757830744692727,1,0.5094916462559818
12607.json,donald-trump,half-true,0,speaker_disjoint_split,0,0.4883962224568783,1,0.5191286746888591
687.json,john-mccain,barely-true,1,speaker_disjoint_split,0,0.4192368359604825,0,0.4391194346835667
182.json,bill-richardson,true,0,speaker_disjoint_split,0,0.42993084952408567,0,0.4211931674217835
10862.json,eric-turner,pants-fire,1,speaker_disjoint_split,0,0.3656596186150661,0,0.36485908336284756
7863.json,republican-governors-association,mostly-true,0,speaker_disjoint_split,0,0.42948862610332456,0,0.39697824804585424
6196.json,majority-pac,barely-true,1,speaker_disjoint_split,0,0.480343669333704,0,0.443992454484754
11866.json,bernie-s,half-true,0,speaker_disjoint_split,1,0.5545197939472954,0,0.4384256229708491
2281.json,michael-bloomberg,true,0,speaker_disjoint_split,1,0.5278355056507346,1,0.5127056827571291
7813.json,lynn-derbyshire,mostly-true,0,speaker_disjoint_split,0,0.4581622962218946,0,0.3447385072168685
778.json,john-mccain,false,1,speaker_disjoint_split,0,0.3312322161634354,0,0.3562918022566535
9131.json,republican-governors-association,mostly-true,0,speaker_disjoint_split,0,0.40709205622615585,0,0.41928358528941456
1281.json,claire-mccaskill,true,0,speaker_disjoint_split,0,0.4809619356506444,1,0.5004359019959915
9715.json,dennis-richardson,true,0,speaker_disjoint_split,0,0.3631296183536796,0,0.34085295967657453
3230.json,donald-trump,pants-fire,1,speaker_disjoint_split,1,0.5086654414856218,1,0.5331973989163199
6105.json,ron-paul,barely-true,1,speaker_disjoint_split,0,0.39885448161681714,0,0.4872841343960755
9846.json,charlie-crist,false,1,speaker_disjoint_split,0,0.4876607641932228,0,0.4706959257264161
6907.json,joe-biden,true,0,speaker_disjoint_split,1,0.5110560405629032,0,0.4705773147314072
4341.json,regina-benjamin,true,0,speaker_disjoint_split,0,0.3705754181094564,0,0.33533898352440317
1536.json,debbie-wasserman-schultz,mostly-true,0,speaker_disjoint_split,0,0.40944827844013476,1,0.554212100471535
12978.json,david-plouffe,mostly-true,0,speaker_disjoint_split,1,0.5213873682914705,1,0.5684657051716965
13107.json,donald-trump,pants-fire,1,speaker_disjoint_split,0,0.4722240341300153,0,0.4979726282972821
2949.json,bernie-s,false,1,speaker_disjoint_split,0,0.3019048125913692,0,0.3456462907601871
13158.json,vote-no-2,half-true,0,speaker_disjoint_split,0,0.4833645419767516,0,0.41692335015181037
12700.json,scott-walker,true,0,speaker_disjoint_split,0,0.2678798594557826,0,0.3315383883108477
4046.json,national-republican-congressional-committee,false,1,speaker_disjoint_split,0,0.47835614490414924,0,0.46892757363556525
62.json,bill-richardson,mostly-true,0,speaker_disjoint_split,0,0.48493753823930474,1,0.506719242883554
5207.json,silvestre-reyes,half-true,0,speaker_disjoint_split,0,0.4629621640327575,0,0.4550728704529966
7480.json,al-cardenas,false,1,speaker_disjoint_split,0,0.46774010984715725,0,0.41984480649967443
3412.json,jeff-merkley,mostly-true,0,speaker_disjoint_split,0,0.4520264530396591,0,0.4396326402365079
11382.json,donald-trump,false,1,speaker_disjoint_split,0,0.4137016030420655,0,0.44880870143274376
4520.json,jennette-gayer,half-true,0,speaker_disjoint_split,0,0.4639960004616144,0,0.4068305133437363
2510.json,promote-oregon-leadership-pac-oregon-house-republi,false,1,speaker_disjoint_split,0,0.46106776493966634,0,0.45897799743425943
1808.json,charlie-crist,false,1,speaker_disjoint_split,1,0.5637291948464495,0,0.4726727343979559
4039.json,jeff-fitzgerald,pants-fire,1,speaker_disjoint_split,0,0.4371750348761571,0,0.4361957658782704
7190.json,don-pridemore,true,0,speaker_disjoint_split,0,0.4138183534586703,0,0.35108431369444104
8861.json,national-republican-congressional-committee,half-true,0,speaker_disjoint_split,1,0.5115368007037467,0,0.48069222086712954
5111.json,jon-huntsman,barely-true,1,speaker_disjoint_split,0,0.449409040955944,0,0.4291677136847762
12440.json,dale-kooyenga,half-true,0,speaker_disjoint_split,0,0.3455868000312353,0,0.36389055349877614
4555.json,bernie-s,true,0,speaker_disjoint_split,0,0.3289091248269989,0,0.328674945541997
1821.json,tim-kaine,half-true,0,speaker_disjoint_split,0,0.4046714465266942,0,0.4107583974212591
7973.json,ken-cuccinelli,false,1,speaker_disjoint_split,0,0.4963506366437489,0,0.4557186945674595
3799.json,evan-longoria,pants-fire,1,speaker_disjoint_split,0,0.47413170125093046,0,0.37562646398412475
7413.json,wayne-lapierre,false,1,speaker_disjoint_split,1,0.5375081046442037,0,0.4799401049359082
11042.json,ron-paul,true,0,speaker_disjoint_split,0,0.3897582194843317,0,0.3309480247930736
7099.json,health-first-wisconsin,false,1,speaker_disjoint_split,0,0.4332085294819199,0,0.4469629427323714
7835.json,republican-party-florida,barely-true,1,speaker_disjoint_split,0,0.4628675310761829,0,0.42590748028622033
9963.json,charlie-crist,half-true,0,speaker_disjoint_split,0,0.40458685589081356,0,0.42266868700171273
13141.json,stop-57-campaign,barely-true,1,speaker_disjoint_split,0,0.4784497150290706,0,0.3861348439415555
9755.json,nextgen-climate,half-true,0,speaker_disjoint_split,1,0.544088723912648,1,0.5012467024322925
11129.json,bernie-s,mostly-true,0,speaker_disjoint_split,0,0.29722523399646117,0,0.30018806206293386
13504.json,dan-patrick,mostly-true,0,speaker_disjoint_split,0,0.3000079320854329,0,0.3431033602874601
1164.json,organizing-america,pants-fire,1,speaker_disjoint_split,1,0.5154450159083275,1,0.5216639338512116
11818.json,donald-trump,false,1,speaker_disjoint_split,0,0.44596585701646674,1,0.5115100196044682
12744.json,donald-trump,mostly-true,0,speaker_disjoint_split,1,0.503793005274223,1,0.5093632959501843
12574.json,scott-walker,mostly-true,0,speaker_disjoint_split,1,0.5326160477356747,0,0.4088214167805751
10692.json,scott-walker,barely-true,1,speaker_disjoint_split,1,0.5642865655114246,0,0.4713007461587621
11381.json,mark-kelly,half-true,0,speaker_disjoint_split,0,0.3772421729363116,0,0.3756972126156418
6897.json,joe-biden,half-true,0,speaker_disjoint_split,0,0.37369240156736,0,0.4058833820286769
12757.json,donald-trump,mostly-true,0,speaker_disjoint_split,0,0.4613457407537785,1,0.5132764090699103
5299.json,susan-combs,false,1,speaker_disjoint_split,0,0.4716098965231176,0,0.4887764587312157
7563.json,michael-bloomberg,true,0,speaker_disjoint_split,0,0.4092875342057775,0,0.41364784432305596
8329.json,saxby-chambliss,barely-true,1,speaker_disjoint_split,1,0.5407931483569123,0,0.49219039730637915
4387.json,chip-rogers,mostly-true,0,speaker_disjoint_split,0,0.49632372290684784,0,0.4740449868926151
8451.json,amardeep-kaleka,pants-fire,1,speaker_disjoint_split,0,0.4693136144254531,0,0.47911950898419664
12504.json,blog-posting,pants-fire,1,speaker_disjoint_split,0,0.4114851502452034,1,0.530111090270475
11074.json,don-beyer,half-true,0,speaker_disjoint_split,0,0.42104265453126843,0,0.4337454030315932
8262.json,charlie-crist,barely-true,1,speaker_disjoint_split,0,0.4053011073418753,0,0.3857343865813253
13239.json,donald-trump,barely-true,1,speaker_disjoint_split,0,0.4568941626933979,0,0.48236928039965704
1592.json,david-axelrod,half-true,0,speaker_disjoint_split,0,0.48318770785352483,0,0.4868086968126663
5473.json,aclu-florida,mostly-true,0,speaker_disjoint_split,0,0.45506677364881626,0,0.47149895750619253
3408.json,alan-powell,mostly-true,0,speaker_disjoint_split,1,0.5052677054869501,1,0.5021060888894775
1155.json,michael-steele,pants-fire,1,speaker_disjoint_split,0,0.41325338708631243,0,0.4541646057267163
1122.json,club-growth,false,1,speaker_disjoint_split,0,0.4863236163032177,0,0.4656581767871216
12803.json,tim-kaine,half-true,0,speaker_disjoint_split,0,0.4218015114029376,0,0.4131443133358735
5409.json,kathleen-vinehout,false,1,speaker_disjoint_split,0,0.36780993732696593,0,0.34253930419772916
7313.json,steve-henson,half-true,0,speaker_disjoint_split,0,0.46005137264106616,0,0.4312911973436146
4809.json,joe-biden,true,0,speaker_disjoint_split,0,0.3479366411218866,0,0.3444810457317527
12366.json,philadelphia-daily-news,half-true,0,speaker_disjoint_split,0,0.492672560728732,0,0.4379292846037773
4778.json,lynn-westmoreland,true,0,speaker_disjoint_split,0,0.3739869851335183,0,0.37389077096875767
7908.json,peter-roskam,mostly-true,0,speaker_disjoint_split,0,0.3950090298101862,0,0.3909326066445133
9287.json,scott-walker,half-true,0,speaker_disjoint_split,1,0.5454139234231136,1,0.5569711859563727
4795.json,david-plouffe,mostly-true,0,speaker_disjoint_split,0,0.4837852585852665,0,0.4970678638926149
4534.json,john-kasich,true,0,speaker_disjoint_split,1,0.5193877496449245,0,0.4642790103150985
7738.json,scott-walker,false,1,speaker_disjoint_split,0,0.499096096875097,0,0.42459811460299585
2755.json,john-kasich,half-true,0,speaker_disjoint_split,0,0.41555694366021967,0,0.4801683858187774
9949.json,scott-walker,half-true,0,speaker_disjoint_split,0,0.4919160651505959,1,0.5153722905193431
11069.json,allison-tant,barely-true,1,speaker_disjoint_split,0,0.4925258033005973,1,0.5006329523415619
12409.json,william-devereaux,true,0,speaker_disjoint_split,0,0.4360226069092995,0,0.4315634207894732
9898.json,angel-taveras,barely-true,1,speaker_disjoint_split,0,0.43836395854537863,0,0.4655839215976885
12400.json,donald-trump,barely-true,1,speaker_disjoint_split,0,0.48140005242612083,0,0.4837033722167561
6802.json,david-cicilline,barely-true,1,speaker_disjoint_split,1,0.5442025173110897,1,0.5021443654838542
2957.json,teresa-fedor,barely-true,1,speaker_disjoint_split,0,0.40972433569185285,0,0.4063154178919007
1617.json,charlie-crist,half-true,0,speaker_disjoint_split,0,0.4472041267429083,0,0.46428420382638547
8930.json,jonathan-boucher,pants-fire,1,speaker_disjoint_split,1,0.5016118659587221,0,0.49383983192959546
5684.json,lenny-curry,barely-true,1,speaker_disjoint_split,0,0.43003240093817313,0,0.4217256861433601
13481.json,corey-stewart,false,1,speaker_disjoint_split,1,0.5034882031274426,0,0.4371776273679192
8386.json,bill-burton,mostly-true,0,speaker_disjoint_split,0,0.49323714152260223,0,0.4448183010064367
8542.json,ken-detzner,false,1,speaker_disjoint_split,0,0.44357186232993323,0,0.3989942445792224
1026.json,richard-durbin,true,0,speaker_disjoint_split,0,0.41834999731373423,0,0.421520933617668
7215.json,louie-gohmert,false,1,speaker_disjoint_split,1,0.5502683582008354,0,0.48606256160624917
6737.json,gary-johnson,mostly-true,0,speaker_disjoint_split,0,0.47175937296704534,0,0.46935750899899054
11871.json,bernie-s,barely-true,1,speaker_disjoint_split,0,0.4743045335905348,0,0.47279953487636717
3473.json,armond-budish,mostly-true,0,speaker_disjoint_split,0,0.47364814485822393,0,0.46788823228540666
3309.json,cliff-stearns,true,0,speaker_disjoint_split,0,0.39593080530998714,0,0.43041901731535853
1488.json,joe-biden,true,0,speaker_disjoint_split,0,0.3693465006117208,0,0.3817526395397229
9127.json,arian-foster,half-true,0,speaker_disjoint_split,0,0.43553375182705184,0,0.3940365300806203
3379.json,mike-huebsch,pants-fire,1,speaker_disjoint_split,1,0.5193169507359728,1,0.5098995995636669
8895.json,keith-ellison,mostly-true,0,speaker_disjoint_split,0,0.29708998614395815,0,0.36274543912804097
11167.json,donald-trump,false,1,speaker_disjoint_split,1,0.5127459491959719,1,0.5125510790285716
99.json,john-mccain,true,0,speaker_disjoint_split,0,0.36017711485370546,0,0.4070576371488769
1701.json,bill-clinton,true,0,speaker_disjoint_split,1,0.5113452890165504,1,0.5003581181828646
7503.json,dan-patrick,mostly-true,0,speaker_disjoint_split,0,0.3603163289317363,0,0.4056962262707544
13368.json,donald-trump,half-true,0,speaker_disjoint_split,0,0.38802296735732755,0,0.4240630407505856
12115.json,donald-trump,half-true,0,speaker_disjoint_split,0,0.3431027361719692,0,0.40743352411211814
10658.json,blog-posting,false,1,speaker_disjoint_split,1,0.555284096030448,1,0.5477492851989578
8120.json,nancy-gordeuk,half-true,0,speaker_disjoint_split,0,0.43626730607266323,0,0.4094151381363252
11260.json,blog-posting,pants-fire,1,speaker_disjoint_split,0,0.45156334750609056,1,0.6260659678144919
9722.json,blog-posting,pants-fire,1,speaker_disjoint_split,1,0.5312295508920558,1,0.5470492688318682
11134.json,blog-posting,false,1,speaker_disjoint_split,1,0.5131610340591871,1,0.5879942790285471
11366.json,bernie-s,mostly-true,0,speaker_disjoint_split,0,0.4772287333540941,0,0.4157087727954318
13080.json,donald-trump,mostly-true,0,speaker_disjoint_split,0,0.41403526104194255,0,0.4791274458982961
1285.json,bill-oreilly,false,1,speaker_disjoint_split,0,0.4804820462587427,0,0.4836883908574261
11124.json,donald-trump,pants-fire,1,speaker_disjoint_split,0,0.34135564580569894,0,0.41036466344104583
10436.json,john-kasich,pants-fire,1,speaker_disjoint_split,0,0.43665060586301635,0,0.45657381772422284
11175.json,ben-carson,false,1,speaker_disjoint_split,0,0.4539097959427327,0,0.4885770011524887
10976.json,eugene-robinson,mostly-true,0,speaker_disjoint_split,0,0.47342393314931,0,0.4246550365261161
11678.json,donald-trump,barely-true,1,speaker_disjoint_split,0,0.44033557332875684,0,0.46969765610660325
6342.json,tim-kaine,true,0,speaker_disjoint_split,0,0.3907869214353865,0,0.3963852029153025
8877.json,ann-coulter,pants-fire,1,speaker_disjoint_split,1,0.5867619641674385,1,0.5623015818134925
328.json,john-mccain,barely-true,1,speaker_disjoint_split,0,0.4215289101660282,1,0.5278471264100253
8867.json,charlie-crist,barely-true,1,speaker_disjoint_split,0,0.4781048451998112,0,0.40846073485686674
9145.json,scott-walker,false,1,speaker_disjoint_split,0,0.3823301068130529,0,0.43526590090636824
11797.json,bernie-s,mostly-true,0,speaker_disjoint_split,0,0.3821497079237199,0,0.4742138489719573
5135.json,angel-taveras,half-true,0,speaker_disjoint_split,0,0.3708444432676042,0,0.35076723889689293
712.json,john-mccain,pants-fire,1,speaker_disjoint_split,0,0.47030983313072433,0,0.4476515670536735
6074.json,samuel-wurzelbacher,mostly-true,0,speaker_disjoint_split,0,0.4868444524180874,1,0.5195419808721181
627.json,john-mccain,true,0,speaker_disjoint_split,0,0.4138218540717218,0,0.4682525037708264
11439.json,jason-villalba,pants-fire,1,speaker_disjoint_split,0,0.4480894863120761,0,0.46818860914192756
12582.json,tim-kaine,mostly-true,0,speaker_disjoint_split,0,0.4253481783166934,0,0.430885908520385
10486.json,scott-walker,pants-fire,1,speaker_disjoint_split,0,0.46340882430822883,0,0.45375481700814896
12254.json,donald-trump,false,1,speaker_disjoint_split,0,0.46201587283825213,0,0.41586273823036507
2924.json,tom-coburn,false,1,speaker_disjoint_split,0,0.42236854788128025,0,0.4406116352612334
13496.json,blog-posting,false,1,speaker_disjoint_split,0,0.45914296384843545,1,0.5006649073246849
8161.json,scott-walker,false,1,speaker_disjoint_split,0,0.4315176380979432,0,0.39660425713396796
3817.json,armond-budish,true,0,speaker_disjoint_split,0,0.38568370969464977,0,0.4017741231123302
2462.json,patrick-rose,barely-true,1,speaker_disjoint_split,0,0.4807614554954169,1,0.5007160062397386
9208.json,dan-patrick,mostly-true,0,speaker_disjoint_split,0,0.4253787798466804,0,0.41906548729214776
8465.json,diane-ravitch,barely-true,1,speaker_disjoint_split,0,0.4004240907075045,0,0.36712718823656376
8521.json,larry-elder,barely-true,1,speaker_disjoint_split,0,0.28971194224042535,0,0.3434208115963896
6818.json,ohio-republican-party,false,1,speaker_disjoint_split,0,0.4222353104610817,0,0.4779614641498512
12273.json,ben-carson,mostly-true,0,speaker_disjoint_split,0,0.37323211634042436,0,0.4592112221927556
731.json,blog-posting,half-true,0,speaker_disjoint_split,0,0.4627356150687173,0,0.48176178622251975
4796.json,john-kasich,mostly-true,0,speaker_disjoint_split,0,0.43397514354822286,0,0.43097749792670415
12347.json,michael-oneill,mostly-true,0,speaker_disjoint_split,0,0.45443279837365774,0,0.44135266516872484
7718.json,friends-miami-first,half-true,0,speaker_disjoint_split,0,0.41883414818363207,0,0.3769505768215912
5735.json,scott-walker,half-true,0,speaker_disjoint_split,0,0.4552352572398021,0,0.4326217383467561
2451.json,charlie-crist,pants-fire,1,speaker_disjoint_split,0,0.400470827574419,0,0.41329147936831917
12555.json,donald-trump,false,1,speaker_disjoint_split,0,0.4295816624994407,0,0.49430382997595923
790.json,john-mccain,pants-fire,1,speaker_disjoint_split,1,0.535922492118968,0,0.48357424561956025
9357.json,debbie-wasserman-schultz,mostly-true,0,speaker_disjoint_split,0,0.4669204864337379,1,0.540996565906445
5639.json,bill-pascrell,half-true,0,speaker_disjoint_split,0,0.4789086230027538,1,0.5299733075691663
2800.json,sonny-perdue,half-true,0,speaker_disjoint_split,0,0.30326782463702184,0,0.2988496357706797
4604.json,jon-huntsman,pants-fire,1,speaker_disjoint_split,1,0.573354415327203,1,0.532207908668564
11447.json,donald-trump,false,1,speaker_disjoint_split,0,0.2329432817233788,0,0.3280146926138886
6389.json,nathan-deal,barely-true,1,speaker_disjoint_split,0,0.4679430629646919,0,0.4492922143690916
2008.json,charlie-crist,mostly-true,0,speaker_disjoint_split,0,0.42630852195049285,0,0.38303715584860565
10160.json,lloyd-doggett,half-true,0,speaker_disjoint_split,1,0.5114994041325747,0,0.48104863639645756
410.json,blog-posting,pants-fire,1,speaker_disjoint_split,1,0.5502133560511335,1,0.6471380787670992
12249.json,pat-mccrory,barely-true,1,speaker_disjoint_split,0,0.4487091112383226,0,0.44739635244682463
4281.json,ron-paul,half-true,0,speaker_disjoint_split,0,0.4480900551114997,0,0.48953092592033365
1537.json,republican-party-florida,mostly-true,0,speaker_disjoint_split,0,0.49997998767829804,0,0.49706649598844904
9068.json,karl-rove,barely-true,1,speaker_disjoint_split,0,0.4401355644163394,0,0.48899878376658756
11854.json,michael-m-crow,mostly-true,0,speaker_disjoint_split,0,0.3263736320057179,0,0.2983329935788266
8235.json,mayors-against-illegal-guns,half-true,0,speaker_disjoint_split,1,0.5373486388747554,0,0.44279181797011224
13494.json,donald-trump,pants-fire,1,speaker_disjoint_split,1,0.5206188210080854,1,0.5014534074248299
7050.json,democratic-party-oregon,half-true,0,speaker_disjoint_split,1,0.5079606603377599,1,0.5230456081426738
1771.json,vern-buchanan,true,0,speaker_disjoint_split,0,0.32801364856327636,0,0.3360980402894345
13196.json,tim-kaine,mostly-true,0,speaker_disjoint_split,0,0.4657425149684359,0,0.43733274988053844
11359.json,john-kasich,barely-true,1,speaker_disjoint_split,0,0.36645833756245827,0,0.4104987325729704
9526.json,bill-clinton,half-true,0,speaker_disjoint_split,0,0.44705230218207104,0,0.39027380183648774
12072.json,john-kasich,false,1,speaker_disjoint_split,0,0.4409793845412483,0,0.4348796506157583
406.json,john-mccain,false,1,speaker_disjoint_split,1,0.5334429520651429,0,0.4839341632056849
7712.json,john-mccain,half-true,0,speaker_disjoint_split,0,0.42103219211800946,0,0.40997027038500794
10950.json,donald-trump,pants-fire,1,speaker_disjoint_split,0,0.3826129021163901,0,0.3173249399438543
8200.json,janet-napolitano,barely-true,1,speaker_disjoint_split,0,0.4604537612581609,0,0.43403322401246663
10431.json,nathan-deal,mostly-true,0,speaker_disjoint_split,0,0.3173478915603896,0,0.35516523591648835
5350.json,wayne-lapierre,barely-true,1,speaker_disjoint_split,0,0.46524849590816575,0,0.4543189330269184
3906.json,debbie-wasserman-schultz,false,1,speaker_disjoint_split,0,0.4720226528338107,1,0.5283251961382391
5630.json,jimmie-t-smith,false,1,speaker_disjoint_split,0,0.42613540428187646,0,0.4029377131222591
9640.json,fresh-start-pa,mostly-true,0,speaker_disjoint_split,0,0.4435503835672388,0,0.38710963447939756
6608.json,sam-olens,mostly-true,0,speaker_disjoint_split,1,0.5040113029966321,1,0.5514359007588119
13419.json,donald-trump,barely-true,1,speaker_disjoint_split,0,0.37990482925785074,0,0.3493578844828738
8215.json,cynthia-lummis,mostly-true,0,speaker_disjoint_split,0,0.4165923668927153,0,0.41217311342110263
745.json,john-mccain,barely-true,1,speaker_disjoint_split,1,0.5583061645676959,1,0.5212153537416379
12375.json,blog-posting,pants-fire,1,speaker_disjoint_split,0,0.4897633742334109,0,0.46144100506066665
480.json,blog-posting,pants-fire,1,speaker_disjoint_split,1,0.5068405672571171,1,0.5987286196226809
5882.json,freedom-pac,half-true,0,speaker_disjoint_split,0,0.49905677741593707,0,0.4982078822622902
8649.json,bill-oreilly,mostly-true,0,speaker_disjoint_split,1,0.5480830672527803,0,0.4995960477266538
11248.json,bernie-s,mostly-true,0,speaker_disjoint_split,0,0.39614035175827733,0,0.42028974006240355
11908.json,donald-trump,false,1,speaker_disjoint_split,0,0.44919749429393446,1,0.5474823340117739
3041.json,debbie-wasserman-schultz,true,0,speaker_disjoint_split,0,0.4748495051197079,1,0.5069215336644372
2095.json,blog-posting,false,1,speaker_disjoint_split,0,0.47008560483946515,1,0.5332778422825843
10084.json,charlie-crist,true,0,speaker_disjoint_split,0,0.45109528056432924,0,0.4674847756170851
2298.json,glenn-beck,true,0,speaker_disjoint_split,0,0.33904911910248353,0,0.368159619191043
13468.json,americanpoliticnews,pants-fire,1,speaker_disjoint_split,1,0.5017643847757747,0,0.4837689271958401
2048.json,ron-paul,true,0,speaker_disjoint_split,0,0.43383435023107153,0,0.48222465692343003
13093.json,david-jolly,half-true,0,speaker_disjoint_split,0,0.47848803816842794,0,0.4895846483178621
7103.json,carolyn-medeiros,true,0,speaker_disjoint_split,0,0.3789125787731428,0,0.3407455236228982
3773.json,nathan-deal,false,1,speaker_disjoint_split,0,0.3729924196362427,0,0.3609593991373905
10740.json,bernie-s,mostly-true,0,speaker_disjoint_split,0,0.33157214595982437,0,0.30925123075433086
11166.json,john-kasich,mostly-true,0,speaker_disjoint_split,0,0.395006167601719,0,0.3753850631202257
6243.json,american-commitment,barely-true,1,speaker_disjoint_split,1,0.6366179093539164,1,0.6078828985331617
12176.json,donald-trump,half-true,0,speaker_disjoint_split,0,0.42526976883341155,0,0.46488839021163963
8541.json,scott-walker,true,0,speaker_disjoint_split,0,0.393245340533108,0,0.4164356799929436
2266.json,florida-first-initiative,false,1,speaker_disjoint_split,0,0.4971178381166449,0,0.41671966007126426
5175.json,nathan-deal,half-true,0,speaker_disjoint_split,0,0.4568391755835014,0,0.4483802484798691
10071.json,charlie-crist,true,0,speaker_disjoint_split,0,0.46295570976047196,0,0.42866733581072886
6146.json,david-plouffe,true,0,speaker_disjoint_split,0,0.43092957466844545,0,0.4501651996347935
6838.json,john-kasich,mostly-true,0,speaker_disjoint_split,0,0.27933832037721146,0,0.3113785317846122
8712.json,kimberly-nelson,true,0,speaker_disjoint_split,0,0.48893879718866706,0,0.4195269998707699
7242.json,bill-pascrell,mostly-true,0,speaker_disjoint_split,0,0.32116437496016353,0,0.34591535019520436
8717.json,blog-posting,pants-fire,1,speaker_disjoint_split,1,0.578313633647769,1,0.6098568269507811
1807.json,national-republican-congressional-committee,false,1,speaker_disjoint_split,1,0.5213672745041403,1,0.5075970230098313
5515.json,sam-adams,half-true,0,speaker_disjoint_split,0,0.3692153717081565,0,0.4047342626869587
9026.json,allen-peake,half-true,0,speaker_disjoint_split,0,0.4480622129085116,0,0.39035146256152553
11343.json,martin-shkreli,false,1,speaker_disjoint_split,0,0.39625794108579987,0,0.4018276560301882
10150.json,charlie-crist,barely-true,1,speaker_disjoint_split,0,0.47918922658311863,0,0.4552118533491265
4030.json,jeff-tittel,false,1,speaker_disjoint_split,0,0.46526419270416797,1,0.5347076809363656
301.json,bill-clinton,false,1,speaker_disjoint_split,1,0.5458409567655644,0,0.46831988830001914
11326.json,karl-rove,mostly-true,0,speaker_disjoint_split,0,0.40943785694354545,0,0.48042224703244935
6246.json,american-commitment,false,1,speaker_disjoint_split,1,0.5924737864398296,1,0.5993891167666653
717.json,joe-biden,half-true,0,speaker_disjoint_split,0,0.4488490853883136,0,0.417694385847566
580.json,john-mccain,false,1,speaker_disjoint_split,0,0.4595529437705511,0,0.45852112867838535
12393.json,chris-sgro,false,1,speaker_disjoint_split,0,0.39097068134499074,0,0.42533408387927424
8266.json,debbie-wasserman-schultz,pants-fire,1,speaker_disjoint_split,0,0.4159533920294887,0,0.44408074417990023
10642.json,don-beyer,false,1,speaker_disjoint_split,0,0.41316111626026486,0,0.45564155775431386
9290.json,tom-coburn,barely-true,1,speaker_disjoint_split,0,0.34627078513155335,0,0.36621932667355644
6860.json,laurie-monnes-anderson,false,1,speaker_disjoint_split,0,0.472170300508486,1,0.5029580585209684
11574.json,bernie-s,mostly-true,0,speaker_disjoint_split,0,0.38629582153896314,0,0.407643099952262
337.json,john-mccain,barely-true,1,speaker_disjoint_split,0,0.38391879824185887,0,0.4325763865195124
3839.json,national-republican-congressional-committee,pants-fire,1,speaker_disjoint_split,0,0.48769010376879557,1,0.5186457666963026
4787.json,ron-paul,true,0,speaker_disjoint_split,0,0.46628095239971273,0,0.47425304918056677
12646.json,debbie-wasserman-schultz,mostly-true,0,speaker_disjoint_split,0,0.3619889249553087,0,0.4586997059418797
760.json,john-mccain,false,1,speaker_disjoint_split,1,0.5311992885396419,0,0.4686854278454302
641.json,john-mccain,mostly-true,0,speaker_disjoint_split,0,0.43217180890221235,0,0.39531642809715023
9858.json,mark-begich,pants-fire,1,speaker_disjoint_split,0,0.4971951880995432,0,0.48994497058862124
10541.json,joseph-yost,mostly-true,0,speaker_disjoint_split,0,0.43194883721439686,0,0.3996109573163325
733.json,john-mccain,barely-true,1,speaker_disjoint_split,0,0.47674227288773174,0,0.4641818679677812
11857.json,bernie-s,false,1,speaker_disjoint_split,1,0.5059058638550988,0,0.47209372428665597
2634.json,democratic-congressional-campaign-committee,half-true,0,speaker_disjoint_split,0,0.4859370168528666,0,0.48008236267683524
8731.json,gus-bilirakis,false,1,speaker_disjoint_split,0,0.4019164596822719,0,0.3701681489063196
9878.json,jeff-merkley,half-true,0,speaker_disjoint_split,1,0.514027423862774,0,0.45269999150870743
2139.json,donna-brazile,true,0,speaker_disjoint_split,0,0.3205555368737612,0,0.33802321802356405
5068.json,david-cicilline,mostly-true,0,speaker_disjoint_split,0,0.3725860524668246,0,0.2940299754277249
11801.json,bernie-s,false,1,speaker_disjoint_split,0,0.4846024830585096,0,0.4278284620784902
6652.json,bill-clinton,true,0,speaker_disjoint_split,1,0.5270250807536473,0,0.464005536636055
399.json,campaign-defend-america,mostly-true,0,speaker_disjoint_split,0,0.3989356838623567,0,0.3951000597726786
12275.json,pat-mccrory,false,1,speaker_disjoint_split,0,0.42658792488909936,0,0.4421565458660679
13096.json,donald-trump,true,0,speaker_disjoint_split,0,0.2678332533272344,0,0.3329072600185101
428.json,bill-clinton,pants-fire,1,speaker_disjoint_split,0,0.4418532093250092,0,0.45700485401016006
12042.json,bernie-s,mostly-true,0,speaker_disjoint_split,0,0.29570386065313625,0,0.32431099469925945
7839.json,oregon-pta,true,0,speaker_disjoint_split,0,0.3953011987340552,0,0.35762249662271095
10126.json,scott-walker,false,1,speaker_disjoint_split,0,0.4323969212686341,0,0.4068652519259506
7956.json,richard-durbin,half-true,0,speaker_disjoint_split,0,0.45083652659537643,0,0.40638272707516654
1335.json,orrin-hatch,barely-true,1,speaker_disjoint_split,0,0.4814229897586791,1,0.508960546817497
5372.json,scott-walker,pants-fire,1,speaker_disjoint_split,0,0.4015245748535532,0,0.3720310395808615
4676.json,ron-paul,false,1,speaker_disjoint_split,0,0.4287459312295138,0,0.43025702279426037
1741.json,arlen-specter,true,0,speaker_disjoint_split,0,0.4831891752839773,0,0.4748296092799893
11047.json,ben-ferguson,barely-true,1,speaker_disjoint_split,0,0.4128581110147141,0,0.41461364490740776
12117.json,bernie-s,half-true,0,speaker_disjoint_split,0,0.361939995828995,0,0.42091808250258483
3066.json,ohio-alliance-retired-americans,false,1,speaker_disjoint_split,0,0.4699088941510488,0,0.48217171885676513
519.json,john-mccain,barely-true,1,speaker_disjoint_split,0,0.478329746700888,0,0.4746460746777605
6757.json,its-still-bad-idea,mostly-true,0,speaker_disjoint_split,0,0.44482100641991584,0,0.3912152600835926
1758.json,jan-brewer,barely-true,1,speaker_disjoint_split,0,0.3670548632523926,0,0.48735586683417476
4219.json,ash-williams,false,1,speaker_disjoint_split,0,0.42538898575273526,0,0.4876600513659166
12751.json,donald-trump,true,0,speaker_disjoint_split,0,0.3717377091113381,0,0.38685012728093127
5942.json,graeme-zielinski,pants-fire,1,speaker_disjoint_split,0,0.4828484629604178,0,0.49356746788707406
9999.json,dan-patrick,false,1,speaker_disjoint_split,1,0.5595340114936583,1,0.5459002465000505
5881.json,shaun-ireland,mostly-true,0,speaker_disjoint_split,0,0.41361794711736316,0,0.35765600919709434
3047.json,robert-hagan,half-true,0,speaker_disjoint_split,0,0.3677141799109448,0,0.408543849017988
9705.json,scott-walker,pants-fire,1,speaker_disjoint_split,0,0.3923237626310452,0,0.4701871802083653
6039.json,new-jersey-democratic-state-committee,false,1,speaker_disjoint_split,0,0.4929905564224568,0,0.4684018727072251
4120.json,scott-walker,false,1,speaker_disjoint_split,0,0.3913796870882929,0,0.37736113462020915
3359.json,scott-mccown,true,0,speaker_disjoint_split,0,0.30120463751224724,0,0.3545694389206849
7820.json,bill-ratliff,barely-true,1,speaker_disjoint_split,0,0.4160218804623765,0,0.3523029781675735
7134.json,scott-walker,barely-true,1,speaker_disjoint_split,0,0.4552434398419431,1,0.5038543879728036
9534.json,debbie-wasserman-schultz,mostly-true,0,speaker_disjoint_split,0,0.41871800889977456,0,0.4677888739611852
5546.json,frank-wolf,true,0,speaker_disjoint_split,0,0.33551513507220876,0,0.3715106122783044
4304.json,state-democratic-party-wisconsin,barely-true,1,speaker_disjoint_split,1,0.5201587493000884,1,0.5454286588470547
1938.json,richard-durbin,false,1,speaker_disjoint_split,0,0.3420968750105309,0,0.38902282397244237
12157.json,pat-mccrory,half-true,0,speaker_disjoint_split,0,0.4367793510916623,0,0.41926362690722313
3653.json,donald-trump,pants-fire,1,speaker_disjoint_split,0,0.49464320668357087,0,0.47573383064106006
11557.json,donald-trump,half-true,0,speaker_disjoint_split,0,0.49952366657931657,1,0.5398621689251935
5751.json,wayne-lapierre,mostly-true,0,speaker_disjoint_split,0,0.4671623084323017,0,0.46573323644690245
10607.json,joe-biden,half-true,0,speaker_disjoint_split,0,0.47011219360544354,0,0.421551340028489
4874.json,greg-walden,half-true,0,speaker_disjoint_split,0,0.49185520899687246,1,0.5168267845655508
11180.json,heather-mcghee,true,0,speaker_disjoint_split,0,0.414049501784942,0,0.45440679101179604
6917.json,marsha-blackburn,false,1,speaker_disjoint_split,1,0.7685038424727116,1,0.6256942030937759
6368.json,bill-clinton,half-true,0,speaker_disjoint_split,0,0.4038881744594823,0,0.4906160692734634
7874.json,13th-district-gop-slate,half-true,0,speaker_disjoint_split,0,0.4519721591885715,0,0.47421441970864386
8583.json,lynn-westmoreland,half-true,0,speaker_disjoint_split,0,0.49227125539263483,1,0.5138254699616167
8242.json,georgia-campaign-liberty,false,1,speaker_disjoint_split,0,0.4841088590339336,0,0.456534448273958
2372.json,ann-coulter,half-true,0,speaker_disjoint_split,1,0.5485848784036385,0,0.4964362438001728
12197.json,bernie-s,barely-true,1,speaker_disjoint_split,0,0.4919728212368026,0,0.4598436084023804
7067.json,peoples-majority,pants-fire,1,speaker_disjoint_split,1,0.5075068066118458,1,0.5434424986777138
9215.json,donald-trump,false,1,speaker_disjoint_split,0,0.49662183507586766,1,0.5089426866247289
10029.json,nathan-deal,true,0,speaker_disjoint_split,0,0.38864777228941044,0,0.34108344813983993
12637.json,pat-robertson,barely-true,1,speaker_disjoint_split,1,0.5621065964238635,1,0.5142573904803488
8361.json,steve-lonegan,half-true,0,speaker_disjoint_split,0,0.3056242203887971,0,0.3605515727506471
11883.json,donald-trump,barely-true,1,speaker_disjoint_split,0,0.35905008494688173,0,0.4019657101077671
7935.json,ron-hood,pants-fire,1,speaker_disjoint_split,0,0.48301791429737095,0,0.4881606977665399
8077.json,republican-party-florida,mostly-true,0,speaker_disjoint_split,0,0.49705065825694383,0,0.4723730919388868
2904.json,kirk-watson,mostly-true,0,speaker_disjoint_split,0,0.40931862937511454,0,0.40428465087450294
1581.json,cathie-adams,barely-true,1,speaker_disjoint_split,1,0.5019340684251464,0,0.43964865099227607
2606.json,hank-gilbert,half-true,0,speaker_disjoint_split,0,0.3486029190289773,0,0.3667243706340379
7419.json,wayne-lapierre,barely-true,1,speaker_disjoint_split,0,0.48301234548356153,1,0.5079866622024521
13153.json,donald-trump,mostly-true,0,speaker_disjoint_split,0,0.4428281779117693,0,0.46605836101235204
13130.json,donald-trump,true,0,speaker_disjoint_split,0,0.418154497036068,0,0.38412210214629133
8889.json,thomas-perez,mostly-true,0,speaker_disjoint_split,0,0.38598939009790917,0,0.3549114058112099
3842.json,national-republican-congressional-committee,barely-true,1,speaker_disjoint_split,1,0.5200382827148284,0,0.47302714473692187
4252.json,daniel-mckee,half-true,0,speaker_disjoint_split,0,0.38346630202556214,0,0.3395872357404804
8300.json,dale-kooyenga,barely-true,1,speaker_disjoint_split,0,0.38349506691027363,0,0.4126526549866958
6414.json,john-kasich,true,0,speaker_disjoint_split,0,0.37329428919451213,0,0.3865617482398682
11957.json,donald-trump,pants-fire,1,speaker_disjoint_split,0,0.454280188405174,0,0.48849596962994274
12509.json,donald-trump,mostly-true,0,speaker_disjoint_split,0,0.3589415311998081,0,0.42560740966428545
3349.json,scott-walker,barely-true,1,speaker_disjoint_split,0,0.4889156536294007,0,0.4854570245378631
4991.json,jon-huntsman,barely-true,1,speaker_disjoint_split,1,0.6031803047704597,0,0.4482184629560176
12766.json,donald-trump,false,1,speaker_disjoint_split,0,0.46460329600721534,0,0.4643835132027319
10127.json,nathan-deal,mostly-true,0,speaker_disjoint_split,0,0.4658763007988165,0,0.4409232445132577
13209.json,donald-trump,barely-true,1,speaker_disjoint_split,0,0.48617888182518515,1,0.5034543671553839
6695.json,democratic-congressional-campaign-committee,false,1,speaker_disjoint_split,0,0.41291791774840547,0,0.47067464914746177
12786.json,bill-clinton,half-true,0,speaker_disjoint_split,0,0.315064505634662,0,0.30399101266011946
12196.json,john-kasich,mostly-true,0,speaker_disjoint_split,1,0.5070336605469725,0,0.451467404444714
12121.json,donald-trump,pants-fire,1,speaker_disjoint_split,0,0.36740080721174956,0,0.38014669117604444
8630.json,scott-walker,mostly-true,0,speaker_disjoint_split,0,0.4849894694978175,0,0.4356485740911845
12050.json,donald-trump,false,1,speaker_disjoint_split,1,0.5547635012101331,1,0.5040229366602756
1846.json,glenn-beck,mostly-true,0,speaker_disjoint_split,0,0.39634413957222925,0,0.42129209968684284
6655.json,charlie-crist,half-true,0,speaker_disjoint_split,0,0.43205621159274005,0,0.4300560945674613
1730.json,bill-oreilly,pants-fire,1,speaker_disjoint_split,1,0.5100914450503453,1,0.5027465935524444
2899.json,jeff-fitzgerald,barely-true,1,speaker_disjoint_split,1,0.5055612895051775,0,0.4783551953128701
10059.json,charlie-crist,mostly-true,0,speaker_disjoint_split,1,0.5459236323595164,1,0.5405437782298788
12450.json,pat-mccrory,barely-true,1,speaker_disjoint_split,1,0.5110956120062919,0,0.45530027024689057
5869.json,saxby-chambliss,half-true,0,speaker_disjoint_split,0,0.48540751594013465,0,0.486271078396451
1601.json,karl-rove,false,1,speaker_disjoint_split,0,0.4645236654612875,0,0.4772667526976311
7743.json,ken-cuccinelli,false,1,speaker_disjoint_split,0,0.42757837152286626,0,0.4492554583974082
12995.json,donald-trump,barely-true,1,speaker_disjoint_split,0,0.4220228431874713,0,0.46033652353749843
8636.json,debra-medina,true,0,speaker_disjoint_split,0,0.2845940379396066,0,0.3027644145964782
483.json,john-mccain,mostly-true,0,speaker_disjoint_split,0,0.43123859133213427,0,0.4851623169104938
1212.json,michael-steele,true,0,speaker_disjoint_split,0,0.44366496068981753,0,0.4506702043931171
3264.json,lloyd-doggett,mostly-true,0,speaker_disjoint_split,0,0.3735104953344311,0,0.41549522430063635
11330.json,donald-trump,mostly-true,0,speaker_disjoint_split,0,0.4549980277360065,0,0.46949545431784256
12595.json,donald-trump,false,1,speaker_disjoint_split,0,0.4569949122135108,1,0.5174983633987345
9102.json,chris-chocola,half-true,0,speaker_disjoint_split,0,0.4841735269445392,0,0.45015840599212176
6299.json,scott-walker,false,1,speaker_disjoint_split,1,0.6587287978067112,1,0.6220183404687718
4210.json,joshua-henne,false,1,speaker_disjoint_split,0,0.37613114669798525,0,0.37120306478223664
6643.json,bill-clinton,mostly-true,0,speaker_disjoint_split,0,0.34974766261192863,0,0.33704748076134905
4918.json,ron-paul,barely-true,1,speaker_disjoint_split,0,0.3554369822000262,0,0.39302546656432386
5041.json,steve-lonegan,false,1,speaker_disjoint_split,0,0.35025937666620877,0,0.41254315776411227
7508.json,ed-fallone,mostly-true,0,speaker_disjoint_split,0,0.3864514124688214,0,0.4202544144084004
9366.json,valarie-wilson,half-true,0,speaker_disjoint_split,0,0.4984443552413669,0,0.431410038389084
7462.json,ken-cuccinelli,true,0,speaker_disjoint_split,0,0.47467929876628595,0,0.41980700931159554
4791.json,debbie-wasserman-schultz,half-true,0,speaker_disjoint_split,0,0.37853093814280947,0,0.4429425622427161
813.json,john-mccain,false,1,speaker_disjoint_split,1,0.5615296017601793,1,0.50632821969928
12760.json,donald-trump,mostly-true,0,speaker_disjoint_split,0,0.42955551071007675,0,0.4077954664283927
4511.json,john-sherman,false,1,speaker_disjoint_split,0,0.37107358509346683,0,0.38864622177341834
11598.json,donald-trump,half-true,0,speaker_disjoint_split,0,0.40931306939425793,0,0.48066076805394126
528.json,john-mccain,true,0,speaker_disjoint_split,1,0.5046753598959796,0,0.49206642805210504
13450.json,donald-trump,false,1,speaker_disjoint_split,0,0.41198605654033643,0,0.4717294273606857
121.json,john-mccain,false,1,speaker_disjoint_split,0,0.4361539603696742,0,0.48898583213551533
19.json,joe-biden,pants-fire,1,speaker_disjoint_split,0,0.49658234924987954,0,0.45621552884831024
801.json,john-mccain,half-true,0,speaker_disjoint_split,0,0.4220935939199892,0,0.45449478927703046
6365.json,democratic-congressional-campaign-committee,pants-fire,1,speaker_disjoint_split,1,0.5450770956378915,1,0.5106894118473031
8177.json,blog-posting,pants-fire,1,speaker_disjoint_split,1,0.5408575340460177,1,0.5463450876750024
7469.json,carol-shea-porter,half-true,0,speaker_disjoint_split,0,0.4251323851490514,0,0.4516947044232759
9617.json,charlie-crist,mostly-true,0,speaker_disjoint_split,0,0.3268944019452229,0,0.35243523742844135
10537.json,trebor-banstetter,true,0,speaker_disjoint_split,0,0.4352178476570279,0,0.4478992653985416
4925.json,rob-cornilles,half-true,0,speaker_disjoint_split,0,0.3883393696310828,0,0.45610681356339117
2642.json,charlie-crist,barely-true,1,speaker_disjoint_split,0,0.459493473655373,0,0.47217429524752186
8905.json,charlie-crist,false,1,speaker_disjoint_split,1,0.7050030506311928,1,0.5047328086383049
12031.json,john-kasich,barely-true,1,speaker_disjoint_split,0,0.462501333364916,0,0.4450176410098525
1318.json,glenn-beck,pants-fire,1,speaker_disjoint_split,0,0.4579336389043112,0,0.4601780775840513
9236.json,scott-walker,mostly-true,0,speaker_disjoint_split,0,0.2891504230051549,0,0.3374444884598779
8201.json,national-republican-congressional-committee,barely-true,1,speaker_disjoint_split,1,0.5917073230898096,1,0.5708796265023379
13052.json,donald-trump,true,0,speaker_disjoint_split,0,0.41706535668165545,0,0.4093210250017764
6440.json,tomorrows-vision-florida,false,1,speaker_disjoint_split,0,0.4569189859028107,0,0.4270759600765182
633.json,jerome-corsi,false,1,speaker_disjoint_split,0,0.48354820971244505,0,0.44414915049526016
510.json,republican-party-florida,pants-fire,1,speaker_disjoint_split,1,0.5544132019939024,0,0.4592701300552434
12752.json,donald-trump,mostly-true,0,speaker_disjoint_split,0,0.32222117779646225,0,0.37221264259616615
3984.json,jon-huntsman,true,0,speaker_disjoint_split,0,0.3947699937400727,0,0.3654678093155485
1825.json,michael-steele,true,0,speaker_disjoint_split,0,0.3963628903506581,0,0.40244266766019515
11864.json,john-kasich,false,1,speaker_disjoint_split,0,0.41222939239988265,0,0.35930467478553774
278.json,john-mccain,false,1,speaker_disjoint_split,1,0.5212486375968272,0,0.45214641909590414
401.json,campaign-defend-america,true,0,speaker_disjoint_split,0,0.4887217526972837,1,0.5774930371630586
11096.json,donald-trump,false,1,speaker_disjoint_split,0,0.437092358870985,1,0.5199028180370671
5209.json,rob-cornilles,half-true,0,speaker_disjoint_split,1,0.5152311844928887,1,0.5079549232820382
9524.json,state-democratic-party-wisconsin,pants-fire,1,speaker_disjoint_split,1,0.5159912594310465,1,0.549961765994905
9198.json,marsha-blackburn,half-true,0,speaker_disjoint_split,0,0.43236123336630605,0,0.4459125379796965
12169.json,chris-sgro,mostly-true,0,speaker_disjoint_split,0,0.4912397732936655,0,0.4250120884525893
12996.json,donald-trump,pants-fire,1,speaker_disjoint_split,0,0.4140019905019081,0,0.41555689018103226
10064.json,republican-party-florida,false,1,speaker_disjoint_split,0,0.47975448230884055,0,0.40244393017608177
4161.json,cliff-stearns,mostly-true,0,speaker_disjoint_split,0,0.4036328465276114,0,0.4023906730404673
2646.json,democratic-congressional-campaign-committee,half-true,0,speaker_disjoint_split,0,0.420231468489147,0,0.38019078790822464
12381.json,mamie-locke,true,0,speaker_disjoint_split,0,0.30561935487964664,0,0.34507922211717057
10055.json,jeanne-shaheen,mostly-true,0,speaker_disjoint_split,1,0.5330531251701841,1,0.5061056272535551
13251.json,donald-trump,pants-fire,1,speaker_disjoint_split,0,0.39629239116041587,0,0.47598462318854634
6239.json,robert-menendez,barely-true,1,speaker_disjoint_split,0,0.39975542404694425,0,0.3847878358134934
9612.json,republican-party-florida,half-true,0,speaker_disjoint_split,0,0.49585742209656,0,0.38968716700663597
1087.json,joe-biden,mostly-true,0,speaker_disjoint_split,0,0.37840073508534017,0,0.3949949936601269
267.json,bill-richardson,true,0,speaker_disjoint_split,0,0.46152024426038685,0,0.4505261099224348
4272.json,lloyd-doggett,true,0,speaker_disjoint_split,0,0.26471372271149485,0,0.30906149422652385
2357.json,scott-walker,false,1,speaker_disjoint_split,1,0.5340451822982026,0,0.49548439780577364
12541.json,donald-trump,barely-true,1,speaker_disjoint_split,0,0.4631601110501208,0,0.4715217058309593
2854.json,carole-smith,pants-fire,1,speaker_disjoint_split,0,0.38118839930351894,0,0.37631496511671025
2072.json,david-cicilline,true,0,speaker_disjoint_split,0,0.29480862508426126,0,0.31856555990509106
1420.json,debra-medina,mostly-true,0,speaker_disjoint_split,0,0.4875772843500088,0,0.45108287972489136
6370.json,julian-castro,true,0,speaker_disjoint_split,0,0.3580673090823735,0,0.3729490807349947
10163.json,james-carr,true,0,speaker_disjoint_split,0,0.4594662184695051,0,0.4690829020460101
2796.json,safe-routes-schools,false,1,speaker_disjoint_split,0,0.3902643018211425,0,0.3907046280168717
2679.json,charlie-crist,true,0,speaker_disjoint_split,0,0.42675379931266555,0,0.4759269574628116
10040.json,bill-oreilly,half-true,0,speaker_disjoint_split,1,0.5162768719089262,0,0.4805705331689395
8667.json,bob-schieffer,true,0,speaker_disjoint_split,0,0.44169709597315937,0,0.4266433183191925
9746.json,mark-emmert,half-true,0,speaker_disjoint_split,0,0.34325118577692704,0,0.3399575813863667
4698.json,americans-prosperity-new-jersey,false,1,speaker_disjoint_split,0,0.4759069500578825,0,0.4289602095950794
2585.json,christine-odonnell,barely-true,1,speaker_disjoint_split,1,0.5128759352618867,0,0.4631292644672447
6026.json,scott-walker,half-true,0,speaker_disjoint_split,0,0.45072407905678424,0,0.4054263812128287
13056.json,national-republican-congressional-committee,true,0,speaker_disjoint_split,0,0.41789705780779074,0,0.474123386992354
1103.json,glenn-beck,pants-fire,1,speaker_disjoint_split,0,0.48842605813723805,1,0.5258318159233728
4105.json,shelly-moore,pants-fire,1,speaker_disjoint_split,0,0.4922445176972426,1,0.5455161236910255
8533.json,frank-fahrenkopf,barely-true,1,speaker_disjoint_split,0,0.3807153495023613,0,0.38612969571395384
13125.json,donald-trump,barely-true,1,speaker_disjoint_split,1,0.5346004351383177,0,0.49342378798599684
3107.json,dean-cannon,true,0,speaker_disjoint_split,0,0.37067882858122536,0,0.3854223798021346
6765.json,joaquin-castro,true,0,speaker_disjoint_split,0,0.4396944564205333,0,0.4111078948461567
4243.json,jon-huntsman,mostly-true,0,speaker_disjoint_split,0,0.4041617838778565,0,0.39985873015255713
7818.json,carolyn-tomei,mostly-true,0,speaker_disjoint_split,0,0.3971383928803883,0,0.40823060368361985
10871.json,gina-hinojosa,half-true,0,speaker_disjoint_split,0,0.32673856010477287,0,0.4037208588823457
11324.json,dale-kooyenga,mostly-true,0,speaker_disjoint_split,0,0.41758375163563977,0,0.3407566140970159
3637.json,donald-trump,mostly-true,0,speaker_disjoint_split,0,0.4631845258617755,0,0.46497510679048537
6060.json,jeanne-shaheen,barely-true,1,speaker_disjoint_split,0,0.36870936628095186,0,0.38952616709553456
603.json,john-mccain,false,1,speaker_disjoint_split,1,0.5462653498696824,0,0.48756033363460793
11545.json,bernie-s,mostly-true,0,speaker_disjoint_split,0,0.34193322215516886,0,0.38309148482088523
6684.json,its-still-bad-idea,pants-fire,1,speaker_disjoint_split,0,0.40082075733507716,0,0.3565622944953299
11711.json,donald-trump,true,0,speaker_disjoint_split,0,0.4293865317452326,0,0.43997001094965993
8869.json,scott-surovell,mostly-true,0,speaker_disjoint_split,0,0.46152354786660754,0,0.3737600808200273
8320.json,charlie-crist,mostly-true,0,speaker_disjoint_split,0,0.376339074889654,0,0.41359412829546294
5505.json,lenny-curry,true,0,speaker_disjoint_split,0,0.40502969912491543,0,0.41787139503222387
11778.json,donald-trump,barely-true,1,speaker_disjoint_split,0,0.4125366604666036,0,0.41347550080657575
1251.json,jay-rockefeller,true,0,speaker_disjoint_split,0,0.35688721600968726,0,0.422501682498438
6112.json,jeff-merkley,mostly-true,0,speaker_disjoint_split,0,0.36335156175897654,0,0.4299702857989465
2652.json,kathie-glass,pants-fire,1,speaker_disjoint_split,0,0.48565069349324114,0,0.49873250196317853
11764.json,state-democratic-party-wisconsin,pants-fire,1,speaker_disjoint_split,0,0.3680376736356539,0,0.405910246102968
7692.json,dan-patrick,mostly-true,0,speaker_disjoint_split,0,0.33857637045282063,0,0.3963802299621296
11185.json,carly-fiorina,barely-true,1,speaker_disjoint_split,1,0.5137056725214454,0,0.42029636985172025
2412.json,republican-party-florida,false,1,speaker_disjoint_split,1,0.5155776285840717,0,0.4355405771860623
592.json,john-mccain,barely-true,1,speaker_disjoint_split,1,0.5234298146934683,1,0.5276853280780418
12745.json,donald-trump,half-true,0,speaker_disjoint_split,0,0.4458265941308854,0,0.48044860614379103
2547.json,lloyd-doggett,true,0,speaker_disjoint_split,1,0.5338172747959824,0,0.4876124881969182
6386.json,democratic-congressional-campaign-committee,barely-true,1,speaker_disjoint_split,1,0.5153460469556684,1,0.5140661817321566
4708.json,nina-turner,true,0,speaker_disjoint_split,0,0.3316337339632065,0,0.33331015353459426
12167.json,bernie-s,barely-true,1,speaker_disjoint_split,0,0.4780616614348844,0,0.49408581612752583
2876.json,john-kasich,mostly-true,0,speaker_disjoint_split,0,0.33702590057504694,0,0.3234220658602678
12943.json,donald-trump,half-true,0,speaker_disjoint_split,0,0.49364530669151807,1,0.5233344483249267
2777.json,michael-bloomberg,mostly-true,0,speaker_disjoint_split,0,0.3977719847512017,0,0.33910859478267597
7758.json,bill-richardson,mostly-true,0,speaker_disjoint_split,0,0.4754631483116755,1,0.5203537151888941
11796.json,donald-trump,half-true,0,speaker_disjoint_split,0,0.3708272619336729,0,0.4573855958724486
10208.json,anna-kooiman,barely-true,1,speaker_disjoint_split,1,0.5657229531114655,1,0.5189161101252049
805.json,john-mccain,mostly-true,0,speaker_disjoint_split,1,0.5283642131723838,0,0.4739894227026774
7461.json,arne-duncan,barely-true,1,speaker_disjoint_split,0,0.4927764126676138,0,0.4407402346672816
3575.json,scott-walker,true,0,speaker_disjoint_split,1,0.5750228578262467,1,0.5764166343647288
384.json,votevetsorg,true,0,speaker_disjoint_split,0,0.43879040186436136,0,0.3792579745883727
729.json,john-mccain,half-true,0,speaker_disjoint_split,0,0.4418566437947703,0,0.4918012072985129
656.json,joe-biden,mostly-true,0,speaker_disjoint_split,0,0.3973130542312341,0,0.39766556086922394
6010.json,lenny-curry,half-true,0,speaker_disjoint_split,0,0.4124934675121076,0,0.380701111070113
727.json,john-mccain,mostly-true,0,speaker_disjoint_split,0,0.4711999945802245,0,0.4484524985060061
6262.json,democratic-congressional-campaign-committee,pants-fire,1,speaker_disjoint_split,0,0.4758416732723564,0,0.4651621599081136
12084.json,donald-trump,true,0,speaker_disjoint_split,0,0.45865248761885996,0,0.4669428424768889
12461.json,blog-posting,true,0,speaker_disjoint_split,0,0.47016937265685643,0,0.4871435949100217
11910.json,ben-carson,pants-fire,1,speaker_disjoint_split,0,0.4352689172692059,0,0.4214427127521332
10175.json,scott-walker,mostly-true,0,speaker_disjoint_split,0,0.41402427338185915,0,0.4087401707131387
1881.json,thomas-melsheimer,barely-true,1,speaker_disjoint_split,0,0.4415295752589734,0,0.45338328817125434
5536.json,stephen-sweeney,half-true,0,speaker_disjoint_split,0,0.48561865315882485,0,0.4769809261613647
12787.json,donald-trump,half-true,0,speaker_disjoint_split,0,0.4055604638279874,0,0.479761067082349
2442.json,delia-lopez,pants-fire,1,speaker_disjoint_split,0,0.46233395128249755,0,0.4601710045681128
2983.json,sam-adams,true,0,speaker_disjoint_split,0,0.3781367668974045,0,0.3713430604669703
6577.json,scott-walker,half-true,0,speaker_disjoint_split,0,0.30715611010124255,0,0.362974889490483
4711.json,lloyd-doggett,mostly-true,0,speaker_disjoint_split,0,0.36044820773052644,0,0.377665393404269
11865.json,adrian-garcia,barely-true,1,speaker_disjoint_split,0,0.4672460412153165,0,0.4447719072537247
3021.json,david-wyss,true,0,speaker_disjoint_split,1,0.5033840467308306,0,0.45254156069111606
5272.json,ron-paul,half-true,0,speaker_disjoint_split,0,0.4104435571277954,0,0.412010933837627
3991.json,scott-walker,half-true,0,speaker_disjoint_split,0,0.44628450563478034,0,0.4116871444180571
6290.json,ohio-republican-party,half-true,0,speaker_disjoint_split,1,0.5082517543600042,0,0.47824184305178086
1394.json,texas-democratic-party,false,1,speaker_disjoint_split,0,0.4710157814117334,1,0.5262005347616534
1052.json,john-mccain,true,0,speaker_disjoint_split,1,0.5717123123321539,0,0.49626795186275
3700.json,stephen-ucci,false,1,speaker_disjoint_split,0,0.4189466417921048,0,0.3691149867175515
1999.json,charlie-crist,true,0,speaker_disjoint_split,0,0.3955396723220251,0,0.36951333132320735
9683.json,peter-lavelle,pants-fire,1,speaker_disjoint_split,0,0.41297093430010096,1,0.5013696806899403
2626.json,edwin-pacheco,false,1,speaker_disjoint_split,0,0.4015500531798734,0,0.47611409933581716
2814.json,john-kasich,half-true,0,speaker_disjoint_split,0,0.44228391474014705,0,0.3996812468223919
12448.json,donald-trump,barely-true,1,speaker_disjoint_split,0,0.4415590507386367,0,0.4351823283778615
8701.json,state-democratic-party-wisconsin,false,1,speaker_disjoint_split,0,0.46815445769630254,1,0.5175040692155997
2371.json,john-mccain,barely-true,1,speaker_disjoint_split,0,0.48462590132083117,1,0.502066615634295
12065.json,donald-trump,true,0,speaker_disjoint_split,0,0.4083767867371481,0,0.45953287226598155
13305.json,donald-trump,true,0,speaker_disjoint_split,0,0.44672694586390255,0,0.46720748064355905
2428.json,republican-governors-association,half-true,0,speaker_disjoint_split,0,0.4171905715314052,0,0.43142991719795554
4425.json,john-kasich,barely-true,1,speaker_disjoint_split,0,0.3256836060098363,0,0.29391476280656714
5551.json,dennis-richardson,half-true,0,speaker_disjoint_split,0,0.33522801310727635,0,0.40999191772348303
757.json,john-mccain,half-true,0,speaker_disjoint_split,0,0.40001258861694955,0,0.37846933550520107
2284.json,glenn-beck,pants-fire,1,speaker_disjoint_split,1,0.5154144668692134,0,0.47385442555477597
12650.json,donald-trump,barely-true,1,speaker_disjoint_split,0,0.49423229730739476,1,0.5883778197187735
643.json,joe-biden,half-true,0,speaker_disjoint_split,0,0.36524794551902084,0,0.355101719770521
11562.json,donald-trump,pants-fire,1,speaker_disjoint_split,0,0.484599908677379,0,0.4274048149481817
12098.json,john-kasich,mostly-true,0,speaker_disjoint_split,0,0.4425553513324929,0,0.43572479326285285
1480.json,glenn-beck,barely-true,1,speaker_disjoint_split,0,0.4158286540232778,0,0.448601202871359
10517.json,nathan-deal,half-true,0,speaker_disjoint_split,0,0.32617250051724483,0,0.29667191953020433
531.json,john-mccain,mostly-true,0,speaker_disjoint_split,0,0.4404523265401144,0,0.3994408332582352
126.json,joe-biden,mostly-true,0,speaker_disjoint_split,0,0.4543676408544172,0,0.42036585263051923
526.json,john-mccain,barely-true,1,speaker_disjoint_split,0,0.4041882041978467,0,0.46840464205033094
3.json,bill-richardson,mostly-true,0,speaker_disjoint_split,0,0.46344715281472093,0,0.4661713702441221
1150.json,orrin-hatch,half-true,0,speaker_disjoint_split,0,0.4254177106271591,0,0.44635290491012136
4289.json,sam-adams,half-true,0,speaker_disjoint_split,0,0.3876191124803253,0,0.35788579276237614
4383.json,dennis-richardson,false,1,speaker_disjoint_split,0,0.4290437974268411,0,0.40153870063998026
2643.json,scott-walker,false,1,speaker_disjoint_split,0,0.44954826245144064,0,0.481380145674994
13236.json,tim-kaine,barely-true,1,speaker_disjoint_split,0,0.4632860428113723,0,0.4620448381100591
1894.json,donna-brazile,half-true,0,speaker_disjoint_split,0,0.4493074426538076,0,0.4252932584169852
792.json,john-mccain,half-true,0,speaker_disjoint_split,0,0.45599495295530157,0,0.4611821925635546
12929.json,julian-castro,true,0,speaker_disjoint_split,0,0.354597563527936,0,0.34498931224839813
12791.json,democratic-congressional-campaign-committee,barely-true,1,speaker_disjoint_split,0,0.460951468533926,0,0.48584210019279167
10283.json,bernie-s,mostly-true,0,speaker_disjoint_split,0,0.2778059239447931,0,0.30568099290290535
2165.json,sam-olens,half-true,0,speaker_disjoint_split,1,0.546648890630201,1,0.5437081497328987
6455.json,warren-kampf,mostly-true,0,speaker_disjoint_split,0,0.3495231843124333,0,0.3832356008305773
211.json,john-mccain,true,0,speaker_disjoint_split,0,0.41408131026996275,0,0.41643429099163376
7676.json,michael-chippendale,barely-true,1,speaker_disjoint_split,0,0.39165140279594035,0,0.3902980527085399
2443.json,john-kasich,half-true,0,speaker_disjoint_split,0,0.4004344747221352,0,0.4176859197860251
12284.json,bernie-s,mostly-true,0,speaker_disjoint_split,0,0.38088299563826367,0,0.43887885074238203
3414.json,bernie-s,false,1,speaker_disjoint_split,0,0.4132660792898672,0,0.41075692845304035
1450.json,debra-medina,half-true,0,speaker_disjoint_split,0,0.4776255207448326,0,0.41500861035145725
2894.json,glenn-beck,pants-fire,1,speaker_disjoint_split,0,0.480380330864828,0,0.4407795348087824
9301.json,blog-posting,pants-fire,1,speaker_disjoint_split,0,0.47019077330374515,1,0.5367423757949902
5486.json,silvestre-reyes,half-true,0,speaker_disjoint_split,0,0.43062863330691054,0,0.4168847444692283
13227.json,donald-trump,false,1,speaker_disjoint_split,1,0.5411925233814658,1,0.5752034998696677
2603.json,hank-gilbert,false,1,speaker_disjoint_split,0,0.39899900481335093,0,0.44177825071156623
788.json,john-mccain,mostly-true,0,speaker_disjoint_split,0,0.46750124693291617,0,0.44121528476245403
605.json,john-mccain,false,1,speaker_disjoint_split,0,0.48188867260193774,0,0.46454471877654974
13186.json,tim-kaine,half-true,0,speaker_disjoint_split,0,0.45384331200650085,0,0.43390385957291827
3037.json,tim-kaine,half-true,0,speaker_disjoint_split,0,0.38739652623359716,0,0.3887450379613386
207.json,john-mccain,true,0,speaker_disjoint_split,0,0.4352396295141293,0,0.4142169547228345
10069.json,debbie-wasserman-schultz,false,1,speaker_disjoint_split,0,0.36945667591803255,0,0.4516870290954648
13486.json,rush-limbaugh,half-true,0,speaker_disjoint_split,0,0.4746021981245101,0,0.48719970379025956
10633.json,glenn-beck,false,1,speaker_disjoint_split,1,0.5525193575516666,1,0.5374703380131075
10883.json,rebecca-quigley,false,1,speaker_disjoint_split,0,0.3176197580698978,0,0.3747048624837215
11307.json,donald-trump,barely-true,1,speaker_disjoint_split,0,0.44943139342760074,0,0.4831540724563478
4175.json,debbie-wasserman-schultz,half-true,0,speaker_disjoint_split,0,0.4039896235155716,0,0.49996346384920143
3987.json,democratic-congressional-campaign-committee,mostly-true,0,speaker_disjoint_split,1,0.5070807934027235,0,0.4918955991444936
12834.json,donald-trump,false,1,speaker_disjoint_split,0,0.48174777587236817,1,0.5016691237256166
386.json,john-mccain,mostly-true,0,speaker_disjoint_split,0,0.4570182991969846,0,0.4592452469562558
446.json,focus-family-action,barely-true,1,speaker_disjoint_split,0,0.4847900039273203,1,0.5710268154967997
10271.json,keisha-lance-bottoms,mostly-true,0,speaker_disjoint_split,0,0.44520443173336993,0,0.4008739032376882
317.json,bill-clinton,true,0,speaker_disjoint_split,0,0.33805823940415186,0,0.31303103152146244
5450.json,ron-paul,half-true,0,speaker_disjoint_split,0,0.39609136797700795,0,0.4557136574594471
3740.json,tim-kaine,half-true,0,speaker_disjoint_split,0,0.26610403111990893,0,0.2765985368432283
10543.json,scott-walker,false,1,speaker_disjoint_split,0,0.47287434901311465,0,0.4765961170040485
7904.json,scott-walker,barely-true,1,speaker_disjoint_split,0,0.4686641969421983,0,0.45462911174101966
12805.json,joe-biden,mostly-true,0,speaker_disjoint_split,0,0.3198211067021194,0,0.4105633006130633
9771.json,nextgen-climate,half-true,0,speaker_disjoint_split,0,0.4984595401291611,1,0.5149027985199001
2394.json,republican-governors-association,half-true,0,speaker_disjoint_split,1,0.5252699553965197,0,0.48354326279700305
3541.json,armond-budish,half-true,0,speaker_disjoint_split,0,0.3693684661146343,0,0.39553303117065775
12187.json,rick-scotts-starbucks-heckler,half-true,0,speaker_disjoint_split,1,0.5558731841460182,0,0.4981015695566905
6325.json,michael-bloomberg,half-true,0,speaker_disjoint_split,0,0.3403208237748689,0,0.32559910500051537
12855.json,richard-durbin,true,0,speaker_disjoint_split,0,0.32288238209854014,0,0.3325874490423877
11726.json,dan-patrick,barely-true,1,speaker_disjoint_split,0,0.30366450770171177,0,0.32076859823944603
699.json,john-mccain,half-true,0,speaker_disjoint_split,1,0.5453921554253166,1,0.5386018388844684
10041.json,dan-patrick,half-true,0,speaker_disjoint_split,1,0.5274202462113269,1,0.5513984020310395
4189.json,national-republican-congressional-committee,false,1,speaker_disjoint_split,1,0.5063258404088338,1,0.5577963361816268
1405.json,glenn-beck,barely-true,1,speaker_disjoint_split,0,0.31466407885972836,0,0.36373802573806907
6919.json,tim-kaine,barely-true,1,speaker_disjoint_split,0,0.44365708269037685,0,0.4298475018480652
9774.json,republican-party-florida,false,1,speaker_disjoint_split,0,0.4734361872324628,0,0.4037159415887927
2616.json,christine-odonnell,pants-fire,1,speaker_disjoint_split,0,0.435620820517579,0,0.4242245473731755
1280.json,charlie-crist,barely-true,1,speaker_disjoint_split,0,0.3288087550267322,0,0.3405596795096092
6720.json,rob-zerban,false,1,speaker_disjoint_split,0,0.3812834371080257,0,0.4268747915384419
4442.json,ron-paul,half-true,0,speaker_disjoint_split,0,0.3382385759380707,0,0.3697707506641069
7111.json,sam-adams,barely-true,1,speaker_disjoint_split,0,0.39884878394453027,0,0.4139033423898147
9235.json,blog-posting,pants-fire,1,speaker_disjoint_split,0,0.49792889649694877,1,0.5542674443131458
1243.json,barney-bishop,false,1,speaker_disjoint_split,0,0.44900792549943747,0,0.433968247029549
3369.json,sam-adams,half-true,0,speaker_disjoint_split,0,0.3684201369698291,0,0.37647601322924623
12952.json,donald-trump,barely-true,1,speaker_disjoint_split,1,0.5195006414311368,1,0.5206866563374761
2187.json,michael-bloomberg,false,1,speaker_disjoint_split,0,0.4540794178753796,0,0.3988910756908922
2774.json,scott-walker,half-true,0,speaker_disjoint_split,0,0.47382137805814106,0,0.46880775570392147
6555.json,teresa-fedor,true,0,speaker_disjoint_split,0,0.414405785649163,0,0.4701315648337495
5710.json,joe-biden,false,1,speaker_disjoint_split,0,0.3938771220139347,0,0.4229300515331149
12537.json,donald-trump,false,1,speaker_disjoint_split,0,0.4924957380432326,0,0.46636973439735185
4841.json,eileen-brady,mostly-true,0,speaker_disjoint_split,0,0.43825290747918905,0,0.4574762298027713
13512.json,blog-posting,pants-fire,1,speaker_disjoint_split,0,0.4394776734809618,1,0.5247287667299438
7329.json,mayors-against-illegal-guns,half-true,0,speaker_disjoint_split,0,0.3344885722625493,0,0.33083711196385124
13385.json,donald-trump,mostly-true,0,speaker_disjoint_split,0,0.48692073357679794,0,0.43994030463949835
9937.json,jeanne-shaheen,mostly-true,0,speaker_disjoint_split,0,0.4868388605274434,0,0.45954571535679406
5124.json,restore-our-future,pants-fire,1,speaker_disjoint_split,1,0.5367841348511209,0,0.47720930096701536
9437.json,scott-walker,half-true,0,speaker_disjoint_split,0,0.42875274251393675,0,0.46644976328867593
235.json,john-mccain,true,0,speaker_disjoint_split,0,0.43993601996132087,0,0.4136210213100229
9489.json,scott-walker,false,1,speaker_disjoint_split,0,0.44486185090637337,0,0.4506970862537103
5836.json,mary-nolan,half-true,0,speaker_disjoint_split,0,0.4628319679028013,0,0.47836707257286276
13324.json,donald-trump,mostly-true,0,speaker_disjoint_split,0,0.40859238491982386,0,0.4359007901511914
5230.json,nathan-deal,true,0,speaker_disjoint_split,0,0.3261787027113452,0,0.35379640322969974
6900.json,karen-huber,half-true,0,speaker_disjoint_split,0,0.45942123876493196,0,0.4623634972053349
10524.json,lloyd-doggett,true,0,speaker_disjoint_split,0,0.4802540420015889,0,0.4884651110262167
12599.json,thomas-perez,true,0,speaker_disjoint_split,0,0.3968237117305769,0,0.3600866611723599
7084.json,dan-patrick,true,0,speaker_disjoint_split,0,0.36086263851094685,0,0.3415184103823404
9323.json,julian-castro,true,0,speaker_disjoint_split,0,0.46090895408750016,0,0.4645086695912869
7607.json,john-kasich,pants-fire,1,speaker_disjoint_split,0,0.42332023156284193,0,0.4541201498399557
1061.json,lynn-westmoreland,barely-true,1,speaker_disjoint_split,0,0.34894573993245004,0,0.43878858403918924
12321.json,pat-mccrory,true,0,speaker_disjoint_split,0,0.3741608705858368,0,0.350487132009861
12546.json,blog-posting,false,1,speaker_disjoint_split,0,0.4285310104537471,1,0.5546580180139269
2877.json,scott-walker,false,1,speaker_disjoint_split,0,0.4651312881745166,0,0.4943271388052992
3885.json,new-jersey-sierra-club,half-true,0,speaker_disjoint_split,0,0.35774111544807424,0,0.3295288762010808
11150.json,centers-disease-control,true,0,speaker_disjoint_split,0,0.4573403001338642,0,0.4764799339570953
2316.json,charlie-crist,mostly-true,0,speaker_disjoint_split,0,0.3418066840648254,0,0.30969633854227097
1497.json,eve-schatelowitz-alcantar,false,1,speaker_disjoint_split,0,0.46197653230035585,0,0.4821778139794272
4543.json,bill-oreilly,barely-true,1,speaker_disjoint_split,1,0.5053339329340292,0,0.4904544195203628
5091.json,jon-huntsman,false,1,speaker_disjoint_split,0,0.4483936197456484,0,0.4303097388773429
4212.json,john-kasich,true,0,speaker_disjoint_split,0,0.3275165849887769,0,0.37570509534277435
1623.json,charlie-crist,true,0,speaker_disjoint_split,0,0.48947176959153593,0,0.4911473421856598
11802.json,bernie-s,mostly-true,0,speaker_disjoint_split,0,0.43188625087614696,0,0.4437187241164791
2581.json,julie-lassa,barely-true,1,speaker_disjoint_split,0,0.3999802153161218,0,0.4699041141934714
12179.json,blog-posting,pants-fire,1,speaker_disjoint_split,0,0.4955121370141806,0,0.475761695973314
9364.json,angel-taveras,barely-true,1,speaker_disjoint_split,0,0.35285081184446343,0,0.36269728806229523
544.json,joe-biden,barely-true,1,speaker_disjoint_split,0,0.42642814879357166,0,0.3850471172735127
3679.json,john-kasich,false,1,speaker_disjoint_split,0,0.39065609411673835,0,0.38624443730932095
1184.json,charles-boustany,barely-true,1,speaker_disjoint_split,1,0.5005975772950735,1,0.5746619859190719
13214.json,oxfam-america,mostly-true,0,speaker_disjoint_split,0,0.3638722062198856,0,0.34994155065900917
7268.json,scott-walker,mostly-true,0,speaker_disjoint_split,0,0.345091571784063,0,0.3387101776375341
2252.json,tim-kaine,half-true,0,speaker_disjoint_split,0,0.4002141879493298,0,0.4012709723843556
3029.json,scott-walker,mostly-true,0,speaker_disjoint_split,0,0.420583069084877,0,0.41656784568996097
3710.json,nathan-deal,true,0,speaker_disjoint_split,0,0.3807215637580075,0,0.3448464866587393
13409.json,donald-trump,barely-true,1,speaker_disjoint_split,0,0.3628604286770336,0,0.4664225813008469
4568.json,new-jersey-democratic-state-committee,barely-true,1,speaker_disjoint_split,0,0.4660676845137028,0,0.40816337438680445
1849.json,john-oxendine,half-true,0,speaker_disjoint_split,0,0.34751249644099397,0,0.45807321343989016
10739.json,karl-rove,mostly-true,0,speaker_disjoint_split,0,0.46108791650138137,0,0.461272594697075
13128.json,donald-trump,mostly-true,0,speaker_disjoint_split,0,0.4624334389445303,1,0.5167322919006492
7195.json,lenny-curry,barely-true,1,speaker_disjoint_split,0,0.4946811120099129,0,0.4876281469081169
13047.json,donald-trump,half-true,0,speaker_disjoint_split,0,0.4949578094755006,0,0.4777946374355443
8352.json,blog-posting,pants-fire,1,speaker_disjoint_split,0,0.4584347438424608,1,0.5271503733577639
12749.json,donald-trump,half-true,0,speaker_disjoint_split,0,0.3434189830357235,0,0.3266276526413112
12011.json,donald-trump,half-true,0,speaker_disjoint_split,0,0.4581796987148752,1,0.5313552644589802
13490.json,don-beyer,false,1,speaker_disjoint_split,0,0.3292469521314858,0,0.38546842455018554
180.json,bill-richardson,false,1,speaker_disjoint_split,0,0.3627948366329091,0,0.39114015604743735
12368.json,donald-trump,barely-true,1,speaker_disjoint_split,0,0.4411040926694138,0,0.4299184333058331
5788.json,frank-wolf,true,0,speaker_disjoint_split,0,0.410406754124433,0,0.4137240247608905
3522.json,jason-haas,false,1,speaker_disjoint_split,0,0.43996261912650375,0,0.4555622453755621
10846.json,scott-walker,false,1,speaker_disjoint_split,0,0.4259533063724891,0,0.4377392996593328
700.json,john-mccain,true,0,speaker_disjoint_split,0,0.49948962857780516,0,0.48033902962604813
12214.json,bernie-s,mostly-true,0,speaker_disjoint_split,0,0.35543713284830747,0,0.33803322963058846
6922.json,lois-frankel,barely-true,1,speaker_disjoint_split,0,0.388409858474062,0,0.4798029030177773
7416.json,david-plouffe,barely-true,1,speaker_disjoint_split,1,0.6042384466985213,1,0.5890777661802192
1262.json,glenn-beck,false,1,speaker_disjoint_split,0,0.4889024253976757,0,0.4543204525119131
1677.json,karen-sage,true,0,speaker_disjoint_split,0,0.38469274234040524,0,0.4019532086670264
13049.json,blog-posting,false,1,speaker_disjoint_split,0,0.4934912598942388,1,0.5914693142925559
13423.json,donald-trump,false,1,speaker_disjoint_split,0,0.4928734982733616,0,0.483143067387441
3087.json,brian-moran,pants-fire,1,speaker_disjoint_split,1,0.5320685027935872,0,0.4726399815172917
3460.json,john-kasich,half-true,0,speaker_disjoint_split,0,0.44109334358918945,0,0.43816564514316986
9256.json,rush-limbaugh,false,1,speaker_disjoint_split,0,0.4703967894913955,0,0.45638861599070063
8104.json,don-lemon,mostly-true,0,speaker_disjoint_split,0,0.35132935601951837,0,0.40267852422408695
7970.json,todd-young,false,1,speaker_disjoint_split,0,0.3537702657482336,0,0.42501378670212664
3257.json,dan-patrick,true,0,speaker_disjoint_split,1,0.51246167594488,0,0.4924907214740052
70.json,ron-paul,mostly-true,0,speaker_disjoint_split,0,0.38956790199813013,0,0.376286695314311
10140.json,john-carlevale,false,1,speaker_disjoint_split,0,0.46438664668785684,0,0.4456548564178724
8595.json,ken-cuccinelli,barely-true,1,speaker_disjoint_split,0,0.4822858849174995,1,0.5174011136241428
4885.json,joe-biden,mostly-true,0,speaker_disjoint_split,0,0.3665785108612357,0,0.4245785948798443
11917.json,john-mccain,true,0,speaker_disjoint_split,0,0.4585067705229764,0,0.44761526347273856
10978.json,don-beyer,true,0,speaker_disjoint_split,0,0.4186534471228911,0,0.39640896415421134
7164.json,john-kasich,true,0,speaker_disjoint_split,0,0.40700853939130094,0,0.4073799916230585
5251.json,blog-posting,mostly-true,0,speaker_disjoint_split,0,0.3773600145039387,0,0.4629819153732776
4689.json,jeb-hensarling,false,1,speaker_disjoint_split,0,0.33142443710919184,0,0.3338759929436781
9227.json,charlie-crist,barely-true,1,speaker_disjoint_split,0,0.46042619559384557,0,0.45828167692264477
12927.json,joaquin-castro,mostly-true,0,speaker_disjoint_split,0,0.46023981630093064,0,0.4891383197084895
340.json,john-mccain,true,0,speaker_disjoint_split,0,0.36778829030326365,0,0.42684806261798935
12924.json,gary-johnson,true,0,speaker_disjoint_split,0,0.3592105550177594,0,0.4054467405967045
13484.json,blog-posting,pants-fire,1,speaker_disjoint_split,0,0.4144739596836139,0,0.4954486500395898
11261.json,scott-walker,mostly-true,0,speaker_disjoint_split,1,0.520986589918851,1,0.5194358273054263
8285.json,bill-foster,barely-true,1,speaker_disjoint_split,0,0.3436018457329461,0,0.32881300167826344
9229.json,bob-cole,half-true,0,speaker_disjoint_split,0,0.40054783579896464,0,0.3771232163133141
8685.json,kathleen-sebelius,true,0,speaker_disjoint_split,0,0.28092978721994943,0,0.388632614941377
9200.json,louie-gohmert,false,1,speaker_disjoint_split,1,0.5213043654335165,0,0.44345132902947865
2533.json,republican-party-florida,half-true,0,speaker_disjoint_split,0,0.4141391049046696,0,0.4821439760428934
9292.json,charlie-crist,half-true,0,speaker_disjoint_split,0,0.45177260126880975,0,0.43979363246343356
631.json,jerome-corsi,pants-fire,1,speaker_disjoint_split,1,0.5418059695811711,1,0.5662378631941388
5074.json,john-kasich,mostly-true,0,speaker_disjoint_split,0,0.3382340326774837,0,0.35302420754295255
6795.json,bill-clinton,barely-true,1,speaker_disjoint_split,0,0.4560099735360195,0,0.4109939271580567
12511.json,donald-trump,false,1,speaker_disjoint_split,1,0.5086058758787576,1,0.5404217886242424
3186.json,john-kasich,barely-true,1,speaker_disjoint_split,0,0.495609494614516,0,0.4913889699233245
