id,speaker,label,is_low_truth,setting,text_only_pred,text_only_score,text_plus_graph_pred,text_plus_graph_score
10540.json,scott-surovell,half-true,0,speaker_disjoint_split,1,0.6213125022696795,1,0.5170525743714556
1123.json,blog-posting,false,1,speaker_disjoint_split,1,0.8280452400790718,1,0.9029295248470592
9028.json,charlie-crist,half-true,0,speaker_disjoint_split,1,0.5645151604804107,0,0.4802537695052668
7115.json,robert-menendez,mostly-true,0,speaker_disjoint_split,0,0.3171492442651582,0,0.14492454854206416
4148.json,bernie-s,half-true,0,speaker_disjoint_split,0,0.3721587436062706,0,0.30484017776200034
10683.json,bernie-s,half-true,0,speaker_disjoint_split,0,0.3574090333200453,0,0.2553328932547912
3863.json,national-republican-congressional-committee,barely-true,1,speaker_disjoint_split,1,0.6605961304650768,1,0.5887650375910615
10173.json,dennis-richardson,false,1,speaker_disjoint_split,0,0.48760464516236846,0,0.4714493599937447
11092.json,pamela-geller,false,1,speaker_disjoint_split,1,0.7008395848875184,1,0.6772977588079342
12163.json,peter-kinder,mostly-true,0,speaker_disjoint_split,0,0.2854930908908886,0,0.25980098788997025
1038.json,north-korea,true,0,speaker_disjoint_split,0,0.3822657083157504,0,0.3859405633574248
5210.json,national-republican-congressional-committee,pants-fire,1,speaker_disjoint_split,1,0.7822372032907022,1,0.7111538832530936
11418.json,bernie-s,half-true,0,speaker_disjoint_split,0,0.2539533896664292,0,0.24475359152112827
13503.json,blog-posting,true,0,speaker_disjoint_split,1,0.663930851415752,1,0.699999506847893
8187.json,ken-cuccinelli,false,1,speaker_disjoint_split,1,0.8148008985659043,1,0.7932540081603132
12981.json,donald-trump,barely-true,1,speaker_disjoint_split,0,0.5501831686339554,1,0.5266968011050682
812.json,john-mccain,false,1,speaker_disjoint_split,1,0.7771859109630954,1,0.6652492974555629
12056.json,donald-trump,false,1,speaker_disjoint_split,1,0.607672248031606,1,0.5045303927651021
1738.json,alfredo-gutierrez,mostly-true,0,speaker_disjoint_split,1,0.615348830788736,1,0.5645130367883855
3005.json,texas-veterans-commission,barely-true,1,speaker_disjoint_split,0,0.3930925358631849,0,0.3253545522820157
9165.json,republican-party-florida,false,1,speaker_disjoint_split,1,0.7893136932246572,1,0.6758534667592291
10053.json,jeanne-shaheen,true,0,speaker_disjoint_split,1,0.770349277865868,1,0.6355674102718348
9613.json,susan-happ,half-true,0,speaker_disjoint_split,0,0.3672637320048648,0,0.2177017063730981
8755.json,karl-rove,false,1,speaker_disjoint_split,1,0.6305671143318046,1,0.5637161180759828
767.json,joe-biden,barely-true,1,speaker_disjoint_split,1,0.6634093893222064,1,0.5095276130493761
10263.json,jim-skaggs,false,1,speaker_disjoint_split,0,0.32617255048600785,0,0.21758094161557773
1969.json,john-mccain,false,1,speaker_disjoint_split,0,0.4184898684623421,0,0.46884456615210734
2020.json,ralph-hudgens,mostly-true,0,speaker_disjoint_split,1,0.721719065819171,1,0.6500519105217624
7258.json,mark-shields,true,0,speaker_disjoint_split,0,0.4766675516470062,0,0.3539039190600252
13142.json,donald-trump,false,1,speaker_disjoint_split,0,0.5543711417018066,1,0.5263785772937344
7467.json,scott-walker,mostly-true,0,speaker_disjoint_split,0,0.41568807077091235,0,0.33385033008176995
9492.json,donna-brazile,half-true,0,speaker_disjoint_split,1,0.6428313664413272,1,0.528048963087202
4357.json,blog-posting,pants-fire,1,speaker_disjoint_split,1,0.7401459787748286,1,0.7411858283308103
162.json,joe-biden,pants-fire,1,speaker_disjoint_split,0,0.4547224728479063,0,0.28612294621347717
8164.json,kathleen-sebelius,mostly-true,0,speaker_disjoint_split,0,0.265863086314207,0,0.22985081541436633
9500.json,republican-party-florida,mostly-true,0,speaker_disjoint_split,1,0.5675356769639062,1,0.4907288514134585
7555.json,blog-posting,false,1,speaker_disjoint_split,1,0.6798128927469494,1,0.7299665404682195
325.json,john-mccain,mostly-true,0,speaker_disjoint_split,0,0.5443244266089754,0,0.362006302879116
8985.json,david-jolly,true,0,speaker_disjoint_split,1,0.6807196295133503,1,0.6880220030423524
2932.json,oregon-right-life-pac,true,0,speaker_disjoint_split,1,0.7024184357069672,1,0.6640891490295814
7324.json,rush-limbaugh,barely-true,1,speaker_disjoint_split,1,0.5687568940402303,1,0.5129051785498879
2257.json,john-robitaille,false,1,speaker_disjoint_split,1,0.6500741595731673,1,0.5704603319724922
3782.json,louie-gohmert,false,1,speaker_disjoint_split,1,0.6229136876666775,0,0.48856680706726247
11536.json,donald-trump,barely-true,1,speaker_disjoint_split,0,0.5271443819131845,0,0.4895906767423635
5236.json,democratic-congressional-campaign-committee,barely-true,1,speaker_disjoint_split,1,0.6364311644498256,1,0.6342099516899294
2869.json,armond-budish,half-true,0,speaker_disjoint_split,0,0.4884065634963232,0,0.4259637273759067
11582.json,bernie-s,barely-true,1,speaker_disjoint_split,1,0.6974118134699192,1,0.6392060861654465
10887.json,robert-puente,half-true,0,speaker_disjoint_split,0,0.5047134710979785,0,0.35787903903418306
4504.json,ron-paul,barely-true,1,speaker_disjoint_split,1,0.7193148047877433,1,0.6380438495167401
9561.json,blog-posting,false,1,speaker_disjoint_split,1,0.6060094404726181,1,0.6647467281472387
12683.json,gary-johnson,mostly-true,0,speaker_disjoint_split,0,0.4417618631902398,0,0.3413462629445769
7295.json,stephen-sweeney,half-true,0,speaker_disjoint_split,1,0.5846757150730058,1,0.5464991652099553
6969.json,david-cicilline,false,1,speaker_disjoint_split,0,0.21809095962988392,0,0.14320074480390263
11886.json,bernie-s,false,1,speaker_disjoint_split,1,0.6217881465918211,1,0.5358893207476919
11844.json,bernie-s,half-true,0,speaker_disjoint_split,0,0.4079625289918305,0,0.33615657815787997
13370.json,john-skvarla,barely-true,1,speaker_disjoint_split,1,0.6256095051907877,0,0.4670440603178415
11636.json,ben-carson,false,1,speaker_disjoint_split,1,0.6742186455175766,1,0.5568947148692356
9837.json,nextgen-climate,half-true,0,speaker_disjoint_split,0,0.5272755220471665,0,0.39645496341360154
4267.json,john-kasich,half-true,0,speaker_disjoint_split,0,0.5552186057786648,0,0.46346787972819187
827.json,joe-biden,half-true,0,speaker_disjoint_split,0,0.3414654884572501,0,0.2531233907319635
3806.json,agenda-project,mostly-true,0,speaker_disjoint_split,1,0.7152559101227304,1,0.6659229869136211
9133.json,kesha-rogers,barely-true,1,speaker_disjoint_split,1,0.5860290179953394,1,0.5379276105349405
4327.json,jeff-merkley,mostly-true,0,speaker_disjoint_split,1,0.6979387832078205,1,0.553179646516131
13026.json,donald-trump,barely-true,1,speaker_disjoint_split,1,0.5667652658080709,1,0.5427717984523318
240.json,bill-richardson,barely-true,1,speaker_disjoint_split,0,0.4397637101501297,0,0.3438775172489325
7884.json,rush-limbaugh,barely-true,1,speaker_disjoint_split,1,0.8327841869376034,1,0.763323776126972
8489.json,ken-cuccinelli,false,1,speaker_disjoint_split,1,0.6989802697087116,1,0.6305508687954631
12446.json,donald-trump,half-true,0,speaker_disjoint_split,1,0.6193071510913367,1,0.5555542823270789
534.json,john-mccain,half-true,0,speaker_disjoint_split,1,0.6647996783883781,1,0.6036771402247388
5387.json,doug-thomas,half-true,0,speaker_disjoint_split,1,0.6703922935215488,0,0.47086674973099263
10356.json,scott-walker,barely-true,1,speaker_disjoint_split,1,0.6584885102648053,1,0.6153824708025123
12497.json,scott-walker,true,0,speaker_disjoint_split,0,0.29887277504791887,0,0.29824938520642436
4893.json,thomas-brown,mostly-true,0,speaker_disjoint_split,1,0.6804902079076561,1,0.574168394013468
6627.json,julian-castro,mostly-true,0,speaker_disjoint_split,1,0.6596927499462378,1,0.6332524882365178
10580.json,dan-patrick,pants-fire,1,speaker_disjoint_split,0,0.33285699050855705,0,0.2123267411750584
8004.json,rachel-campos-duffy,false,1,speaker_disjoint_split,0,0.43603009721597896,0,0.3276166517000885
256.json,ron-paul,mostly-true,0,speaker_disjoint_split,0,0.40578744868752276,0,0.3606438385006153
2722.json,national-republican-congressional-committee,barely-true,1,speaker_disjoint_split,1,0.6598765168955313,1,0.5472666780734294
1171.json,rush-limbaugh,barely-true,1,speaker_disjoint_split,1,0.8231416000131004,1,0.7754574631677569
8794.json,republican-party-florida,false,1,speaker_disjoint_split,1,0.6772151635981986,1,0.6215909342650753
2060.json,joe-biden,mostly-true,0,speaker_disjoint_split,0,0.33643482317052925,0,0.18992031729236622
7210.json,nathan-deal,half-true,0,speaker_disjoint_split,0,0.48433992377839546,0,0.41459707895241277
12185.json,bill-clinton,mostly-true,0,speaker_disjoint_split,0,0.47622917292169875,0,0.3916165936184979
4332.json,chip-rogers,half-true,0,speaker_disjoint_split,0,0.3534028842068617,0,0.2824257796701145
2925.json,john-kasich,half-true,0,speaker_disjoint_split,1,0.576632740842412,1,0.5288683728475395
9838.json,bernie-s,mostly-true,0,speaker_disjoint_split,0,0.29139824449879187,0,0.2199061323983404
11407.json,ben-carson,pants-fire,1,speaker_disjoint_split,1,0.6191669330691256,1,0.5607044228579828
35.json,joe-biden,true,0,speaker_disjoint_split,0,0.43502287029798414,0,0.32670261290681457
10663.json,bernie-s,half-true,0,speaker_disjoint_split,0,0.4344800266515762,0,0.3856697768268939
8147.json,bill-foster,half-true,0,speaker_disjoint_split,0,0.5595546287228774,0,0.38757461614806415
3443.json,organizing-america,half-true,0,speaker_disjoint_split,1,0.683210381325729,1,0.5855919634711365
11291.json,lloyd-doggett,mostly-true,0,speaker_disjoint_split,0,0.5444288045061166,0,0.46351433175575285
5110.json,rob-cornilles,pants-fire,1,speaker_disjoint_split,0,0.5083904696022847,0,0.4431862477466184
12754.json,donald-trump,barely-true,1,speaker_disjoint_split,0,0.2743559684928687,0,0.22651753749470296
9853.json,larry-elder,false,1,speaker_disjoint_split,0,0.33785742671811253,0,0.40904250258992647
10931.json,dale-kooyenga,half-true,0,speaker_disjoint_split,0,0.49065102062991767,0,0.40915062970286387
6014.json,mary-nolan,true,0,speaker_disjoint_split,0,0.5060873207604281,0,0.34406943621995795
3695.json,joe-gibbons,barely-true,1,speaker_disjoint_split,1,0.6548003488430542,1,0.6050028304578842
5047.json,david-cicilline,half-true,0,speaker_disjoint_split,1,0.5756538166445587,0,0.4225495944712739
8910.json,charlie-crist,half-true,0,speaker_disjoint_split,1,0.7370759146311094,1,0.6084701713727956
12285.json,bob-graham,half-true,0,speaker_disjoint_split,1,0.665963054724207,1,0.5467438113982824
8677.json,kathleen-vinehout,barely-true,1,speaker_disjoint_split,1,0.568618072572055,1,0.5100216014706805
9434.json,republican-governors-association,barely-true,1,speaker_disjoint_split,1,0.6748797826005978,1,0.6429607524169938
549.json,ralph-nader,mostly-true,0,speaker_disjoint_split,0,0.5566675439911366,0,0.45767402705648336
4366.json,blog-posting,pants-fire,1,speaker_disjoint_split,1,0.6861022402510111,1,0.6928414821370283
11363.json,donald-trump,pants-fire,1,speaker_disjoint_split,0,0.4298593931037588,0,0.4223761072168367
12499.json,donald-trump,pants-fire,1,speaker_disjoint_split,1,0.588643129331016,0,0.4765543254248558
12023.json,bernie-s,mostly-true,0,speaker_disjoint_split,0,0.5140758665513099,0,0.39695689900299164
8347.json,bernie-s,false,1,speaker_disjoint_split,1,0.7026004262692878,1,0.6057041323648417
5750.json,joe-biden,half-true,0,speaker_disjoint_split,1,0.5869750201552331,0,0.460891020409616
13159.json,democratic-congressional-campaign-committee,barely-true,1,speaker_disjoint_split,1,0.6058253866132279,1,0.6282575825334086
2699.json,michael-steele,false,1,speaker_disjoint_split,1,0.6653737004232846,1,0.5120290646989204
3485.json,dennis-richardson,false,1,speaker_disjoint_split,0,0.3494720401912109,0,0.2837288348726723
11453.json,claire-mccaskill,false,1,speaker_disjoint_split,0,0.5380580917057526,0,0.45937001786549575
5031.json,tim-kaine,half-true,0,speaker_disjoint_split,0,0.4414873396512945,0,0.40573828266843875
7976.json,debbie-wasserman-schultz,half-true,0,speaker_disjoint_split,1,0.5651039374132184,1,0.5068195613400129
11906.json,joanne-kloppenburg,mostly-true,0,speaker_disjoint_split,1,0.7296301023170676,1,0.6238153178744668
9652.json,debbie-wasserman-schultz,barely-true,1,speaker_disjoint_split,0,0.543169527850886,0,0.4801346578918319
13228.json,donald-trump,pants-fire,1,speaker_disjoint_split,1,0.610557661430459,1,0.5300648889237137
4373.json,scott-walker,pants-fire,1,speaker_disjoint_split,1,0.6202794177723706,1,0.5468028292754495
8214.json,bookerfail,half-true,0,speaker_disjoint_split,0,0.496258406917187,0,0.33017844121755935
6462.json,debbie-wasserman-schultz,false,1,speaker_disjoint_split,0,0.3821944738542965,0,0.2956278767868008
5870.json,mike-foley,mostly-true,0,speaker_disjoint_split,1,0.5856216269196872,1,0.5095393445817712
6903.json,rob-zerban,pants-fire,1,speaker_disjoint_split,1,0.6898317587748624,1,0.6225058595604447
6308.json,jackie-cilley,true,0,speaker_disjoint_split,0,0.37204861428675734,0,0.34872324836327223
13145.json,national-republican-congressional-committee,barely-true,1,speaker_disjoint_split,0,0.4991871431596988,0,0.3946099513821482
11617.json,arsalan-iftikhar,false,1,speaker_disjoint_split,0,0.5059532381484304,1,0.49218082195858737
12246.json,john-pagliarini,half-true,0,speaker_disjoint_split,0,0.47855357118412556,0,0.32850102335327896
10286.json,diego-arene-morley,true,0,speaker_disjoint_split,0,0.33228432795879226,0,0.2056611258070032
12813.json,donald-trump,mostly-true,0,speaker_disjoint_split,1,0.6060659780349714,1,0.4989496605856529
10192.json,delia-garza,false,1,speaker_disjoint_split,1,0.5820452614798246,1,0.5638909298916707
2464.json,john-kasich,barely-true,1,speaker_disjoint_split,1,0.5905129093708226,1,0.4971554910495711
4552.json,david-axelrod,mostly-true,0,speaker_disjoint_split,0,0.40753736947661956,0,0.32592144454569244
5897.json,joe-biden,false,1,speaker_disjoint_split,1,0.6780868148677347,1,0.5671058590581787
9831.json,blog-posting,true,0,speaker_disjoint_split,0,0.5339036712620359,1,0.6269023793677946
1445.json,charlie-crist,mostly-true,0,speaker_disjoint_split,0,0.5221864317936923,0,0.38692094100791935
4064.json,scott-walker,false,1,speaker_disjoint_split,1,0.694338439635422,1,0.6553813785100684
12201.json,david-jolly,barely-true,1,speaker_disjoint_split,0,0.3842153668962671,0,0.43096092842078154
4807.json,rob-cornilles,true,0,speaker_disjoint_split,0,0.5289569991561232,0,0.4311806908384969
8333.json,steve-lonegan,true,0,speaker_disjoint_split,0,0.49699248285890657,0,0.3769650215807643
9199.json,anissa-naouai,half-true,0,speaker_disjoint_split,0,0.09981533972691885,0,0.1391472741426592
13262.json,donald-trump,barely-true,1,speaker_disjoint_split,0,0.5566727522125792,1,0.49661580469619226
1603.json,karl-rove,mostly-true,0,speaker_disjoint_split,0,0.5015703033487432,0,0.428034157035718
5702.json,nathan-deal,mostly-true,0,speaker_disjoint_split,0,0.5196765686905682,0,0.4187564831294971
3795.json,angel-taveras,false,1,speaker_disjoint_split,0,0.31189222396776933,0,0.23088851920155654
10828.json,david-cicilline,true,0,speaker_disjoint_split,0,0.20351027266123098,0,0.17719876541569882
6116.json,terry-lawler,barely-true,1,speaker_disjoint_split,1,0.5923975611382797,1,0.5224946381979854
1283.json,blog-posting,pants-fire,1,speaker_disjoint_split,1,0.6013165636632046,1,0.5894657302326223
11915.json,centre-research-globalization,false,1,speaker_disjoint_split,1,0.7907573570614892,1,0.638324891806985
4340.json,club-growth,false,1,speaker_disjoint_split,0,0.5593021666788192,0,0.4405360549023115
12822.json,joaquin-castro,half-true,0,speaker_disjoint_split,1,0.6899007650589708,1,0.6337764631315905
11501.json,carly-fiorina,false,1,speaker_disjoint_split,1,0.6142511572265834,1,0.5501644151155397
9067.json,kesha-rogers,half-true,0,speaker_disjoint_split,1,0.7945385323723415,1,0.7348898220012968
239.json,ron-paul,true,0,speaker_disjoint_split,0,0.5353289889758425,1,0.5027672729001059
9247.json,neera-tanden,mostly-true,0,speaker_disjoint_split,0,0.4095866359063034,0,0.4227324101449976
9873.json,chuck-todd,true,0,speaker_disjoint_split,0,0.25893546148927515,0,0.2718224743303869
11713.json,bernie-s,barely-true,1,speaker_disjoint_split,1,0.6068434694919537,1,0.513537747708815
1919.json,debbie-wasserman-schultz,half-true,0,speaker_disjoint_split,0,0.49352317902487725,0,0.4593216831400437
1294.json,keith-olbermann,mostly-true,0,speaker_disjoint_split,1,0.5667496388199482,1,0.5340740732776251
7278.json,jennette-gayer,mostly-true,0,speaker_disjoint_split,0,0.37718407182304514,0,0.4176973146908505
13382.json,donald-trump,false,1,speaker_disjoint_split,1,0.6167313233901053,1,0.6220194407452658
13464.json,donald-trump,false,1,speaker_disjoint_split,1,0.7249611437538402,1,0.644926163338425
13218.json,rush-limbaugh,pants-fire,1,speaker_disjoint_split,0,0.4350121991798927,1,0.5060087222209062
7142.json,dan-micciche,mostly-true,0,speaker_disjoint_split,0,0.2625589642859087,0,0.19856370570811482
6016.json,joe-biden,mostly-true,0,speaker_disjoint_split,0,0.41404658281566126,0,0.2824217695538686
11995.json,donald-trump,false,1,speaker_disjoint_split,1,0.7517366286326667,1,0.6970257496736593
1630.json,tom-coburn,mostly-true,0,speaker_disjoint_split,1,0.7932804097850978,1,0.7841437873056141
12938.json,donald-trump,mostly-true,0,speaker_disjoint_split,0,0.435955146918403,0,0.3730765897144035
5716.json,robert-menendez,true,0,speaker_disjoint_split,0,0.20044845333076253,0,0.07063323362124815
11079.json,blog-posting,pants-fire,1,speaker_disjoint_split,1,0.7169947736697603,1,0.739985908368649
13039.json,donald-trump,false,1,speaker_disjoint_split,0,0.539310644781658,0,0.48334500360035265
1149.json,bernie-s,false,1,speaker_disjoint_split,0,0.3309939148139696,0,0.27981126834964704
8473.json,joe-barton,false,1,speaker_disjoint_split,1,0.7077315685347523,1,0.5060669789357733
3749.json,david-cicilline,barely-true,1,speaker_disjoint_split,0,0.4979901184723265,0,0.3847251082337995
5734.json,bettylou-decroce,half-true,0,speaker_disjoint_split,0,0.2758835320221663,0,0.2593406700516371
12922.json,pat-mccrory,barely-true,1,speaker_disjoint_split,1,0.8693620498118392,1,0.7318062869879265
1506.json,charlie-crist,true,0,speaker_disjoint_split,0,0.5007006757422007,0,0.3510440044763033
2828.json,marvin-pratt,false,1,speaker_disjoint_split,0,0.5102340060944718,0,0.4205104512752472
5145.json,rob-cornilles,barely-true,1,speaker_disjoint_split,0,0.4970764680155845,0,0.44527832450680244
11283.json,reader-email,mostly-true,0,speaker_disjoint_split,0,0.3380939255888227,0,0.17089282665482308
10185.json,sean-spicer,true,0,speaker_disjoint_split,0,0.44758524719760273,0,0.3894116114017571
12267.json,lee-camp,half-true,0,speaker_disjoint_split,1,0.7097209085947103,1,0.6821335053578323
10579.json,scott-walker,mostly-true,0,speaker_disjoint_split,0,0.24846721325490706,0,0.21899228818827934
12307.json,bernie-s,mostly-true,0,speaker_disjoint_split,0,0.5012240833393825,0,0.42980139763816666
6344.json,lou-ann-zelenik,false,1,speaker_disjoint_split,1,0.8469799504435578,1,0.7879313503528376
8021.json,karl-rove,mostly-true,0,speaker_disjoint_split,0,0.3623086132465113,0,0.3239711882632216
11314.json,carly-fiorina,true,0,speaker_disjoint_split,0,0.5021822261940531,0,0.3733743638672932
2851.json,joe-barton,barely-true,1,speaker_disjoint_split,1,0.6735989926401841,0,0.4824707197325513
12570.json,donald-trump,pants-fire,1,speaker_disjoint_split,1,0.56569534273092,0,0.4889565847366444
828.json,john-mccain,false,1,speaker_disjoint_split,0,0.5540943056085613,1,0.5432632247817062
1861.json,carly-fiorina,pants-fire,1,speaker_disjoint_split,1,0.5813764837436994,0,0.43078075554524703
5337.json,nickie-antonio,barely-true,1,speaker_disjoint_split,0,0.37050430225600195,0,0.24108222579805372
3023.json,john-kasich,false,1,speaker_disjoint_split,0,0.07776295814471061,0,0.12413528014230649
11577.json,bernie-s,true,0,speaker_disjoint_split,0,0.5030476049063382,0,0.37130802864429624
12844.json,donald-trump,mostly-true,0,speaker_disjoint_split,1,0.5939464705326761,0,0.4654468806757558
11576.json,bernie-s,half-true,0,speaker_disjoint_split,0,0.5537476472684492,0,0.4615352917223704
2827.json,republican-state-senators,pants-fire,1,speaker_disjoint_split,1,0.7419837124690243,1,0.6707356256519755
10609.json,scott-walker,false,1,speaker_disjoint_split,0,0.5228233128424258,1,0.5011633957865141
4166.json,debbie-wasserman-schultz,true,0,speaker_disjoint_split,1,0.6925367224597131,1,0.5666815470034393
1186.json,blog-posting,pants-fire,1,speaker_disjoint_split,1,0.8223283632491749,1,0.9104996249931938
12784.json,bill-clinton,half-true,0,speaker_disjoint_split,1,0.6020875425824515,1,0.5175763128006207
97.json,bill-richardson,mostly-true,0,speaker_disjoint_split,0,0.5110936354569573,0,0.3792315478706013
11788.json,scott-walker,mostly-true,0,speaker_disjoint_split,0,0.38724034512399014,0,0.38531541871211483
4828.json,armond-budish,false,1,speaker_disjoint_split,0,0.5369989687878617,0,0.4533732150182485
1868.json,blog-posting,pants-fire,1,speaker_disjoint_split,0,0.499828935949635,1,0.5505624768701661
9121.json,rush-limbaugh,false,1,speaker_disjoint_split,0,0.4372784394646012,0,0.37553848435864756
8335.json,deadspin,true,0,speaker_disjoint_split,0,0.5147240556056266,0,0.3724741015383653
10612.json,nancy-devaney,false,1,speaker_disjoint_split,0,0.5216204757232276,0,0.41211189261782105
5143.json,rob-cornilles,mostly-true,0,speaker_disjoint_split,1,0.7577307167727005,1,0.7132928017128526
9922.json,donald-trump,mostly-true,0,speaker_disjoint_split,0,0.4065990048009602,0,0.3486733711635573
2421.json,scott-walker,half-true,0,speaker_disjoint_split,0,0.2011582500523893,0,0.1658083233086025
3350.json,glenn-beck,pants-fire,1,speaker_disjoint_split,1,0.5833487761904643,1,0.5619790666631526
10116.json,scott-walker,barely-true,1,speaker_disjoint_split,1,0.6012681955088652,1,0.5153359971147106
786.json,john-mccain,false,1,speaker_disjoint_split,1,0.6571280768674203,1,0.6328541419408651
10725.json,addicting-information,false,1,speaker_disjoint_split,0,0.5585277348199743,0,0.4727622824928844
9713.json,charlotte-nash,half-true,0,speaker_disjoint_split,1,0.71180735588205,1,0.6562133971928773
9318.json,miami-seaport-alliance,false,1,speaker_disjoint_split,0,0.5409031242963167,0,0.4698635744389941
4395.json,state-democratic-party-wisconsin,pants-fire,1,speaker_disjoint_split,1,0.6537246218833815,1,0.6550875642325961
4532.json,mary-nolan,half-true,0,speaker_disjoint_split,1,0.7095027881063775,1,0.5519194027219192
4909.json,tim-kaine,true,0,speaker_disjoint_split,0,0.5072436338061874,0,0.408317584710259
13081.json,donald-trump,false,1,speaker_disjoint_split,1,0.6088347390469138,1,0.5445809118924319
7290.json,coalition-stop-gun-violence,pants-fire,1,speaker_disjoint_split,1,0.6233039546082076,1,0.5423420318371381
1163.json,republican-party-florida,pants-fire,1,speaker_disjoint_split,1,0.6177032549048912,1,0.5228396170004129
3155.json,scott-walker,false,1,speaker_disjoint_split,1,0.594566407747241,1,0.5305573800377453
8882.json,charlie-crist,half-true,0,speaker_disjoint_split,1,0.8633157291719271,1,0.7331266027685643
12689.json,donald-trump,false,1,speaker_disjoint_split,1,0.6113148814230915,1,0.5260786337264332
834.json,john-mccain,true,0,speaker_disjoint_split,0,0.4725118714733162,0,0.4520640937614323
7307.json,nathan-deal,mostly-true,0,speaker_disjoint_split,0,0.42462755573433014,0,0.3939900734686862
5651.json,marsha-blackburn,false,1,speaker_disjoint_split,1,0.7476531347279357,1,0.6727044198795392
10709.json,scott-walker,half-true,0,speaker_disjoint_split,1,0.569891933760682,0,0.4249841868728839
10008.json,republican-governors-association,false,1,speaker_disjoint_split,1,0.6650798280349237,1,0.5983194853101079
11423.json,bernie-s,barely-true,1,speaker_disjoint_split,1,0.6030351508299142,0,0.48116872978030045
8578.json,debbie-wasserman-schultz,half-true,0,speaker_disjoint_split,1,0.661186348300646,1,0.5713300264618293
12750.json,donald-trump,half-true,0,speaker_disjoint_split,1,0.5641354488713757,1,0.503815628767669
2884.json,oregon-healthy-kids,mostly-true,0,speaker_disjoint_split,0,0.4572152005261222,0,0.32827359592427235
2373.json,david-porter,half-true,0,speaker_disjoint_split,1,0.5610107401407738,0,0.4744968093024614
4810.json,dekalb-county,mostly-true,0,speaker_disjoint_split,1,0.6859063239199473,1,0.6617176058921701
3760.json,steve-oelrich,true,0,speaker_disjoint_split,1,0.6531232339242719,1,0.5939725692087836
630.json,john-mccain,true,0,speaker_disjoint_split,1,0.7753968014410659,1,0.7018445935200728
2587.json,national-republican-congressional-committee,pants-fire,1,speaker_disjoint_split,1,0.6922487006111475,1,0.5786917246305094
8988.json,americans-prosperity-georgia-chapter,mostly-true,0,speaker_disjoint_split,0,0.3900487336692547,0,0.23351946339458268
5816.json,national-republican-congressional-committee,barely-true,1,speaker_disjoint_split,0,0.36092658423262514,0,0.3302643817973644
8872.json,mr-conservative,false,1,speaker_disjoint_split,1,0.6791742822261105,1,0.50863106145313
9415.json,scott-walker,mostly-true,0,speaker_disjoint_split,0,0.4641093794961123,0,0.4899653308936571
8991.json,david-ignatius,true,0,speaker_disjoint_split,1,0.6243988980669111,1,0.5302501569103842
13217.json,donald-trump,false,1,speaker_disjoint_split,0,0.4555084075030266,0,0.3925700504491606
5013.json,restore-our-future,mostly-true,0,speaker_disjoint_split,0,0.5385023975550414,1,0.5071252119945354
5114.json,scott-walker,false,1,speaker_disjoint_split,0,0.43957367073137754,0,0.4407606011762286
2609.json,nathan-deal,half-true,0,speaker_disjoint_split,1,0.5884653043619054,1,0.4988991326433479
8536.json,scott-walker,mostly-true,0,speaker_disjoint_split,1,0.6895086017339687,1,0.6061832404867677
6085.json,julian-castro,half-true,0,speaker_disjoint_split,0,0.3318138785837,0,0.3090741365725361
3540.json,tim-kaine,true,0,speaker_disjoint_split,0,0.504038659037288,0,0.3833571792651062
1194.json,keith-olbermann,half-true,0,speaker_disjoint_split,1,0.6072702638766299,1,0.5682195015265676
5704.json,republican-governors-association,half-true,0,speaker_disjoint_split,1,0.6976863701265886,1,0.5755010065502495
6820.json,ann-coulter,true,0,speaker_disjoint_split,0,0.5574913760201399,0,0.48163028101600985
1859.json,nathan-deal,barely-true,1,speaker_disjoint_split,0,0.5402484341595317,0,0.33295299233222203
13131.json,donald-trump,false,1,speaker_disjoint_split,1,0.6576691738492884,1,0.6192400361282545
8384.json,ken-cuccinelli,false,1,speaker_disjoint_split,1,0.6958301914984851,1,0.6292709347860662
13511.json,heather-mcghee,half-true,0,speaker_disjoint_split,0,0.5516264522893249,0,0.41712405437157657
13103.json,donald-trump,false,1,speaker_disjoint_split,1,0.7265408971321327,1,0.6185085850269427
8823.json,mark-schlereth,mostly-true,0,speaker_disjoint_split,0,0.4876284160131392,0,0.40732284726818024
735.json,john-mccain,barely-true,1,speaker_disjoint_split,1,0.681887886860643,1,0.5893003078301271
9090.json,kathleen-sebelius,mostly-true,0,speaker_disjoint_split,0,0.5493230500482101,1,0.49513182214523377
4249.json,club-growth,barely-true,1,speaker_disjoint_split,1,0.6927177978553654,1,0.5654587449496928
12771.json,bernie-s,mostly-true,0,speaker_disjoint_split,0,0.2510390157058527,0,0.2351229989271723
12029.json,donald-trump,half-true,0,speaker_disjoint_split,1,0.6171239370930175,1,0.5242382851088038
7273.json,keith-faber,true,0,speaker_disjoint_split,1,0.6023294038128127,1,0.5278617779856923
11328.json,bernie-s,mostly-true,0,speaker_disjoint_split,0,0.2509066529099715,0,0.24075299766068795
7579.json,ed-fallone,half-true,0,speaker_disjoint_split,1,0.603417791168537,1,0.5886930508360342
9659.json,dan-patrick,false,1,speaker_disjoint_split,0,0.39981826944763593,0,0.4167054942041457
7844.json,harry-alford,pants-fire,1,speaker_disjoint_split,1,0.7528422208795512,1,0.7808069773153002
349.json,bill-clinton,false,1,speaker_disjoint_split,0,0.45013092432974144,0,0.3648168430233738
12041.json,bernie-s,mostly-true,0,speaker_disjoint_split,1,0.8211865860264796,1,0.6941475790656543
4521.json,jim-whelan,half-true,0,speaker_disjoint_split,0,0.4510444886397666,0,0.344511045363906
6170.json,sam-adams,mostly-true,0,speaker_disjoint_split,0,0.4852348205503225,0,0.34729393040284495
2176.json,nathan-deal,mostly-true,0,speaker_disjoint_split,1,0.6278958311108579,0,0.47928131914299454
2116.json,bill-oreilly,false,1,speaker_disjoint_split,1,0.7475892094457489,1,0.6963308522516085
4019.json,new-jersey-democratic-state-committee,false,1,speaker_disjoint_split,1,0.6115720318593935,0,0.45001338088304205
1531.json,charles-rangel,pants-fire,1,speaker_disjoint_split,1,0.6195569031950986,1,0.6109707197370543
5365.json,greg-walden,true,0,speaker_disjoint_split,0,0.4798133000309249,0,0.41436436428644663
3768.json,terry-moulton,false,1,speaker_disjoint_split,0,0.30574491569962314,0,0.28732455803550444
13126.json,donald-trump,false,1,speaker_disjoint_split,0,0.48522077336154096,0,0.4427219561423584
13299.json,donald-trump,barely-true,1,speaker_disjoint_split,1,0.667223941775373,1,0.5767041188510029
698.json,john-mccain,false,1,speaker_disjoint_split,1,0.7422951898154744,1,0.6616196988891115
9586.json,jeff-merkley,false,1,speaker_disjoint_split,1,0.5969066218751584,1,0.5316783369399962
4128.json,national-republican-congressional-committee,false,1,speaker_disjoint_split,1,0.7138871871862892,1,0.6726624676991739
12276.json,jerry-jones,pants-fire,1,speaker_disjoint_split,1,0.662285959215307,1,0.5261553468219426
12001.json,donald-trump,false,1,speaker_disjoint_split,1,0.6658592096610858,1,0.643246340761368
3312.json,scott-walker,false,1,speaker_disjoint_split,1,0.6131219330738233,1,0.5585946545507037
13151.json,blog-posting,pants-fire,1,speaker_disjoint_split,1,0.6258115937045432,1,0.6774262279828993
13187.json,tim-kaine,half-true,0,speaker_disjoint_split,1,0.5776456686020207,1,0.4969182306847875
11916.json,john-kasich,mostly-true,0,speaker_disjoint_split,1,0.5656012543960518,1,0.5253868666139188
12464.json,scott-walker,half-true,0,speaker_disjoint_split,1,0.5975324836754937,1,0.5767383801248896
1606.json,charlie-crist,mostly-true,0,speaker_disjoint_split,1,0.6228241464952536,0,0.46551345211036127
12268.json,donald-trump,mostly-true,0,speaker_disjoint_split,1,0.651569370592631,1,0.5638527103216365
4891.json,alan-simpson,true,0,speaker_disjoint_split,0,0.2582053419623424,0,0.27645041105896945
8793.json,florida-all,barely-true,1,speaker_disjoint_split,0,0.4417950604113267,0,0.41236681200414427
5495.json,david-axelrod,false,1,speaker_disjoint_split,0,0.3759961546297918,0,0.22572285687913987
516.json,john-mccain,true,0,speaker_disjoint_split,0,0.33681462020526054,0,0.32526501284011106
11063.json,donald-trump,false,1,speaker_disjoint_split,1,0.7214709677434762,1,0.5847590273554661
113.json,john-mccain,half-true,0,speaker_disjoint_split,0,0.29027157219585165,0,0.2795296357490722
11992.json,donald-trump,pants-fire,1,speaker_disjoint_split,1,0.7132553331921239,1,0.6207077683516622
8769.json,chris-murphy,true,0,speaker_disjoint_split,0,0.5063728144811267,0,0.47013968741066975
10370.json,chris-coons,barely-true,1,speaker_disjoint_split,1,0.636759469778375,1,0.5265917704465156
991.json,gus-bilirakis,barely-true,1,speaker_disjoint_split,1,0.6316135759701287,0,0.47193796383508413
507.json,john-mccain,barely-true,1,speaker_disjoint_split,0,0.5525407528951316,1,0.5068418260835028
7747.json,blog-posting,barely-true,1,speaker_disjoint_split,1,0.6972821798491603,1,0.6920807295784849
10968.json,bill-clinton,mostly-true,0,speaker_disjoint_split,0,0.5224066145381037,0,0.44048969693828544
12682.json,donald-trump,true,0,speaker_disjoint_split,0,0.44889436036836416,0,0.4258849421888165
10190.json,ben-cardin,barely-true,1,speaker_disjoint_split,0,0.47776089482463807,0,0.40160973379236115
13060.json,blog-posting,pants-fire,1,speaker_disjoint_split,1,0.7124865741612126,1,0.7291481121620614
12443.json,vicki-martin,mostly-true,0,speaker_disjoint_split,0,0.3515597475367383,0,0.26007633007169323
6210.json,bill-weimer,true,0,speaker_disjoint_split,0,0.3871328722048974,1,0.5097610944606205
3590.json,peter-defazio,false,1,speaker_disjoint_split,1,0.6488123879408841,1,0.7050210132804288
4625.json,fred-karger,pants-fire,1,speaker_disjoint_split,1,0.676488332201255,1,0.7521620951663229
1932.json,bill-lynch,pants-fire,1,speaker_disjoint_split,1,0.6374736545511438,1,0.5618330247921663
10984.json,scott-walker,half-true,0,speaker_disjoint_split,0,0.18706549174683318,0,0.1994301629163352
13041.json,donald-trump,pants-fire,1,speaker_disjoint_split,0,0.5373258671532595,0,0.45602924922765936
9955.json,blog-posting,pants-fire,1,speaker_disjoint_split,1,0.8549877258627137,1,0.9671317958924216
3533.json,charles-rangel,half-true,0,speaker_disjoint_split,1,0.5974702733621626,1,0.5384775872062029
4671.json,ron-paul,mostly-true,0,speaker_disjoint_split,0,0.5358469330694277,1,0.4947713501568652
701.json,john-mccain,barely-true,1,speaker_disjoint_split,1,0.6983508760982213,1,0.6133203854028182
9894.json,john-mccain,mostly-true,0,speaker_disjoint_split,1,0.577259591080019,1,0.4957690851473651
2955.json,state-democratic-party-wisconsin,pants-fire,1,speaker_disjoint_split,1,0.8308711183869172,1,0.7599282666647184
8724.json,carol-shea-porter,true,0,speaker_disjoint_split,1,0.5737553916249838,0,0.4329376668428168
11224.json,se-cupp,true,0,speaker_disjoint_split,0,0.3750632189530121,0,0.3696095321616999
12890.json,donald-trump,barely-true,1,speaker_disjoint_split,1,0.5941455072944939,1,0.5427723042646106
3683.json,saxby-chambliss,false,1,speaker_disjoint_split,1,0.67451495551336,1,0.6116273608869033
12983.json,tim-kaine,false,1,speaker_disjoint_split,1,0.6314813046266919,1,0.5643197696565321
1302.json,charlie-crist,pants-fire,1,speaker_disjoint_split,1,0.656105401511686,1,0.5841449236084683
6676.json,gilberto-hinojosa,false,1,speaker_disjoint_split,0,0.5437379852431818,0,0.4381124430085071
12212.json,bernie-s,half-true,0,speaker_disjoint_split,0,0.5229795845873507,0,0.4343848499912801
4179.json,jessica-king,barely-true,1,speaker_disjoint_split,1,0.6596764275994924,1,0.6188109900762252
12814.json,bill-clinton,half-true,0,speaker_disjoint_split,1,0.6102081239354826,1,0.5622005763911472
3057.json,greg-walden,barely-true,1,speaker_disjoint_split,0,0.4558076437026633,0,0.36471634862719243
3371.json,andy-brown,false,1,speaker_disjoint_split,1,0.6069491906152283,1,0.5463188395260582
8319.json,state-democratic-party-wisconsin,half-true,0,speaker_disjoint_split,1,0.6728367929102308,1,0.6213627174242289
598.json,john-mccain,barely-true,1,speaker_disjoint_split,1,0.6963871970064062,1,0.6094982911764071
8509.json,charlie-crist,true,0,speaker_disjoint_split,1,0.5892383404538083,1,0.49758647397837713
8803.json,scott-walker,mostly-true,0,speaker_disjoint_split,0,0.5188769341467658,0,0.47258481675050057
9653.json,angel-taveras,half-true,0,speaker_disjoint_split,0,0.440426689340658,0,0.3245347991286939
13002.json,donald-trump,mostly-true,0,speaker_disjoint_split,0,0.47426034033738107,0,0.4318915224776493
12126.json,stephen-zappala,half-true,0,speaker_disjoint_split,1,0.6070496645776858,0,0.4751682389524266
8487.json,republican-party-florida,half-true,0,speaker_disjoint_split,1,0.5847851297654181,0,0.48485689030610707
1510.json,republican-governors-association,mostly-true,0,speaker_disjoint_split,0,0.3862195427999684,0,0.31677314658975586
5798.json,scott-walker,barely-true,1,speaker_disjoint_split,1,0.7624481215789065,1,0.6573447695547828
546.json,john-mccain,true,0,speaker_disjoint_split,1,0.6893579603156949,1,0.6216465782234751
1544.json,charlie-crist,true,0,speaker_disjoint_split,0,0.4442521204314008,0,0.3321501609304709
8045.json,tom-cole,true,0,speaker_disjoint_split,0,0.5249610788611478,1,0.4946655429936184
10508.json,scott-walker,false,1,speaker_disjoint_split,1,0.5772818677789631,1,0.5334017337119942
11550.json,donald-trump,barely-true,1,speaker_disjoint_split,0,0.3049468165086053,0,0.33634203541815255
1686.json,charlie-crist,half-true,0,speaker_disjoint_split,1,0.6264397300395734,1,0.5212838026842685
12216.json,donald-trump,false,1,speaker_disjoint_split,1,0.6544080156586886,1,0.6001297920956483
5028.json,kyleen-wright,barely-true,1,speaker_disjoint_split,1,0.7283105942853263,1,0.5061271584481615
5014.json,national-republican-congressional-committee,true,0,speaker_disjoint_split,0,0.4627205713878752,0,0.4791112309227251
1746.json,charlie-crist,false,1,speaker_disjoint_split,0,0.5096224311324562,0,0.35172039884595824
120.json,joe-biden,true,0,speaker_disjoint_split,1,0.6490466486936665,1,0.542155825124482
7849.json,national-republican-congressional-committee,mostly-true,0,speaker_disjoint_split,1,0.5717769705453907,1,0.538602112971995
3567.json,donald-trump,false,1,speaker_disjoint_split,0,0.5371339889960073,1,0.5106381876009531
515.json,john-mccain,half-true,0,speaker_disjoint_split,0,0.3900911773709182,0,0.3477678493160696
7431.json,john-kasich,mostly-true,0,speaker_disjoint_split,1,0.6872828343356084,1,0.66334129399008
1396.json,david-axelrod,mostly-true,0,speaker_disjoint_split,0,0.38104739885836114,0,0.2663346845604508
6305.json,robert-dimuccio,true,0,speaker_disjoint_split,0,0.29035766966989096,0,0.16233537854191885
831.json,john-mccain,mostly-true,0,speaker_disjoint_split,0,0.5115794959194542,0,0.45508507650314445
8248.json,karl-rove,mostly-true,0,speaker_disjoint_split,0,0.5143467969514064,0,0.48374202904405783
12802.json,tim-kaine,half-true,0,speaker_disjoint_split,0,0.44550086357636454,0,0.3287910266360822
646.json,joe-biden,false,1,speaker_disjoint_split,0,0.4981823817486252,0,0.3660240652810591
2627.json,alexi-giannoulias,barely-true,1,speaker_disjoint_split,1,0.6324672121907609,1,0.616318548974985
3463.json,glenn-beck,half-true,0,speaker_disjoint_split,1,0.6884690057769803,1,0.6486604609612866
8528.json,charlotte-nash,true,0,speaker_disjoint_split,1,0.5730922260936357,1,0.5287740848408016
9065.json,nathan-deal,true,0,speaker_disjoint_split,0,0.31770224451265683,0,0.2505394197515992
5217.json,robert-hagan,half-true,0,speaker_disjoint_split,1,0.5873999996666751,0,0.4884028599601119
1412.json,rush-limbaugh,pants-fire,1,speaker_disjoint_split,1,0.7880129542558467,1,0.6556731673738132
13384.json,donald-trump,pants-fire,1,speaker_disjoint_split,1,0.5846597467239664,1,0.5033881661365905
617.json,john-mccain,barely-true,1,speaker_disjoint_split,1,0.7765688807796431,1,0.6954506089697426
3723.json,john-kasich,barely-true,1,speaker_disjoint_split,1,0.7067132702221666,1,0.6220010783630056
5937.json,lloyd-doggett,mostly-true,0,speaker_disjoint_split,0,0.30486747911927703,0,0.18884604169584948
13016.json,donald-trump,half-true,0,speaker_disjoint_split,1,0.6334122424862627,1,0.5661245399678587
12920.json,vote-no-2,barely-true,1,speaker_disjoint_split,1,0.7052956716236731,1,0.5059275408312616
6245.json,american-commitment,pants-fire,1,speaker_disjoint_split,1,0.6735190591455711,1,0.5742123107678893
10292.json,allen-peake,true,0,speaker_disjoint_split,1,0.7682737588561186,1,0.6411077824005018
2915.json,vern-buchanan,false,1,speaker_disjoint_split,0,0.3364272823530555,0,0.3808084775457442
11361.json,tom-cole,true,0,speaker_disjoint_split,1,0.7305166486210276,1,0.7341512245591384
8018.json,gilberto-hinojosa,pants-fire,1,speaker_disjoint_split,1,0.7054250505054469,1,0.6102616365551675
8678.json,blog-posting,barely-true,1,speaker_disjoint_split,1,0.5775120445680489,1,0.6139710470507176
10819.json,carly-fiorina,mostly-true,0,speaker_disjoint_split,0,0.33560697693453473,0,0.30060703088179414
9303.json,joaquin-castro,true,0,speaker_disjoint_split,0,0.5388972249256584,1,0.5188609410423509
928.json,fidelis,mostly-true,0,speaker_disjoint_split,1,0.6810414095998938,1,0.6161488226619765
11909.json,donald-trump,barely-true,1,speaker_disjoint_split,1,0.6047146254527435,0,0.4896376116872351
11367.json,ben-carson,barely-true,1,speaker_disjoint_split,0,0.4639313479327064,0,0.3883668290801192
4852.json,john-kasich,true,0,speaker_disjoint_split,1,0.5666438342693384,1,0.5448719760574819
8400.json,michael-thurmond,barely-true,1,speaker_disjoint_split,0,0.526114670193968,1,0.5036595353235259
3961.json,blog-posting,false,1,speaker_disjoint_split,1,0.6127978408221872,1,0.6305953174908193
5428.json,alissa-keny-guyer,true,0,speaker_disjoint_split,0,0.5271715832083038,0,0.4192271217733928
6582.json,david-cicilline,mostly-true,0,speaker_disjoint_split,0,0.43645169280595403,0,0.3472622753511306
3857.json,robert-brown,barely-true,1,speaker_disjoint_split,0,0.5481005634782223,0,0.4753593777687662
9580.json,republican-party-florida,mostly-true,0,speaker_disjoint_split,0,0.49935717030467497,0,0.3940993395593176
742.json,john-mccain,barely-true,1,speaker_disjoint_split,0,0.5497256851027359,0,0.45886773039970746
10201.json,greta-van-susteren,mostly-true,0,speaker_disjoint_split,0,0.4987628510244663,0,0.4760417735255787
8750.json,david-jolly,barely-true,1,speaker_disjoint_split,1,0.6130406272587701,1,0.6014782032619371
9136.json,mike-collier,false,1,speaker_disjoint_split,1,0.6890179032274423,1,0.6091000643273689
3898.json,elijah-cummings,true,0,speaker_disjoint_split,0,0.41221868176616194,0,0.36383990825210266
11103.json,chuck-baldwin,pants-fire,1,speaker_disjoint_split,1,0.5727542513792078,1,0.5198317139540404
9811.json,john-carlevale,half-true,0,speaker_disjoint_split,0,0.3756088204062172,0,0.28974720178012014
8471.json,david-axelrod,mostly-true,0,speaker_disjoint_split,1,0.6369855268739901,0,0.48016526092749146
3825.json,debbie-wasserman-schultz,half-true,0,speaker_disjoint_split,1,0.5625848979968294,1,0.4964160302691994
8706.json,david-jolly,barely-true,1,speaker_disjoint_split,1,0.8528804861320791,1,0.814567325416405
458.json,john-mccain,pants-fire,1,speaker_disjoint_split,0,0.42566389225878354,0,0.3917913904647742
140.json,bill-richardson,half-true,0,speaker_disjoint_split,1,0.7197913044978442,1,0.5989199336132177
2961.json,tom-coburn,mostly-true,0,speaker_disjoint_split,0,0.3955072960608235,0,0.41574626779289275
4278.json,ken-plum,false,1,speaker_disjoint_split,0,0.36449628105901094,0,0.35715911691379715
9673.json,nathan-deal,false,1,speaker_disjoint_split,1,0.6343375371993567,1,0.5388482699416636
12871.json,tim-kaine,half-true,0,speaker_disjoint_split,1,0.5896752293692806,0,0.4873601430257511
12149.json,donald-trump,barely-true,1,speaker_disjoint_split,0,0.47728956914918796,0,0.45341974495261483
12959.json,donald-trump,barely-true,1,speaker_disjoint_split,0,0.33803512686494275,0,0.3070752394699258
12777.json,bernie-s,half-true,0,speaker_disjoint_split,0,0.3871737187747539,0,0.3428283501461065
12584.json,thomas-perez,barely-true,1,speaker_disjoint_split,1,0.7099610014605648,1,0.6445940414883303
7866.json,bernie-s,true,0,speaker_disjoint_split,0,0.49769527713811473,0,0.45012334788365044
7962.json,debbie-wasserman-schultz,mostly-true,0,speaker_disjoint_split,0,0.4908120225831158,0,0.4360507010542975
12710.json,donald-trump,false,1,speaker_disjoint_split,1,0.6271019047732106,1,0.497670146366908
13191.json,tim-kaine,barely-true,1,speaker_disjoint_split,1,0.7630866655030503,1,0.6575032158795834
12251.json,don-beyer,barely-true,1,speaker_disjoint_split,0,0.4138447205334271,0,0.2944080624950665
1980.json,jan-brewer,false,1,speaker_disjoint_split,1,0.6734088186056265,1,0.6515908868053021
9678.json,rush-limbaugh,mostly-true,0,speaker_disjoint_split,0,0.500814025900175,1,0.5252342898031372
2111.json,bob-gibbs,true,0,speaker_disjoint_split,0,0.5399437052861346,1,0.5145180757451587
9251.json,julian-castro,mostly-true,0,speaker_disjoint_split,0,0.38115524189017846,0,0.3044891411259899
2692.json,tim-kaine,barely-true,1,speaker_disjoint_split,0,0.43673258356398953,0,0.3476266537865004
11368.json,scott-walker,half-true,0,speaker_disjoint_split,0,0.3559893468916665,0,0.3739268079667061
13520.json,blog-posting,mostly-true,0,speaker_disjoint_split,1,0.6711487863548132,1,0.7041808566854416
662.json,john-mccain,false,1,speaker_disjoint_split,0,0.5540943056085613,1,0.5432632247817062
7822.json,nathan-deal,half-true,0,speaker_disjoint_split,0,0.2618526847359835,0,0.24822085944514904
2158.json,bill-lynch,barely-true,1,speaker_disjoint_split,0,0.39042741408556725,0,0.27254314881763925
10497.json,scott-walker,mostly-true,0,speaker_disjoint_split,0,0.3446321008211283,0,0.3003167403256603
1542.json,charlie-crist,true,0,speaker_disjoint_split,1,0.6177524972970614,0,0.4851029139116905
4667.json,sam-adams,barely-true,1,speaker_disjoint_split,1,0.6981256791534945,1,0.5781859872329262
11512.json,carly-fiorina,half-true,0,speaker_disjoint_split,0,0.5022476488042005,0,0.4052961568419935
10698.json,foundation-secure-and-prosperous-america,barely-true,1,speaker_disjoint_split,1,0.7035237738605149,1,0.6479696061552833
13224.json,donald-trump,barely-true,1,speaker_disjoint_split,1,0.5687729810979452,1,0.5737542787106326
1754.json,lamar-mckay,barely-true,1,speaker_disjoint_split,0,0.5407525858230754,0,0.45520552987794954
1454.json,david-axelrod,true,0,speaker_disjoint_split,1,0.5794084765479262,0,0.4677572281688235
11273.json,donald-trump,false,1,speaker_disjoint_split,1,0.7962722767866361,1,0.7544899098037435
7846.json,dale-kooyenga,mostly-true,0,speaker_disjoint_split,0,0.25221890216245313,0,0.19660996249612614
10993.json,stanley-mcchrystal,half-true,0,speaker_disjoint_split,0,0.31054659115704286,0,0.18829970555714798
12097.json,joanne-kloppenburg,false,1,speaker_disjoint_split,1,0.6002578591903777,1,0.5131832439787252
6464.json,david-cicilline,false,1,speaker_disjoint_split,1,0.6133932846449405,1,0.5181912934759821
8553.json,goldie-taylor,false,1,speaker_disjoint_split,0,0.40656816458537687,0,0.3188311058705225
9961.json,catherine-taylor,true,0,speaker_disjoint_split,0,0.40520850808588194,0,0.3547439542930744
2545.json,debbie-jackow,false,1,speaker_disjoint_split,0,0.547789029339375,1,0.5021775252228851
4142.json,dominick-marino,half-true,0,speaker_disjoint_split,0,0.5509991267342771,1,0.69756950692686
3213.json,peter-defazio,mostly-true,0,speaker_disjoint_split,0,0.506955964713394,1,0.5621053100581305
12801.json,chris-murphy,true,0,speaker_disjoint_split,0,0.4681593358028707,0,0.399225272872026
10867.json,scott-walker,mostly-true,0,speaker_disjoint_split,0,0.5571521870847004,1,0.5010356207893678
6101.json,tim-kaine,mostly-true,0,speaker_disjoint_split,0,0.43493742525598983,0,0.38560309395349923
11422.json,bernie-s,mostly-true,0,speaker_disjoint_split,1,0.6686927565015947,1,0.535903432743822
13185.json,tim-kaine,half-true,0,speaker_disjoint_split,0,0.5435611355037112,0,0.44029868838586494
10574.json,bill-oreilly,half-true,0,speaker_disjoint_split,1,0.6558827431533296,1,0.7010110983530464
6852.json,robert-menendez,true,0,speaker_disjoint_split,0,0.4706683316369382,0,0.3572089909487936
6044.json,gary-johnson,barely-true,1,speaker_disjoint_split,0,0.3962801505396628,0,0.33571035090830614
5148.json,democratic-congressional-campaign-committee,pants-fire,1,speaker_disjoint_split,1,0.6690666393303719,1,0.5723109145794272
12239.json,bernie-s,mostly-true,0,speaker_disjoint_split,1,0.570225082904229,0,0.4201088346695533
1255.json,carl-levin,true,0,speaker_disjoint_split,1,0.5955175730290384,1,0.5017428543973936
9887.json,charlie-crist,mostly-true,0,speaker_disjoint_split,1,0.7107593454884034,1,0.5979896796029768
12971.json,donald-trump,false,1,speaker_disjoint_split,0,0.5543028983579088,0,0.46768971048128877
10584.json,ben-carson,false,1,speaker_disjoint_split,0,0.3915880136412166,0,0.27372143239744234
3295.json,tim-kaine,mostly-true,0,speaker_disjoint_split,1,0.673398836145352,1,0.5578274533386984
4052.json,united-fair-economy,mostly-true,0,speaker_disjoint_split,0,0.2990109702090532,0,0.3370102129567199
10619.json,rush-limbaugh,false,1,speaker_disjoint_split,1,0.7905701642712685,1,0.7412345014515451
9604.json,rush-limbaugh,half-true,0,speaker_disjoint_split,0,0.5537169573945635,0,0.4174146760590313
1721.json,debbie-wasserman-schultz,barely-true,1,speaker_disjoint_split,1,0.7532832284551708,1,0.700858513070746
5437.json,national-republican-congressional-committee,barely-true,1,speaker_disjoint_split,0,0.5238860875698615,1,0.5276590963568994
3833.json,national-republican-congressional-committee,barely-true,1,speaker_disjoint_split,1,0.6100783348586112,1,0.5610126883806056
1062.json,keith-olbermann,false,1,speaker_disjoint_split,1,0.6543139058565718,1,0.6072010234707086
13396.json,blog-posting,pants-fire,1,speaker_disjoint_split,1,0.6834323081865321,1,0.7219723881887867
3299.json,scott-walker,false,1,speaker_disjoint_split,1,0.6930967413038452,1,0.6556334514350448
6719.json,national-republican-congressional-committee,half-true,0,speaker_disjoint_split,1,0.6550395105953322,1,0.5942495362426502
8918.json,dan-patrick,false,1,speaker_disjoint_split,1,0.753385270262028,1,0.6017285423745399
13011.json,donald-trump,half-true,0,speaker_disjoint_split,1,0.5790811373259227,0,0.44721566379568795
1296.json,rush-limbaugh,half-true,0,speaker_disjoint_split,0,0.5249323858001153,1,0.49189605314563944
4448.json,debbie-wasserman-schultz,barely-true,1,speaker_disjoint_split,0,0.5276612016959451,0,0.444751161774855
10875.json,sarah-silverman,true,0,speaker_disjoint_split,1,0.6799232704147844,0,0.48906843958063323
11044.json,donald-trump,pants-fire,1,speaker_disjoint_split,1,0.791753833239144,1,0.7037019175489011
10805.json,danny-porter,half-true,0,speaker_disjoint_split,0,0.48158440108875733,0,0.41403896042098365
4772.json,kathleen-connell,false,1,speaker_disjoint_split,0,0.34651657897988175,0,0.42499772205541336
9855.json,blog-posting,pants-fire,1,speaker_disjoint_split,0,0.4883252900614355,1,0.5684699812756142
12984.json,donald-trump,pants-fire,1,speaker_disjoint_split,0,0.4980033115745505,0,0.4663134892003345
3328.json,bill-oreilly,mostly-true,0,speaker_disjoint_split,0,0.4443071927176678,0,0.4724196882842127
9972.json,scott-walker,mostly-true,0,speaker_disjoint_split,1,0.700853970810244,1,0.6140803133915087
10476.json,celine-gounder,true,0,speaker_disjoint_split,1,0.6367054905118354,1,0.5333598612538505
8132.json,bill-foster,half-true,0,speaker_disjoint_split,0,0.46827379728415197,0,0.3709907225933509
6172.json,rush-limbaugh,pants-fire,1,speaker_disjoint_split,0,0.5428325770565685,0,0.4881642969881949
12892.json,donald-trump,pants-fire,1,speaker_disjoint_split,1,0.8249173320600484,1,0.7168090630332286
10094.json,scott-walker,mostly-true,0,speaker_disjoint_split,0,0.31508198274256566,0,0.3121707658864904
514.json,john-mccain,true,0,speaker_disjoint_split,0,0.5540372639654626,1,0.49830917355630006
2586.json,john-kasich,mostly-true,0,speaker_disjoint_split,0,0.38788674173002474,0,0.3913456082738144
1923.json,orrin-hatch,barely-true,1,speaker_disjoint_split,0,0.21461025956352697,0,0.09079874659404907
5301.json,debbie-wasserman-schultz,false,1,speaker_disjoint_split,0,0.29469490614482874,0,0.2279471392637125
1291.json,tom-mcclintock,false,1,speaker_disjoint_split,0,0.4797243098149715,0,0.4562057305048311
9903.json,national-republican-congressional-committee,barely-true,1,speaker_disjoint_split,0,0.49478009221761166,0,0.43414723011693834
12796.json,donald-trump,mostly-true,0,speaker_disjoint_split,0,0.5512615192331012,1,0.5202572003747309
7180.json,sam-adams,false,1,speaker_disjoint_split,0,0.4081731455268035,0,0.2686993279057065
3716.json,ron-paul,half-true,0,speaker_disjoint_split,0,0.5152483445004433,0,0.4544328726389735
9654.json,dennis-richardson,mostly-true,0,speaker_disjoint_split,0,0.43567966553959264,0,0.4530943731388987
2836.json,john-pistole,true,0,speaker_disjoint_split,0,0.4517902856768346,0,0.4114358270535353
9697.json,lenar-whitney,pants-fire,1,speaker_disjoint_split,1,0.9696559783511031,1,0.8378023761898817
4405.json,daniel-mckee,mostly-true,0,speaker_disjoint_split,0,0.34612790702846374,0,0.20281299840041722
3515.json,donald-trump,false,1,speaker_disjoint_split,0,0.4752776044006906,0,0.4427949143453769
11745.json,dan-patrick,half-true,0,speaker_disjoint_split,1,0.605405667648385,1,0.5594631239101373
9700.json,charlie-crist,barely-true,1,speaker_disjoint_split,1,0.6471812893338662,1,0.5289193722339458
10515.json,scott-walker,half-true,0,speaker_disjoint_split,1,0.6664381085363329,1,0.6404955964552222
9753.json,scott-walker,true,0,speaker_disjoint_split,0,0.3457288553460667,0,0.3564152124694788
11098.json,rush-limbaugh,half-true,0,speaker_disjoint_split,0,0.43700783856136316,0,0.3727981696957533
7600.json,blog-posting,mostly-true,0,speaker_disjoint_split,1,0.6254829295334302,1,0.6651075512912663
13139.json,donald-trump,barely-true,1,speaker_disjoint_split,1,0.7466797813081689,1,0.6582589932120544
718.json,john-mccain,mostly-true,0,speaker_disjoint_split,0,0.3899004711709545,0,0.36502688803418337
5516.json,scott-walker,half-true,0,speaker_disjoint_split,0,0.48767127972042645,0,0.4615498485712707
13308.json,donald-trump,barely-true,1,speaker_disjoint_split,1,0.7027132804250806,1,0.624483291624522
3298.json,scott-walker,true,0,speaker_disjoint_split,1,0.6751043117387908,1,0.589778402758343
8063.json,instagram-posts,false,1,speaker_disjoint_split,1,0.5796910670650827,0,0.40629687047674423
4280.json,ron-paul,false,1,speaker_disjoint_split,1,0.646582023644547,1,0.528532012153259
476.json,john-mccain,half-true,0,speaker_disjoint_split,0,0.2602582942460403,0,0.2833420657637217
1870.json,fulton-county-government,true,0,speaker_disjoint_split,0,0.46155595375829966,0,0.3222280277335264
5745.json,joe-biden,half-true,0,speaker_disjoint_split,0,0.5430340312581654,0,0.3942490546890292
3486.json,larry-ahern,false,1,speaker_disjoint_split,1,0.6132985171021984,1,0.5068942673542401
8565.json,saxby-chambliss,mostly-true,0,speaker_disjoint_split,0,0.49849018811813695,0,0.4722295379370965
1899.json,john-mccain,true,0,speaker_disjoint_split,0,0.5318476097742492,0,0.44818626811369855
3775.json,ken-cuccinelli,true,0,speaker_disjoint_split,1,0.7563440736477899,1,0.7108088603297967
2895.json,michael-steele,half-true,0,speaker_disjoint_split,0,0.38275657170354666,0,0.2595324211638179
665.json,joe-biden,half-true,0,speaker_disjoint_split,0,0.48427855781432533,0,0.36520401347673515
11733.json,donald-trump,false,1,speaker_disjoint_split,1,0.674836124996916,1,0.5226699203324204
12369.json,donald-trump,false,1,speaker_disjoint_split,1,0.7105857289868546,1,0.5639399898364824
11220.json,julian-castro,true,0,speaker_disjoint_split,0,0.2560722105174194,0,0.2091428151370349
13475.json,blog-posting,pants-fire,1,speaker_disjoint_split,1,0.6985474323747654,1,0.6914348298979358
668.json,joe-biden,barely-true,1,speaker_disjoint_split,0,0.42768570502757414,0,0.3100008556968884
6347.json,robert-menendez,true,0,speaker_disjoint_split,0,0.5314501073009374,0,0.3447623577548925
8273.json,eddie-bernice-johnson,false,1,speaker_disjoint_split,0,0.5518146119434382,1,0.503003132560638
2382.json,austan-goolsbee,mostly-true,0,speaker_disjoint_split,0,0.5477704714632238,0,0.39035884450541203
2389.json,jb-van-hollen,mostly-true,0,speaker_disjoint_split,0,0.5053941456114036,0,0.3981728512803051
2365.json,maryellen-oshaughnessy,false,1,speaker_disjoint_split,1,0.6698103363373882,1,0.596879193261036
90.json,joe-biden,false,1,speaker_disjoint_split,0,0.5048773288562426,0,0.44092378109552477
9108.json,gilberto-hinojosa,false,1,speaker_disjoint_split,1,0.6160220571602667,1,0.5176990772727333
8184.json,steve-lonegan,half-true,0,speaker_disjoint_split,1,0.5916075398573365,0,0.4213658681194805
9649.json,republican-party-florida,barely-true,1,speaker_disjoint_split,1,0.6937891549452394,1,0.6200539578193106
10480.json,rush-limbaugh,pants-fire,1,speaker_disjoint_split,1,0.6454353823256803,1,0.5929115617597365
11631.json,ben-carson,false,1,speaker_disjoint_split,1,0.7345798377860769,1,0.6534039946866855
9387.json,aclu-florida,half-true,0,speaker_disjoint_split,0,0.5107962183476047,1,0.5498360281206194
1596.json,cliff-stearns,half-true,0,speaker_disjoint_split,0,0.5046043219367532,0,0.45282936246970606
2028.json,alexi-giannoulias,true,0,speaker_disjoint_split,0,0.50746437750535,1,0.49793098238702965
11237.json,scott-walker,true,0,speaker_disjoint_split,1,0.6487603618465324,1,0.5643811550297078
744.json,john-mccain,false,1,speaker_disjoint_split,0,0.5071448193511808,0,0.43906857898624885
559.json,john-mccain,false,1,speaker_disjoint_split,1,0.5663570482163458,1,0.5001109176622787
667.json,joe-biden,true,0,speaker_disjoint_split,0,0.4728721822719738,0,0.3375144681660933
1007.json,rush-limbaugh,mostly-true,0,speaker_disjoint_split,1,0.6223055896972556,1,0.5643006857750872
12935.json,donald-trump,false,1,speaker_disjoint_split,1,0.6936094049464153,1,0.6150000597876827
10214.json,lynda-rife,barely-true,1,speaker_disjoint_split,1,0.6541811187051907,0,0.45984846842455107
9767.json,scott-walker,mostly-true,0,speaker_disjoint_split,1,0.6014493731284722,1,0.5407945075179548
766.json,joe-biden,mostly-true,0,speaker_disjoint_split,0,0.4577557430914919,0,0.36834007058879487
570.json,john-mccain,half-true,0,speaker_disjoint_split,0,0.5451976280411672,1,0.5031115734052053
11942.json,donald-trump,barely-true,1,speaker_disjoint_split,1,0.6004275400186675,1,0.574796874192488
9952.json,republican-governors-association,mostly-true,0,speaker_disjoint_split,1,0.6082370511598658,1,0.5531864184438955
806.json,john-mccain,true,0,speaker_disjoint_split,1,0.6025933587237428,1,0.5162863425406155
4829.json,scott-walker,false,1,speaker_disjoint_split,0,0.382174444351823,0,0.39613219801037197
8220.json,ken-cuccinelli,false,1,speaker_disjoint_split,1,0.7620471951175419,1,0.7127736978080318
3832.json,charlotte-nash,mostly-true,0,speaker_disjoint_split,0,0.2655503255897608,0,0.2698519884238141
12119.json,donald-trump,false,1,speaker_disjoint_split,1,0.5610170107050654,1,0.5396130529423135
8155.json,bill-foster,true,0,speaker_disjoint_split,1,0.5788427799193613,0,0.4408764964137226
11533.json,ben-carson,pants-fire,1,speaker_disjoint_split,1,0.5841198172804741,1,0.5130958632386498
8138.json,jeb-hensarling,half-true,0,speaker_disjoint_split,1,0.7650459206647343,1,0.680885625167054
7209.json,robert-menendez,true,0,speaker_disjoint_split,0,0.4092777112226074,0,0.23939744390031564
4078.json,stephen-sweeney,barely-true,1,speaker_disjoint_split,1,0.695128474344787,1,0.6127876494804245
11853.json,bernie-s,false,1,speaker_disjoint_split,1,0.7704188809062826,1,0.6208711917410522
773.json,joe-biden,true,0,speaker_disjoint_split,0,0.5230285140607758,0,0.3848085821171994
13530.json,donald-trump,false,1,speaker_disjoint_split,0,0.43059733014450674,0,0.37709673970834473
13426.json,donald-trump,mostly-true,0,speaker_disjoint_split,1,0.6077886905782616,1,0.5640862107425717
2415.json,steve-munisteri,half-true,0,speaker_disjoint_split,0,0.470165245620766,0,0.4141177084043894
4055.json,nina-turner,true,0,speaker_disjoint_split,0,0.4272755826912308,0,0.3381089468728778
188.json,bill-richardson,false,1,speaker_disjoint_split,0,0.41627996180675453,0,0.32597849164616954
2229.json,esquire-magazine,true,0,speaker_disjoint_split,0,0.38915848294468863,0,0.314898818955388
3618.json,democratic-congressional-campaign-committee,pants-fire,1,speaker_disjoint_split,1,0.6367217824478568,1,0.6307165279994483
12659.json,donald-trump,half-true,0,speaker_disjoint_split,0,0.43361734439358096,0,0.35904197613224403
10953.json,donald-trump,false,1,speaker_disjoint_split,0,0.4164234984411209,0,0.3969244031269401
11336.json,ben-carson,false,1,speaker_disjoint_split,1,0.6552832085610943,1,0.5915734370489385
6855.json,sam-adams,true,0,speaker_disjoint_split,1,0.5837901219932984,0,0.47108723642125555
2907.json,nfl-players-association,false,1,speaker_disjoint_split,0,0.449018254066314,1,0.5735228815296454
3988.json,vern-buchanan,barely-true,1,speaker_disjoint_split,1,0.672347146401808,1,0.603816581783918
3579.json,donald-trump,false,1,speaker_disjoint_split,0,0.47918828680500763,0,0.4240715577709498
4159.json,bruce-hanna,barely-true,1,speaker_disjoint_split,0,0.33856076211635927,0,0.1807216682461252
252.json,joe-biden,barely-true,1,speaker_disjoint_split,1,0.6898239536893446,1,0.5710565151110626
5035.json,restore-our-future,half-true,0,speaker_disjoint_split,1,0.7067881066149034,1,0.6265813180182017
8890.json,state-democratic-party-wisconsin,false,1,speaker_disjoint_split,1,0.6324312201233996,1,0.5499427868327379
9852.json,tim-kaine,mostly-true,0,speaker_disjoint_split,0,0.4814889088571649,0,0.3643592709243589
4980.json,lloyd-doggett,barely-true,1,speaker_disjoint_split,0,0.43517437946498594,0,0.3535954352868434
3370.json,ken-cuccinelli,half-true,0,speaker_disjoint_split,0,0.40679200247299485,0,0.37396604545037143
12062.json,culinary-workers-union,mostly-true,0,speaker_disjoint_split,0,0.42753408521150565,0,0.4439791123176291
10392.json,nathan-deal,mostly-true,0,speaker_disjoint_split,0,0.21132386350055013,0,0.14786205275664832
1040.json,michael-steele,true,0,speaker_disjoint_split,1,0.5659641501739145,0,0.38742846656997976
13065.json,bob-duffy,mostly-true,0,speaker_disjoint_split,1,0.571353314820583,1,0.5013204952825687
12040.json,bernie-s,mostly-true,0,speaker_disjoint_split,1,0.626111515667666,1,0.5308993910786051
1002.json,wayne-lapierre,half-true,0,speaker_disjoint_split,1,0.6123686794794707,0,0.479403448742395
9530.json,rush-limbaugh,pants-fire,1,speaker_disjoint_split,1,0.8281153598137759,1,0.7095458664566756
3265.json,club-growth,barely-true,1,speaker_disjoint_split,1,0.6933378223371223,1,0.6041878434171057
7923.json,joe-biden,true,0,speaker_disjoint_split,0,0.47961672405203565,0,0.36670978713262703
12094.json,donald-trump,false,1,speaker_disjoint_split,1,0.6654518435568852,1,0.5955233843319411
3547.json,donald-trump,half-true,0,speaker_disjoint_split,1,0.5963684104064643,0,0.4759741549947099
10043.json,morgan-brittany,pants-fire,1,speaker_disjoint_split,1,0.6252387223651891,1,0.5558387648224667
10973.json,scott-walker,half-true,0,speaker_disjoint_split,1,0.6170974452529928,1,0.5523284337011523
697.json,john-mccain,half-true,0,speaker_disjoint_split,1,0.5944276780586326,1,0.5313799931230141
2300.json,ron-klein,mostly-true,0,speaker_disjoint_split,0,0.497179499539227,0,0.40886335865524154
5861.json,eileen-brady,false,1,speaker_disjoint_split,1,0.6410569796848714,1,0.6177611087226889
8668.json,sam-houston,half-true,0,speaker_disjoint_split,0,0.5320767380831569,1,0.5789697688998287
7068.json,republican-governors-association,half-true,0,speaker_disjoint_split,1,0.6599972802574448,1,0.5610304130987835
5888.json,bill-spelman,false,1,speaker_disjoint_split,1,0.6652883688623195,1,0.6821913656653623
13388.json,arizonans-responsible-drug-policy,half-true,0,speaker_disjoint_split,0,0.4333428331900427,0,0.31196670591042885
6549.json,charlie-crist,half-true,0,speaker_disjoint_split,0,0.47543232718170436,0,0.4328853350564144
4059.json,better-austin-today-political-action-committee,false,1,speaker_disjoint_split,0,0.5293184622154958,0,0.3093642400061381
1590.json,citizens-lower-taxes-and-stronger-economy,true,0,speaker_disjoint_split,0,0.4455350247629107,0,0.318073577339442
365.json,blog-posting,pants-fire,1,speaker_disjoint_split,1,0.64744780325128,1,0.797326631802364
8325.json,bernie-s,half-true,0,speaker_disjoint_split,0,0.4131608708902107,0,0.32601460751505734
12911.json,donald-trump,pants-fire,1,speaker_disjoint_split,1,0.5944682216502419,1,0.4998058969799902
10368.json,jerry-jones,false,1,speaker_disjoint_split,0,0.3890653697616593,0,0.24611669596255348
721.json,john-mccain,barely-true,1,speaker_disjoint_split,1,0.6049714171504208,1,0.5139512841715164
2022.json,jan-brewer,half-true,0,speaker_disjoint_split,1,0.7425760685987177,1,0.7191700088115057
4762.json,blog-posting,barely-true,1,speaker_disjoint_split,1,0.663925379323662,1,0.7116135968770514
12872.json,tim-kaine,false,1,speaker_disjoint_split,1,0.6218508459691031,1,0.5429786826072459
1546.json,charlie-crist,mostly-true,0,speaker_disjoint_split,1,0.5795226895698536,1,0.5252985349643938
408.json,bill-clinton,true,0,speaker_disjoint_split,0,0.43753732514557986,0,0.34651790508482144
9895.json,dan-patrick,true,0,speaker_disjoint_split,0,0.47979994663153236,0,0.352950474814538
4747.json,jon-huntsman,half-true,0,speaker_disjoint_split,0,0.43252306840038424,0,0.4137949056820323
9105.json,charlie-crist,mostly-true,0,speaker_disjoint_split,0,0.4770144539970766,0,0.39243192341403493
2446.json,bill-clinton,half-true,0,speaker_disjoint_split,0,0.3086799258495334,0,0.2735326325848298
3669.json,dan-boren,half-true,0,speaker_disjoint_split,0,0.48704393501786675,0,0.25771707072812217
4385.json,blog-posting,pants-fire,1,speaker_disjoint_split,1,0.6972383667570119,1,0.7088766793871154
8211.json,jeffrey-grybowski,mostly-true,0,speaker_disjoint_split,1,0.6617191917133861,1,0.5919846988999802
146.json,bill-richardson,half-true,0,speaker_disjoint_split,0,0.45834097829406945,0,0.32808079185925265
5476.json,charlotte-nash,mostly-true,0,speaker_disjoint_split,0,0.42711460861162026,1,0.4977887325673845
12329.json,donald-trump,false,1,speaker_disjoint_split,0,0.2427256027929363,0,0.2109457003287911
9647.json,club-growth,false,1,speaker_disjoint_split,0,0.4760356282082799,0,0.42939846097170303
6752.json,marsha-blackburn,true,0,speaker_disjoint_split,1,0.6941247326438699,1,0.6046189981384024
6619.json,david-cicilline,false,1,speaker_disjoint_split,0,0.550119413460123,0,0.419216667505605
10660.json,state-democratic-party-wisconsin,pants-fire,1,speaker_disjoint_split,0,0.5161876718669901,0,0.45444978668033975
12406.json,national-republican-congressional-committee,pants-fire,1,speaker_disjoint_split,1,0.6882256749099376,1,0.5602226574751911
1157.json,tom-coburn,half-true,0,speaker_disjoint_split,0,0.30073062223724956,0,0.3948051659384228
3373.json,democratic-congressional-campaign-committee,barely-true,1,speaker_disjoint_split,1,0.5959247161535673,1,0.5681819720657927
1447.json,jeb-hensarling,false,1,speaker_disjoint_split,0,0.44006045206350447,0,0.42575768112328205
1317.json,bob-beckel,half-true,0,speaker_disjoint_split,1,0.6595065332743048,1,0.6050311665368322
11206.json,bernie-s,false,1,speaker_disjoint_split,0,0.3404597819258837,0,0.3039682110332394
6613.json,democratic-party-oregon,half-true,0,speaker_disjoint_split,1,0.6388923039553928,1,0.5170222720445324
12641.json,colorado-citizens-accountable-government,pants-fire,1,speaker_disjoint_split,1,0.7628576298892424,1,0.705292766050073
10323.json,scott-walker,true,0,speaker_disjoint_split,0,0.45144106250605587,0,0.43412272738458385
743.json,john-mccain,mostly-true,0,speaker_disjoint_split,0,0.28908896762173153,0,0.2876364808138833
12413.json,david-miliband,mostly-true,0,speaker_disjoint_split,0,0.3036310838379008,0,0.32517956355096944
13318.json,donald-trump,half-true,0,speaker_disjoint_split,0,0.37069211066915525,0,0.3560609639157084
9170.json,john-e-sununu,false,1,speaker_disjoint_split,1,0.5634427606651017,0,0.4877418150362795
11688.json,carly-fiorina,barely-true,1,speaker_disjoint_split,1,0.7435616810422274,1,0.5989998247861726
3273.json,scott-walker,pants-fire,1,speaker_disjoint_split,1,0.7337767101850081,1,0.6437816463496119
10465.json,nathan-deal,true,0,speaker_disjoint_split,0,0.36085445355570706,0,0.3313861110864153
6804.json,national-republican-congressional-committee,pants-fire,1,speaker_disjoint_split,1,0.769720342403022,1,0.6916086782260247
129.json,joe-biden,true,0,speaker_disjoint_split,0,0.4347666655713152,0,0.31540243205826196
7219.json,sam-adams,half-true,0,speaker_disjoint_split,0,0.39831226213346904,0,0.3725309046991493
13436.json,chris-sununu,pants-fire,1,speaker_disjoint_split,0,0.5236067178159565,0,0.3994966785954786
9665.json,city-brookhaven,half-true,0,speaker_disjoint_split,0,0.45391030117244513,0,0.45079331332159683
8362.json,ken-cuccinelli,mostly-true,0,speaker_disjoint_split,0,0.4141081172278398,0,0.3640332090505302
7995.json,americans-prosperity-georgia-chapter,half-true,0,speaker_disjoint_split,0,0.4535889634834051,0,0.3930029331687844
12262.json,bernie-s,barely-true,1,speaker_disjoint_split,1,0.7405360429697848,1,0.6320632777845712
7252.json,kirk-watson,true,0,speaker_disjoint_split,0,0.5206584726302542,1,0.5149802359686353
12462.json,donald-trump,half-true,0,speaker_disjoint_split,0,0.20324804144951839,0,0.15528443563120214
5103.json,nina-turner,barely-true,1,speaker_disjoint_split,0,0.523361046176097,0,0.41551307211036365
8660.json,generation-opportunity,half-true,0,speaker_disjoint_split,1,0.6797662378127569,1,0.5385683257782379
10558.json,kurt-bauer,barely-true,1,speaker_disjoint_split,0,0.5432018601755881,1,0.5928088930932685
10790.json,van-taylor,barely-true,1,speaker_disjoint_split,0,0.5115761487326701,1,0.534633271649033
11362.json,chuck-todd,true,0,speaker_disjoint_split,0,0.4435791385442554,0,0.415818759342091
5600.json,blog-posting,false,1,speaker_disjoint_split,1,0.6147371708559054,1,0.6768477007181477
6078.json,scott-walker,barely-true,1,speaker_disjoint_split,0,0.5189861795638563,1,0.5037007022422069
3830.json,john-kasich,mostly-true,0,speaker_disjoint_split,0,0.45750416762379154,0,0.41514397331735886
1368.json,charlie-crist,true,0,speaker_disjoint_split,0,0.44386178049691283,0,0.3133831950355672
1456.json,debra-medina,false,1,speaker_disjoint_split,0,0.3709578993573015,0,0.3905408860526504
602.json,john-mccain,true,0,speaker_disjoint_split,1,0.7672532969709381,1,0.7342608193644692
13024.json,donald-trump,false,1,speaker_disjoint_split,1,0.6367301140920063,1,0.5789911839290368
4773.json,rob-cornilles,false,1,speaker_disjoint_split,1,0.6247058270781936,1,0.5607139429293444
11667.json,donald-trump,barely-true,1,speaker_disjoint_split,1,0.6060399003029684,1,0.5395753127521274
13456.json,ann-coulter,false,1,speaker_disjoint_split,0,0.49159934136528793,1,0.516798740033238
10797.json,scott-walker,barely-true,1,speaker_disjoint_split,0,0.4985704345450748,0,0.4487650795233315
7486.json,scott-walker,mostly-true,0,speaker_disjoint_split,0,0.5048781625514474,1,0.5277788654293538
12762.json,donald-trump,pants-fire,1,speaker_disjoint_split,0,0.5108175441080356,0,0.4194327308918759
6893.json,coalition-bring-jobs-ri,barely-true,1,speaker_disjoint_split,0,0.48662213707030433,0,0.4789234410027706
10345.json,patrick-lynch,barely-true,1,speaker_disjoint_split,1,0.6848627052459587,0,0.38455983023395546
11498.json,donald-trump,pants-fire,1,speaker_disjoint_split,0,0.5076303470475252,1,0.5098018986973812
802.json,john-mccain,false,1,speaker_disjoint_split,1,0.7330392441287379,1,0.6890635030206465
5930.json,bill-pascrell,mostly-true,0,speaker_disjoint_split,0,0.3259510316186745,0,0.2373589363400247
7567.json,carlos-trujillo,false,1,speaker_disjoint_split,1,0.7874625351372473,1,0.5780960979519298
12495.json,state-democratic-party-wisconsin,mostly-true,0,speaker_disjoint_split,1,0.6837155567075778,1,0.5932359602726676
12451.json,bernie-s,mostly-true,0,speaker_disjoint_split,0,0.2638314872255243,0,0.22816893965681936
3605.json,jim-keffer,true,0,speaker_disjoint_split,0,0.5531651962658067,1,0.5330172732517339
116.json,john-mccain,half-true,0,speaker_disjoint_split,0,0.22055457749802482,0,0.23694904797674407
9959.json,ryan-lizza,true,0,speaker_disjoint_split,1,0.6672466818026326,1,0.6267167356872962
12337.json,bernie-s,barely-true,1,speaker_disjoint_split,1,0.5783677873765745,0,0.45951302053378845
12208.json,jorge-ramos,half-true,0,speaker_disjoint_split,1,0.6431782339062899,0,0.481126098503162
5827.json,democratic-congressional-campaign-committee,barely-true,1,speaker_disjoint_split,1,0.7701159846115656,1,0.6980308849622261
11812.json,fox-news-channel,half-true,0,speaker_disjoint_split,1,0.7339524556667452,0,0.4525377903614572
821.json,john-mccain,false,1,speaker_disjoint_split,0,0.3897411112657612,0,0.33370943593831254
4199.json,bill-oreilly,false,1,speaker_disjoint_split,0,0.2924579344344837,0,0.3232806751981275
11614.json,bernie-s,half-true,0,speaker_disjoint_split,0,0.48349860954008606,0,0.4203464217279265
3199.json,bill-oreilly,half-true,0,speaker_disjoint_split,1,0.6846131958949732,1,0.7025293018612568
12532.json,donald-trump,pants-fire,1,speaker_disjoint_split,1,0.7984433843084715,1,0.6937726156337032
2370.json,ron-paul,half-true,0,speaker_disjoint_split,0,0.3348369956923015,0,0.2847489822485688
4177.json,ron-paul,true,0,speaker_disjoint_split,1,0.6867484133464345,1,0.6319962849044772
2228.json,rebecca-bell-metereau,barely-true,1,speaker_disjoint_split,1,0.7774459159298837,1,0.5952373306044679
7025.json,george-flinn,false,1,speaker_disjoint_split,0,0.50437943485857,0,0.4153535240971832
9158.json,bob-beckel,true,0,speaker_disjoint_split,1,0.5887674797954622,1,0.5547047479012974
7636.json,caddy-mckeown,true,0,speaker_disjoint_split,0,0.4187892553568441,0,0.39342224397392045
1841.json,cathie-adams,half-true,0,speaker_disjoint_split,1,0.8349826093159286,1,0.7511883103912138
10168.json,megyn-kelly,false,1,speaker_disjoint_split,1,0.5787563865748725,0,0.32429645718130584
6902.json,robert-menendez,false,1,speaker_disjoint_split,0,0.5424240426881978,0,0.39134691638780356
10951.json,donald-trump,false,1,speaker_disjoint_split,1,0.733797251595039,1,0.6194971075209916
9571.json,blog-posting,pants-fire,1,speaker_disjoint_split,1,0.6987532852676466,1,0.6643403871807201
9732.json,charlie-crist,half-true,0,speaker_disjoint_split,0,0.5593832387796861,0,0.446701044836076
8091.json,blog-posting,barely-true,1,speaker_disjoint_split,0,0.4492823819528703,1,0.5495443968051991
9899.json,john-mccain,mostly-true,0,speaker_disjoint_split,0,0.5091090583781,0,0.46297195241561345
8554.json,lynn-westmoreland,true,0,speaker_disjoint_split,1,0.5926558315920583,1,0.5592227231300472
2637.json,ohio-republican-party,false,1,speaker_disjoint_split,1,0.8084171220385434,1,0.8919428402315265
12973.json,republican-party-florida,barely-true,1,speaker_disjoint_split,1,0.6616410323716702,1,0.5253728911049718
542.json,john-mccain,true,0,speaker_disjoint_split,0,0.5586840256078867,0,0.4843863064998932
5455.json,ron-paul,half-true,0,speaker_disjoint_split,1,0.6214703321899012,1,0.5699448490050442
7053.json,majority-pac,half-true,0,speaker_disjoint_split,0,0.471155160623444,0,0.4308167577482421
4452.json,scott-walker,barely-true,1,speaker_disjoint_split,1,0.5888919514080229,1,0.5412138643808253
3654.json,joe-biden,mostly-true,0,speaker_disjoint_split,0,0.4518091966878846,0,0.37005617303978844
4394.json,joe-biden,false,1,speaker_disjoint_split,1,0.6770691178143516,1,0.5437943542485061
1583.json,cathie-adams,false,1,speaker_disjoint_split,1,0.6327637268215639,1,0.5030656950432912
11549.json,ben-carson,false,1,speaker_disjoint_split,0,0.46558913498992344,0,0.40400534411609124
4320.json,jon-huntsman,half-true,0,speaker_disjoint_split,0,0.43372901125806,0,0.4099663036265584
7282.json,mike-polensek,true,0,speaker_disjoint_split,1,0.6377936393034582,0,0.35167136233105634
12129.json,democratic-congressional-campaign-committee,barely-true,1,speaker_disjoint_split,1,0.6463692584353063,1,0.6000187162680375
12979.json,donald-trump,false,1,speaker_disjoint_split,0,0.5385327414383425,0,0.46433634887351416
12466.json,donald-trump,false,1,speaker_disjoint_split,0,0.5109905377053503,0,0.4144786257805867
272.json,joe-biden,mostly-true,0,speaker_disjoint_split,0,0.5248779918908318,0,0.3600201384656377
8816.json,state-democratic-party-wisconsin,true,0,speaker_disjoint_split,0,0.41392627544522587,0,0.3287808324148976
3053.json,jeff-fitzgerald,barely-true,1,speaker_disjoint_split,1,0.723449619375368,1,0.6929809372641268
11785.json,bernie-s,mostly-true,0,speaker_disjoint_split,1,0.6952996517737838,1,0.5260493267905327
1961.json,dubose-porter,true,0,speaker_disjoint_split,0,0.3950889779414015,0,0.3515132634279944
10801.json,bill-clinton,true,0,speaker_disjoint_split,0,0.5152539968629805,1,0.5365820940326537
3437.json,georgia-state-senators,false,1,speaker_disjoint_split,1,0.618858524437092,1,0.696445231295
1423.json,dick-armey,false,1,speaker_disjoint_split,0,0.41891145252713824,0,0.3669004571230596
7612.json,scott-walker,half-true,0,speaker_disjoint_split,0,0.43170371109419037,0,0.4255759668190649
10152.json,scott-walker,mostly-true,0,speaker_disjoint_split,0,0.31961153230744777,0,0.35056323908054726
13295.json,donald-trump,pants-fire,1,speaker_disjoint_split,1,0.7117522775896147,1,0.5978171914397374
535.json,john-mccain,true,0,speaker_disjoint_split,1,0.621603624436177,1,0.5453355598043281
407.json,john-mccain,false,1,speaker_disjoint_split,1,0.6073525539185969,0,0.42438430201751726
4455.json,debbie-wasserman-schultz,false,1,speaker_disjoint_split,0,0.49769663434704725,0,0.4145011692261132
4672.json,scott-walker,false,1,speaker_disjoint_split,0,0.5189980736578153,1,0.5209869543621979
3678.json,donald-trump,half-true,0,speaker_disjoint_split,1,0.6308732589547911,0,0.4777569022273799
8134.json,scott-walker,true,0,speaker_disjoint_split,1,0.757266162669797,1,0.686796993075502
3868.json,austan-goolsbee,mostly-true,0,speaker_disjoint_split,0,0.5008889941086335,0,0.4115549210235762
11948.json,samir-chachoua,pants-fire,1,speaker_disjoint_split,1,0.5994292934019853,0,0.4434074970282648
206.json,ron-paul,true,0,speaker_disjoint_split,0,0.3378429679358825,0,0.28150302687867695
8297.json,ken-cuccinelli,false,1,speaker_disjoint_split,1,0.6585950841498065,1,0.6521309983082327
7801.json,david-cicilline,barely-true,1,speaker_disjoint_split,0,0.3710618273122806,0,0.25957704710955426
11775.json,bernie-s,barely-true,1,speaker_disjoint_split,0,0.49320634320174916,0,0.4111889433873103
2515.json,david-cicilline,half-true,0,speaker_disjoint_split,0,0.46580650034562426,0,0.4023917842184111
6224.json,julian-castro,half-true,0,speaker_disjoint_split,1,0.6333072844362624,1,0.5280177912451174
2485.json,david-axelrod,barely-true,1,speaker_disjoint_split,1,0.5870627004741543,0,0.4111349735889829
12430.json,donald-trump,false,1,speaker_disjoint_split,0,0.48298822788969714,0,0.4101466507013399
11122.json,donald-trump,barely-true,1,speaker_disjoint_split,1,0.5954526332674462,1,0.512775448705306
2579.json,armond-budish,mostly-true,0,speaker_disjoint_split,0,0.4424312777956835,0,0.38058824844008826
3427.json,bill-kristol,mostly-true,0,speaker_disjoint_split,0,0.4806950118916683,0,0.44003379715077423
2549.json,susan-b-anthony-list,false,1,speaker_disjoint_split,1,0.6920096933985584,1,0.5930947104197406
748.json,john-mccain,barely-true,1,speaker_disjoint_split,1,0.6197071914879282,1,0.49819784152068486
9869.json,scott-walker,mostly-true,0,speaker_disjoint_split,1,0.6763221991475349,1,0.6630225504772168
5490.json,gary-johnson,mostly-true,0,speaker_disjoint_split,0,0.5014485167405278,0,0.38489054691172064
12644.json,donald-trump,mostly-true,0,speaker_disjoint_split,1,0.6634949558039708,1,0.5689626412247998
6794.json,jon-husted,mostly-true,0,speaker_disjoint_split,0,0.3690821125172163,0,0.29778033032697454
7143.json,anne-goodman,true,0,speaker_disjoint_split,1,0.5779513760947996,0,0.45480259655831845
13242.json,donald-trump,false,1,speaker_disjoint_split,1,0.5869785197079432,1,0.5010318698879297
8160.json,mark-kelly,true,0,speaker_disjoint_split,0,0.4398588201918709,0,0.39795320166977716
12153.json,pat-mccrory,false,1,speaker_disjoint_split,1,0.6231395128254311,1,0.4989170012375615
13449.json,donald-trump,half-true,0,speaker_disjoint_split,1,0.6644842851888776,1,0.5532029969099787
1172.json,glenn-beck,half-true,0,speaker_disjoint_split,1,0.7704014631990191,1,0.71376316662169
9912.json,rhue-reis,false,1,speaker_disjoint_split,0,0.3762972808044073,0,0.21766372633092373
4417.json,donna-shalala,barely-true,1,speaker_disjoint_split,0,0.5081733399556966,0,0.41762813293715706
11313.json,donald-trump,false,1,speaker_disjoint_split,0,0.5486920522583468,0,0.4656510734901825
1272.json,christopher-monckton,pants-fire,1,speaker_disjoint_split,1,0.7584720398220118,1,0.6591688276445036
1356.json,glenn-beck,false,1,speaker_disjoint_split,1,0.7598177875731245,1,0.666298721895817
3787.json,frank-wolf,barely-true,1,speaker_disjoint_split,0,0.33283394992820153,0,0.3676346060216115
5323.json,joe-biden,mostly-true,0,speaker_disjoint_split,0,0.2858127159362373,0,0.22068840198457357
1642.json,liberty-institute,half-true,0,speaker_disjoint_split,1,0.6445129003087309,1,0.5611397303818108
11489.json,reader-email,pants-fire,1,speaker_disjoint_split,1,0.5616529843145198,0,0.41071117019474646
9296.json,defending-main-street,barely-true,1,speaker_disjoint_split,0,0.5398421392860655,1,0.49295525606641055
3279.json,donna-brazile,half-true,0,speaker_disjoint_split,1,0.7421691625017571,1,0.6336742976297446
284.json,bill-clinton,half-true,0,speaker_disjoint_split,0,0.4910104267001379,0,0.4248193565801827
11611.json,donald-trump,pants-fire,1,speaker_disjoint_split,1,0.5863865246101068,1,0.5124762143364665
3223.json,get-equal-texas,half-true,0,speaker_disjoint_split,0,0.5330458897189202,0,0.43613503315545543
9191.json,new-hampshire-republican-party,mostly-true,0,speaker_disjoint_split,0,0.5479323750822584,0,0.4534274802917399
5968.json,gilberto-hinojosa,false,1,speaker_disjoint_split,1,0.6185084280619749,1,0.5079340768469353
12152.json,donald-trump,pants-fire,1,speaker_disjoint_split,1,0.7403774735571168,1,0.6165073130548512
6792.json,stefani-carter,half-true,0,speaker_disjoint_split,0,0.469985137000453,0,0.37854619675140705
7289.json,lloyd-doggett,half-true,0,speaker_disjoint_split,0,0.5145997727080223,0,0.3953328981979124
9733.json,michael-bloomberg,false,1,speaker_disjoint_split,0,0.359538643107744,0,0.39608356518145243
12000.json,john-kasich,mostly-true,0,speaker_disjoint_split,0,0.408473807634705,1,0.4989415243538015
5614.json,new-hampshire-republican-party,barely-true,1,speaker_disjoint_split,1,0.7469671074425792,1,0.6128837443337024
12217.json,bernie-s,true,0,speaker_disjoint_split,1,0.6320223565654541,1,0.49438908294262973
8389.json,jeanne-shaheen,true,0,speaker_disjoint_split,0,0.372059092158714,0,0.2365179347212233
1609.json,charlie-crist,barely-true,1,speaker_disjoint_split,1,0.7414161475162978,1,0.5987530710280919
8274.json,ken-cuccinelli,half-true,0,speaker_disjoint_split,1,0.6726297166125185,1,0.5792341307602937
5233.json,scott-walker,mostly-true,0,speaker_disjoint_split,1,0.611016648542426,1,0.572017898544703
1663.json,john-mccain,pants-fire,1,speaker_disjoint_split,1,0.7488044857865156,1,0.6421278654798617
7199.json,terry-russell,true,0,speaker_disjoint_split,0,0.46617952402620744,0,0.43785908733458384
9523.json,james-buchal,false,1,speaker_disjoint_split,0,0.3890932842982892,0,0.4391047161524387
11738.json,donald-trump,false,1,speaker_disjoint_split,1,0.600276664200068,1,0.515046563970268
1752.json,rush-limbaugh,false,1,speaker_disjoint_split,1,0.6602870875166105,1,0.6053790452031116
8143.json,ken-cuccinelli,false,1,speaker_disjoint_split,1,0.6391820301598328,1,0.604987056867049
10589.json,julie-lassa,half-true,0,speaker_disjoint_split,0,0.4920400694716041,1,0.5310015582367795
4183.json,chip-rogers,true,0,speaker_disjoint_split,0,0.12397418035445869,0,0.11276030494191358
11148.json,jack-hanna,mostly-true,0,speaker_disjoint_split,0,0.3747772875119357,0,0.4616331016509405
6422.json,protect-your-vote-ohio-protect-your-vote-ohio,mostly-true,0,speaker_disjoint_split,0,0.44117445884038164,0,0.33774728057804965
4752.json,debbie-wasserman-schultz,mostly-true,0,speaker_disjoint_split,0,0.5064121732163963,0,0.39031411965934915
69.json,ron-paul,true,0,speaker_disjoint_split,0,0.5188750656594754,0,0.4173538701238925
6036.json,david-axelrod,half-true,0,speaker_disjoint_split,0,0.4281015409834008,0,0.3199121761894929
3725.json,silvestre-reyes,mostly-true,0,speaker_disjoint_split,0,0.3108629185841072,0,0.273223301867429
8407.json,debbie-wasserman-schultz,barely-true,1,speaker_disjoint_split,1,0.6139750993888179,1,0.5680774169128175
12340.json,joe-biden,mostly-true,0,speaker_disjoint_split,1,0.6546213238254,1,0.5698880424418133
6887.json,jon-husted,false,1,speaker_disjoint_split,0,0.5512875035361873,0,0.4503966039823918
11885.json,bernie-s,mostly-true,0,speaker_disjoint_split,1,0.6029154794903578,1,0.5351344818096927
9904.json,national-republican-congressional-committee,half-true,0,speaker_disjoint_split,1,0.608475874382834,1,0.5275932166846736
11609.json,carly-fiorina,false,1,speaker_disjoint_split,0,0.43816684726983873,0,0.3761747504350999
3834.json,debbie-wasserman-schultz,false,1,speaker_disjoint_split,1,0.7879872140620746,1,0.7112173654165403
7853.json,ken-cuccinelli,false,1,speaker_disjoint_split,0,0.549408775835541,1,0.5384772771663899
10400.json,claire-suggs,mostly-true,0,speaker_disjoint_split,0,0.34788267714654314,0,0.28138751415808594
2743.json,taxpayer-association-oregon,half-true,0,speaker_disjoint_split,0,0.5117829752582357,1,0.5084973712168925
13076.json,john-fleming,false,1,speaker_disjoint_split,1,0.7211780983409883,1,0.5842322224935463
12241.json,bernie-s,half-true,0,speaker_disjoint_split,0,0.329713321472577,0,0.2919758085218143
4678.json,joe-biden,half-true,0,speaker_disjoint_split,0,0.2955665723087696,0,0.1849201435362801
4000.json,nathan-deal,barely-true,1,speaker_disjoint_split,1,0.5997450725568035,1,0.5246151089311137
2148.json,jeb-hensarling,true,0,speaker_disjoint_split,0,0.48667095819493117,0,0.4500746946285135
12300.json,david-jolly,true,0,speaker_disjoint_split,1,0.717002140550666,1,0.7209456348037226
11274.json,jorge-ramos,half-true,0,speaker_disjoint_split,0,0.40184935744900363,0,0.3576428668730417
9829.json,mike-collier,true,0,speaker_disjoint_split,1,0.6977613164153936,1,0.6374324413939072
7294.json,scott-walker,pants-fire,1,speaker_disjoint_split,1,0.7164528491362748,1,0.6519151688290201
3238.json,scott-walker,false,1,speaker_disjoint_split,1,0.5653218934221608,0,0.4640668265809932
13120.json,donald-trump,half-true,0,speaker_disjoint_split,1,0.6238484009364411,1,0.5699100748290634
6650.json,anthony-gemma,mostly-true,0,speaker_disjoint_split,0,0.30423209224748815,0,0.23650581647039276
1487.json,joe-biden,half-true,0,speaker_disjoint_split,0,0.46477880534979954,0,0.36520913345065065
6360.json,bernie-s,true,0,speaker_disjoint_split,0,0.3834983316178556,0,0.31152646961195823
12327.json,bernie-s,mostly-true,0,speaker_disjoint_split,0,0.5067364925630417,0,0.41128449111068666
13162.json,arizonans-responsible-drug-policy,barely-true,1,speaker_disjoint_split,1,0.7093410999909505,1,0.5479481442736749
2172.json,republican-governors-association,half-true,0,speaker_disjoint_split,0,0.48140671219251024,0,0.4359200988878163
5701.json,republican-governors-association,half-true,0,speaker_disjoint_split,0,0.38480116154213906,0,0.3546112362192821
4038.json,robert-brown,false,1,speaker_disjoint_split,1,0.6960088621342777,1,0.6277594384002487
1761.json,progress-florida,true,0,speaker_disjoint_split,1,0.6571506828019883,1,0.5204561264288532
2588.json,christine-odonnell,mostly-true,0,speaker_disjoint_split,1,0.5627624359233567,0,0.4408028035083984
12934.json,donald-trump,barely-true,1,speaker_disjoint_split,0,0.5560319927381479,1,0.5143314493605086
7159.json,jeanne-shaheen,barely-true,1,speaker_disjoint_split,0,0.4377921939840301,0,0.3934765499162631
1851.json,votevetsorg,half-true,0,speaker_disjoint_split,1,0.7165260058572189,1,0.520000169857201
7464.json,trey-martinez-fischer,half-true,0,speaker_disjoint_split,0,0.5228550211882182,0,0.3750962528054205
13493.json,donald-trump,pants-fire,1,speaker_disjoint_split,1,0.780760562214466,1,0.6628938777497703
13332.json,donald-trump,half-true,0,speaker_disjoint_split,0,0.45783825338886824,0,0.4137281736346393
11783.json,debbie-wasserman-schultz,false,1,speaker_disjoint_split,0,0.5118729529028079,0,0.4749671669306723
7977.json,debbie-wasserman-schultz,true,0,speaker_disjoint_split,0,0.16287498990151372,0,0.18218849327743772
10211.json,scott-walker,true,0,speaker_disjoint_split,0,0.4934448186598758,0,0.42931734892788126
5687.json,scott-walker,false,1,speaker_disjoint_split,1,0.6024921682574834,1,0.532510793185048
13232.json,donald-trump,false,1,speaker_disjoint_split,1,0.6092436818812669,1,0.6020049587944857
6904.json,joe-biden,barely-true,1,speaker_disjoint_split,0,0.5584465236671919,0,0.4629858605938509
9325.json,karl-rove,false,1,speaker_disjoint_split,0,0.496963560170083,0,0.43398850933171723
4736.json,taxpayer-association-oregon,false,1,speaker_disjoint_split,0,0.4996102345886588,0,0.42848540102086685
9830.json,john-mccain,mostly-true,0,speaker_disjoint_split,1,0.6162302436023668,1,0.5487735036164249
9078.json,jim-moore,true,0,speaker_disjoint_split,0,0.5088245816747001,1,0.5405717645809772
8738.json,rush-limbaugh,pants-fire,1,speaker_disjoint_split,1,0.7480699222476329,1,0.719553429274834
4419.json,michael-bloomberg,true,0,speaker_disjoint_split,0,0.3537257365991594,0,0.29644553103823
11293.json,donald-trump,mostly-true,0,speaker_disjoint_split,1,0.5626525329394533,1,0.4996885419028993
12467.json,nfederation-o-independent-business-virginia,half-true,0,speaker_disjoint_split,0,0.5273781277567741,0,0.43863082337658277
2084.json,joe-biden,barely-true,1,speaker_disjoint_split,1,0.6181461867310384,0,0.4898172275567437
6968.json,david-cicilline,true,0,speaker_disjoint_split,0,0.4558801850227151,0,0.3054878246864974
13365.json,donald-trump,half-true,0,speaker_disjoint_split,0,0.41845835998211817,0,0.41660686195835417
9392.json,jeff-merkley,half-true,0,speaker_disjoint_split,1,0.6044549095018381,1,0.514562524013349
8280.json,blog-posting,pants-fire,1,speaker_disjoint_split,1,0.9122295695897291,1,0.9361938489751351
8424.json,ken-cuccinelli,false,1,speaker_disjoint_split,1,0.7597589375144245,1,0.7119470342117338
2219.json,bob-gibbs,pants-fire,1,speaker_disjoint_split,1,0.6488800863411655,1,0.6255610829685413
10096.json,nathan-deal,false,1,speaker_disjoint_split,1,0.6733295014083774,1,0.582662758650182
6148.json,david-cicilline,barely-true,1,speaker_disjoint_split,0,0.3520160243731505,0,0.30265162939699364
7681.json,carlos-gimenez,false,1,speaker_disjoint_split,0,0.29941651484391657,0,0.23297625631802862
8537.json,steve-israel,true,0,speaker_disjoint_split,1,0.7945325943720063,1,0.7544739616584394
12175.json,donald-trump,half-true,0,speaker_disjoint_split,1,0.7538233047579892,1,0.6853195756187904
9529.json,gilberto-hinojosa,false,1,speaker_disjoint_split,1,0.7407345868032191,1,0.6285079509634135
13140.json,afscme-people,mostly-true,0,speaker_disjoint_split,1,0.6008566132011022,0,0.4711099850701159
13337.json,donald-trump,false,1,speaker_disjoint_split,0,0.48612641240542775,0,0.35813555721604207
4849.json,susan-combs,false,1,speaker_disjoint_split,1,0.6898701107636832,1,0.6660226014502734
4725.json,john-kasich,pants-fire,1,speaker_disjoint_split,0,0.5118569999980321,0,0.48327686574112616
9002.json,republican-governors-association,barely-true,1,speaker_disjoint_split,1,0.7212068186911145,1,0.6418016190698481
11114.json,scott-walker,mostly-true,0,speaker_disjoint_split,0,0.42929006904267997,0,0.4026007975080303
6790.json,carol-shea-porter,barely-true,1,speaker_disjoint_split,1,0.6318444332996368,0,0.4535290003179692
12831.json,james-woods,pants-fire,1,speaker_disjoint_split,1,0.5982490846023878,0,0.36377194086437437
509.json,john-mccain,true,0,speaker_disjoint_split,0,0.48202961764717983,0,0.40577583214310836
8237.json,dan-patrick,half-true,0,speaker_disjoint_split,1,0.8009200988965767,1,0.6439980140332242
3805.json,agenda-project,false,1,speaker_disjoint_split,1,0.7602950102707284,1,0.6867719699447875
11031.json,gus-bilirakis,mostly-true,0,speaker_disjoint_split,0,0.2452158651501348,0,0.1594549287263618
10180.json,jeanne-shaheen,half-true,0,speaker_disjoint_split,1,0.6643484418294517,1,0.54004258502279
3431.json,charles-reed,false,1,speaker_disjoint_split,0,0.5517818440536792,0,0.4428885632614813
4740.json,john-klenke,false,1,speaker_disjoint_split,0,0.39663492824011176,0,0.32910084444608023
7741.json,david-cicilline,true,0,speaker_disjoint_split,0,0.5033821875483621,0,0.3562348228918977
5115.json,ron-paul,half-true,0,speaker_disjoint_split,0,0.4894487626489088,0,0.4293357725173564
473.json,john-mccain,mostly-true,0,speaker_disjoint_split,0,0.4596021040599942,0,0.4355809288298465
3893.json,janice-hahn,half-true,0,speaker_disjoint_split,1,0.6450399222130558,1,0.6999382388215963
398.json,campaign-defend-america,mostly-true,0,speaker_disjoint_split,0,0.48159680392305887,0,0.32135092492027256
4802.json,philip-keefe,false,1,speaker_disjoint_split,0,0.4283246777577664,0,0.44430323529517124
11355.json,jim-gilmore,true,0,speaker_disjoint_split,0,0.5149101849203984,1,0.521725500039792
242.json,club-growth,half-true,0,speaker_disjoint_split,0,0.49955858503175166,0,0.4288063862012855
11306.json,club-growth,mostly-true,0,speaker_disjoint_split,1,0.7608052984958017,1,0.7228698095067077
8741.json,tom-coburn,barely-true,1,speaker_disjoint_split,1,0.6813011908809762,1,0.6453412157510957
2663.json,citizens-lower-taxes-and-stronger-economy,pants-fire,1,speaker_disjoint_split,1,0.6127207911255174,0,0.3964822243580624
8470.json,john-fleming,true,0,speaker_disjoint_split,0,0.5014108960244706,0,0.41294037955223506
10033.json,democratic-congressional-campaign-committee,pants-fire,1,speaker_disjoint_split,1,0.7457745854793798,1,0.648474301090195
429.json,focus-family-action,true,0,speaker_disjoint_split,1,0.5869125485893524,0,0.4823220583058007
12271.json,bernie-s,mostly-true,0,speaker_disjoint_split,0,0.5499830336432006,0,0.4484411496049805
8439.json,maria-bartiromo,false,1,speaker_disjoint_split,1,0.6639581371107133,1,0.5808462540998681
8772.json,bill-post,pants-fire,1,speaker_disjoint_split,1,0.8099910082515562,1,0.7197101147994768
461.json,john-mccain,mostly-true,0,speaker_disjoint_split,1,0.836989844676446,1,0.643138163491306
7092.json,big-gamble-nj,mostly-true,0,speaker_disjoint_split,1,0.6376879082063788,1,0.5305621606365525
550.json,ralph-nader,barely-true,1,speaker_disjoint_split,1,0.6201958343053624,1,0.5517017579301109
11974.json,huey-rey-fischer,mostly-true,0,speaker_disjoint_split,0,0.27371663541047847,0,0.2413378160878444
13082.json,donald-trump,pants-fire,1,speaker_disjoint_split,1,0.5710676361563768,1,0.49724116472931246
8927.json,national-republican-congressional-committee,barely-true,1,speaker_disjoint_split,1,0.6737346428112296,1,0.5931335483434007
13003.json,james-woods,true,0,speaker_disjoint_split,1,0.7114557083215816,1,0.5122510685858849
7635.json,eva-marie-mancuso,half-true,0,speaker_disjoint_split,0,0.32300122078728144,0,0.1855602499199587
5831.json,saxby-chambliss,true,0,speaker_disjoint_split,1,0.6639590077376839,1,0.6188113727077751
3376.json,scott-walker,mostly-true,0,speaker_disjoint_split,0,0.37349677018522526,0,0.315294110940929
12932.json,joe-biden,barely-true,1,speaker_disjoint_split,1,0.5772719768551154,0,0.3859159061718239
6390.json,jeff-fitzgerald,mostly-true,0,speaker_disjoint_split,0,0.36587374536255535,0,0.3626219945628122
4001.json,david-cicilline,pants-fire,1,speaker_disjoint_split,0,0.4424889980087675,0,0.328873356771643
12399.json,bernie-s,half-true,0,speaker_disjoint_split,0,0.41730123785527795,0,0.333514701983188
8598.json,lloyd-doggett,mostly-true,0,speaker_disjoint_split,0,0.2954098682268108,0,0.1969905935659291
5016.json,national-republican-congressional-committee,barely-true,1,speaker_disjoint_split,1,0.6160141854468016,0,0.4566999968373061
4488.json,gary-johnson,half-true,0,speaker_disjoint_split,0,0.3031872139001355,0,0.2150032002399679
9789.json,blog-posting,pants-fire,1,speaker_disjoint_split,1,0.7394715828143693,1,0.7877726729350218
12304.json,donald-trump,false,1,speaker_disjoint_split,0,0.4056747631841569,0,0.38717862885510546
11491.json,peter-kinder,true,0,speaker_disjoint_split,1,0.5754265629030056,0,0.41337448562796153
13345.json,nathan-deal,mostly-true,0,speaker_disjoint_split,0,0.3590868758296578,0,0.3612598937946379
933.json,michael-steele,pants-fire,1,speaker_disjoint_split,1,0.6088230773114754,1,0.5149104580534111
3001.json,dekalb-county,barely-true,1,speaker_disjoint_split,0,0.5348579988185753,1,0.5719851403541567
4581.json,jose-rodriguez,barely-true,1,speaker_disjoint_split,0,0.3267226223893695,0,0.2654177212537696
12510.json,scott-walker,half-true,0,speaker_disjoint_split,0,0.5218655794158886,0,0.44949888350131756
5063.json,ron-paul,false,1,speaker_disjoint_split,1,0.6706948143554725,1,0.5683031082992457
10961.json,donald-trump,false,1,speaker_disjoint_split,0,0.5130069585946705,1,0.49741508110421206
11870.json,donald-trump,false,1,speaker_disjoint_split,0,0.49415382346314285,0,0.4149882356670201
1563.json,hank-gilbert,barely-true,1,speaker_disjoint_split,0,0.5017454442523201,0,0.35200008071851835
5022.json,restore-our-future,half-true,0,speaker_disjoint_split,0,0.522125268049898,0,0.4841661211064302
10090.json,glenn-beck,half-true,0,speaker_disjoint_split,1,0.8405030167550167,1,0.7757000251064404
1608.json,todd-tiahrt,half-true,0,speaker_disjoint_split,1,0.6975503693661261,1,0.6152771311732166
10440.json,nathan-deal,true,0,speaker_disjoint_split,0,0.44379219330579855,0,0.3313806963191905
7198.json,steve-lonegan,barely-true,1,speaker_disjoint_split,0,0.36120744730927684,0,0.22652366612224983
1153.json,dick-armey,half-true,0,speaker_disjoint_split,1,0.5732450660994887,1,0.4929268844453685
11161.json,scott-walker,true,0,speaker_disjoint_split,0,0.3878451119232534,0,0.34501585443521604
6923.json,mary-nolan,true,0,speaker_disjoint_split,1,0.702980932106278,1,0.5476889124823852
3661.json,joanne-kloppenburg,barely-true,1,speaker_disjoint_split,1,0.6671865643841468,1,0.6109818701249176
3978.json,national-republican-congressional-committee,false,1,speaker_disjoint_split,1,0.6117530776718458,0,0.403832372128224
3901.json,armond-budish,mostly-true,0,speaker_disjoint_split,0,0.3835748575834154,0,0.31278783256260856
4483.json,ron-paul,pants-fire,1,speaker_disjoint_split,1,0.5611588891467135,0,0.47624091957892484
3819.json,tim-kaine,half-true,0,speaker_disjoint_split,1,0.5859034672474399,0,0.3718811203521032
5139.json,club-growth,mostly-true,0,speaker_disjoint_split,1,0.7076586257804194,1,0.6021611880319735
8972.json,andy-brown,mostly-true,0,speaker_disjoint_split,0,0.3589792480513311,0,0.29655357142302846
6240.json,john-robitaille,half-true,0,speaker_disjoint_split,0,0.5178207192287104,1,0.4976094188085037
12207.json,hilary-treadwell,pants-fire,1,speaker_disjoint_split,0,0.36826123888597195,0,0.36742965051131526
2678.json,charlie-crist,true,0,speaker_disjoint_split,1,0.6086537885217257,1,0.4963999099009043
8582.json,david-axelrod,mostly-true,0,speaker_disjoint_split,0,0.4286941187503126,0,0.34612137974293994
1636.json,charlie-crist,false,1,speaker_disjoint_split,1,0.5724013284780686,0,0.44347399444578395
2870.json,joe-barton,barely-true,1,speaker_disjoint_split,0,0.4021916977554982,0,0.312654408512657
34.json,john-mccain,mostly-true,0,speaker_disjoint_split,1,0.5718830440504248,0,0.421428632155209
12949.json,donald-trump,barely-true,1,speaker_disjoint_split,1,0.7111993689717601,1,0.6504934375948387
13092.json,charlie-crist,true,0,speaker_disjoint_split,0,0.40531717517081406,0,0.2964347518345925
12902.json,dana-wachs,true,0,speaker_disjoint_split,1,0.8383012560850527,1,0.7354710696446449
9724.json,james-woods,false,1,speaker_disjoint_split,1,0.7855261456008995,1,0.5267209249224101
161.json,john-mccain,half-true,0,speaker_disjoint_split,0,0.3603984606819595,0,0.30884727342553453
7306.json,nathan-deal,true,0,speaker_disjoint_split,0,0.38708968368195956,0,0.306821380095364
11316.json,carly-fiorina,barely-true,1,speaker_disjoint_split,1,0.6969134288725618,1,0.5621737214522836
2056.json,david-cicilline,false,1,speaker_disjoint_split,0,0.49272761286330474,0,0.3791637775435057
12740.json,donald-trump,false,1,speaker_disjoint_split,1,0.7072911629593363,1,0.5722550071395128
11480.json,donald-trump,half-true,0,speaker_disjoint_split,0,0.4549152550575871,0,0.4440003065004211
10110.json,bill-oreilly,mostly-true,0,speaker_disjoint_split,1,0.6149106277105072,1,0.5737658764494377
9816.json,don-beyer,mostly-true,0,speaker_disjoint_split,0,0.5187380144329398,0,0.37419242572714284
13194.json,citizens-michael-mcauliffe-and-house-republican-or,barely-true,1,speaker_disjoint_split,1,0.6025003252206832,1,0.6029893858083903
4263.json,ron-paul,false,1,speaker_disjoint_split,0,0.5300386279535664,0,0.44937585427703824
11178.json,john-kasich,mostly-true,0,speaker_disjoint_split,1,0.643340140590863,1,0.6459261741978584
7515.json,joseph-levy,barely-true,1,speaker_disjoint_split,1,0.5709096776029681,0,0.44366482516518496
12861.json,donald-trump,pants-fire,1,speaker_disjoint_split,0,0.42763578083915504,0,0.4743419798403269
11199.json,state-democratic-party-wisconsin,mostly-true,0,speaker_disjoint_split,1,0.5784277084969646,1,0.5173871334323626
4786.json,state-democratic-party-wisconsin,false,1,speaker_disjoint_split,1,0.7559676017464692,1,0.657312806271583
7719.json,republican-governors-association,pants-fire,1,speaker_disjoint_split,1,0.6406802757317728,1,0.5791714978529071
3915.json,roberto-dasilva,barely-true,1,speaker_disjoint_split,1,0.6038923014673485,0,0.43278281825799453
10277.json,bill-oreilly,barely-true,1,speaker_disjoint_split,1,0.599789968325132,1,0.5466345311843287
10452.json,debbie-wasserman-schultz,barely-true,1,speaker_disjoint_split,1,0.5910210812648662,1,0.5205690407548251
8780.json,rhode-island-senate,mostly-true,0,speaker_disjoint_split,0,0.41662460990888,0,0.3201901431339589
6145.json,pat-kreitlow,pants-fire,1,speaker_disjoint_split,1,0.6570522459786783,1,0.6552646308405458
7948.json,blog-posting,pants-fire,1,speaker_disjoint_split,1,0.6333210073143211,1,0.6487380874767293
12235.json,donald-trump,false,1,speaker_disjoint_split,0,0.5096215506346348,1,0.5473823481824263
970.json,cynthia-lummis,pants-fire,1,speaker_disjoint_split,1,0.7041263148329168,1,0.7404421894761108
11466.json,emanuel-cleaver,barely-true,1,speaker_disjoint_split,0,0.3786070321542319,0,0.33115560538156935
1471.json,bill-oreilly,true,0,speaker_disjoint_split,0,0.5587085916199522,1,0.5371846917009659
5397.json,richard-morrison,half-true,0,speaker_disjoint_split,1,0.6616523682439407,1,0.5711668204949335
10938.json,bernie-s,mostly-true,0,speaker_disjoint_split,1,0.5955593006724396,0,0.45429557316742597
12701.json,tim-kaine,barely-true,1,speaker_disjoint_split,1,0.6632640215977604,1,0.5350532074568989
13015.json,gary-johnson,mostly-true,0,speaker_disjoint_split,1,0.5747105316445392,0,0.48723399621006525
2062.json,david-axelrod,half-true,0,speaker_disjoint_split,0,0.29581808050816516,0,0.21844179065786776
409.json,bill-clinton,true,0,speaker_disjoint_split,0,0.43468072323591544,0,0.3590420809466275
12776.json,state-democratic-party-wisconsin,half-true,0,speaker_disjoint_split,1,0.6230262260687301,1,0.5157823020643999
11188.json,donald-trump,half-true,0,speaker_disjoint_split,0,0.5508856696104852,1,0.579492162284158
8722.json,neera-tanden,true,0,speaker_disjoint_split,1,0.5852299971124064,0,0.410672838741012
10075.json,no-tax-tracks,half-true,0,speaker_disjoint_split,1,0.7429786011540044,1,0.6503586755720289
4167.json,wisconsin-family-action,true,0,speaker_disjoint_split,1,0.7734137615524105,1,0.7663698566935033
6287.json,club-growth,barely-true,1,speaker_disjoint_split,1,0.5691039279950023,0,0.48902159030082776
10505.json,rush-limbaugh,barely-true,1,speaker_disjoint_split,0,0.5277613972603408,1,0.4928791547888549
3698.json,blog-posting,half-true,0,speaker_disjoint_split,1,0.6550925786388089,1,0.7035089668842922
782.json,john-mccain,half-true,0,speaker_disjoint_split,1,0.5652133380372119,1,0.511700997410262
10138.json,nathan-deal,barely-true,1,speaker_disjoint_split,0,0.17738117898675881,0,0.15170431184998193
2622.json,charlie-crist,false,1,speaker_disjoint_split,1,0.6703339478787654,1,0.5747423639125734
2017.json,john-mccain,mostly-true,0,speaker_disjoint_split,1,0.5631545251176787,1,0.508697996937469
4061.json,bill-kristol,mostly-true,0,speaker_disjoint_split,1,0.5844155517297087,1,0.4992478275011718
12883.json,debbie-wasserman-schultz,barely-true,1,speaker_disjoint_split,1,0.5666068957917026,0,0.45407466820931924
5708.json,gary-black,mostly-true,0,speaker_disjoint_split,1,0.5755752032260273,1,0.705059399807719
9929.json,blog-posting,half-true,0,speaker_disjoint_split,1,0.7097241756542865,1,0.7921443473916855
10062.json,john-mccain,false,1,speaker_disjoint_split,1,0.8537761492733554,1,0.7836662147558048
6108.json,marsha-blackburn,barely-true,1,speaker_disjoint_split,1,0.6575444905295252,1,0.5545775082883437
11500.json,ben-carson,false,1,speaker_disjoint_split,1,0.693658689898884,1,0.5926795309073057
6642.json,bill-clinton,half-true,0,speaker_disjoint_split,1,0.6328017117016247,1,0.5676364126246894
5.json,bill-richardson,mostly-true,0,speaker_disjoint_split,0,0.27543913030592904,0,0.12229272084154746
1541.json,charlie-crist,false,1,speaker_disjoint_split,0,0.482992026304476,0,0.3873350944385136
7911.json,saxby-chambliss,pants-fire,1,speaker_disjoint_split,1,0.5888936506008224,1,0.5884730750173709
367.json,john-mccain,pants-fire,1,speaker_disjoint_split,1,0.6507994540923366,1,0.6026957705755946
4082.json,jim-whelan,half-true,0,speaker_disjoint_split,1,0.5934384482883871,1,0.5149506100182448
6952.json,linda-mcmahon,false,1,speaker_disjoint_split,0,0.36929028058827307,0,0.3509133533892133
2180.json,randy-neugebauer,pants-fire,1,speaker_disjoint_split,1,0.606383270449285,1,0.5304255248637718
7138.json,saxby-chambliss,true,0,speaker_disjoint_split,1,0.6091687530354769,1,0.544553014983387
6677.json,kal-penn,mostly-true,0,speaker_disjoint_split,1,0.7295831628283087,1,0.563032403957404
2595.json,christine-odonnell,pants-fire,1,speaker_disjoint_split,1,0.7999353801383186,1,0.6541347688981741
1351.json,glenn-beck,false,1,speaker_disjoint_split,0,0.5455690440293153,1,0.5064806713802417
9847.json,burger-king,half-true,0,speaker_disjoint_split,0,0.5401455176060986,0,0.4161820363432592
12551.json,bernie-s,mostly-true,0,speaker_disjoint_split,1,0.5775560647937897,0,0.4433372399045032
9175.json,republican-party-florida,true,0,speaker_disjoint_split,1,0.5947471561756676,1,0.5003291793194178
1278.json,charlie-crist,false,1,speaker_disjoint_split,0,0.5042777759743857,0,0.378052134975947
9634.json,kate-obenshain,barely-true,1,speaker_disjoint_split,1,0.7663041611618968,1,0.6616061268313134
12200.json,donald-trump,half-true,0,speaker_disjoint_split,0,0.4693988919451136,0,0.3777878331048158
8098.json,david-cicilline,true,0,speaker_disjoint_split,0,0.5450372364276961,0,0.38329351363229186
9689.json,charlie-crist,mostly-true,0,speaker_disjoint_split,0,0.34820240050884815,0,0.32285739685802317
5797.json,mary-nolan,half-true,0,speaker_disjoint_split,0,0.36503620372832113,0,0.3267484435459928
10588.json,doug-collins,mostly-true,0,speaker_disjoint_split,1,0.6589795812955384,1,0.6591485821215822
4225.json,jon-husted,mostly-true,0,speaker_disjoint_split,0,0.43829889069719113,0,0.42899102916741066
579.json,john-mccain,mostly-true,0,speaker_disjoint_split,0,0.5050186229471529,0,0.4382314763787508
1661.json,silvestre-reyes,pants-fire,1,speaker_disjoint_split,0,0.3977804428013704,0,0.2667053879147529
5442.json,jon-husted,half-true,0,speaker_disjoint_split,0,0.47380869371166195,0,0.40364406012911763
6028.json,memphis-police-association,false,1,speaker_disjoint_split,1,0.6789595272597684,1,0.493391846558282
5294.json,nathan-deal,true,0,speaker_disjoint_split,0,0.42570124998927733,0,0.3589626896908728
3972.json,nina-perales,mostly-true,0,speaker_disjoint_split,0,0.44141483717151264,0,0.3039965870710302
1348.json,keith-olbermann,half-true,0,speaker_disjoint_split,1,0.7272584455111694,1,0.7131806234632523
1740.json,keith-olbermann,half-true,0,speaker_disjoint_split,1,0.7220169607305533,1,0.6103085896573417
10851.json,akbar-al-baker,barely-true,1,speaker_disjoint_split,0,0.37939445195761645,0,0.30859997196683087
13250.json,pat-mccrory,barely-true,1,speaker_disjoint_split,1,0.5966817813643889,1,0.5437586653724638
10926.json,blog-posting,mostly-true,0,speaker_disjoint_split,1,0.7105782452237827,1,0.6596447240154146
11097.json,atlanta-neighborhood-association,true,0,speaker_disjoint_split,1,0.6009351719670486,0,0.45950864240987366
9278.json,tom-corbett,barely-true,1,speaker_disjoint_split,1,0.6628044222549151,1,0.5543861675333362
5001.json,tim-kaine,false,1,speaker_disjoint_split,0,0.48946737228644027,0,0.3923593064030516
11454.json,ben-carson,false,1,speaker_disjoint_split,1,0.804113055057302,1,0.6681789965504839
3765.json,jay-goyal,barely-true,1,speaker_disjoint_split,0,0.4748941175300117,1,0.49239749934905097
11231.json,donald-trump,half-true,0,speaker_disjoint_split,1,0.6653518674529769,1,0.6075819244080789
11130.json,scott-walker,false,1,speaker_disjoint_split,1,0.6271457468388328,1,0.5747223185480381
13104.json,tom-nelson,half-true,0,speaker_disjoint_split,1,0.6526401522482463,1,0.7312873464795634
9618.json,mark-begich,mostly-true,0,speaker_disjoint_split,0,0.42589050388205907,0,0.3032098058810393
11921.json,bernie-s,mostly-true,0,speaker_disjoint_split,0,0.21864998019105136,0,0.16438905678384774
10980.json,bill-clinton,half-true,0,speaker_disjoint_split,1,0.6743080741698088,1,0.6118650182381488
13325.json,tim-kaine,mostly-true,0,speaker_disjoint_split,0,0.4865823535575654,0,0.4081864478914085
12583.json,david-miliband,true,0,speaker_disjoint_split,0,0.5226554577651907,0,0.48909096892317544
307.json,john-mccain,half-true,0,speaker_disjoint_split,1,0.5971145981039646,0,0.4619945364354456
11387.json,scott-walker,mostly-true,0,speaker_disjoint_split,0,0.5376406315561375,0,0.4788792924492271
10652.json,jerry-falwell,true,0,speaker_disjoint_split,0,0.5366233067757035,1,0.5098425379208585
4110.json,gary-johnson,half-true,0,speaker_disjoint_split,0,0.45696386659458865,0,0.4188212081679724
7856.json,karl-rove,mostly-true,0,speaker_disjoint_split,0,0.3306773203920756,0,0.27153590908027453
8106.json,kari-chisholm,false,1,speaker_disjoint_split,0,0.5558535919038221,1,0.5181398785440074
13021.json,donald-trump,false,1,speaker_disjoint_split,0,0.38505611404897194,0,0.3582610887484945
12150.json,donald-trump,false,1,speaker_disjoint_split,0,0.45168401849260814,0,0.39465421285687835
9414.json,democratic-congressional-campaign-committee,false,1,speaker_disjoint_split,1,0.6227906998588648,1,0.5706353869341756
434.json,focus-family-action,false,1,speaker_disjoint_split,1,0.566403726709718,1,0.5525155164463824
7585.json,dennis-richardson,mostly-true,0,speaker_disjoint_split,1,0.570531804816724,1,0.5525186798447717
8377.json,dan-patrick,false,1,speaker_disjoint_split,1,0.6494687725085294,1,0.542595413584554
8962.json,bill-kristol,false,1,speaker_disjoint_split,1,0.7922271455737985,1,0.6625521119326382
7551.json,john-kasich,true,0,speaker_disjoint_split,0,0.4619321619250289,0,0.46949294563934396
9268.json,dan-patrick,half-true,0,speaker_disjoint_split,1,0.7133724347514148,1,0.5249033725561649
543.json,john-mccain,mostly-true,0,speaker_disjoint_split,1,0.6215319863082255,1,0.5951401532366271
10134.json,charlie-crist,false,1,speaker_disjoint_split,1,0.6802935919409149,1,0.514927718268402
6667.json,joe-biden,mostly-true,0,speaker_disjoint_split,1,0.6466659763692681,1,0.5265327935473677
11143.json,rush-limbaugh,pants-fire,1,speaker_disjoint_split,1,0.5967021289345108,1,0.5428285937635402
2512.json,we-love-usa-pac,false,1,speaker_disjoint_split,1,0.7353135117617187,1,0.7181030665393919
11396.json,debbie-wasserman-schultz,half-true,0,speaker_disjoint_split,0,0.5576419298741205,0,0.4667209037686585
690.json,john-mccain,true,0,speaker_disjoint_split,0,0.5044620265524964,0,0.41420601700390536
11819.json,ben-carson,barely-true,1,speaker_disjoint_split,0,0.46940887627369493,0,0.38551505619492765
4808.json,john-stemberger,barely-true,1,speaker_disjoint_split,0,0.3714513924176585,0,0.35171424402370954
7615.json,b-heath-mitchell,half-true,0,speaker_disjoint_split,0,0.5508448834102714,0,0.46386801509507125
6066.json,lamar-alexander,half-true,0,speaker_disjoint_split,1,0.7446144624285136,1,0.6781733553871945
11868.json,donald-trump,barely-true,1,speaker_disjoint_split,1,0.7149989805451046,1,0.6709145511199448
4913.json,jon-huntsman,barely-true,1,speaker_disjoint_split,0,0.3998905488500101,0,0.4136430849131245
10027.json,gloria-steinem,true,0,speaker_disjoint_split,0,0.5252454776915327,0,0.3025218883452649
8535.json,jay-leno,barely-true,1,speaker_disjoint_split,1,0.7815851049751359,1,0.7400807610918659
10990.json,scott-walker,barely-true,1,speaker_disjoint_split,1,0.6573350843427457,1,0.6040120584714653
3635.json,nathan-deal,half-true,0,speaker_disjoint_split,0,0.4217258528707556,0,0.3667482853726116
12013.json,bill-clinton,half-true,0,speaker_disjoint_split,0,0.4015277287301656,0,0.283752979204859
6856.json,joe-biden,barely-true,1,speaker_disjoint_split,1,0.7370058712845925,1,0.5752574753200111
13079.json,donald-trump,false,1,speaker_disjoint_split,0,0.5572680538819018,0,0.46770829522096474
10428.json,gsu-alumni-association,true,0,speaker_disjoint_split,0,0.2344223743438454,0,0.1733237158410928
3019.json,lloyd-doggett,mostly-true,0,speaker_disjoint_split,0,0.5172931060533009,0,0.3881716123378483
6666.json,bill-clinton,mostly-true,0,speaker_disjoint_split,1,0.5607048294394539,0,0.4529892039932514
6143.json,nathan-deal,barely-true,1,speaker_disjoint_split,0,0.45198344943714003,0,0.34231189517701976
6960.json,ohio-republican-party,half-true,0,speaker_disjoint_split,0,0.5453121184141121,1,0.6422471231065467
597.json,votevetsorg,false,1,speaker_disjoint_split,1,0.6573705435249371,0,0.44087040387891924
11727.json,will-kraus,half-true,0,speaker_disjoint_split,0,0.510598634326007,0,0.4565696752454413
7192.json,larry-kilgore,false,1,speaker_disjoint_split,0,0.2960021913988339,0,0.20377736062306454
5595.json,bill-pascrell,false,1,speaker_disjoint_split,0,0.25737012618288757,0,0.19473063564457116
1197.json,lamar-alexander,false,1,speaker_disjoint_split,1,0.7441004034687142,1,0.662362460856056
13115.json,donald-trump,false,1,speaker_disjoint_split,0,0.5540722398083354,1,0.4905800277906202
6021.json,scott-walker,mostly-true,0,speaker_disjoint_split,0,0.4908959265369676,0,0.4494829708034287
5879.json,national-republican-congressional-committee,pants-fire,1,speaker_disjoint_split,1,0.7501971932738387,1,0.6895629391876363
1110.json,bill-pascrell,mostly-true,0,speaker_disjoint_split,0,0.44473962724603694,0,0.41034276917935497
1258.json,glenn-beck,barely-true,1,speaker_disjoint_split,1,0.7873309418416022,1,0.767763609063086
7213.json,scott-walker,true,0,speaker_disjoint_split,0,0.4480387500803229,0,0.3964404198755253
7760.json,tom-coburn,false,1,speaker_disjoint_split,0,0.5434604196742816,1,0.5337338141112524
7370.json,jeff-merkley,true,0,speaker_disjoint_split,0,0.29171904647626146,0,0.32349039190560686
2064.json,nathan-deal,half-true,0,speaker_disjoint_split,0,0.4431551093101969,0,0.3390594635246984
13391.json,austin-board-realtors-pac,false,1,speaker_disjoint_split,1,0.6908161951996614,1,0.5259116176203477
9621.json,glenn-beck,half-true,0,speaker_disjoint_split,1,0.7472911744142264,1,0.7170636267110978
11572.json,megyn-kelly,half-true,0,speaker_disjoint_split,1,0.6479596461493503,1,0.4910598888569373
8671.json,eugene-yu,mostly-true,0,speaker_disjoint_split,0,0.4299906654344814,0,0.4837988279798721
8203.json,scott-walker,half-true,0,speaker_disjoint_split,1,0.7059083042329051,1,0.6602056690271885
4727.json,corey-stewart,false,1,speaker_disjoint_split,1,0.6028906922803635,1,0.5003087904886745
5916.json,samuel-wurzelbacher,pants-fire,1,speaker_disjoint_split,1,0.6520126381180474,1,0.5797457231268969
10010.json,republican-party-florida,half-true,0,speaker_disjoint_split,0,0.4481134268673668,0,0.4575278001707329
524.json,john-mccain,false,1,speaker_disjoint_split,1,0.6349384364305647,1,0.532911146336684
400.json,campaign-defend-america,false,1,speaker_disjoint_split,0,0.44943276164144447,0,0.32662588170324186
2535.json,charlie-crist,half-true,0,speaker_disjoint_split,1,0.6615725961756135,0,0.47616366506299057
12377.json,scott-walker,pants-fire,1,speaker_disjoint_split,0,0.365297196105629,0,0.3149625039358153
3267.json,wesley-smith,half-true,0,speaker_disjoint_split,0,0.5147395404164119,0,0.45922749073504343
9750.json,libre-initiative,half-true,0,speaker_disjoint_split,0,0.3221032300538476,0,0.2518862556422643
593.json,john-mccain,barely-true,1,speaker_disjoint_split,1,0.5625569700251208,1,0.5005048885435107
7305.json,nathan-deal,true,0,speaker_disjoint_split,0,0.39066181022013907,0,0.27665298697551843
6581.json,anthony-gemma,false,1,speaker_disjoint_split,1,0.5653705625119809,0,0.4744920907702662
12707.json,mark-geist,barely-true,1,speaker_disjoint_split,0,0.5400022610466192,0,0.4814620638976015
10389.json,john-mccain,barely-true,1,speaker_disjoint_split,0,0.4155531562030428,0,0.37235842730165775
8787.json,nathan-deal,true,0,speaker_disjoint_split,0,0.42461994581429796,0,0.40141877818259225
11567.json,ben-carson,false,1,speaker_disjoint_split,1,0.6838867600603312,1,0.5951077155594677
7221.json,john-kasich,half-true,0,speaker_disjoint_split,0,0.4313122624683713,0,0.4278763022971386
3867.json,john-kasich,false,1,speaker_disjoint_split,0,0.28450768472398663,0,0.2739813533622073
2398.json,ron-klein,false,1,speaker_disjoint_split,1,0.7105436756661849,1,0.6370651032352695
12138.json,joanne-kloppenburg,mostly-true,0,speaker_disjoint_split,1,0.7235489170998055,1,0.6375680426945276
2472.json,bob-hackworth,false,1,speaker_disjoint_split,0,0.5093089058584301,0,0.4298719783959593
2938.json,organizing-america,half-true,0,speaker_disjoint_split,0,0.5590057062611611,0,0.43753351664945805
11514.json,donald-trump,false,1,speaker_disjoint_split,0,0.545429753776992,1,0.49382262235958496
3033.json,pat-mullins,true,0,speaker_disjoint_split,1,0.6067793953981064,1,0.5447268859953857
9660.json,charlie-crist,half-true,0,speaker_disjoint_split,0,0.544606870497193,0,0.47045804518037054
1253.json,blog-posting,mostly-true,0,speaker_disjoint_split,1,0.7033686147745654,1,0.7527467013459229
13165.json,basil-seggos,false,1,speaker_disjoint_split,1,0.6425935404877938,1,0.5193100804401514
3874.json,charlotte-nash,barely-true,1,speaker_disjoint_split,0,0.49530710617748264,1,0.5701069815755581
13491.json,javier-m-gonzales,half-true,0,speaker_disjoint_split,0,0.5034716776934278,1,0.5613625743350459
9710.json,greta-van-susteren,false,1,speaker_disjoint_split,1,0.6411427252961641,1,0.6686214200152607
2480.json,david-axelrod,half-true,0,speaker_disjoint_split,0,0.5212571686255473,0,0.39921269671295423
11331.json,scott-walker,half-true,0,speaker_disjoint_split,1,0.8036084295159098,1,0.7064725754723702
6476.json,aclu-florida,false,1,speaker_disjoint_split,1,0.6982763955366675,1,0.6849424445305271
7584.json,joe-barton,barely-true,1,speaker_disjoint_split,0,0.5121648851216357,0,0.44319153244855974
2207.json,john-mccain,half-true,0,speaker_disjoint_split,0,0.5510400878748908,0,0.43103638098041397
11470.json,centers-disease-control,mostly-true,0,speaker_disjoint_split,0,0.26547099104632554,0,0.35686525004896413
6651.json,david-cicilline,barely-true,1,speaker_disjoint_split,1,0.6138368346816888,1,0.4926097875810297
11155.json,scott-walker,half-true,0,speaker_disjoint_split,0,0.4099766925494343,0,0.3792112892366397
9614.json,blog-posting,barely-true,1,speaker_disjoint_split,1,0.8041610525195712,1,0.8478633046794466
555.json,john-mccain,half-true,0,speaker_disjoint_split,1,0.60040742211637,1,0.506196545693541
10262.json,chuck-todd,true,0,speaker_disjoint_split,0,0.2675511905072518,0,0.30121653405155074
9288.json,nathan-deal,mostly-true,0,speaker_disjoint_split,0,0.29690404121943353,0,0.2069114220690892
11253.json,donald-trump,false,1,speaker_disjoint_split,0,0.3771609335158546,0,0.36630848460674514
961.json,elijah-cummings,true,0,speaker_disjoint_split,0,0.5095657731809609,1,0.506610348311084
11205.json,donald-trump,half-true,0,speaker_disjoint_split,1,0.6091423988782525,1,0.5891598927671879
13253.json,donald-trump,barely-true,1,speaker_disjoint_split,1,0.55979660307053,1,0.5584783497965873
13462.json,donald-trump,false,1,speaker_disjoint_split,1,0.6287932039729839,1,0.6128037957040321
11515.json,donald-trump,barely-true,1,speaker_disjoint_split,1,0.6051521999565064,1,0.590771870978495
7000.json,diane-hurley,true,0,speaker_disjoint_split,0,0.40242711087423977,0,0.3390585665749873
2282.json,anthony-gemma,mostly-true,0,speaker_disjoint_split,0,0.5068771533407391,0,0.4333109366537726
503.json,john-mccain,true,0,speaker_disjoint_split,1,0.5672966948973995,0,0.4809244907649107
10174.json,charlie-crist,half-true,0,speaker_disjoint_split,0,0.5528492797222206,0,0.34615618049837743
5979.json,corey-stewart,barely-true,1,speaker_disjoint_split,1,0.6368389156254126,1,0.5735074813286221
10755.json,scott-walker,half-true,0,speaker_disjoint_split,0,0.5144962277866416,0,0.4490678025196006
6808.json,tim-kaine,mostly-true,0,speaker_disjoint_split,0,0.5320883520260281,0,0.4794237720369223
8659.json,blog-posting,pants-fire,1,speaker_disjoint_split,1,0.6774748289828191,1,0.7407253749742614
8417.json,louie-gohmert,barely-true,1,speaker_disjoint_split,0,0.3877661620439295,0,0.33752116281896394
4758.json,state-democratic-party-wisconsin,barely-true,1,speaker_disjoint_split,1,0.6827446194261472,1,0.5960652748595138
12198.json,blog-posting,false,1,speaker_disjoint_split,1,0.6990210061246452,1,0.7186565674340482
12843.json,joe-biden,false,1,speaker_disjoint_split,1,0.6544397374876804,1,0.5182301583234056
118.json,john-mccain,true,0,speaker_disjoint_split,0,0.33742389831334535,0,0.36131273029371885
1706.json,bill-clinton,barely-true,1,speaker_disjoint_split,0,0.46916922764625435,0,0.39779014817376795
12018.json,bernie-s,barely-true,1,speaker_disjoint_split,1,0.566324971981179,0,0.48994489902157407
1646.json,cliff-stearns,half-true,0,speaker_disjoint_split,0,0.5428068382408421,0,0.44853578780942815
3532.json,tim-kaine,half-true,0,speaker_disjoint_split,1,0.5808607978132202,0,0.45506710086975105
3862.json,national-republican-congressional-committee,barely-true,1,speaker_disjoint_split,1,0.6705957299039498,1,0.5674255041524114
5064.json,democratic-congressional-campaign-committee,false,1,speaker_disjoint_split,1,0.7457300984828249,1,0.7049748531502072
13156.json,donald-trump,barely-true,1,speaker_disjoint_split,0,0.5461653236466513,1,0.49696405230579027
11767.json,bernie-s,half-true,0,speaker_disjoint_split,1,0.7141653399680586,1,0.6050130576230163
2120.json,richard-cordray,half-true,0,speaker_disjoint_split,0,0.517608623689372,0,0.444035814768924
13422.json,richard-burr,mostly-true,0,speaker_disjoint_split,0,0.3365903413436868,0,0.3575371667748594
10719.json,nathan-deal,half-true,0,speaker_disjoint_split,0,0.5489224485616061,0,0.48274113436695903
12211.json,glenn-beck,true,0,speaker_disjoint_split,0,0.5339939953930842,1,0.5570776170295674
8796.json,nathan-deal,half-true,0,speaker_disjoint_split,0,0.4784866274006381,0,0.42287696777902184
12047.json,donald-trump,barely-true,1,speaker_disjoint_split,1,0.6041063883331087,1,0.508194406178974
10194.json,bill-clinton,barely-true,1,speaker_disjoint_split,0,0.42256729980756874,0,0.32462402786618383
2941.json,blog-posting,false,1,speaker_disjoint_split,1,0.7454486335128317,1,0.7138509896039535
8751.json,scott-walker,false,1,speaker_disjoint_split,0,0.5035810091415608,0,0.4876464506010875
12554.json,donald-trump,false,1,speaker_disjoint_split,1,0.5907543308205118,1,0.5186861430342657
11962.json,donald-trump,pants-fire,1,speaker_disjoint_split,1,0.5987834985468997,1,0.5819896552568034
4895.json,david-axelrod,half-true,0,speaker_disjoint_split,1,0.7092639558709005,1,0.6056683554879497
12162.json,californians-lower-drug-prices,half-true,0,speaker_disjoint_split,0,0.40350405461888955,0,0.3348237236674457
3355.json,state-democratic-party-wisconsin,pants-fire,1,speaker_disjoint_split,1,0.6452696992939211,1,0.5762765935859123
9796.json,rush-limbaugh,false,1,speaker_disjoint_split,1,0.7031846747015397,1,0.6583231232942778
1591.json,rush-limbaugh,pants-fire,1,speaker_disjoint_split,0,0.5309349975436258,1,0.5049143033059958
13137.json,donald-trump,false,1,speaker_disjoint_split,1,0.7191329511097238,1,0.6237547767231609
8696.json,scott-walker,false,1,speaker_disjoint_split,1,0.606990730575914,1,0.5515989622915838
13183.json,tim-kaine,half-true,0,speaker_disjoint_split,0,0.4744889723962637,0,0.370126921861007
12317.json,amy-schumer,half-true,0,speaker_disjoint_split,0,0.47036888282258127,0,0.43716848275238473
11002.json,scott-walker,mostly-true,0,speaker_disjoint_split,1,0.6428130383005868,1,0.5543761923485481
10459.json,rhode-island-center-freedom-and-prosperity,barely-true,1,speaker_disjoint_split,0,0.4999512179791759,0,0.4090792704004842
3457.json,ann-coulter,barely-true,1,speaker_disjoint_split,1,0.6813639305850457,1,0.6778564797113237
7172.json,scott-walker,pants-fire,1,speaker_disjoint_split,0,0.3417661800341226,0,0.2973902876532235
11247.json,donald-trump,false,1,speaker_disjoint_split,0,0.3715598495162096,0,0.333225105485137
7248.json,national-republican-congressional-committee,true,0,speaker_disjoint_split,0,0.4702965262865795,0,0.3919632034763231
6670.json,cnsnews,false,1,speaker_disjoint_split,1,0.6542530876577485,1,0.5478252124969802
9982.json,jane-harman,false,1,speaker_disjoint_split,1,0.6879452063514817,1,0.5725834612015505
6354.json,tim-kaine,mostly-true,0,speaker_disjoint_split,1,0.5716840080912383,0,0.45795337756423804
10369.json,chuck-todd,half-true,0,speaker_disjoint_split,0,0.514798644727706,1,0.5046635670142524
7321.json,wayne-lapierre,half-true,0,speaker_disjoint_split,0,0.3663848198139401,0,0.3468780358668012
3797.json,amy-hanauer,true,0,speaker_disjoint_split,0,0.35088768245774277,0,0.2821910237156078
13459.json,pat-robertson,pants-fire,1,speaker_disjoint_split,1,0.7787862804883388,1,0.630215305077413
12869.json,richard-burr,half-true,0,speaker_disjoint_split,1,0.8153986722501739,1,0.7917922911104196
2730.json,nathan-deal-and-roy-barnes,pants-fire,1,speaker_disjoint_split,1,0.7089047417422657,1,0.5784566366486852
8416.json,gilberto-hinojosa,mostly-true,0,speaker_disjoint_split,1,0.6415515543123004,1,0.5431007236539952
10781.json,ben-carson,barely-true,1,speaker_disjoint_split,0,0.38323035091178315,0,0.3615372358057894
1079.json,rush-limbaugh,barely-true,1,speaker_disjoint_split,1,0.6384293982533663,1,0.5991115189576603
10876.json,glenn-beck,barely-true,1,speaker_disjoint_split,0,0.3427664329345217,0,0.3856522297511687
10778.json,nation-islam-research-group,pants-fire,1,speaker_disjoint_split,1,0.806626224373217,1,0.7712740109003604
8479.json,scott-walker,barely-true,1,speaker_disjoint_split,0,0.37624277532549233,0,0.38659773319246304
3589.json,saxby-chambliss,half-true,0,speaker_disjoint_split,0,0.5055913878573463,0,0.47736501215882093
6065.json,jeff-fitzgerald,half-true,0,speaker_disjoint_split,0,0.509549102403569,0,0.48919124606335895
4326.json,bob-ryan,mostly-true,0,speaker_disjoint_split,0,0.5538777835664094,1,0.5547439658432826
10701.json,bernie-s,mostly-true,0,speaker_disjoint_split,0,0.3019202912440195,0,0.26734852507923945
6382.json,national-republican-congressional-committee,false,1,speaker_disjoint_split,1,0.6306454649887799,1,0.5289676014659618
11927.json,gary-cobb,barely-true,1,speaker_disjoint_split,0,0.5591577042915507,1,0.4933562240670417
10615.json,scott-walker,half-true,0,speaker_disjoint_split,1,0.6542355468715515,1,0.6173663915416564
2295.json,nathan-deal,true,0,speaker_disjoint_split,1,0.6863979967560205,1,0.5366423505005795
417.json,john-mccain,false,1,speaker_disjoint_split,0,0.5182215554883085,1,0.5057207349371315
6286.json,rush-limbaugh,pants-fire,1,speaker_disjoint_split,1,0.7298928259485061,1,0.6561845199399291
6151.json,lamar-alexander,true,0,speaker_disjoint_split,0,0.45051972864729406,0,0.42490125255902567
8108.json,dan-patrick,barely-true,1,speaker_disjoint_split,1,0.658003988628562,1,0.5193154488114647
2801.json,allen-alley,mostly-true,0,speaker_disjoint_split,0,0.3740745282959857,0,0.42624783948242456
8075.json,louie-gohmert,barely-true,1,speaker_disjoint_split,1,0.7675901108574795,1,0.575658921715781
3850.json,janet-napolitano,half-true,0,speaker_disjoint_split,0,0.33953639576649874,0,0.2722630849297667
8612.json,saxby-chambliss,half-true,0,speaker_disjoint_split,0,0.420683306770427,0,0.3782720368883791
2395.json,john-kasich,half-true,0,speaker_disjoint_split,0,0.46060564267437376,0,0.3971464417356038
11525.json,scott-walker,half-true,0,speaker_disjoint_split,0,0.44294659610690706,0,0.37006801980945553
11071.json,donald-trump,false,1,speaker_disjoint_split,0,0.5517077498545594,1,0.5044858691027261
1543.json,charlie-crist,barely-true,1,speaker_disjoint_split,0,0.4059596524617018,0,0.30160539937053804
10972.json,scott-walker,false,1,speaker_disjoint_split,1,0.5973928299610839,1,0.5006645416923357
11057.json,carly-fiorina,half-true,0,speaker_disjoint_split,1,0.5667223123802723,0,0.4604892758043945
11210.json,donald-trump,half-true,0,speaker_disjoint_split,0,0.5361743193039091,0,0.46786598459126727
6630.json,julian-castro,true,0,speaker_disjoint_split,0,0.5518483536749829,0,0.4784588133527965
9138.json,charlie-crist,mostly-true,0,speaker_disjoint_split,1,0.755226217210913,1,0.6621388197594616
9406.json,claire-mccaskill,barely-true,1,speaker_disjoint_split,1,0.6693963637591674,1,0.6489580401625696
5011.json,restore-our-future,true,0,speaker_disjoint_split,1,0.6615740078114283,1,0.6094054589624655
11317.json,scott-walker,barely-true,1,speaker_disjoint_split,1,0.68356965074648,1,0.6229235210948615
2703.json,nathan-deal,barely-true,1,speaker_disjoint_split,1,0.6504717029205113,1,0.5785464795400183
12193.json,new-day-america,false,1,speaker_disjoint_split,1,0.6117921501204927,1,0.5463831769973857
6635.json,joe-biden,half-true,0,speaker_disjoint_split,1,0.60490624419512,1,0.4987744888145972
4276.json,jon-huntsman,mostly-true,0,speaker_disjoint_split,1,0.57280235272762,0,0.45636509026150734
12759.json,donald-trump,pants-fire,1,speaker_disjoint_split,1,0.6613283409203169,1,0.5557932630977497
2345.json,kevin-boyce,pants-fire,1,speaker_disjoint_split,0,0.4411491209469793,0,0.40553045669854765
10070.json,donald-trump,pants-fire,1,speaker_disjoint_split,1,0.6449122745296734,1,0.5213106008305167
3837.json,sam-adams,false,1,speaker_disjoint_split,1,0.5771284010655732,0,0.36308005032517093
2396.json,julie-lassa,half-true,0,speaker_disjoint_split,0,0.35337451041034235,0,0.3503983103588513
7349.json,dan-becker,false,1,speaker_disjoint_split,0,0.4096024103202582,0,0.32048318868700165
8228.json,debbie-wasserman-schultz,mostly-true,0,speaker_disjoint_split,1,0.7145313843001565,1,0.6901010532854335
7683.json,louie-gohmert,false,1,speaker_disjoint_split,1,0.803822020392047,1,0.686141434207331
10602.json,state-democratic-party-wisconsin,false,1,speaker_disjoint_split,1,0.863906719901778,1,0.705535952955523
2146.json,gordon-quan,half-true,0,speaker_disjoint_split,0,0.5171934422553517,1,0.4953591820294363
1560.json,glenn-beck,true,0,speaker_disjoint_split,0,0.5560359693870599,1,0.5438749260724636
9885.json,charlie-crist,mostly-true,0,speaker_disjoint_split,1,0.6670868008842719,1,0.5061202283453969
9619.json,whoopi-goldberg,barely-true,1,speaker_disjoint_split,1,0.6589358422734672,1,0.5254114820509108
8704.json,bill-kristol,mostly-true,0,speaker_disjoint_split,1,0.5681742658216516,0,0.4886738710298173
10840.json,donald-trump,half-true,0,speaker_disjoint_split,0,0.5064592786759936,0,0.45698348137578987
10989.json,ann-coulter,pants-fire,1,speaker_disjoint_split,1,0.6976829041124771,1,0.5973081622484483
9987.json,charlie-crist,false,1,speaker_disjoint_split,1,0.767184173493134,1,0.6390990566206775
8643.json,scott-walker,false,1,speaker_disjoint_split,1,0.5634478381801838,1,0.546422313344719
13234.json,donald-trump,mostly-true,0,speaker_disjoint_split,0,0.4647010655045557,0,0.4006318403766896
10317.json,matthew-cooke,barely-true,1,speaker_disjoint_split,0,0.4103717409719855,0,0.40316287327873074
12839.json,donald-trump,pants-fire,1,speaker_disjoint_split,1,0.6946987292045221,1,0.6397728932285168
6103.json,nathan-deal,false,1,speaker_disjoint_split,1,0.7619901564150318,1,0.6418896214786416
12988.json,donald-trump,mostly-true,0,speaker_disjoint_split,0,0.5497939222971563,0,0.45666370669938766
569.json,john-mccain,half-true,0,speaker_disjoint_split,1,0.6168199228541155,1,0.5505381757873676
6137.json,michael-chippendale,true,0,speaker_disjoint_split,0,0.2544452871880217,0,0.17124532779163765
13300.json,donald-trump,half-true,0,speaker_disjoint_split,1,0.7897107064667248,1,0.7096091507143486
13431.json,tim-kaine,true,0,speaker_disjoint_split,1,0.7320916380351475,1,0.5962416406925347
1587.json,citizens-lower-taxes-and-stronger-economy,half-true,0,speaker_disjoint_split,1,0.5604462044081738,0,0.3792141132033793
9297.json,madison-action-fund,pants-fire,1,speaker_disjoint_split,1,0.627737147540577,1,0.517322871502963
12955.json,club-growth,half-true,0,speaker_disjoint_split,0,0.43966439757636694,0,0.44161829962881105
8943.json,brad-avakian,mostly-true,0,speaker_disjoint_split,0,0.5006966608038337,1,0.5041463756313882
10204.json,breitbart,pants-fire,1,speaker_disjoint_split,1,0.6973354204983465,1,0.5936267917181411
12256.json,bernie-s,barely-true,1,speaker_disjoint_split,0,0.3740118548836611,0,0.28421216637633234
12428.json,donald-trump,pants-fire,1,speaker_disjoint_split,0,0.49550038096278237,0,0.4529584214250198
1491.json,joe-biden,mostly-true,0,speaker_disjoint_split,0,0.4077027425249623,0,0.3417937993689951
11578.json,bernie-s,barely-true,1,speaker_disjoint_split,0,0.3750070884443111,0,0.2760153465493183
6806.json,our-portland-our-schools,half-true,0,speaker_disjoint_split,1,0.7390937928616272,1,0.6911004100980427
3689.json,dick-armey,false,1,speaker_disjoint_split,0,0.40975583884694716,0,0.39572450981910307
8874.json,bill-oreilly,barely-true,1,speaker_disjoint_split,1,0.6491504139582199,1,0.6794816626619253
10082.json,charlie-crist,half-true,0,speaker_disjoint_split,0,0.4674189451517467,0,0.3611271019705615
6288.json,jeff-fitzgerald,pants-fire,1,speaker_disjoint_split,1,0.7383583655271673,1,0.6758327739559264
2807.json,state-democratic-party-wisconsin,barely-true,1,speaker_disjoint_split,1,0.8024338698800215,1,0.6817510713242425
11377.json,ora-houston,false,1,speaker_disjoint_split,1,0.6957585810013001,0,0.47192659859759867
3892.json,janice-hahn,true,0,speaker_disjoint_split,1,0.8659267105995535,1,0.9002562472957336
7657.json,lenny-curry,half-true,0,speaker_disjoint_split,0,0.3322362257395425,0,0.2831517854450329
11349.json,scott-walker,false,1,speaker_disjoint_split,1,0.7297830530925111,1,0.6767006224330622
11292.json,david-cicilline,half-true,0,speaker_disjoint_split,0,0.5579648053915368,0,0.46110950018241254
13319.json,donald-trump,half-true,0,speaker_disjoint_split,1,0.6252665692941278,1,0.5751658301585802
6124.json,democratic-congressional-campaign-committee,false,1,speaker_disjoint_split,1,0.9051268310711617,1,0.8308344205291269
8970.json,blog-posting,pants-fire,1,speaker_disjoint_split,1,0.6019040181777414,1,0.7233862333706257
12353.json,donald-trump,false,1,speaker_disjoint_split,0,0.3417952708946881,0,0.2845645862929746
4144.json,club-growth,true,0,speaker_disjoint_split,1,0.6132092248683053,1,0.5263568764394371
8085.json,don-lemon,true,0,speaker_disjoint_split,0,0.30647565191300563,0,0.2579844174821669
2325.json,nathan-deal,half-true,0,speaker_disjoint_split,0,0.5424035981642376,0,0.4614081173212097
12850.json,donald-trump,mostly-true,0,speaker_disjoint_split,0,0.5095425392575192,0,0.48742981110278266
5781.json,ron-oakley,barely-true,1,speaker_disjoint_split,0,0.5464403614303466,1,0.6513632926590631
7443.json,ohio-republican-party,mostly-true,0,speaker_disjoint_split,1,0.5992465602620448,1,0.6027178416803255
11522.json,donald-trump,false,1,speaker_disjoint_split,1,0.6348710325935225,1,0.5633708138723091
10182.json,david-cicilline,true,0,speaker_disjoint_split,0,0.26496034475131885,0,0.18178360631747784
12378.json,solar-energy-fairness,half-true,0,speaker_disjoint_split,1,0.8040987129179684,1,0.5787901144782107
2361.json,democratic-congressional-campaign-committee,pants-fire,1,speaker_disjoint_split,1,0.7150440031542248,1,0.6447400080258101
13097.json,john-mccain,half-true,0,speaker_disjoint_split,1,0.7125055641373736,1,0.6669507732728565
6446.json,multnomah-county-library-foundation,false,1,speaker_disjoint_split,1,0.6690503722912423,1,0.5265070837461054
12880.json,donald-trump,false,1,speaker_disjoint_split,0,0.4087400697871374,0,0.3941578775102189
5427.json,scott-walker,true,0,speaker_disjoint_split,1,0.7263924711067667,1,0.6597053760418446
12804.json,tim-kaine,half-true,0,speaker_disjoint_split,0,0.4131599041758758,0,0.2652217734945657
8415.json,bill-foster,mostly-true,0,speaker_disjoint_split,0,0.5178892613455027,0,0.4314832563861616
7397.json,brian-patrick-kennedy,barely-true,1,speaker_disjoint_split,1,0.6934170296301745,1,0.5740570727148546
6248.json,democratic-congressional-campaign-committee,pants-fire,1,speaker_disjoint_split,1,0.7317113588305447,1,0.7003853000756913
11950.json,bill-clinton,pants-fire,1,speaker_disjoint_split,1,0.7091184728714899,1,0.5962625440992771
5939.json,jeff-fitzgerald,mostly-true,0,speaker_disjoint_split,1,0.600887947727379,1,0.5292463400316835
10455.json,scott-walker,half-true,0,speaker_disjoint_split,0,0.5129927123147002,0,0.4103388126284117
12422.json,george-holding,half-true,0,speaker_disjoint_split,1,0.6503497076782438,1,0.5000140640055515
2943.json,bernie-s,true,0,speaker_disjoint_split,0,0.14751298555347786,0,0.1052877177531034
2696.json,scott-walker,barely-true,1,speaker_disjoint_split,1,0.6503267003753455,1,0.5328481239195864
8906.json,sly-james,false,1,speaker_disjoint_split,0,0.5447949611828765,0,0.3879217623109613
13032.json,donald-trump,barely-true,1,speaker_disjoint_split,1,0.6419157150269293,1,0.527907672084389
12114.json,gina-hinojosa,mostly-true,0,speaker_disjoint_split,0,0.34125685974483644,0,0.23220662103127618
4021.json,stephen-sweeney,true,0,speaker_disjoint_split,0,0.5473241266524841,1,0.5181283377702023
2558.json,hank-gilbert,true,0,speaker_disjoint_split,0,0.5081440956578037,0,0.37113795710221426
1045.json,bill-oreilly,false,1,speaker_disjoint_split,1,0.7353439411363689,1,0.7463293386194053
1885.json,glenn-beck,half-true,0,speaker_disjoint_split,1,0.6513219785099753,1,0.5757592647843088
9866.json,bob-beckel,false,1,speaker_disjoint_split,0,0.23834420589119637,0,0.2577783038209044
2240.json,john-kasich,false,1,speaker_disjoint_split,0,0.5578907683843954,1,0.5297532322757992
11350.json,ben-carson,barely-true,1,speaker_disjoint_split,1,0.5844426557857925,1,0.49383192887127497
8947.json,republican-party-florida,barely-true,1,speaker_disjoint_split,1,0.727866258171616,1,0.5903687791267496
22.json,joe-biden,mostly-true,0,speaker_disjoint_split,0,0.31995840584612906,0,0.2633129095983236
13327.json,gary-johnson,half-true,0,speaker_disjoint_split,0,0.5424314313300678,0,0.45816913544203963
9909.json,dan-patrick,pants-fire,1,speaker_disjoint_split,1,0.7061677943346774,1,0.577184212285031
11164.json,donald-trump,pants-fire,1,speaker_disjoint_split,1,0.6757359864648131,1,0.6001511311413883
7873.json,bob-gibbs,mostly-true,0,speaker_disjoint_split,1,0.7134407076835164,1,0.6212091731742097
11144.json,donald-trump,false,1,speaker_disjoint_split,0,0.5094869888558718,0,0.48015240676850945
2110.json,yvette-mcgee-brown,true,0,speaker_disjoint_split,0,0.2946319204759855,0,0.29040907214204914
8965.json,richard-durbin,pants-fire,1,speaker_disjoint_split,0,0.4449727657853078,0,0.36887972635920996
2985.json,john-mccain,true,0,speaker_disjoint_split,1,0.6837820520795597,1,0.6006302007517604
4286.json,democratic-congressional-campaign-committee,false,1,speaker_disjoint_split,1,0.6979563286834651,1,0.680339306439859
4447.json,hetty-rosenstein,half-true,0,speaker_disjoint_split,0,0.5013466816193068,1,0.6545291532812573
11566.json,carly-fiorina,half-true,0,speaker_disjoint_split,1,0.6380379263006076,1,0.5121274979533395
8824.json,ann-coulter,half-true,0,speaker_disjoint_split,1,0.6870949630447664,1,0.6448923200612044
453.json,john-mccain,half-true,0,speaker_disjoint_split,0,0.5470503283045518,0,0.49033195564074855
9748.json,blog-posting,pants-fire,1,speaker_disjoint_split,1,0.7955008815243119,1,0.8518488477563718
8703.json,glenn-beck,mostly-true,0,speaker_disjoint_split,1,0.6795731041695751,1,0.5821506668340067
13378.json,chris-malone,pants-fire,1,speaker_disjoint_split,1,0.5644546794562797,1,0.5123805092635297
920.json,national-republican-congressional-committee,mostly-true,0,speaker_disjoint_split,1,0.6769232833449758,1,0.6263117341512592
8615.json,charlie-crist,mostly-true,0,speaker_disjoint_split,1,0.7242553842700675,1,0.5967909480715887
1820.json,michael-steele,true,0,speaker_disjoint_split,0,0.4836423137489815,0,0.36006255095265294
8204.json,kathleen-vinehout,half-true,0,speaker_disjoint_split,1,0.5825451725103227,1,0.5433489141848572
7332.json,keith-faber,half-true,0,speaker_disjoint_split,0,0.29044294504702134,0,0.24696037069369112
2672.json,scott-walker,barely-true,1,speaker_disjoint_split,1,0.5813690244509839,1,0.5083461321311256
4402.json,democratic-congressional-campaign-committee,barely-true,1,speaker_disjoint_split,1,0.7101367839080907,1,0.6537774437112387
10513.json,lori-haas,half-true,0,speaker_disjoint_split,0,0.35947242809645,0,0.25126395762795484
11399.json,club-growth,true,0,speaker_disjoint_split,1,0.6721059956261577,1,0.5701976323421973
8903.json,charlie-crist,false,1,speaker_disjoint_split,1,0.6667072997959339,1,0.514947823723089
3599.json,joaquin-castro,barely-true,1,speaker_disjoint_split,1,0.7163907137764144,1,0.6086272902424968
1895.json,florida-first-initiative,barely-true,1,speaker_disjoint_split,1,0.691983265533271,1,0.5936981591669634
10353.json,naha-daily,pants-fire,1,speaker_disjoint_split,1,0.6786222140193192,0,0.4739540764158982
8765.json,carly-fiorina,false,1,speaker_disjoint_split,0,0.38282815256519936,0,0.3177443033009956
7422.json,wayne-lapierre,barely-true,1,speaker_disjoint_split,1,0.6506360647148678,1,0.5756683368422829
12022.json,bernie-s,false,1,speaker_disjoint_split,1,0.6230969882999203,1,0.5423101117025487
613.json,john-mccain,mostly-true,0,speaker_disjoint_split,0,0.49891075735726326,0,0.4884197555227829
6481.json,national-republican-congressional-committee,pants-fire,1,speaker_disjoint_split,1,0.7374713812525325,1,0.6677582289962926
573.json,john-mccain,false,1,speaker_disjoint_split,0,0.4928407754276097,0,0.44892482695405783
822.json,republican-party-florida,false,1,speaker_disjoint_split,1,0.583975412408912,0,0.4220043300045379
12560.json,donald-trump,pants-fire,1,speaker_disjoint_split,1,0.5790630083284838,0,0.45251295733316027
12743.json,donald-trump,barely-true,1,speaker_disjoint_split,0,0.5344329107136271,0,0.43830008031536655
1377.json,hank-gilbert,half-true,0,speaker_disjoint_split,1,0.7116894665472321,0,0.48840594083628813
9605.json,angel-taveras,mostly-true,0,speaker_disjoint_split,1,0.6384766338284682,1,0.5547255226710144
13149.json,donald-trump,barely-true,1,speaker_disjoint_split,1,0.6832627321592161,1,0.5522748516116568
10233.json,enough-already-wisconsin-inc,false,1,speaker_disjoint_split,1,0.7160380945611252,1,0.5833779149557498
164.json,bill-richardson,half-true,0,speaker_disjoint_split,1,0.6252994216850423,0,0.48886850237792046
551.json,ralph-nader,true,0,speaker_disjoint_split,1,0.6203223111155127,1,0.5118150015046886
10566.json,texas-democratic-party,mostly-true,0,speaker_disjoint_split,0,0.5554677834851948,1,0.6262844264027141
11315.json,donald-trump,mostly-true,0,speaker_disjoint_split,0,0.5292584056685307,0,0.4281790656799865
4551.json,john-fleming,false,1,speaker_disjoint_split,1,0.6902502884096248,1,0.5244004531845023
6394.json,steve-doell,mostly-true,0,speaker_disjoint_split,0,0.47858020983570654,0,0.4062699092562652
4449.json,valerie-vainieri-huttle,barely-true,1,speaker_disjoint_split,0,0.5393722297785358,0,0.41384395782538724
7500.json,national-republican-congressional-committee,pants-fire,1,speaker_disjoint_split,1,0.6746260145736553,1,0.6158203489535781
10044.json,scott-walker,false,1,speaker_disjoint_split,0,0.43644763740666187,0,0.3990578798520429
10161.json,dan-patrick,barely-true,1,speaker_disjoint_split,1,0.7325784840146032,1,0.5546781922406461
9926.json,lois-frankel,pants-fire,1,speaker_disjoint_split,1,0.6849037649471273,1,0.6262077085422235
7489.json,debbie-wasserman-schultz,true,0,speaker_disjoint_split,1,0.6157067509055065,1,0.5303900728180697
13389.json,michelle-mosby,half-true,0,speaker_disjoint_split,1,0.6332976760145415,1,0.5195558564408451
1159.json,rush-limbaugh,pants-fire,1,speaker_disjoint_split,1,0.72439038813698,1,0.6817858702002665
4464.json,ted-piccolo,false,1,speaker_disjoint_split,1,0.6938013069882789,1,0.6725314966899568
719.json,john-mccain,false,1,speaker_disjoint_split,1,0.5952092349379697,1,0.5502805336084751
11460.json,dan-patrick,pants-fire,1,speaker_disjoint_split,1,0.6627237643484958,1,0.5298535554260392
5889.json,scott-walker,barely-true,1,speaker_disjoint_split,1,0.6595154803942932,1,0.591174479346879
798.json,john-mccain,half-true,0,speaker_disjoint_split,1,0.7511484726713276,1,0.650258560022902
1366.json,karl-rove,mostly-true,0,speaker_disjoint_split,0,0.5538325301311026,1,0.4965164832828639
2397.json,national-republican-congressional-committee,barely-true,1,speaker_disjoint_split,1,0.6733883384001939,1,0.5600491366544545
12206.json,bill-clinton,barely-true,1,speaker_disjoint_split,0,0.4793389777317274,0,0.3713250106809671
13404.json,donald-trump,false,1,speaker_disjoint_split,1,0.8059961556275798,1,0.703163539604961
710.json,john-mccain,barely-true,1,speaker_disjoint_split,0,0.4967274962723426,0,0.47737847704136777
1882.json,nathan-deal,mostly-true,0,speaker_disjoint_split,1,0.6697896017684016,1,0.6007330534683095
1548.json,charlie-crist,barely-true,1,speaker_disjoint_split,0,0.49231059902617164,0,0.34463419906128295
1643.json,charlie-crist,true,0,speaker_disjoint_split,1,0.6232183003547169,0,0.4523130203964697
10590.json,scott-walker,false,1,speaker_disjoint_split,1,0.5598096477083638,1,0.5067167157550944
6048.json,bill-clinton,mostly-true,0,speaker_disjoint_split,0,0.32909521086382937,0,0.2814074527407362
8380.json,chris-latvala,true,0,speaker_disjoint_split,0,0.5238383675731123,0,0.4069950789987399
3392.json,john-mccain,false,1,speaker_disjoint_split,1,0.7579702581947314,1,0.6455273453279174
12915.json,gary-johnson,barely-true,1,speaker_disjoint_split,0,0.31492500130340445,0,0.2375125811851939
2093.json,joe-biden,true,0,speaker_disjoint_split,1,0.6839881256718093,1,0.5386109661916627
12658.json,donald-trump,mostly-true,0,speaker_disjoint_split,0,0.3677642920781429,0,0.3615951355169817
1625.json,charlie-crist,half-true,0,speaker_disjoint_split,0,0.5132041571650685,0,0.45553005459794366
9275.json,wilton-gregory,mostly-true,0,speaker_disjoint_split,0,0.45514992048428243,1,0.6542603844451009
1459.json,ron-paul,barely-true,1,speaker_disjoint_split,0,0.5334677828292022,0,0.47181800884468567
10267.json,tim-kaine,mostly-true,0,speaker_disjoint_split,0,0.5180104365879614,0,0.41776517627359033
9496.json,joe-biden,half-true,0,speaker_disjoint_split,1,0.5612485845226101,0,0.47440486272096055
5943.json,beth-harwell,half-true,0,speaker_disjoint_split,0,0.502964169651989,1,0.5334924518913832
10850.json,megyn-kelly,half-true,0,speaker_disjoint_split,1,0.6550097930360406,0,0.388517278016069
11390.json,ben-carson,false,1,speaker_disjoint_split,1,0.9167005235637551,1,0.8134099072613049
6819.json,ann-coulter,false,1,speaker_disjoint_split,1,0.5927033539356681,1,0.4960463386319998
4290.json,sam-olens,true,0,speaker_disjoint_split,1,0.6093446086709357,1,0.5350605489167215
13492.json,donald-trump,pants-fire,1,speaker_disjoint_split,0,0.4570908187807062,0,0.42094359054101266
7595.json,mark-kelly,true,0,speaker_disjoint_split,0,0.4713931939439229,0,0.38502203046100514
9563.json,scott-walker,mostly-true,0,speaker_disjoint_split,0,0.42523213061079296,0,0.42893178693102774
8641.json,james-carville,mostly-true,0,speaker_disjoint_split,0,0.47388390681774484,0,0.29994150773758177
5261.json,scott-walker,half-true,0,speaker_disjoint_split,0,0.40248005739293385,0,0.34662165948069296
2780.json,robert-brown,true,0,speaker_disjoint_split,1,0.6098181049192323,1,0.4931687322360997
2996.json,louie-gohmert,false,1,speaker_disjoint_split,1,0.7257461024658005,1,0.538863633972139
13394.json,donald-trump,half-true,0,speaker_disjoint_split,0,0.43538921497157607,0,0.4147357377288529
3335.json,scott-walker,true,0,speaker_disjoint_split,0,0.5522240651650767,0,0.47530692841293076
8940.json,lauren-kane,half-true,0,speaker_disjoint_split,1,0.6668865656995813,1,0.6510316364164829
12352.json,donald-trump,false,1,speaker_disjoint_split,1,0.5655093353844051,0,0.47823210588059284
13263.json,bernie-s,half-true,0,speaker_disjoint_split,1,0.6922106973884288,1,0.5686968173434043
12622.json,michael-cohen,pants-fire,1,speaker_disjoint_split,1,0.6324447660758463,1,0.6368532821834854
3675.json,jon-husted,pants-fire,1,speaker_disjoint_split,0,0.4267458422300865,0,0.360620427144747
12907.json,tim-kaine,half-true,0,speaker_disjoint_split,1,0.7427122734746598,1,0.5939283976453752
11627.json,bernie-s,true,0,speaker_disjoint_split,1,0.7432058535653756,1,0.6257002245061671
10960.json,breitbart,pants-fire,1,speaker_disjoint_split,1,0.7947263921246996,1,0.7378418143500196
3965.json,chris-widener,barely-true,1,speaker_disjoint_split,1,0.59315705154421,1,0.5787381721257883
12905.json,donald-trump,half-true,0,speaker_disjoint_split,1,0.6575300827165218,1,0.5719322665700352
1221.json,patients-first,barely-true,1,speaker_disjoint_split,1,0.6376035380612025,1,0.554303172684462
11520.json,ben-carson,false,1,speaker_disjoint_split,1,0.5799996084198037,1,0.5094479531507775
8048.json,bill-foster,mostly-true,0,speaker_disjoint_split,0,0.45168862685795935,0,0.29801906488410496
7854.json,national-republican-congressional-committee,barely-true,1,speaker_disjoint_split,1,0.9263277787265585,1,0.8265028575089828
3592.json,online-petition,mostly-true,0,speaker_disjoint_split,0,0.5491441250129687,1,0.5102199566569167
13259.json,national-republican-congressional-committee,mostly-true,0,speaker_disjoint_split,1,0.6503654391243179,0,0.48048693112676993
5232.json,ohio-republican-party,true,0,speaker_disjoint_split,1,0.5654227992324204,1,0.6526715997769219
13240.json,donald-trump,false,1,speaker_disjoint_split,1,0.644320330931125,1,0.5747809574229814
4334.json,donna-brazile,mostly-true,0,speaker_disjoint_split,0,0.3946302707365889,0,0.33382381222238106
4493.json,gary-johnson,false,1,speaker_disjoint_split,1,0.6009884170102264,1,0.5441264068871026
4906.json,scott-walker,false,1,speaker_disjoint_split,0,0.5155247126932911,0,0.4369936619976591
13261.json,donald-trump,pants-fire,1,speaker_disjoint_split,0,0.5463618901140382,1,0.5220466678509839
1137.json,david-axelrod,mostly-true,0,speaker_disjoint_split,1,0.7303333598535142,1,0.5799652133573462
1413.json,joe-biden,false,1,speaker_disjoint_split,0,0.4346908394166416,0,0.25612478840703856
838.json,john-mccain,half-true,0,speaker_disjoint_split,1,0.6371207237486459,1,0.5771969929224537
12674.json,mike-turzai,half-true,0,speaker_disjoint_split,0,0.5029156274150184,0,0.4750919314185178
13212.json,donald-trump,mostly-true,0,speaker_disjoint_split,0,0.4915962069930172,0,0.43773597976396766
3964.json,michael-cutler,true,0,speaker_disjoint_split,1,0.6942188595880209,1,0.5882938659360715
6920.json,joe-biden,half-true,0,speaker_disjoint_split,0,0.4275507944277554,0,0.3587107421345518
11756.json,donald-trump,false,1,speaker_disjoint_split,0,0.4530800542834988,0,0.43672717625834095
9817.json,republican-party-florida,half-true,0,speaker_disjoint_split,1,0.676868105227975,1,0.5481082453564927
11039.json,bernie-s,barely-true,1,speaker_disjoint_split,0,0.32536138104077744,0,0.24562680142824103
2007.json,john-mccain,barely-true,1,speaker_disjoint_split,1,0.5936135965753304,1,0.5730033149222261
12513.json,donald-trump,mostly-true,0,speaker_disjoint_split,0,0.5184575116643131,0,0.4314819316744738
3294.json,scott-walker,false,1,speaker_disjoint_split,0,0.5445076480200282,0,0.4808758708075242
13111.json,donald-trump,half-true,0,speaker_disjoint_split,0,0.39941895074333933,0,0.34627802921172496
3729.json,nina-turner,true,0,speaker_disjoint_split,1,0.6389551248306434,0,0.481827775660591
1249.json,jay-rockefeller,half-true,0,speaker_disjoint_split,0,0.23040159471713123,0,0.15290263352973688
9505.json,scott-walker,false,1,speaker_disjoint_split,1,0.6622996162663006,1,0.5763137139688013
13257.json,katherine-cloonen,pants-fire,1,speaker_disjoint_split,1,0.6875130996323892,1,0.7736880580229052
5154.json,restore-our-future,half-true,0,speaker_disjoint_split,0,0.5283983338412861,0,0.4556153871611037
4620.json,david-axelrod,mostly-true,0,speaker_disjoint_split,1,0.5621602094560385,0,0.4679963719350463
12124.json,bill-clinton,mostly-true,0,speaker_disjoint_split,0,0.48498950988379924,0,0.4267642889456597
12053.json,donald-trump,false,1,speaker_disjoint_split,0,0.4430329651224321,0,0.3966059318848482
11378.json,carly-fiorina,mostly-true,0,speaker_disjoint_split,0,0.5302729249919916,0,0.43041595462398846
3630.json,state-democratic-party-wisconsin,false,1,speaker_disjoint_split,1,0.8694127898727488,1,0.7332143189783571
12944.json,tim-kaine,true,0,speaker_disjoint_split,0,0.37830196168157576,0,0.33652252201999916
7682.json,texas-state-employees-union,true,0,speaker_disjoint_split,0,0.4582972878588111,0,0.398724948942274
12302.json,shawn-oconnor,pants-fire,1,speaker_disjoint_split,1,0.6686857866021261,1,0.7705376420870879
4154.json,victoria-jackson,pants-fire,1,speaker_disjoint_split,1,0.6205286886028302,1,0.5402415558710705
11204.json,ben-carson,half-true,0,speaker_disjoint_split,1,0.5714491865104593,1,0.5578607213844022
8802.json,scott-walker,mostly-true,0,speaker_disjoint_split,0,0.3095892787784695,0,0.3048087402005773
557.json,john-mccain,false,1,speaker_disjoint_split,1,0.7019766154906226,1,0.6692389879179788
7513.json,bob-bennett,mostly-true,0,speaker_disjoint_split,0,0.43708138812907715,0,0.3984817113620517
5366.json,stephen-sweeney,false,1,speaker_disjoint_split,0,0.5310887309357344,0,0.42470338251903467
12782.json,bill-clinton,mostly-true,0,speaker_disjoint_split,1,0.7311904331746514,1,0.6341816205968279
12491.json,donald-trump,barely-true,1,speaker_disjoint_split,1,0.8111791560214104,1,0.6065815587194906
7576.json,charles-cooper,half-true,0,speaker_disjoint_split,0,0.5259761446221383,0,0.3952191455424042
134.json,john-mccain,true,0,speaker_disjoint_split,1,0.6449336537395642,1,0.6018782795603136
9173.json,nathan-deal,half-true,0,speaker_disjoint_split,1,0.5935046294256862,1,0.5294054917208538
988.json,keith-olbermann,mostly-true,0,speaker_disjoint_split,1,0.674130745636681,1,0.6345200454331478
11225.json,ben-carson,half-true,0,speaker_disjoint_split,1,0.6219983289377673,1,0.5269488233574509
619.json,john-mccain,false,1,speaker_disjoint_split,1,0.7120957214453942,1,0.6094327167588949
9159.json,republican-party-florida,mostly-true,0,speaker_disjoint_split,1,0.5737471482680299,0,0.4428153331771503
12339.json,pat-mccrory,pants-fire,1,speaker_disjoint_split,1,0.62064350070962,1,0.4984743996281006
11800.json,glenn-beck,true,0,speaker_disjoint_split,0,0.4781627657019735,1,0.5221242765957661
13497.json,donald-trump,pants-fire,1,speaker_disjoint_split,1,0.7875365124593207,1,0.6787518465572986
7265.json,scott-walker,half-true,0,speaker_disjoint_split,1,0.6191871300096893,1,0.5503106523345126
11700.json,donald-trump,false,1,speaker_disjoint_split,0,0.5001048755654159,0,0.4601470143285054
6111.json,debbie-wasserman-schultz,false,1,speaker_disjoint_split,1,0.5993266242490616,1,0.5793035576990188
5133.json,marsha-blackburn,barely-true,1,speaker_disjoint_split,1,0.8165926848864752,1,0.6586016394109444
334.json,john-mccain,mostly-true,0,speaker_disjoint_split,1,0.5771162343811702,1,0.5299583697704684
7365.json,david-cicilline,half-true,0,speaker_disjoint_split,0,0.288039021607272,0,0.15595831601356805
943.json,john-mccain,true,0,speaker_disjoint_split,0,0.5173956508145586,0,0.4599807262176818
5675.json,republican-governors-association,barely-true,1,speaker_disjoint_split,0,0.5135742577849783,0,0.42198883466182324
12566.json,donald-trump,false,1,speaker_disjoint_split,1,0.7870433702139134,1,0.735419503709461
12308.json,donald-trump,half-true,0,speaker_disjoint_split,1,0.5949584982146044,1,0.5340809229946524
2239.json,john-stemberger,false,1,speaker_disjoint_split,1,0.7275117311281337,1,0.5416948087142321
11451.json,elton-john,mostly-true,0,speaker_disjoint_split,1,0.6489718403421371,1,0.584432568615018
1401.json,debra-medina,half-true,0,speaker_disjoint_split,1,0.5687066819574048,1,0.5911785491510153
1611.json,bob-schieffer,false,1,speaker_disjoint_split,1,0.5796676999922689,0,0.44594975065771564
5157.json,judy-manning,pants-fire,1,speaker_disjoint_split,0,0.3748874106388473,0,0.25622536038006216
2408.json,republican-governors-association,barely-true,1,speaker_disjoint_split,0,0.47743199685280485,0,0.37799966651313605
671.json,joe-biden,true,0,speaker_disjoint_split,0,0.5134636636062152,0,0.40326973542571254
7277.json,bernie-s,barely-true,1,speaker_disjoint_split,0,0.42571901505635196,0,0.3241722724346631
10118.json,charlie-crist,false,1,speaker_disjoint_split,1,0.7287757226068825,1,0.647231493933417
12228.json,jan-brewer,barely-true,1,speaker_disjoint_split,1,0.7560240859647195,1,0.7465185751229267
11771.json,bernie-s,barely-true,1,speaker_disjoint_split,1,0.6971577875954783,1,0.649818087086533
12281.json,unbreakable-kimmy-schmidt,false,1,speaker_disjoint_split,1,0.7177856117975386,1,0.8125921834568122
10169.json,color-change,barely-true,1,speaker_disjoint_split,1,0.7429911941234596,1,0.6641728748034118
914.json,joe-barton,true,0,speaker_disjoint_split,1,0.6035009779480496,0,0.4791010180749837
286.json,john-mccain,half-true,0,speaker_disjoint_split,0,0.45172909068943345,0,0.4224864418777623
780.json,john-mccain,true,0,speaker_disjoint_split,1,0.68861775714211,1,0.6401519211251954
4637.json,stephen-sweeney,half-true,0,speaker_disjoint_split,1,0.5875910384231359,1,0.5294159631669695
9340.json,campaign-liberty,barely-true,1,speaker_disjoint_split,1,0.8148118873752681,1,0.7929995940003145
7102.json,lamar-alexander,false,1,speaker_disjoint_split,0,0.2971698634725411,0,0.21272880860556423
3269.json,lynn-westmoreland,half-true,0,speaker_disjoint_split,1,0.7550144056753035,1,0.602796686925749
3487.json,karl-rove,false,1,speaker_disjoint_split,0,0.5317575609909249,1,0.4988025025147189
7460.json,nancy-devaney,mostly-true,0,speaker_disjoint_split,0,0.40535598752263874,0,0.29782065473704156
6050.json,nathan-deal,false,1,speaker_disjoint_split,1,0.6909492622469834,1,0.5855842318292755
11319.json,ben-carson,pants-fire,1,speaker_disjoint_split,1,0.5880350299260824,1,0.546626236091358
11085.json,donald-trump,false,1,speaker_disjoint_split,1,0.6216128724146124,1,0.5273400464054171
2213.json,kevin-boyce,true,0,speaker_disjoint_split,1,0.6192545372628253,1,0.519066567158706
5722.json,susan-combs,pants-fire,1,speaker_disjoint_split,1,0.5944740033152004,1,0.614819886884316
12242.json,bernie-s,mostly-true,0,speaker_disjoint_split,1,0.5793727112672724,1,0.49139413908470114
7766.json,gilberto-hinojosa,mostly-true,0,speaker_disjoint_split,0,0.29684966255691275,0,0.23570152727003768
12825.json,tim-kaine,true,0,speaker_disjoint_split,0,0.5164976955596493,0,0.3846730607051537
8034.json,scott-walker,mostly-true,0,speaker_disjoint_split,0,0.40651041324232834,0,0.3483367848151909
1306.json,glenn-beck,false,1,speaker_disjoint_split,1,0.569071454189802,1,0.5374960939619084
2320.json,debbie-wasserman-schultz,barely-true,1,speaker_disjoint_split,1,0.681413873453254,1,0.6168920446987044
7253.json,club-growth,false,1,speaker_disjoint_split,0,0.5345000950372742,0,0.41763794331590026
2670.json,david-cicilline,mostly-true,0,speaker_disjoint_split,1,0.675958495900072,1,0.568333638536438
8430.json,florida-stop-common-core-coalition,pants-fire,1,speaker_disjoint_split,0,0.5400376203060908,1,0.5072601151513249
6025.json,scott-walker,half-true,0,speaker_disjoint_split,1,0.6522134252366982,1,0.598750958156737
5706.json,john-kasich,true,0,speaker_disjoint_split,1,0.5756369121296506,1,0.5753468778290826
4335.json,jonathan-steitz,false,1,speaker_disjoint_split,1,0.577100035069279,1,0.5355655926941889
7861.json,derek-ryan,true,0,speaker_disjoint_split,0,0.5016028389284565,0,0.4011607296335686
5747.json,peter-defazio,true,0,speaker_disjoint_split,0,0.5002537589835746,1,0.5735564677687126
12514.json,nevada-assembly-republican-candidates,false,1,speaker_disjoint_split,1,0.6821054379096324,1,0.5591871824086567
4297.json,susan-combs,false,1,speaker_disjoint_split,1,0.8403830160825133,1,0.8711108065977566
10526.json,joe-biden,pants-fire,1,speaker_disjoint_split,0,0.5433376581983083,0,0.435589957333697
13071.json,donald-trump,pants-fire,1,speaker_disjoint_split,1,0.7261431036177779,1,0.7070146783985225
5391.json,texas-democratic-party,true,0,speaker_disjoint_split,1,0.6322709260280223,1,0.6062931337347609
10357.json,louie-gohmert,false,1,speaker_disjoint_split,1,0.6873886274635611,1,0.5620039611138166
11709.json,bernie-s,true,0,speaker_disjoint_split,0,0.23535712649761587,0,0.2004272296549292
6915.json,ohio-republican-party,barely-true,1,speaker_disjoint_split,1,0.7282724255352718,1,0.8076252186619468
8952.json,david-cicilline,mostly-true,0,speaker_disjoint_split,0,0.40597475555697293,0,0.28849611339812775
10475.json,megyn-kelly,true,0,speaker_disjoint_split,1,0.8781740373225946,1,0.650163824932659
12289.json,bernie-s,true,0,speaker_disjoint_split,1,0.6839133988369368,1,0.5607369861543436
8911.json,oregon-citizens-lobby,false,1,speaker_disjoint_split,1,0.7073428302974644,1,0.6640790185297851
589.json,john-mccain,half-true,0,speaker_disjoint_split,0,0.4888624521201215,1,0.5209764901544909
12664.json,firearms-policy-coalition,barely-true,1,speaker_disjoint_split,1,0.6508027113938137,1,0.5819989697368583
1896.json,donna-brazile,false,1,speaker_disjoint_split,0,0.5461367166043392,0,0.4476269959561304
7553.json,scott-walker,half-true,0,speaker_disjoint_split,0,0.5037280631744009,1,0.4964391194196632
8222.json,libertarian-party-broward-county,false,1,speaker_disjoint_split,0,0.2939394734601007,0,0.2111796901644341
12544.json,donald-trump,barely-true,1,speaker_disjoint_split,0,0.4493999563965001,0,0.44681223698812084
5464.json,ron-paul,mostly-true,0,speaker_disjoint_split,1,0.5878271098855213,1,0.5784258327881248
6864.json,jim-kyle,false,1,speaker_disjoint_split,1,0.6129523417857116,1,0.6285384197177646
11642.json,donald-trump,pants-fire,1,speaker_disjoint_split,1,0.6064833588917657,1,0.529888196110562
9352.json,major-garrett,true,0,speaker_disjoint_split,0,0.46826517555157765,0,0.33181296963687723
9371.json,charlie-crist,half-true,0,speaker_disjoint_split,1,0.5684133435616058,0,0.4841799247948883
5804.json,tom-rooney,barely-true,1,speaker_disjoint_split,1,0.8146928818408254,1,0.7981472053189941
6636.json,debbie-wasserman-schultz,pants-fire,1,speaker_disjoint_split,1,0.6857412421061608,1,0.6426659735244462
10154.json,scott-walker,mostly-true,0,speaker_disjoint_split,1,0.5633632275715209,1,0.5439079155202488
13201.json,tim-kaine,half-true,0,speaker_disjoint_split,1,0.6282373418213639,1,0.5115874610504922
12746.json,donald-trump,half-true,0,speaker_disjoint_split,0,0.3956919525840908,0,0.3630301791314304
4914.json,club-growth,half-true,0,speaker_disjoint_split,0,0.47474164451358597,0,0.4364753989606319
3822.json,anti-defamation-league,half-true,0,speaker_disjoint_split,0,0.42475906177007255,0,0.4749800706255823
8009.json,larry-elder,false,1,speaker_disjoint_split,1,0.663697871525965,1,0.5719034320998675
11136.json,bill-oreilly,mostly-true,0,speaker_disjoint_split,1,0.5784132004233544,1,0.6401871255432864
13050.json,william-weld,half-true,0,speaker_disjoint_split,0,0.38054324507217346,0,0.4529003266425366
4463.json,new-jersey-sierra-club,half-true,0,speaker_disjoint_split,0,0.46462637100531023,0,0.3843720574878842
13282.json,donald-trump,barely-true,1,speaker_disjoint_split,0,0.28877657949603475,0,0.2483468881605246
6996.json,promote-oregon-leadership-pac-oregon-house-republi,barely-true,1,speaker_disjoint_split,1,0.6422186239282993,1,0.6445996365060677
2697.json,jeff-merkley,half-true,0,speaker_disjoint_split,1,0.6548207557915973,1,0.5119602540223284
12333.json,donald-trump,pants-fire,1,speaker_disjoint_split,1,0.7235888235815772,1,0.6262629819631544
2521.json,bob-gibbs,false,1,speaker_disjoint_split,1,0.5719416212876438,1,0.5193460169596249
1316.json,rush-limbaugh,half-true,0,speaker_disjoint_split,1,0.6080116251685512,1,0.5843143257803574
436.json,john-mccain,barely-true,1,speaker_disjoint_split,0,0.3839452090043004,0,0.36094759398816983
4415.json,bill-pascrell,mostly-true,0,speaker_disjoint_split,0,0.5368556448747145,0,0.47165179885095637
4707.json,robert-menendez,false,1,speaker_disjoint_split,0,0.4138585203000339,0,0.2609320765250258
10826.json,scott-walker,false,1,speaker_disjoint_split,1,0.8034598188300336,1,0.673470587094767
3403.json,john-kasich,true,0,speaker_disjoint_split,1,0.5654176713514825,1,0.520348047693479
6430.json,american-commitment,barely-true,1,speaker_disjoint_split,1,0.7575623965084382,1,0.6616048892667655
13062.json,donald-trump,mostly-true,0,speaker_disjoint_split,0,0.511924252540562,0,0.43324193182431053
12091.json,new-hampshire-republican-party,mostly-true,0,speaker_disjoint_split,0,0.4215478933889992,0,0.3039260471401196
6349.json,lights-liberty,barely-true,1,speaker_disjoint_split,1,0.6667636423834072,1,0.6405494213173876
13248.json,william-ruto,false,1,speaker_disjoint_split,0,0.5525526486276635,0,0.47891743524156727
4652.json,eileen-brady,false,1,speaker_disjoint_split,1,0.7156233488214478,1,0.6567854203658908
5411.json,ron-paul,pants-fire,1,speaker_disjoint_split,0,0.40656794889598996,0,0.40620239832476085
1533.json,lamar-alexander,half-true,0,speaker_disjoint_split,1,0.607001484020991,1,0.5148763279967769
13072.json,tim-kaine,true,0,speaker_disjoint_split,1,0.6678582570593692,1,0.5952558208019453
12941.json,tim-kaine,barely-true,1,speaker_disjoint_split,0,0.5178681797041839,0,0.41146505192281724
9531.json,state-democratic-party-wisconsin,barely-true,1,speaker_disjoint_split,0,0.4236821047879021,0,0.43191123031846657
3872.json,democratic-congressional-campaign-committee,false,1,speaker_disjoint_split,1,0.5870302001889247,1,0.564828875881986
2632.json,john-kasich,false,1,speaker_disjoint_split,1,0.6343346135894042,1,0.5536705991561938
11591.json,donald-trump,pants-fire,1,speaker_disjoint_split,1,0.5863980387229134,1,0.5224275737617264
1050.json,karl-rove,false,1,speaker_disjoint_split,1,0.7028858004664528,1,0.6585601011683178
8513.json,scott-walker,pants-fire,1,speaker_disjoint_split,1,0.5994712336098248,1,0.5207428490386997
634.json,john-mccain,mostly-true,0,speaker_disjoint_split,1,0.7246019000360994,1,0.5259976804795752
12404.json,vote-no-2,half-true,0,speaker_disjoint_split,0,0.4717919703435217,0,0.23216165849785536
13297.json,colorado-citizens-accountable-government,pants-fire,1,speaker_disjoint_split,1,0.7539966885917125,1,0.7067946392595335
5009.json,michael-chippendale,false,1,speaker_disjoint_split,1,0.7359758313025795,1,0.6011946603983025
11213.json,bill-clinton,mostly-true,0,speaker_disjoint_split,1,0.7548361025617144,1,0.6759462853709044
9870.json,jeanne-shaheen,half-true,0,speaker_disjoint_split,0,0.5550470321521982,0,0.4508168216908309
1770.json,michael-bloomberg,true,0,speaker_disjoint_split,1,0.5687648354890501,1,0.5646647075876048
2648.json,maryellen-oshaughnessy,true,0,speaker_disjoint_split,0,0.2736777769220259,0,0.2460292124529003
9439.json,chuck-todd,true,0,speaker_disjoint_split,0,0.347268562272781,0,0.2773392457269601
751.json,john-mccain,true,0,speaker_disjoint_split,0,0.396847499198379,0,0.36249239024800856
4028.json,yard-sign,true,0,speaker_disjoint_split,0,0.4334793554852204,0,0.44839036880309496
1173.json,glenn-beck,barely-true,1,speaker_disjoint_split,1,0.8779200865942965,1,0.8107827671883825
2592.json,chris-coons,true,0,speaker_disjoint_split,0,0.520159222413835,0,0.4282566974236658
4610.json,john-driscoll,barely-true,1,speaker_disjoint_split,1,0.6967742954178643,1,0.6318975623869676
1699.json,charlie-crist,half-true,0,speaker_disjoint_split,1,0.6390656314992552,1,0.5597546807455341
11038.json,chuck-todd,mostly-true,0,speaker_disjoint_split,0,0.3835672888485804,0,0.3481036463026915
11682.json,donald-trump,barely-true,1,speaker_disjoint_split,0,0.5255204384705779,1,0.4923309847205021
2404.json,patrick-lynch,half-true,0,speaker_disjoint_split,0,0.4938707895758934,0,0.265391710834149
3420.json,nathan-deal,true,0,speaker_disjoint_split,0,0.20951064613255474,0,0.24439120640300724
3407.json,patti-doyle,mostly-true,0,speaker_disjoint_split,0,0.3739088070609346,0,0.3101523783919195
5046.json,judy-shiprack-diane-mckeel,half-true,0,speaker_disjoint_split,0,0.5393474145699879,1,0.5650036640100209
1170.json,arne-duncan,false,1,speaker_disjoint_split,1,0.64131827296239,0,0.45785240279959705
7075.json,robert-menendez,half-true,0,speaker_disjoint_split,1,0.6197531757107729,0,0.4562329403796089
1655.json,lloyd-doggett,true,0,speaker_disjoint_split,0,0.5473446109775081,0,0.43295970097472636
460.json,john-mccain,barely-true,1,speaker_disjoint_split,1,0.6612755104311178,1,0.5414388867527201
7150.json,ken-detzner,mostly-true,0,speaker_disjoint_split,0,0.3276402084635629,0,0.2863064784453139
8956.json,americans-prosperity-georgia-chapter,half-true,0,speaker_disjoint_split,1,0.789095223202786,1,0.6775617450131338
11650.json,heather-moore,barely-true,1,speaker_disjoint_split,0,0.29881403248666416,0,0.40617598799089244
36.json,john-mccain,barely-true,1,speaker_disjoint_split,0,0.5212131286791712,0,0.46071925443177575
11899.json,bernie-s,true,0,speaker_disjoint_split,1,0.5977596883055373,0,0.49000398181536303
3324.json,scott-walker,mostly-true,0,speaker_disjoint_split,0,0.4793904699282088,0,0.4167584219381262
11452.json,donald-trump,pants-fire,1,speaker_disjoint_split,1,0.6606793087452767,1,0.58629414538385
10656.json,jess-mcintosh,true,0,speaker_disjoint_split,1,0.717924265279373,1,0.6186668570171656
11027.json,donald-trump,barely-true,1,speaker_disjoint_split,1,0.6037632234973512,1,0.4955923676872951
11413.json,lynn-westmoreland,false,1,speaker_disjoint_split,1,0.7100710685331482,1,0.7121576186853374
2006.json,jorge-ramos,mostly-true,0,speaker_disjoint_split,0,0.3713175837301067,0,0.28549563437353076
11649.json,joe-donald,mostly-true,0,speaker_disjoint_split,0,0.3651251653778127,0,0.34077182419540414
5477.json,laurie-monnes-anderson,true,0,speaker_disjoint_split,0,0.46435605489823883,0,0.4421093713450962
2546.json,jon-husted,false,1,speaker_disjoint_split,1,0.5993237650429287,0,0.46942835800898725
8682.json,charlie-crist,barely-true,1,speaker_disjoint_split,1,0.7509715164449066,1,0.6173744749510407
572.json,john-mccain,barely-true,1,speaker_disjoint_split,1,0.7418621407982997,1,0.6913303690780472
13273.json,donald-trump,false,1,speaker_disjoint_split,1,0.5674973503003162,0,0.4810214608010146
8517.json,charlie-crist,half-true,0,speaker_disjoint_split,1,0.655315984696856,1,0.5427992582497374
12231.json,bernie-s,mostly-true,0,speaker_disjoint_split,1,0.5978827494497094,1,0.5188767608704843
6840.json,robert-menendez,mostly-true,0,speaker_disjoint_split,1,0.7275005428311986,1,0.5570581980948421
8647.json,rush-limbaugh,false,1,speaker_disjoint_split,1,0.9498319215219795,1,0.8286088499057762
3564.json,david-pepper,mostly-true,0,speaker_disjoint_split,0,0.3285660593113779,0,0.41860137744690457
7882.json,wisconsin-institute-law-liberty,true,0,speaker_disjoint_split,1,0.7056380178762988,1,0.6159854334338455
7829.json,greg-walden,barely-true,1,speaker_disjoint_split,0,0.42119529828214136,0,0.42173579058875593
583.json,john-mccain,half-true,0,speaker_disjoint_split,1,0.7465522848905609,1,0.6843969376230103
4582.json,scott-walker,half-true,0,speaker_disjoint_split,1,0.6024075845379552,1,0.5958575564994512
3069.json,scott-walker,false,1,speaker_disjoint_split,0,0.5528983772720001,0,0.4819324369655517
13143.json,donald-trump,false,1,speaker_disjoint_split,0,0.5289526159859168,1,0.5081421360074072
10586.json,scott-walker,false,1,speaker_disjoint_split,0,0.5133874252295881,1,0.5112733146244062
941.json,john-mccain,mostly-true,0,speaker_disjoint_split,1,0.675411926291447,1,0.6130006542584784
4409.json,jon-huntsman,half-true,0,speaker_disjoint_split,0,0.29776698770192284,0,0.2443888025093627
12755.json,donald-trump,true,0,speaker_disjoint_split,1,0.5637312078690648,0,0.46849425762247005
11976.json,bernie-s,half-true,0,speaker_disjoint_split,0,0.5008274329816966,0,0.40253425398240256
10675.json,trebor-banstetter,mostly-true,0,speaker_disjoint_split,0,0.17682108338906652,0,0.1752200431657873
12815.json,donald-trump,false,1,speaker_disjoint_split,1,0.6244257317545101,1,0.5798534206434145
10907.json,nathan-deal,true,0,speaker_disjoint_split,1,0.6531507619912651,1,0.5662339213736224
628.json,john-mccain,barely-true,1,speaker_disjoint_split,1,0.6837030918950844,1,0.5794143182077185
601.json,john-mccain,half-true,0,speaker_disjoint_split,1,0.7095528494899662,1,0.6867942380112918
1181.json,joe-wilson,false,1,speaker_disjoint_split,1,0.7807171845911987,1,0.7629300274636168
6595.json,callista-gingrich,barely-true,1,speaker_disjoint_split,1,0.6316883337910728,1,0.6024448540756178
283.json,john-mccain,true,0,speaker_disjoint_split,1,0.8140947421439056,1,0.7327176492525044
9824.json,don-lemon,false,1,speaker_disjoint_split,0,0.4510902289393301,0,0.40284974813433977
12315.json,john-kasich,true,0,speaker_disjoint_split,0,0.45242419416527246,0,0.44624303304803453
3973.json,david-axelrod,half-true,0,speaker_disjoint_split,0,0.23825300528757457,0,0.15799466493562808
4065.json,scott-walker,false,1,speaker_disjoint_split,1,0.6430956967838908,1,0.5577858595317435
13121.json,donald-trump,false,1,speaker_disjoint_split,1,0.6461544816212131,1,0.586534276612782
5208.json,ken-cuccinelli,pants-fire,1,speaker_disjoint_split,1,0.746081924519751,1,0.6510415522552405
12066.json,pat-mccrory,half-true,0,speaker_disjoint_split,1,0.6885623861492969,1,0.622959738227748
11340.json,common-sense-kids-action,mostly-true,0,speaker_disjoint_split,0,0.1983557073355447,0,0.13726899998112888
1275.json,ann-coulter,half-true,0,speaker_disjoint_split,0,0.43363770491521925,0,0.44235162272883144
11203.json,israel-oquinn,false,1,speaker_disjoint_split,0,0.45591189565065443,0,0.3926143686275825
7267.json,scott-walker,half-true,0,speaker_disjoint_split,0,0.519821373552369,0,0.4708187006038833
12660.json,state-democratic-party-wisconsin,barely-true,1,speaker_disjoint_split,1,0.6424398613624888,1,0.5872538902315185
254.json,john-mccain,mostly-true,0,speaker_disjoint_split,1,0.6079720301360642,1,0.5661118745396221
1298.json,debbie-wasserman-schultz,mostly-true,0,speaker_disjoint_split,1,0.6688971742586529,1,0.5838753288756345
1117.json,donna-brazile,half-true,0,speaker_disjoint_split,0,0.4139886263343405,0,0.33224313383391446
12502.json,john-mccain,mostly-true,0,speaker_disjoint_split,1,0.6501420460151397,1,0.5924697105366117
7774.json,mike-foley,mostly-true,0,speaker_disjoint_split,0,0.22387233511902957,0,0.23514493477521467
1360.json,rush-limbaugh,false,1,speaker_disjoint_split,0,0.5356462438514226,1,0.4988238804105678
4877.json,scott-walker,false,1,speaker_disjoint_split,1,0.6983072942569352,1,0.7113899349656049
11440.json,scott-walker,false,1,speaker_disjoint_split,1,0.619799143084631,0,0.4584211122127561
484.json,john-mccain,false,1,speaker_disjoint_split,1,0.6419985582986029,1,0.609062899477999
8633.json,heritage-foundation,half-true,0,speaker_disjoint_split,1,0.8738924789859617,1,0.7176885694688103
9826.json,truth-accounting,barely-true,1,speaker_disjoint_split,0,0.4588923247860217,0,0.4439293840316224
10643.json,ken-plum,mostly-true,0,speaker_disjoint_split,0,0.48998218719009146,0,0.4747811782661236
5767.json,jim-cooper,true,0,speaker_disjoint_split,0,0.3908344289080817,0,0.40171620070005887
1604.json,barbara-cargill,barely-true,1,speaker_disjoint_split,0,0.3113078863595861,0,0.16840436088398755
1757.json,janet-napolitano,mostly-true,0,speaker_disjoint_split,0,0.4448495295103066,0,0.3936170219327988
530.json,john-mccain,mostly-true,0,speaker_disjoint_split,0,0.5011330023791677,0,0.4740302253087824
10520.json,peter-defazio,half-true,0,speaker_disjoint_split,1,0.853040701324786,1,0.8429180306560623
12102.json,club-growth,false,1,speaker_disjoint_split,1,0.8093140153248495,1,0.6892746245003682
12266.json,donald-trump,false,1,speaker_disjoint_split,0,0.5060463163368639,0,0.4619731410018601
12747.json,donald-trump,mostly-true,0,speaker_disjoint_split,1,0.679310761756497,1,0.57776011167633
8524.json,charlie-crist,mostly-true,0,speaker_disjoint_split,0,0.44134091734209485,0,0.3834615794045818
2351.json,jan-brewer,pants-fire,1,speaker_disjoint_split,0,0.4802091659038736,1,0.5453817890967472
9764.json,scott-walker,mostly-true,0,speaker_disjoint_split,0,0.4852918108929423,0,0.462459692438788
11457.json,donald-trump,false,1,speaker_disjoint_split,1,0.7063780356664789,1,0.6154968654104226
11250.json,bernie-s,true,0,speaker_disjoint_split,0,0.10874828782451434,0,0.058199828030964705
4889.json,ron-paul,barely-true,1,speaker_disjoint_split,1,0.6831456670009889,1,0.5435555082508077
6443.json,peter-defazio,mostly-true,0,speaker_disjoint_split,1,0.7593184679533588,1,0.7893435372888717
1463.json,john-mccain,false,1,speaker_disjoint_split,1,0.6106553977677532,1,0.4988259311794128
11534.json,donald-trump,half-true,0,speaker_disjoint_split,0,0.2717178174968149,0,0.32691972072866265
10490.json,susan-shapiro,true,0,speaker_disjoint_split,0,0.3212353172024936,0,0.17610719720383405
6062.json,john-kasich,mostly-true,0,speaker_disjoint_split,1,0.6317362128205175,1,0.6087060440792637
7074.json,steve-lonegan,true,0,speaker_disjoint_split,0,0.5233312399456124,0,0.36377825880968917
2074.json,john-mccain,mostly-true,0,speaker_disjoint_split,0,0.505001209571135,0,0.39030382006321157
23.json,obama-girl,true,0,speaker_disjoint_split,1,0.6565633137691221,1,0.6082123838456368
3310.json,john-kasich,barely-true,1,speaker_disjoint_split,1,0.6351977607254926,1,0.5693061091999122
8410.json,ann-coulter,pants-fire,1,speaker_disjoint_split,1,0.7730330596896448,1,0.698892892767006
3545.json,roberto-dasilva,mostly-true,0,speaker_disjoint_split,0,0.4824095587685256,0,0.36156345652245414
3521.json,citizens-strong-america,pants-fire,1,speaker_disjoint_split,1,0.7443151752499003,1,0.6709877190176833
2241.json,eddie-bernice-johnson,true,0,speaker_disjoint_split,0,0.3952917319288311,0,0.40447069662455626
12111.json,debbie-wasserman-schultz,mostly-true,0,speaker_disjoint_split,0,0.4524083532526211,0,0.40061425858946076
4311.json,jon-huntsman,mostly-true,0,speaker_disjoint_split,0,0.3244241554444797,0,0.3383904741684427
1392.json,hector-uribe,pants-fire,1,speaker_disjoint_split,1,0.7219841421456873,1,0.5828820185840025
10985.json,athens-banner-herald,true,0,speaker_disjoint_split,0,0.2556189973091563,0,0.3340570257193692
12459.json,donald-trump,half-true,0,speaker_disjoint_split,1,0.6349480029062394,1,0.5774072706165058
9980.json,republican-party-florida,barely-true,1,speaker_disjoint_split,0,0.4523379675593122,0,0.3869554812643794
2529.json,john-robitaille,true,0,speaker_disjoint_split,0,0.3611936828735925,0,0.34892643934312534
13235.json,donald-trump,barely-true,1,speaker_disjoint_split,1,0.6951390982165987,1,0.5971534574970935
2383.json,david-axelrod,barely-true,1,speaker_disjoint_split,1,0.6314312185948063,0,0.47199588356432165
9988.json,charlie-crist,half-true,0,speaker_disjoint_split,1,0.7306273003244038,1,0.6318578238522947
4384.json,blog-posting,pants-fire,1,speaker_disjoint_split,1,0.6821318162192421,1,0.6914181550231444
2080.json,joe-biden,half-true,0,speaker_disjoint_split,1,0.5695532296179975,0,0.47183766216392403
8599.json,grady-judd,mostly-true,0,speaker_disjoint_split,1,0.6512031289476643,0,0.4604206597570805
12088.json,bill-oreilly,false,1,speaker_disjoint_split,1,0.7309055218438338,1,0.7279634591417998
8812.json,louie-gohmert,pants-fire,1,speaker_disjoint_split,1,0.6316069456007642,1,0.5763853290510488
8825.json,national-republican-congressional-committee,mostly-true,0,speaker_disjoint_split,1,0.688558954762822,1,0.5786674487474012
11889.json,donald-trump,half-true,0,speaker_disjoint_split,1,0.7397159850832943,1,0.6335673371745085
10477.json,scott-walker,half-true,0,speaker_disjoint_split,0,0.5133874252295881,1,0.5112733146244062
2088.json,john-kasich,true,0,speaker_disjoint_split,0,0.33337938261630934,0,0.37357090770455886
8844.json,nathan-deal,barely-true,1,speaker_disjoint_split,1,0.6935735862242615,1,0.6505914875912094
11507.json,ben-carson,half-true,0,speaker_disjoint_split,0,0.45171146152597963,0,0.3682456370514656
9321.json,ralph-nader,false,1,speaker_disjoint_split,1,0.6179443942615046,1,0.5361026626896184
7076.json,charlie-crist,barely-true,1,speaker_disjoint_split,1,0.585074846442522,0,0.43172642983392195
4509.json,john-kasich,barely-true,1,speaker_disjoint_split,0,0.5592647304483843,1,0.5364386695224913
4269.json,sam-olens,true,0,speaker_disjoint_split,0,0.33632177366987914,0,0.24281210714157575
9564.json,sean-spicer,pants-fire,1,speaker_disjoint_split,0,0.5565758588988988,1,0.5103291637666186
4730.json,joe-biden,mostly-true,0,speaker_disjoint_split,0,0.4137291618823929,0,0.34990720011509474
9350.json,larry-pratt,false,1,speaker_disjoint_split,1,0.6980941353965913,1,0.5689015044937236
10494.json,don-beyer,mostly-true,0,speaker_disjoint_split,0,0.2883337202024726,0,0.2177280888237376
4788.json,tim-kaine,false,1,speaker_disjoint_split,1,0.6219035359530615,0,0.4806257471989203
7616.json,john-kasich,true,0,speaker_disjoint_split,0,0.48736071983378365,0,0.41662997677896296
677.json,john-mccain,true,0,speaker_disjoint_split,0,0.3810086107379001,0,0.3101472811154142
7522.json,jeff-tittel,half-true,0,speaker_disjoint_split,0,0.38789135008976217,0,0.3779236154122428
12519.json,bernie-s,half-true,0,speaker_disjoint_split,1,0.5862680627344261,0,0.47549647257997213
11999.json,donald-trump,mostly-true,0,speaker_disjoint_split,1,0.6437829387164085,1,0.5859183711164627
8494.json,rush-limbaugh,barely-true,1,speaker_disjoint_split,1,0.7919072257196299,1,0.7359209995745221
10877.json,john-mccain,true,0,speaker_disjoint_split,0,0.38473360290987463,0,0.365784349991665
10426.json,carly-fiorina,barely-true,1,speaker_disjoint_split,1,0.7689498985830231,1,0.6865773180771557
11202.json,scott-walker,mostly-true,0,speaker_disjoint_split,0,0.29387572593953953,0,0.2842787557639957
12590.json,donald-trump,barely-true,1,speaker_disjoint_split,0,0.48086782330675293,0,0.4482163994290196
2216.json,john-kasich,half-true,0,speaker_disjoint_split,0,0.539228060076552,1,0.5020639820752005
8462.json,nick-gillespie,mostly-true,0,speaker_disjoint_split,0,0.4609266739530153,0,0.425752526571929
3853.json,bob-graham,barely-true,1,speaker_disjoint_split,1,0.6688160649819761,1,0.5853680134984127
8686.json,republican-party-florida,barely-true,1,speaker_disjoint_split,0,0.2782632079507472,0,0.26760365253946433
12865.json,donald-trump,false,1,speaker_disjoint_split,1,0.7072824877249291,1,0.6542595976485222
11483.json,donald-trump,false,1,speaker_disjoint_split,0,0.41625730332899563,0,0.34332850492920003
4164.json,mike-males,mostly-true,0,speaker_disjoint_split,1,0.5761323042193417,1,0.503617246234197
12918.json,gary-johnson,half-true,0,speaker_disjoint_split,0,0.44981847677072223,0,0.31147190670633
2952.json,debbie-wasserman-schultz,true,0,speaker_disjoint_split,0,0.5351323079206135,0,0.44405151378775864
12123.json,bernie-s,mostly-true,0,speaker_disjoint_split,0,0.23104254886682263,0,0.11424215784253612
1586.json,charlie-crist,mostly-true,0,speaker_disjoint_split,0,0.4827098537890799,0,0.42867446375529045
11784.json,carly-fiorina,false,1,speaker_disjoint_split,1,0.6522962540853414,1,0.5531510767728378
452.json,bill-clinton,pants-fire,1,speaker_disjoint_split,1,0.5740489328174432,0,0.4867430979833968
12629.json,donald-trump,false,1,speaker_disjoint_split,1,0.5811472615797039,0,0.4706514202135622
8107.json,tom-cole,mostly-true,0,speaker_disjoint_split,1,0.5638335026495823,1,0.5343250789107549
12874.json,donald-trump,true,0,speaker_disjoint_split,1,0.7518787300348869,1,0.6529906737670295
6075.json,sam-adams,true,0,speaker_disjoint_split,0,0.37294856895567025,0,0.3348152841977502
9684.json,scott-walker,false,1,speaker_disjoint_split,0,0.45848302105632743,0,0.4352451072981005
8665.json,larry-pratt,half-true,0,speaker_disjoint_split,0,0.4283045732463509,0,0.3338890317120076
7898.json,stephen-sweeney,false,1,speaker_disjoint_split,0,0.47114060766012783,0,0.3062033853348313
12531.json,donald-trump,mostly-true,0,speaker_disjoint_split,1,0.5992466638519799,1,0.5193285585944006
8281.json,mayors-against-illegal-guns,half-true,0,speaker_disjoint_split,1,0.6569464980829607,1,0.5740488221010662
4470.json,nathan-deal,true,0,speaker_disjoint_split,0,0.35135639588002904,0,0.30246113791048734
12452.json,bernie-s,mostly-true,0,speaker_disjoint_split,1,0.624128479183573,1,0.5481042899494957
12568.json,donald-trump,false,1,speaker_disjoint_split,1,0.6040549021001937,1,0.5311511043775284
4478.json,scott-walker,pants-fire,1,speaker_disjoint_split,0,0.3547855744602054,0,0.3155147901519941
11821.json,john-mccain,mostly-true,0,speaker_disjoint_split,0,0.44029169488905917,0,0.4412551501234891
1193.json,karl-rove,half-true,0,speaker_disjoint_split,1,0.6676697430443884,1,0.5702048499434097
11045.json,blog-posting,pants-fire,1,speaker_disjoint_split,1,0.8162490564457329,1,0.9257846051046831
4377.json,blog-posting,pants-fire,1,speaker_disjoint_split,1,0.6495718908757775,1,0.664698799854351
10845.json,alex-mcmurtrie-jr,false,1,speaker_disjoint_split,1,0.7468201284309264,1,0.664939201382343
11095.json,scott-walker,barely-true,1,speaker_disjoint_split,1,0.6549961746131393,1,0.6252290410124334
8783.json,lloyd-doggett,true,0,speaker_disjoint_split,1,0.5804515396931809,0,0.4377833207011869
5858.json,eileen-brady,true,0,speaker_disjoint_split,1,0.8222318378918017,1,0.8029289701608414
13476.json,blog-posting,false,1,speaker_disjoint_split,1,0.6527719664856935,1,0.7096828189943987
13307.json,donald-trump,false,1,speaker_disjoint_split,1,0.7065053911758099,1,0.6359677297198697
12772.json,bernie-s,mostly-true,0,speaker_disjoint_split,1,0.5788900055175737,0,0.46940187962866736
7262.json,college-presidents,mostly-true,0,speaker_disjoint_split,0,0.518755951532884,0,0.46012366861663606
9474.json,rush-limbaugh,false,1,speaker_disjoint_split,1,0.7074135187769361,1,0.638614078216932
2456.json,scott-walker,half-true,0,speaker_disjoint_split,0,0.4065029008924794,0,0.34912278123242285
2896.json,angel-taveras,mostly-true,0,speaker_disjoint_split,0,0.36461789169075004,0,0.27158465281495775
12081.json,donald-trump,false,1,speaker_disjoint_split,1,0.5610066691989374,1,0.5512222443880458
11896.json,donald-trump,pants-fire,1,speaker_disjoint_split,0,0.4582992419205158,0,0.43678812126671124
10771.json,tim-kaine,barely-true,1,speaker_disjoint_split,0,0.4196014363526349,0,0.30524667255327137
3178.json,ron-paul,pants-fire,1,speaker_disjoint_split,1,0.9165525588457398,1,0.7197168370675866
273.json,john-mccain,false,1,speaker_disjoint_split,1,0.6182927419408804,1,0.5764806001238674
8142.json,jeff-merkley,mostly-true,0,speaker_disjoint_split,0,0.39501617848781734,0,0.333342651068363
564.json,john-mccain,mostly-true,0,speaker_disjoint_split,1,0.6034582533929436,1,0.5608751750582861
4675.json,new-jersey-democratic-state-committee,barely-true,1,speaker_disjoint_split,1,0.697095985651735,1,0.6083165358612561
11535.json,ben-carson,mostly-true,0,speaker_disjoint_split,0,0.47863289709270856,0,0.4010918479847342
8980.json,scott-walker,false,1,speaker_disjoint_split,1,0.6919802418788962,1,0.6244453929517069
10364.json,peter-feigin,false,1,speaker_disjoint_split,1,0.6555401932501624,0,0.46113226990300443
13276.json,donald-trump,pants-fire,1,speaker_disjoint_split,0,0.47526182352870017,0,0.4830039129778622
1597.json,citizens-lower-taxes-and-stronger-economy,half-true,0,speaker_disjoint_split,1,0.58129160432575,0,0.40241644308942587
13427.json,donald-trump,false,1,speaker_disjoint_split,1,0.6479876569167795,1,0.6248019600510534
10958.json,bernie-s,mostly-true,0,speaker_disjoint_split,0,0.32323935377286334,0,0.29827466875551745
3198.json,bill-oreilly,true,0,speaker_disjoint_split,1,0.6049496232625879,1,0.6330669640527413
11979.json,bernie-s,barely-true,1,speaker_disjoint_split,0,0.40780292605636165,0,0.3562817012770288
11022.json,donna-brazile,mostly-true,0,speaker_disjoint_split,0,0.5448669647486623,0,0.46329691662112504
3247.json,whoopi-goldberg,half-true,0,speaker_disjoint_split,0,0.4049800875370894,0,0.3958463290659578
11309.json,donald-trump,barely-true,1,speaker_disjoint_split,1,0.6045539011940759,1,0.5504119742502612
10934.json,pamela-geller,half-true,0,speaker_disjoint_split,1,0.6848029468964152,1,0.5863599230997849
448.json,john-mccain,barely-true,1,speaker_disjoint_split,0,0.5544099806661792,1,0.5152147658561371
5359.json,restore-our-future,pants-fire,1,speaker_disjoint_split,1,0.6498777549006881,1,0.6174410207025068
1987.json,ron-klein,false,1,speaker_disjoint_split,0,0.5518347540924837,1,0.5316114264090026
6825.json,promote-oregon-leadership-pac-oregon-house-republi,half-true,0,speaker_disjoint_split,1,0.7043825908966179,1,0.7059988270418138
127.json,joe-biden,half-true,0,speaker_disjoint_split,0,0.40971440338177134,0,0.2847628218256037
5173.json,arne-duncan,mostly-true,0,speaker_disjoint_split,0,0.5016009924222077,0,0.3534832683976554
12232.json,john-kasich,mostly-true,0,speaker_disjoint_split,0,0.38604719102979324,0,0.4007408107134674
946.json,john-mccain,false,1,speaker_disjoint_split,0,0.4995722961908153,0,0.4238449636965554
6961.json,oregon-senate-republicans,mostly-true,0,speaker_disjoint_split,1,0.7129693443080889,1,0.681078351276876
6631.json,kathleen-sebelius,half-true,0,speaker_disjoint_split,0,0.5554333879781725,1,0.5132758953252571
2285.json,sam-rashid,barely-true,1,speaker_disjoint_split,1,0.6320293716699897,1,0.6222912289924183
12536.json,david-beckham,true,0,speaker_disjoint_split,0,0.44724221902492306,0,0.36174866027400027
7860.json,keith-faber,true,0,speaker_disjoint_split,0,0.2685604974170198,0,0.24871402546105426
1949.json,vern-buchanan,true,0,speaker_disjoint_split,0,0.4232362947821233,0,0.4585608392892935
3602.json,jeff-cogen,half-true,0,speaker_disjoint_split,1,0.6772983182901531,1,0.597063850154142
12299.json,john-kirby,false,1,speaker_disjoint_split,1,0.7279839144373295,1,0.6652634632459774
7400.json,ed-fallone,false,1,speaker_disjoint_split,1,0.6172976698751532,1,0.5975822003022573
783.json,john-mccain,true,0,speaker_disjoint_split,1,0.6128162794234913,1,0.5302888451049347
3549.json,donald-trump,false,1,speaker_disjoint_split,1,0.65428007310683,1,0.5403423115592879
10006.json,republican-party-florida,barely-true,1,speaker_disjoint_split,1,0.6654769664295928,1,0.5097578965812215
13353.json,donald-trump,barely-true,1,speaker_disjoint_split,1,0.6223911038276162,1,0.577346320545708
12173.json,don-beyer,mostly-true,0,speaker_disjoint_split,0,0.45559562564059874,0,0.3947646599392612
3353.json,john-kasich,true,0,speaker_disjoint_split,0,0.4118307171227547,0,0.4431071002903595
1614.json,orrin-hatch,true,0,speaker_disjoint_split,1,0.6185697109873656,1,0.49990199454451023
6569.json,artur-davis,barely-true,1,speaker_disjoint_split,1,0.631603249172339,1,0.5110714197129255
9205.json,gary-peters,half-true,0,speaker_disjoint_split,1,0.6951057204380227,1,0.5593962563482088
7883.json,dave-joyce,true,0,speaker_disjoint_split,1,0.7361385604451549,1,0.6888638566129824
7205.json,deepwater-wind,true,0,speaker_disjoint_split,1,0.7301943029184417,0,0.468551846470782
9397.json,john-mccain,mostly-true,0,speaker_disjoint_split,1,0.634540560272609,1,0.5505450303466156
8515.json,republican-party-florida,barely-true,1,speaker_disjoint_split,0,0.5412152287251253,0,0.4355213691925234
6954.json,democratic-congressional-campaign-committee,barely-true,1,speaker_disjoint_split,1,0.5755608589035324,1,0.5184674499296582
1602.json,annise-parker,half-true,0,speaker_disjoint_split,0,0.5138998662259776,0,0.43098672140237054
11673.json,charlotte-nash,true,0,speaker_disjoint_split,0,0.44988836066203725,0,0.41260256695430253
9611.json,blog-posting,pants-fire,1,speaker_disjoint_split,1,0.6383983333983044,1,0.7340174058442688
11107.json,club-growth,true,0,speaker_disjoint_split,1,0.7928299631958403,1,0.7138118868928766
8284.json,se-cupp,half-true,0,speaker_disjoint_split,0,0.5510435967965609,1,0.5267366338837887
12059.json,bernie-s,true,0,speaker_disjoint_split,0,0.45228475735118095,0,0.4126976085939472
12386.json,minka-kelly,half-true,0,speaker_disjoint_split,0,0.5254513512801325,1,0.49535874149400805
676.json,john-mccain,false,1,speaker_disjoint_split,1,0.6703550888371593,1,0.5589295840855788
12753.json,donald-trump,mostly-true,0,speaker_disjoint_split,0,0.5574371173421555,0,0.47002610600572614
3248.json,john-kasich,mostly-true,0,speaker_disjoint_split,1,0.6483463636594123,1,0.5221303597381247
2336.json,scott-walker,barely-true,1,speaker_disjoint_split,0,0.3225490670511828,0,0.32818276751735476
5446.json,national-republican-congressional-committee,half-true,0,speaker_disjoint_split,1,0.6057304121361914,1,0.5382096457891893
7020.json,republican-governors-association,barely-true,1,speaker_disjoint_split,0,0.4334579110678014,0,0.39309166022184816
950.json,tom-coburn,false,1,speaker_disjoint_split,1,0.8725897309592242,1,0.8633453640190131
2927.json,randy-leonard,barely-true,1,speaker_disjoint_split,1,0.6202161526242822,1,0.6806383979746122
12139.json,pat-mccrory,half-true,0,speaker_disjoint_split,1,0.5671221087710937,0,0.4635761493401448
11179.json,donald-trump,false,1,speaker_disjoint_split,1,0.7222624923999859,1,0.708138395997661
4459.json,david-cicilline,true,0,speaker_disjoint_split,0,0.5117508592014555,0,0.4050134951202278
3655.json,donald-trump,pants-fire,1,speaker_disjoint_split,1,0.6528727228793666,1,0.5969227255094823
5537.json,john-kasich,half-true,0,speaker_disjoint_split,0,0.42889556428111103,0,0.3526776858331056
12711.json,tim-kaine,barely-true,1,speaker_disjoint_split,1,0.6421729627170472,1,0.5183865982596163
9134.json,heather-mcghee,barely-true,1,speaker_disjoint_split,0,0.17195438026730064,0,0.06228011573640805
10195.json,leonard-pitts-jr,half-true,0,speaker_disjoint_split,0,0.520822058853671,1,0.5194571456896326
1397.json,karl-rove,half-true,0,speaker_disjoint_split,0,0.38378941020063284,0,0.37612474208241836
11329.json,carly-fiorina,mostly-true,0,speaker_disjoint_split,0,0.4376018292771209,0,0.31825541187094086
4015.json,democratic-congressional-campaign-committee,barely-true,1,speaker_disjoint_split,1,0.6466010455675351,1,0.6302023465586765
5298.json,armond-budish,true,0,speaker_disjoint_split,0,0.4794309101881417,0,0.45515212381662395
45.json,bill-richardson,pants-fire,1,speaker_disjoint_split,0,0.5496376572247427,0,0.3953937220817858
10752.json,texas-organizing-project,true,0,speaker_disjoint_split,0,0.334159344438799,0,0.2172289319264557
12032.json,john-kasich,half-true,0,speaker_disjoint_split,0,0.45065789957258506,0,0.48303335432298056
10775.json,rush-limbaugh,barely-true,1,speaker_disjoint_split,0,0.5026822903983347,0,0.435606114427448
1030.json,colin-powell,half-true,0,speaker_disjoint_split,1,0.5880785670074751,0,0.46751593989545287
5711.json,elizabeth-ames-jones,barely-true,1,speaker_disjoint_split,0,0.48811644488739414,0,0.4629672946828859
11397.json,john-stemberger,false,1,speaker_disjoint_split,1,0.6054644039974814,1,0.6023223440373588
11790.json,john-cortes,true,0,speaker_disjoint_split,1,0.8804978208654063,1,0.8036202035788104
9792.json,john-padgett,true,0,speaker_disjoint_split,1,0.6069388477999594,0,0.4528771511963099
1058.json,ann-coulter,barely-true,1,speaker_disjoint_split,1,0.663109868635052,1,0.5810661903973321
8912.json,charlie-crist,true,0,speaker_disjoint_split,1,0.6865712905737837,1,0.567333477238871
824.json,john-mccain,half-true,0,speaker_disjoint_split,1,0.6472227614551611,1,0.6019812628873558
10792.json,jim-lampley,pants-fire,1,speaker_disjoint_split,0,0.3410621297678388,0,0.22125039366011465
5407.json,bill-pascrell,false,1,speaker_disjoint_split,0,0.43899595798107177,0,0.37578414798849114
11991.json,bernie-s,mostly-true,0,speaker_disjoint_split,0,0.4486470839667991,0,0.2876398505413956
7457.json,carolyn-medeiros,barely-true,1,speaker_disjoint_split,0,0.5093678936870111,0,0.43420763479871877
13348.json,debbie-wasserman-schultz,false,1,speaker_disjoint_split,0,0.5414382345897862,1,0.4942107527242202
13461.json,blog-posting,pants-fire,1,speaker_disjoint_split,1,0.6443547566201149,1,0.6668067389805511
1188.json,thomas-sowell,false,1,speaker_disjoint_split,1,0.5743243425301354,0,0.44845291313977087
797.json,john-mccain,false,1,speaker_disjoint_split,1,0.7715350067802916,1,0.6289510251419403
2304.json,arne-duncan,half-true,0,speaker_disjoint_split,0,0.2783003541511395,0,0.1502484485069714
7609.json,jeff-tittel,pants-fire,1,speaker_disjoint_split,0,0.4481697486974875,0,0.4343889921738303
9085.json,matt-damon,half-true,0,speaker_disjoint_split,0,0.5287566354836404,1,0.6171006190264708
8221.json,john-mccain,true,0,speaker_disjoint_split,1,0.6188677144943544,1,0.574568274526188
4775.json,bill-clinton,half-true,0,speaker_disjoint_split,1,0.6766945408110664,1,0.6196337348167814
8522.json,steve-leslie,mostly-true,0,speaker_disjoint_split,1,0.5816492576706798,0,0.4079137968926491
12974.json,gary-johnson,false,1,speaker_disjoint_split,0,0.38239671814955895,0,0.33179074660504043
13018.json,alex-castellanos,barely-true,1,speaker_disjoint_split,0,0.49225989902065254,1,0.5383703584213563
1832.json,carly-fiorina,false,1,speaker_disjoint_split,1,0.6230415026733517,0,0.40860846216685714
3290.json,florida-department-corrections-worker,mostly-true,0,speaker_disjoint_split,0,0.44431775179889577,0,0.46364555050843
6020.json,lisa-blais,barely-true,1,speaker_disjoint_split,0,0.5209518058843713,0,0.4292499361021983
10836.json,thomas-perez,half-true,0,speaker_disjoint_split,0,0.4684938761516454,0,0.42095143485244224
11067.json,scott-walker,mostly-true,0,speaker_disjoint_split,0,0.40381289767784473,0,0.3639182450908235
8007.json,robert-menendez,mostly-true,0,speaker_disjoint_split,0,0.5285222447760283,0,0.38860711267303133
3193.json,scott-walker,true,0,speaker_disjoint_split,0,0.5324056355256462,0,0.45829936829863155
3756.json,janet-napolitano,pants-fire,1,speaker_disjoint_split,0,0.4654820032001395,0,0.3531363536273699
3140.json,oregon-senate-republicans,barely-true,1,speaker_disjoint_split,1,0.70168888014635,1,0.6936649205958987
6082.json,john-kasich,mostly-true,0,speaker_disjoint_split,0,0.483938420878549,1,0.4993812382569512
12767.json,corey-stewart,barely-true,1,speaker_disjoint_split,1,0.846621858867701,1,0.6545275059133637
8657.json,daniel-mckee,mostly-true,0,speaker_disjoint_split,0,0.4157246348695409,0,0.219997840551464
6278.json,debbie-wasserman-schultz,mostly-true,0,speaker_disjoint_split,0,0.2420331757356001,0,0.2334790731605377
2839.json,atlanta-sports-council,false,1,speaker_disjoint_split,0,0.49435683858438173,0,0.46980493673820317
2471.json,susan-latvala,false,1,speaker_disjoint_split,0,0.5249462845933546,1,0.5040366660294521
3707.json,gary-johnson,mostly-true,0,speaker_disjoint_split,0,0.3541090274107175,0,0.2837992188606389
4.json,bill-richardson,mostly-true,0,speaker_disjoint_split,0,0.4460848944554239,0,0.3468571594417767
3344.json,scott-walker,false,1,speaker_disjoint_split,1,0.6022743025232873,1,0.5685767724092179
10651.json,blog-posting,barely-true,1,speaker_disjoint_split,1,0.6922600119070607,1,0.7867936188191541
13105.json,gary-johnson,mostly-true,0,speaker_disjoint_split,0,0.4471590655481727,0,0.3628477922947293
2532.json,scott-walker,true,0,speaker_disjoint_split,0,0.3920371541031072,0,0.2874525074360045
7028.json,tim-kaine,mostly-true,0,speaker_disjoint_split,0,0.552651454182689,0,0.42521927149094424
3936.json,wisconsin-humane-society,mostly-true,0,speaker_disjoint_split,0,0.543234362810281,1,0.6278676947712463
9901.json,connie-stokes,half-true,0,speaker_disjoint_split,0,0.48472003587252627,0,0.28055538207991276
13088.json,tim-kaine,mostly-true,0,speaker_disjoint_split,0,0.45431646638018175,0,0.35848371198725804
11007.json,bernie-s,half-true,0,speaker_disjoint_split,1,0.5909876126164287,1,0.5015198715345792
9066.json,kathleen-sebelius,barely-true,1,speaker_disjoint_split,1,0.6340950120996783,1,0.6021854445097468
495.json,john-mccain,true,0,speaker_disjoint_split,1,0.7255492543666475,1,0.6504394430414171
10395.json,scott-walker,half-true,0,speaker_disjoint_split,0,0.38624309769558907,0,0.40597655640988084
1709.json,charlie-crist,half-true,0,speaker_disjoint_split,1,0.624021657102148,0,0.4476720588375821
2452.json,republican-governors-association,pants-fire,1,speaker_disjoint_split,1,0.7060625556459305,1,0.636253325514451
13266.json,donald-trump,barely-true,1,speaker_disjoint_split,0,0.4584752812594829,0,0.4559751675502032
3543.json,stefani-carter,half-true,0,speaker_disjoint_split,0,0.44695553233527174,0,0.4107481673226206
11803.json,donald-trump,false,1,speaker_disjoint_split,0,0.4590363179356668,0,0.41956830378027954
12188.json,bernie-s,false,1,speaker_disjoint_split,0,0.4446808781841698,0,0.3733330697367752
13393.json,national-republican-congressional-committee,barely-true,1,speaker_disjoint_split,1,0.5691633077081109,1,0.550774103428136
6815.json,lois-frankel,barely-true,1,speaker_disjoint_split,0,0.46422504323873764,0,0.351459713664253
9839.json,scott-walker,mostly-true,0,speaker_disjoint_split,0,0.48831193107471454,1,0.5111498538223987
2077.json,yvette-mcgee-brown,true,0,speaker_disjoint_split,1,0.66648211906081,1,0.5320245579690189
8298.json,dennis-richardson,false,1,speaker_disjoint_split,0,0.3155283249411001,0,0.23905860380419092
11354.json,ben-carson,barely-true,1,speaker_disjoint_split,0,0.48016549484324306,0,0.4285699245599339
8767.json,kathleen-vinehout,mostly-true,0,speaker_disjoint_split,0,0.44966026572741635,0,0.4303363909426042
44.json,bill-richardson,mostly-true,0,speaker_disjoint_split,0,0.4378820026951543,0,0.3023890112262218
11763.json,david-sweetser,true,0,speaker_disjoint_split,0,0.5127981839281158,1,0.5425496616200821
987.json,rush-limbaugh,false,1,speaker_disjoint_split,1,0.6284946164097882,1,0.5300743576971438
9579.json,charlie-crist,mostly-true,0,speaker_disjoint_split,0,0.49074305089480913,0,0.4065343763934678
6746.json,restore-our-future,barely-true,1,speaker_disjoint_split,0,0.4826048584387716,0,0.4384654140946378
9331.json,dan-patrick,false,1,speaker_disjoint_split,1,0.6077626161851177,0,0.4813859594443166
10109.json,no-tax-tracks,false,1,speaker_disjoint_split,1,0.6121946013720311,1,0.559706705066673
6364.json,club-growth,barely-true,1,speaker_disjoint_split,1,0.8077619544894012,1,0.7373409252236512
11739.json,donald-trump,barely-true,1,speaker_disjoint_split,1,0.5763431209295141,1,0.523190711753899
10045.json,nik-kovac,false,1,speaker_disjoint_split,0,0.44939126819834146,0,0.49037596351045415
4697.json,blog-posting,false,1,speaker_disjoint_split,1,0.7145474748299147,1,0.735353413764085
7832.json,bryan-long,half-true,0,speaker_disjoint_split,0,0.22536355567757588,0,0.1851534784036273
5648.json,lynn-westmoreland,half-true,0,speaker_disjoint_split,1,0.5665798886045446,0,0.42780207249449365
7672.json,blog-posting,false,1,speaker_disjoint_split,1,0.6573251718930107,1,0.666712189376758
9027.json,scott-walker,true,0,speaker_disjoint_split,1,0.6409699456087327,1,0.5426766380236229
6641.json,bill-clinton,true,0,speaker_disjoint_split,0,0.36119023374923015,0,0.32029142882014655
7932.json,blog-posting,false,1,speaker_disjoint_split,0,0.3773859725487778,0,0.478016393329661
11961.json,donald-trump,false,1,speaker_disjoint_split,1,0.687885521780187,1,0.6633870669675344
2463.json,tom-nelson,false,1,speaker_disjoint_split,0,0.4531709966453963,1,0.5371786059224306
430.json,focus-family-action,false,1,speaker_disjoint_split,1,0.6037611966919572,1,0.509783431700366
974.json,arlen-specter,mostly-true,0,speaker_disjoint_split,0,0.4833996551504834,0,0.4777188926348324
7870.json,scott-walker,half-true,0,speaker_disjoint_split,0,0.24014183136600617,0,0.2309150364000825
425.json,john-mccain,false,1,speaker_disjoint_split,0,0.48617315868898814,0,0.4502785817473953
10802.json,ben-carson,false,1,speaker_disjoint_split,0,0.2610963286676945,0,0.22900183461905135
9070.json,no-tax-tracks,false,1,speaker_disjoint_split,1,0.640667385995598,1,0.5593200346341175
10026.json,charlie-crist,mostly-true,0,speaker_disjoint_split,1,0.5750731005567206,1,0.5148971323018106
3556.json,saxby-chambliss,mostly-true,0,speaker_disjoint_split,0,0.4730506260781387,0,0.4299737949913952
11392.json,dan-patrick,pants-fire,1,speaker_disjoint_split,0,0.41666159647522966,0,0.3680912842127714
12161.json,donald-trump,false,1,speaker_disjoint_split,1,0.585249595882546,0,0.4598069904862581
13091.json,libre-initiative,mostly-true,0,speaker_disjoint_split,1,0.5771638938848642,1,0.5118050632092728
4785.json,robert-hagan,mostly-true,0,speaker_disjoint_split,0,0.3919338639585442,0,0.3023231801334743
2260.json,national-republican-congressional-committee,half-true,0,speaker_disjoint_split,1,0.6245823082570854,0,0.43138460110703847
9011.json,john-bolton,mostly-true,0,speaker_disjoint_split,0,0.5533762856042103,0,0.47440970509244995
2998.json,dean-cannon,true,0,speaker_disjoint_split,0,0.3276796868892831,0,0.19778589724659168
11953.json,donald-trump,false,1,speaker_disjoint_split,0,0.4203749809745185,0,0.4088062728794148
5296.json,democratic-congressional-campaign-committee,pants-fire,1,speaker_disjoint_split,1,0.6805473048948532,1,0.5937204458222939
1605.json,republican-party-florida,pants-fire,1,speaker_disjoint_split,1,0.7042143701974111,1,0.5960316904411865
3315.json,christopher-peace,false,1,speaker_disjoint_split,1,0.6903742216612405,1,0.7321935536733182
7710.json,susan-b-anthony-list,pants-fire,1,speaker_disjoint_split,1,0.5811343349097632,1,0.5888890645432352
8349.json,debbie-wasserman-schultz,mostly-true,0,speaker_disjoint_split,1,0.6931970830112738,1,0.6278053763238148
10684.json,scott-walker,true,0,speaker_disjoint_split,1,0.632487130125701,1,0.5402694010413616
4324.json,arne-duncan,false,1,speaker_disjoint_split,0,0.5320524308961058,0,0.3665348972731658
12458.json,donald-trump,pants-fire,1,speaker_disjoint_split,1,0.6455189294823016,1,0.5916591771201365
807.json,john-mccain,mostly-true,0,speaker_disjoint_split,0,0.27132810973538024,0,0.219899815524957
8954.json,dan-branch,half-true,0,speaker_disjoint_split,1,0.6264437969518972,1,0.6384116114606597
13193.json,tim-kaine,true,0,speaker_disjoint_split,0,0.5430294262822026,0,0.45967925782435104
3077.json,john-kasich,true,0,speaker_disjoint_split,0,0.5518744376471025,0,0.4901619190711817
6441.json,new-jersey-democratic-state-committee,half-true,0,speaker_disjoint_split,0,0.36986406090631774,0,0.3203862151259938
9772.json,republican-party-florida,true,0,speaker_disjoint_split,0,0.5149426959617941,0,0.4710080478904439
1311.json,charlie-crist,false,1,speaker_disjoint_split,0,0.44533908680998513,0,0.3378967015532569
7079.json,saxby-chambliss,mostly-true,0,speaker_disjoint_split,0,0.29497721548589856,0,0.2904979785181471
11977.json,donald-trump,false,1,speaker_disjoint_split,1,0.611500316497724,1,0.6071435077851364
11936.json,donald-trump,mostly-true,0,speaker_disjoint_split,0,0.34585732066968183,0,0.29234763727768875
706.json,john-mccain,pants-fire,1,speaker_disjoint_split,1,0.71307624357394,1,0.5734999009466833
11190.json,scott-walker,mostly-true,0,speaker_disjoint_split,0,0.5132394579991112,0,0.43973178578077377
11531.json,bernie-s,false,1,speaker_disjoint_split,0,0.5010728309725545,0,0.3974129606905946
6611.json,anthony-gemma,pants-fire,1,speaker_disjoint_split,1,0.6703552265673959,1,0.5608089208272206
12380.json,ken-cuccinelli,mostly-true,0,speaker_disjoint_split,0,0.43548066497459764,0,0.39025425949392645
10737.json,charlie-bethel,half-true,0,speaker_disjoint_split,0,0.2600311998022847,0,0.2428999118749526
13312.json,donald-trump,false,1,speaker_disjoint_split,1,0.6251138580225618,1,0.5081416269380924
26.json,john-mccain,mostly-true,0,speaker_disjoint_split,0,0.5571230240742184,1,0.5522781308944212
9664.json,scott-walker,mostly-true,0,speaker_disjoint_split,1,0.637107548526554,1,0.5888600464456576
13446.json,ohio-republican-party,barely-true,1,speaker_disjoint_split,1,0.6136634114184597,1,0.6376394328856525
4569.json,steve-lonegan,false,1,speaker_disjoint_split,1,0.7483513823092386,1,0.5867526590586776
8581.json,pat-mccrory,barely-true,1,speaker_disjoint_split,0,0.46905439387938963,0,0.3743034336157624
13518.json,donald-trump,half-true,0,speaker_disjoint_split,1,0.6884444915573631,1,0.5986194211997621
11008.json,donald-trump,false,1,speaker_disjoint_split,1,0.605517408851689,1,0.5843837792859679
10545.json,blog-posting,barely-true,1,speaker_disjoint_split,1,0.7247522598067633,1,0.7735340067876573
3446.json,david-cicilline,barely-true,1,speaker_disjoint_split,0,0.5259441153865099,0,0.34566868817324414
3086.json,nathan-deal,mostly-true,0,speaker_disjoint_split,1,0.8285050557253112,1,0.7489322469555864
10955.json,donald-trump,barely-true,1,speaker_disjoint_split,0,0.5011861216633451,0,0.4322045814014538
10441.json,scott-walker,pants-fire,1,speaker_disjoint_split,1,0.8070334009331992,1,0.7311492511421123
10047.json,jeanne-shaheen,barely-true,1,speaker_disjoint_split,1,0.7145029158111753,1,0.5978892265756942
9544.json,no-tax-tracks,half-true,0,speaker_disjoint_split,1,0.6962339970473779,1,0.6245453697665245
9064.json,karl-rove,mostly-true,0,speaker_disjoint_split,1,0.6407070463896847,1,0.5637959730688766
11088.json,donald-trump,barely-true,1,speaker_disjoint_split,0,0.33881717287984564,0,0.30792597688979767
3509.json,joanne-kloppenburg,pants-fire,1,speaker_disjoint_split,1,0.7092245045240424,1,0.650425187581412
1112.json,bill-pascrell,half-true,0,speaker_disjoint_split,0,0.5535334878599275,0,0.4762598655638381
8652.json,bill-oreilly,false,1,speaker_disjoint_split,1,0.6099859007874096,1,0.538210835351182
2942.json,scott-walker,barely-true,1,speaker_disjoint_split,1,0.7031922866917615,1,0.6184593381814018
9840.json,megyn-kelly,true,0,speaker_disjoint_split,1,0.6010261283573283,0,0.38570970728580145
7597.json,kirk-watson,true,0,speaker_disjoint_split,0,0.4962025696337941,0,0.4770156594237801
6093.json,robert-menendez,false,1,speaker_disjoint_split,0,0.5130411172162284,0,0.36952232473402824
768.json,joe-biden,barely-true,1,speaker_disjoint_split,0,0.45317946356352057,0,0.3666582111772128
11897.json,bernie-s,mostly-true,0,speaker_disjoint_split,0,0.32015392844937557,0,0.29882095743959575
12306.json,donald-trump,false,1,speaker_disjoint_split,0,0.5448650461916282,1,0.5230289006053412
1453.json,franklin-sands,half-true,0,speaker_disjoint_split,0,0.12825924177144174,0,0.0
11558.json,carly-fiorina,pants-fire,1,speaker_disjoint_split,1,0.9838467677062482,1,0.8569101457682197
13447.json,donald-trump,mostly-true,0,speaker_disjoint_split,0,0.48266768123259207,0,0.4445214679159259
3317.json,tim-kaine,mostly-true,0,speaker_disjoint_split,0,0.35733008974811087,0,0.28000725463550824
1057.json,glenn-beck,false,1,speaker_disjoint_split,0,0.45084714317944385,0,0.42769768068665515
12969.json,donald-trump,barely-true,1,speaker_disjoint_split,0,0.4773584133814268,0,0.40721650755997246
5899.json,tim-kaine,true,0,speaker_disjoint_split,0,0.37886646533300417,0,0.3184109105766656
10112.json,scott-walker,false,1,speaker_disjoint_split,1,0.5626078039243857,0,0.4679308732917861
6959.json,rob-moshein,half-true,0,speaker_disjoint_split,0,0.3585143185456993,0,0.3183627918414013
3944.json,john-kasich,barely-true,1,speaker_disjoint_split,0,0.4940813388561149,0,0.45656738438198474
13465.json,donald-trump,half-true,0,speaker_disjoint_split,0,0.3177043299125898,0,0.2657216590600951
8642.json,jorge-ramos,barely-true,1,speaker_disjoint_split,1,0.6969863124612736,1,0.5700814024872257
3992.json,better-austin-today-political-action-committee,barely-true,1,speaker_disjoint_split,1,0.6343025060342997,1,0.4916009730013306
4247.json,alberto-carvalho,half-true,0,speaker_disjoint_split,0,0.3602469064738892,0,0.280631764438897
1521.json,charles-boustany,mostly-true,0,speaker_disjoint_split,0,0.5109527759464085,0,0.4859106109055997
11408.json,debbie-wasserman-schultz,mostly-true,0,speaker_disjoint_split,0,0.4339086463631174,0,0.39750983013015195
6480.json,arne-duncan,mostly-true,0,speaker_disjoint_split,0,0.3090607896394416,0,0.21132720945503303
1714.json,lamar-alexander,true,0,speaker_disjoint_split,1,0.6872456432936366,1,0.6512001760435824
13452.json,amy-schumer,half-true,0,speaker_disjoint_split,1,0.6781837418890359,1,0.5547723519424259
5685.json,vern-buchanan,half-true,0,speaker_disjoint_split,1,0.6977072690831752,1,0.5643257714482598
8181.json,carly-fiorina,half-true,0,speaker_disjoint_split,0,0.4624352348998501,0,0.3970099527362779
622.json,john-mccain,half-true,0,speaker_disjoint_split,0,0.5475598338448453,0,0.47891981940024814
13054.json,chris-sununu,half-true,0,speaker_disjoint_split,1,0.5731615625251675,0,0.4593652022657973
703.json,john-mccain,mostly-true,0,speaker_disjoint_split,1,0.6315532052027407,1,0.6291944175587061
270.json,joe-biden,false,1,speaker_disjoint_split,1,0.6101606430739672,0,0.430890371144375
319.json,john-mccain,true,0,speaker_disjoint_split,0,0.4904842997716677,0,0.4599508667209426
4040.json,scott-walker,false,1,speaker_disjoint_split,0,0.34380787491439546,0,0.3074734958061661
7745.json,allison-tant,false,1,speaker_disjoint_split,1,0.6517085376348418,1,0.6110331158475121
11983.json,donald-trump,false,1,speaker_disjoint_split,0,0.5066110540282245,0,0.38898711048799045
2610.json,john-robitaille,true,0,speaker_disjoint_split,0,0.5286092306062322,0,0.4601767172959153
11441.json,bill-oreilly,barely-true,1,speaker_disjoint_split,0,0.4867357120411129,0,0.47282529780592336
7980.json,lynn-westmoreland,true,0,speaker_disjoint_split,1,0.6302839292703466,1,0.553795092269732
3612.json,john-kasich,half-true,0,speaker_disjoint_split,0,0.5481252038877292,0,0.4720753000173177
8546.json,scott-walker,half-true,0,speaker_disjoint_split,0,0.2806120928938211,0,0.24645093802491458
9607.json,bill-oreilly,mostly-true,0,speaker_disjoint_split,0,0.39586871072450047,0,0.35685906249705307
496.json,john-mccain,false,1,speaker_disjoint_split,0,0.45813836118414486,0,0.4395254956437576
2386.json,austan-goolsbee,false,1,speaker_disjoint_split,1,0.6954251515697599,1,0.5224514634374083
7270.json,protect-families-first,false,1,speaker_disjoint_split,1,0.6372739147389235,1,0.5870471693976468
578.json,john-mccain,mostly-true,0,speaker_disjoint_split,1,0.6185779823994721,1,0.577496014972093
8283.json,scott-walker,barely-true,1,speaker_disjoint_split,0,0.5049365965589395,0,0.4832754584425956
13225.json,donald-trump,half-true,0,speaker_disjoint_split,0,0.4634401288370127,0,0.40738811431314315
13256.json,national-republican-congressional-committee,true,0,speaker_disjoint_split,1,0.6095266558664525,0,0.467831377978271
12556.json,donald-trump,true,0,speaker_disjoint_split,1,0.7333535735687575,1,0.6710157350880054
12539.json,joaquin-castro,mostly-true,0,speaker_disjoint_split,1,0.5912543108287709,0,0.48502237992875336
71.json,ron-paul,false,1,speaker_disjoint_split,0,0.5008388673509243,0,0.3008716317467263
4244.json,saxby-chambliss,mostly-true,0,speaker_disjoint_split,0,0.46458496079093264,0,0.4331482517590397
1887.json,john-oxendine,true,0,speaker_disjoint_split,0,0.09426149577898063,0,0.028710616339857532
567.json,john-mccain,true,0,speaker_disjoint_split,1,0.7773135129162628,1,0.6709540024180045
271.json,joe-biden,false,1,speaker_disjoint_split,1,0.6398669519590932,0,0.4596959769524611
12120.json,bernie-s,true,0,speaker_disjoint_split,0,0.3155255749050242,0,0.2127630355681875
1001.json,arlen-specter,false,1,speaker_disjoint_split,1,0.738689617119639,1,0.666413752684683
4723.json,jon-huntsman,mostly-true,0,speaker_disjoint_split,0,0.48146542224397465,0,0.4650938852266097
3395.json,dan-patrick,barely-true,1,speaker_disjoint_split,0,0.40669651315589694,0,0.304842462302759
9935.json,charlie-crist,barely-true,1,speaker_disjoint_split,0,0.45384823896429677,0,0.3931691591114401
68.json,joe-biden,half-true,0,speaker_disjoint_split,1,0.7523720178021523,1,0.5915453898608545
2567.json,citizens-lower-taxes-and-stronger-economy,barely-true,1,speaker_disjoint_split,0,0.5074643393568682,0,0.3539763837290656
11357.json,bernie-s,barely-true,1,speaker_disjoint_split,0,0.513872879424447,0,0.403789662812299
952.json,joe-biden,half-true,0,speaker_disjoint_split,0,0.3626294796385162,0,0.2751687646617219
224.json,joe-biden,true,0,speaker_disjoint_split,0,0.48424201504044223,0,0.4158910205513958
2795.json,tim-kaine,mostly-true,0,speaker_disjoint_split,1,0.6574912420317673,1,0.5292164649451183
1371.json,karl-rove,barely-true,1,speaker_disjoint_split,1,0.6068062280058675,1,0.5539628189783032
9645.json,jamie-weinstein,half-true,0,speaker_disjoint_split,0,0.4651607804529644,0,0.46885391942513294
577.json,john-mccain,half-true,0,speaker_disjoint_split,1,0.601175993903197,1,0.529502604460359
8964.json,republican-party-florida,barely-true,1,speaker_disjoint_split,1,0.7074069304805554,1,0.5819832392082682
6355.json,george-flinn,pants-fire,1,speaker_disjoint_split,1,0.8064107127285929,1,0.7223016185826582
9924.json,blog-posting,pants-fire,1,speaker_disjoint_split,1,0.6442099019512202,1,0.6899793163958706
6388.json,francisco-quico-canseco,half-true,0,speaker_disjoint_split,1,0.7845113864241674,1,0.7488863485464408
3882.json,tom-rooney,mostly-true,0,speaker_disjoint_split,0,0.45544116770719584,0,0.4035610462998357
4158.json,john-kasich,mostly-true,0,speaker_disjoint_split,0,0.37834755280522997,0,0.42767450275839536
12989.json,donald-trump,false,1,speaker_disjoint_split,0,0.5452368237643188,0,0.46698173506097773
2751.json,democratic-congressional-campaign-committee,half-true,0,speaker_disjoint_split,1,0.585995745648198,1,0.6246601727715412
8539.json,mr-conservative,pants-fire,1,speaker_disjoint_split,1,0.7709667534356849,1,0.6801140542427632
8478.json,kathleen-sebelius,pants-fire,1,speaker_disjoint_split,1,0.6146510843049439,1,0.5885602424838333
7558.json,bruce-hanna,false,1,speaker_disjoint_split,0,0.45744247812998196,0,0.42435867309463604
11240.json,donald-trump,half-true,0,speaker_disjoint_split,0,0.41055272695398054,0,0.4028135058339655
12616.json,donald-trump,barely-true,1,speaker_disjoint_split,1,0.5640897947445391,1,0.5452994873906566
10247.json,scott-walker,barely-true,1,speaker_disjoint_split,0,0.39917465594189444,0,0.3755301736812304
791.json,john-mccain,half-true,0,speaker_disjoint_split,1,0.6978951133080161,1,0.66565382551447
11341.json,donald-trump,false,1,speaker_disjoint_split,1,0.6396515238652809,1,0.5488764125301944
11702.json,scott-walker,true,0,speaker_disjoint_split,0,0.42502229759200233,0,0.39659780781861526
12564.json,tim-kaine,mostly-true,0,speaker_disjoint_split,1,0.5777307894370076,1,0.5116717081111579
12346.json,joe-biden,false,1,speaker_disjoint_split,0,0.4428936687426881,0,0.3810951553963913
12742.json,donald-trump,half-true,0,speaker_disjoint_split,0,0.40549236469554467,0,0.3452346605368446
2799.json,kathie-glass,pants-fire,1,speaker_disjoint_split,0,0.48075973350629303,1,0.5183785417912201
12297.json,new-day-america,half-true,0,speaker_disjoint_split,0,0.500507624730512,0,0.48273913982980876
10636.json,florida-students-concealed-carry,barely-true,1,speaker_disjoint_split,0,0.36548030449852215,0,0.3868701197737542
3297.json,state-democratic-party-wisconsin,false,1,speaker_disjoint_split,0,0.3670032668647463,0,0.36971639997011424
3770.json,ron-paul,mostly-true,0,speaker_disjoint_split,0,0.4065179813034968,0,0.3839748484784016
8661.json,michael-chippendale,mostly-true,0,speaker_disjoint_split,0,0.45630048334488854,0,0.3707577330627886
12263.json,donald-trump,false,1,speaker_disjoint_split,0,0.4575055971402357,0,0.4383178666776202
159.json,joe-biden,barely-true,1,speaker_disjoint_split,1,0.6085788580898184,0,0.43015608414188716
11651.json,scott-walker,barely-true,1,speaker_disjoint_split,0,0.3636952093665585,0,0.3263794430140727
11613.json,peter-kinder,pants-fire,1,speaker_disjoint_split,1,0.6858139645128194,1,0.5624363630260597
8784.json,robert-puente,false,1,speaker_disjoint_split,0,0.2574888092397259,0,0.12679176014342963
10582.json,david-jolly,mostly-true,0,speaker_disjoint_split,1,0.7649880842116364,1,0.6712119262329872
4265.json,state-democratic-party-wisconsin,pants-fire,1,speaker_disjoint_split,1,0.7771051812724528,1,0.6609490160932202
6927.json,nathan-deal,half-true,0,speaker_disjoint_split,0,0.34202395579958783,0,0.2998733531084497
547.json,john-mccain,pants-fire,1,speaker_disjoint_split,1,0.7211721756537339,1,0.6618037849490637
11419.json,bernie-s,mostly-true,0,speaker_disjoint_split,0,0.39631535221393044,0,0.28424242006813727
3234.json,glenn-beck,false,1,speaker_disjoint_split,1,0.7075368937512719,1,0.6566138047856425
12476.json,rush-limbaugh,false,1,speaker_disjoint_split,1,0.8117341876987613,1,0.7870919610274546
3715.json,scott-walker,true,0,speaker_disjoint_split,1,0.5942222937866718,0,0.47382797600680865
7611.json,susan-yoshihara,false,1,speaker_disjoint_split,1,0.6157266591761988,1,0.5436508806748084
8923.json,national-republican-congressional-committee,half-true,0,speaker_disjoint_split,1,0.7859771901581835,1,0.6586948528893073
8786.json,national-republican-congressional-committee,half-true,0,speaker_disjoint_split,1,0.6060643974921501,1,0.4914731448916584
318.json,john-mccain,barely-true,1,speaker_disjoint_split,0,0.4366653822897721,0,0.3805486219619241
10776.json,richard-clarke,barely-true,1,speaker_disjoint_split,1,0.7597561851938485,1,0.6109789979772419
2718.json,lloyd-doggett,mostly-true,0,speaker_disjoint_split,1,0.6702515249185934,1,0.5643530748398662
12501.json,gary-johnson,barely-true,1,speaker_disjoint_split,0,0.5203574868627965,0,0.4821854841985157
6894.json,joe-biden,half-true,0,speaker_disjoint_split,0,0.4581357847765991,0,0.3832472412108191
12852.json,donald-trump,pants-fire,1,speaker_disjoint_split,1,0.6570053125292197,1,0.49983265112254466
11618.json,donald-trump,pants-fire,1,speaker_disjoint_split,0,0.4348215157368642,0,0.3572811206368698
4176.json,sam-olens,false,1,speaker_disjoint_split,1,0.6355912507766956,1,0.5589615000209537
7058.json,taxpayer-association-oregon,half-true,0,speaker_disjoint_split,1,0.5797416567855476,1,0.568992957177147
2454.json,republican-party-florida,barely-true,1,speaker_disjoint_split,1,0.6200575903385809,1,0.4920396229733574
5726.json,sara-stevenson,barely-true,1,speaker_disjoint_split,0,0.4363163226824465,0,0.32582609722805894
3015.json,mike-polensek,half-true,0,speaker_disjoint_split,0,0.39641656533683195,0,0.16967831073871045
5901.json,oregon-league-conservation-voters,barely-true,1,speaker_disjoint_split,1,0.736861913130546,1,0.6984036915048853
11882.json,carly-fiorina,true,0,speaker_disjoint_split,0,0.3920683986661775,0,0.25338948820870977
8227.json,bill-clinton,true,0,speaker_disjoint_split,0,0.44387326147560197,0,0.38642865601294923
3138.json,ken-cuccinelli,true,0,speaker_disjoint_split,0,0.534285743499312,1,0.5280885862787402
2301.json,michael-thurmond,true,0,speaker_disjoint_split,0,0.39968671374261383,0,0.3282402655902791
5809.json,samuel-wurzelbacher,false,1,speaker_disjoint_split,1,0.953443976599825,1,0.7764307534948948
7761.json,charlie-crist,false,1,speaker_disjoint_split,1,0.6873616203748663,1,0.5260989575342215
2488.json,sam-adams,half-true,0,speaker_disjoint_split,1,0.6815826129018445,1,0.541382472411948
3947.json,ted-ferrioli,half-true,0,speaker_disjoint_split,0,0.5283666245397726,1,0.5382029892275675
12862.json,donald-trump,pants-fire,1,speaker_disjoint_split,1,0.6916894535787408,1,0.5956997624969745
1004.json,joe-biden,pants-fire,1,speaker_disjoint_split,0,0.4412305890022242,0,0.326204774351635
1466.json,debra-medina,half-true,0,speaker_disjoint_split,0,0.4491319433712889,0,0.47483897209467424
2343.json,yvette-mcgee-brown,true,0,speaker_disjoint_split,0,0.3833332435738493,0,0.23936968421411706
2951.json,democratic-congressional-campaign-committee,half-true,0,speaker_disjoint_split,1,0.6069933287937046,1,0.5407877549166261
2156.json,catherine-taylor,false,1,speaker_disjoint_split,1,0.6280758458059101,1,0.581801767346566
13414.json,donald-trump,half-true,0,speaker_disjoint_split,1,0.696102265450935,1,0.6209620654407034
11597.json,ben-carson,barely-true,1,speaker_disjoint_split,0,0.5211933522183811,0,0.41981021080065617
9795.json,republican-party-florida,pants-fire,1,speaker_disjoint_split,1,0.804325769665783,1,0.6611020149684709
5295.json,joseph-trillo,half-true,0,speaker_disjoint_split,0,0.5424232648965346,1,0.5170923678937405
48.json,ron-paul,mostly-true,0,speaker_disjoint_split,0,0.2510997309858815,0,0.21727743143247275
4587.json,jon-huntsman,half-true,0,speaker_disjoint_split,0,0.3971931915907331,0,0.34120183536520166
2583.json,rob-cornilles,half-true,0,speaker_disjoint_split,0,0.52404466681518,0,0.4269804307909493
13406.json,donald-trump,true,0,speaker_disjoint_split,0,0.3782205151297964,0,0.29127048718355264
12357.json,david-jolly,barely-true,1,speaker_disjoint_split,0,0.5524060795333751,1,0.5266903637261452
3184.json,glenn-beck,half-true,0,speaker_disjoint_split,1,0.7894633940028627,1,0.754744858865484
11530.json,republican-party-florida,mostly-true,0,speaker_disjoint_split,1,0.5829003335962698,0,0.4473713118629129
5267.json,nathan-deal,false,1,speaker_disjoint_split,0,0.40083186891805933,0,0.391127145977482
5088.json,jon-huntsman,half-true,0,speaker_disjoint_split,0,0.5223977329465792,0,0.4373718144748607
8346.json,jeb-hensarling,pants-fire,1,speaker_disjoint_split,1,0.7961049297674023,1,0.7371970701434227
10629.json,james-carville,false,1,speaker_disjoint_split,1,0.5814420401959021,0,0.4177124531486573
2118.json,melanie-crozier,pants-fire,1,speaker_disjoint_split,1,0.7338639974368538,1,0.6859758494056317
3812.json,rush-limbaugh,barely-true,1,speaker_disjoint_split,1,0.684582015518975,1,0.5931003943377383
3042.json,new-georgia-encyclopedia,true,0,speaker_disjoint_split,1,0.7450049159960683,1,0.7695211949804057
2694.json,promote-oregon-leadership-pac-oregon-house-republi,true,0,speaker_disjoint_split,1,0.7072269225755778,1,0.6550306359348894
3383.json,blog-posting,false,1,speaker_disjoint_split,1,0.7352343697635237,1,0.7128924803907847
5823.json,nathan-deal,barely-true,1,speaker_disjoint_split,0,0.19100714241319533,0,0.19770413293821149
12470.json,donald-trump,barely-true,1,speaker_disjoint_split,1,0.5876138393972176,1,0.5729154822360991
666.json,joe-biden,half-true,0,speaker_disjoint_split,1,0.5782605258525255,0,0.4305247022569097
2937.json,john-kasich,true,0,speaker_disjoint_split,0,0.4864371490998171,0,0.43703166426208295
138.json,ron-paul,mostly-true,0,speaker_disjoint_split,1,0.9163455683501378,1,0.8068851011144862
4720.json,jon-huntsman,true,0,speaker_disjoint_split,0,0.47708542998833303,0,0.46844072875499243
1111.json,bill-pascrell,half-true,0,speaker_disjoint_split,0,0.4752784686522078,0,0.41957386100907695
7105.json,paul-levesque,mostly-true,0,speaker_disjoint_split,0,0.47318153372276217,0,0.46864303139237634
8605.json,donna-brazile,mostly-true,0,speaker_disjoint_split,1,0.6237685402883428,1,0.543986303295825
330.json,john-mccain,half-true,0,speaker_disjoint_split,0,0.34227675542923747,0,0.3002566141002821
12693.json,joe-biden,half-true,0,speaker_disjoint_split,0,0.40466100053731735,0,0.32193357561809255
819.json,republican-party-florida,half-true,0,speaker_disjoint_split,1,0.8253150622076285,1,0.7151172919912295
7934.json,stephen-sweeney,mostly-true,0,speaker_disjoint_split,0,0.4715327188126415,0,0.433902014922628
614.json,john-mccain,barely-true,1,speaker_disjoint_split,1,0.5971051567248029,1,0.5080352462682747
7208.json,american-international-group,mostly-true,0,speaker_disjoint_split,0,0.34522668595284367,0,0.21940513621894306
642.json,joe-biden,true,0,speaker_disjoint_split,0,0.434889701490528,0,0.3373403162753181
12166.json,donald-trump,pants-fire,1,speaker_disjoint_split,1,0.7118980454928204,1,0.6366140188552871
6793.json,yes-82-and-83-campaign,half-true,0,speaker_disjoint_split,1,0.6632156352155927,1,0.6314549573466742
9565.json,charlie-crist,half-true,0,speaker_disjoint_split,1,0.7825121689797778,1,0.6289165987435756
13376.json,dan-patrick,true,0,speaker_disjoint_split,1,0.6282729063104135,0,0.48827338713183355
11061.json,jan-brewer,barely-true,1,speaker_disjoint_split,0,0.5004631021198983,1,0.5429860761568958
12434.json,donald-trump,pants-fire,1,speaker_disjoint_split,1,0.7853501638963807,1,0.6614733308148569
1703.json,bill-clinton,half-true,0,speaker_disjoint_split,0,0.5337977582609174,0,0.45918922848385796
4443.json,ron-paul,mostly-true,0,speaker_disjoint_split,0,0.2642737587807685,0,0.2381599162541365
9918.json,scott-walker,true,0,speaker_disjoint_split,0,0.4832176809948918,0,0.43488109403883485
10319.json,tom-coburn,half-true,0,speaker_disjoint_split,0,0.49272252006750117,0,0.4812942048776042
9057.json,nathan-deal,barely-true,1,speaker_disjoint_split,0,0.3373624908633232,0,0.24842043831690827
1457.json,glenn-beck,half-true,0,speaker_disjoint_split,1,0.7178520643313261,1,0.6604506445702436
4163.json,ron-paul,true,0,speaker_disjoint_split,0,0.37949447019009047,0,0.27454330401883315
3183.json,democratic-congressional-campaign-committee,pants-fire,1,speaker_disjoint_split,1,0.6390812090452906,1,0.6174555453289664
2038.json,john-oxendine,half-true,0,speaker_disjoint_split,1,0.5929824939016545,1,0.5312489799292914
1837.json,colin-powell,true,0,speaker_disjoint_split,0,0.3095995679080555,0,0.2285469405930414
6296.json,bill-pascrell,false,1,speaker_disjoint_split,1,0.7073783731912875,1,0.5748838951745884
3448.json,sam-adams,mostly-true,0,speaker_disjoint_split,0,0.48275500477811845,0,0.38070886993873965
3292.json,donna-brazile,mostly-true,0,speaker_disjoint_split,1,0.6809246285531865,1,0.562006746693788
12828.json,bike-austin,barely-true,1,speaker_disjoint_split,0,0.31523255037601206,0,0.3045924891984081
10596.json,john-fredericks,false,1,speaker_disjoint_split,0,0.4058762250255985,0,0.4356601362883562
4942.json,jon-huntsman,barely-true,1,speaker_disjoint_split,0,0.45891378693893037,0,0.42770405216821994
6718.json,jeanne-shaheen,half-true,0,speaker_disjoint_split,0,0.31803366739953454,0,0.2737941817945916
6796.json,val-demings,barely-true,1,speaker_disjoint_split,1,0.6749753025442884,1,0.692624886480075
3479.json,joanne-kloppenburg,barely-true,1,speaker_disjoint_split,1,0.9007270767904354,1,0.7622136774377689
6997.json,tim-kaine,mostly-true,0,speaker_disjoint_split,0,0.4965464327562937,0,0.4293830006241957
8398.json,national-republican-congressional-committee,barely-true,1,speaker_disjoint_split,1,0.6214515483714176,1,0.5497001284095123
11003.json,blog-posting,false,1,speaker_disjoint_split,1,0.8068382645810893,1,0.8858606750203677
4674.json,iowans-some-semblance-christian-decency,false,1,speaker_disjoint_split,1,0.6196177478770567,1,0.5757267091990145
2025.json,keith-olbermann,false,1,speaker_disjoint_split,0,0.49311503950328067,0,0.46387685255235683
11041.json,bernie-s,mostly-true,0,speaker_disjoint_split,0,0.31128604610861743,0,0.27752944981659367
1374.json,charlie-crist,true,0,speaker_disjoint_split,1,0.774054737939585,1,0.6161616967232747
8144.json,ken-cuccinelli,half-true,0,speaker_disjoint_split,1,0.6028995003177644,1,0.5502759736717706
4441.json,debbie-wasserman-schultz,mostly-true,0,speaker_disjoint_split,0,0.3405501078213229,0,0.2816066472667526
5504.json,lenny-curry,false,1,speaker_disjoint_split,1,0.6294352614787332,1,0.5527162932841853
6646.json,bill-clinton,true,0,speaker_disjoint_split,1,0.6317735314689906,1,0.5568874420949943
13349.json,donald-trump,pants-fire,1,speaker_disjoint_split,0,0.4807143697595782,1,0.49658366504936907
11556.json,ben-carson,barely-true,1,speaker_disjoint_split,1,0.5941842039692188,1,0.5263031734953421
1795.json,charlie-crist,mostly-true,0,speaker_disjoint_split,1,0.5871248157360459,0,0.44381572155228666
8256.json,steve-munisteri,half-true,0,speaker_disjoint_split,0,0.4823814208156241,0,0.3729277566900899
10052.json,sarah-silverman,half-true,0,speaker_disjoint_split,0,0.47489892012594054,0,0.3319512036882301
9651.json,debbie-wasserman-schultz,mostly-true,0,speaker_disjoint_split,1,0.6597279989132441,1,0.5828660622322823
12277.json,donald-trump,mostly-true,0,speaker_disjoint_split,0,0.24412454813023632,0,0.25858454195198205
12326.json,donald-trump,pants-fire,1,speaker_disjoint_split,0,0.5383911867128489,1,0.5781541422177825
8715.json,donna-brazile,mostly-true,0,speaker_disjoint_split,1,0.6617416200221606,1,0.5360266858063973
2150.json,chris-carpenter,pants-fire,1,speaker_disjoint_split,1,0.8082762186784885,1,0.7292964657429267
5030.json,jeff-merkley,true,0,speaker_disjoint_split,0,0.5470669179327158,0,0.41252773265744597
11734.json,carly-fiorina,barely-true,1,speaker_disjoint_split,0,0.4412041481966358,0,0.3403471501575614
616.json,john-mccain,barely-true,1,speaker_disjoint_split,1,0.6763261122940606,1,0.6171568460129745
1901.json,james-carville,barely-true,1,speaker_disjoint_split,0,0.42135429928124185,0,0.17671774930305803
13373.json,chris-sununu,false,1,speaker_disjoint_split,1,0.7492065322650384,1,0.6398715413665932
1637.json,charlie-crist,false,1,speaker_disjoint_split,0,0.5078753051074685,0,0.43432778534102473
5255.json,john-kasich,true,0,speaker_disjoint_split,0,0.4160494928517966,0,0.45292174010131564
11104.json,donald-trump,false,1,speaker_disjoint_split,1,0.570133027955913,0,0.4728333720903631
13233.json,donald-trump,barely-true,1,speaker_disjoint_split,1,0.6636724918906881,1,0.5680129775912942
2306.json,donna-brazile,mostly-true,0,speaker_disjoint_split,0,0.1360883863438069,0,0.1196892240922116
9677.json,joe-biden,half-true,0,speaker_disjoint_split,0,0.44886305275887123,0,0.3701973745879969
11975.json,john-mccain,barely-true,1,speaker_disjoint_split,0,0.5441047851855028,1,0.5482952186173025
2310.json,chip-rogers,barely-true,1,speaker_disjoint_split,0,0.30668214355960866,0,0.20101508619972305
12876.json,bill-clinton,mostly-true,0,speaker_disjoint_split,0,0.5576850882795139,1,0.5099826613736588
6005.json,scott-walker,half-true,0,speaker_disjoint_split,0,0.4741363711927681,0,0.4274711166069547
6798.json,yg-action-fund,half-true,0,speaker_disjoint_split,1,0.6333193230890478,1,0.6360872471249958
2350.json,blog-posting,pants-fire,1,speaker_disjoint_split,1,0.7035777919336383,1,0.7192027914660805
5969.json,scott-walker,false,1,speaker_disjoint_split,1,0.5653871359492125,1,0.5217505723180891
9086.json,mark-begich,mostly-true,0,speaker_disjoint_split,1,0.6642542250744424,1,0.5442677392840546
2886.json,blog-posting,pants-fire,1,speaker_disjoint_split,1,0.7437399830278901,1,0.768440382522288
9188.json,james-carville,barely-true,1,speaker_disjoint_split,1,0.6946885024037115,1,0.5443853742530631
7875.json,abel-collins,mostly-true,0,speaker_disjoint_split,0,0.3533464376469501,0,0.23693885191413144
3925.json,debbie-wasserman-schultz,mostly-true,0,speaker_disjoint_split,1,0.6054405031273652,1,0.5281082579246772
4196.json,jon-huntsman,barely-true,1,speaker_disjoint_split,1,0.5737656079500252,0,0.47829271122129463
2119.json,john-robitaille,half-true,0,speaker_disjoint_split,1,0.6801300088608586,1,0.5093176504437529
13501.json,blog-posting,pants-fire,1,speaker_disjoint_split,1,0.6983656428796383,1,0.6740515078226483
13195.json,donald-trump,false,1,speaker_disjoint_split,0,0.31461864810185414,0,0.3151915222868843
3347.json,brian-moran,half-true,0,speaker_disjoint_split,1,0.628269653407814,1,0.5918894693309948
10979.json,bill-clinton,mostly-true,0,speaker_disjoint_split,1,0.6729809811731429,1,0.5880346556824827
12726.json,donald-trump,false,1,speaker_disjoint_split,1,0.733127521179354,1,0.6443002596334374
3569.json,john-kasich,false,1,speaker_disjoint_split,1,0.870949888392477,1,0.7908425993244553
4577.json,occupied-wall-street-journal,half-true,0,speaker_disjoint_split,0,0.2718735484453517,0,0.3073420865494938
13008.json,donald-trump,barely-true,1,speaker_disjoint_split,1,0.5949172440981184,1,0.4975236774994585
11856.json,bernie-s,half-true,0,speaker_disjoint_split,0,0.42212105680738543,0,0.3611491845026788
8579.json,mike-plant,mostly-true,0,speaker_disjoint_split,0,0.4589281157848447,0,0.3531378955503129
5291.json,jim-whelan,mostly-true,0,speaker_disjoint_split,0,0.2643884044718049,0,0.28172781470671354
12421.json,scott-walker,mostly-true,0,speaker_disjoint_split,0,0.451032444017672,0,0.42264215966721314
7391.json,keith-faber,true,0,speaker_disjoint_split,0,0.0,0,0.003320485954657555
632.json,jerome-corsi,false,1,speaker_disjoint_split,1,0.706058351158379,1,0.6591538413734856
13189.json,tim-kaine,true,0,speaker_disjoint_split,0,0.555643595845132,0,0.431198352682405
7996.json,ken-cuccinelli,false,1,speaker_disjoint_split,1,0.6075158435109624,1,0.5210275534417199
3924.json,gary-black,half-true,0,speaker_disjoint_split,0,0.48497310700909013,1,0.6765519483456309
3467.json,nathan-deal,mostly-true,0,speaker_disjoint_split,0,0.2786332822218637,0,0.281185775124633
11508.json,david-cicilline,half-true,0,speaker_disjoint_split,0,0.3321542593072839,0,0.19683880663034065
2497.json,mark-hinkle,true,0,speaker_disjoint_split,0,0.3449914860195206,0,0.2600775294176489
12785.json,bill-clinton,mostly-true,0,speaker_disjoint_split,1,0.6762764983711357,1,0.5833629462279928
3690.json,national-republican-congressional-committee,mostly-true,0,speaker_disjoint_split,0,0.4506253133169139,0,0.38409204553309934
1402.json,donna-brazile,mostly-true,0,speaker_disjoint_split,1,0.6886404549754267,1,0.5560870465843345
13243.json,donald-trump,barely-true,1,speaker_disjoint_split,1,0.7370363686701897,1,0.652925366443376
7409.json,dave-joyce,true,0,speaker_disjoint_split,0,0.2586865974304649,0,0.29717953976405936
2129.json,jeanne-shaheen,half-true,0,speaker_disjoint_split,0,0.4623497833328487,0,0.3963841972591281
3530.json,bob-graham,mostly-true,0,speaker_disjoint_split,0,0.3648787634639392,0,0.2769516213194744
320.json,john-mccain,true,0,speaker_disjoint_split,0,0.501804580476466,0,0.4277717833476464
7078.json,kirk-watson,mostly-true,0,speaker_disjoint_split,0,0.4275049960411576,0,0.4078980163085317
696.json,john-mccain,false,1,speaker_disjoint_split,1,0.6310459739518764,1,0.5479844850765425
4648.json,phil-kent,false,1,speaker_disjoint_split,1,0.6665407092736424,1,0.7443073845520911
10736.json,mike-huebsch,false,1,speaker_disjoint_split,1,0.6654757262496006,1,0.6494721629779601
12857.json,donald-trump,false,1,speaker_disjoint_split,1,0.8258550468509125,1,0.7874534965164806
11671.json,debbie-wasserman-schultz,pants-fire,1,speaker_disjoint_split,1,0.5991449311816703,0,0.47076584091630913
1.json,barbara-ann-radnofsky,pants-fire,1,speaker_disjoint_split,1,0.6341604786256478,0,0.4107368735734874
8135.json,dubose-porter,mostly-true,0,speaker_disjoint_split,0,0.2110492560191416,0,0.17988528698005699
4469.json,brad-avakian,false,1,speaker_disjoint_split,0,0.3976495188707928,0,0.29325150243872966
6993.json,democratic-congressional-campaign-committee,false,1,speaker_disjoint_split,1,0.6377953842616778,1,0.6160483429414065
8700.json,gilberto-hinojosa,half-true,0,speaker_disjoint_split,0,0.17939943926711105,0,0.174651279417769
5641.json,graeme-zielinski,pants-fire,1,speaker_disjoint_split,1,0.8497322083767508,1,0.5593975652866683
2479.json,scott-walker,barely-true,1,speaker_disjoint_split,1,0.7886384080965415,1,0.6637521913095441
9447.json,democratic-congressional-campaign-committee,false,1,speaker_disjoint_split,0,0.5580721989599781,1,0.5076266064085483
311.json,john-mccain,false,1,speaker_disjoint_split,0,0.5167671306445654,0,0.4458493264629595
2735.json,charlie-crist,barely-true,1,speaker_disjoint_split,0,0.46070783391051356,0,0.42305626026838966
477.json,john-mccain,mostly-true,0,speaker_disjoint_split,1,0.791614167038498,1,0.7280563876347464
12144.json,tim-finchem,mostly-true,0,speaker_disjoint_split,0,0.39592327535453914,0,0.3524907143815857
11110.json,scott-walker,barely-true,1,speaker_disjoint_split,0,0.5427669569156265,0,0.4893986025577618
8190.json,michael-bloomberg,mostly-true,0,speaker_disjoint_split,0,0.27325198591861094,0,0.24853836393128872
13246.json,national-republican-congressional-committee,false,1,speaker_disjoint_split,1,0.7294924216432104,1,0.6178613697759404
2049.json,charlie-crist,true,0,speaker_disjoint_split,1,0.6092092306365081,0,0.437571305011584
1135.json,david-axelrod,true,0,speaker_disjoint_split,1,0.6657847063058082,1,0.5218538961024143
1898.json,charlie-crist,mostly-true,0,speaker_disjoint_split,1,0.5683218457798164,0,0.44655377791039025
2840.json,dean-cannon,barely-true,1,speaker_disjoint_split,0,0.4321857573157044,0,0.30034121870867203
9341.json,miami-seaport-alliance,mostly-true,0,speaker_disjoint_split,1,0.6604284024891265,1,0.601890134029235
3670.json,david-cicilline,barely-true,1,speaker_disjoint_split,1,0.5864086056906214,1,0.5095017904780574
10892.json,ann-coulter,pants-fire,1,speaker_disjoint_split,0,0.43058160637611337,0,0.36689929186306025
8194.json,bookerfail,barely-true,1,speaker_disjoint_split,0,0.4074397573944609,0,0.25688052769929787
2226.json,debbie-wasserman-schultz,half-true,0,speaker_disjoint_split,1,0.6004035537148128,1,0.5806763038199962
8926.json,national-republican-congressional-committee,half-true,0,speaker_disjoint_split,1,0.8213289791643497,1,0.7139330416842075
5118.json,democratic-party-oregon,barely-true,1,speaker_disjoint_split,1,0.816747729280711,1,0.6918824553105544
8548.json,jeff-merkley,true,0,speaker_disjoint_split,1,0.5721729466159942,0,0.4642287409685536
1359.json,eugene-robinson,mostly-true,0,speaker_disjoint_split,1,0.6283882997865518,1,0.6151707162113109
8431.json,larry-elder,false,1,speaker_disjoint_split,1,0.6820026000261615,1,0.7018776699707274
1036.json,rush-limbaugh,barely-true,1,speaker_disjoint_split,0,0.47184198720584825,1,0.5099562192782893
2530.json,national-republican-congressional-committee,false,1,speaker_disjoint_split,1,0.7723934765037814,1,0.5862624644033484
6622.json,julian-castro,true,0,speaker_disjoint_split,0,0.44183389247766597,0,0.38336157435560014
7564.json,wayne-lapierre,half-true,0,speaker_disjoint_split,0,0.5455905278754433,1,0.5017361412315924
4518.json,gary-johnson,half-true,0,speaker_disjoint_split,0,0.47790809633813064,0,0.42098062633095606
3858.json,jeff-merkley,mostly-true,0,speaker_disjoint_split,0,0.3629268728615591,0,0.3299796417474362
5527.json,state-democratic-party-wisconsin,false,1,speaker_disjoint_split,1,0.6769607191256597,1,0.575353426606978
8702.json,jeff-merkley,true,0,speaker_disjoint_split,0,0.44815668916706547,0,0.3783673652314678
12264.json,bernie-s,barely-true,1,speaker_disjoint_split,0,0.4809627348685684,0,0.39237529465814
4271.json,nicholas-scutari,true,0,speaker_disjoint_split,1,0.6423446735846524,0,0.4701228898961269
11804.json,dale-kooyenga,false,1,speaker_disjoint_split,1,0.6537713422136717,1,0.5148625804781197
12030.json,bernie-s,mostly-true,0,speaker_disjoint_split,0,0.3528294015038639,0,0.3560643889069248
4097.json,joseph-trillo,pants-fire,1,speaker_disjoint_split,0,0.45667631967629285,0,0.4155835546561108
11294.json,scott-walker,true,0,speaker_disjoint_split,0,0.5460292726191643,0,0.46566163109802977
532.json,john-mccain,false,1,speaker_disjoint_split,0,0.484755934384065,0,0.45666748294571086
8810.json,ron-paul,false,1,speaker_disjoint_split,1,0.6117059779689181,1,0.5441000353253876
9088.json,florida-stop-common-core-coalition,half-true,0,speaker_disjoint_split,0,0.43786418928970033,0,0.381547191223856
1365.json,charlie-crist,half-true,0,speaker_disjoint_split,0,0.3916568789629279,0,0.3002656495765514
5842.json,jana-duty,barely-true,1,speaker_disjoint_split,1,0.6040915553367547,0,0.48093674584378954
12878.json,democratic-congressional-campaign-committee,barely-true,1,speaker_disjoint_split,1,0.6279441835535209,1,0.6268235202378568
8315.json,carol-shea-porter,mostly-true,0,speaker_disjoint_split,1,0.7595213446288139,1,0.5771534065128604
91.json,bill-richardson,mostly-true,0,speaker_disjoint_split,0,0.46126045543179617,0,0.3342014845968442
12916.json,donald-trump,false,1,speaker_disjoint_split,0,0.4057391031451913,0,0.38975428733546175
13442.json,donald-trump,pants-fire,1,speaker_disjoint_split,1,0.5886911707960688,0,0.4870196785513476
13309.json,donald-trump,pants-fire,1,speaker_disjoint_split,1,0.5797313324231712,1,0.5853582582116835
1383.json,michael-bloomberg,half-true,0,speaker_disjoint_split,0,0.2632880063732027,0,0.3476440052384183
117.json,john-mccain,false,1,speaker_disjoint_split,0,0.3943048600449229,0,0.40367300114496796
7560.json,robert-kando,half-true,0,speaker_disjoint_split,1,0.6432900566649826,1,0.5209897415908157
5049.json,ron-paul,false,1,speaker_disjoint_split,1,0.6115360123794871,1,0.49823196847077833
11216.json,alliance-defending-freedom,half-true,0,speaker_disjoint_split,1,0.6784540424055201,1,0.5895211620779873
6216.json,stephen-sweeney,true,0,speaker_disjoint_split,1,0.599389730134167,1,0.5880254171073738
4246.json,tom-coburn,half-true,0,speaker_disjoint_split,0,0.4094853921147775,0,0.40923396093967135
7955.json,raymond-gallison,half-true,0,speaker_disjoint_split,0,0.46543405649337205,0,0.4115478897162376
12035.json,arnold-schwarzenegger,mostly-true,0,speaker_disjoint_split,0,0.37317644359390484,0,0.30048172004412504
2745.json,national-republican-congressional-committee,false,1,speaker_disjoint_split,1,0.8783573980561102,1,0.6812979142543689
5508.json,texas-democratic-party,mostly-true,0,speaker_disjoint_split,0,0.41731205629909524,0,0.4205890670756758
1717.json,house-natural-resources-committee-republicans,barely-true,1,speaker_disjoint_split,1,0.6321501050697435,1,0.49529706504210086
1865.json,thurbert-baker,half-true,0,speaker_disjoint_split,0,0.5255183609048795,0,0.41201227329918005
11537.json,tim-echols,mostly-true,0,speaker_disjoint_split,1,0.6750366314454103,1,0.5571920393732166
1081.json,ann-coulter,false,1,speaker_disjoint_split,1,0.8074159413879296,1,0.7317897025203883
8512.json,glenn-beck,pants-fire,1,speaker_disjoint_split,1,0.740474184266546,1,0.7070766974441377
5376.json,elizabeth-ames-jones,false,1,speaker_disjoint_split,1,0.7544110671704545,1,0.6354393010902025
5141.json,rob-cornilles,true,0,speaker_disjoint_split,1,0.7160771079161821,1,0.6281540630059763
9572.json,scott-walker,mostly-true,0,speaker_disjoint_split,1,0.6171472747134376,1,0.5713917311693978
2478.json,jeff-merkley,mostly-true,0,speaker_disjoint_split,1,0.6311192760644946,1,0.5190227085284995
10563.json,scott-walker,true,0,speaker_disjoint_split,0,0.491208467181264,1,0.5006161040416779
12181.json,bernie-s,half-true,0,speaker_disjoint_split,1,0.6932110728311711,1,0.5995501262880093
10077.json,mark-shields,barely-true,1,speaker_disjoint_split,0,0.4738193933962427,0,0.3836462306968906
5404.json,frank-niceley,pants-fire,1,speaker_disjoint_split,0,0.5048337067234459,1,0.6525958043535597
5989.json,bob-gibbs,true,0,speaker_disjoint_split,0,0.3622116666222637,0,0.32744483721129825
12525.json,louie-gohmert,half-true,0,speaker_disjoint_split,0,0.3680159190922977,0,0.2613382631500069
2766.json,democratic-party-oregon,false,1,speaker_disjoint_split,0,0.47271143032368834,0,0.3765561355249022
4360.json,club-growth,half-true,0,speaker_disjoint_split,1,0.8011210056637003,1,0.705422992194802
4618.json,sam-adams,barely-true,1,speaker_disjoint_split,1,0.620360782212945,0,0.47594577862490867
6395.json,steve-doell,true,0,speaker_disjoint_split,0,0.4015942538157698,0,0.329384032687299
5977.json,scott-walker,barely-true,1,speaker_disjoint_split,0,0.48695577385288913,0,0.45727268858284464
12748.json,donald-trump,true,0,speaker_disjoint_split,0,0.3170590205091018,0,0.20279859733139052
5067.json,bill-pascrell,half-true,0,speaker_disjoint_split,0,0.5001765615298179,0,0.40141636431200495
2220.json,courtney-combs,pants-fire,1,speaker_disjoint_split,0,0.5264115981111137,1,0.6335271504537645
12799.json,michael-bloomberg,mostly-true,0,speaker_disjoint_split,1,0.5882460866580868,1,0.5596492693155569
7805.json,tim-echols,half-true,0,speaker_disjoint_split,0,0.38031869781380917,0,0.2800008387782454
12576.json,donald-trump,pants-fire,1,speaker_disjoint_split,0,0.5430012600854159,0,0.4208400053973544
5622.json,peter-defazio,barely-true,1,speaker_disjoint_split,0,0.46709730989792964,1,0.5229941234147322
11728.json,donald-trump,pants-fire,1,speaker_disjoint_split,1,0.8308488476318107,1,0.7232795843297919
9039.json,rush-limbaugh,false,1,speaker_disjoint_split,1,0.7963617333715205,1,0.696870641703016
5748.json,lamar-alexander,barely-true,1,speaker_disjoint_split,1,0.754140951377119,1,0.6397479359762317
2959.json,bernie-s,true,0,speaker_disjoint_split,0,0.4321323507803708,0,0.30631695608224097
2045.json,david-axelrod,mostly-true,0,speaker_disjoint_split,1,0.6889930126612742,1,0.519774343428981
7031.json,david-cicilline,true,0,speaker_disjoint_split,1,0.5892122515565241,1,0.5087435161977306
6507.json,friends-democracy,barely-true,1,speaker_disjoint_split,1,0.6045536037616291,1,0.5687805457522226
561.json,john-mccain,false,1,speaker_disjoint_split,1,0.6374300179571845,1,0.5604824270404666
639.json,john-mccain,pants-fire,1,speaker_disjoint_split,1,0.64018017868115,1,0.5955984155665394
1582.json,cathie-adams,pants-fire,1,speaker_disjoint_split,1,0.6253169076749173,1,0.5226482439870147
513.json,john-mccain,true,0,speaker_disjoint_split,0,0.294296340654265,0,0.28429178564704494
747.json,john-mccain,mostly-true,0,speaker_disjoint_split,1,0.5746771877845702,1,0.5548919651820555
3873.json,austan-goolsbee,mostly-true,0,speaker_disjoint_split,0,0.34057118754864885,0,0.26922830050595203
3214.json,joe-biden,barely-true,1,speaker_disjoint_split,1,0.5894466062541568,0,0.42585588908126254
5818.json,ron-paul,false,1,speaker_disjoint_split,1,0.5759677189636113,0,0.4181534359981315
3680.json,kathleen-sebelius,mostly-true,0,speaker_disjoint_split,0,0.5491835977754022,1,0.5503782732041792
12956.json,donald-trump,barely-true,1,speaker_disjoint_split,1,0.7390110434754448,1,0.664933707068671
12320.json,julian-castro,half-true,0,speaker_disjoint_split,1,0.6644531144722018,1,0.6071010028590382
10136.json,national-republican-congressional-committee,barely-true,1,speaker_disjoint_split,1,0.5612547406736408,1,0.5127089520471652
3742.json,john-kasich,true,0,speaker_disjoint_split,0,0.3686734099129351,0,0.3984622060426303
5686.json,john-kasich,true,0,speaker_disjoint_split,0,0.4425824716216896,0,0.4518320919853991
2100.json,john-mccain,barely-true,1,speaker_disjoint_split,0,0.37252304353360627,0,0.30959121995113936
7451.json,greg-walden,barely-true,1,speaker_disjoint_split,1,0.5669885797472461,1,0.5725223506274466
158.json,joe-biden,false,1,speaker_disjoint_split,0,0.49404176632213204,0,0.3262375953479525
2548.json,national-republican-congressional-committee,barely-true,1,speaker_disjoint_split,0,0.4760545444955464,0,0.3645939683834003
11222.json,rhode-island-center-freedom-and-prosperity,half-true,0,speaker_disjoint_split,0,0.5593822672900043,0,0.4628585401332449
12614.json,charlie-crist,barely-true,1,speaker_disjoint_split,0,0.5528790037185186,0,0.459966095873669
12597.json,arizona-house-democrats,mostly-true,0,speaker_disjoint_split,1,0.7361298816664678,1,0.6046105764195056
10772.json,scott-walker,false,1,speaker_disjoint_split,0,0.5020736719781914,1,0.5125451331951463
2031.json,anthony-gemma,false,1,speaker_disjoint_split,1,0.7595521876302882,1,0.6800285244396878
1946.json,fair-districts-florida,true,0,speaker_disjoint_split,0,0.3695653929414577,0,0.1661021999094
6672.json,julian-castro,mostly-true,0,speaker_disjoint_split,0,0.3969520801670205,0,0.37999226503434197
3824.json,ej-finocchio,false,1,speaker_disjoint_split,1,0.611092381403069,1,0.6046086082658696
8806.json,democratic-congressional-campaign-committee,half-true,0,speaker_disjoint_split,0,0.46429685917213953,1,0.5064036731116954
12607.json,donald-trump,half-true,0,speaker_disjoint_split,0,0.4209072697941157,0,0.39769676262824066
687.json,john-mccain,barely-true,1,speaker_disjoint_split,1,0.7044471965180915,1,0.5757765233060015
182.json,bill-richardson,true,0,speaker_disjoint_split,0,0.3562752343860994,0,0.26511668895507734
10862.json,eric-turner,pants-fire,1,speaker_disjoint_split,0,0.4337177074400815,0,0.3184506818019967
7863.json,republican-governors-association,mostly-true,0,speaker_disjoint_split,0,0.4874191756730197,0,0.41661840733875605
6196.json,majority-pac,barely-true,1,speaker_disjoint_split,0,0.46941080085745096,0,0.3129540449991527
11866.json,bernie-s,half-true,0,speaker_disjoint_split,1,0.5902311605960636,0,0.44316317829312346
2281.json,michael-bloomberg,true,0,speaker_disjoint_split,1,0.612449885769299,1,0.5665177488797022
7813.json,lynn-derbyshire,mostly-true,0,speaker_disjoint_split,0,0.5545095175629037,1,0.5099191807102872
778.json,john-mccain,false,1,speaker_disjoint_split,0,0.3097330369326221,0,0.2955889050503688
9131.json,republican-governors-association,mostly-true,0,speaker_disjoint_split,1,0.5803677139868869,1,0.49586863531367864
1281.json,claire-mccaskill,true,0,speaker_disjoint_split,1,0.5924756323353071,1,0.563646395039821
9715.json,dennis-richardson,true,0,speaker_disjoint_split,0,0.42505985079990277,0,0.4123521227410678
3230.json,donald-trump,pants-fire,1,speaker_disjoint_split,1,0.580585371743544,1,0.5273077374711594
6105.json,ron-paul,barely-true,1,speaker_disjoint_split,0,0.49815429545511153,0,0.4089121394501615
9846.json,charlie-crist,false,1,speaker_disjoint_split,1,0.9202560738434354,1,0.7672474221191978
6907.json,joe-biden,true,0,speaker_disjoint_split,1,0.6685177538346554,1,0.5365894927232441
4341.json,regina-benjamin,true,0,speaker_disjoint_split,0,0.3848619205505023,0,0.2672894555327609
1536.json,debbie-wasserman-schultz,mostly-true,0,speaker_disjoint_split,0,0.4613581476659979,0,0.4291690839034368
12978.json,david-plouffe,mostly-true,0,speaker_disjoint_split,0,0.49298657637290977,0,0.4334588494864922
13107.json,donald-trump,pants-fire,1,speaker_disjoint_split,0,0.5045341900654554,0,0.49027039437941583
2949.json,bernie-s,false,1,speaker_disjoint_split,0,0.37605294474061834,0,0.32312335569451894
13158.json,vote-no-2,half-true,0,speaker_disjoint_split,1,0.6829210147659357,0,0.41426944203790195
12700.json,scott-walker,true,0,speaker_disjoint_split,0,0.30109702398327265,0,0.26101105894733584
4046.json,national-republican-congressional-committee,false,1,speaker_disjoint_split,1,0.6171631911702898,1,0.5651216853456271
62.json,bill-richardson,mostly-true,0,speaker_disjoint_split,1,0.6900334248657009,1,0.5595047045264945
5207.json,silvestre-reyes,half-true,0,speaker_disjoint_split,0,0.47529287167615375,0,0.379285320454076
7480.json,al-cardenas,false,1,speaker_disjoint_split,0,0.5571490185039704,1,0.5805258448209332
3412.json,jeff-merkley,mostly-true,0,speaker_disjoint_split,0,0.45058929748597654,0,0.3765596114847247
11382.json,donald-trump,false,1,speaker_disjoint_split,0,0.40393878558512036,0,0.4171469300018125
4520.json,jennette-gayer,half-true,0,speaker_disjoint_split,0,0.5033070477154373,0,0.46762890994285
2510.json,promote-oregon-leadership-pac-oregon-house-republi,false,1,speaker_disjoint_split,1,0.5614850137967459,1,0.5144963963824963
1808.json,charlie-crist,false,1,speaker_disjoint_split,1,0.5742647929075395,0,0.4372123122803945
4039.json,jeff-fitzgerald,pants-fire,1,speaker_disjoint_split,1,0.6316878956894671,1,0.5712762915757227
7190.json,don-pridemore,true,0,speaker_disjoint_split,0,0.40445919835066624,0,0.3052919387880777
8861.json,national-republican-congressional-committee,half-true,0,speaker_disjoint_split,1,0.6987477932129241,1,0.5819343752228653
5111.json,jon-huntsman,barely-true,1,speaker_disjoint_split,0,0.4806516160211859,0,0.4386428508251004
12440.json,dale-kooyenga,half-true,0,speaker_disjoint_split,0,0.36539902400696067,0,0.3014485144410882
4555.json,bernie-s,true,0,speaker_disjoint_split,0,0.2476834129097776,0,0.18957146180952422
1821.json,tim-kaine,half-true,0,speaker_disjoint_split,0,0.4531725111348338,0,0.36781606528979444
7973.json,ken-cuccinelli,false,1,speaker_disjoint_split,1,0.780148359823858,1,0.6861925986464558
3799.json,evan-longoria,pants-fire,1,speaker_disjoint_split,1,0.7064535584517878,1,0.5497388407751064
7413.json,wayne-lapierre,false,1,speaker_disjoint_split,0,0.5010965883278021,0,0.46758377298159876
11042.json,ron-paul,true,0,speaker_disjoint_split,1,0.5602240990700126,0,0.4384087304711861
7099.json,health-first-wisconsin,false,1,speaker_disjoint_split,0,0.41556387263062844,0,0.33721834497245373
7835.json,republican-party-florida,barely-true,1,speaker_disjoint_split,1,0.7077184821137765,1,0.5842124390049831
9963.json,charlie-crist,half-true,0,speaker_disjoint_split,1,0.5785184382404581,0,0.4797042169836787
13141.json,stop-57-campaign,barely-true,1,speaker_disjoint_split,1,0.7369052667905384,1,0.570599181528724
9755.json,nextgen-climate,half-true,0,speaker_disjoint_split,1,0.7211800940884332,1,0.5354507449558654
11129.json,bernie-s,mostly-true,0,speaker_disjoint_split,0,0.17162375914458486,0,0.1643218120281206
13504.json,dan-patrick,mostly-true,0,speaker_disjoint_split,0,0.22134851730844446,0,0.10198747462431083
1164.json,organizing-america,pants-fire,1,speaker_disjoint_split,1,0.683499593844893,1,0.6166600683066141
11818.json,donald-trump,false,1,speaker_disjoint_split,1,0.6070133859210455,1,0.5890062789781452
12744.json,donald-trump,mostly-true,0,speaker_disjoint_split,0,0.4717144614037048,0,0.4080472363125643
12574.json,scott-walker,mostly-true,0,speaker_disjoint_split,0,0.41505632706635365,0,0.43020672778009983
10692.json,scott-walker,barely-true,1,speaker_disjoint_split,1,0.6366038877972073,1,0.5340797493182393
11381.json,mark-kelly,half-true,0,speaker_disjoint_split,0,0.44551437972055435,0,0.4192619809070325
6897.json,joe-biden,half-true,0,speaker_disjoint_split,0,0.45017299286354723,0,0.3429505384549046
12757.json,donald-trump,mostly-true,0,speaker_disjoint_split,1,0.6005442766646206,1,0.5548505055629239
5299.json,susan-combs,false,1,speaker_disjoint_split,1,0.6602680493718066,1,0.6254634808895357
7563.json,michael-bloomberg,true,0,speaker_disjoint_split,1,0.607209381872259,1,0.5512825303346566
8329.json,saxby-chambliss,barely-true,1,speaker_disjoint_split,1,0.677970920302579,1,0.6288527481733351
4387.json,chip-rogers,mostly-true,0,speaker_disjoint_split,1,0.7127541418026292,1,0.5345515307463904
8451.json,amardeep-kaleka,pants-fire,1,speaker_disjoint_split,0,0.4673811305059634,0,0.48578090220951403
12504.json,blog-posting,pants-fire,1,speaker_disjoint_split,0,0.4781763019413099,1,0.5389932850529606
11074.json,don-beyer,half-true,0,speaker_disjoint_split,1,0.6969734536784892,1,0.5322947432023861
8262.json,charlie-crist,barely-true,1,speaker_disjoint_split,0,0.4014714625300023,0,0.2794642309492676
13239.json,donald-trump,barely-true,1,speaker_disjoint_split,1,0.6707960874124202,1,0.5748078927461112
1592.json,david-axelrod,half-true,0,speaker_disjoint_split,1,0.6230116358241955,0,0.48127179719397956
5473.json,aclu-florida,mostly-true,0,speaker_disjoint_split,0,0.25317122787138957,0,0.36650730959046424
3408.json,alan-powell,mostly-true,0,speaker_disjoint_split,0,0.5092672149015113,0,0.47767798414613016
1155.json,michael-steele,pants-fire,1,speaker_disjoint_split,1,0.6918965366207732,1,0.5683192825592007
1122.json,club-growth,false,1,speaker_disjoint_split,1,0.6561524283484998,1,0.6083631050773348
12803.json,tim-kaine,half-true,0,speaker_disjoint_split,0,0.5505874646828768,0,0.4521932973572928
5409.json,kathleen-vinehout,false,1,speaker_disjoint_split,0,0.4845363027709143,0,0.44817934924845637
7313.json,steve-henson,half-true,0,speaker_disjoint_split,1,0.5763021224637478,1,0.546970386444934
4809.json,joe-biden,true,0,speaker_disjoint_split,0,0.3351687952697024,0,0.27725799472950763
12366.json,philadelphia-daily-news,half-true,0,speaker_disjoint_split,1,0.6412503975746657,1,0.599124993783291
4778.json,lynn-westmoreland,true,0,speaker_disjoint_split,0,0.1668948185450333,0,0.1599347350659005
7908.json,peter-roskam,mostly-true,0,speaker_disjoint_split,0,0.3916277515076407,0,0.42937176783508524
9287.json,scott-walker,half-true,0,speaker_disjoint_split,1,0.664190825374794,1,0.6396001338070108
4795.json,david-plouffe,mostly-true,0,speaker_disjoint_split,1,0.692968579747043,1,0.6488155963034316
4534.json,john-kasich,true,0,speaker_disjoint_split,0,0.5170035622103208,1,0.4986872182898311
7738.json,scott-walker,false,1,speaker_disjoint_split,1,0.6495511703292773,1,0.5642446009633962
2755.json,john-kasich,half-true,0,speaker_disjoint_split,0,0.45101457431035785,0,0.4120271183239856
9949.json,scott-walker,half-true,0,speaker_disjoint_split,1,0.6408999385015077,1,0.5986892086320547
11069.json,allison-tant,barely-true,1,speaker_disjoint_split,1,0.6128353736668115,1,0.583737191136684
12409.json,william-devereaux,true,0,speaker_disjoint_split,1,0.5802226235152768,0,0.4397810214401716
9898.json,angel-taveras,barely-true,1,speaker_disjoint_split,1,0.7558163985220718,1,0.6506229457907419
12400.json,donald-trump,barely-true,1,speaker_disjoint_split,0,0.49660639897450426,0,0.468700600980499
6802.json,david-cicilline,barely-true,1,speaker_disjoint_split,1,0.8079908783282924,1,0.6589787703763194
2957.json,teresa-fedor,barely-true,1,speaker_disjoint_split,0,0.3412515751621066,0,0.27945491886486157
1617.json,charlie-crist,half-true,0,speaker_disjoint_split,0,0.45041320945549645,0,0.3310707697869748
8930.json,jonathan-boucher,pants-fire,1,speaker_disjoint_split,1,0.580006365731522,1,0.5145027214802704
5684.json,lenny-curry,barely-true,1,speaker_disjoint_split,0,0.3890138271977087,0,0.29823185304331873
13481.json,corey-stewart,false,1,speaker_disjoint_split,1,0.6160140962405939,1,0.6058427379661832
8386.json,bill-burton,mostly-true,0,speaker_disjoint_split,0,0.5000497190513383,1,0.49687615119376666
8542.json,ken-detzner,false,1,speaker_disjoint_split,0,0.45000372785871734,0,0.3613255526888716
1026.json,richard-durbin,true,0,speaker_disjoint_split,1,0.5848323440164082,1,0.4999966250470461
7215.json,louie-gohmert,false,1,speaker_disjoint_split,1,0.902651474972188,1,0.6725957587165425
6737.json,gary-johnson,mostly-true,0,speaker_disjoint_split,0,0.42725639451333913,0,0.34040132128138284
11871.json,bernie-s,barely-true,1,speaker_disjoint_split,0,0.5302432921354089,0,0.4587887521995434
3473.json,armond-budish,mostly-true,0,speaker_disjoint_split,1,0.5642918905457658,1,0.5180393006706141
3309.json,cliff-stearns,true,0,speaker_disjoint_split,1,0.6045627995509777,1,0.5109183523280769
1488.json,joe-biden,true,0,speaker_disjoint_split,1,0.5684536703118223,0,0.4165707116232932
9127.json,arian-foster,half-true,0,speaker_disjoint_split,0,0.5205188687512553,0,0.3906147260530252
3379.json,mike-huebsch,pants-fire,1,speaker_disjoint_split,1,0.877460253945516,1,0.7612648208784144
8895.json,keith-ellison,mostly-true,0,speaker_disjoint_split,0,0.26571044930357646,0,0.18588451459776734
11167.json,donald-trump,false,1,speaker_disjoint_split,1,0.6582997781216838,1,0.6360436292658943
99.json,john-mccain,true,0,speaker_disjoint_split,0,0.43671285097205376,0,0.399236028490427
1701.json,bill-clinton,true,0,speaker_disjoint_split,0,0.5051951605207011,0,0.4565674740109912
7503.json,dan-patrick,mostly-true,0,speaker_disjoint_split,0,0.4727281781599295,0,0.374368139628338
13368.json,donald-trump,half-true,0,speaker_disjoint_split,0,0.3336782581142529,0,0.30889474752096036
12115.json,donald-trump,half-true,0,speaker_disjoint_split,0,0.35637512372060204,0,0.3636420508174334
10658.json,blog-posting,false,1,speaker_disjoint_split,1,0.7626289990326193,1,0.7944351999115372
8120.json,nancy-gordeuk,half-true,0,speaker_disjoint_split,0,0.5117732621083536,0,0.3646935078630076
11260.json,blog-posting,pants-fire,1,speaker_disjoint_split,1,0.7430617762324385,1,0.828748839439572
9722.json,blog-posting,pants-fire,1,speaker_disjoint_split,1,0.892835642210545,1,0.9231888745889675
11134.json,blog-posting,false,1,speaker_disjoint_split,1,0.7580407811693852,1,0.8060392992637854
11366.json,bernie-s,mostly-true,0,speaker_disjoint_split,0,0.5381781925057234,0,0.3914986083761377
13080.json,donald-trump,mostly-true,0,speaker_disjoint_split,1,0.5654544924641379,1,0.4951682883204739
1285.json,bill-oreilly,false,1,speaker_disjoint_split,1,0.7502525013957914,1,0.7156439882627122
11124.json,donald-trump,pants-fire,1,speaker_disjoint_split,0,0.3410201050639587,0,0.29515891688978724
10436.json,john-kasich,pants-fire,1,speaker_disjoint_split,1,0.6863541134751583,1,0.6246025436622653
11175.json,ben-carson,false,1,speaker_disjoint_split,1,0.5966237032949366,1,0.5393108368549674
10976.json,eugene-robinson,mostly-true,0,speaker_disjoint_split,1,0.718125439597501,1,0.6332152217596957
11678.json,donald-trump,barely-true,1,speaker_disjoint_split,1,0.7264010621941582,1,0.6337880077214407
6342.json,tim-kaine,true,0,speaker_disjoint_split,0,0.5149714286768713,0,0.39152783842646616
8877.json,ann-coulter,pants-fire,1,speaker_disjoint_split,1,0.7298403221941517,1,0.6815156644452328
328.json,john-mccain,barely-true,1,speaker_disjoint_split,0,0.3862778940862297,0,0.38567273670182345
8867.json,charlie-crist,barely-true,1,speaker_disjoint_split,1,0.6769890213809028,0,0.4244171719137534
9145.json,scott-walker,false,1,speaker_disjoint_split,0,0.44772307160802177,0,0.386354315911699
11797.json,bernie-s,mostly-true,0,speaker_disjoint_split,1,0.7903032550194476,1,0.7204571463886754
5135.json,angel-taveras,half-true,0,speaker_disjoint_split,0,0.4132412370919886,0,0.3034867212783472
712.json,john-mccain,pants-fire,1,speaker_disjoint_split,1,0.7168429883399892,1,0.6590241346028684
6074.json,samuel-wurzelbacher,mostly-true,0,speaker_disjoint_split,1,0.606887347423719,1,0.5963964235176712
627.json,john-mccain,true,0,speaker_disjoint_split,0,0.5410183581526932,0,0.38346415295894104
11439.json,jason-villalba,pants-fire,1,speaker_disjoint_split,1,0.7715849082236056,1,0.7334180350783978
12582.json,tim-kaine,mostly-true,0,speaker_disjoint_split,1,0.585788187675026,1,0.534220198402993
10486.json,scott-walker,pants-fire,1,speaker_disjoint_split,1,0.6892900424070363,1,0.5760964679971899
12254.json,donald-trump,false,1,speaker_disjoint_split,0,0.52001705850904,0,0.46617331953504826
2924.json,tom-coburn,false,1,speaker_disjoint_split,0,0.4996696666884115,1,0.514088240574958
13496.json,blog-posting,false,1,speaker_disjoint_split,1,0.5693586012775764,1,0.5813916585317251
8161.json,scott-walker,false,1,speaker_disjoint_split,0,0.41027410704436973,0,0.37338085680880584
3817.json,armond-budish,true,0,speaker_disjoint_split,0,0.524640881612665,0,0.44012896448986133
2462.json,patrick-rose,barely-true,1,speaker_disjoint_split,1,0.6029006337088448,1,0.5056973994199653
9208.json,dan-patrick,mostly-true,0,speaker_disjoint_split,0,0.4326867334017854,0,0.3035489507351883
8465.json,diane-ravitch,barely-true,1,speaker_disjoint_split,1,0.6138403599889208,0,0.36555193698513777
8521.json,larry-elder,barely-true,1,speaker_disjoint_split,0,0.37659390738798865,0,0.3841694025680585
6818.json,ohio-republican-party,false,1,speaker_disjoint_split,1,0.6881686130215003,1,0.6852269112464328
12273.json,ben-carson,mostly-true,0,speaker_disjoint_split,0,0.4079187264481014,0,0.35055538506758627
731.json,blog-posting,half-true,0,speaker_disjoint_split,0,0.5468874968762363,1,0.5857768770887005
4796.json,john-kasich,mostly-true,0,speaker_disjoint_split,0,0.36927048042587507,0,0.419760929716774
12347.json,michael-oneill,mostly-true,0,speaker_disjoint_split,1,0.650907811778159,1,0.5798602279175878
7718.json,friends-miami-first,half-true,0,speaker_disjoint_split,0,0.5379400285153595,0,0.4306669309781423
5735.json,scott-walker,half-true,0,speaker_disjoint_split,1,0.8234193280031561,1,0.6932495057244795
2451.json,charlie-crist,pants-fire,1,speaker_disjoint_split,1,0.5611466389609024,0,0.4278173492249793
12555.json,donald-trump,false,1,speaker_disjoint_split,1,0.7349752749340661,1,0.6870511769622673
790.json,john-mccain,pants-fire,1,speaker_disjoint_split,1,0.6981480274617294,1,0.5953989212540594
9357.json,debbie-wasserman-schultz,mostly-true,0,speaker_disjoint_split,0,0.41477847064666784,0,0.3893767769764212
5639.json,bill-pascrell,half-true,0,speaker_disjoint_split,1,0.7299297561856904,1,0.6518569017752044
2800.json,sonny-perdue,half-true,0,speaker_disjoint_split,0,0.40068587160868063,0,0.3380064918681473
4604.json,jon-huntsman,pants-fire,1,speaker_disjoint_split,1,0.6913125158044159,1,0.599069038096924
11447.json,donald-trump,false,1,speaker_disjoint_split,0,0.4503591518559889,0,0.36423275011908274
6389.json,nathan-deal,barely-true,1,speaker_disjoint_split,1,0.6439101287570683,1,0.5374696887460712
2008.json,charlie-crist,mostly-true,0,speaker_disjoint_split,0,0.455848466524434,0,0.31263369003393493
10160.json,lloyd-doggett,half-true,0,speaker_disjoint_split,1,0.8071946950421903,1,0.6410797718010973
410.json,blog-posting,pants-fire,1,speaker_disjoint_split,1,0.6301888367507218,1,0.6433963714207968
12249.json,pat-mccrory,barely-true,1,speaker_disjoint_split,1,0.5845105756308568,0,0.47344048428880314
4281.json,ron-paul,half-true,0,speaker_disjoint_split,0,0.45015293119695743,0,0.3453859401535067
1537.json,republican-party-florida,mostly-true,0,speaker_disjoint_split,1,0.603318078985246,1,0.5103923672546091
9068.json,karl-rove,barely-true,1,speaker_disjoint_split,0,0.33720308546299466,0,0.3392328716770735
11854.json,michael-m-crow,mostly-true,0,speaker_disjoint_split,0,0.25744614600610355,0,0.12472505323524238
8235.json,mayors-against-illegal-guns,half-true,0,speaker_disjoint_split,1,0.7346094956101316,1,0.6309728197454615
13494.json,donald-trump,pants-fire,1,speaker_disjoint_split,1,0.7646669693095512,1,0.6662042403684034
7050.json,democratic-party-oregon,half-true,0,speaker_disjoint_split,1,0.7761919883957717,1,0.6695491193950912
1771.json,vern-buchanan,true,0,speaker_disjoint_split,0,0.4057615625279862,0,0.344806696305265
13196.json,tim-kaine,mostly-true,0,speaker_disjoint_split,1,0.7340418507319594,1,0.6074104811797506
11359.json,john-kasich,barely-true,1,speaker_disjoint_split,0,0.42194458258324635,0,0.45985139468207625
9526.json,bill-clinton,half-true,0,speaker_disjoint_split,0,0.4486478755858858,0,0.45320426288091015
12072.json,john-kasich,false,1,speaker_disjoint_split,1,0.663385226405273,1,0.608879262490875
406.json,john-mccain,false,1,speaker_disjoint_split,1,0.64826830226567,1,0.5993449174424342
7712.json,john-mccain,half-true,0,speaker_disjoint_split,0,0.37214271833941254,0,0.3665115816993705
10950.json,donald-trump,pants-fire,1,speaker_disjoint_split,0,0.5052801336572921,0,0.46055031217814796
8200.json,janet-napolitano,barely-true,1,speaker_disjoint_split,1,0.6104110765771099,1,0.5379878315827717
10431.json,nathan-deal,mostly-true,0,speaker_disjoint_split,1,0.7268745799707801,1,0.6639546630543972
5350.json,wayne-lapierre,barely-true,1,speaker_disjoint_split,1,0.7048832505287431,1,0.6643703726032347
3906.json,debbie-wasserman-schultz,false,1,speaker_disjoint_split,1,0.6638557131103323,0,0.4878943840979643
5630.json,jimmie-t-smith,false,1,speaker_disjoint_split,0,0.49734409020491865,0,0.3293981842682375
9640.json,fresh-start-pa,mostly-true,0,speaker_disjoint_split,0,0.45338463393872985,0,0.34132609596840163
6608.json,sam-olens,mostly-true,0,speaker_disjoint_split,1,0.6794437860224994,1,0.642568390676533
13419.json,donald-trump,barely-true,1,speaker_disjoint_split,0,0.33655733343755806,0,0.3016072715442834
8215.json,cynthia-lummis,mostly-true,0,speaker_disjoint_split,0,0.4520497938023578,1,0.5203253226542452
745.json,john-mccain,barely-true,1,speaker_disjoint_split,1,0.6615021568888864,1,0.6372145374870545
12375.json,blog-posting,pants-fire,1,speaker_disjoint_split,0,0.513620921659803,1,0.5484346267443373
480.json,blog-posting,pants-fire,1,speaker_disjoint_split,1,0.7623131576948107,1,0.7667198374167074
5882.json,freedom-pac,half-true,0,speaker_disjoint_split,1,0.8374077440980838,1,0.6587484454722978
8649.json,bill-oreilly,mostly-true,0,speaker_disjoint_split,1,0.8181574226965104,1,0.8114569412962813
11248.json,bernie-s,mostly-true,0,speaker_disjoint_split,0,0.4182343362682692,0,0.36421983028613275
11908.json,donald-trump,false,1,speaker_disjoint_split,1,0.7564890329741475,1,0.7067786229357336
3041.json,debbie-wasserman-schultz,true,0,speaker_disjoint_split,1,0.6544964929791448,1,0.5592736495682735
2095.json,blog-posting,false,1,speaker_disjoint_split,1,0.72617662714122,1,0.6955400585805778
10084.json,charlie-crist,true,0,speaker_disjoint_split,1,0.7366390504147702,1,0.6248599395723585
2298.json,glenn-beck,true,0,speaker_disjoint_split,0,0.3029822509327887,0,0.31415036453585543
13468.json,americanpoliticnews,pants-fire,1,speaker_disjoint_split,1,0.6727932233258885,1,0.7432593252052873
2048.json,ron-paul,true,0,speaker_disjoint_split,0,0.4948183792473821,0,0.44749037814557824
13093.json,david-jolly,half-true,0,speaker_disjoint_split,0,0.5325020752209917,0,0.4516399822326662
7103.json,carolyn-medeiros,true,0,speaker_disjoint_split,0,0.43990900799673305,0,0.36139163697175813
3773.json,nathan-deal,false,1,speaker_disjoint_split,0,0.3629874468705005,0,0.29810801074250126
10740.json,bernie-s,mostly-true,0,speaker_disjoint_split,0,0.4348984146234572,0,0.3814926002211954
11166.json,john-kasich,mostly-true,0,speaker_disjoint_split,0,0.3771593201274972,0,0.37894646956664496
6243.json,american-commitment,barely-true,1,speaker_disjoint_split,1,0.7228573804077673,1,0.6537623403670981
12176.json,donald-trump,half-true,0,speaker_disjoint_split,0,0.5371356445513725,0,0.4739888066444193
8541.json,scott-walker,true,0,speaker_disjoint_split,0,0.4999592296869954,0,0.3863782774325092
2266.json,florida-first-initiative,false,1,speaker_disjoint_split,1,0.7479907787485623,1,0.6453012757105058
5175.json,nathan-deal,half-true,0,speaker_disjoint_split,1,0.6697445618855083,1,0.6115257268956552
10071.json,charlie-crist,true,0,speaker_disjoint_split,0,0.5092982193109715,0,0.428809508139103
6146.json,david-plouffe,true,0,speaker_disjoint_split,1,0.6118002481102632,1,0.5955720402824303
6838.json,john-kasich,mostly-true,0,speaker_disjoint_split,0,0.39822609175660023,0,0.41875612628359393
8712.json,kimberly-nelson,true,0,speaker_disjoint_split,1,0.7729018077908456,1,0.672201509265354
7242.json,bill-pascrell,mostly-true,0,speaker_disjoint_split,0,0.35068153346372155,0,0.2870934533095132
8717.json,blog-posting,pants-fire,1,speaker_disjoint_split,1,1.0,1,1.0
1807.json,national-republican-congressional-committee,false,1,speaker_disjoint_split,1,0.7960952299205402,1,0.6581952678578774
5515.json,sam-adams,half-true,0,speaker_disjoint_split,0,0.4676045149835895,0,0.3885365122060248
9026.json,allen-peake,half-true,0,speaker_disjoint_split,0,0.5046366999767842,0,0.38896233800697094
11343.json,martin-shkreli,false,1,speaker_disjoint_split,0,0.5491819495215137,0,0.4657757987542156
10150.json,charlie-crist,barely-true,1,speaker_disjoint_split,1,0.6069450295796193,1,0.5465183636531602
4030.json,jeff-tittel,false,1,speaker_disjoint_split,1,0.5835720402248341,1,0.5803306389963597
301.json,bill-clinton,false,1,speaker_disjoint_split,0,0.3769519018533107,0,0.3122703781360394
11326.json,karl-rove,mostly-true,0,speaker_disjoint_split,0,0.35294291131318395,0,0.3698945805922173
6246.json,american-commitment,false,1,speaker_disjoint_split,0,0.495121047563932,0,0.4719282361792119
717.json,joe-biden,half-true,0,speaker_disjoint_split,1,0.6457189260977172,1,0.49793026050648587
580.json,john-mccain,false,1,speaker_disjoint_split,1,0.7228927299195237,1,0.6475923105991475
12393.json,chris-sgro,false,1,speaker_disjoint_split,0,0.4842198111226214,0,0.37045759330648614
8266.json,debbie-wasserman-schultz,pants-fire,1,speaker_disjoint_split,0,0.5364657232783911,0,0.4721072713633466
10642.json,don-beyer,false,1,speaker_disjoint_split,1,0.5997959401262685,0,0.48946517091681235
9290.json,tom-coburn,barely-true,1,speaker_disjoint_split,0,0.5436483923965104,1,0.5210735973459266
6860.json,laurie-monnes-anderson,false,1,speaker_disjoint_split,1,0.8095360524880242,1,0.6930700057958669
11574.json,bernie-s,mostly-true,0,speaker_disjoint_split,0,0.46563480294460885,0,0.4217211059505889
337.json,john-mccain,barely-true,1,speaker_disjoint_split,0,0.4603022405492361,0,0.39834035840467386
3839.json,national-republican-congressional-committee,pants-fire,1,speaker_disjoint_split,1,0.6322379418026659,1,0.5759454421670889
4787.json,ron-paul,true,0,speaker_disjoint_split,1,0.5889975799523042,1,0.5047447337123581
12646.json,debbie-wasserman-schultz,mostly-true,0,speaker_disjoint_split,0,0.3395748925221765,0,0.30121136745335864
760.json,john-mccain,false,1,speaker_disjoint_split,1,0.7167115416235783,1,0.6628904686603416
641.json,john-mccain,mostly-true,0,speaker_disjoint_split,1,0.5935410475489488,1,0.5848660448088381
9858.json,mark-begich,pants-fire,1,speaker_disjoint_split,1,0.6393623118768057,1,0.5618513965375505
10541.json,joseph-yost,mostly-true,0,speaker_disjoint_split,1,0.5679354194061623,0,0.4544627477216775
733.json,john-mccain,barely-true,1,speaker_disjoint_split,1,0.6066391195838665,1,0.5572236791330181
11857.json,bernie-s,false,1,speaker_disjoint_split,0,0.5541244424725237,0,0.4337309125726064
2634.json,democratic-congressional-campaign-committee,half-true,0,speaker_disjoint_split,1,0.6092431419191471,1,0.5374911208314255
8731.json,gus-bilirakis,false,1,speaker_disjoint_split,0,0.4216066502616965,0,0.17717099700458006
9878.json,jeff-merkley,half-true,0,speaker_disjoint_split,0,0.34776765177142305,0,0.3159332517427114
2139.json,donna-brazile,true,0,speaker_disjoint_split,0,0.3849295923039533,0,0.3210613285307988
5068.json,david-cicilline,mostly-true,0,speaker_disjoint_split,0,0.4860108992227595,0,0.4022655026284224
11801.json,bernie-s,false,1,speaker_disjoint_split,0,0.3373512651786791,0,0.3687291017889348
6652.json,bill-clinton,true,0,speaker_disjoint_split,1,0.576322954992993,0,0.4036755330946782
399.json,campaign-defend-america,mostly-true,0,speaker_disjoint_split,0,0.5548243000298033,0,0.3874527105647496
12275.json,pat-mccrory,false,1,speaker_disjoint_split,1,0.5856998561435002,0,0.4893994100896368
13096.json,donald-trump,true,0,speaker_disjoint_split,0,0.2208053378743307,0,0.1630825987897652
428.json,bill-clinton,pants-fire,1,speaker_disjoint_split,1,0.6348621755608281,1,0.5456700279305294
12042.json,bernie-s,mostly-true,0,speaker_disjoint_split,0,0.37805952996170333,0,0.34064326782563414
7839.json,oregon-pta,true,0,speaker_disjoint_split,0,0.2693537503506252,0,0.11150868349437924
10126.json,scott-walker,false,1,speaker_disjoint_split,0,0.44050968273477525,0,0.4189181092423169
7956.json,richard-durbin,half-true,0,speaker_disjoint_split,1,0.573130948807075,1,0.49841299203409956
1335.json,orrin-hatch,barely-true,1,speaker_disjoint_split,1,0.7428118602379704,1,0.5978116632280885
5372.json,scott-walker,pants-fire,1,speaker_disjoint_split,1,0.6637200207038151,1,0.5786213193836062
4676.json,ron-paul,false,1,speaker_disjoint_split,1,0.8260032208486007,1,0.7278095398025564
1741.json,arlen-specter,true,0,speaker_disjoint_split,1,0.6311254786207212,1,0.6063837812075809
11047.json,ben-ferguson,barely-true,1,speaker_disjoint_split,0,0.4211807565587521,0,0.360744132267855
12117.json,bernie-s,half-true,0,speaker_disjoint_split,0,0.5220043544978267,0,0.44815935156501785
3066.json,ohio-alliance-retired-americans,false,1,speaker_disjoint_split,1,0.748888545594353,1,0.7122552162939544
519.json,john-mccain,barely-true,1,speaker_disjoint_split,1,0.6079497579006442,1,0.5479617542813673
6757.json,its-still-bad-idea,mostly-true,0,speaker_disjoint_split,1,0.6459504874953351,1,0.6218872256170298
1758.json,jan-brewer,barely-true,1,speaker_disjoint_split,1,0.6178453744543397,1,0.5962517910819414
4219.json,ash-williams,false,1,speaker_disjoint_split,1,0.5620431303427007,0,0.3936002249919477
12751.json,donald-trump,true,0,speaker_disjoint_split,0,0.28065695915495403,0,0.2767458578094699
5942.json,graeme-zielinski,pants-fire,1,speaker_disjoint_split,1,0.9109572380366439,1,0.5703333331132727
9999.json,dan-patrick,false,1,speaker_disjoint_split,1,0.7718079258816877,1,0.625763263790942
5881.json,shaun-ireland,mostly-true,0,speaker_disjoint_split,1,0.5736868458945754,0,0.37920030245214786
3047.json,robert-hagan,half-true,0,speaker_disjoint_split,0,0.537498263004712,0,0.4094135837570456
9705.json,scott-walker,pants-fire,1,speaker_disjoint_split,0,0.32251236352494306,0,0.33803949974623426
6039.json,new-jersey-democratic-state-committee,false,1,speaker_disjoint_split,1,0.626586977305058,1,0.5731947562242371
4120.json,scott-walker,false,1,speaker_disjoint_split,0,0.5437834915938675,0,0.48699166557926415
3359.json,scott-mccown,true,0,speaker_disjoint_split,0,0.4990125747059135,0,0.4724116808914468
7820.json,bill-ratliff,barely-true,1,speaker_disjoint_split,1,0.5751918636516109,0,0.48170455392105566
7134.json,scott-walker,barely-true,1,speaker_disjoint_split,1,0.5987352871126886,1,0.5033837063255003
9534.json,debbie-wasserman-schultz,mostly-true,0,speaker_disjoint_split,0,0.3255268872873481,0,0.3421593232653353
5546.json,frank-wolf,true,0,speaker_disjoint_split,0,0.4693164712103437,0,0.4816252646517439
4304.json,state-democratic-party-wisconsin,barely-true,1,speaker_disjoint_split,1,0.5877227533676134,1,0.5618057497615491
1938.json,richard-durbin,false,1,speaker_disjoint_split,0,0.30898374856832994,0,0.3023658953250212
12157.json,pat-mccrory,half-true,0,speaker_disjoint_split,0,0.4705172724574596,0,0.3466918931903627
3653.json,donald-trump,pants-fire,1,speaker_disjoint_split,1,0.6025944485830235,1,0.6030279115818131
11557.json,donald-trump,half-true,0,speaker_disjoint_split,0,0.5169376985398981,0,0.47067952797391216
5751.json,wayne-lapierre,mostly-true,0,speaker_disjoint_split,1,0.6702510250761334,1,0.66517428936166
10607.json,joe-biden,half-true,0,speaker_disjoint_split,1,0.639022925221781,1,0.542194671202915
4874.json,greg-walden,half-true,0,speaker_disjoint_split,0,0.5466537065802881,1,0.5543857922478997
11180.json,heather-mcghee,true,0,speaker_disjoint_split,0,0.3849948107812702,0,0.32468820386046343
6917.json,marsha-blackburn,false,1,speaker_disjoint_split,1,0.6856324838240784,1,0.5097333062165862
6368.json,bill-clinton,half-true,0,speaker_disjoint_split,0,0.32980705875074356,0,0.2507161923581332
7874.json,13th-district-gop-slate,half-true,0,speaker_disjoint_split,1,0.6894893991009142,1,0.5668472762262134
8583.json,lynn-westmoreland,half-true,0,speaker_disjoint_split,0,0.4878464769957172,0,0.47464617771425255
8242.json,georgia-campaign-liberty,false,1,speaker_disjoint_split,1,0.7224531130354999,1,0.7150956127794319
2372.json,ann-coulter,half-true,0,speaker_disjoint_split,0,0.4558461083130236,0,0.4135957506274146
12197.json,bernie-s,barely-true,1,speaker_disjoint_split,1,0.627441425305798,1,0.5054948350378046
7067.json,peoples-majority,pants-fire,1,speaker_disjoint_split,1,0.7421201032986638,1,0.576829457354249
9215.json,donald-trump,false,1,speaker_disjoint_split,1,0.6815525056715694,1,0.6090775159529704
10029.json,nathan-deal,true,0,speaker_disjoint_split,0,0.37231413671544306,0,0.2992118509195679
12637.json,pat-robertson,barely-true,1,speaker_disjoint_split,1,0.8324436973243847,1,0.6458034299429793
8361.json,steve-lonegan,half-true,0,speaker_disjoint_split,0,0.40207157965700224,0,0.27952773287876675
11883.json,donald-trump,barely-true,1,speaker_disjoint_split,0,0.5069331718178022,1,0.49884360250782217
7935.json,ron-hood,pants-fire,1,speaker_disjoint_split,1,0.6951962552553405,1,0.6826863428668498
8077.json,republican-party-florida,mostly-true,0,speaker_disjoint_split,0,0.46311767678587806,0,0.3977946884583292
2904.json,kirk-watson,mostly-true,0,speaker_disjoint_split,1,0.6527898741433387,1,0.6022806404210791
1581.json,cathie-adams,barely-true,1,speaker_disjoint_split,0,0.49103194460812455,0,0.3505161465443156
2606.json,hank-gilbert,half-true,0,speaker_disjoint_split,1,0.6490074994812458,0,0.45586118217617416
7419.json,wayne-lapierre,barely-true,1,speaker_disjoint_split,1,0.6917910706950169,1,0.6457644113027279
13153.json,donald-trump,mostly-true,0,speaker_disjoint_split,1,0.5841352869930436,1,0.5444536849865417
13130.json,donald-trump,true,0,speaker_disjoint_split,0,0.4770863562406475,0,0.42136494275359737
8889.json,thomas-perez,mostly-true,0,speaker_disjoint_split,0,0.5060453105732556,0,0.46701338485150057
3842.json,national-republican-congressional-committee,barely-true,1,speaker_disjoint_split,0,0.5443984460322573,1,0.5176477683758594
4252.json,daniel-mckee,half-true,0,speaker_disjoint_split,0,0.47429479781496464,0,0.2814517872412893
8300.json,dale-kooyenga,barely-true,1,speaker_disjoint_split,1,0.6188386558513352,1,0.49608279416984474
6414.json,john-kasich,true,0,speaker_disjoint_split,0,0.3298727703747963,0,0.2899099582927032
11957.json,donald-trump,pants-fire,1,speaker_disjoint_split,0,0.43825446137064294,0,0.3940909281526861
12509.json,donald-trump,mostly-true,0,speaker_disjoint_split,0,0.3865696858898346,0,0.3533165779272711
3349.json,scott-walker,barely-true,1,speaker_disjoint_split,1,0.6173795171968929,1,0.5623024521398882
4991.json,jon-huntsman,barely-true,1,speaker_disjoint_split,0,0.4141437115325891,0,0.40740339411546833
12766.json,donald-trump,false,1,speaker_disjoint_split,0,0.5066450829320475,0,0.43710077920112894
10127.json,nathan-deal,mostly-true,0,speaker_disjoint_split,1,0.5798011902446023,0,0.45244162523415554
13209.json,donald-trump,barely-true,1,speaker_disjoint_split,1,0.729909430166356,1,0.6801038424422243
6695.json,democratic-congressional-campaign-committee,false,1,speaker_disjoint_split,0,0.5591243112245624,1,0.5130107609957322
12786.json,bill-clinton,half-true,0,speaker_disjoint_split,0,0.3373412869492378,0,0.2825936862008772
12196.json,john-kasich,mostly-true,0,speaker_disjoint_split,0,0.45760645924207916,0,0.4247520898804484
12121.json,donald-trump,pants-fire,1,speaker_disjoint_split,0,0.39413245000858455,0,0.3272001855514826
8630.json,scott-walker,mostly-true,0,speaker_disjoint_split,0,0.5073007992091846,0,0.4346906417770196
12050.json,donald-trump,false,1,speaker_disjoint_split,1,0.8518834277133036,1,0.8164123433825421
1846.json,glenn-beck,mostly-true,0,speaker_disjoint_split,0,0.4489545844594733,0,0.4091342376493141
6655.json,charlie-crist,half-true,0,speaker_disjoint_split,1,0.5830743568019876,1,0.5223941828185177
1730.json,bill-oreilly,pants-fire,1,speaker_disjoint_split,1,0.6985899750756653,1,0.6900017044254926
2899.json,jeff-fitzgerald,barely-true,1,speaker_disjoint_split,0,0.5301024523340918,0,0.4808749586965377
10059.json,charlie-crist,mostly-true,0,speaker_disjoint_split,0,0.4718625258489471,0,0.4368808769447824
12450.json,pat-mccrory,barely-true,1,speaker_disjoint_split,1,0.775845124589297,1,0.7020447228160207
5869.json,saxby-chambliss,half-true,0,speaker_disjoint_split,0,0.5360498629982045,0,0.4775125644083893
1601.json,karl-rove,false,1,speaker_disjoint_split,1,0.6076108938176235,0,0.43283703341213753
7743.json,ken-cuccinelli,false,1,speaker_disjoint_split,1,0.6425445625549518,1,0.5698762352704193
12995.json,donald-trump,barely-true,1,speaker_disjoint_split,0,0.44588242144590284,0,0.4167530309690832
8636.json,debra-medina,true,0,speaker_disjoint_split,0,0.35855167844449043,0,0.3244027363040114
483.json,john-mccain,mostly-true,0,speaker_disjoint_split,0,0.4539251052637353,0,0.3882721741812294
1212.json,michael-steele,true,0,speaker_disjoint_split,1,0.6956680425546797,1,0.5530180924056248
3264.json,lloyd-doggett,mostly-true,0,speaker_disjoint_split,0,0.48661166083353363,0,0.42353249186539477
11330.json,donald-trump,mostly-true,0,speaker_disjoint_split,0,0.5377582522600611,0,0.4844472365946553
12595.json,donald-trump,false,1,speaker_disjoint_split,1,0.6447600074587372,0,0.47085364909577104
9102.json,chris-chocola,half-true,0,speaker_disjoint_split,0,0.550164850488842,0,0.3455329624644293
6299.json,scott-walker,false,1,speaker_disjoint_split,1,0.7123819689934769,1,0.6230445298819429
4210.json,joshua-henne,false,1,speaker_disjoint_split,1,0.634954831174445,0,0.4890033735953014
6643.json,bill-clinton,mostly-true,0,speaker_disjoint_split,0,0.33059830413024865,0,0.28334389370293644
4918.json,ron-paul,barely-true,1,speaker_disjoint_split,0,0.40714732309868834,0,0.394815819800937
5041.json,steve-lonegan,false,1,speaker_disjoint_split,1,0.560966338674752,0,0.3838233996624261
7508.json,ed-fallone,mostly-true,0,speaker_disjoint_split,1,0.5769225669965455,1,0.5497676939289825
9366.json,valarie-wilson,half-true,0,speaker_disjoint_split,0,0.5522980255516969,0,0.42981083258950026
7462.json,ken-cuccinelli,true,0,speaker_disjoint_split,0,0.4500192526360517,0,0.3909004560027011
4791.json,debbie-wasserman-schultz,half-true,0,speaker_disjoint_split,0,0.3867466668129386,0,0.3454889668737931
813.json,john-mccain,false,1,speaker_disjoint_split,1,0.5729497112968422,0,0.47736469096151574
12760.json,donald-trump,mostly-true,0,speaker_disjoint_split,0,0.40625720896442225,0,0.3554029010748479
4511.json,john-sherman,false,1,speaker_disjoint_split,0,0.46795647532762,0,0.43215886012700716
11598.json,donald-trump,half-true,0,speaker_disjoint_split,1,0.7193841933360758,1,0.6153963078622197
528.json,john-mccain,true,0,speaker_disjoint_split,0,0.54108746219458,0,0.48567059837234183
13450.json,donald-trump,false,1,speaker_disjoint_split,0,0.41655889054736456,0,0.3279897122431814
121.json,john-mccain,false,1,speaker_disjoint_split,1,0.6387833156859992,1,0.6000357530152194
19.json,joe-biden,pants-fire,1,speaker_disjoint_split,1,0.8503914455277459,1,0.7106989651996345
801.json,john-mccain,half-true,0,speaker_disjoint_split,0,0.4868021942402817,0,0.4163483956395532
6365.json,democratic-congressional-campaign-committee,pants-fire,1,speaker_disjoint_split,1,0.6993794996235928,1,0.614219449913037
8177.json,blog-posting,pants-fire,1,speaker_disjoint_split,1,0.8693062181394398,1,0.8531540265355798
7469.json,carol-shea-porter,half-true,0,speaker_disjoint_split,0,0.3408169942243246,0,0.20340902759921792
9617.json,charlie-crist,mostly-true,0,speaker_disjoint_split,0,0.49940511158682743,0,0.3998609129937834
10537.json,trebor-banstetter,true,0,speaker_disjoint_split,1,0.6469545268171378,1,0.6105284581943008
4925.json,rob-cornilles,half-true,0,speaker_disjoint_split,0,0.4840502282432854,0,0.45787375568401983
2642.json,charlie-crist,barely-true,1,speaker_disjoint_split,1,0.5774640052933987,0,0.4603616338810995
8905.json,charlie-crist,false,1,speaker_disjoint_split,1,0.7302181887545041,1,0.6334050829722017
12031.json,john-kasich,barely-true,1,speaker_disjoint_split,0,0.30750823559587503,0,0.26815734633982824
1318.json,glenn-beck,pants-fire,1,speaker_disjoint_split,1,0.635130537157441,1,0.595071346729759
9236.json,scott-walker,mostly-true,0,speaker_disjoint_split,0,0.38536532275507335,0,0.4028467752797797
8201.json,national-republican-congressional-committee,barely-true,1,speaker_disjoint_split,1,0.7965345647238452,1,0.7187389404046087
13052.json,donald-trump,true,0,speaker_disjoint_split,1,0.6380480605489017,0,0.48031792058337536
6440.json,tomorrows-vision-florida,false,1,speaker_disjoint_split,0,0.5293131617787199,0,0.4743293674224241
633.json,jerome-corsi,false,1,speaker_disjoint_split,0,0.4344756806373495,0,0.4531997185518547
510.json,republican-party-florida,pants-fire,1,speaker_disjoint_split,1,0.8189512497745217,1,0.6977045008353091
12752.json,donald-trump,mostly-true,0,speaker_disjoint_split,0,0.3975807244794251,0,0.3919948054359724
3984.json,jon-huntsman,true,0,speaker_disjoint_split,0,0.5325615963438505,0,0.46003967805174895
1825.json,michael-steele,true,0,speaker_disjoint_split,0,0.5256701266029721,0,0.36809113886079675
11864.json,john-kasich,false,1,speaker_disjoint_split,0,0.38388727335099593,0,0.35753604527892574
278.json,john-mccain,false,1,speaker_disjoint_split,0,0.4614464702085208,0,0.4315946884239418
401.json,campaign-defend-america,true,0,speaker_disjoint_split,1,0.6270388864281489,0,0.48041489976097773
11096.json,donald-trump,false,1,speaker_disjoint_split,1,0.6816682745492925,1,0.6164048393729677
5209.json,rob-cornilles,half-true,0,speaker_disjoint_split,1,0.6750865033721694,1,0.6314111845596662
9524.json,state-democratic-party-wisconsin,pants-fire,1,speaker_disjoint_split,1,0.7147664451452832,1,0.6439896632556871
9198.json,marsha-blackburn,half-true,0,speaker_disjoint_split,0,0.5013350332994044,0,0.3505699741267953
12169.json,chris-sgro,mostly-true,0,speaker_disjoint_split,0,0.5331501784505074,0,0.3594465580196825
12996.json,donald-trump,pants-fire,1,speaker_disjoint_split,0,0.3253366280915823,0,0.3288406065467809
10064.json,republican-party-florida,false,1,speaker_disjoint_split,1,0.909484260256196,1,0.7970703178636066
4161.json,cliff-stearns,mostly-true,0,speaker_disjoint_split,0,0.4583550076279711,0,0.38579973939631
2646.json,democratic-congressional-campaign-committee,half-true,0,speaker_disjoint_split,1,0.5713392682461076,1,0.5222990782716324
12381.json,mamie-locke,true,0,speaker_disjoint_split,0,0.5148343615151504,0,0.46309476136517536
10055.json,jeanne-shaheen,mostly-true,0,speaker_disjoint_split,1,0.7181937601701655,1,0.5735475846034925
13251.json,donald-trump,pants-fire,1,speaker_disjoint_split,0,0.4091857745919852,0,0.3839270735702988
6239.json,robert-menendez,barely-true,1,speaker_disjoint_split,0,0.5008205362401107,0,0.36963879811324607
9612.json,republican-party-florida,half-true,0,speaker_disjoint_split,1,0.7170935175352932,1,0.5810646431115962
1087.json,joe-biden,mostly-true,0,speaker_disjoint_split,0,0.4472660834157495,0,0.3654085497512042
267.json,bill-richardson,true,0,speaker_disjoint_split,1,0.6633780386896011,1,0.5239898235480905
4272.json,lloyd-doggett,true,0,speaker_disjoint_split,0,0.20434737456076643,0,0.11670263110520282
2357.json,scott-walker,false,1,speaker_disjoint_split,1,0.7557526116634048,1,0.6440056157250988
12541.json,donald-trump,barely-true,1,speaker_disjoint_split,1,0.5760174582147657,1,0.5248291439742733
2854.json,carole-smith,pants-fire,1,speaker_disjoint_split,1,0.6101532931627163,1,0.5018680552115914
2072.json,david-cicilline,true,0,speaker_disjoint_split,0,0.33808258074471126,0,0.2258698764866264
1420.json,debra-medina,mostly-true,0,speaker_disjoint_split,0,0.47471893896939543,1,0.5223381780039336
6370.json,julian-castro,true,0,speaker_disjoint_split,0,0.44183383759703576,0,0.3833615491726933
10163.json,james-carr,true,0,speaker_disjoint_split,1,0.7627821011733535,1,0.6101440559638207
2796.json,safe-routes-schools,false,1,speaker_disjoint_split,1,0.5598973201659614,1,0.593231231607289
2679.json,charlie-crist,true,0,speaker_disjoint_split,1,0.585382036013622,0,0.47279664818854755
10040.json,bill-oreilly,half-true,0,speaker_disjoint_split,1,0.8019548476761922,1,0.7622710916521236
8667.json,bob-schieffer,true,0,speaker_disjoint_split,1,0.7011332348418249,1,0.5092686711794479
9746.json,mark-emmert,half-true,0,speaker_disjoint_split,0,0.2467190836870933,0,0.16026916997668916
4698.json,americans-prosperity-new-jersey,false,1,speaker_disjoint_split,1,0.6445104363025069,1,0.5878462563949651
2585.json,christine-odonnell,barely-true,1,speaker_disjoint_split,1,0.7088781710447041,1,0.5504552827226623
6026.json,scott-walker,half-true,0,speaker_disjoint_split,0,0.5415024015108344,0,0.4846748611379783
13056.json,national-republican-congressional-committee,true,0,speaker_disjoint_split,0,0.40414481572832844,0,0.3519686740754822
1103.json,glenn-beck,pants-fire,1,speaker_disjoint_split,1,0.73615038788571,1,0.684714036759327
4105.json,shelly-moore,pants-fire,1,speaker_disjoint_split,1,0.7133242286077331,1,0.8199194486178049
8533.json,frank-fahrenkopf,barely-true,1,speaker_disjoint_split,0,0.519585401584622,0,0.4738842751232096
13125.json,donald-trump,barely-true,1,speaker_disjoint_split,1,0.6528128556470134,1,0.6485220076881955
3107.json,dean-cannon,true,0,speaker_disjoint_split,0,0.5050717646898671,0,0.33816977351478955
6765.json,joaquin-castro,true,0,speaker_disjoint_split,0,0.3942905478902368,0,0.3623903543561065
4243.json,jon-huntsman,mostly-true,0,speaker_disjoint_split,0,0.52162340489626,0,0.46465674084331443
7818.json,carolyn-tomei,mostly-true,0,speaker_disjoint_split,0,0.496542300075735,0,0.3107530579436932
10871.json,gina-hinojosa,half-true,0,speaker_disjoint_split,0,0.4305725784076108,0,0.34831691612808374
11324.json,dale-kooyenga,mostly-true,0,speaker_disjoint_split,0,0.4732802378913538,0,0.33814368140666495
3637.json,donald-trump,mostly-true,0,speaker_disjoint_split,0,0.3421283465750384,0,0.34553802898090064
6060.json,jeanne-shaheen,barely-true,1,speaker_disjoint_split,0,0.313406133533127,0,0.23241646404707242
603.json,john-mccain,false,1,speaker_disjoint_split,1,0.6046235201683752,1,0.5511566977819746
11545.json,bernie-s,mostly-true,0,speaker_disjoint_split,0,0.32624477181224176,0,0.293575304610375
6684.json,its-still-bad-idea,pants-fire,1,speaker_disjoint_split,0,0.4429918587232934,0,0.3919951838119174
11711.json,donald-trump,true,0,speaker_disjoint_split,0,0.5525015254265395,1,0.5488145147056027
8869.json,scott-surovell,mostly-true,0,speaker_disjoint_split,0,0.4550338461787446,0,0.31322169910208003
8320.json,charlie-crist,mostly-true,0,speaker_disjoint_split,0,0.4810602953889085,0,0.43722943758856514
5505.json,lenny-curry,true,0,speaker_disjoint_split,1,0.6031912693641734,1,0.5458452580342384
11778.json,donald-trump,barely-true,1,speaker_disjoint_split,0,0.5529932459003434,1,0.5664687143793432
1251.json,jay-rockefeller,true,0,speaker_disjoint_split,0,0.47285493780456866,0,0.3543232954949658
6112.json,jeff-merkley,mostly-true,0,speaker_disjoint_split,0,0.25606097079013035,0,0.1605779473611528
2652.json,kathie-glass,pants-fire,1,speaker_disjoint_split,0,0.45874877078918275,0,0.46954764854238346
11764.json,state-democratic-party-wisconsin,pants-fire,1,speaker_disjoint_split,0,0.15282000891449055,0,0.16103346631502283
7692.json,dan-patrick,mostly-true,0,speaker_disjoint_split,0,0.3436574946431985,0,0.283261565231437
11185.json,carly-fiorina,barely-true,1,speaker_disjoint_split,0,0.5455484519417986,1,0.5205943949516206
2412.json,republican-party-florida,false,1,speaker_disjoint_split,1,0.6414577120410678,1,0.5234748083341834
592.json,john-mccain,barely-true,1,speaker_disjoint_split,1,0.6977957668195582,1,0.578056158899965
12745.json,donald-trump,half-true,0,speaker_disjoint_split,0,0.2944762192071989,0,0.24280764651870976
2547.json,lloyd-doggett,true,0,speaker_disjoint_split,1,0.6729971352625873,1,0.5480706314639106
6386.json,democratic-congressional-campaign-committee,barely-true,1,speaker_disjoint_split,1,0.6715871798692755,1,0.6170029311338101
4708.json,nina-turner,true,0,speaker_disjoint_split,0,0.29163039748033087,0,0.17962587970522775
12167.json,bernie-s,barely-true,1,speaker_disjoint_split,1,0.6322502836574994,1,0.5524592110427934
2876.json,john-kasich,mostly-true,0,speaker_disjoint_split,0,0.25299693959504926,0,0.23678743238167907
12943.json,donald-trump,half-true,0,speaker_disjoint_split,1,0.8849765546357573,1,0.7923240302977409
2777.json,michael-bloomberg,mostly-true,0,speaker_disjoint_split,0,0.315501414049585,0,0.3377738555018159
7758.json,bill-richardson,mostly-true,0,speaker_disjoint_split,0,0.4784802042884014,0,0.3670769907133093
11796.json,donald-trump,half-true,0,speaker_disjoint_split,1,0.7350506807476449,1,0.518438086578078
10208.json,anna-kooiman,barely-true,1,speaker_disjoint_split,1,0.6904009458223535,1,0.6367401597817093
805.json,john-mccain,mostly-true,0,speaker_disjoint_split,1,0.6921343026278002,1,0.6179015199299576
7461.json,arne-duncan,barely-true,1,speaker_disjoint_split,1,0.7759742001024885,1,0.6246628538485652
3575.json,scott-walker,true,0,speaker_disjoint_split,1,0.7150837499966173,1,0.6691057664351475
384.json,votevetsorg,true,0,speaker_disjoint_split,0,0.5580281213380474,0,0.36159652036414885
729.json,john-mccain,half-true,0,speaker_disjoint_split,1,0.6735136858627498,1,0.6288346233017232
656.json,joe-biden,mostly-true,0,speaker_disjoint_split,0,0.4270121247910388,0,0.2941040586456253
6010.json,lenny-curry,half-true,0,speaker_disjoint_split,0,0.34442532674256093,0,0.2735204930143646
727.json,john-mccain,mostly-true,0,speaker_disjoint_split,0,0.5127699611170338,0,0.4393927454246713
6262.json,democratic-congressional-campaign-committee,pants-fire,1,speaker_disjoint_split,1,0.7280694738493627,1,0.6468360539202878
12084.json,donald-trump,true,0,speaker_disjoint_split,1,0.5769880615504437,0,0.4600443465967287
12461.json,blog-posting,true,0,speaker_disjoint_split,0,0.4518777370510686,1,0.5174336155450951
11910.json,ben-carson,pants-fire,1,speaker_disjoint_split,1,0.6766353280436842,1,0.5810262022262216
10175.json,scott-walker,mostly-true,0,speaker_disjoint_split,0,0.44284962380781845,0,0.43901688864843563
1881.json,thomas-melsheimer,barely-true,1,speaker_disjoint_split,0,0.4663226738578128,0,0.4472548958612781
5536.json,stephen-sweeney,half-true,0,speaker_disjoint_split,1,0.8208707168302841,1,0.7264721067098651
12787.json,donald-trump,half-true,0,speaker_disjoint_split,1,0.6357216076975981,1,0.4989127569239022
2442.json,delia-lopez,pants-fire,1,speaker_disjoint_split,1,0.718075498457859,1,0.6660500402209536
2983.json,sam-adams,true,0,speaker_disjoint_split,0,0.31689228564354327,0,0.2633607916525757
6577.json,scott-walker,half-true,0,speaker_disjoint_split,0,0.3514025544823302,0,0.3286147737388196
4711.json,lloyd-doggett,mostly-true,0,speaker_disjoint_split,0,0.33348608527239504,0,0.23018559327947055
11865.json,adrian-garcia,barely-true,1,speaker_disjoint_split,0,0.494300085519697,0,0.40203486509642494
3021.json,david-wyss,true,0,speaker_disjoint_split,1,0.6148873022582947,1,0.5589029111727565
5272.json,ron-paul,half-true,0,speaker_disjoint_split,1,0.6156715970375117,1,0.5187569727710757
3991.json,scott-walker,half-true,0,speaker_disjoint_split,0,0.5577022848992199,1,0.4936500634094404
6290.json,ohio-republican-party,half-true,0,speaker_disjoint_split,1,0.8405323504732374,1,0.8853522727311709
1394.json,texas-democratic-party,false,1,speaker_disjoint_split,1,0.6182207648232722,1,0.6523394416450036
1052.json,john-mccain,true,0,speaker_disjoint_split,1,0.672606382498033,1,0.4990676929599473
3700.json,stephen-ucci,false,1,speaker_disjoint_split,1,0.6324244461988251,0,0.4835540906479873
1999.json,charlie-crist,true,0,speaker_disjoint_split,0,0.4109791849333721,0,0.274524138319145
9683.json,peter-lavelle,pants-fire,1,speaker_disjoint_split,1,0.6134079391104993,1,0.6264276266856413
2626.json,edwin-pacheco,false,1,speaker_disjoint_split,1,0.6360073780850761,1,0.6174243692645136
2814.json,john-kasich,half-true,0,speaker_disjoint_split,0,0.5205398378066847,0,0.4671024175941391
12448.json,donald-trump,barely-true,1,speaker_disjoint_split,1,0.688173122431711,1,0.6294514805105758
8701.json,state-democratic-party-wisconsin,false,1,speaker_disjoint_split,0,0.5258717528722198,0,0.4889946827686301
2371.json,john-mccain,barely-true,1,speaker_disjoint_split,1,0.8585398321522685,1,0.8252010781917044
12065.json,donald-trump,true,0,speaker_disjoint_split,1,0.6534229693626851,1,0.5931100485474294
13305.json,donald-trump,true,0,speaker_disjoint_split,1,0.6206966164430581,0,0.47031326897208564
2428.json,republican-governors-association,half-true,0,speaker_disjoint_split,0,0.3634715899203376,0,0.31370559848761903
4425.json,john-kasich,barely-true,1,speaker_disjoint_split,0,0.42846228315188956,0,0.4767930732128345
5551.json,dennis-richardson,half-true,0,speaker_disjoint_split,0,0.33169229749653895,0,0.2531927730195987
757.json,john-mccain,half-true,0,speaker_disjoint_split,1,0.6139590233622365,1,0.5599402850469378
2284.json,glenn-beck,pants-fire,1,speaker_disjoint_split,1,0.7211371078345269,1,0.6532077407432304
12650.json,donald-trump,barely-true,1,speaker_disjoint_split,1,0.5658073930026244,1,0.5054424248578601
643.json,joe-biden,half-true,0,speaker_disjoint_split,0,0.3034577412151381,0,0.2296966946518061
11562.json,donald-trump,pants-fire,1,speaker_disjoint_split,0,0.5118922191371297,1,0.5116680507077053
12098.json,john-kasich,mostly-true,0,speaker_disjoint_split,1,0.5626911118050197,1,0.5167194922887508
1480.json,glenn-beck,barely-true,1,speaker_disjoint_split,0,0.4812618655839837,0,0.4736682133326461
10517.json,nathan-deal,half-true,0,speaker_disjoint_split,0,0.26391139923320567,0,0.2823914379944144
531.json,john-mccain,mostly-true,0,speaker_disjoint_split,0,0.39008219337861894,0,0.3858162786972706
126.json,joe-biden,mostly-true,0,speaker_disjoint_split,1,0.6201101098565808,1,0.49481773730250805
526.json,john-mccain,barely-true,1,speaker_disjoint_split,0,0.5127810894933267,0,0.4127795643837995
3.json,bill-richardson,mostly-true,0,speaker_disjoint_split,0,0.4491712858561916,0,0.3489336027156309
1150.json,orrin-hatch,half-true,0,speaker_disjoint_split,0,0.43900449879401493,0,0.33917094416078986
4289.json,sam-adams,half-true,0,speaker_disjoint_split,0,0.48214291783039487,0,0.47049090608969996
4383.json,dennis-richardson,false,1,speaker_disjoint_split,1,0.6050773824389493,1,0.5221224468666432
2643.json,scott-walker,false,1,speaker_disjoint_split,1,0.7252083615298622,1,0.7103964868967336
13236.json,tim-kaine,barely-true,1,speaker_disjoint_split,0,0.38371033253324205,0,0.3119257718835363
1894.json,donna-brazile,half-true,0,speaker_disjoint_split,0,0.38993228496174676,0,0.2797756907608955
792.json,john-mccain,half-true,0,speaker_disjoint_split,1,0.6058711451969403,1,0.5609443305491574
12929.json,julian-castro,true,0,speaker_disjoint_split,0,0.4503945279271894,0,0.3847310520794408
12791.json,democratic-congressional-campaign-committee,barely-true,1,speaker_disjoint_split,1,0.6142177255282062,0,0.44475232051009483
10283.json,bernie-s,mostly-true,0,speaker_disjoint_split,0,0.4042657181999031,0,0.3587798799928508
2165.json,sam-olens,half-true,0,speaker_disjoint_split,0,0.5028039244086807,0,0.36198114560868244
6455.json,warren-kampf,mostly-true,0,speaker_disjoint_split,0,0.46963131906582123,0,0.4108701279651796
211.json,john-mccain,true,0,speaker_disjoint_split,1,0.5919154817232446,1,0.5295377370832752
7676.json,michael-chippendale,barely-true,1,speaker_disjoint_split,0,0.5268856409504364,0,0.46256522837841973
2443.json,john-kasich,half-true,0,speaker_disjoint_split,0,0.5251580244220915,0,0.4491778235121753
12284.json,bernie-s,mostly-true,0,speaker_disjoint_split,1,0.6184251561198543,1,0.534928273263125
3414.json,bernie-s,false,1,speaker_disjoint_split,0,0.4913498795084056,0,0.39755746664750724
1450.json,debra-medina,half-true,0,speaker_disjoint_split,1,0.792401657236142,1,0.7760246688629964
2894.json,glenn-beck,pants-fire,1,speaker_disjoint_split,1,0.6671661831927033,1,0.6492302659640552
9301.json,blog-posting,pants-fire,1,speaker_disjoint_split,1,0.7309465781085087,1,0.7380713322740886
5486.json,silvestre-reyes,half-true,0,speaker_disjoint_split,1,0.6735779629733788,1,0.5341539074238122
13227.json,donald-trump,false,1,speaker_disjoint_split,1,0.7392975616634014,1,0.6817297807527295
2603.json,hank-gilbert,false,1,speaker_disjoint_split,0,0.5457173869930959,0,0.3596138076475562
788.json,john-mccain,mostly-true,0,speaker_disjoint_split,1,0.5708973748655266,1,0.5393751304026183
605.json,john-mccain,false,1,speaker_disjoint_split,1,0.6825307050345709,1,0.5819526566430948
13186.json,tim-kaine,half-true,0,speaker_disjoint_split,0,0.5274946967561116,0,0.38699672860134543
3037.json,tim-kaine,half-true,0,speaker_disjoint_split,0,0.4264383494864016,0,0.40489079383763904
207.json,john-mccain,true,0,speaker_disjoint_split,1,0.5904665679349071,1,0.5611352078809688
10069.json,debbie-wasserman-schultz,false,1,speaker_disjoint_split,1,0.87275498068438,1,0.7183013708820417
13486.json,rush-limbaugh,half-true,0,speaker_disjoint_split,1,0.8793788372052493,1,0.7888941221143048
10633.json,glenn-beck,false,1,speaker_disjoint_split,1,0.5763291677862628,1,0.5713517913373649
10883.json,rebecca-quigley,false,1,speaker_disjoint_split,0,0.39985335270268624,0,0.2518976026897752
11307.json,donald-trump,barely-true,1,speaker_disjoint_split,1,0.5802253132206268,1,0.5119391963952203
4175.json,debbie-wasserman-schultz,half-true,0,speaker_disjoint_split,0,0.4971170733868682,0,0.4385076419127002
3987.json,democratic-congressional-campaign-committee,mostly-true,0,speaker_disjoint_split,1,0.6756588013024067,1,0.6051735879497163
12834.json,donald-trump,false,1,speaker_disjoint_split,0,0.5562734497369851,1,0.5210445639242982
386.json,john-mccain,mostly-true,0,speaker_disjoint_split,0,0.5583835813030327,1,0.5162392156046026
446.json,focus-family-action,barely-true,1,speaker_disjoint_split,1,0.6015323684137929,1,0.5619008381453188
10271.json,keisha-lance-bottoms,mostly-true,0,speaker_disjoint_split,0,0.5317602964950207,1,0.5373118880246498
317.json,bill-clinton,true,0,speaker_disjoint_split,0,0.25972792414312984,0,0.22001282192952473
5450.json,ron-paul,half-true,0,speaker_disjoint_split,1,0.7179525291479777,1,0.640445791528663
3740.json,tim-kaine,half-true,0,speaker_disjoint_split,0,0.21774126278442854,0,0.17354345355372366
10543.json,scott-walker,false,1,speaker_disjoint_split,1,0.8039026631586832,1,0.7693356371406256
7904.json,scott-walker,barely-true,1,speaker_disjoint_split,0,0.39319501395344686,0,0.36884670891210924
12805.json,joe-biden,mostly-true,0,speaker_disjoint_split,1,0.564779415052517,0,0.47051604072677605
9771.json,nextgen-climate,half-true,0,speaker_disjoint_split,0,0.5344793926336054,0,0.44887128926546094
2394.json,republican-governors-association,half-true,0,speaker_disjoint_split,1,0.6309952090300435,0,0.428982945243251
3541.json,armond-budish,half-true,0,speaker_disjoint_split,0,0.4606089653042012,0,0.38027132627685734
12187.json,rick-scotts-starbucks-heckler,half-true,0,speaker_disjoint_split,1,0.7184632417098766,1,0.6832889709026034
6325.json,michael-bloomberg,half-true,0,speaker_disjoint_split,0,0.4805527964659652,0,0.4571080083442604
12855.json,richard-durbin,true,0,speaker_disjoint_split,0,0.23596714472950692,0,0.12479925976167364
11726.json,dan-patrick,barely-true,1,speaker_disjoint_split,0,0.34503908226114893,0,0.24565313191702845
699.json,john-mccain,half-true,0,speaker_disjoint_split,1,0.7574350027757857,1,0.7129838617365324
10041.json,dan-patrick,half-true,0,speaker_disjoint_split,1,0.6667605922455048,1,0.5337263311605407
4189.json,national-republican-congressional-committee,false,1,speaker_disjoint_split,1,0.7664995867991943,1,0.6727939750835469
1405.json,glenn-beck,barely-true,1,speaker_disjoint_split,0,0.35339019150269857,0,0.35432398654394687
6919.json,tim-kaine,barely-true,1,speaker_disjoint_split,0,0.39205554457148517,0,0.27877651770329204
9774.json,republican-party-florida,false,1,speaker_disjoint_split,1,0.7956711078774626,1,0.7021057615459809
2616.json,christine-odonnell,pants-fire,1,speaker_disjoint_split,1,0.7265695211234511,1,0.5960617924938485
1280.json,charlie-crist,barely-true,1,speaker_disjoint_split,0,0.42433699513048284,0,0.32018694949576276
6720.json,rob-zerban,false,1,speaker_disjoint_split,1,0.5878780935519745,0,0.46800853116994473
4442.json,ron-paul,half-true,0,speaker_disjoint_split,1,0.5868993084343839,0,0.4761403827569583
7111.json,sam-adams,barely-true,1,speaker_disjoint_split,1,0.6207185214355465,0,0.4432861997147076
9235.json,blog-posting,pants-fire,1,speaker_disjoint_split,1,0.8408466179017329,1,0.8754656451602154
1243.json,barney-bishop,false,1,speaker_disjoint_split,1,0.5860995192289847,1,0.5430126060464184
3369.json,sam-adams,half-true,0,speaker_disjoint_split,1,0.6226808206949096,0,0.4475890193575466
12952.json,donald-trump,barely-true,1,speaker_disjoint_split,1,0.6270136130609374,1,0.5927209347479664
2187.json,michael-bloomberg,false,1,speaker_disjoint_split,0,0.35813956720824436,0,0.38689347710339683
2774.json,scott-walker,half-true,0,speaker_disjoint_split,1,0.698784601760387,1,0.6294954187844206
6555.json,teresa-fedor,true,0,speaker_disjoint_split,0,0.5237953920792441,0,0.40126021370384546
5710.json,joe-biden,false,1,speaker_disjoint_split,0,0.5215808572571955,0,0.458767422881097
12537.json,donald-trump,false,1,speaker_disjoint_split,0,0.5374718585563529,0,0.4380723328150144
4841.json,eileen-brady,mostly-true,0,speaker_disjoint_split,1,0.5821444162123179,1,0.6186031955814342
13512.json,blog-posting,pants-fire,1,speaker_disjoint_split,1,0.5861971658200723,1,0.6582861402848627
7329.json,mayors-against-illegal-guns,half-true,0,speaker_disjoint_split,0,0.4486219606111557,0,0.37062902665111497
13385.json,donald-trump,mostly-true,0,speaker_disjoint_split,0,0.47958294416332636,0,0.42738656567085376
9937.json,jeanne-shaheen,mostly-true,0,speaker_disjoint_split,0,0.36095641904882875,0,0.30533006556554676
5124.json,restore-our-future,pants-fire,1,speaker_disjoint_split,1,0.6566908619932585,1,0.5532292462978962
9437.json,scott-walker,half-true,0,speaker_disjoint_split,1,0.7117852548057226,1,0.6039530464267138
235.json,john-mccain,true,0,speaker_disjoint_split,0,0.5091589723480446,1,0.5241839481616982
9489.json,scott-walker,false,1,speaker_disjoint_split,1,0.6998281892885099,1,0.6021920100695334
5836.json,mary-nolan,half-true,0,speaker_disjoint_split,0,0.5063473609144974,0,0.399292041065311
13324.json,donald-trump,mostly-true,0,speaker_disjoint_split,1,0.7167425657921696,1,0.6461160622453461
5230.json,nathan-deal,true,0,speaker_disjoint_split,0,0.478116984840105,0,0.37248597723533894
6900.json,karen-huber,half-true,0,speaker_disjoint_split,1,0.6619119863825521,1,0.6051476672598979
10524.json,lloyd-doggett,true,0,speaker_disjoint_split,1,0.6014778487480976,0,0.4773234836817483
12599.json,thomas-perez,true,0,speaker_disjoint_split,0,0.39017918910133187,0,0.33517793822918207
7084.json,dan-patrick,true,0,speaker_disjoint_split,0,0.41741005881884696,0,0.33662935679031597
9323.json,julian-castro,true,0,speaker_disjoint_split,1,0.6974675234858305,1,0.5556857194307229
7607.json,john-kasich,pants-fire,1,speaker_disjoint_split,0,0.474123713185242,0,0.44698700660056684
1061.json,lynn-westmoreland,barely-true,1,speaker_disjoint_split,0,0.48123144456014666,0,0.44148089624061243
12321.json,pat-mccrory,true,0,speaker_disjoint_split,0,0.14929335811567354,0,0.16847164221034927
12546.json,blog-posting,false,1,speaker_disjoint_split,1,0.8791209520862497,1,0.8771141574265781
2877.json,scott-walker,false,1,speaker_disjoint_split,1,0.7762453638947566,1,0.6741816339223742
3885.json,new-jersey-sierra-club,half-true,0,speaker_disjoint_split,0,0.35202530930200965,0,0.2968496839497732
11150.json,centers-disease-control,true,0,speaker_disjoint_split,1,0.7450830831468005,1,0.7469478007157645
2316.json,charlie-crist,mostly-true,0,speaker_disjoint_split,0,0.3144129719595622,0,0.2247354181339111
1497.json,eve-schatelowitz-alcantar,false,1,speaker_disjoint_split,0,0.47159278509968133,0,0.48778046713578604
4543.json,bill-oreilly,barely-true,1,speaker_disjoint_split,1,0.608346396347381,1,0.5984342125276386
5091.json,jon-huntsman,false,1,speaker_disjoint_split,1,0.7738072077735597,1,0.6752215316048031
4212.json,john-kasich,true,0,speaker_disjoint_split,1,0.6468817353264685,1,0.6124011361465685
1623.json,charlie-crist,true,0,speaker_disjoint_split,0,0.4394973988053994,0,0.33558496793384057
11802.json,bernie-s,mostly-true,0,speaker_disjoint_split,1,0.5836375522349363,1,0.502696690745734
2581.json,julie-lassa,barely-true,1,speaker_disjoint_split,1,0.6169935924604766,1,0.5688537465070115
12179.json,blog-posting,pants-fire,1,speaker_disjoint_split,1,0.7183620402665745,1,0.7729450957607814
9364.json,angel-taveras,barely-true,1,speaker_disjoint_split,0,0.45730079355062314,0,0.349330650179593
544.json,joe-biden,barely-true,1,speaker_disjoint_split,1,0.5607386764282027,0,0.418387613112948
3679.json,john-kasich,false,1,speaker_disjoint_split,1,0.8155257739323105,1,0.6925081465635462
1184.json,charles-boustany,barely-true,1,speaker_disjoint_split,1,0.8088709212251474,1,0.7336038542352508
13214.json,oxfam-america,mostly-true,0,speaker_disjoint_split,0,0.30462744489781385,0,0.29870335035379697
7268.json,scott-walker,mostly-true,0,speaker_disjoint_split,0,0.21621252137148286,0,0.24420449205984554
2252.json,tim-kaine,half-true,0,speaker_disjoint_split,1,0.5626718721464866,0,0.48278533182427946
3029.json,scott-walker,mostly-true,0,speaker_disjoint_split,1,0.5751131412752861,1,0.5381496883889637
3710.json,nathan-deal,true,0,speaker_disjoint_split,0,0.19880875944607604,0,0.14003874572034172
13409.json,donald-trump,barely-true,1,speaker_disjoint_split,0,0.527012554686737,0,0.45365803345091055
4568.json,new-jersey-democratic-state-committee,barely-true,1,speaker_disjoint_split,1,0.5997337635120594,1,0.5901126355272938
1849.json,john-oxendine,half-true,0,speaker_disjoint_split,0,0.30690886156400116,0,0.25107864248395323
10739.json,karl-rove,mostly-true,0,speaker_disjoint_split,0,0.5585113155786086,1,0.538285982493043
13128.json,donald-trump,mostly-true,0,speaker_disjoint_split,0,0.45238325872792745,0,0.42243986488396296
7195.json,lenny-curry,barely-true,1,speaker_disjoint_split,1,0.6649015734984309,1,0.5629795934510314
13047.json,donald-trump,half-true,0,speaker_disjoint_split,0,0.4626520359186945,0,0.4123199289663924
8352.json,blog-posting,pants-fire,1,speaker_disjoint_split,1,0.6858073006037578,1,0.6712384651572378
12749.json,donald-trump,half-true,0,speaker_disjoint_split,0,0.3162514534425647,0,0.22925253927868658
12011.json,donald-trump,half-true,0,speaker_disjoint_split,0,0.479841243364482,1,0.49802847922064497
13490.json,don-beyer,false,1,speaker_disjoint_split,0,0.3760636730482723,0,0.2651410766883503
180.json,bill-richardson,false,1,speaker_disjoint_split,1,0.6183098009772897,0,0.43152404555995233
12368.json,donald-trump,barely-true,1,speaker_disjoint_split,0,0.5533506899649105,1,0.49570253054149493
5788.json,frank-wolf,true,0,speaker_disjoint_split,1,0.5936377192723177,1,0.5822872192840765
3522.json,jason-haas,false,1,speaker_disjoint_split,1,0.6166141575083343,1,0.5428206288877145
10846.json,scott-walker,false,1,speaker_disjoint_split,1,0.9720330499333243,1,0.8485903492684563
700.json,john-mccain,true,0,speaker_disjoint_split,1,0.5602379521034802,0,0.45567997000002164
12214.json,bernie-s,mostly-true,0,speaker_disjoint_split,0,0.44630010710983997,0,0.3758085868676232
6922.json,lois-frankel,barely-true,1,speaker_disjoint_split,1,0.6139704958132838,1,0.5744611346209123
7416.json,david-plouffe,barely-true,1,speaker_disjoint_split,1,0.7038415471585019,1,0.6492917774534666
1262.json,glenn-beck,false,1,speaker_disjoint_split,0,0.5099084484108395,1,0.4979294240193385
1677.json,karen-sage,true,0,speaker_disjoint_split,0,0.4483576580341345,0,0.4080878793893482
13049.json,blog-posting,false,1,speaker_disjoint_split,0,0.5042135838582201,1,0.581508724349612
13423.json,donald-trump,false,1,speaker_disjoint_split,1,0.7123647362475412,1,0.6262343898079832
3087.json,brian-moran,pants-fire,1,speaker_disjoint_split,0,0.5008748653674455,0,0.42892425199616924
3460.json,john-kasich,half-true,0,speaker_disjoint_split,0,0.5077641572090206,0,0.4335090334213505
9256.json,rush-limbaugh,false,1,speaker_disjoint_split,0,0.45038796101406137,1,0.5123513420589438
8104.json,don-lemon,mostly-true,0,speaker_disjoint_split,0,0.36853555051319703,0,0.3649287094474328
7970.json,todd-young,false,1,speaker_disjoint_split,1,0.6406105214691046,1,0.6282303952805696
3257.json,dan-patrick,true,0,speaker_disjoint_split,0,0.5281234593047749,0,0.48304660862326165
70.json,ron-paul,mostly-true,0,speaker_disjoint_split,0,0.32378728668381096,0,0.21071882993642277
10140.json,john-carlevale,false,1,speaker_disjoint_split,0,0.5579595196018811,0,0.39665943395197745
8595.json,ken-cuccinelli,barely-true,1,speaker_disjoint_split,1,0.7833834703802288,1,0.7181171222903086
4885.json,joe-biden,mostly-true,0,speaker_disjoint_split,0,0.4916220847719195,0,0.41571330657626426
11917.json,john-mccain,true,0,speaker_disjoint_split,1,0.6802155394400164,1,0.6544848939026133
10978.json,don-beyer,true,0,speaker_disjoint_split,0,0.19357685099870886,0,0.10926110555372077
7164.json,john-kasich,true,0,speaker_disjoint_split,0,0.4366765140355849,0,0.43875767515858655
5251.json,blog-posting,mostly-true,0,speaker_disjoint_split,0,0.42768741840518787,1,0.5017510885259517
4689.json,jeb-hensarling,false,1,speaker_disjoint_split,0,0.40027417301167717,0,0.4154832087633273
9227.json,charlie-crist,barely-true,1,speaker_disjoint_split,0,0.5178455245007618,0,0.4578371436739407
12927.json,joaquin-castro,mostly-true,0,speaker_disjoint_split,1,0.6968030820975805,1,0.6560482220472864
340.json,john-mccain,true,0,speaker_disjoint_split,0,0.39272256373659165,0,0.3532681258742608
12924.json,gary-johnson,true,0,speaker_disjoint_split,1,0.5993544660982664,1,0.4983412129084815
13484.json,blog-posting,pants-fire,1,speaker_disjoint_split,1,0.5689186185952653,1,0.5914714995303538
11261.json,scott-walker,mostly-true,0,speaker_disjoint_split,0,0.5531398503911117,1,0.49066014288022164
8285.json,bill-foster,barely-true,1,speaker_disjoint_split,0,0.5237246829335875,0,0.2697164940782852
9229.json,bob-cole,half-true,0,speaker_disjoint_split,0,0.4693508528812523,0,0.4582258760034075
8685.json,kathleen-sebelius,true,0,speaker_disjoint_split,0,0.23646568186821587,0,0.23127166722226572
9200.json,louie-gohmert,false,1,speaker_disjoint_split,0,0.4450490556934678,0,0.3611780974894373
2533.json,republican-party-florida,half-true,0,speaker_disjoint_split,0,0.41120292753788956,0,0.34569918458172416
9292.json,charlie-crist,half-true,0,speaker_disjoint_split,0,0.4153786830021022,0,0.3422953913010778
631.json,jerome-corsi,pants-fire,1,speaker_disjoint_split,0,0.5188630366979923,0,0.4618084819374023
5074.json,john-kasich,mostly-true,0,speaker_disjoint_split,0,0.37589324837461874,0,0.37794416050761287
6795.json,bill-clinton,barely-true,1,speaker_disjoint_split,1,0.6225273075893965,1,0.5015042597581759
12511.json,donald-trump,false,1,speaker_disjoint_split,1,0.6106729861936901,1,0.5372236143707346
3186.json,john-kasich,barely-true,1,speaker_disjoint_split,1,0.6076117503388823,1,0.5349449609458731
