id,speaker,label,is_low_truth,setting,text_only_pred,text_only_score,text_plus_graph_pred,text_plus_graph_score
10540.json,scott-surovell,half-true,0,speaker_disjoint_split,1,0.5718984698006622,1,0.5339629048529332
1123.json,blog-posting,false,1,speaker_disjoint_split,1,0.778848668533039,1,0.9001044723181754
9028.json,charlie-crist,half-true,0,speaker_disjoint_split,1,0.5069087018940549,0,0.4873182195910301
7115.json,robert-menendez,mostly-true,0,speaker_disjoint_split,0,0.24529356115801862,0,0.13868554273785125
4148.json,bernie-s,half-true,0,speaker_disjoint_split,0,0.2957375636490711,0,0.27600431849118195
10683.json,bernie-s,half-true,0,speaker_disjoint_split,0,0.28322524580373887,0,0.22756639947891927
3863.json,national-republican-congressional-committee,barely-true,1,speaker_disjoint_split,1,0.6200109283348848,1,0.6301480887113866
10173.json,dennis-richardson,false,1,speaker_disjoint_split,0,0.4172111153365675,0,0.47506168633091533
11092.json,pamela-geller,false,1,speaker_disjoint_split,1,0.6669728430323407,1,0.7359384254202618
12163.json,peter-kinder,mostly-true,0,speaker_disjoint_split,0,0.22016997280642753,0,0.2288023572635105
1038.json,north-korea,true,0,speaker_disjoint_split,0,0.3052208657265937,0,0.3722299713446749
5210.json,national-republican-congressional-committee,pants-fire,1,speaker_disjoint_split,1,0.7379861125432184,1,0.759942241325022
11418.json,bernie-s,half-true,0,speaker_disjoint_split,0,0.1934588559794192,0,0.21427140113697554
13503.json,blog-posting,true,0,speaker_disjoint_split,1,0.6146629503228744,1,0.7542678198614
8187.json,ken-cuccinelli,false,1,speaker_disjoint_split,1,0.7631686620997795,1,0.8283912380120997
12981.json,donald-trump,barely-true,1,speaker_disjoint_split,0,0.48912302797601254,1,0.5478558109705526
812.json,john-mccain,false,1,speaker_disjoint_split,1,0.7355835141538315,1,0.7163722745631014
12056.json,donald-trump,false,1,speaker_disjoint_split,1,0.5573626959558908,1,0.5235763693128502
1738.json,alfredo-gutierrez,mostly-true,0,speaker_disjoint_split,1,0.5633971153409105,1,0.6016269111397939
3005.json,texas-veterans-commission,barely-true,1,speaker_disjoint_split,0,0.31829220359493055,0,0.3016441915006243
9165.json,republican-party-florida,false,1,speaker_disjoint_split,1,0.7386882288218065,1,0.7211963482403693
10053.json,jeanne-shaheen,true,0,speaker_disjoint_split,1,0.7243670775910792,1,0.678766600747234
9613.json,susan-happ,half-true,0,speaker_disjoint_split,0,0.29719578681210873,0,0.19397215726597425
8755.json,karl-rove,false,1,speaker_disjoint_split,1,0.5771214842191388,1,0.5902542417340655
767.json,joe-biden,barely-true,1,speaker_disjoint_split,1,0.6189587068082372,1,0.5211986073597005
10263.json,jim-skaggs,false,1,speaker_disjoint_split,0,0.24307338639987097,0,0.18836663436224
1969.json,john-mccain,false,1,speaker_disjoint_split,0,0.33922202185281797,0,0.46992839632238725
2020.json,ralph-hudgens,mostly-true,0,speaker_disjoint_split,1,0.6786426143522745,1,0.6995483871478061
7258.json,mark-shields,true,0,speaker_disjoint_split,0,0.4040667817428045,0,0.3208840959318355
13142.json,donald-trump,false,1,speaker_disjoint_split,0,0.48721414458572637,1,0.545942379535834
7467.json,scott-walker,mostly-true,0,speaker_disjoint_split,0,0.3336376561327427,0,0.3034906944331353
9492.json,donna-brazile,half-true,0,speaker_disjoint_split,1,0.5982820754903277,1,0.548752910468343
4357.json,blog-posting,pants-fire,1,speaker_disjoint_split,1,0.6977033851799627,1,0.7904939433596608
162.json,joe-biden,pants-fire,1,speaker_disjoint_split,0,0.3851189166666131,0,0.25671439965395926
8164.json,kathleen-sebelius,mostly-true,0,speaker_disjoint_split,0,0.20232815601081797,0,0.20685739595883373
9500.json,republican-party-florida,mostly-true,0,speaker_disjoint_split,1,0.5072520764582666,0,0.4947743837374431
7555.json,blog-posting,false,1,speaker_disjoint_split,1,0.6297809072299546,1,0.7767375395886444
325.json,john-mccain,mostly-true,0,speaker_disjoint_split,0,0.4780255737481792,0,0.3397127231336901
8985.json,david-jolly,true,0,speaker_disjoint_split,1,0.638274557942059,1,0.7433006631557455
2932.json,oregon-right-life-pac,true,0,speaker_disjoint_split,1,0.6609459519900682,1,0.7094897451726935
7324.json,rush-limbaugh,barely-true,1,speaker_disjoint_split,1,0.512344842117741,1,0.5316708652433344
2257.json,john-robitaille,false,1,speaker_disjoint_split,1,0.6035362128921465,1,0.6019117375283304
3782.json,louie-gohmert,false,1,speaker_disjoint_split,1,0.5650776232279096,0,0.48323606549603015
11536.json,donald-trump,barely-true,1,speaker_disjoint_split,0,0.4590529689919172,0,0.49610176203080714
5236.json,democratic-congressional-campaign-committee,barely-true,1,speaker_disjoint_split,1,0.5832011600680392,1,0.6789441677668188
2869.json,armond-budish,half-true,0,speaker_disjoint_split,0,0.41517398772363995,0,0.4119262810183702
11582.json,bernie-s,barely-true,1,speaker_disjoint_split,1,0.6534086293576542,1,0.6844973772410825
10887.json,robert-puente,half-true,0,speaker_disjoint_split,0,0.4370901482634772,0,0.32716802052685
4504.json,ron-paul,barely-true,1,speaker_disjoint_split,1,0.6748591678806092,1,0.679162787013702
9561.json,blog-posting,false,1,speaker_disjoint_split,1,0.5543929899254022,1,0.7186600346026882
12683.json,gary-johnson,mostly-true,0,speaker_disjoint_split,0,0.3679397821990972,0,0.31285291765098633
7295.json,stephen-sweeney,half-true,0,speaker_disjoint_split,1,0.527398118748121,1,0.573570074079622
6969.json,david-cicilline,false,1,speaker_disjoint_split,0,0.16261442407063692,0,0.13269777943415154
11886.json,bernie-s,false,1,speaker_disjoint_split,1,0.5688844245728784,1,0.5554543777487972
11844.json,bernie-s,half-true,0,speaker_disjoint_split,0,0.3308444166788356,0,0.30822662983138627
13370.json,john-skvarla,barely-true,1,speaker_disjoint_split,1,0.5752176516459165,0,0.4669649510088515
11636.json,ben-carson,false,1,speaker_disjoint_split,1,0.6306318188273662,1,0.5904569315936181
9837.json,nextgen-climate,half-true,0,speaker_disjoint_split,0,0.4630147213517325,0,0.3785872610679104
4267.json,john-kasich,half-true,0,speaker_disjoint_split,0,0.49377334746730656,0,0.4626049650861805
827.json,joe-biden,half-true,0,speaker_disjoint_split,0,0.26425162587026324,0,0.21977730007232568
3806.json,agenda-project,mostly-true,0,speaker_disjoint_split,1,0.6728840166310919,1,0.7159620755721593
9133.json,kesha-rogers,barely-true,1,speaker_disjoint_split,1,0.5324045093101614,1,0.5597710217332812
4327.json,jeff-merkley,mostly-true,0,speaker_disjoint_split,1,0.6517070456000814,1,0.5792245218401849
13026.json,donald-trump,barely-true,1,speaker_disjoint_split,1,0.5015583418577898,1,0.5629901935903227
240.json,bill-richardson,barely-true,1,speaker_disjoint_split,0,0.364431006674713,0,0.31834302486389326
7884.json,rush-limbaugh,barely-true,1,speaker_disjoint_split,1,0.7815439129149871,1,0.8088289145906595
8489.json,ken-cuccinelli,false,1,speaker_disjoint_split,1,0.6604649920083638,1,0.676696518888688
12446.json,donald-trump,half-true,0,speaker_disjoint_split,1,0.5717783023197276,1,0.5855157413572074
534.json,john-mccain,half-true,0,speaker_disjoint_split,1,0.6225249383634082,1,0.6459188547361929
5387.json,doug-thomas,half-true,0,speaker_disjoint_split,1,0.624116139182941,0,0.46841623907371854
10356.json,scott-walker,barely-true,1,speaker_disjoint_split,1,0.6205167957341019,1,0.6666239922033554
12497.json,scott-walker,true,0,speaker_disjoint_split,0,0.23176205119724452,0,0.26804833613634405
4893.json,thomas-brown,mostly-true,0,speaker_disjoint_split,1,0.6426802775013979,1,0.6089882061297358
6627.json,julian-castro,mostly-true,0,speaker_disjoint_split,1,0.6119865108180783,1,0.6770059297899571
10580.json,dan-patrick,pants-fire,1,speaker_disjoint_split,0,0.25148726451805425,0,0.18458080887385406
8004.json,rachel-campos-duffy,false,1,speaker_disjoint_split,0,0.3603964206244027,0,0.30118712260149766
256.json,ron-paul,mostly-true,0,speaker_disjoint_split,0,0.32985409575593744,0,0.34061994035363385
2722.json,national-republican-congressional-committee,barely-true,1,speaker_disjoint_split,1,0.6122696286615457,1,0.5725578608992374
1171.json,rush-limbaugh,barely-true,1,speaker_disjoint_split,1,0.7742821448283531,1,0.8203396444529423
8794.json,republican-party-florida,false,1,speaker_disjoint_split,1,0.6343917058066332,1,0.66972102881214
2060.json,joe-biden,mostly-true,0,speaker_disjoint_split,0,0.2619912356802469,0,0.17118504986963734
7210.json,nathan-deal,half-true,0,speaker_disjoint_split,0,0.4156742987913177,0,0.4090203156924783
12185.json,bill-clinton,mostly-true,0,speaker_disjoint_split,0,0.408479420478206,0,0.37420537785631935
4332.json,chip-rogers,half-true,0,speaker_disjoint_split,0,0.2734780386607262,0,0.25014903313174125
2925.json,john-kasich,half-true,0,speaker_disjoint_split,1,0.5236197169856709,1,0.55300109499483
9838.json,bernie-s,mostly-true,0,speaker_disjoint_split,0,0.21967235981554842,0,0.19238303362026565
11407.json,ben-carson,pants-fire,1,speaker_disjoint_split,1,0.5683990778586935,1,0.5912682864549567
35.json,joe-biden,true,0,speaker_disjoint_split,0,0.3565539359956718,0,0.2940234900601282
10663.json,bernie-s,half-true,0,speaker_disjoint_split,0,0.3571427220099788,0,0.36413749738518725
8147.json,bill-foster,half-true,0,speaker_disjoint_split,0,0.49963283147397586,0,0.3632303410026942
3443.json,organizing-america,half-true,0,speaker_disjoint_split,1,0.6400034063210727,1,0.6264576039147076
11291.json,lloyd-doggett,mostly-true,0,speaker_disjoint_split,0,0.4794289730958777,0,0.45896690164438614
5110.json,rob-cornilles,pants-fire,1,speaker_disjoint_split,0,0.4360208028247426,0,0.43269379459349033
12754.json,donald-trump,barely-true,1,speaker_disjoint_split,0,0.1998332228690765,0,0.19206674827018191
9853.json,larry-elder,false,1,speaker_disjoint_split,0,0.2559313306999276,0,0.3865517983444218
10931.json,dale-kooyenga,half-true,0,speaker_disjoint_split,0,0.4278341867040879,0,0.3953639845061506
6014.json,mary-nolan,true,0,speaker_disjoint_split,0,0.4399404862420067,0,0.31714824378409184
3695.json,joe-gibbons,barely-true,1,speaker_disjoint_split,1,0.6067558169584234,1,0.6404332768765525
5047.json,david-cicilline,half-true,0,speaker_disjoint_split,1,0.5170441721466501,0,0.41130863844724486
8910.json,charlie-crist,half-true,0,speaker_disjoint_split,1,0.6946748264441477,1,0.6507940935724452
12285.json,bob-graham,half-true,0,speaker_disjoint_split,1,0.6266402469339948,1,0.5808282970416598
8677.json,kathleen-vinehout,barely-true,1,speaker_disjoint_split,1,0.5066669104691489,1,0.5235978071009341
9434.json,republican-governors-association,barely-true,1,speaker_disjoint_split,1,0.6303131635527173,1,0.6866779920134102
549.json,ralph-nader,mostly-true,0,speaker_disjoint_split,1,0.5013134377602124,0,0.4569091676750858
4366.json,blog-posting,pants-fire,1,speaker_disjoint_split,1,0.6420580303900931,1,0.7459586609846527
11363.json,donald-trump,pants-fire,1,speaker_disjoint_split,0,0.35360801566419253,0,0.4114005752452849
12499.json,donald-trump,pants-fire,1,speaker_disjoint_split,1,0.5351723599026564,0,0.4854042803585149
12023.json,bernie-s,mostly-true,0,speaker_disjoint_split,0,0.4459936340848519,0,0.38445415035891584
8347.json,bernie-s,false,1,speaker_disjoint_split,1,0.6621589884944096,1,0.6485239562785335
5750.json,joe-biden,half-true,0,speaker_disjoint_split,1,0.5352252687443094,0,0.4658533187734205
13159.json,democratic-congressional-campaign-committee,barely-true,1,speaker_disjoint_split,1,0.5470776272486891,1,0.667405963357311
2699.json,michael-steele,false,1,speaker_disjoint_split,1,0.6199091422638559,1,0.5276628310570898
3485.json,dennis-richardson,false,1,speaker_disjoint_split,0,0.26652557958298856,0,0.24860434771056045
11453.json,claire-mccaskill,false,1,speaker_disjoint_split,0,0.47327569393125185,0,0.4574672231306255
5031.json,tim-kaine,half-true,0,speaker_disjoint_split,0,0.3643091493380024,0,0.3901211984175131
7976.json,debbie-wasserman-schultz,half-true,0,speaker_disjoint_split,1,0.5072194432300915,1,0.5184723158372865
11906.json,joanne-kloppenburg,mostly-true,0,speaker_disjoint_split,1,0.6868866253483628,1,0.6708745464159512
9652.json,debbie-wasserman-schultz,barely-true,1,speaker_disjoint_split,0,0.47898885824727494,0,0.47894234417207066
13228.json,donald-trump,pants-fire,1,speaker_disjoint_split,1,0.5565524480082925,1,0.5535784481667158
4373.json,scott-walker,pants-fire,1,speaker_disjoint_split,1,0.5642117800745103,1,0.5729218124771297
8214.json,bookerfail,half-true,0,speaker_disjoint_split,0,0.426796632089015,0,0.3039714560367049
6462.json,debbie-wasserman-schultz,false,1,speaker_disjoint_split,0,0.30757682203300074,0,0.2671171350873894
5870.json,mike-foley,mostly-true,0,speaker_disjoint_split,1,0.525493881757059,1,0.5262235749538691
6903.json,rob-zerban,pants-fire,1,speaker_disjoint_split,1,0.6458145603880568,1,0.6657286454484809
6308.json,jackie-cilley,true,0,speaker_disjoint_split,0,0.2883221804504664,0,0.315444285130504
13145.json,national-republican-congressional-committee,barely-true,1,speaker_disjoint_split,0,0.4322607916546717,0,0.38115495737099947
11617.json,arsalan-iftikhar,false,1,speaker_disjoint_split,0,0.44226733147616737,1,0.5078396620484206
12246.json,john-pagliarini,half-true,0,speaker_disjoint_split,0,0.40724554042438993,0,0.2980042046810489
10286.json,diego-arene-morley,true,0,speaker_disjoint_split,0,0.2609391607632981,0,0.18597152421975885
12813.json,donald-trump,mostly-true,0,speaker_disjoint_split,1,0.5554225289245647,1,0.5156727961544854
10192.json,delia-garza,false,1,speaker_disjoint_split,1,0.5210814295902442,1,0.5978608542564868
2464.json,john-kasich,barely-true,1,speaker_disjoint_split,1,0.5386544947403701,1,0.5149328279203613
4552.json,david-axelrod,mostly-true,0,speaker_disjoint_split,0,0.33508888239203555,0,0.3031452179285014
5897.json,joe-biden,false,1,speaker_disjoint_split,1,0.6353179120911824,1,0.5961454592385673
9831.json,blog-posting,true,0,speaker_disjoint_split,0,0.46867320155899544,1,0.6766659177054217
1445.json,charlie-crist,mostly-true,0,speaker_disjoint_split,0,0.4628064784482716,0,0.3664875702520612
4064.json,scott-walker,false,1,speaker_disjoint_split,1,0.6480789796374703,1,0.6971913524849779
12201.json,david-jolly,barely-true,1,speaker_disjoint_split,0,0.3130030513696732,0,0.4295436597243561
4807.json,rob-cornilles,true,0,speaker_disjoint_split,0,0.46532222165563575,0,0.4215602760300996
8333.json,steve-lonegan,true,0,speaker_disjoint_split,0,0.431572792386229,0,0.35773084439575825
9199.json,anissa-naouai,half-true,0,speaker_disjoint_split,0,0.10078605478431259,0,0.13308489840000562
13262.json,donald-trump,barely-true,1,speaker_disjoint_split,0,0.49212410824486263,1,0.5079372753719742
1603.json,karl-rove,mostly-true,0,speaker_disjoint_split,0,0.4286875929391101,0,0.41579126537942224
5702.json,nathan-deal,mostly-true,0,speaker_disjoint_split,0,0.45765977466293073,0,0.41948641013400584
3795.json,angel-taveras,false,1,speaker_disjoint_split,0,0.23517879428784894,0,0.20174313773146074
10828.json,david-cicilline,true,0,speaker_disjoint_split,0,0.15761717763370006,0,0.1605534130507936
6116.json,terry-lawler,barely-true,1,speaker_disjoint_split,1,0.5408888043965973,1,0.5483981759251404
1283.json,blog-posting,pants-fire,1,speaker_disjoint_split,1,0.547080818714202,1,0.6306426548704965
11915.json,centre-research-globalization,false,1,speaker_disjoint_split,1,0.7452427714840063,1,0.682860521741616
4340.json,club-growth,false,1,speaker_disjoint_split,0,0.4959888804462258,0,0.4366169457889113
12822.json,joaquin-castro,half-true,0,speaker_disjoint_split,1,0.6454597430668267,1,0.6791600513489675
11501.json,carly-fiorina,false,1,speaker_disjoint_split,1,0.5696052598565832,1,0.5782205501775388
9067.json,kesha-rogers,half-true,0,speaker_disjoint_split,1,0.7493134848187821,1,0.7813434226685667
239.json,ron-paul,true,0,speaker_disjoint_split,0,0.47256649650864924,1,0.5125771730246985
9247.json,neera-tanden,mostly-true,0,speaker_disjoint_split,0,0.33467682899975093,0,0.4119420400284667
9873.json,chuck-todd,true,0,speaker_disjoint_split,0,0.19474994472228926,0,0.23281498356058047
11713.json,bernie-s,barely-true,1,speaker_disjoint_split,1,0.5548270325904254,1,0.5309911898040106
1919.json,debbie-wasserman-schultz,half-true,0,speaker_disjoint_split,0,0.4267226728457551,0,0.4609121572780342
1294.json,keith-olbermann,mostly-true,0,speaker_disjoint_split,1,0.505134981317965,1,0.5528057599026757
7278.json,jennette-gayer,mostly-true,0,speaker_disjoint_split,0,0.28833981897163496,0,0.3997339260364069
13382.json,donald-trump,false,1,speaker_disjoint_split,1,0.5668927593254495,1,0.6659834746752168
13464.json,donald-trump,false,1,speaker_disjoint_split,1,0.6746518374449268,1,0.6853552216143278
13218.json,rush-limbaugh,pants-fire,1,speaker_disjoint_split,0,0.35141792172498926,1,0.5194495282722862
7142.json,dan-micciche,mostly-true,0,speaker_disjoint_split,0,0.19493102374563526,0,0.17585916587113665
6016.json,joe-biden,mostly-true,0,speaker_disjoint_split,0,0.34008630521292665,0,0.2512142749338056
11995.json,donald-trump,false,1,speaker_disjoint_split,1,0.7116789676669389,1,0.7514116562292933
1630.json,tom-coburn,mostly-true,0,speaker_disjoint_split,1,0.7450207166639942,1,0.8182688682377015
12938.json,donald-trump,mostly-true,0,speaker_disjoint_split,0,0.3567915369545093,0,0.35106147605850474
5716.json,robert-menendez,true,0,speaker_disjoint_split,0,0.1548548193488936,0,0.09663116807065932
11079.json,blog-posting,pants-fire,1,speaker_disjoint_split,1,0.6745508028998677,1,0.7915003117290718
13039.json,donald-trump,false,1,speaker_disjoint_split,0,0.47817682854893745,0,0.49519057715167203
1149.json,bernie-s,false,1,speaker_disjoint_split,0,0.2497665477858617,0,0.2391588931710161
8473.json,joe-barton,false,1,speaker_disjoint_split,1,0.6670786954463063,1,0.5221997781941214
3749.json,david-cicilline,barely-true,1,speaker_disjoint_split,0,0.4322223624147857,0,0.3711475175475367
5734.json,bettylou-decroce,half-true,0,speaker_disjoint_split,0,0.2083754826334687,0,0.22598468092572793
12922.json,pat-mccrory,barely-true,1,speaker_disjoint_split,1,0.8091334612652906,1,0.7799628537829547
1506.json,charlie-crist,true,0,speaker_disjoint_split,0,0.43496016638179785,0,0.33023956913172864
2828.json,marvin-pratt,false,1,speaker_disjoint_split,0,0.44416775197074415,0,0.4126695410014979
5145.json,rob-cornilles,barely-true,1,speaker_disjoint_split,0,0.42391629036183154,0,0.4364062323277827
11283.json,reader-email,mostly-true,0,speaker_disjoint_split,0,0.25986378407838867,0,0.15317019434614756
10185.json,sean-spicer,true,0,speaker_disjoint_split,0,0.3799880487484094,0,0.37323954273021953
12267.json,lee-camp,half-true,0,speaker_disjoint_split,1,0.6655994775653106,1,0.7322852540344498
10579.json,scott-walker,mostly-true,0,speaker_disjoint_split,0,0.19188374847639886,0,0.19762328857041891
12307.json,bernie-s,mostly-true,0,speaker_disjoint_split,0,0.4346154012455525,0,0.4259223854723143
6344.json,lou-ann-zelenik,false,1,speaker_disjoint_split,1,0.7928209771378192,1,0.8297429918745147
8021.json,karl-rove,mostly-true,0,speaker_disjoint_split,0,0.285846761862476,0,0.2960219111736521
11314.json,carly-fiorina,true,0,speaker_disjoint_split,0,0.4339114813669425,0,0.35648432536744745
2851.json,joe-barton,barely-true,1,speaker_disjoint_split,1,0.6316340866005924,0,0.48904588874150273
12570.json,donald-trump,pants-fire,1,speaker_disjoint_split,1,0.5017917432494512,0,0.4953811577069045
828.json,john-mccain,false,1,speaker_disjoint_split,0,0.4937447636907859,1,0.568616078646649
1861.json,carly-fiorina,pants-fire,1,speaker_disjoint_split,1,0.5235026938481399,0,0.4205543001217262
5337.json,nickie-antonio,barely-true,1,speaker_disjoint_split,0,0.2972976109686815,0,0.21762446254626824
3023.json,john-kasich,false,1,speaker_disjoint_split,0,0.09052128677298561,0,0.12064911718723996
11577.json,bernie-s,true,0,speaker_disjoint_split,0,0.4370182990343087,0,0.35057558744723033
12844.json,donald-trump,mostly-true,0,speaker_disjoint_split,1,0.5384006962475216,0,0.4687714794345696
11576.json,bernie-s,half-true,0,speaker_disjoint_split,0,0.4870228105071352,0,0.4552157168568369
2827.json,republican-state-senators,pants-fire,1,speaker_disjoint_split,1,0.6986229637075452,1,0.7182058055739154
10609.json,scott-walker,false,1,speaker_disjoint_split,0,0.4596218113339239,1,0.5182249892613652
4166.json,debbie-wasserman-schultz,true,0,speaker_disjoint_split,1,0.6522082342335198,1,0.6046443776921214
1186.json,blog-posting,pants-fire,1,speaker_disjoint_split,1,0.7748816078015788,1,0.9016355073606052
12784.json,bill-clinton,half-true,0,speaker_disjoint_split,1,0.553367917902873,1,0.5389447081094494
97.json,bill-richardson,mostly-true,0,speaker_disjoint_split,0,0.4415012257582828,0,0.353767379423918
11788.json,scott-walker,mostly-true,0,speaker_disjoint_split,0,0.30674842144222636,0,0.36655190746366756
4828.json,armond-budish,false,1,speaker_disjoint_split,0,0.47246652469916856,0,0.45860179771306253
1868.json,blog-posting,pants-fire,1,speaker_disjoint_split,0,0.4260934425865134,1,0.5812604777805086
9121.json,rush-limbaugh,false,1,speaker_disjoint_split,0,0.3603233979191941,0,0.3573012956826
8335.json,deadspin,true,0,speaker_disjoint_split,0,0.44030705509574325,0,0.3430187702842211
10612.json,nancy-devaney,false,1,speaker_disjoint_split,0,0.4544178352171034,0,0.402734557946246
5143.json,rob-cornilles,mostly-true,0,speaker_disjoint_split,1,0.7150822137717359,1,0.761368230694183
9922.json,donald-trump,mostly-true,0,speaker_disjoint_split,0,0.32858234638660316,0,0.3209312210339166
2421.json,scott-walker,half-true,0,speaker_disjoint_split,0,0.1498957508916302,0,0.14681171248501657
3350.json,glenn-beck,pants-fire,1,speaker_disjoint_split,1,0.5295254831905704,1,0.5984477125237877
10116.json,scott-walker,barely-true,1,speaker_disjoint_split,1,0.5489733413702632,1,0.5399081791314048
786.json,john-mccain,false,1,speaker_disjoint_split,1,0.6109227230753299,1,0.674813282991867
10725.json,addicting-information,false,1,speaker_disjoint_split,1,0.5014458671956951,0,0.47722927999386505
9713.json,charlotte-nash,half-true,0,speaker_disjoint_split,1,0.6740575134367773,1,0.7102860170760901
9318.json,miami-seaport-alliance,false,1,speaker_disjoint_split,0,0.47202325517068733,0,0.46852677444927127
4395.json,state-democratic-party-wisconsin,pants-fire,1,speaker_disjoint_split,1,0.6054073171478268,1,0.7057492034553016
4532.json,mary-nolan,half-true,0,speaker_disjoint_split,1,0.665312502558997,1,0.579619984483316
4909.json,tim-kaine,true,0,speaker_disjoint_split,0,0.438787109923019,0,0.395591328070602
13081.json,donald-trump,false,1,speaker_disjoint_split,1,0.5638754759473156,1,0.5906156321710947
7290.json,coalition-stop-gun-violence,pants-fire,1,speaker_disjoint_split,1,0.569862381814682,1,0.5676279854589786
1163.json,republican-party-florida,pants-fire,1,speaker_disjoint_split,1,0.5660735113541696,1,0.5351777030782356
3155.json,scott-walker,false,1,speaker_disjoint_split,1,0.5414413051204541,1,0.5536644430311816
8882.json,charlie-crist,half-true,0,speaker_disjoint_split,1,0.8108260663427529,1,0.783361343396031
12689.json,donald-trump,false,1,speaker_disjoint_split,1,0.5545298229106366,1,0.5476886145523425
834.json,john-mccain,true,0,speaker_disjoint_split,0,0.3982703452805586,0,0.4493183927809865
7307.json,nathan-deal,mostly-true,0,speaker_disjoint_split,0,0.3455575289810456,0,0.3749313371379913
5651.json,marsha-blackburn,false,1,speaker_disjoint_split,1,0.7049418047756143,1,0.7185905628687627
10709.json,scott-walker,half-true,0,speaker_disjoint_split,1,0.512027677782136,0,0.42016305769171997
10008.json,republican-governors-association,false,1,speaker_disjoint_split,1,0.6281308722219633,1,0.6413438223296049
11423.json,bernie-s,barely-true,1,speaker_disjoint_split,1,0.5512589880192287,0,0.4960180315979791
8578.json,debbie-wasserman-schultz,half-true,0,speaker_disjoint_split,1,0.617721586014703,1,0.6060048464601114
12750.json,donald-trump,half-true,0,speaker_disjoint_split,1,0.5034508418921221,1,0.5154031937629008
2884.json,oregon-healthy-kids,mostly-true,0,speaker_disjoint_split,0,0.37990212139707163,0,0.29694745684571405
2373.json,david-porter,half-true,0,speaker_disjoint_split,0,0.4997692940934427,0,0.4796640224918837
4810.json,dekalb-county,mostly-true,0,speaker_disjoint_split,1,0.6412582414661395,1,0.7141523006081444
3760.json,steve-oelrich,true,0,speaker_disjoint_split,1,0.6092351672482517,1,0.6375249588961991
630.json,john-mccain,true,0,speaker_disjoint_split,1,0.7365943632280985,1,0.7536156164964227
2587.json,national-republican-congressional-committee,pants-fire,1,speaker_disjoint_split,1,0.6500604967192357,1,0.6144652089175195
8988.json,americans-prosperity-georgia-chapter,mostly-true,0,speaker_disjoint_split,0,0.30121829026812647,0,0.20111866871977693
5816.json,national-republican-congressional-committee,barely-true,1,speaker_disjoint_split,0,0.2855328452197287,0,0.3035055153273674
8872.json,mr-conservative,false,1,speaker_disjoint_split,1,0.6367411535482773,1,0.5314446010071082
9415.json,scott-walker,mostly-true,0,speaker_disjoint_split,0,0.3950930565345683,1,0.5055429292309563
8991.json,david-ignatius,true,0,speaker_disjoint_split,1,0.5687049045132694,1,0.5403201736923267
13217.json,donald-trump,false,1,speaker_disjoint_split,0,0.3804368276962549,0,0.37612892079484794
5013.json,restore-our-future,mostly-true,0,speaker_disjoint_split,0,0.47626754416278766,1,0.5182620554625982
5114.json,scott-walker,false,1,speaker_disjoint_split,0,0.35529727387631366,0,0.43015358363137607
2609.json,nathan-deal,half-true,0,speaker_disjoint_split,1,0.5313460338834392,1,0.5098648561353787
8536.json,scott-walker,mostly-true,0,speaker_disjoint_split,1,0.6478217890855992,1,0.6502600489013564
6085.json,julian-castro,half-true,0,speaker_disjoint_split,0,0.26136103086084356,0,0.2809447434145667
3540.json,tim-kaine,true,0,speaker_disjoint_split,0,0.43458342093963387,0,0.362209421976703
1194.json,keith-olbermann,half-true,0,speaker_disjoint_split,1,0.556666218411889,1,0.6009523978739244
5704.json,republican-governors-association,half-true,0,speaker_disjoint_split,1,0.657338850100877,1,0.6167827490096288
6820.json,ann-coulter,true,0,speaker_disjoint_split,0,0.4965816839943073,0,0.4925792432905339
1859.json,nathan-deal,barely-true,1,speaker_disjoint_split,0,0.47093661202880366,0,0.3043904654550525
13131.json,donald-trump,false,1,speaker_disjoint_split,1,0.6074068649350796,1,0.6620817586653894
8384.json,ken-cuccinelli,false,1,speaker_disjoint_split,1,0.6522763183653805,1,0.6802027124987902
13511.json,heather-mcghee,half-true,0,speaker_disjoint_split,0,0.492267010209125,0,0.4069611786828303
13103.json,donald-trump,false,1,speaker_disjoint_split,1,0.6875060539515906,1,0.6682317700800695
8823.json,mark-schlereth,mostly-true,0,speaker_disjoint_split,0,0.41949368359755046,0,0.38760559997133703
735.json,john-mccain,barely-true,1,speaker_disjoint_split,1,0.63615630213694,1,0.6287016589513265
9090.json,kathleen-sebelius,mostly-true,0,speaker_disjoint_split,0,0.48575758028112465,1,0.5006780428459858
4249.json,club-growth,barely-true,1,speaker_disjoint_split,1,0.6468208642434595,1,0.6006719718155822
12771.json,bernie-s,mostly-true,0,speaker_disjoint_split,0,0.19202553934058963,0,0.2089474989586962
12029.json,donald-trump,half-true,0,speaker_disjoint_split,1,0.5687042148538316,1,0.5474321953230407
7273.json,keith-faber,true,0,speaker_disjoint_split,1,0.5484108751309402,1,0.5446725803779997
11328.json,bernie-s,mostly-true,0,speaker_disjoint_split,0,0.19081985392623646,0,0.21310900402546162
7579.json,ed-fallone,half-true,0,speaker_disjoint_split,1,0.5494624239788654,1,0.624852454255117
9659.json,dan-patrick,false,1,speaker_disjoint_split,0,0.3215538462563881,0,0.40175224666931164
7844.json,harry-alford,pants-fire,1,speaker_disjoint_split,1,0.7162089419671108,1,0.8243670427381027
349.json,bill-clinton,false,1,speaker_disjoint_split,0,0.37244996402245756,0,0.3391524988775252
12041.json,bernie-s,mostly-true,0,speaker_disjoint_split,1,0.7721503653993903,1,0.7451061819440327
4521.json,jim-whelan,half-true,0,speaker_disjoint_split,0,0.37991238039033404,0,0.330015344231921
6170.json,sam-adams,mostly-true,0,speaker_disjoint_split,0,0.4106237178211347,0,0.31835936724740305
2176.json,nathan-deal,mostly-true,0,speaker_disjoint_split,1,0.5786714007677428,0,0.49132337851217767
2116.json,bill-oreilly,false,1,speaker_disjoint_split,1,0.703638663764398,1,0.7455039545135695
4019.json,new-jersey-democratic-state-committee,false,1,speaker_disjoint_split,1,0.5571623274271397,0,0.4440324755718258
1531.json,charles-rangel,pants-fire,1,speaker_disjoint_split,1,0.5635693026505699,1,0.654060309936583
5365.json,greg-walden,true,0,speaker_disjoint_split,0,0.4124369409928871,0,0.40450669562638003
3768.json,terry-moulton,false,1,speaker_disjoint_split,0,0.2282819513849669,0,0.25138303328795053
13126.json,donald-trump,false,1,speaker_disjoint_split,0,0.41213272727935096,0,0.44300630590709905
13299.json,donald-trump,barely-true,1,speaker_disjoint_split,1,0.620303670469929,1,0.6092162067010082
698.json,john-mccain,false,1,speaker_disjoint_split,1,0.703120784072077,1,0.7139517715233822
9586.json,jeff-merkley,false,1,speaker_disjoint_split,1,0.5382096258824388,1,0.5501805677850197
4128.json,national-republican-congressional-committee,false,1,speaker_disjoint_split,1,0.672860891697578,1,0.7262692529313844
12276.json,jerry-jones,pants-fire,1,speaker_disjoint_split,1,0.6173976646051447,1,0.5472560732075508
12001.json,donald-trump,false,1,speaker_disjoint_split,1,0.614621204920479,1,0.6899306008279039
3312.json,scott-walker,false,1,speaker_disjoint_split,1,0.5570483857931486,1,0.5864027840129189
13151.json,blog-posting,pants-fire,1,speaker_disjoint_split,1,0.5749250332895108,1,0.7317772936656001
13187.json,tim-kaine,half-true,0,speaker_disjoint_split,1,0.5197524286077081,1,0.5059194352077264
11916.json,john-kasich,mostly-true,0,speaker_disjoint_split,1,0.5088792332236052,1,0.5483818342000855
12464.json,scott-walker,half-true,0,speaker_disjoint_split,1,0.5479613439095811,1,0.6098380712308444
1606.json,charlie-crist,mostly-true,0,speaker_disjoint_split,1,0.5752683457581172,0,0.4661974295782352
12268.json,donald-trump,mostly-true,0,speaker_disjoint_split,1,0.6104723546356507,1,0.5986703659859327
4891.json,alan-simpson,true,0,speaker_disjoint_split,0,0.1929145663974032,0,0.24151654866619224
8793.json,florida-all,barely-true,1,speaker_disjoint_split,0,0.36890926896986603,0,0.4036737012561292
5495.json,david-axelrod,false,1,speaker_disjoint_split,0,0.30171645768294275,0,0.20084127922034675
516.json,john-mccain,true,0,speaker_disjoint_split,0,0.2567485278218706,0,0.29111324138677513
11063.json,donald-trump,false,1,speaker_disjoint_split,1,0.6835920175129757,1,0.6296496294748607
113.json,john-mccain,half-true,0,speaker_disjoint_split,0,0.22197880531512812,0,0.2509115732620192
11992.json,donald-trump,pants-fire,1,speaker_disjoint_split,1,0.6719399002767978,1,0.6659685599393821
8769.json,chris-murphy,true,0,speaker_disjoint_split,0,0.43568605923056625,0,0.46617732657841326
10370.json,chris-coons,barely-true,1,speaker_disjoint_split,1,0.5891626619507376,1,0.5496793307646436
991.json,gus-bilirakis,barely-true,1,speaker_disjoint_split,1,0.5805966405495273,0,0.47549866114079514
507.json,john-mccain,barely-true,1,speaker_disjoint_split,0,0.49485967911910245,1,0.5268274375983205
7747.json,blog-posting,barely-true,1,speaker_disjoint_split,1,0.6547566855003534,1,0.7480683501466978
10968.json,bill-clinton,mostly-true,0,speaker_disjoint_split,0,0.45518627623955826,0,0.42675485971770916
12682.json,donald-trump,true,0,speaker_disjoint_split,0,0.3764395176232578,0,0.42044876629659483
10190.json,ben-cardin,barely-true,1,speaker_disjoint_split,0,0.4063729016172447,0,0.3837308973158926
13060.json,blog-posting,pants-fire,1,speaker_disjoint_split,1,0.668068978047647,1,0.7810327051784548
12443.json,vicki-martin,mostly-true,0,speaker_disjoint_split,0,0.2746111305532575,0,0.2274690131456913
6210.json,bill-weimer,true,0,speaker_disjoint_split,0,0.3097514453715703,1,0.5259820139581167
3590.json,peter-defazio,false,1,speaker_disjoint_split,1,0.6031556642731251,1,0.7560884037713755
4625.json,fred-karger,pants-fire,1,speaker_disjoint_split,1,0.6365749876540626,1,0.8049846022903595
1932.json,bill-lynch,pants-fire,1,speaker_disjoint_split,1,0.5893826374283895,1,0.590151089860252
10984.json,scott-walker,half-true,0,speaker_disjoint_split,0,0.147943403173618,0,0.17485832318310396
13041.json,donald-trump,pants-fire,1,speaker_disjoint_split,0,0.4696905812813677,0,0.4510004370600891
9955.json,blog-posting,pants-fire,1,speaker_disjoint_split,1,0.8014252195335159,1,0.9270822326485549
3533.json,charles-rangel,half-true,0,speaker_disjoint_split,1,0.5391515564309592,1,0.56374186477622
4671.json,ron-paul,mostly-true,0,speaker_disjoint_split,0,0.47268593821519417,1,0.5085118821969741
701.json,john-mccain,barely-true,1,speaker_disjoint_split,1,0.658200829616326,1,0.6541704414440767
9894.json,john-mccain,mostly-true,0,speaker_disjoint_split,1,0.5162609098312625,1,0.506294506519571
2955.json,state-democratic-party-wisconsin,pants-fire,1,speaker_disjoint_split,1,0.7796174077244492,1,0.8028704447934267
8724.json,carol-shea-porter,true,0,speaker_disjoint_split,1,0.5229831187061357,0,0.4294165468363247
11224.json,se-cupp,true,0,speaker_disjoint_split,0,0.2960351321518682,0,0.34481064676720075
12890.json,donald-trump,barely-true,1,speaker_disjoint_split,1,0.5378054009187363,1,0.570967018585167
3683.json,saxby-chambliss,false,1,speaker_disjoint_split,1,0.6265526572102665,1,0.6490506145572096
12983.json,tim-kaine,false,1,speaker_disjoint_split,1,0.5821152315337373,1,0.5913436652375512
1302.json,charlie-crist,pants-fire,1,speaker_disjoint_split,1,0.6106947746336229,1,0.6180344079329657
6676.json,gilberto-hinojosa,false,1,speaker_disjoint_split,0,0.4796305059605597,0,0.4324710785665225
12212.json,bernie-s,half-true,0,speaker_disjoint_split,0,0.45550999059310965,0,0.4234567012348109
4179.json,jessica-king,barely-true,1,speaker_disjoint_split,1,0.6105412903845683,1,0.657722260230891
12814.json,bill-clinton,half-true,0,speaker_disjoint_split,1,0.5548103650221555,1,0.590032968124736
3057.json,greg-walden,barely-true,1,speaker_disjoint_split,0,0.37864439843330083,0,0.3458406438972545
3371.json,andy-brown,false,1,speaker_disjoint_split,1,0.5537858110513357,1,0.5701079888415717
8319.json,state-democratic-party-wisconsin,half-true,0,speaker_disjoint_split,1,0.6323896510350091,1,0.6716584379003755
598.json,john-mccain,barely-true,1,speaker_disjoint_split,1,0.6518230931224727,1,0.6515415858890651
8509.json,charlie-crist,true,0,speaker_disjoint_split,1,0.5351269388200482,1,0.504024314482367
8803.json,scott-walker,mostly-true,0,speaker_disjoint_split,0,0.45549501899925166,0,0.4840253259287369
9653.json,angel-taveras,half-true,0,speaker_disjoint_split,0,0.3698361883642679,0,0.2994438398780722
13002.json,donald-trump,mostly-true,0,speaker_disjoint_split,0,0.3987722770784552,0,0.42014309864420546
12126.json,stephen-zappala,half-true,0,speaker_disjoint_split,1,0.5516286733312569,0,0.473699010273867
8487.json,republican-party-florida,half-true,0,speaker_disjoint_split,1,0.5257943787216462,0,0.4950561692424029
1510.json,republican-governors-association,mostly-true,0,speaker_disjoint_split,0,0.3080579202665352,0,0.28411687313609546
5798.json,scott-walker,barely-true,1,speaker_disjoint_split,1,0.7220104298768121,1,0.7062666396474654
546.json,john-mccain,true,0,speaker_disjoint_split,1,0.6432384207318462,1,0.6626993578413928
1544.json,charlie-crist,true,0,speaker_disjoint_split,0,0.37253883778343916,0,0.308212907313495
8045.json,tom-cole,true,0,speaker_disjoint_split,0,0.4610581564269166,1,0.5113567090312481
10508.json,scott-walker,false,1,speaker_disjoint_split,1,0.5159783223983126,1,0.5551854240585957
11550.json,donald-trump,barely-true,1,speaker_disjoint_split,0,0.23239618222878197,0,0.30986569242298206
1686.json,charlie-crist,half-true,0,speaker_disjoint_split,1,0.5806951062903508,1,0.5421225756738345
12216.json,donald-trump,false,1,speaker_disjoint_split,1,0.6075956413172803,1,0.6462051010429383
5028.json,kyleen-wright,barely-true,1,speaker_disjoint_split,1,0.6886525120640169,1,0.5241467726994569
5014.json,national-republican-congressional-committee,true,0,speaker_disjoint_split,0,0.3872739789402298,0,0.48092352257011706
1746.json,charlie-crist,false,1,speaker_disjoint_split,0,0.43704762433606936,0,0.3205786383236231
120.json,joe-biden,true,0,speaker_disjoint_split,1,0.599476263934323,1,0.5586774952093485
7849.json,national-republican-congressional-committee,mostly-true,0,speaker_disjoint_split,1,0.5101581528768866,1,0.5575126946305337
3567.json,donald-trump,false,1,speaker_disjoint_split,0,0.47051978389107074,1,0.5277251167951401
515.json,john-mccain,half-true,0,speaker_disjoint_split,0,0.31135434928012184,0,0.3214355159003091
7431.json,john-kasich,mostly-true,0,speaker_disjoint_split,1,0.6435216522875359,1,0.7143277163605563
1396.json,david-axelrod,mostly-true,0,speaker_disjoint_split,0,0.3040054208544059,0,0.2344357135046306
6305.json,robert-dimuccio,true,0,speaker_disjoint_split,0,0.21233444319244696,0,0.14274848443044574
831.json,john-mccain,mostly-true,0,speaker_disjoint_split,0,0.4430946742252797,0,0.4552885304564929
8248.json,karl-rove,mostly-true,0,speaker_disjoint_split,0,0.4465707568269378,0,0.48890349910156633
12802.json,tim-kaine,half-true,0,speaker_disjoint_split,0,0.3673940232306628,0,0.299077557879205
646.json,joe-biden,false,1,speaker_disjoint_split,0,0.42545261755378916,0,0.33700150999987205
2627.json,alexi-giannoulias,barely-true,1,speaker_disjoint_split,1,0.5822603844936765,1,0.65935268964129
3463.json,glenn-beck,half-true,0,speaker_disjoint_split,1,0.6410703906556867,1,0.6945231355078483
8528.json,charlotte-nash,true,0,speaker_disjoint_split,1,0.5169095704009203,1,0.5515915830574925
9065.json,nathan-deal,true,0,speaker_disjoint_split,0,0.24091798389275348,0,0.22087629717737886
5217.json,robert-hagan,half-true,0,speaker_disjoint_split,1,0.5348402101797373,0,0.4989395997346471
1412.json,rush-limbaugh,pants-fire,1,speaker_disjoint_split,1,0.743204106595459,1,0.7041875448791721
13384.json,donald-trump,pants-fire,1,speaker_disjoint_split,1,0.5287429053525015,1,0.5184765744223376
617.json,john-mccain,barely-true,1,speaker_disjoint_split,1,0.7342088184810415,1,0.747583244806361
3723.json,john-kasich,barely-true,1,speaker_disjoint_split,1,0.6703568991430148,1,0.6717906994206067
5937.json,lloyd-doggett,mostly-true,0,speaker_disjoint_split,0,0.23542473900941607,0,0.17273757137780105
13016.json,donald-trump,half-true,0,speaker_disjoint_split,1,0.5884799318574488,1,0.6025118438357215
12920.json,vote-no-2,barely-true,1,speaker_disjoint_split,1,0.6639186062821985,1,0.514923237989423
6245.json,american-commitment,pants-fire,1,speaker_disjoint_split,1,0.6279292167684845,1,0.6073606194404604
10292.json,allen-peake,true,0,speaker_disjoint_split,1,0.7295863978763284,1,0.6883312872883748
2915.json,vern-buchanan,false,1,speaker_disjoint_split,0,0.25774454145805453,0,0.3514416002147953
11361.json,tom-cole,true,0,speaker_disjoint_split,1,0.6868756423550954,1,0.7830462120761988
8018.json,gilberto-hinojosa,pants-fire,1,speaker_disjoint_split,1,0.662725726519863,1,0.6542758828699627
8678.json,blog-posting,barely-true,1,speaker_disjoint_split,1,0.5190908582159234,1,0.6627311182832628
10819.json,carly-fiorina,mostly-true,0,speaker_disjoint_split,0,0.26070373803769753,0,0.2719670294131346
9303.json,joaquin-castro,true,0,speaker_disjoint_split,0,0.48171531825336444,1,0.5443763815011862
928.json,fidelis,mostly-true,0,speaker_disjoint_split,1,0.6421941214166317,1,0.6687439676139081
11909.json,donald-trump,barely-true,1,speaker_disjoint_split,1,0.5504871128614298,1,0.5009225782400608
11367.json,ben-carson,barely-true,1,speaker_disjoint_split,0,0.39285417680705126,0,0.3714968040424581
4852.json,john-kasich,true,0,speaker_disjoint_split,1,0.5093808666936336,1,0.576815415996888
8400.json,michael-thurmond,barely-true,1,speaker_disjoint_split,0,0.4622944262323342,1,0.5193928712856823
3961.json,blog-posting,false,1,speaker_disjoint_split,1,0.5562758875084887,1,0.6756733065545873
5428.json,alissa-keny-guyer,true,0,speaker_disjoint_split,0,0.4641343465920349,0,0.4088453201872652
6582.json,david-cicilline,mostly-true,0,speaker_disjoint_split,0,0.3626198405898909,0,0.3238497750255159
3857.json,robert-brown,barely-true,1,speaker_disjoint_split,0,0.4858408919569768,0,0.49230910899771063
9580.json,republican-party-florida,mostly-true,0,speaker_disjoint_split,0,0.42949595798766654,0,0.3752739710291096
742.json,john-mccain,barely-true,1,speaker_disjoint_split,0,0.4884798096545252,0,0.46183234793908523
10201.json,greta-van-susteren,mostly-true,0,speaker_disjoint_split,0,0.43530046539087275,0,0.48476869938517003
8750.json,david-jolly,barely-true,1,speaker_disjoint_split,1,0.5617034817406091,1,0.6417063766684393
9136.json,mike-collier,false,1,speaker_disjoint_split,1,0.648014322117475,1,0.6546208700550268
3898.json,elijah-cummings,true,0,speaker_disjoint_split,0,0.3328397216491073,0,0.33966216249523284
11103.json,chuck-baldwin,pants-fire,1,speaker_disjoint_split,1,0.5131328154553795,1,0.5352182388445965
9811.json,john-carlevale,half-true,0,speaker_disjoint_split,0,0.2987949771024192,0,0.2599343649529879
8471.json,david-axelrod,mostly-true,0,speaker_disjoint_split,1,0.5906357568616387,0,0.48158197576105355
3825.json,debbie-wasserman-schultz,half-true,0,speaker_disjoint_split,1,0.5016681102410983,1,0.506273099035305
8706.json,david-jolly,barely-true,1,speaker_disjoint_split,1,0.7966998733472617,1,0.8447920257703608
458.json,john-mccain,pants-fire,1,speaker_disjoint_split,0,0.35063343978642264,0,0.3745824237462114
140.json,bill-richardson,half-true,0,speaker_disjoint_split,1,0.6774689611184176,1,0.6341095556066184
2961.json,tom-coburn,mostly-true,0,speaker_disjoint_split,0,0.3178538989361075,0,0.40539317971898947
4278.json,ken-plum,false,1,speaker_disjoint_split,0,0.28156452830017753,0,0.325904585482374
9673.json,nathan-deal,false,1,speaker_disjoint_split,1,0.5838810914718001,1,0.5635572847700274
12871.json,tim-kaine,half-true,0,speaker_disjoint_split,1,0.5294566238772223,0,0.49096897071680085
12149.json,donald-trump,barely-true,1,speaker_disjoint_split,0,0.4060368208245184,0,0.45810836280814604
12959.json,donald-trump,barely-true,1,speaker_disjoint_split,0,0.26207810105409074,0,0.2776027221318472
12777.json,bernie-s,half-true,0,speaker_disjoint_split,0,0.307425879943738,0,0.314916616955938
12584.json,thomas-perez,barely-true,1,speaker_disjoint_split,1,0.6688582259732013,1,0.7018876132001356
7866.json,bernie-s,true,0,speaker_disjoint_split,0,0.4332195822816145,0,0.4498899650662572
7962.json,debbie-wasserman-schultz,mostly-true,0,speaker_disjoint_split,0,0.42049482755145473,0,0.4208878606343577
12710.json,donald-trump,false,1,speaker_disjoint_split,1,0.5794124138228713,1,0.5106991153016579
13191.json,tim-kaine,barely-true,1,speaker_disjoint_split,1,0.7206231436356205,1,0.7107733362335226
12251.json,don-beyer,barely-true,1,speaker_disjoint_split,0,0.3411853796621332,0,0.26473601656713525
1980.json,jan-brewer,false,1,speaker_disjoint_split,1,0.6326162082329704,1,0.7080522132033834
9678.json,rush-limbaugh,mostly-true,0,speaker_disjoint_split,0,0.42515096851377016,1,0.5437888297917317
2111.json,bob-gibbs,true,0,speaker_disjoint_split,0,0.4750796370185921,1,0.5327513890395665
9251.json,julian-castro,mostly-true,0,speaker_disjoint_split,0,0.3018547883290326,0,0.26823186340422955
2692.json,tim-kaine,barely-true,1,speaker_disjoint_split,0,0.3634415623621886,0,0.32821954926076313
11368.json,scott-walker,half-true,0,speaker_disjoint_split,0,0.2747142299803605,0,0.34672658296843395
13520.json,blog-posting,mostly-true,0,speaker_disjoint_split,1,0.6291722132865396,1,0.7607353355724991
662.json,john-mccain,false,1,speaker_disjoint_split,0,0.4937447636907859,1,0.568616078646649
7822.json,nathan-deal,half-true,0,speaker_disjoint_split,0,0.19882239185393655,0,0.2177630644313324
2158.json,bill-lynch,barely-true,1,speaker_disjoint_split,0,0.31589004780208313,0,0.24348330004012522
10497.json,scott-walker,mostly-true,0,speaker_disjoint_split,0,0.27183616988552556,0,0.2772689464605354
1542.json,charlie-crist,true,0,speaker_disjoint_split,1,0.5671290302047434,0,0.48819845682109114
4667.json,sam-adams,barely-true,1,speaker_disjoint_split,1,0.6575941422710748,1,0.6153409208771865
11512.json,carly-fiorina,half-true,0,speaker_disjoint_split,0,0.4365514023579397,0,0.39332694072049257
10698.json,foundation-secure-and-prosperous-america,barely-true,1,speaker_disjoint_split,1,0.6617310688535765,1,0.6941578723889371
13224.json,donald-trump,barely-true,1,speaker_disjoint_split,1,0.5072152985914244,1,0.6056591527235902
1754.json,lamar-mckay,barely-true,1,speaker_disjoint_split,0,0.47665060090284783,0,0.44888809615468944
1454.json,david-axelrod,true,0,speaker_disjoint_split,1,0.5204638707148039,0,0.46926296080757124
11273.json,donald-trump,false,1,speaker_disjoint_split,1,0.749234542166455,1,0.7999394805867845
7846.json,dale-kooyenga,mostly-true,0,speaker_disjoint_split,0,0.18675941020202239,0,0.17031510995817395
10993.json,stanley-mcchrystal,half-true,0,speaker_disjoint_split,0,0.2409281309987359,0,0.16715524315678787
12097.json,joanne-kloppenburg,false,1,speaker_disjoint_split,1,0.5452731439783493,1,0.5297760259032691
6464.json,david-cicilline,false,1,speaker_disjoint_split,1,0.5611439524007764,1,0.5361439041337202
8553.json,goldie-taylor,false,1,speaker_disjoint_split,0,0.32547440789406223,0,0.2844273120286506
9961.json,catherine-taylor,true,0,speaker_disjoint_split,0,0.32809484134756217,0,0.3280030301793702
2545.json,debbie-jackow,false,1,speaker_disjoint_split,0,0.4849318969864975,1,0.5171179977523589
4142.json,dominick-marino,half-true,0,speaker_disjoint_split,0,0.4872672775713714,1,0.7470853363585261
3213.json,peter-defazio,mostly-true,0,speaker_disjoint_split,0,0.43188750821113003,1,0.58539384366571
12801.json,chris-murphy,true,0,speaker_disjoint_split,0,0.39483547691092474,0,0.3820809228119959
10867.json,scott-walker,mostly-true,0,speaker_disjoint_split,0,0.4982717947456039,1,0.5151650401149329
6101.json,tim-kaine,mostly-true,0,speaker_disjoint_split,0,0.36210154628657937,0,0.36127326593473413
11422.json,bernie-s,mostly-true,0,speaker_disjoint_split,1,0.6192936674779809,1,0.546660376550169
13185.json,tim-kaine,half-true,0,speaker_disjoint_split,0,0.48532933524615457,0,0.4398656985657115
10574.json,bill-oreilly,half-true,0,speaker_disjoint_split,1,0.6081804444061291,1,0.7477432666353927
6852.json,robert-menendez,true,0,speaker_disjoint_split,0,0.3984131693142091,0,0.3224209392575837
6044.json,gary-johnson,barely-true,1,speaker_disjoint_split,0,0.32763286387381957,0,0.31416221040755726
5148.json,democratic-congressional-campaign-committee,pants-fire,1,speaker_disjoint_split,1,0.6250019596237464,1,0.6104431302774039
12239.json,bernie-s,mostly-true,0,speaker_disjoint_split,1,0.5171747306706198,0,0.40784350955307075
1255.json,carl-levin,true,0,speaker_disjoint_split,1,0.5398339455354383,1,0.5141079735031608
9887.json,charlie-crist,mostly-true,0,speaker_disjoint_split,1,0.6656939298821973,1,0.6327808552789653
12971.json,donald-trump,false,1,speaker_disjoint_split,0,0.492850732028854,0,0.47444928658821395
10584.json,ben-carson,false,1,speaker_disjoint_split,0,0.31387373297444515,0,0.2504411127388322
3295.json,tim-kaine,mostly-true,0,speaker_disjoint_split,1,0.6368236119022799,1,0.5981054701684784
4052.json,united-fair-economy,mostly-true,0,speaker_disjoint_split,0,0.22942721271610997,0,0.3083677168662037
10619.json,rush-limbaugh,false,1,speaker_disjoint_split,1,0.7417589109744809,1,0.7862012773662045
9604.json,rush-limbaugh,half-true,0,speaker_disjoint_split,0,0.4936463953017329,0,0.40286120496387556
1721.json,debbie-wasserman-schultz,barely-true,1,speaker_disjoint_split,1,0.7123456781254848,1,0.7499211313283718
5437.json,national-republican-congressional-committee,barely-true,1,speaker_disjoint_split,0,0.4612798562110111,1,0.547940500826429
3833.json,national-republican-congressional-committee,barely-true,1,speaker_disjoint_split,1,0.5634336916965423,1,0.5966572605830239
1062.json,keith-olbermann,false,1,speaker_disjoint_split,1,0.6039435638420693,1,0.6480303094365111
13396.json,blog-posting,pants-fire,1,speaker_disjoint_split,1,0.6449902223981878,1,0.7762492511577233
3299.json,scott-walker,false,1,speaker_disjoint_split,1,0.6498012313088483,1,0.7040219564978752
6719.json,national-republican-congressional-committee,half-true,0,speaker_disjoint_split,1,0.6068725612702305,1,0.6290960120777926
8918.json,dan-patrick,false,1,speaker_disjoint_split,1,0.709692475739036,1,0.6354146173691021
13011.json,donald-trump,half-true,0,speaker_disjoint_split,1,0.5238680626985321,0,0.4462881910399105
1296.json,rush-limbaugh,half-true,0,speaker_disjoint_split,0,0.458446161402407,1,0.5031705845233163
4448.json,debbie-wasserman-schultz,barely-true,1,speaker_disjoint_split,0,0.46151656987253653,0,0.4366408173650244
10875.json,sarah-silverman,true,0,speaker_disjoint_split,1,0.6345434608069445,0,0.49184619436501387
11044.json,donald-trump,pants-fire,1,speaker_disjoint_split,1,0.749675759147818,1,0.7603636535072418
10805.json,danny-porter,half-true,0,speaker_disjoint_split,0,0.40985891877274777,0,0.39977801975879607
4772.json,kathleen-connell,false,1,speaker_disjoint_split,0,0.2756877162545958,0,0.42118334347661934
9855.json,blog-posting,pants-fire,1,speaker_disjoint_split,0,0.4177803850170966,1,0.603666419761926
12984.json,donald-trump,pants-fire,1,speaker_disjoint_split,0,0.43045823882375467,0,0.4695473725862882
3328.json,bill-oreilly,mostly-true,0,speaker_disjoint_split,0,0.36546927736818907,0,0.47381948507882166
9972.json,scott-walker,mostly-true,0,speaker_disjoint_split,1,0.6588927296872433,1,0.6573937427196916
10476.json,celine-gounder,true,0,speaker_disjoint_split,1,0.5881988346421535,1,0.5527046454581445
8132.json,bill-foster,half-true,0,speaker_disjoint_split,0,0.394436618263979,0,0.3447506334168188
6172.json,rush-limbaugh,pants-fire,1,speaker_disjoint_split,0,0.48035075198945637,1,0.5003479772561971
12892.json,donald-trump,pants-fire,1,speaker_disjoint_split,1,0.7755324137023871,1,0.770544760217523
10094.json,scott-walker,mostly-true,0,speaker_disjoint_split,0,0.2384594695047853,0,0.2787846050262827
514.json,john-mccain,true,0,speaker_disjoint_split,0,0.4948473017012182,1,0.5141036571883575
2586.json,john-kasich,mostly-true,0,speaker_disjoint_split,0,0.30752524945461324,0,0.3694764311251601
1923.json,orrin-hatch,barely-true,1,speaker_disjoint_split,0,0.16586938041482732,0,0.10712720501484935
5301.json,debbie-wasserman-schultz,false,1,speaker_disjoint_split,0,0.23017046566359325,0,0.20129670237944414
1291.json,tom-mcclintock,false,1,speaker_disjoint_split,0,0.41339340914086875,0,0.4639586453413783
9903.json,national-republican-congressional-committee,barely-true,1,speaker_disjoint_split,0,0.4294951614478672,0,0.42898714686799416
12796.json,donald-trump,mostly-true,0,speaker_disjoint_split,0,0.488479574863855,1,0.5433911568266516
7180.json,sam-adams,false,1,speaker_disjoint_split,0,0.33197130631432653,0,0.24032914150507104
3716.json,ron-paul,half-true,0,speaker_disjoint_split,0,0.45261046767318097,0,0.4606637261522523
9654.json,dennis-richardson,mostly-true,0,speaker_disjoint_split,0,0.35510116750934034,0,0.4504112951777772
2836.json,john-pistole,true,0,speaker_disjoint_split,0,0.3811459282385866,0,0.40761677703887156
9697.json,lenar-whitney,pants-fire,1,speaker_disjoint_split,1,0.8732307224758074,1,0.8614713723215178
4405.json,daniel-mckee,mostly-true,0,speaker_disjoint_split,0,0.2640113562542248,0,0.17755416110806732
3515.json,donald-trump,false,1,speaker_disjoint_split,0,0.39774703248563886,0,0.4335704542535989
11745.json,dan-patrick,half-true,0,speaker_disjoint_split,1,0.5570316325316212,1,0.5904389411650942
9700.json,charlie-crist,barely-true,1,speaker_disjoint_split,1,0.6036305283829881,1,0.5517798878482456
10515.json,scott-walker,half-true,0,speaker_disjoint_split,1,0.6203586814666732,1,0.6932830686736398
9753.json,scott-walker,true,0,speaker_disjoint_split,0,0.259473919721488,0,0.32109340801557773
11098.json,rush-limbaugh,half-true,0,speaker_disjoint_split,0,0.3599007609149419,0,0.356877628499377
7600.json,blog-posting,mostly-true,0,speaker_disjoint_split,1,0.5771520644865155,1,0.7215474945538093
13139.json,donald-trump,barely-true,1,speaker_disjoint_split,1,0.7080819788589685,1,0.7126033737098048
718.json,john-mccain,mostly-true,0,speaker_disjoint_split,0,0.31274566111336594,0,0.34338790091137833
5516.json,scott-walker,half-true,0,speaker_disjoint_split,0,0.4156506517177931,0,0.4630539067432483
13308.json,donald-trump,barely-true,1,speaker_disjoint_split,1,0.6580740727582667,1,0.6706987906228477
3298.json,scott-walker,true,0,speaker_disjoint_split,1,0.6349006524770919,1,0.634898083556093
8063.json,instagram-posts,false,1,speaker_disjoint_split,1,0.5241214210197813,0,0.389163604706489
4280.json,ron-paul,false,1,speaker_disjoint_split,1,0.5975908114752474,1,0.5495981137012433
476.json,john-mccain,half-true,0,speaker_disjoint_split,0,0.19510008253330755,0,0.24709827283931113
1870.json,fulton-county-government,true,0,speaker_disjoint_split,0,0.3898074973984452,0,0.2906111420492183
5745.json,joe-biden,half-true,0,speaker_disjoint_split,0,0.47789397063069067,0,0.3704965115094219
3486.json,larry-ahern,false,1,speaker_disjoint_split,1,0.5638358322860082,1,0.5214102014848041
8565.json,saxby-chambliss,mostly-true,0,speaker_disjoint_split,0,0.4286844942058824,0,0.47758408388105
1899.json,john-mccain,true,0,speaker_disjoint_split,0,0.4693232108240571,0,0.44794224757806317
3775.json,ken-cuccinelli,true,0,speaker_disjoint_split,1,0.7114453207151047,1,0.7575172214210208
2895.json,michael-steele,half-true,0,speaker_disjoint_split,0,0.30811633962883,0,0.23057222058842305
665.json,joe-biden,half-true,0,speaker_disjoint_split,0,0.41226871177182933,0,0.33867644205189434
11733.json,donald-trump,false,1,speaker_disjoint_split,1,0.6348851151376772,1,0.5473440112499953
12369.json,donald-trump,false,1,speaker_disjoint_split,1,0.669757661194926,1,0.6010133923968921
11220.json,julian-castro,true,0,speaker_disjoint_split,0,0.1897538404521115,0,0.1778216877628345
13475.json,blog-posting,pants-fire,1,speaker_disjoint_split,1,0.6520066875106342,1,0.7508384273400278
668.json,joe-biden,barely-true,1,speaker_disjoint_split,0,0.3486826558493221,0,0.27590805046511596
6347.json,robert-menendez,true,0,speaker_disjoint_split,0,0.46662912694260983,0,0.3151934964493219
8273.json,eddie-bernice-johnson,false,1,speaker_disjoint_split,0,0.4927676364452838,1,0.5130497769492681
2382.json,austan-goolsbee,mostly-true,0,speaker_disjoint_split,0,0.4830440606521721,0,0.3688919343825784
2389.json,jb-van-hollen,mostly-true,0,speaker_disjoint_split,0,0.4346824529447639,0,0.37799214888792954
2365.json,maryellen-oshaughnessy,false,1,speaker_disjoint_split,1,0.6268657500550009,1,0.6374466880543812
90.json,joe-biden,false,1,speaker_disjoint_split,0,0.4376730390599986,0,0.43440378053909884
9108.json,gilberto-hinojosa,false,1,speaker_disjoint_split,1,0.5733869218264436,1,0.5444715918618579
8184.json,steve-lonegan,half-true,0,speaker_disjoint_split,1,0.5457003424441129,0,0.41533816939932566
9649.json,republican-party-florida,barely-true,1,speaker_disjoint_split,1,0.6508746709271741,1,0.6584799288566994
10480.json,rush-limbaugh,pants-fire,1,speaker_disjoint_split,1,0.5967289385784444,1,0.6324389178416239
11631.json,ben-carson,false,1,speaker_disjoint_split,1,0.6917623521015522,1,0.699991321311692
9387.json,aclu-florida,half-true,0,speaker_disjoint_split,0,0.44214143120981697,1,0.5808426541634354
1596.json,cliff-stearns,half-true,0,speaker_disjoint_split,0,0.4325767436774221,0,0.45086128085000365
2028.json,alexi-giannoulias,true,0,speaker_disjoint_split,0,0.4345543623263174,1,0.5078088320022878
11237.json,scott-walker,true,0,speaker_disjoint_split,1,0.6047987738274917,1,0.6001880206353447
744.json,john-mccain,false,1,speaker_disjoint_split,0,0.43955548872133804,0,0.430955334159807
559.json,john-mccain,false,1,speaker_disjoint_split,1,0.5040348221417714,1,0.5098007205718197
667.json,joe-biden,true,0,speaker_disjoint_split,0,0.4014542598106152,0,0.3066131108373163
1007.json,rush-limbaugh,mostly-true,0,speaker_disjoint_split,1,0.5712007776774086,1,0.5925932920419793
12935.json,donald-trump,false,1,speaker_disjoint_split,1,0.6481482122337124,1,0.6550135316176797
10214.json,lynda-rife,barely-true,1,speaker_disjoint_split,1,0.6116333687793838,0,0.45972938417233394
9767.json,scott-walker,mostly-true,0,speaker_disjoint_split,1,0.5458331800077351,1,0.5665646545304335
766.json,joe-biden,mostly-true,0,speaker_disjoint_split,0,0.3838149636560031,0,0.341915875511346
570.json,john-mccain,half-true,0,speaker_disjoint_split,0,0.4800598392341015,1,0.5138510646603786
11942.json,donald-trump,barely-true,1,speaker_disjoint_split,1,0.5513729319140668,1,0.6118375436377743
9952.json,republican-governors-association,mostly-true,0,speaker_disjoint_split,1,0.5542920543905469,1,0.5794584575518181
806.json,john-mccain,true,0,speaker_disjoint_split,1,0.5471115041247447,1,0.5344542627919392
4829.json,scott-walker,false,1,speaker_disjoint_split,0,0.3123957972213661,0,0.3898046333547233
8220.json,ken-cuccinelli,false,1,speaker_disjoint_split,1,0.7213701697658723,1,0.764510821118891
3832.json,charlotte-nash,mostly-true,0,speaker_disjoint_split,0,0.20205826526245152,0,0.24045971810088826
12119.json,donald-trump,false,1,speaker_disjoint_split,1,0.5016498139309836,1,0.5649283635158215
8155.json,bill-foster,true,0,speaker_disjoint_split,1,0.5272569446634612,0,0.428578289524382
11533.json,ben-carson,pants-fire,1,speaker_disjoint_split,1,0.5266695023930846,1,0.5263588635280352
8138.json,jeb-hensarling,half-true,0,speaker_disjoint_split,1,0.7206636762280432,1,0.7260337152127749
7209.json,robert-menendez,true,0,speaker_disjoint_split,0,0.3290381246147813,0,0.21409463223131456
4078.json,stephen-sweeney,barely-true,1,speaker_disjoint_split,1,0.6543877318145568,1,0.6585103166406839
11853.json,bernie-s,false,1,speaker_disjoint_split,1,0.7306762291755974,1,0.6690410888680896
773.json,joe-biden,true,0,speaker_disjoint_split,0,0.4587551740992642,0,0.3633579374290935
13530.json,donald-trump,false,1,speaker_disjoint_split,0,0.35617056117827006,0,0.36250883005166734
13426.json,donald-trump,mostly-true,0,speaker_disjoint_split,1,0.5554731213567016,1,0.5949485183492328
2415.json,steve-munisteri,half-true,0,speaker_disjoint_split,0,0.39624999428060426,0,0.3914098671747508
4055.json,nina-turner,true,0,speaker_disjoint_split,0,0.3475277143797164,0,0.3042421505688404
188.json,bill-richardson,false,1,speaker_disjoint_split,0,0.3377075783621224,0,0.29160876189041807
2229.json,esquire-magazine,true,0,speaker_disjoint_split,0,0.3183082189341584,0,0.2846437298306675
3618.json,democratic-congressional-campaign-committee,pants-fire,1,speaker_disjoint_split,1,0.5848312265890188,1,0.6756502035988778
12659.json,donald-trump,half-true,0,speaker_disjoint_split,0,0.35509441837719896,0,0.3352919214436671
10953.json,donald-trump,false,1,speaker_disjoint_split,0,0.3407318589810139,0,0.38399304459044137
11336.json,ben-carson,false,1,speaker_disjoint_split,1,0.6107524262826558,1,0.6297233668216861
6855.json,sam-adams,true,0,speaker_disjoint_split,1,0.5238819535874516,0,0.4686814268549347
2907.json,nfl-players-association,false,1,speaker_disjoint_split,0,0.36879896631138837,1,0.6048899311817258
3988.json,vern-buchanan,barely-true,1,speaker_disjoint_split,1,0.6270862676882929,1,0.6439956788499016
3579.json,donald-trump,false,1,speaker_disjoint_split,0,0.4026284143071105,0,0.4274295363112635
4159.json,bruce-hanna,barely-true,1,speaker_disjoint_split,0,0.263042492449193,0,0.166084357713341
252.json,joe-biden,barely-true,1,speaker_disjoint_split,1,0.64588028569691,1,0.599460227708542
5035.json,restore-our-future,half-true,0,speaker_disjoint_split,1,0.6636038888532478,1,0.6686278460687908
8890.json,state-democratic-party-wisconsin,false,1,speaker_disjoint_split,1,0.580407944290223,1,0.5746943322963829
9852.json,tim-kaine,mostly-true,0,speaker_disjoint_split,0,0.402245659265419,0,0.3397704122475867
4980.json,lloyd-doggett,barely-true,1,speaker_disjoint_split,0,0.3576711826320296,0,0.3236561628096706
3370.json,ken-cuccinelli,half-true,0,speaker_disjoint_split,0,0.3278323182107098,0,0.3521341090496995
12062.json,culinary-workers-union,mostly-true,0,speaker_disjoint_split,0,0.3416987940717635,0,0.4374401096733806
10392.json,nathan-deal,mostly-true,0,speaker_disjoint_split,0,0.15928663762115883,0,0.138967281912256
1040.json,michael-steele,true,0,speaker_disjoint_split,1,0.5094231729008408,0,0.37108412922288436
13065.json,bob-duffy,mostly-true,0,speaker_disjoint_split,1,0.5082305196921565,1,0.5082363005955735
12040.json,bernie-s,mostly-true,0,speaker_disjoint_split,1,0.5740888059873981,1,0.5489762862087251
1002.json,wayne-lapierre,half-true,0,speaker_disjoint_split,1,0.5538538924560684,0,0.4771930689422888
9530.json,rush-limbaugh,pants-fire,1,speaker_disjoint_split,1,0.7784287339045568,1,0.760654574457922
3265.json,club-growth,barely-true,1,speaker_disjoint_split,1,0.6524249537037311,1,0.6498318261572027
7923.json,joe-biden,true,0,speaker_disjoint_split,0,0.41173981511875857,0,0.34407883179049226
12094.json,donald-trump,false,1,speaker_disjoint_split,1,0.6155388336773348,1,0.6309978960578907
3547.json,donald-trump,half-true,0,speaker_disjoint_split,1,0.5399526303859298,0,0.4802694501381425
10043.json,morgan-brittany,pants-fire,1,speaker_disjoint_split,1,0.5746680977474327,1,0.575495292847729
10973.json,scott-walker,half-true,0,speaker_disjoint_split,1,0.565428195778223,1,0.5801916791679671
697.json,john-mccain,half-true,0,speaker_disjoint_split,1,0.5433702985014093,1,0.5619139074443867
2300.json,ron-klein,mostly-true,0,speaker_disjoint_split,0,0.42501821894827885,0,0.38403980469713694
5861.json,eileen-brady,false,1,speaker_disjoint_split,1,0.5948882887431797,1,0.6588503200798318
8668.json,sam-houston,half-true,0,speaker_disjoint_split,0,0.4665326403406247,1,0.6173595208866293
7068.json,republican-governors-association,half-true,0,speaker_disjoint_split,1,0.6161325565109115,1,0.5920196431904842
5888.json,bill-spelman,false,1,speaker_disjoint_split,1,0.6242682948847698,1,0.7379384484643783
13388.json,arizonans-responsible-drug-policy,half-true,0,speaker_disjoint_split,0,0.3572473964046034,0,0.279705147119419
6549.json,charlie-crist,half-true,0,speaker_disjoint_split,0,0.4027857436968871,0,0.4236248283333357
4059.json,better-austin-today-political-action-committee,false,1,speaker_disjoint_split,0,0.46448423179680803,0,0.2789835728158594
1590.json,citizens-lower-taxes-and-stronger-economy,true,0,speaker_disjoint_split,0,0.3696882386105777,0,0.2861456580403132
365.json,blog-posting,pants-fire,1,speaker_disjoint_split,1,0.60801432506313,1,0.8398043456947686
8325.json,bernie-s,half-true,0,speaker_disjoint_split,0,0.33455779233792254,0,0.29531511722985987
12911.json,donald-trump,pants-fire,1,speaker_disjoint_split,1,0.5389370772092393,1,0.5139883347038465
10368.json,jerry-jones,false,1,speaker_disjoint_split,0,0.30578633244128445,0,0.21234119348763966
721.json,john-mccain,barely-true,1,speaker_disjoint_split,1,0.5511867337123487,1,0.5329954230045567
2022.json,jan-brewer,half-true,0,speaker_disjoint_split,1,0.6985340076171103,1,0.7689864322063641
4762.json,blog-posting,barely-true,1,speaker_disjoint_split,1,0.6172088838683802,1,0.7659863066213414
12872.json,tim-kaine,false,1,speaker_disjoint_split,1,0.570324273213429,1,0.5709830626715625
1546.json,charlie-crist,mostly-true,0,speaker_disjoint_split,1,0.5240951484168545,1,0.5451113186218725
408.json,bill-clinton,true,0,speaker_disjoint_split,0,0.3629963507108058,0,0.321781015446177
9895.json,dan-patrick,true,0,speaker_disjoint_split,0,0.4099742792725655,0,0.3269508893680157
4747.json,jon-huntsman,half-true,0,speaker_disjoint_split,0,0.3528498216492939,0,0.3994154494467909
9105.json,charlie-crist,mostly-true,0,speaker_disjoint_split,0,0.41065761073640467,0,0.3793015715171824
2446.json,bill-clinton,half-true,0,speaker_disjoint_split,0,0.23409162713586312,0,0.239766214034046
3669.json,dan-boren,half-true,0,speaker_disjoint_split,0,0.418230207789657,0,0.22526383584246581
4385.json,blog-posting,pants-fire,1,speaker_disjoint_split,1,0.6532896657397275,1,0.7660327096807178
8211.json,jeffrey-grybowski,mostly-true,0,speaker_disjoint_split,1,0.6181116113896848,1,0.6327352131575565
146.json,bill-richardson,half-true,0,speaker_disjoint_split,0,0.3868852708309291,0,0.30093233273383424
5476.json,charlotte-nash,mostly-true,0,speaker_disjoint_split,0,0.351278051768271,1,0.5049730867722775
12329.json,donald-trump,false,1,speaker_disjoint_split,0,0.18689485917195223,0,0.18905052815710563
9647.json,club-growth,false,1,speaker_disjoint_split,0,0.4051604384992973,0,0.42145114871348754
6752.json,marsha-blackburn,true,0,speaker_disjoint_split,1,0.6479556418390771,1,0.6416374885862
6619.json,david-cicilline,false,1,speaker_disjoint_split,0,0.49058735257384567,0,0.41075540896125246
10660.json,state-democratic-party-wisconsin,pants-fire,1,speaker_disjoint_split,0,0.4444457297077758,0,0.44856579706770766
12406.json,national-republican-congressional-committee,pants-fire,1,speaker_disjoint_split,1,0.6460329946978248,1,0.5883849474742225
1157.json,tom-coburn,half-true,0,speaker_disjoint_split,0,0.2295557347769614,0,0.3739850011947922
3373.json,democratic-congressional-campaign-committee,barely-true,1,speaker_disjoint_split,1,0.5403829381159071,1,0.6007270197702483
1447.json,jeb-hensarling,false,1,speaker_disjoint_split,0,0.36894063249835374,0,0.42100703797415484
1317.json,bob-beckel,half-true,0,speaker_disjoint_split,1,0.6097908270553564,1,0.6423487626843323
11206.json,bernie-s,false,1,speaker_disjoint_split,0,0.25859859409799746,0,0.2644625485055947
6613.json,democratic-party-oregon,half-true,0,speaker_disjoint_split,1,0.5904628537126035,1,0.5321249347317171
12641.json,colorado-citizens-accountable-government,pants-fire,1,speaker_disjoint_split,1,0.7206010100754684,1,0.7540496695963678
10323.json,scott-walker,true,0,speaker_disjoint_split,0,0.38086277890617676,0,0.43703527713620277
743.json,john-mccain,mostly-true,0,speaker_disjoint_split,0,0.22028559969877448,0,0.25716937084312835
12413.json,david-miliband,mostly-true,0,speaker_disjoint_split,0,0.2312808740591942,0,0.2943595735637629
13318.json,donald-trump,half-true,0,speaker_disjoint_split,0,0.2918913075088659,0,0.33004528885488177
9170.json,john-e-sununu,false,1,speaker_disjoint_split,1,0.5041078252041029,0,0.4994075112318782
11688.json,carly-fiorina,barely-true,1,speaker_disjoint_split,1,0.701228141857238,1,0.6381588277737954
3273.json,scott-walker,pants-fire,1,speaker_disjoint_split,1,0.6960281181939869,1,0.6939740126332811
10465.json,nathan-deal,true,0,speaker_disjoint_split,0,0.283973160183103,0,0.30464110734471106
6804.json,national-republican-congressional-committee,pants-fire,1,speaker_disjoint_split,1,0.7236327656754898,1,0.7381991279914054
129.json,joe-biden,true,0,speaker_disjoint_split,0,0.35379105209360523,0,0.2788468704447496
7219.json,sam-adams,half-true,0,speaker_disjoint_split,0,0.31969047255459054,0,0.34793037012356737
13436.json,chris-sununu,pants-fire,1,speaker_disjoint_split,0,0.4572512591730161,0,0.3874443022056009
9665.json,city-brookhaven,half-true,0,speaker_disjoint_split,0,0.3750854314983138,0,0.44875645159468847
8362.json,ken-cuccinelli,mostly-true,0,speaker_disjoint_split,0,0.33329492350707796,0,0.3426263552764939
7995.json,americans-prosperity-georgia-chapter,half-true,0,speaker_disjoint_split,0,0.38089518426569485,0,0.376017093350211
12262.json,bernie-s,barely-true,1,speaker_disjoint_split,1,0.6970145876235178,1,0.6777851499813509
7252.json,kirk-watson,true,0,speaker_disjoint_split,0,0.45417574224270096,1,0.5304870149399697
12462.json,donald-trump,half-true,0,speaker_disjoint_split,0,0.1573670673960216,0,0.14610023688218998
5103.json,nina-turner,barely-true,1,speaker_disjoint_split,0,0.45786058300304194,0,0.4050895709403387
8660.json,generation-opportunity,half-true,0,speaker_disjoint_split,1,0.6340720657865029,1,0.5507103137148605
10558.json,kurt-bauer,barely-true,1,speaker_disjoint_split,0,0.4853891067642402,1,0.6352460143635889
10790.json,van-taylor,barely-true,1,speaker_disjoint_split,0,0.44121248190194634,1,0.561359164561469
11362.json,chuck-todd,true,0,speaker_disjoint_split,0,0.36725796080919915,0,0.4017756406006737
5600.json,blog-posting,false,1,speaker_disjoint_split,1,0.5630066470047255,1,0.731178187443812
6078.json,scott-walker,barely-true,1,speaker_disjoint_split,0,0.4542366403384607,1,0.5197411054664398
3830.json,john-kasich,mostly-true,0,speaker_disjoint_split,0,0.38737290678842207,0,0.40491198854159016
1368.json,charlie-crist,true,0,speaker_disjoint_split,0,0.3692508460433406,0,0.28145728721855173
1456.json,debra-medina,false,1,speaker_disjoint_split,0,0.28775240269924085,0,0.3649473927054457
602.json,john-mccain,true,0,speaker_disjoint_split,1,0.7239742796704115,1,0.7841028586117776
13024.json,donald-trump,false,1,speaker_disjoint_split,1,0.5896068376329399,1,0.6191004097679278
4773.json,rob-cornilles,false,1,speaker_disjoint_split,1,0.5720918660418515,1,0.5846547338369413
11667.json,donald-trump,barely-true,1,speaker_disjoint_split,1,0.5567885566259149,1,0.5687049183030307
13456.json,ann-coulter,false,1,speaker_disjoint_split,0,0.4228168441175111,1,0.5363746162079187
10797.json,scott-walker,barely-true,1,speaker_disjoint_split,0,0.42850474985404324,0,0.4476099715594063
7486.json,scott-walker,mostly-true,0,speaker_disjoint_split,0,0.4352746364748685,1,0.5474679850043819
12762.json,donald-trump,pants-fire,1,speaker_disjoint_split,0,0.4496536315978713,0,0.4174261483399638
6893.json,coalition-bring-jobs-ri,barely-true,1,speaker_disjoint_split,0,0.41483819988692333,0,0.4875916080194107
10345.json,patrick-lynch,barely-true,1,speaker_disjoint_split,1,0.6376264829687379,0,0.35952530974548963
11498.json,donald-trump,pants-fire,1,speaker_disjoint_split,0,0.44021377923990074,1,0.5234306894512456
802.json,john-mccain,false,1,speaker_disjoint_split,1,0.6951342367513808,1,0.7410825894140806
5930.json,bill-pascrell,mostly-true,0,speaker_disjoint_split,0,0.24097219366119516,0,0.19808284102548765
7567.json,carlos-trujillo,false,1,speaker_disjoint_split,1,0.7405417662808178,1,0.6111264672422676
12495.json,state-democratic-party-wisconsin,mostly-true,0,speaker_disjoint_split,1,0.6368384555506831,1,0.6284845105537545
12451.json,bernie-s,mostly-true,0,speaker_disjoint_split,0,0.20234731488323904,0,0.20272721596951468
3605.json,jim-keffer,true,0,speaker_disjoint_split,0,0.49021909512134054,1,0.5541118191455652
116.json,john-mccain,half-true,0,speaker_disjoint_split,0,0.1700099904366806,0,0.2098093301343302
9959.json,ryan-lizza,true,0,speaker_disjoint_split,1,0.6263858341778815,1,0.6729722336858207
12337.json,bernie-s,barely-true,1,speaker_disjoint_split,1,0.5206747940854469,0,0.45664988797427386
12208.json,jorge-ramos,half-true,0,speaker_disjoint_split,1,0.5965212425236727,0,0.484887167052219
5827.json,democratic-congressional-campaign-committee,barely-true,1,speaker_disjoint_split,1,0.7250371535355582,1,0.7478394756326875
11812.json,fox-news-channel,half-true,0,speaker_disjoint_split,1,0.6889986850782519,0,0.4313457076527561
821.json,john-mccain,false,1,speaker_disjoint_split,0,0.31651023767448655,0,0.312199885808123
4199.json,bill-oreilly,false,1,speaker_disjoint_split,0,0.22100405131876003,0,0.2904432411614877
11614.json,bernie-s,half-true,0,speaker_disjoint_split,0,0.41510180442311506,0,0.41300168268380966
3199.json,bill-oreilly,half-true,0,speaker_disjoint_split,1,0.6433834659687045,1,0.7532135530928318
12532.json,donald-trump,pants-fire,1,speaker_disjoint_split,1,0.7560460709294203,1,0.7508544784111458
2370.json,ron-paul,half-true,0,speaker_disjoint_split,0,0.25702620603732595,0,0.25400214841525515
4177.json,ron-paul,true,0,speaker_disjoint_split,1,0.644040584333187,1,0.6826025031290802
2228.json,rebecca-bell-metereau,barely-true,1,speaker_disjoint_split,1,0.7358681178716934,1,0.6352410042293483
7025.json,george-flinn,false,1,speaker_disjoint_split,0,0.43889823018466523,0,0.40643440491481564
9158.json,bob-beckel,true,0,speaker_disjoint_split,1,0.5331699217673879,1,0.5843156847579127
7636.json,caddy-mckeown,true,0,speaker_disjoint_split,0,0.34339141340232804,0,0.3822375226606826
1841.json,cathie-adams,half-true,0,speaker_disjoint_split,1,0.7832945937220289,1,0.7990133067712741
10168.json,megyn-kelly,false,1,speaker_disjoint_split,1,0.5204894429817601,0,0.2929057719469014
6902.json,robert-menendez,false,1,speaker_disjoint_split,0,0.481832639747708,0,0.3689730101126865
10951.json,donald-trump,false,1,speaker_disjoint_split,1,0.6991952259860331,1,0.6751635749218149
9571.json,blog-posting,pants-fire,1,speaker_disjoint_split,1,0.6545073426254268,1,0.7177081581371956
9732.json,charlie-crist,half-true,0,speaker_disjoint_split,0,0.4994602102509068,0,0.4358203830332729
8091.json,blog-posting,barely-true,1,speaker_disjoint_split,0,0.37260634753932487,1,0.5798693141072362
9899.json,john-mccain,mostly-true,0,speaker_disjoint_split,0,0.4373217200344425,0,0.4624799701347797
8554.json,lynn-westmoreland,true,0,speaker_disjoint_split,1,0.5453393561809905,1,0.594927548752237
2637.json,ohio-republican-party,false,1,speaker_disjoint_split,1,0.7607429292751502,1,0.8917992274933969
12973.json,republican-party-florida,barely-true,1,speaker_disjoint_split,1,0.6145071573253462,1,0.5432599931670272
542.json,john-mccain,true,0,speaker_disjoint_split,1,0.5011316408360096,0,0.4970081876871408
5455.json,ron-paul,half-true,0,speaker_disjoint_split,1,0.5741476294719347,1,0.60792508576758
7053.json,majority-pac,half-true,0,speaker_disjoint_split,0,0.40279915018767826,0,0.42659417561643387
4452.json,scott-walker,barely-true,1,speaker_disjoint_split,1,0.5324324704739594,1,0.5679045382753294
3654.json,joe-biden,mostly-true,0,speaker_disjoint_split,0,0.38180246050352046,0,0.348407569773422
4394.json,joe-biden,false,1,speaker_disjoint_split,1,0.6309627537146385,1,0.5685344631560401
1583.json,cathie-adams,false,1,speaker_disjoint_split,1,0.5838796072413863,1,0.5182190016094367
11549.json,ben-carson,false,1,speaker_disjoint_split,0,0.39241201041407886,0,0.38850061612872067
4320.json,jon-huntsman,half-true,0,speaker_disjoint_split,0,0.34590376410391765,0,0.3904616247395739
7282.json,mike-polensek,true,0,speaker_disjoint_split,1,0.585145632066243,0,0.32557825905880255
12129.json,democratic-congressional-campaign-committee,barely-true,1,speaker_disjoint_split,1,0.5978892583229944,1,0.6361988797374866
12979.json,donald-trump,false,1,speaker_disjoint_split,0,0.4778212207315908,0,0.47046752270473924
12466.json,donald-trump,false,1,speaker_disjoint_split,0,0.44805531120186076,0,0.41064250640926453
272.json,joe-biden,mostly-true,0,speaker_disjoint_split,0,0.4566297762968483,0,0.33226546332423795
8816.json,state-democratic-party-wisconsin,true,0,speaker_disjoint_split,0,0.3330532023596035,0,0.2995835432238615
3053.json,jeff-fitzgerald,barely-true,1,speaker_disjoint_split,1,0.6822074516855015,1,0.7416873405112802
11785.json,bernie-s,mostly-true,0,speaker_disjoint_split,1,0.6539147841965257,1,0.5490954684265441
1961.json,dubose-porter,true,0,speaker_disjoint_split,0,0.3110290103004445,0,0.3156186120578581
10801.json,bill-clinton,true,0,speaker_disjoint_split,0,0.4486148892896862,1,0.5621057370383005
3437.json,georgia-state-senators,false,1,speaker_disjoint_split,1,0.5628803919142946,1,0.7445761529291761
1423.json,dick-armey,false,1,speaker_disjoint_split,0,0.3404411390775199,0,0.3420683523052812
7612.json,scott-walker,half-true,0,speaker_disjoint_split,0,0.3555107302891633,0,0.422287312086707
10152.json,scott-walker,mostly-true,0,speaker_disjoint_split,0,0.24625528244890094,0,0.3262026547695517
13295.json,donald-trump,pants-fire,1,speaker_disjoint_split,1,0.672574532037835,1,0.6428760606185389
535.json,john-mccain,true,0,speaker_disjoint_split,1,0.5683208927205005,1,0.5684633065766042
407.json,john-mccain,false,1,speaker_disjoint_split,1,0.5593927882058702,0,0.4196896769983674
4455.json,debbie-wasserman-schultz,false,1,speaker_disjoint_split,0,0.42139645813002696,0,0.39397329778507734
4672.json,scott-walker,false,1,speaker_disjoint_split,0,0.4485545361194383,1,0.5365280510116466
3678.json,donald-trump,half-true,0,speaker_disjoint_split,1,0.5834801832825113,0,0.4884992815474877
8134.json,scott-walker,true,0,speaker_disjoint_split,1,0.7172490330954727,1,0.7375349357820156
3868.json,austan-goolsbee,mostly-true,0,speaker_disjoint_split,0,0.432866512264516,0,0.39881786572300876
11948.json,samir-chachoua,pants-fire,1,speaker_disjoint_split,1,0.5393970361941739,0,0.4309799536936095
206.json,ron-paul,true,0,speaker_disjoint_split,0,0.2607988222012756,0,0.25077467614712634
8297.json,ken-cuccinelli,false,1,speaker_disjoint_split,1,0.614706002420404,1,0.7053103175822385
7801.json,david-cicilline,barely-true,1,speaker_disjoint_split,0,0.2930112728242489,0,0.22891681477720954
11775.json,bernie-s,barely-true,1,speaker_disjoint_split,0,0.42719398751894,0,0.39594462622479465
2515.json,david-cicilline,half-true,0,speaker_disjoint_split,0,0.39105803623511026,0,0.3893017495359533
6224.json,julian-castro,half-true,0,speaker_disjoint_split,1,0.5810207814939081,1,0.5451137522721325
2485.json,david-axelrod,barely-true,1,speaker_disjoint_split,1,0.5292288499003056,0,0.39632835140364525
12430.json,donald-trump,false,1,speaker_disjoint_split,0,0.40695925023519397,0,0.3931011751339354
11122.json,donald-trump,barely-true,1,speaker_disjoint_split,1,0.5399429587932146,1,0.5300366951923737
2579.json,armond-budish,mostly-true,0,speaker_disjoint_split,0,0.3632095591053507,0,0.35273026806515745
3427.json,bill-kristol,mostly-true,0,speaker_disjoint_split,0,0.408553420664899,0,0.4340859914000836
2549.json,susan-b-anthony-list,false,1,speaker_disjoint_split,1,0.6492470715429071,1,0.6346304198427299
748.json,john-mccain,barely-true,1,speaker_disjoint_split,1,0.5747742155065388,1,0.5151021665622971
9869.json,scott-walker,mostly-true,0,speaker_disjoint_split,1,0.6299473253448257,1,0.715989612418241
5490.json,gary-johnson,mostly-true,0,speaker_disjoint_split,0,0.42928483603177947,0,0.3719152300258686
12644.json,donald-trump,mostly-true,0,speaker_disjoint_split,1,0.6195452601476443,1,0.6054291039923327
6794.json,jon-husted,mostly-true,0,speaker_disjoint_split,0,0.29456413372187745,0,0.26635693478110223
7143.json,anne-goodman,true,0,speaker_disjoint_split,1,0.5219180187032093,0,0.4580448306889916
13242.json,donald-trump,false,1,speaker_disjoint_split,1,0.5293423421618764,1,0.5134575346167727
8160.json,mark-kelly,true,0,speaker_disjoint_split,0,0.3650603582739456,0,0.3799939734846483
12153.json,pat-mccrory,false,1,speaker_disjoint_split,1,0.5757662010627322,1,0.5153958181650365
13449.json,donald-trump,half-true,0,speaker_disjoint_split,1,0.6155219796953856,1,0.5798094160146395
1172.json,glenn-beck,half-true,0,speaker_disjoint_split,1,0.72644788641189,1,0.7636363757501552
9912.json,rhue-reis,false,1,speaker_disjoint_split,0,0.29996628947303033,0,0.19479324167170858
4417.json,donna-shalala,barely-true,1,speaker_disjoint_split,0,0.44365375979666155,0,0.40909203295334423
11313.json,donald-trump,false,1,speaker_disjoint_split,0,0.48076819567094864,0,0.46428777041108604
1272.json,christopher-monckton,pants-fire,1,speaker_disjoint_split,1,0.7211045074995968,1,0.7154541829383063
1356.json,glenn-beck,false,1,speaker_disjoint_split,1,0.711364319638489,1,0.713204791702466
3787.json,frank-wolf,barely-true,1,speaker_disjoint_split,0,0.25675187058715887,0,0.3418365798803813
5323.json,joe-biden,mostly-true,0,speaker_disjoint_split,0,0.21797176806002205,0,0.1912395283657504
1642.json,liberty-institute,half-true,0,speaker_disjoint_split,1,0.5956765706911367,1,0.5924884270345775
11489.json,reader-email,pants-fire,1,speaker_disjoint_split,1,0.5019185279978636,0,0.3992535973657668
9296.json,defending-main-street,barely-true,1,speaker_disjoint_split,0,0.47298808214837407,0,0.49855145734085077
3279.json,donna-brazile,half-true,0,speaker_disjoint_split,1,0.7015841797473754,1,0.6798223867636268
284.json,bill-clinton,half-true,0,speaker_disjoint_split,0,0.41718456242501656,0,0.4115963799461324
11611.json,donald-trump,pants-fire,1,speaker_disjoint_split,1,0.535556079691106,1,0.5393066708794632
3223.json,get-equal-texas,half-true,0,speaker_disjoint_split,0,0.467154968610513,0,0.42666649021791203
9191.json,new-hampshire-republican-party,mostly-true,0,speaker_disjoint_split,0,0.4986486703926103,0,0.45545453725182417
5968.json,gilberto-hinojosa,false,1,speaker_disjoint_split,1,0.5695784668776848,1,0.5288841135203132
12152.json,donald-trump,pants-fire,1,speaker_disjoint_split,1,0.6977277809225687,1,0.6552192868036688
6792.json,stefani-carter,half-true,0,speaker_disjoint_split,0,0.39812706073052667,0,0.3630868608900786
7289.json,lloyd-doggett,half-true,0,speaker_disjoint_split,0,0.4456041969073606,0,0.37586689236855825
9733.json,michael-bloomberg,false,1,speaker_disjoint_split,0,0.2740048905505704,0,0.3632039472873112
12000.json,john-kasich,mostly-true,0,speaker_disjoint_split,0,0.3307695427282268,1,0.5113060268145863
5614.json,new-hampshire-republican-party,barely-true,1,speaker_disjoint_split,1,0.7054262080134666,1,0.6516880231598874
12217.json,bernie-s,true,0,speaker_disjoint_split,1,0.5923382101189278,1,0.5163537357054324
8389.json,jeanne-shaheen,true,0,speaker_disjoint_split,0,0.29090043256099674,0,0.2070992621899801
1609.json,charlie-crist,barely-true,1,speaker_disjoint_split,1,0.7046670633947744,1,0.6374499248803731
8274.json,ken-cuccinelli,half-true,0,speaker_disjoint_split,1,0.6264476977306397,1,0.6170603831047002
5233.json,scott-walker,mostly-true,0,speaker_disjoint_split,1,0.5581370014101772,1,0.6062149515935698
1663.json,john-mccain,pants-fire,1,speaker_disjoint_split,1,0.7097008789942157,1,0.6893647776451446
7199.json,terry-russell,true,0,speaker_disjoint_split,0,0.39546647141138536,0,0.4286406880859301
9523.json,james-buchal,false,1,speaker_disjoint_split,0,0.3073604027748345,0,0.42448820300224127
11738.json,donald-trump,false,1,speaker_disjoint_split,1,0.5439079520940461,1,0.5330865364137136
1752.json,rush-limbaugh,false,1,speaker_disjoint_split,1,0.6097486432291711,1,0.6392071409669977
8143.json,ken-cuccinelli,false,1,speaker_disjoint_split,1,0.5905088795719236,1,0.6460211299629796
10589.json,julie-lassa,half-true,0,speaker_disjoint_split,0,0.4219171282007766,1,0.5557055689638062
4183.json,chip-rogers,true,0,speaker_disjoint_split,0,0.11246987139781273,0,0.11977224526998657
11148.json,jack-hanna,mostly-true,0,speaker_disjoint_split,0,0.29518471081934455,0,0.46158767860493194
6422.json,protect-your-vote-ohio-protect-your-vote-ohio,mostly-true,0,speaker_disjoint_split,0,0.36328255527340186,0,0.3087902242130677
4752.json,debbie-wasserman-schultz,mostly-true,0,speaker_disjoint_split,0,0.43674301169855273,0,0.36753685920567275
69.json,ron-paul,true,0,speaker_disjoint_split,0,0.4507168513232696,0,0.4074378583918852
6036.json,david-axelrod,half-true,0,speaker_disjoint_split,0,0.3573101947397141,0,0.2939663098900726
3725.json,silvestre-reyes,mostly-true,0,speaker_disjoint_split,0,0.23158524777586814,0,0.2313875342862537
8407.json,debbie-wasserman-schultz,barely-true,1,speaker_disjoint_split,1,0.5646736603157214,1,0.603059785466203
12340.json,joe-biden,mostly-true,0,speaker_disjoint_split,1,0.6140877164503857,1,0.6051759636568375
6887.json,jon-husted,false,1,speaker_disjoint_split,0,0.4916208323083978,0,0.447081731612222
11885.json,bernie-s,mostly-true,0,speaker_disjoint_split,1,0.5465922447439736,1,0.5538373867123623
9904.json,national-republican-congressional-committee,half-true,0,speaker_disjoint_split,1,0.5603837560581647,1,0.5494475721105048
11609.json,carly-fiorina,false,1,speaker_disjoint_split,0,0.36144725492568824,0,0.352766683125164
3834.json,debbie-wasserman-schultz,false,1,speaker_disjoint_split,1,0.7422842283081237,1,0.7593386006979307
7853.json,ken-cuccinelli,false,1,speaker_disjoint_split,0,0.4805662364909127,1,0.5597137288769354
10400.json,claire-suggs,mostly-true,0,speaker_disjoint_split,0,0.2685114118389831,0,0.25077163503620437
2743.json,taxpayer-association-oregon,half-true,0,speaker_disjoint_split,0,0.44894200942386037,1,0.5301490000670671
13076.json,john-fleming,false,1,speaker_disjoint_split,1,0.6762143653486907,1,0.6195957388099282
12241.json,bernie-s,half-true,0,speaker_disjoint_split,0,0.25547871248037096,0,0.2583490853371785
4678.json,joe-biden,half-true,0,speaker_disjoint_split,0,0.2254945873673056,0,0.16217217834932648
4000.json,nathan-deal,barely-true,1,speaker_disjoint_split,1,0.5456466281035979,1,0.5427318939356335
2148.json,jeb-hensarling,true,0,speaker_disjoint_split,0,0.4125001525132064,0,0.44286413807664216
12300.json,david-jolly,true,0,speaker_disjoint_split,1,0.6694846516150768,1,0.7668948675860708
11274.json,jorge-ramos,half-true,0,speaker_disjoint_split,0,0.3245504858037672,0,0.32803709284225746
9829.json,mike-collier,true,0,speaker_disjoint_split,1,0.6559148446059978,1,0.687448756986459
7294.json,scott-walker,pants-fire,1,speaker_disjoint_split,1,0.6825658985914732,1,0.7145774901409805
3238.json,scott-walker,false,1,speaker_disjoint_split,1,0.5068689575788541,0,0.47067380169101647
13120.json,donald-trump,half-true,0,speaker_disjoint_split,1,0.5746697542942113,1,0.6064352582265788
6650.json,anthony-gemma,mostly-true,0,speaker_disjoint_split,0,0.2251500070143682,0,0.20153234014934263
1487.json,joe-biden,half-true,0,speaker_disjoint_split,0,0.3915251987746702,0,0.33904356032348604
6360.json,bernie-s,true,0,speaker_disjoint_split,0,0.3026351089711221,0,0.2759519223550536
12327.json,bernie-s,mostly-true,0,speaker_disjoint_split,0,0.43868192304054976,0,0.3951136879878799
13162.json,arizonans-responsible-drug-policy,barely-true,1,speaker_disjoint_split,1,0.6699223684945804,1,0.5726105671755158
2172.json,republican-governors-association,half-true,0,speaker_disjoint_split,0,0.4083967314283533,0,0.4266455274898159
5701.json,republican-governors-association,half-true,0,speaker_disjoint_split,0,0.30548072596186093,0,0.32787056958616206
4038.json,robert-brown,false,1,speaker_disjoint_split,1,0.6527044154626472,1,0.6671414537093036
1761.json,progress-florida,true,0,speaker_disjoint_split,1,0.6038041549819432,1,0.5257757524505149
2588.json,christine-odonnell,mostly-true,0,speaker_disjoint_split,1,0.5031320438176847,0,0.4404466954262884
12934.json,donald-trump,barely-true,1,speaker_disjoint_split,0,0.4980298292663262,1,0.535859901052978
7159.json,jeanne-shaheen,barely-true,1,speaker_disjoint_split,0,0.3580672141462415,0,0.3707138042288005
1851.json,votevetsorg,half-true,0,speaker_disjoint_split,1,0.6739851030634556,1,0.5277947754705031
7464.json,trey-martinez-fischer,half-true,0,speaker_disjoint_split,0,0.45427769548831287,0,0.3463579802957629
13493.json,donald-trump,pants-fire,1,speaker_disjoint_split,1,0.7412624568825346,1,0.7208051667899816
13332.json,donald-trump,half-true,0,speaker_disjoint_split,0,0.3870001568844048,0,0.4033675129371231
11783.json,debbie-wasserman-schultz,false,1,speaker_disjoint_split,0,0.4396009246132662,0,0.47189255054051443
7977.json,debbie-wasserman-schultz,true,0,speaker_disjoint_split,0,0.13291817478396292,0,0.16022087418772582
10211.json,scott-walker,true,0,speaker_disjoint_split,0,0.4254328863720837,0,0.42501891845801726
5687.json,scott-walker,false,1,speaker_disjoint_split,1,0.5499750529582433,1,0.5596994879816176
13232.json,donald-trump,false,1,speaker_disjoint_split,1,0.5541793671781878,1,0.6429851544222469
6904.json,joe-biden,barely-true,1,speaker_disjoint_split,0,0.49550696737217653,0,0.4581983862299805
9325.json,karl-rove,false,1,speaker_disjoint_split,0,0.4270936597463081,0,0.4289067133047867
4736.json,taxpayer-association-oregon,false,1,speaker_disjoint_split,0,0.4303748537405863,0,0.41937129934779593
9830.json,john-mccain,mostly-true,0,speaker_disjoint_split,1,0.5623976695272397,1,0.5771459702969998
9078.json,jim-moore,true,0,speaker_disjoint_split,0,0.44159605606653485,1,0.571803997984331
8738.json,rush-limbaugh,pants-fire,1,speaker_disjoint_split,1,0.7004348941043559,1,0.7693632041112731
4419.json,michael-bloomberg,true,0,speaker_disjoint_split,0,0.27257343317162785,0,0.26192060284566804
11293.json,donald-trump,mostly-true,0,speaker_disjoint_split,1,0.5023188809169282,1,0.5147620442769887
12467.json,nfederation-o-independent-business-virginia,half-true,0,speaker_disjoint_split,0,0.466462774301478,0,0.43644960422237844
2084.json,joe-biden,barely-true,1,speaker_disjoint_split,1,0.5691827694611121,1,0.501993321081801
6968.json,david-cicilline,true,0,speaker_disjoint_split,0,0.38370814787973834,0,0.27236950502423346
13365.json,donald-trump,half-true,0,speaker_disjoint_split,0,0.3396001279761585,0,0.4017967037456651
9392.json,jeff-merkley,half-true,0,speaker_disjoint_split,1,0.5521671646857832,1,0.5326580124886086
8280.json,blog-posting,pants-fire,1,speaker_disjoint_split,1,0.8392463026420298,1,0.9137512065395323
8424.json,ken-cuccinelli,false,1,speaker_disjoint_split,1,0.7203882766681509,1,0.7630356163710549
2219.json,bob-gibbs,pants-fire,1,speaker_disjoint_split,1,0.6019007372996634,1,0.674464553712869
10096.json,nathan-deal,false,1,speaker_disjoint_split,1,0.6289555821794419,1,0.6227360022689753
6148.json,david-cicilline,barely-true,1,speaker_disjoint_split,0,0.2753937452196127,0,0.269776795167733
7681.json,carlos-gimenez,false,1,speaker_disjoint_split,0,0.2208640106959207,0,0.19909772070419873
8537.json,steve-israel,true,0,speaker_disjoint_split,1,0.7510621473554338,1,0.8004184011540271
12175.json,donald-trump,half-true,0,speaker_disjoint_split,1,0.7155395693931934,1,0.7397442650646386
9529.json,gilberto-hinojosa,false,1,speaker_disjoint_split,1,0.6992345563373182,1,0.6738412576616337
13140.json,afscme-people,mostly-true,0,speaker_disjoint_split,1,0.5471646844078806,0,0.4722486910328454
13337.json,donald-trump,false,1,speaker_disjoint_split,0,0.41172152814913465,0,0.32875812382304315
4849.json,susan-combs,false,1,speaker_disjoint_split,1,0.6538186775753553,1,0.7195061342221973
4725.json,john-kasich,pants-fire,1,speaker_disjoint_split,0,0.44573724928727326,0,0.4958571877594641
9002.json,republican-governors-association,barely-true,1,speaker_disjoint_split,1,0.6806069019257283,1,0.685261423909906
11114.json,scott-walker,mostly-true,0,speaker_disjoint_split,0,0.3565373282270913,0,0.39122682222998484
6790.json,carol-shea-porter,barely-true,1,speaker_disjoint_split,1,0.5795103384823367,0,0.44903596372792537
12831.json,james-woods,pants-fire,1,speaker_disjoint_split,1,0.5392029715997739,0,0.3305576672878328
509.json,john-mccain,true,0,speaker_disjoint_split,0,0.41031059224751754,0,0.3906626052186664
8237.json,dan-patrick,half-true,0,speaker_disjoint_split,1,0.7560140141573971,1,0.6864717728102804
3805.json,agenda-project,false,1,speaker_disjoint_split,1,0.7133196904522622,1,0.7328065877448339
11031.json,gus-bilirakis,mostly-true,0,speaker_disjoint_split,0,0.18373881890203517,0,0.1430368228154057
10180.json,jeanne-shaheen,half-true,0,speaker_disjoint_split,1,0.6145793394603662,1,0.5596566910805164
3431.json,charles-reed,false,1,speaker_disjoint_split,0,0.48997381446965227,0,0.4446116623880361
4740.json,john-klenke,false,1,speaker_disjoint_split,0,0.3147975528026355,0,0.2965398942396778
7741.json,david-cicilline,true,0,speaker_disjoint_split,0,0.4393429087469829,0,0.33893934285123883
5115.json,ron-paul,half-true,0,speaker_disjoint_split,0,0.4187998373435355,0,0.4179320338279407
473.json,john-mccain,mostly-true,0,speaker_disjoint_split,0,0.3894981427574456,0,0.43530030064514336
3893.json,janice-hahn,half-true,0,speaker_disjoint_split,1,0.5924946247370414,1,0.7391804787246602
398.json,campaign-defend-america,mostly-true,0,speaker_disjoint_split,0,0.41389807809147494,0,0.2917811386250789
4802.json,philip-keefe,false,1,speaker_disjoint_split,0,0.3542977073189037,0,0.446330389292397
11355.json,jim-gilmore,true,0,speaker_disjoint_split,0,0.4483999930084625,1,0.5452061827782604
242.json,club-growth,half-true,0,speaker_disjoint_split,0,0.4301456880765323,0,0.42385135351489117
11306.json,club-growth,mostly-true,0,speaker_disjoint_split,1,0.7179390401748557,1,0.7718045099702161
8741.json,tom-coburn,barely-true,1,speaker_disjoint_split,1,0.6345699166650346,1,0.6900961398721251
2663.json,citizens-lower-taxes-and-stronger-economy,pants-fire,1,speaker_disjoint_split,1,0.5563783527513955,0,0.3806290086108324
8470.json,john-fleming,true,0,speaker_disjoint_split,0,0.42767311214526305,0,0.3970312870521225
10033.json,democratic-congressional-campaign-committee,pants-fire,1,speaker_disjoint_split,1,0.704375975362605,1,0.6961912336200403
429.json,focus-family-action,true,0,speaker_disjoint_split,1,0.5286388952147291,0,0.4885742952036952
12271.json,bernie-s,mostly-true,0,speaker_disjoint_split,0,0.48738924218334995,0,0.44441982520999485
8439.json,maria-bartiromo,false,1,speaker_disjoint_split,1,0.619009173367787,1,0.6161354868049893
8772.json,bill-post,pants-fire,1,speaker_disjoint_split,1,0.7647496578372731,1,0.7690232562711637
461.json,john-mccain,mostly-true,0,speaker_disjoint_split,1,0.7882023940213956,1,0.6967782040879265
7092.json,big-gamble-nj,mostly-true,0,speaker_disjoint_split,1,0.5896130631067887,1,0.5528255746204062
550.json,ralph-nader,barely-true,1,speaker_disjoint_split,1,0.5693807038867477,1,0.5742848563800529
11974.json,huey-rey-fischer,mostly-true,0,speaker_disjoint_split,0,0.207905496092096,0,0.21049041667944643
13082.json,donald-trump,pants-fire,1,speaker_disjoint_split,1,0.5173126682878728,1,0.5235865860271938
8927.json,national-republican-congressional-committee,barely-true,1,speaker_disjoint_split,1,0.6272761597305065,1,0.6282861949164422
13003.json,james-woods,true,0,speaker_disjoint_split,1,0.6675317541092403,1,0.52412095965532
7635.json,eva-marie-mancuso,half-true,0,speaker_disjoint_split,0,0.24518817616928523,0,0.16668191169639926
5831.json,saxby-chambliss,true,0,speaker_disjoint_split,1,0.6207624815822166,1,0.6635998164572023
3376.json,scott-walker,mostly-true,0,speaker_disjoint_split,0,0.29612807024659177,0,0.2877137401367699
12932.json,joe-biden,barely-true,1,speaker_disjoint_split,1,0.5204363501944901,0,0.35956212392210857
6390.json,jeff-fitzgerald,mostly-true,0,speaker_disjoint_split,0,0.29010064734139057,0,0.34289334361035034
4001.json,david-cicilline,pants-fire,1,speaker_disjoint_split,0,0.36533958383146214,0,0.295360599020349
12399.json,bernie-s,half-true,0,speaker_disjoint_split,0,0.3407139140960709,0,0.3087377991894822
8598.json,lloyd-doggett,mostly-true,0,speaker_disjoint_split,0,0.22462145829226196,0,0.17691154372554294
5016.json,national-republican-congressional-committee,barely-true,1,speaker_disjoint_split,1,0.5582097865588542,0,0.45273034501770637
4488.json,gary-johnson,half-true,0,speaker_disjoint_split,0,0.2297240679767005,0,0.1907017664924642
9789.json,blog-posting,pants-fire,1,speaker_disjoint_split,1,0.6997911215466531,1,0.8320976799236106
12304.json,donald-trump,false,1,speaker_disjoint_split,0,0.3281016247851782,0,0.37139184342379417
11491.json,peter-kinder,true,0,speaker_disjoint_split,1,0.5257777809272907,0,0.40565321648872793
13345.json,nathan-deal,mostly-true,0,speaker_disjoint_split,0,0.28020459699814226,0,0.3375685398642739
933.json,michael-steele,pants-fire,1,speaker_disjoint_split,1,0.5636855543290006,1,0.5379438602598237
3001.json,dekalb-county,barely-true,1,speaker_disjoint_split,0,0.4678739034140271,1,0.6011610637599559
4581.json,jose-rodriguez,barely-true,1,speaker_disjoint_split,0,0.24969072348763247,0,0.23351429669541415
12510.json,scott-walker,half-true,0,speaker_disjoint_split,0,0.4502995129191336,0,0.44403074825094935
5063.json,ron-paul,false,1,speaker_disjoint_split,1,0.627280748105517,1,0.6000772830129502
10961.json,donald-trump,false,1,speaker_disjoint_split,0,0.44848997168477245,1,0.5127132729328727
11870.json,donald-trump,false,1,speaker_disjoint_split,0,0.41903880581149305,0,0.401864973924939
1563.json,hank-gilbert,barely-true,1,speaker_disjoint_split,0,0.42556417765954996,0,0.318240821932544
5022.json,restore-our-future,half-true,0,speaker_disjoint_split,0,0.4561312850773563,0,0.49036519104965953
10090.json,glenn-beck,half-true,0,speaker_disjoint_split,1,0.7907364401367966,1,0.8240244379212085
1608.json,todd-tiahrt,half-true,0,speaker_disjoint_split,1,0.6559187734812676,1,0.6649267675724203
10440.json,nathan-deal,true,0,speaker_disjoint_split,0,0.36688586675000284,0,0.30564015217193163
7198.json,steve-lonegan,barely-true,1,speaker_disjoint_split,0,0.2813102791739979,0,0.20079033202898855
1153.json,dick-armey,half-true,0,speaker_disjoint_split,1,0.5191584996717761,1,0.5061897391209911
11161.json,scott-walker,true,0,speaker_disjoint_split,0,0.3094579788663122,0,0.3205293680543163
6923.json,mary-nolan,true,0,speaker_disjoint_split,1,0.6616947618851452,1,0.5807551663601387
3661.json,joanne-kloppenburg,barely-true,1,speaker_disjoint_split,1,0.6261610400149802,1,0.6597713397687242
3978.json,national-republican-congressional-committee,false,1,speaker_disjoint_split,1,0.5588346199827087,0,0.3911786066083941
3901.json,armond-budish,mostly-true,0,speaker_disjoint_split,0,0.30786493531393905,0,0.28295488855611395
4483.json,ron-paul,pants-fire,1,speaker_disjoint_split,1,0.50478949676903,0,0.48723427893320875
3819.json,tim-kaine,half-true,0,speaker_disjoint_split,1,0.5232444171573878,0,0.35123082442272596
5139.json,club-growth,mostly-true,0,speaker_disjoint_split,1,0.6690631370309627,1,0.65062477074414
8972.json,andy-brown,mostly-true,0,speaker_disjoint_split,0,0.2793303821541646,0,0.2661340457620692
6240.json,john-robitaille,half-true,0,speaker_disjoint_split,0,0.45512873638499407,1,0.5163730511329969
12207.json,hilary-treadwell,pants-fire,1,speaker_disjoint_split,0,0.28525058335120623,0,0.3364122872072585
2678.json,charlie-crist,true,0,speaker_disjoint_split,1,0.5546807878567934,1,0.501272465863705
8582.json,david-axelrod,mostly-true,0,speaker_disjoint_split,0,0.3505012073361637,0,0.31562193930467236
1636.json,charlie-crist,false,1,speaker_disjoint_split,1,0.5184130002760137,0,0.43608566871449267
2870.json,joe-barton,barely-true,1,speaker_disjoint_split,0,0.32505905249223915,0,0.27983045602327966
34.json,john-mccain,mostly-true,0,speaker_disjoint_split,1,0.5131552658975487,0,0.4076944491840308
12949.json,donald-trump,barely-true,1,speaker_disjoint_split,1,0.6668290884966841,1,0.6951428118098638
13092.json,charlie-crist,true,0,speaker_disjoint_split,0,0.32793143139323006,0,0.2604584727421241
12902.json,dana-wachs,true,0,speaker_disjoint_split,1,0.783449450940981,1,0.7788870392914642
9724.json,james-woods,false,1,speaker_disjoint_split,1,0.7461384186491996,1,0.5513782662655313
161.json,john-mccain,half-true,0,speaker_disjoint_split,0,0.28027809197349124,0,0.27952803323844755
7306.json,nathan-deal,true,0,speaker_disjoint_split,0,0.31376411137609345,0,0.2814671774823335
11316.json,carly-fiorina,barely-true,1,speaker_disjoint_split,1,0.6536932650809074,1,0.5936883041079061
2056.json,david-cicilline,false,1,speaker_disjoint_split,0,0.4236207734601272,0,0.3603207769306839
12740.json,donald-trump,false,1,speaker_disjoint_split,1,0.6673969350176779,1,0.6107081628583582
11480.json,donald-trump,half-true,0,speaker_disjoint_split,0,0.38455024044672587,0,0.4450902556119281
10110.json,bill-oreilly,mostly-true,0,speaker_disjoint_split,1,0.5598019842061727,1,0.6047334474420113
9816.json,don-beyer,mostly-true,0,speaker_disjoint_split,0,0.4451812414068376,0,0.34375249164075256
13194.json,citizens-michael-mcauliffe-and-house-republican-or,barely-true,1,speaker_disjoint_split,1,0.5516147997877973,1,0.6469064348968663
4263.json,ron-paul,false,1,speaker_disjoint_split,0,0.4643026141762496,0,0.4497058319051175
11178.json,john-kasich,mostly-true,0,speaker_disjoint_split,1,0.5974081232019203,1,0.6943137832876092
7515.json,joseph-levy,barely-true,1,speaker_disjoint_split,1,0.513901421363282,0,0.4351974918855367
12861.json,donald-trump,pants-fire,1,speaker_disjoint_split,0,0.34732679538708205,0,0.47657797800456475
11199.json,state-democratic-party-wisconsin,mostly-true,0,speaker_disjoint_split,1,0.5203650363723612,1,0.5336680666804385
4786.json,state-democratic-party-wisconsin,false,1,speaker_disjoint_split,1,0.7175845617212102,1,0.7120577396528609
7719.json,republican-governors-association,pants-fire,1,speaker_disjoint_split,1,0.5868906533017637,1,0.6045268449270589
3915.json,roberto-dasilva,barely-true,1,speaker_disjoint_split,1,0.5564792634529203,0,0.4291139031535614
10277.json,bill-oreilly,barely-true,1,speaker_disjoint_split,1,0.545300479013894,1,0.5800847384893986
10452.json,debbie-wasserman-schultz,barely-true,1,speaker_disjoint_split,1,0.5326247383058955,1,0.5310744966125487
8780.json,rhode-island-senate,mostly-true,0,speaker_disjoint_split,0,0.33839693436617074,0,0.28647399207780605
6145.json,pat-kreitlow,pants-fire,1,speaker_disjoint_split,1,0.610780257722888,1,0.702419079778662
7948.json,blog-posting,pants-fire,1,speaker_disjoint_split,1,0.5869887463996586,1,0.7040601019659878
12235.json,donald-trump,false,1,speaker_disjoint_split,0,0.4465310067944911,1,0.5794921105120885
970.json,cynthia-lummis,pants-fire,1,speaker_disjoint_split,1,0.6618117854997363,1,0.7884785906433467
11466.json,emanuel-cleaver,barely-true,1,speaker_disjoint_split,0,0.3007070383179922,0,0.30301700666173675
1471.json,bill-oreilly,true,0,speaker_disjoint_split,0,0.49417595379582013,1,0.5608903666765807
5397.json,richard-morrison,half-true,0,speaker_disjoint_split,1,0.6156397522320007,1,0.5957846530804728
10938.json,bernie-s,mostly-true,0,speaker_disjoint_split,1,0.5474515060685576,0,0.4603778286618029
12701.json,tim-kaine,barely-true,1,speaker_disjoint_split,1,0.6170459837217425,1,0.5567937602571571
13015.json,gary-johnson,mostly-true,0,speaker_disjoint_split,1,0.5209965818843532,0,0.49357083221863357
2062.json,david-axelrod,half-true,0,speaker_disjoint_split,0,0.22562886618233516,0,0.1927022727830441
409.json,bill-clinton,true,0,speaker_disjoint_split,0,0.3588642588815055,0,0.33504799464885743
12776.json,state-democratic-party-wisconsin,half-true,0,speaker_disjoint_split,1,0.5677163884713894,1,0.5260157826692433
11188.json,donald-trump,half-true,0,speaker_disjoint_split,0,0.4883405348193131,1,0.613932438383317
8722.json,neera-tanden,true,0,speaker_disjoint_split,1,0.5254466254388824,0,0.39287152316961893
10075.json,no-tax-tracks,half-true,0,speaker_disjoint_split,1,0.6982813276152183,1,0.6968123586265833
4167.json,wisconsin-family-action,true,0,speaker_disjoint_split,1,0.7314084280503376,1,0.8139161546233017
6287.json,club-growth,barely-true,1,speaker_disjoint_split,1,0.5038649347392198,1,0.502622844185567
10505.json,rush-limbaugh,barely-true,1,speaker_disjoint_split,0,0.463973751349759,1,0.5106329203062707
3698.json,blog-posting,half-true,0,speaker_disjoint_split,1,0.6100385474932333,1,0.7567894089250101
782.json,john-mccain,half-true,0,speaker_disjoint_split,1,0.5054771820239262,1,0.5299265643025995
10138.json,nathan-deal,barely-true,1,speaker_disjoint_split,0,0.13779099780454723,0,0.13944493194549373
2622.json,charlie-crist,false,1,speaker_disjoint_split,1,0.6263821025184189,1,0.6106888008121708
2017.json,john-mccain,mostly-true,0,speaker_disjoint_split,1,0.5029351220293895,1,0.5251869627990963
4061.json,bill-kristol,mostly-true,0,speaker_disjoint_split,1,0.5340455891421846,1,0.5167691025866494
12883.json,debbie-wasserman-schultz,barely-true,1,speaker_disjoint_split,1,0.5074267635743969,0,0.4533046982585065
5708.json,gary-black,mostly-true,0,speaker_disjoint_split,1,0.5178944256942045,1,0.7630872493095934
9929.json,blog-posting,half-true,0,speaker_disjoint_split,1,0.6674380622888951,1,0.8327113886267393
10062.json,john-mccain,false,1,speaker_disjoint_split,1,0.7995534500378922,1,0.8269060434094467
6108.json,marsha-blackburn,barely-true,1,speaker_disjoint_split,1,0.6114481938005033,1,0.5810263494783993
11500.json,ben-carson,false,1,speaker_disjoint_split,1,0.649299485609798,1,0.6257246455013152
6642.json,bill-clinton,half-true,0,speaker_disjoint_split,1,0.5809610585965502,1,0.595446074567731
5.json,bill-richardson,mostly-true,0,speaker_disjoint_split,0,0.20576272136591017,0,0.1257076631553905
1541.json,charlie-crist,false,1,speaker_disjoint_split,0,0.41056179959408884,0,0.36870054857736384
7911.json,saxby-chambliss,pants-fire,1,speaker_disjoint_split,1,0.5326540775058594,1,0.6275944257808774
367.json,john-mccain,pants-fire,1,speaker_disjoint_split,1,0.6088271576870667,1,0.6482941147264565
4082.json,jim-whelan,half-true,0,speaker_disjoint_split,1,0.5396655527189302,1,0.5245100065987176
6952.json,linda-mcmahon,false,1,speaker_disjoint_split,0,0.28732304335449804,0,0.32040043829151643
2180.json,randy-neugebauer,pants-fire,1,speaker_disjoint_split,1,0.5547792866139606,1,0.5562064910407583
7138.json,saxby-chambliss,true,0,speaker_disjoint_split,1,0.5543567555419466,1,0.5680882527456469
6677.json,kal-penn,mostly-true,0,speaker_disjoint_split,1,0.6859830725207644,1,0.5900344590131608
2595.json,christine-odonnell,pants-fire,1,speaker_disjoint_split,1,0.7554423727154509,1,0.7026680298536476
1351.json,glenn-beck,false,1,speaker_disjoint_split,0,0.4814461817255622,1,0.5198095789478634
9847.json,burger-king,half-true,0,speaker_disjoint_split,0,0.47590544495278275,0,0.40373443510823187
12551.json,bernie-s,mostly-true,0,speaker_disjoint_split,1,0.5223599944014186,0,0.438969650689295
9175.json,republican-party-florida,true,0,speaker_disjoint_split,1,0.537160445586455,1,0.5075386707769489
1278.json,charlie-crist,false,1,speaker_disjoint_split,0,0.4321420907059126,0,0.34837817691449974
9634.json,kate-obenshain,barely-true,1,speaker_disjoint_split,1,0.7219091004807444,1,0.7121342045224661
12200.json,donald-trump,half-true,0,speaker_disjoint_split,0,0.3934463157455031,0,0.35447541506792557
8098.json,david-cicilline,true,0,speaker_disjoint_split,0,0.4796367877126899,0,0.3604507351306598
9689.json,charlie-crist,mostly-true,0,speaker_disjoint_split,0,0.2725417337400673,0,0.28800327806293535
5797.json,mary-nolan,half-true,0,speaker_disjoint_split,0,0.2867536721711136,0,0.2987467131820728
10588.json,doug-collins,mostly-true,0,speaker_disjoint_split,1,0.6124140228719476,1,0.7112864326386775
4225.json,jon-husted,mostly-true,0,speaker_disjoint_split,0,0.36293413723805845,0,0.41848262748823717
579.json,john-mccain,mostly-true,0,speaker_disjoint_split,0,0.43620581674097414,0,0.43755909461879117
1661.json,silvestre-reyes,pants-fire,1,speaker_disjoint_split,0,0.3172105806283459,0,0.23539619428911027
5442.json,jon-husted,half-true,0,speaker_disjoint_split,0,0.40212773420871767,0,0.3870076002621126
6028.json,memphis-police-association,false,1,speaker_disjoint_split,1,0.632569296637776,0,0.4900718586343619
5294.json,nathan-deal,true,0,speaker_disjoint_split,0,0.3504538726600907,0,0.34319044038174484
3972.json,nina-perales,mostly-true,0,speaker_disjoint_split,0,0.36665535424348195,0,0.2692277121846199
1348.json,keith-olbermann,half-true,0,speaker_disjoint_split,1,0.6886864588250861,1,0.7660064096553632
1740.json,keith-olbermann,half-true,0,speaker_disjoint_split,1,0.679740886223354,1,0.6516081053404376
10851.json,akbar-al-baker,barely-true,1,speaker_disjoint_split,0,0.2986054872708955,0,0.28120683640014593
13250.json,pat-mccrory,barely-true,1,speaker_disjoint_split,1,0.5385366851621161,1,0.5640711424029012
10926.json,blog-posting,mostly-true,0,speaker_disjoint_split,1,0.6739324765574852,1,0.7167855001652974
11097.json,atlanta-neighborhood-association,true,0,speaker_disjoint_split,1,0.5490427544161963,0,0.463121165408562
9278.json,tom-corbett,barely-true,1,speaker_disjoint_split,1,0.6120071689743306,1,0.5789338255596591
5001.json,tim-kaine,false,1,speaker_disjoint_split,0,0.413502618719872,0,0.3717131647451729
11454.json,ben-carson,false,1,speaker_disjoint_split,1,0.7594708429168077,1,0.7194470467471598
3765.json,jay-goyal,barely-true,1,speaker_disjoint_split,0,0.40399038703842743,1,0.5073941436860698
11231.json,donald-trump,half-true,0,speaker_disjoint_split,1,0.6237156416929847,1,0.6543817751029137
11130.json,scott-walker,false,1,speaker_disjoint_split,1,0.5770731655976454,1,0.6082533135982223
13104.json,tom-nelson,half-true,0,speaker_disjoint_split,1,0.6036647290365305,1,0.7781224133215512
9618.json,mark-begich,mostly-true,0,speaker_disjoint_split,0,0.3476776512704486,0,0.2703345200390025
11921.json,bernie-s,mostly-true,0,speaker_disjoint_split,0,0.16374907807578634,0,0.14789663751963342
10980.json,bill-clinton,half-true,0,speaker_disjoint_split,1,0.6253719938677709,1,0.6460786845849845
13325.json,tim-kaine,mostly-true,0,speaker_disjoint_split,0,0.41216562851107935,0,0.3893760745597169
12583.json,david-miliband,true,0,speaker_disjoint_split,0,0.4577661777352446,1,0.501891007380584
307.json,john-mccain,half-true,0,speaker_disjoint_split,1,0.5410602879767143,0,0.4646214829893265
11387.json,scott-walker,mostly-true,0,speaker_disjoint_split,0,0.46767464906377143,0,0.4810885496122804
10652.json,jerry-falwell,true,0,speaker_disjoint_split,0,0.47049915429238387,1,0.5291218976410715
4110.json,gary-johnson,half-true,0,speaker_disjoint_split,0,0.3761993279590655,0,0.40414316352963237
7856.json,karl-rove,mostly-true,0,speaker_disjoint_split,0,0.25588367509464965,0,0.24096108945695605
8106.json,kari-chisholm,false,1,speaker_disjoint_split,0,0.49220038424800655,1,0.5361649135805115
13021.json,donald-trump,false,1,speaker_disjoint_split,0,0.3073393692556238,0,0.3361827640947644
12150.json,donald-trump,false,1,speaker_disjoint_split,0,0.3745128489462046,0,0.3745772794963845
9414.json,democratic-congressional-campaign-committee,false,1,speaker_disjoint_split,1,0.5701484162515669,1,0.59512439957563
434.json,focus-family-action,false,1,speaker_disjoint_split,1,0.5038649005728651,1,0.5815961743468947
7585.json,dennis-richardson,mostly-true,0,speaker_disjoint_split,1,0.5124196893028964,1,0.5805829266701138
8377.json,dan-patrick,false,1,speaker_disjoint_split,1,0.6011146265734868,1,0.5630037704993729
8962.json,bill-kristol,false,1,speaker_disjoint_split,1,0.7493168151100222,1,0.7131310922136495
7551.json,john-kasich,true,0,speaker_disjoint_split,0,0.3910703129271595,0,0.4747592714768896
9268.json,dan-patrick,half-true,0,speaker_disjoint_split,1,0.6666943662724206,1,0.5352678706444282
543.json,john-mccain,mostly-true,0,speaker_disjoint_split,1,0.57273624891199,1,0.6352019773147557
10134.json,charlie-crist,false,1,speaker_disjoint_split,1,0.634870127795156,1,0.5288683061828211
6667.json,joe-biden,mostly-true,0,speaker_disjoint_split,1,0.5978520641163152,1,0.5436764409574761
11143.json,rush-limbaugh,pants-fire,1,speaker_disjoint_split,1,0.5355665176887512,1,0.5658157493896272
2512.json,we-love-usa-pac,false,1,speaker_disjoint_split,1,0.6918549025783908,1,0.7641795212208918
11396.json,debbie-wasserman-schultz,half-true,0,speaker_disjoint_split,0,0.4991271758521895,0,0.4737132147249498
690.json,john-mccain,true,0,speaker_disjoint_split,0,0.4332829717659783,0,0.3980210664351556
11819.json,ben-carson,barely-true,1,speaker_disjoint_split,0,0.40029684988605524,0,0.3700270019173799
4808.json,john-stemberger,barely-true,1,speaker_disjoint_split,0,0.2912065734075095,0,0.32361558885285513
7615.json,b-heath-mitchell,half-true,0,speaker_disjoint_split,0,0.48158857505934444,0,0.4542268175945046
6066.json,lamar-alexander,half-true,0,speaker_disjoint_split,1,0.7018685441938453,1,0.7288878952256828
11868.json,donald-trump,barely-true,1,speaker_disjoint_split,1,0.673196500995801,1,0.7210375786158009
4913.json,jon-huntsman,barely-true,1,speaker_disjoint_split,0,0.3196012562380543,0,0.3975796836582336
10027.json,gloria-steinem,true,0,speaker_disjoint_split,0,0.4609610644473168,0,0.26992881552726933
8535.json,jay-leno,barely-true,1,speaker_disjoint_split,1,0.74163592587636,1,0.789759530799254
10990.json,scott-walker,barely-true,1,speaker_disjoint_split,1,0.6087595758483214,1,0.6405590990300895
3635.json,nathan-deal,half-true,0,speaker_disjoint_split,0,0.3437698472840057,0,0.33953008090693154
12013.json,bill-clinton,half-true,0,speaker_disjoint_split,0,0.3284988990327316,0,0.25599144776591276
6856.json,joe-biden,barely-true,1,speaker_disjoint_split,1,0.6990924789445693,1,0.6113665824631013
13079.json,donald-trump,false,1,speaker_disjoint_split,0,0.49678629610140373,0,0.48535378753936775
10428.json,gsu-alumni-association,true,0,speaker_disjoint_split,0,0.17176328131778726,0,0.1515064203599891
3019.json,lloyd-doggett,mostly-true,0,speaker_disjoint_split,0,0.44721514100727,0,0.3644265120168164
6666.json,bill-clinton,mostly-true,0,speaker_disjoint_split,0,0.4990020409652748,0,0.44472164840674816
6143.json,nathan-deal,barely-true,1,speaker_disjoint_split,0,0.37953583887088893,0,0.3197632023865808
6960.json,ohio-republican-party,half-true,0,speaker_disjoint_split,0,0.4812344755768459,1,0.6927937364737662
597.json,votevetsorg,false,1,speaker_disjoint_split,1,0.6107709273344992,0,0.4201272564892401
11727.json,will-kraus,half-true,0,speaker_disjoint_split,0,0.44268711296393193,0,0.4583313684123047
7192.json,larry-kilgore,false,1,speaker_disjoint_split,0,0.2228190719890992,0,0.17687568815157698
5595.json,bill-pascrell,false,1,speaker_disjoint_split,0,0.19545474224183093,0,0.17546244190035182
1197.json,lamar-alexander,false,1,speaker_disjoint_split,1,0.702150553378995,1,0.71427297931901
13115.json,donald-trump,false,1,speaker_disjoint_split,0,0.490250076617442,0,0.4969809440997726
6021.json,scott-walker,mostly-true,0,speaker_disjoint_split,0,0.42390490746400245,0,0.4577487198901947
5879.json,national-republican-congressional-committee,pants-fire,1,speaker_disjoint_split,1,0.7090785778416347,1,0.7397988124170162
1110.json,bill-pascrell,mostly-true,0,speaker_disjoint_split,0,0.36687823784997153,0,0.39087573763721273
1258.json,glenn-beck,barely-true,1,speaker_disjoint_split,1,0.743948037774892,1,0.8118165836500854
7213.json,scott-walker,true,0,speaker_disjoint_split,0,0.36902964004644495,0,0.38228789812884234
7760.json,tom-coburn,false,1,speaker_disjoint_split,0,0.48257088384048547,1,0.5579484042747169
7370.json,jeff-merkley,true,0,speaker_disjoint_split,0,0.2247078260601259,0,0.2920583206068896
2064.json,nathan-deal,half-true,0,speaker_disjoint_split,0,0.36326307285644066,0,0.31086977513503494
13391.json,austin-board-realtors-pac,false,1,speaker_disjoint_split,1,0.6478570324198208,1,0.5472407066225263
9621.json,glenn-beck,half-true,0,speaker_disjoint_split,1,0.7092145424306578,1,0.7716855216458144
11572.json,megyn-kelly,half-true,0,speaker_disjoint_split,1,0.5973074283764955,0,0.49346302564691996
8671.json,eugene-yu,mostly-true,0,speaker_disjoint_split,0,0.3534089151873469,0,0.49118626255119446
8203.json,scott-walker,half-true,0,speaker_disjoint_split,1,0.6651397354202967,1,0.707072581736805
4727.json,corey-stewart,false,1,speaker_disjoint_split,1,0.5483879489087276,1,0.5163724846576061
5916.json,samuel-wurzelbacher,pants-fire,1,speaker_disjoint_split,1,0.5999352041683237,1,0.6084115862570615
10010.json,republican-party-florida,half-true,0,speaker_disjoint_split,0,0.37771456794387237,0,0.45682407538505443
524.json,john-mccain,false,1,speaker_disjoint_split,1,0.5865240987752791,1,0.5580339179285698
400.json,campaign-defend-america,false,1,speaker_disjoint_split,0,0.37166140122804603,0,0.2904546860062491
2535.json,charlie-crist,half-true,0,speaker_disjoint_split,1,0.6197823938449859,0,0.48754647286632585
12377.json,scott-walker,pants-fire,1,speaker_disjoint_split,0,0.2854592232658965,0,0.2853534635223881
3267.json,wesley-smith,half-true,0,speaker_disjoint_split,0,0.4472196243485336,0,0.4568913947516662
9750.json,libre-initiative,half-true,0,speaker_disjoint_split,0,0.24751088567466376,0,0.21978848178167762
593.json,john-mccain,barely-true,1,speaker_disjoint_split,0,0.4946667302462331,1,0.5077089510706448
7305.json,nathan-deal,true,0,speaker_disjoint_split,0,0.3123064965837643,0,0.24639268072233506
6581.json,anthony-gemma,false,1,speaker_disjoint_split,1,0.5049508374697318,0,0.4763800120770661
12707.json,mark-geist,barely-true,1,speaker_disjoint_split,0,0.4725037628038385,0,0.48132118816817065
10389.json,john-mccain,barely-true,1,speaker_disjoint_split,0,0.33787901921209784,0,0.3524420109629875
8787.json,nathan-deal,true,0,speaker_disjoint_split,0,0.3489363275671915,0,0.38227498213373023
11567.json,ben-carson,false,1,speaker_disjoint_split,1,0.6438949273485653,1,0.6406834440152838
7221.json,john-kasich,half-true,0,speaker_disjoint_split,0,0.3483178798896519,0,0.41799553057146066
3867.json,john-kasich,false,1,speaker_disjoint_split,0,0.21216763085234625,0,0.23989274679252312
2398.json,ron-klein,false,1,speaker_disjoint_split,1,0.6693387617105294,1,0.6803621017311046
12138.json,joanne-kloppenburg,mostly-true,0,speaker_disjoint_split,1,0.6808399587219868,1,0.6849251587615477
2472.json,bob-hackworth,false,1,speaker_disjoint_split,0,0.44282984002243225,0,0.4182089203522394
2938.json,organizing-america,half-true,0,speaker_disjoint_split,0,0.4926234194322908,0,0.4271246632706066
11514.json,donald-trump,false,1,speaker_disjoint_split,0,0.4825873861604791,1,0.5075689165397279
3033.json,pat-mullins,true,0,speaker_disjoint_split,1,0.5511808569082038,1,0.5671465987583112
9660.json,charlie-crist,half-true,0,speaker_disjoint_split,0,0.4819350062610052,0,0.471426478036309
1253.json,blog-posting,mostly-true,0,speaker_disjoint_split,1,0.661189234482607,1,0.8054028153577647
13165.json,basil-seggos,false,1,speaker_disjoint_split,1,0.5966853819866154,1,0.5388209359949128
3874.json,charlotte-nash,barely-true,1,speaker_disjoint_split,0,0.42062318628085105,1,0.593630012353154
13491.json,javier-m-gonzales,half-true,0,speaker_disjoint_split,0,0.4373890436326323,1,0.5954105977496558
9710.json,greta-van-susteren,false,1,speaker_disjoint_split,1,0.5898430126004813,1,0.7151545471370897
2480.json,david-axelrod,half-true,0,speaker_disjoint_split,0,0.4523690609051371,0,0.3799565305128418
11331.json,scott-walker,half-true,0,speaker_disjoint_split,1,0.7557076156514768,1,0.754477423214788
6476.json,aclu-florida,false,1,speaker_disjoint_split,1,0.6546738102227091,1,0.734587259165358
7584.json,joe-barton,barely-true,1,speaker_disjoint_split,0,0.4480737545043445,0,0.4364076089478409
2207.json,john-mccain,half-true,0,speaker_disjoint_split,0,0.48702423199404243,0,0.422807719522786
11470.json,centers-disease-control,mostly-true,0,speaker_disjoint_split,0,0.19201767908892725,0,0.31244783825221323
6651.json,david-cicilline,barely-true,1,speaker_disjoint_split,1,0.5615285212621468,1,0.5010255521199607
11155.json,scott-walker,half-true,0,speaker_disjoint_split,0,0.3269459249922411,0,0.35497818737827486
9614.json,blog-posting,barely-true,1,speaker_disjoint_split,1,0.7554884797003576,1,0.8697566830999266
555.json,john-mccain,half-true,0,speaker_disjoint_split,1,0.5514593745546116,1,0.5301826870756451
10262.json,chuck-todd,true,0,speaker_disjoint_split,0,0.19886781316344518,0,0.262824281646857
9288.json,nathan-deal,mostly-true,0,speaker_disjoint_split,0,0.22386999179473263,0,0.1856956964543778
11253.json,donald-trump,false,1,speaker_disjoint_split,0,0.30107979490269277,0,0.3489495493558224
961.json,elijah-cummings,true,0,speaker_disjoint_split,0,0.4429878748695409,1,0.5214756432816727
11205.json,donald-trump,half-true,0,speaker_disjoint_split,1,0.5584747235373859,1,0.628417966601764
13253.json,donald-trump,barely-true,1,speaker_disjoint_split,0,0.499577920857956,1,0.589992448524766
13462.json,donald-trump,false,1,speaker_disjoint_split,1,0.5767776190180108,1,0.6522313521321178
11515.json,donald-trump,barely-true,1,speaker_disjoint_split,1,0.5506398341550781,1,0.6294426555520964
7000.json,diane-hurley,true,0,speaker_disjoint_split,0,0.3242187933857562,0,0.3136743344576074
2282.json,anthony-gemma,mostly-true,0,speaker_disjoint_split,0,0.43980309577399246,0,0.4265923965738893
503.json,john-mccain,true,0,speaker_disjoint_split,1,0.5125220346130608,0,0.4946611381280856
10174.json,charlie-crist,half-true,0,speaker_disjoint_split,0,0.49118360782171966,0,0.31866413845580815
5979.json,corey-stewart,barely-true,1,speaker_disjoint_split,1,0.5872807829206698,1,0.6027022834096804
10755.json,scott-walker,half-true,0,speaker_disjoint_split,0,0.4437422504105705,0,0.4424485794294264
6808.json,tim-kaine,mostly-true,0,speaker_disjoint_split,0,0.4647691997040594,0,0.4809166677862744
8659.json,blog-posting,pants-fire,1,speaker_disjoint_split,1,0.6358803891986831,1,0.7944399130749292
8417.json,louie-gohmert,barely-true,1,speaker_disjoint_split,0,0.31374509280006513,0,0.3138996841233019
4758.json,state-democratic-party-wisconsin,barely-true,1,speaker_disjoint_split,1,0.6375814366530085,1,0.638550399828466
12198.json,blog-posting,false,1,speaker_disjoint_split,1,0.6610169331223548,1,0.7750915621710464
12843.json,joe-biden,false,1,speaker_disjoint_split,1,0.6038973540364169,1,0.5297187812317873
118.json,john-mccain,true,0,speaker_disjoint_split,0,0.2625320459269115,0,0.3391897016123387
1706.json,bill-clinton,barely-true,1,speaker_disjoint_split,0,0.39326562806651255,0,0.3800339304800554
12018.json,bernie-s,barely-true,1,speaker_disjoint_split,1,0.5074141048727735,0,0.4999038457687418
1646.json,cliff-stearns,half-true,0,speaker_disjoint_split,0,0.4733788106985621,0,0.4386087055457861
3532.json,tim-kaine,half-true,0,speaker_disjoint_split,1,0.520487014298424,0,0.4501989248660695
3862.json,national-republican-congressional-committee,barely-true,1,speaker_disjoint_split,1,0.619780128010725,1,0.5951226407498114
5064.json,democratic-congressional-campaign-committee,false,1,speaker_disjoint_split,1,0.7024764622188139,1,0.7540466501258294
13156.json,donald-trump,barely-true,1,speaker_disjoint_split,0,0.4828811735741817,1,0.5070314470593289
11767.json,bernie-s,half-true,0,speaker_disjoint_split,1,0.6700031058634038,1,0.6441323276678468
2120.json,richard-cordray,half-true,0,speaker_disjoint_split,0,0.45140612609603786,0,0.4366034810568978
13422.json,richard-burr,mostly-true,0,speaker_disjoint_split,0,0.2613898351572871,0,0.33369543808007235
10719.json,nathan-deal,half-true,0,speaker_disjoint_split,0,0.49214372696207825,1,0.5004886221652038
12211.json,glenn-beck,true,0,speaker_disjoint_split,0,0.47613227683548665,1,0.5923574540144128
8796.json,nathan-deal,half-true,0,speaker_disjoint_split,0,0.40927501767967817,0,0.4191786110324723
12047.json,donald-trump,barely-true,1,speaker_disjoint_split,1,0.5446191093846303,1,0.5186460815152056
10194.json,bill-clinton,barely-true,1,speaker_disjoint_split,0,0.3493444879821053,0,0.30031570120794937
2941.json,blog-posting,false,1,speaker_disjoint_split,1,0.6993638863730381,1,0.7643292950395533
8751.json,scott-walker,false,1,speaker_disjoint_split,0,0.4329919945040168,0,0.499428022705371
12554.json,donald-trump,false,1,speaker_disjoint_split,1,0.5317092569521985,1,0.536528724205594
11962.json,donald-trump,pants-fire,1,speaker_disjoint_split,1,0.5394042913807039,1,0.6137171490851057
4895.json,david-axelrod,half-true,0,speaker_disjoint_split,1,0.6701046152948442,1,0.6485975273598403
12162.json,californians-lower-drug-prices,half-true,0,speaker_disjoint_split,0,0.3230694769394551,0,0.3031844479447511
3355.json,state-democratic-party-wisconsin,pants-fire,1,speaker_disjoint_split,1,0.596283356390109,1,0.6096464194316261
9796.json,rush-limbaugh,false,1,speaker_disjoint_split,1,0.6577963152822224,1,0.7096364314546802
1591.json,rush-limbaugh,pants-fire,1,speaker_disjoint_split,0,0.4622521811110147,1,0.5184342918320822
13137.json,donald-trump,false,1,speaker_disjoint_split,1,0.6763781901859665,1,0.6802821701547632
8696.json,scott-walker,false,1,speaker_disjoint_split,1,0.5501415295998999,1,0.5777481910277055
13183.json,tim-kaine,half-true,0,speaker_disjoint_split,0,0.39911540560003883,0,0.3472906925320457
12317.json,amy-schumer,half-true,0,speaker_disjoint_split,0,0.4023521795617821,0,0.4374860857983663
11002.json,scott-walker,mostly-true,0,speaker_disjoint_split,1,0.5903592264501691,1,0.5779658696471164
10459.json,rhode-island-center-freedom-and-prosperity,barely-true,1,speaker_disjoint_split,0,0.4315765023074647,0,0.39054582995152803
3457.json,ann-coulter,barely-true,1,speaker_disjoint_split,1,0.6416563501322885,1,0.7333993049305527
7172.json,scott-walker,pants-fire,1,speaker_disjoint_split,0,0.2670455016559481,0,0.2683111618152153
11247.json,donald-trump,false,1,speaker_disjoint_split,0,0.2878922508054247,0,0.3032618140407152
7248.json,national-republican-congressional-committee,true,0,speaker_disjoint_split,0,0.3966525041439858,0,0.36988911667112506
6670.json,cnsnews,false,1,speaker_disjoint_split,1,0.6126362531073586,1,0.5799514499403917
9982.json,jane-harman,false,1,speaker_disjoint_split,1,0.647753845534127,1,0.6099698884086402
6354.json,tim-kaine,mostly-true,0,speaker_disjoint_split,1,0.5103818265416527,0,0.45247986504642124
10369.json,chuck-todd,half-true,0,speaker_disjoint_split,0,0.44692888294686306,1,0.5138099281422431
7321.json,wayne-lapierre,half-true,0,speaker_disjoint_split,0,0.2919500370259132,0,0.32396708392397494
3797.json,amy-hanauer,true,0,speaker_disjoint_split,0,0.271144268876676,0,0.24773300682759383
13459.json,pat-robertson,pants-fire,1,speaker_disjoint_split,1,0.7348236366901681,1,0.6769218689708267
12869.json,richard-burr,half-true,0,speaker_disjoint_split,1,0.7676548192782996,1,0.8313899755887676
2730.json,nathan-deal-and-roy-barnes,pants-fire,1,speaker_disjoint_split,1,0.6669701125379865,1,0.6123064975897511
8416.json,gilberto-hinojosa,mostly-true,0,speaker_disjoint_split,1,0.5941514760530935,1,0.5697756972200703
10781.json,ben-carson,barely-true,1,speaker_disjoint_split,0,0.30292701356070695,0,0.3329876235802638
1079.json,rush-limbaugh,barely-true,1,speaker_disjoint_split,1,0.5868932329088709,1,0.635300895927744
10876.json,glenn-beck,barely-true,1,speaker_disjoint_split,0,0.26407821880201765,0,0.3689351857143465
10778.json,nation-islam-research-group,pants-fire,1,speaker_disjoint_split,1,0.7628036488307388,1,0.8148114816306308
8479.json,scott-walker,barely-true,1,speaker_disjoint_split,0,0.29158245767235536,0,0.3590199026331733
3589.json,saxby-chambliss,half-true,0,speaker_disjoint_split,0,0.4394021107919436,0,0.488308781117515
6065.json,jeff-fitzgerald,half-true,0,speaker_disjoint_split,0,0.44435261885791194,1,0.5040896198858391
4326.json,bob-ryan,mostly-true,0,speaker_disjoint_split,0,0.49718810156421495,1,0.5843735976662489
10701.json,bernie-s,mostly-true,0,speaker_disjoint_split,0,0.23030434580223524,0,0.23467739720010916
6382.json,national-republican-congressional-committee,false,1,speaker_disjoint_split,1,0.5809778528227963,1,0.5476978609207459
11927.json,gary-cobb,barely-true,1,speaker_disjoint_split,1,0.5013917182672591,1,0.5124753217828324
10615.json,scott-walker,half-true,0,speaker_disjoint_split,1,0.6041539303798921,1,0.6576220479725208
2295.json,nathan-deal,true,0,speaker_disjoint_split,1,0.6472169311860105,1,0.5659840086580965
417.json,john-mccain,false,1,speaker_disjoint_split,0,0.4541641023962782,1,0.5267511781190941
6286.json,rush-limbaugh,pants-fire,1,speaker_disjoint_split,1,0.6894673674434346,1,0.7074775265064702
6151.json,lamar-alexander,true,0,speaker_disjoint_split,0,0.3737011278578226,0,0.41625918966572917
8108.json,dan-patrick,barely-true,1,speaker_disjoint_split,1,0.6094932791526709,1,0.5329755919030592
2801.json,allen-alley,mostly-true,0,speaker_disjoint_split,0,0.2971939546294111,0,0.4203784443669989
8075.json,louie-gohmert,barely-true,1,speaker_disjoint_split,1,0.7234927731531453,1,0.6122775545200568
3850.json,janet-napolitano,half-true,0,speaker_disjoint_split,0,0.26331299719982887,0,0.23688594331450755
8612.json,saxby-chambliss,half-true,0,speaker_disjoint_split,0,0.34407033892787486,0,0.3608503216406017
2395.json,john-kasich,half-true,0,speaker_disjoint_split,0,0.3787113295982956,0,0.37571721435363237
11525.json,scott-walker,half-true,0,speaker_disjoint_split,0,0.36910527366780277,0,0.34856399072635064
11071.json,donald-trump,false,1,speaker_disjoint_split,0,0.49066080230060494,1,0.5155968753188639
1543.json,charlie-crist,barely-true,1,speaker_disjoint_split,0,0.3222174028522638,0,0.2598813164781135
10972.json,scott-walker,false,1,speaker_disjoint_split,1,0.5421696159513255,1,0.5147363053866352
11057.json,carly-fiorina,half-true,0,speaker_disjoint_split,1,0.5117039750641564,0,0.46755816065767575
11210.json,donald-trump,half-true,0,speaker_disjoint_split,0,0.4703045039616462,0,0.46870222665666494
6630.json,julian-castro,true,0,speaker_disjoint_split,0,0.4924023231879464,0,0.48794048743263424
9138.json,charlie-crist,mostly-true,0,speaker_disjoint_split,1,0.7118321027172426,1,0.7063386566892361
9406.json,claire-mccaskill,barely-true,1,speaker_disjoint_split,1,0.6236700519433201,1,0.6948094932735313
5011.json,restore-our-future,true,0,speaker_disjoint_split,1,0.6143982036721518,1,0.6506930760960811
11317.json,scott-walker,barely-true,1,speaker_disjoint_split,1,0.6396160485199164,1,0.6666864018490732
2703.json,nathan-deal,barely-true,1,speaker_disjoint_split,1,0.5970433317435606,1,0.6062899707308603
12193.json,new-day-america,false,1,speaker_disjoint_split,1,0.5554184910574824,1,0.5692191386363546
6635.json,joe-biden,half-true,0,speaker_disjoint_split,1,0.5518040136379035,1,0.5089901212715525
4276.json,jon-huntsman,mostly-true,0,speaker_disjoint_split,1,0.5171323099877844,0,0.4564052005794591
12759.json,donald-trump,pants-fire,1,speaker_disjoint_split,1,0.617268318399008,1,0.5867887573557368
2345.json,kevin-boyce,pants-fire,1,speaker_disjoint_split,0,0.3665499832678096,0,0.38886329128229474
10070.json,donald-trump,pants-fire,1,speaker_disjoint_split,1,0.6010822776672341,1,0.5467415883613658
3837.json,sam-adams,false,1,speaker_disjoint_split,1,0.5212777051194745,0,0.33940134160343804
2396.json,julie-lassa,half-true,0,speaker_disjoint_split,0,0.27438549877978674,0,0.3228485452401177
7349.json,dan-becker,false,1,speaker_disjoint_split,0,0.33196586958100577,0,0.29281739373044235
8228.json,debbie-wasserman-schultz,mostly-true,0,speaker_disjoint_split,1,0.6698099662277185,1,0.7349805582365264
7683.json,louie-gohmert,false,1,speaker_disjoint_split,1,0.7585768702777747,1,0.7379783286138109
10602.json,state-democratic-party-wisconsin,false,1,speaker_disjoint_split,1,0.8002377948931506,1,0.7517834472955421
2146.json,gordon-quan,half-true,0,speaker_disjoint_split,0,0.45427232239912063,1,0.5065221271188883
1560.json,glenn-beck,true,0,speaker_disjoint_split,0,0.498120081663615,1,0.5726370663330935
9885.json,charlie-crist,mostly-true,0,speaker_disjoint_split,1,0.623934802527145,1,0.5196757316431316
9619.json,whoopi-goldberg,barely-true,1,speaker_disjoint_split,1,0.6169083890503066,1,0.5531780139344284
8704.json,bill-kristol,mostly-true,0,speaker_disjoint_split,1,0.5122948660689925,1,0.5051106046577716
10840.json,donald-trump,half-true,0,speaker_disjoint_split,0,0.44061459499303596,0,0.4591001958461622
10989.json,ann-coulter,pants-fire,1,speaker_disjoint_split,1,0.6547245592066895,1,0.6384407936449419
9987.json,charlie-crist,false,1,speaker_disjoint_split,1,0.7229963057469179,1,0.6831578675302108
8643.json,scott-walker,false,1,speaker_disjoint_split,1,0.503014236911833,1,0.5714528607820857
13234.json,donald-trump,mostly-true,0,speaker_disjoint_split,0,0.3900233044719128,0,0.38470809577776277
10317.json,matthew-cooke,barely-true,1,speaker_disjoint_split,0,0.3319822866849924,0,0.3845735849952639
12839.json,donald-trump,pants-fire,1,speaker_disjoint_split,1,0.6515795984028057,1,0.6871011842937816
6103.json,nathan-deal,false,1,speaker_disjoint_split,1,0.7211031262884411,1,0.69214201552985
12988.json,donald-trump,mostly-true,0,speaker_disjoint_split,0,0.4877898169825467,0,0.45507400143574916
569.json,john-mccain,half-true,0,speaker_disjoint_split,1,0.5688291565224893,1,0.5821912148315431
6137.json,michael-chippendale,true,0,speaker_disjoint_split,0,0.19142528753486582,0,0.15508229470421364
13300.json,donald-trump,half-true,0,speaker_disjoint_split,1,0.7445231707764416,1,0.7591718358883427
13431.json,tim-kaine,true,0,speaker_disjoint_split,1,0.6822587659943935,1,0.6274441832696048
1587.json,citizens-lower-taxes-and-stronger-economy,half-true,0,speaker_disjoint_split,0,0.49767899140732863,0,0.35366854044828433
9297.json,madison-action-fund,pants-fire,1,speaker_disjoint_split,1,0.5769223035572311,1,0.5339523914483043
12955.json,club-growth,half-true,0,speaker_disjoint_split,0,0.36148542700774233,0,0.4384009424086227
8943.json,brad-avakian,mostly-true,0,speaker_disjoint_split,0,0.4326205580060371,1,0.5178005399058515
10204.json,breitbart,pants-fire,1,speaker_disjoint_split,1,0.650697569132469,1,0.6311776447069706
12256.json,bernie-s,barely-true,1,speaker_disjoint_split,0,0.29939852242037696,0,0.2574551245452873
12428.json,donald-trump,pants-fire,1,speaker_disjoint_split,0,0.4247158856507756,0,0.4521871420463419
1491.json,joe-biden,mostly-true,0,speaker_disjoint_split,0,0.3308533701439111,0,0.31285024676429046
11578.json,bernie-s,barely-true,1,speaker_disjoint_split,0,0.29509721481734247,0,0.24029794172420543
6806.json,our-portland-our-schools,half-true,0,speaker_disjoint_split,1,0.6982736582493821,1,0.741269367486438
3689.json,dick-armey,false,1,speaker_disjoint_split,0,0.3314231250681328,0,0.37542020888888356
8874.json,bill-oreilly,barely-true,1,speaker_disjoint_split,1,0.595328113916448,1,0.7254290451813946
10082.json,charlie-crist,half-true,0,speaker_disjoint_split,0,0.3920027094298605,0,0.3388188318705582
6288.json,jeff-fitzgerald,pants-fire,1,speaker_disjoint_split,1,0.6974166646178018,1,0.7275289186550387
2807.json,state-democratic-party-wisconsin,barely-true,1,speaker_disjoint_split,1,0.7540119099556658,1,0.7333660447352678
11377.json,ora-houston,false,1,speaker_disjoint_split,1,0.6604700829084812,0,0.4800994706043313
3892.json,janice-hahn,true,0,speaker_disjoint_split,1,0.8086111269448748,1,0.8952627355970887
7657.json,lenny-curry,half-true,0,speaker_disjoint_split,0,0.2582629045002549,0,0.2557417075818603
11349.json,scott-walker,false,1,speaker_disjoint_split,1,0.6852416444797446,1,0.7217336636231901
11292.json,david-cicilline,half-true,0,speaker_disjoint_split,0,0.4944326684839352,0,0.45932098590494774
13319.json,donald-trump,half-true,0,speaker_disjoint_split,1,0.5753982868617876,1,0.6106899209508098
6124.json,democratic-congressional-campaign-committee,false,1,speaker_disjoint_split,1,0.8344159025918393,1,0.8557169512364803
8970.json,blog-posting,pants-fire,1,speaker_disjoint_split,1,0.5493302221587996,1,0.7753279910261867
12353.json,donald-trump,false,1,speaker_disjoint_split,0,0.25871249608903696,0,0.2506783446091479
4144.json,club-growth,true,0,speaker_disjoint_split,1,0.5593156365232215,1,0.5491564423408082
8085.json,don-lemon,true,0,speaker_disjoint_split,0,0.23669168748590955,0,0.22739428621679764
2325.json,nathan-deal,half-true,0,speaker_disjoint_split,0,0.4734339257116404,0,0.47630800355863256
12850.json,donald-trump,mostly-true,0,speaker_disjoint_split,0,0.4368232553147649,1,0.5003126824218541
5781.json,ron-oakley,barely-true,1,speaker_disjoint_split,0,0.4829091491383605,1,0.6998243387072165
7443.json,ohio-republican-party,mostly-true,0,speaker_disjoint_split,1,0.5429985435445117,1,0.6468597286686589
11522.json,donald-trump,false,1,speaker_disjoint_split,1,0.5813195570419385,1,0.5919592172128071
10182.json,david-cicilline,true,0,speaker_disjoint_split,0,0.19889061161197125,0,0.16198261687846144
12378.json,solar-energy-fairness,half-true,0,speaker_disjoint_split,1,0.7589281447481419,1,0.6096160087164592
2361.json,democratic-congressional-campaign-committee,pants-fire,1,speaker_disjoint_split,1,0.6744054277545338,1,0.6954315538529571
13097.json,john-mccain,half-true,0,speaker_disjoint_split,1,0.6683492232494351,1,0.7139634965317011
6446.json,multnomah-county-library-foundation,false,1,speaker_disjoint_split,1,0.6212662138082454,1,0.5358425444792532
12880.json,donald-trump,false,1,speaker_disjoint_split,0,0.3261919161255742,0,0.37101721667113724
5427.json,scott-walker,true,0,speaker_disjoint_split,1,0.6820974615336243,1,0.7046330580150197
12804.json,tim-kaine,half-true,0,speaker_disjoint_split,0,0.3313782182326243,0,0.23420051474025863
8415.json,bill-foster,mostly-true,0,speaker_disjoint_split,0,0.4484141052970168,0,0.412523006692849
7397.json,brian-patrick-kennedy,barely-true,1,speaker_disjoint_split,1,0.6459924569569822,1,0.6117523860138564
6248.json,democratic-congressional-campaign-committee,pants-fire,1,speaker_disjoint_split,1,0.6910074457631579,1,0.7507969653433286
11950.json,bill-clinton,pants-fire,1,speaker_disjoint_split,1,0.6672037924157426,1,0.6366628854888107
5939.json,jeff-fitzgerald,mostly-true,0,speaker_disjoint_split,1,0.5489877733074859,1,0.5516261123275168
10455.json,scott-walker,half-true,0,speaker_disjoint_split,0,0.44437915231609115,0,0.39483651450666607
12422.json,george-holding,half-true,0,speaker_disjoint_split,1,0.5983336387485972,1,0.5090872319564673
2943.json,bernie-s,true,0,speaker_disjoint_split,0,0.12426288402576435,0,0.1133098968935544
2696.json,scott-walker,barely-true,1,speaker_disjoint_split,1,0.6079712240396511,1,0.5667515269477214
8906.json,sly-james,false,1,speaker_disjoint_split,0,0.4787638798905658,0,0.36255278000691216
13032.json,donald-trump,barely-true,1,speaker_disjoint_split,1,0.5952666181254787,1,0.551414034904721
12114.json,gina-hinojosa,mostly-true,0,speaker_disjoint_split,0,0.2627039338064274,0,0.20261662878228553
4021.json,stephen-sweeney,true,0,speaker_disjoint_split,0,0.48887794417901687,1,0.5368060143220508
2558.json,hank-gilbert,true,0,speaker_disjoint_split,0,0.431097958846776,0,0.3366668145088728
1045.json,bill-oreilly,false,1,speaker_disjoint_split,1,0.6926217018207572,1,0.7920463312111236
1885.json,glenn-beck,half-true,0,speaker_disjoint_split,1,0.6080287060575211,1,0.6118522903960244
9866.json,bob-beckel,false,1,speaker_disjoint_split,0,0.18006727799891115,0,0.22674424378622107
2240.json,john-kasich,false,1,speaker_disjoint_split,1,0.5005132890934559,1,0.553444328212414
11350.json,ben-carson,barely-true,1,speaker_disjoint_split,1,0.5292651777933404,1,0.505891590253741
8947.json,republican-party-florida,barely-true,1,speaker_disjoint_split,1,0.6868465894154698,1,0.6288469395673741
22.json,joe-biden,mostly-true,0,speaker_disjoint_split,0,0.24704030606393004,0,0.2304282257250734
13327.json,gary-johnson,half-true,0,speaker_disjoint_split,0,0.47832266240570126,0,0.4563301827899639
9909.json,dan-patrick,pants-fire,1,speaker_disjoint_split,1,0.6619855991031252,1,0.6094402441633078
11164.json,donald-trump,pants-fire,1,speaker_disjoint_split,1,0.6341057575172228,1,0.6458307928221987
7873.json,bob-gibbs,mostly-true,0,speaker_disjoint_split,1,0.6721171501816319,1,0.6642966764100943
11144.json,donald-trump,false,1,speaker_disjoint_split,0,0.4434553065461916,0,0.49115500249516086
2110.json,yvette-mcgee-brown,true,0,speaker_disjoint_split,0,0.21857085638050716,0,0.24859540001647368
8965.json,richard-durbin,pants-fire,1,speaker_disjoint_split,0,0.36599259731038164,0,0.3444616228905672
2985.json,john-mccain,true,0,speaker_disjoint_split,1,0.6382874087451557,1,0.6416291183306411
4286.json,democratic-congressional-campaign-committee,false,1,speaker_disjoint_split,1,0.6582299670449543,1,0.7321648215965951
4447.json,hetty-rosenstein,half-true,0,speaker_disjoint_split,0,0.4309441908026798,1,0.7033670970591881
11566.json,carly-fiorina,half-true,0,speaker_disjoint_split,1,0.586603878571198,1,0.5248540417770624
8824.json,ann-coulter,half-true,0,speaker_disjoint_split,1,0.639652260345607,1,0.692457084061856
453.json,john-mccain,half-true,0,speaker_disjoint_split,0,0.485001805035807,1,0.5025153627980138
9748.json,blog-posting,pants-fire,1,speaker_disjoint_split,1,0.7515979021337571,1,0.8736537667579946
8703.json,glenn-beck,mostly-true,0,speaker_disjoint_split,1,0.6348687687114819,1,0.6175977476456113
13378.json,chris-malone,pants-fire,1,speaker_disjoint_split,1,0.5036563517400084,1,0.5312940134200019
920.json,national-republican-congressional-committee,mostly-true,0,speaker_disjoint_split,1,0.6320760885883105,1,0.6712838167818694
8615.json,charlie-crist,mostly-true,0,speaker_disjoint_split,1,0.6859062928479394,1,0.636074786380202
1820.json,michael-steele,true,0,speaker_disjoint_split,0,0.4119075604759019,0,0.3366429949390153
8204.json,kathleen-vinehout,half-true,0,speaker_disjoint_split,1,0.5266592600949043,1,0.5686941434030875
7332.json,keith-faber,half-true,0,speaker_disjoint_split,0,0.21463199002583153,0,0.21243335300069469
2672.json,scott-walker,barely-true,1,speaker_disjoint_split,1,0.5227818232405762,1,0.5217152484552332
4402.json,democratic-congressional-campaign-committee,barely-true,1,speaker_disjoint_split,1,0.667103848248661,1,0.7022384345898076
10513.json,lori-haas,half-true,0,speaker_disjoint_split,0,0.2840402542400948,0,0.22159695244323618
11399.json,club-growth,true,0,speaker_disjoint_split,1,0.6252396840250778,1,0.6046925452309146
8903.json,charlie-crist,false,1,speaker_disjoint_split,1,0.6212773831532947,1,0.5321596454739336
3599.json,joaquin-castro,barely-true,1,speaker_disjoint_split,1,0.6758669887291353,1,0.6568158990345062
1895.json,florida-first-initiative,barely-true,1,speaker_disjoint_split,1,0.6518727555693883,1,0.6407299925469114
10353.json,naha-daily,pants-fire,1,speaker_disjoint_split,1,0.6307855154519454,0,0.4726605112551978
8765.json,carly-fiorina,false,1,speaker_disjoint_split,0,0.30585582812854584,0,0.2836857091441863
7422.json,wayne-lapierre,barely-true,1,speaker_disjoint_split,1,0.6015025091895233,1,0.6044737246061913
12022.json,bernie-s,false,1,speaker_disjoint_split,1,0.5754815870112555,1,0.5710174220495957
613.json,john-mccain,mostly-true,0,speaker_disjoint_split,0,0.42805090630849624,0,0.49780732917284476
6481.json,national-republican-congressional-committee,pants-fire,1,speaker_disjoint_split,1,0.693182741449705,1,0.7158327092606076
573.json,john-mccain,false,1,speaker_disjoint_split,0,0.42180133908779016,0,0.4434176586290011
822.json,republican-party-florida,false,1,speaker_disjoint_split,1,0.5270643325460592,0,0.4099560621833433
12560.json,donald-trump,pants-fire,1,speaker_disjoint_split,1,0.5212997857579139,0,0.4520576121776808
12743.json,donald-trump,barely-true,1,speaker_disjoint_split,0,0.4702232084913655,0,0.432632657326001
1377.json,hank-gilbert,half-true,0,speaker_disjoint_split,1,0.6683198015378085,0,0.49831492609268396
9605.json,angel-taveras,mostly-true,0,speaker_disjoint_split,1,0.6039859984771033,1,0.5997911941341612
13149.json,donald-trump,barely-true,1,speaker_disjoint_split,1,0.6378074020378954,1,0.579724806681697
10233.json,enough-already-wisconsin-inc,false,1,speaker_disjoint_split,1,0.6737118640512593,1,0.6110944412518041
164.json,bill-richardson,half-true,0,speaker_disjoint_split,1,0.573416798700426,0,0.49852408451339747
551.json,ralph-nader,true,0,speaker_disjoint_split,1,0.5635143134823565,1,0.5233465545820343
10566.json,texas-democratic-party,mostly-true,0,speaker_disjoint_split,0,0.4906273121819443,1,0.6649604337626628
11315.json,donald-trump,mostly-true,0,speaker_disjoint_split,0,0.4664293351359046,0,0.421439706243351
4551.json,john-fleming,false,1,speaker_disjoint_split,1,0.6487904572848059,1,0.5500354967512407
6394.json,steve-doell,mostly-true,0,speaker_disjoint_split,0,0.40629148559541384,0,0.3908624423967083
4449.json,valerie-vainieri-huttle,barely-true,1,speaker_disjoint_split,0,0.4730948099419522,0,0.4046229036737917
7500.json,national-republican-congressional-committee,pants-fire,1,speaker_disjoint_split,1,0.6264962665813281,1,0.6529892677035855
10044.json,scott-walker,false,1,speaker_disjoint_split,0,0.3573314853450681,0,0.3839756312731944
10161.json,dan-patrick,barely-true,1,speaker_disjoint_split,1,0.6847930817104672,1,0.5752780339966691
9926.json,lois-frankel,pants-fire,1,speaker_disjoint_split,1,0.6380482657609353,1,0.6687419572117056
7489.json,debbie-wasserman-schultz,true,0,speaker_disjoint_split,1,0.5585456604755552,1,0.5442095108279817
13389.json,michelle-mosby,half-true,0,speaker_disjoint_split,1,0.5865093114437869,1,0.5361867356347094
1159.json,rush-limbaugh,pants-fire,1,speaker_disjoint_split,1,0.6862765835904263,1,0.7403297947017218
4464.json,ted-piccolo,false,1,speaker_disjoint_split,1,0.6438453336788497,1,0.7159609465946655
719.json,john-mccain,false,1,speaker_disjoint_split,1,0.5419600566900786,1,0.578705491302427
11460.json,dan-patrick,pants-fire,1,speaker_disjoint_split,1,0.6207601707974862,1,0.5561315777540327
5889.json,scott-walker,barely-true,1,speaker_disjoint_split,1,0.6098588778995586,1,0.6281108652840615
798.json,john-mccain,half-true,0,speaker_disjoint_split,1,0.7104227543838134,1,0.7026844668007485
1366.json,karl-rove,mostly-true,0,speaker_disjoint_split,0,0.4967172301859851,1,0.5142767260888905
2397.json,national-republican-congressional-committee,barely-true,1,speaker_disjoint_split,1,0.6311765105719946,1,0.58956509176978
12206.json,bill-clinton,barely-true,1,speaker_disjoint_split,0,0.40957857709247875,0,0.34722192196785184
13404.json,donald-trump,false,1,speaker_disjoint_split,1,0.7585584179357759,1,0.7539908580628493
710.json,john-mccain,barely-true,1,speaker_disjoint_split,0,0.42900656379737584,0,0.4801937824922713
1882.json,nathan-deal,mostly-true,0,speaker_disjoint_split,1,0.6258091706465412,1,0.6370904254099304
1548.json,charlie-crist,barely-true,1,speaker_disjoint_split,0,0.41680826604110954,0,0.3066056408081644
1643.json,charlie-crist,true,0,speaker_disjoint_split,1,0.5787289679849354,0,0.4539189448755383
10590.json,scott-walker,false,1,speaker_disjoint_split,0,0.498728806795783,1,0.5189019446584284
6048.json,bill-clinton,mostly-true,0,speaker_disjoint_split,0,0.2549934583242997,0,0.2526785373352071
8380.json,chris-latvala,true,0,speaker_disjoint_split,0,0.4566375890263339,0,0.38817966781886076
3392.json,john-mccain,false,1,speaker_disjoint_split,1,0.7206360440777814,1,0.6985835674772957
12915.json,gary-johnson,barely-true,1,speaker_disjoint_split,0,0.24004275599473268,0,0.20587625586467004
2093.json,joe-biden,true,0,speaker_disjoint_split,1,0.640037689423124,1,0.5587241192460306
12658.json,donald-trump,mostly-true,0,speaker_disjoint_split,0,0.29115173319510057,0,0.3406903526916952
1625.json,charlie-crist,half-true,0,speaker_disjoint_split,0,0.44508791963264444,0,0.44516697703168095
9275.json,wilton-gregory,mostly-true,0,speaker_disjoint_split,0,0.37716464936240474,1,0.7070638870076856
1459.json,ron-paul,barely-true,1,speaker_disjoint_split,0,0.466129988687053,0,0.46996313715218185
10267.json,tim-kaine,mostly-true,0,speaker_disjoint_split,0,0.44800109823029793,0,0.40315522296958756
9496.json,joe-biden,half-true,0,speaker_disjoint_split,1,0.5044607134835749,0,0.4757806230652395
5943.json,beth-harwell,half-true,0,speaker_disjoint_split,0,0.4310862820629718,1,0.558500681300926
10850.json,megyn-kelly,half-true,0,speaker_disjoint_split,1,0.609571692608484,0,0.3713605376449012
11390.json,ben-carson,false,1,speaker_disjoint_split,1,0.8423206635422134,1,0.8481653040499124
6819.json,ann-coulter,false,1,speaker_disjoint_split,1,0.5355900568091488,1,0.5072163506536553
4290.json,sam-olens,true,0,speaker_disjoint_split,1,0.5570872154454068,1,0.5656589980762144
13492.json,donald-trump,pants-fire,1,speaker_disjoint_split,0,0.3838491515193296,0,0.41187933315179104
7595.json,mark-kelly,true,0,speaker_disjoint_split,0,0.397955620039737,0,0.3619027446368527
9563.json,scott-walker,mostly-true,0,speaker_disjoint_split,0,0.35108840693201426,0,0.42466883639869435
8641.json,james-carville,mostly-true,0,speaker_disjoint_split,0,0.39869755801544526,0,0.2597385911715759
5261.json,scott-walker,half-true,0,speaker_disjoint_split,0,0.3240955082046179,0,0.32086192875630787
2780.json,robert-brown,true,0,speaker_disjoint_split,1,0.5528818888558741,0,0.49311765995630136
2996.json,louie-gohmert,false,1,speaker_disjoint_split,1,0.679884513931711,1,0.5618046825092027
13394.json,donald-trump,half-true,0,speaker_disjoint_split,0,0.3562149342085445,0,0.4029212903592189
3335.json,scott-walker,true,0,speaker_disjoint_split,0,0.494192042867191,0,0.4853427049786821
8940.json,lauren-kane,half-true,0,speaker_disjoint_split,1,0.6202656516152948,1,0.6951145455501035
12352.json,donald-trump,false,1,speaker_disjoint_split,1,0.5097920993476093,0,0.492794804411374
13263.json,bernie-s,half-true,0,speaker_disjoint_split,1,0.6446562668148766,1,0.5949023012710943
12622.json,michael-cohen,pants-fire,1,speaker_disjoint_split,1,0.5816118942076207,1,0.6835419221491297
3675.json,jon-husted,pants-fire,1,speaker_disjoint_split,0,0.35122870821621893,0,0.33490863881060057
12907.json,tim-kaine,half-true,0,speaker_disjoint_split,1,0.7013052448165745,1,0.6352471754630398
11627.json,bernie-s,true,0,speaker_disjoint_split,1,0.7023802491947644,1,0.6679896095069815
10960.json,breitbart,pants-fire,1,speaker_disjoint_split,1,0.7480230802568872,1,0.7844603680631542
3965.json,chris-widener,barely-true,1,speaker_disjoint_split,1,0.5362881762853368,1,0.6157123361150129
12905.json,donald-trump,half-true,0,speaker_disjoint_split,1,0.6078606024365142,1,0.5988851542586805
1221.json,patients-first,barely-true,1,speaker_disjoint_split,1,0.5872493124520771,1,0.5841476206146904
11520.json,ben-carson,false,1,speaker_disjoint_split,1,0.5219564064571317,1,0.5226032827993318
8048.json,bill-foster,mostly-true,0,speaker_disjoint_split,0,0.3819827946224743,0,0.2647907238357091
7854.json,national-republican-congressional-committee,barely-true,1,speaker_disjoint_split,1,0.846851608604776,1,0.852070633397164
3592.json,online-petition,mostly-true,0,speaker_disjoint_split,0,0.4858242594980977,1,0.5280018567396948
13259.json,national-republican-congressional-committee,mostly-true,0,speaker_disjoint_split,1,0.6020287389077978,0,0.49139220791060734
5232.json,ohio-republican-party,true,0,speaker_disjoint_split,1,0.5112789743486155,1,0.7048095536131337
13240.json,donald-trump,false,1,speaker_disjoint_split,1,0.5946494549428752,1,0.6075382117458726
4334.json,donna-brazile,mostly-true,0,speaker_disjoint_split,0,0.32111928203506,0,0.3060387554152916
4493.json,gary-johnson,false,1,speaker_disjoint_split,1,0.5533427127261481,1,0.567968967162564
4906.json,scott-walker,false,1,speaker_disjoint_split,0,0.44930609067961674,0,0.43191636530378735
13261.json,donald-trump,pants-fire,1,speaker_disjoint_split,0,0.48454649099156566,1,0.5460088678291407
1137.json,david-axelrod,mostly-true,0,speaker_disjoint_split,1,0.6889475439427805,1,0.6086880626350939
1413.json,joe-biden,false,1,speaker_disjoint_split,0,0.3575321121260861,0,0.22765038687301148
838.json,john-mccain,half-true,0,speaker_disjoint_split,1,0.5925290399036522,1,0.6147358692364686
12674.json,mike-turzai,half-true,0,speaker_disjoint_split,0,0.44448592021081723,0,0.49064422340359376
13212.json,donald-trump,mostly-true,0,speaker_disjoint_split,0,0.41875845787723703,0,0.4313719235050321
3964.json,michael-cutler,true,0,speaker_disjoint_split,1,0.6525491494668274,1,0.6263714917395043
6920.json,joe-biden,half-true,0,speaker_disjoint_split,0,0.3531594486971839,0,0.33330095513556524
11756.json,donald-trump,false,1,speaker_disjoint_split,0,0.3792096448233025,0,0.43524352918197234
9817.json,republican-party-florida,half-true,0,speaker_disjoint_split,1,0.6332063289892743,1,0.5763254747144814
11039.json,bernie-s,barely-true,1,speaker_disjoint_split,0,0.24537875420002064,0,0.21349977185144878
2007.json,john-mccain,barely-true,1,speaker_disjoint_split,1,0.5370760159770858,1,0.6019809806808374
12513.json,donald-trump,mostly-true,0,speaker_disjoint_split,0,0.4474508134873315,0,0.422028755882357
3294.json,scott-walker,false,1,speaker_disjoint_split,0,0.4802877272046304,0,0.48911025031962496
13111.json,donald-trump,half-true,0,speaker_disjoint_split,0,0.3220028168996855,0,0.3267476275511772
3729.json,nina-turner,true,0,speaker_disjoint_split,1,0.5899910116218773,0,0.48535933382589164
1249.json,jay-rockefeller,half-true,0,speaker_disjoint_split,0,0.17768810547386965,0,0.1464104883507526
9505.json,scott-walker,false,1,speaker_disjoint_split,1,0.6154678678431528,1,0.6101943800447002
13257.json,katherine-cloonen,pants-fire,1,speaker_disjoint_split,1,0.6456754453730623,1,0.8139058520115359
5154.json,restore-our-future,half-true,0,speaker_disjoint_split,0,0.4623462888243936,0,0.4533678600484735
4620.json,david-axelrod,mostly-true,0,speaker_disjoint_split,1,0.5020911150837155,0,0.46990307793367
12124.json,bill-clinton,mostly-true,0,speaker_disjoint_split,0,0.41126531124526033,0,0.41177729367265903
12053.json,donald-trump,false,1,speaker_disjoint_split,0,0.3732866079418004,0,0.3847047709849081
11378.json,carly-fiorina,mostly-true,0,speaker_disjoint_split,0,0.46378598113932223,0,0.4192198593613501
3630.json,state-democratic-party-wisconsin,false,1,speaker_disjoint_split,1,0.8077602632687224,1,0.7821365697436017
12944.json,tim-kaine,true,0,speaker_disjoint_split,0,0.30435519057506316,0,0.3066779662831729
7682.json,texas-state-employees-union,true,0,speaker_disjoint_split,0,0.38873323882831023,0,0.38914352022156085
12302.json,shawn-oconnor,pants-fire,1,speaker_disjoint_split,1,0.617242086791458,1,0.8122987093427539
4154.json,victoria-jackson,pants-fire,1,speaker_disjoint_split,1,0.5698144825558364,1,0.5641454387637287
11204.json,ben-carson,half-true,0,speaker_disjoint_split,1,0.5185711944693208,1,0.5927466567288316
8802.json,scott-walker,mostly-true,0,speaker_disjoint_split,0,0.23825449987030886,0,0.2802331249735611
557.json,john-mccain,false,1,speaker_disjoint_split,1,0.6605706321295463,1,0.7209406113504929
7513.json,bob-bennett,mostly-true,0,speaker_disjoint_split,0,0.36167162218942017,0,0.3812433922350359
5366.json,stephen-sweeney,false,1,speaker_disjoint_split,0,0.46870866571994413,0,0.4203744905808369
12782.json,bill-clinton,mostly-true,0,speaker_disjoint_split,1,0.6882299839867585,1,0.6760002930010653
12491.json,donald-trump,barely-true,1,speaker_disjoint_split,1,0.7638457407689074,1,0.6470979981093441
7576.json,charles-cooper,half-true,0,speaker_disjoint_split,0,0.46489066340471213,0,0.3816268767389759
134.json,john-mccain,true,0,speaker_disjoint_split,1,0.593829638752186,1,0.640069979257129
9173.json,nathan-deal,half-true,0,speaker_disjoint_split,1,0.5353515015898102,1,0.5447530641635892
988.json,keith-olbermann,mostly-true,0,speaker_disjoint_split,1,0.6335457826384724,1,0.6853095108757448
11225.json,ben-carson,half-true,0,speaker_disjoint_split,1,0.5739096356228051,1,0.5429440598787052
619.json,john-mccain,false,1,speaker_disjoint_split,1,0.6701710723263316,1,0.6518755082916635
9159.json,republican-party-florida,mostly-true,0,speaker_disjoint_split,1,0.514711636878245,0,0.4364667690911115
12339.json,pat-mccrory,pants-fire,1,speaker_disjoint_split,1,0.5653845747158694,1,0.504192818480897
11800.json,glenn-beck,true,0,speaker_disjoint_split,0,0.40427901237980796,1,0.5370166561292946
13497.json,donald-trump,pants-fire,1,speaker_disjoint_split,1,0.7481517781407445,1,0.7369232034150998
7265.json,scott-walker,half-true,0,speaker_disjoint_split,1,0.5640725648679945,1,0.5733145753796643
11700.json,donald-trump,false,1,speaker_disjoint_split,0,0.42749830764405317,0,0.4649170504023844
6111.json,debbie-wasserman-schultz,false,1,speaker_disjoint_split,1,0.5483797636823716,1,0.6119711555050964
5133.json,marsha-blackburn,barely-true,1,speaker_disjoint_split,1,0.7707600578322209,1,0.7075987559868775
334.json,john-mccain,mostly-true,0,speaker_disjoint_split,1,0.5224021628930849,1,0.5563957153694729
7365.json,david-cicilline,half-true,0,speaker_disjoint_split,0,0.22053015036474805,0,0.14888601693083225
943.json,john-mccain,true,0,speaker_disjoint_split,0,0.4489772112744702,0,0.4596073268180257
5675.json,republican-governors-association,barely-true,1,speaker_disjoint_split,0,0.44684031159029186,0,0.41262369518998093
12566.json,donald-trump,false,1,speaker_disjoint_split,1,0.7407822960599268,1,0.7877753695565629
12308.json,donald-trump,half-true,0,speaker_disjoint_split,1,0.5370022749434882,1,0.5562636491554859
2239.json,john-stemberger,false,1,speaker_disjoint_split,1,0.6843955133000627,1,0.5627869368057754
11451.json,elton-john,mostly-true,0,speaker_disjoint_split,1,0.6033220663435455,1,0.6204276254372633
1401.json,debra-medina,half-true,0,speaker_disjoint_split,1,0.5137464252748635,1,0.6330620797976998
1611.json,bob-schieffer,false,1,speaker_disjoint_split,1,0.5270144794149969,0,0.4409640793556365
5157.json,judy-manning,pants-fire,1,speaker_disjoint_split,0,0.2980239135205615,0,0.22410012553399572
2408.json,republican-governors-association,barely-true,1,speaker_disjoint_split,0,0.40460274364206117,0,0.35859819711211294
671.json,joe-biden,true,0,speaker_disjoint_split,0,0.44429923662203563,0,0.38626029655808547
7277.json,bernie-s,barely-true,1,speaker_disjoint_split,0,0.35453131117243486,0,0.29754891675415074
10118.json,charlie-crist,false,1,speaker_disjoint_split,1,0.6885467959060605,1,0.6918861088678651
12228.json,jan-brewer,barely-true,1,speaker_disjoint_split,1,0.7145819504106115,1,0.7984471247036365
11771.json,bernie-s,barely-true,1,speaker_disjoint_split,1,0.6571552129581719,1,0.7000200739132847
12281.json,unbreakable-kimmy-schmidt,false,1,speaker_disjoint_split,1,0.6762192374369577,1,0.8485370035132548
10169.json,color-change,barely-true,1,speaker_disjoint_split,1,0.7034413294158741,1,0.7167142602289901
914.json,joe-barton,true,0,speaker_disjoint_split,1,0.5506289508507258,0,0.48403862348792637
286.json,john-mccain,half-true,0,speaker_disjoint_split,0,0.3757535982646631,0,0.4144980489455033
780.json,john-mccain,true,0,speaker_disjoint_split,1,0.6421599654959662,1,0.6869732901262908
4637.json,stephen-sweeney,half-true,0,speaker_disjoint_split,1,0.5385518383424646,1,0.5575999962264419
9340.json,campaign-liberty,barely-true,1,speaker_disjoint_split,1,0.766296687053013,1,0.8276555068764161
7102.json,lamar-alexander,false,1,speaker_disjoint_split,0,0.2261479470786426,0,0.18884109043311767
3269.json,lynn-westmoreland,half-true,0,speaker_disjoint_split,1,0.711810401365069,1,0.6497072178621157
3487.json,karl-rove,false,1,speaker_disjoint_split,0,0.4686627357524984,1,0.5085157317535685
7460.json,nancy-devaney,mostly-true,0,speaker_disjoint_split,0,0.32619645688820814,0,0.26073510838884495
6050.json,nathan-deal,false,1,speaker_disjoint_split,1,0.6484422829213405,1,0.6204584980083709
11319.json,ben-carson,pants-fire,1,speaker_disjoint_split,1,0.5347587662804086,1,0.5744793652083273
11085.json,donald-trump,false,1,speaker_disjoint_split,1,0.5752965641569722,1,0.555670457518529
2213.json,kevin-boyce,true,0,speaker_disjoint_split,1,0.5750348918579645,1,0.5409692119948063
5722.json,susan-combs,pants-fire,1,speaker_disjoint_split,1,0.544850352873417,1,0.6636643103985524
12242.json,bernie-s,mostly-true,0,speaker_disjoint_split,1,0.5247393565468232,1,0.5025294254594722
7766.json,gilberto-hinojosa,mostly-true,0,speaker_disjoint_split,0,0.22772119536278151,0,0.21037330267738588
12825.json,tim-kaine,true,0,speaker_disjoint_split,0,0.4497520955553718,0,0.36504612340979586
8034.json,scott-walker,mostly-true,0,speaker_disjoint_split,0,0.3267868348804146,0,0.32182957269267676
1306.json,glenn-beck,false,1,speaker_disjoint_split,1,0.5140885542111846,1,0.5657639787932972
2320.json,debbie-wasserman-schultz,barely-true,1,speaker_disjoint_split,1,0.6390988217987842,1,0.6597194429470309
7253.json,club-growth,false,1,speaker_disjoint_split,0,0.4760022364164957,0,0.4131171373238176
2670.json,david-cicilline,mostly-true,0,speaker_disjoint_split,1,0.6299263753362497,1,0.604448304451292
8430.json,florida-stop-common-core-coalition,pants-fire,1,speaker_disjoint_split,0,0.4760979750255425,1,0.530453133954967
6025.json,scott-walker,half-true,0,speaker_disjoint_split,1,0.6065497789355115,1,0.6353906233553028
5706.json,john-kasich,true,0,speaker_disjoint_split,1,0.522254130426838,1,0.6113572097088811
4335.json,jonathan-steitz,false,1,speaker_disjoint_split,1,0.5210895177375529,1,0.5607417957641715
7861.json,derek-ryan,true,0,speaker_disjoint_split,0,0.435659234613753,0,0.3848745144433442
5747.json,peter-defazio,true,0,speaker_disjoint_split,0,0.42615753102602394,1,0.6044957407232588
12514.json,nevada-assembly-republican-candidates,false,1,speaker_disjoint_split,1,0.6368868801005994,1,0.5908297886121433
4297.json,susan-combs,false,1,speaker_disjoint_split,1,0.7924369521195874,1,0.8823084473969527
10526.json,joe-biden,pants-fire,1,speaker_disjoint_split,0,0.4795527024816762,0,0.42407146097051546
13071.json,donald-trump,pants-fire,1,speaker_disjoint_split,1,0.6862830757279202,1,0.7572242315866121
5391.json,texas-democratic-party,true,0,speaker_disjoint_split,1,0.5824115648288418,1,0.6452261391402324
10357.json,louie-gohmert,false,1,speaker_disjoint_split,1,0.6432074274341385,1,0.5907720059639716
11709.json,bernie-s,true,0,speaker_disjoint_split,0,0.17675961406408794,0,0.17428566319333888
6915.json,ohio-republican-party,barely-true,1,speaker_disjoint_split,1,0.6830056778527834,1,0.8386345487018819
8952.json,david-cicilline,mostly-true,0,speaker_disjoint_split,0,0.33411513849734037,0,0.26150093134169705
10475.json,megyn-kelly,true,0,speaker_disjoint_split,1,0.8177265335592303,1,0.7010529742050533
12289.json,bernie-s,true,0,speaker_disjoint_split,1,0.635863305110194,1,0.5872295012364743
8911.json,oregon-citizens-lobby,false,1,speaker_disjoint_split,1,0.665383715141774,1,0.7137080928688081
589.json,john-mccain,half-true,0,speaker_disjoint_split,0,0.4154646140532834,1,0.5336431933241703
12664.json,firearms-policy-coalition,barely-true,1,speaker_disjoint_split,1,0.6024697709222028,1,0.6133086082264976
1896.json,donna-brazile,false,1,speaker_disjoint_split,0,0.4835401134320139,0,0.4428062185303153
7553.json,scott-walker,half-true,0,speaker_disjoint_split,0,0.4344005855351011,1,0.506088160634659
8222.json,libertarian-party-broward-county,false,1,speaker_disjoint_split,0,0.2213781961592171,0,0.1811877673669335
12544.json,donald-trump,barely-true,1,speaker_disjoint_split,0,0.37438529211435095,0,0.4476494763054716
5464.json,ron-paul,mostly-true,0,speaker_disjoint_split,1,0.5362635674901018,1,0.6157707979031236
6864.json,jim-kyle,false,1,speaker_disjoint_split,1,0.5540905562546078,1,0.6692943205987568
11642.json,donald-trump,pants-fire,1,speaker_disjoint_split,1,0.554304529639654,1,0.5527251903634832
9352.json,major-garrett,true,0,speaker_disjoint_split,0,0.389769687852338,0,0.3005046921520477
9371.json,charlie-crist,half-true,0,speaker_disjoint_split,1,0.5117451865562884,0,0.49191218812447995
5804.json,tom-rooney,barely-true,1,speaker_disjoint_split,1,0.76379225933341,1,0.8276012034025014
6636.json,debbie-wasserman-schultz,pants-fire,1,speaker_disjoint_split,1,0.6353664837576408,1,0.6852922112844978
10154.json,scott-walker,mostly-true,0,speaker_disjoint_split,1,0.5036116113302493,1,0.5682699426438295
13201.json,tim-kaine,half-true,0,speaker_disjoint_split,1,0.5797373479979839,1,0.5289946369762322
12746.json,donald-trump,half-true,0,speaker_disjoint_split,0,0.3162449193968388,0,0.3390057767797451
4914.json,club-growth,half-true,0,speaker_disjoint_split,0,0.3990389792890544,0,0.4284481635148473
3822.json,anti-defamation-league,half-true,0,speaker_disjoint_split,0,0.34363370023404316,0,0.47528512196072803
8009.json,larry-elder,false,1,speaker_disjoint_split,1,0.6197718995824485,1,0.6091560039680863
11136.json,bill-oreilly,mostly-true,0,speaker_disjoint_split,1,0.5179967242879555,1,0.6857460704012802
13050.json,william-weld,half-true,0,speaker_disjoint_split,0,0.30131500648895954,0,0.45011616484778666
4463.json,new-jersey-sierra-club,half-true,0,speaker_disjoint_split,0,0.3852099250231062,0,0.3614544584016931
13282.json,donald-trump,barely-true,1,speaker_disjoint_split,0,0.21943334080941443,0,0.22164478978952987
6996.json,promote-oregon-leadership-pac-oregon-house-republi,barely-true,1,speaker_disjoint_split,1,0.5935901449046715,1,0.692887352849861
2697.json,jeff-merkley,half-true,0,speaker_disjoint_split,1,0.6056340404767537,1,0.522501733441865
12333.json,donald-trump,pants-fire,1,speaker_disjoint_split,1,0.6855954628560738,1,0.6726141545213556
2521.json,bob-gibbs,false,1,speaker_disjoint_split,1,0.5093601078722335,1,0.5381266114004835
1316.json,rush-limbaugh,half-true,0,speaker_disjoint_split,1,0.5529108617469234,1,0.6196922727416867
436.json,john-mccain,barely-true,1,speaker_disjoint_split,0,0.3022754138350887,0,0.3303048722879119
4415.json,bill-pascrell,mostly-true,0,speaker_disjoint_split,0,0.48118229586495004,0,0.4799277486125627
4707.json,robert-menendez,false,1,speaker_disjoint_split,0,0.3352743089784439,0,0.2272771672369381
10826.json,scott-walker,false,1,speaker_disjoint_split,1,0.760306899915617,1,0.7236235203387033
3403.json,john-kasich,true,0,speaker_disjoint_split,1,0.5061807783495946,1,0.5407727512167704
6430.json,american-commitment,barely-true,1,speaker_disjoint_split,1,0.712733268326184,1,0.7107782493185079
13062.json,donald-trump,mostly-true,0,speaker_disjoint_split,0,0.44435409155966765,0,0.4231107438161484
12091.json,new-hampshire-republican-party,mostly-true,0,speaker_disjoint_split,0,0.3467295904290339,0,0.26845095604177477
6349.json,lights-liberty,barely-true,1,speaker_disjoint_split,1,0.6183514006444136,1,0.6859133774352147
13248.json,william-ruto,false,1,speaker_disjoint_split,0,0.49113622586909844,0,0.48650302702833825
4652.json,eileen-brady,false,1,speaker_disjoint_split,1,0.6734984985375612,1,0.7064580752640177
5411.json,ron-paul,pants-fire,1,speaker_disjoint_split,0,0.33448829255370366,0,0.40159823294972025
1533.json,lamar-alexander,half-true,0,speaker_disjoint_split,1,0.5527606620562853,1,0.5343616239555324
13072.json,tim-kaine,true,0,speaker_disjoint_split,1,0.6226997954349132,1,0.6319851580094753
12941.json,tim-kaine,barely-true,1,speaker_disjoint_split,0,0.4515060630909551,0,0.4026367005579735
9531.json,state-democratic-party-wisconsin,barely-true,1,speaker_disjoint_split,0,0.3492569529446659,0,0.42594383971382876
3872.json,democratic-congressional-campaign-committee,false,1,speaker_disjoint_split,1,0.5283623722434481,1,0.5974205681067118
2632.json,john-kasich,false,1,speaker_disjoint_split,1,0.5889708712964218,1,0.5853074318895917
11591.json,donald-trump,pants-fire,1,speaker_disjoint_split,1,0.5283116632750284,1,0.5398370858739459
1050.json,karl-rove,false,1,speaker_disjoint_split,1,0.6624103544469169,1,0.7052003624688453
8513.json,scott-walker,pants-fire,1,speaker_disjoint_split,1,0.5475395062643307,1,0.5415867471057941
634.json,john-mccain,mostly-true,0,speaker_disjoint_split,1,0.6757582034090286,1,0.5390412346792173
12404.json,vote-no-2,half-true,0,speaker_disjoint_split,0,0.39519950738809745,0,0.20294840270930978
13297.json,colorado-citizens-accountable-government,pants-fire,1,speaker_disjoint_split,1,0.711493499762972,1,0.755877365420405
5009.json,michael-chippendale,false,1,speaker_disjoint_split,1,0.7018095345456776,1,0.6454524070145348
11213.json,bill-clinton,mostly-true,0,speaker_disjoint_split,1,0.7119709677278971,1,0.7231029115875871
9870.json,jeanne-shaheen,half-true,0,speaker_disjoint_split,0,0.49561669253541735,0,0.44715830495402387
1770.json,michael-bloomberg,true,0,speaker_disjoint_split,1,0.5073903159013351,1,0.5952919080875426
2648.json,maryellen-oshaughnessy,true,0,speaker_disjoint_split,0,0.20859375989774834,0,0.21281018121977632
9439.json,chuck-todd,true,0,speaker_disjoint_split,0,0.2701300215769107,0,0.24054878195795634
751.json,john-mccain,true,0,speaker_disjoint_split,0,0.3202571555117654,0,0.3390971602071721
4028.json,yard-sign,true,0,speaker_disjoint_split,0,0.3564147582494328,0,0.44336377519060005
1173.json,glenn-beck,barely-true,1,speaker_disjoint_split,1,0.8184913950484115,1,0.8449316410680376
2592.json,chris-coons,true,0,speaker_disjoint_split,0,0.45601356878992877,0,0.4235436013478083
4610.json,john-driscoll,barely-true,1,speaker_disjoint_split,1,0.6528662553340122,1,0.6761088077665043
1699.json,charlie-crist,half-true,0,speaker_disjoint_split,1,0.5927675857336752,1,0.5879255666966625
11038.json,chuck-todd,mostly-true,0,speaker_disjoint_split,0,0.30600437951078935,0,0.32027117028915114
11682.json,donald-trump,barely-true,1,speaker_disjoint_split,0,0.4586063406218743,1,0.502838213550093
2404.json,patrick-lynch,half-true,0,speaker_disjoint_split,0,0.4206610491059479,0,0.23091669436141368
3420.json,nathan-deal,true,0,speaker_disjoint_split,0,0.16030461005786312,0,0.2110840655855821
3407.json,patti-doyle,mostly-true,0,speaker_disjoint_split,0,0.29236764315080754,0,0.2797076831551766
5046.json,judy-shiprack-diane-mckeel,half-true,0,speaker_disjoint_split,0,0.47371302109041397,1,0.5989376439125038
1170.json,arne-duncan,false,1,speaker_disjoint_split,1,0.5880520254063422,0,0.45254388651945654
7075.json,robert-menendez,half-true,0,speaker_disjoint_split,1,0.5732897281624617,0,0.4537532125387517
1655.json,lloyd-doggett,true,0,speaker_disjoint_split,0,0.48495154162374193,0,0.417581484134791
460.json,john-mccain,barely-true,1,speaker_disjoint_split,1,0.6187648868040374,1,0.575769726698639
7150.json,ken-detzner,mostly-true,0,speaker_disjoint_split,0,0.25542449736770295,0,0.25878254128547395
8956.json,americans-prosperity-georgia-chapter,half-true,0,speaker_disjoint_split,1,0.7474473330702827,1,0.7306260208629732
11650.json,heather-moore,barely-true,1,speaker_disjoint_split,0,0.22339998748780393,0,0.38389146233105625
36.json,john-mccain,barely-true,1,speaker_disjoint_split,0,0.45170933315738665,0,0.46154235547565275
11899.json,bernie-s,true,0,speaker_disjoint_split,1,0.5453867044350118,1,0.5006213911233582
3324.json,scott-walker,mostly-true,0,speaker_disjoint_split,0,0.41014989678885333,0,0.4109085828253181
11452.json,donald-trump,pants-fire,1,speaker_disjoint_split,1,0.6172182734008672,1,0.6268819414084654
10656.json,jess-mcintosh,true,0,speaker_disjoint_split,1,0.6744971794540118,1,0.6632381702540744
11027.json,donald-trump,barely-true,1,speaker_disjoint_split,1,0.5564169399678003,1,0.5141500729539129
11413.json,lynn-westmoreland,false,1,speaker_disjoint_split,1,0.670560001192384,1,0.7634811584997702
2006.json,jorge-ramos,mostly-true,0,speaker_disjoint_split,0,0.29934752225640077,0,0.25593592417085353
11649.json,joe-donald,mostly-true,0,speaker_disjoint_split,0,0.2870871109324621,0,0.31468368945978037
5477.json,laurie-monnes-anderson,true,0,speaker_disjoint_split,0,0.39007688840832383,0,0.43402446634331926
2546.json,jon-husted,false,1,speaker_disjoint_split,1,0.5413075528789074,0,0.47391400603599193
8682.json,charlie-crist,barely-true,1,speaker_disjoint_split,1,0.7094956568257608,1,0.6548050176971295
572.json,john-mccain,barely-true,1,speaker_disjoint_split,1,0.6996045959858372,1,0.7442914300893007
13273.json,donald-trump,false,1,speaker_disjoint_split,1,0.511398191460277,0,0.49108950137947116
8517.json,charlie-crist,half-true,0,speaker_disjoint_split,1,0.6111087953387411,1,0.563407244518655
12231.json,bernie-s,mostly-true,0,speaker_disjoint_split,1,0.541670451481369,1,0.5349009405514247
6840.json,robert-menendez,mostly-true,0,speaker_disjoint_split,1,0.6855439955152102,1,0.5860145281215938
8647.json,rush-limbaugh,false,1,speaker_disjoint_split,1,0.8623483600454681,1,0.8581254652882597
3564.json,david-pepper,mostly-true,0,speaker_disjoint_split,0,0.24914954603120257,0,0.4085592569346427
7882.json,wisconsin-institute-law-liberty,true,0,speaker_disjoint_split,1,0.660737207723828,1,0.6507026790304565
7829.json,greg-walden,barely-true,1,speaker_disjoint_split,0,0.33967721440900267,0,0.40245142559146724
583.json,john-mccain,half-true,0,speaker_disjoint_split,1,0.7076083949765349,1,0.7389194833513009
4582.json,scott-walker,half-true,0,speaker_disjoint_split,1,0.5464044907617926,1,0.6317183782272967
3069.json,scott-walker,false,1,speaker_disjoint_split,0,0.4884155503019308,0,0.4887457825945124
13143.json,donald-trump,false,1,speaker_disjoint_split,0,0.46033935600617293,1,0.5227633735319267
10586.json,scott-walker,false,1,speaker_disjoint_split,0,0.43796753084863543,1,0.5169169177350335
941.json,john-mccain,mostly-true,0,speaker_disjoint_split,1,0.6292025610214622,1,0.6558700866655091
4409.json,jon-huntsman,half-true,0,speaker_disjoint_split,0,0.22504861301063517,0,0.21199044116192406
12755.json,donald-trump,true,0,speaker_disjoint_split,1,0.5018458299527387,0,0.4687133399809027
11976.json,bernie-s,half-true,0,speaker_disjoint_split,0,0.42817437480747633,0,0.38577500433785883
10675.json,trebor-banstetter,mostly-true,0,speaker_disjoint_split,0,0.13695118075430093,0,0.15310329198313868
12815.json,donald-trump,false,1,speaker_disjoint_split,1,0.5728497957248445,1,0.6141104643683442
10907.json,nathan-deal,true,0,speaker_disjoint_split,1,0.6103457721403027,1,0.5940394716533846
628.json,john-mccain,barely-true,1,speaker_disjoint_split,1,0.6392744851812197,1,0.6177431860213431
601.json,john-mccain,half-true,0,speaker_disjoint_split,1,0.6680641710513168,1,0.7356984899414295
1181.json,joe-wilson,false,1,speaker_disjoint_split,1,0.7322267233616431,1,0.8062110177141351
6595.json,callista-gingrich,barely-true,1,speaker_disjoint_split,1,0.5869918854132529,1,0.6457839938682658
283.json,john-mccain,true,0,speaker_disjoint_split,1,0.7680188602272545,1,0.7798670301683209
9824.json,don-lemon,false,1,speaker_disjoint_split,0,0.37608508244975464,0,0.3852722830640958
12315.json,john-kasich,true,0,speaker_disjoint_split,0,0.37447176895090584,0,0.4393322766091636
3973.json,david-axelrod,half-true,0,speaker_disjoint_split,0,0.1845267119536715,0,0.14855403472973544
4065.json,scott-walker,false,1,speaker_disjoint_split,1,0.594947405035,1,0.5880740529937232
13121.json,donald-trump,false,1,speaker_disjoint_split,1,0.5974212718105772,1,0.6215823150995985
5208.json,ken-cuccinelli,pants-fire,1,speaker_disjoint_split,1,0.710427576922953,1,0.7065134379307182
12066.json,pat-mccrory,half-true,0,speaker_disjoint_split,1,0.6410926991948219,1,0.6634629017548397
11340.json,common-sense-kids-action,mostly-true,0,speaker_disjoint_split,0,0.15222752238930695,0,0.12939690797795225
1275.json,ann-coulter,half-true,0,speaker_disjoint_split,0,0.35887628897565466,0,0.44460550625484063
11203.json,israel-oquinn,false,1,speaker_disjoint_split,0,0.3823216775904304,0,0.3794000198544135
7267.json,scott-walker,half-true,0,speaker_disjoint_split,0,0.4480910441522958,0,0.4716415063732844
12660.json,state-democratic-party-wisconsin,barely-true,1,speaker_disjoint_split,1,0.5898359560832879,1,0.6223477306331654
254.json,john-mccain,mostly-true,0,speaker_disjoint_split,1,0.5588504246505346,1,0.6042038814232668
1298.json,debbie-wasserman-schultz,mostly-true,0,speaker_disjoint_split,1,0.6222470592291646,1,0.6161894943586764
1117.json,donna-brazile,half-true,0,speaker_disjoint_split,0,0.33284438328745014,0,0.29869241232696686
12502.json,john-mccain,mostly-true,0,speaker_disjoint_split,1,0.6018522274714194,1,0.6296456018474137
7774.json,mike-foley,mostly-true,0,speaker_disjoint_split,0,0.16656692136153572,0,0.2034284152046041
1360.json,rush-limbaugh,false,1,speaker_disjoint_split,0,0.4740184066740294,1,0.5165814954758912
4877.json,scott-walker,false,1,speaker_disjoint_split,1,0.6607222212746399,1,0.7630248214632359
11440.json,scott-walker,false,1,speaker_disjoint_split,1,0.5677184582400007,0,0.4560303869497482
484.json,john-mccain,false,1,speaker_disjoint_split,1,0.5942063198161459,1,0.6514874308161226
8633.json,heritage-foundation,half-true,0,speaker_disjoint_split,1,0.8136608565320554,1,0.7693558485524407
9826.json,truth-accounting,barely-true,1,speaker_disjoint_split,0,0.37954218617407437,0,0.42970380183970647
10643.json,ken-plum,mostly-true,0,speaker_disjoint_split,0,0.42162389741490686,0,0.4809412486597295
5767.json,jim-cooper,true,0,speaker_disjoint_split,0,0.31555800049979166,0,0.3887088035866554
1604.json,barbara-cargill,barely-true,1,speaker_disjoint_split,0,0.24055035883570342,0,0.1539821697096224
1757.json,janet-napolitano,mostly-true,0,speaker_disjoint_split,0,0.37398526061965304,0,0.3758814060026654
530.json,john-mccain,mostly-true,0,speaker_disjoint_split,0,0.4277121256579038,0,0.47455446141711405
10520.json,peter-defazio,half-true,0,speaker_disjoint_split,1,0.7987079397145597,1,0.8655455695742283
12102.json,club-growth,false,1,speaker_disjoint_split,1,0.7624651790629963,1,0.7430256101934996
12266.json,donald-trump,false,1,speaker_disjoint_split,0,0.43816570278438566,0,0.46894583585673827
12747.json,donald-trump,mostly-true,0,speaker_disjoint_split,1,0.6358653540883834,1,0.6104507549969735
8524.json,charlie-crist,mostly-true,0,speaker_disjoint_split,0,0.3726509967858349,0,0.37024559315323663
2351.json,jan-brewer,pants-fire,1,speaker_disjoint_split,0,0.4092867614548127,1,0.5765910288770284
9764.json,scott-walker,mostly-true,0,speaker_disjoint_split,0,0.41487848660259813,0,0.46574807656153344
11457.json,donald-trump,false,1,speaker_disjoint_split,1,0.6644154886221231,1,0.6638864798843607
11250.json,bernie-s,true,0,speaker_disjoint_split,0,0.10295036681765547,0,0.08809966602399219
4889.json,ron-paul,barely-true,1,speaker_disjoint_split,1,0.638289119240944,1,0.5687742712346208
6443.json,peter-defazio,mostly-true,0,speaker_disjoint_split,1,0.7198977708927408,1,0.8319771186929728
1463.json,john-mccain,false,1,speaker_disjoint_split,1,0.5547560685839934,1,0.5129986540500078
11534.json,donald-trump,half-true,0,speaker_disjoint_split,0,0.2094208689675413,0,0.30161594597186825
10490.json,susan-shapiro,true,0,speaker_disjoint_split,0,0.2444203607619503,0,0.1575815975881928
6062.json,john-kasich,mostly-true,0,speaker_disjoint_split,1,0.5840048097776229,1,0.6564128347461238
7074.json,steve-lonegan,true,0,speaker_disjoint_split,0,0.4574725114226301,0,0.3444380908706818
2074.json,john-mccain,mostly-true,0,speaker_disjoint_split,0,0.43216314216850005,0,0.3702318256484119
23.json,obama-girl,true,0,speaker_disjoint_split,1,0.6161539042696895,1,0.6575255650660912
3310.json,john-kasich,barely-true,1,speaker_disjoint_split,1,0.5899177482991348,1,0.6050218418469652
8410.json,ann-coulter,pants-fire,1,speaker_disjoint_split,1,0.7339620456355916,1,0.7584121345410162
3545.json,roberto-dasilva,mostly-true,0,speaker_disjoint_split,0,0.41500769856354364,0,0.33943776220088473
3521.json,citizens-strong-america,pants-fire,1,speaker_disjoint_split,1,0.6987292578472999,1,0.72267209522571
2241.json,eddie-bernice-johnson,true,0,speaker_disjoint_split,0,0.3137021515956709,0,0.38359192066589765
12111.json,debbie-wasserman-schultz,mostly-true,0,speaker_disjoint_split,0,0.3796132046701458,0,0.3850422417511044
4311.json,jon-huntsman,mostly-true,0,speaker_disjoint_split,0,0.24863475935045257,0,0.31024815338072853
1392.json,hector-uribe,pants-fire,1,speaker_disjoint_split,1,0.6757642271160973,1,0.6139315024210777
10985.json,athens-banner-herald,true,0,speaker_disjoint_split,0,0.19322802784066384,0,0.3030287719847386
12459.json,donald-trump,half-true,0,speaker_disjoint_split,1,0.5862347296280579,1,0.6109361753638561
9980.json,republican-party-florida,barely-true,1,speaker_disjoint_split,0,0.3794841137496763,0,0.36343016507789755
2529.json,john-robitaille,true,0,speaker_disjoint_split,0,0.27405395852618475,0,0.31426963645139816
13235.json,donald-trump,barely-true,1,speaker_disjoint_split,1,0.6583276596049261,1,0.6434400902436618
2383.json,david-axelrod,barely-true,1,speaker_disjoint_split,1,0.5849925364781343,0,0.4815133291339523
9988.json,charlie-crist,half-true,0,speaker_disjoint_split,1,0.6853625058804892,1,0.6688764849555573
4384.json,blog-posting,pants-fire,1,speaker_disjoint_split,1,0.6375864922680293,1,0.7440589483921946
2080.json,joe-biden,half-true,0,speaker_disjoint_split,1,0.511965684760002,0,0.4678152258413021
8599.json,grady-judd,mostly-true,0,speaker_disjoint_split,1,0.6006754805331609,0,0.45617398576183205
12088.json,bill-oreilly,false,1,speaker_disjoint_split,1,0.6908339698826912,1,0.7822114343560627
8812.json,louie-gohmert,pants-fire,1,speaker_disjoint_split,1,0.57964379590942,1,0.6048300307549406
8825.json,national-republican-congressional-committee,mostly-true,0,speaker_disjoint_split,1,0.6421871432630202,1,0.6081862825079319
11889.json,donald-trump,half-true,0,speaker_disjoint_split,1,0.7031567816783506,1,0.6837398675648539
10477.json,scott-walker,half-true,0,speaker_disjoint_split,0,0.43796753084863543,1,0.5169169177350335
2088.json,john-kasich,true,0,speaker_disjoint_split,0,0.2645889741329645,0,0.3528466919232831
8844.json,nathan-deal,barely-true,1,speaker_disjoint_split,1,0.6491317933212237,1,0.7070872834689991
11507.json,ben-carson,half-true,0,speaker_disjoint_split,0,0.37628538813243817,0,0.34420731369885127
9321.json,ralph-nader,false,1,speaker_disjoint_split,1,0.5668372772681324,1,0.5552919822918557
7076.json,charlie-crist,barely-true,1,speaker_disjoint_split,1,0.5273441540796227,0,0.4191173893302144
4509.json,john-kasich,barely-true,1,speaker_disjoint_split,0,0.4984317046493657,1,0.560205419438023
4269.json,sam-olens,true,0,speaker_disjoint_split,0,0.25825652983789443,0,0.21492201500565378
9564.json,sean-spicer,pants-fire,1,speaker_disjoint_split,0,0.4975050657725948,1,0.5219716654199255
4730.json,joe-biden,mostly-true,0,speaker_disjoint_split,0,0.3336959360645588,0,0.3191298888689766
9350.json,larry-pratt,false,1,speaker_disjoint_split,1,0.6618096780547411,1,0.6014834957550056
10494.json,don-beyer,mostly-true,0,speaker_disjoint_split,0,0.22172995758760555,0,0.196648849051656
4788.json,tim-kaine,false,1,speaker_disjoint_split,1,0.5734675980397016,0,0.4889144560858056
7616.json,john-kasich,true,0,speaker_disjoint_split,0,0.41237865301816645,0,0.40230156993228694
677.json,john-mccain,true,0,speaker_disjoint_split,0,0.30251707047684906,0,0.2794249207269948
7522.json,jeff-tittel,half-true,0,speaker_disjoint_split,0,0.3052310336993042,0,0.3486720485845479
12519.json,bernie-s,half-true,0,speaker_disjoint_split,1,0.5337331279107569,0,0.4856500503834615
11999.json,donald-trump,mostly-true,0,speaker_disjoint_split,1,0.6008970831784889,1,0.6276779985722242
8494.json,rush-limbaugh,barely-true,1,speaker_disjoint_split,1,0.748463317116455,1,0.7879775821852333
10877.json,john-mccain,true,0,speaker_disjoint_split,0,0.30876735256619026,0,0.3424998412781615
10426.json,carly-fiorina,barely-true,1,speaker_disjoint_split,1,0.7299113806051044,1,0.7366113765482012
11202.json,scott-walker,mostly-true,0,speaker_disjoint_split,0,0.22230421888962953,0,0.2536054875720763
12590.json,donald-trump,barely-true,1,speaker_disjoint_split,0,0.4073371332144555,0,0.44788852611211377
2216.json,john-kasich,half-true,0,speaker_disjoint_split,0,0.471091535922849,1,0.5091420647110033
8462.json,nick-gillespie,mostly-true,0,speaker_disjoint_split,0,0.37788157164594627,0,0.4035721730074287
3853.json,bob-graham,barely-true,1,speaker_disjoint_split,1,0.6196090713226372,1,0.6193674889646047
8686.json,republican-party-florida,barely-true,1,speaker_disjoint_split,0,0.2097847048164106,0,0.2347373248666121
12865.json,donald-trump,false,1,speaker_disjoint_split,1,0.6622574057071882,1,0.7022914834283548
11483.json,donald-trump,false,1,speaker_disjoint_split,0,0.3394791422759546,0,0.31479504687862103
4164.json,mike-males,mostly-true,0,speaker_disjoint_split,1,0.5184139069895788,1,0.5176714839980932
12918.json,gary-johnson,half-true,0,speaker_disjoint_split,0,0.37078188025400904,0,0.2816546253645748
2952.json,debbie-wasserman-schultz,true,0,speaker_disjoint_split,0,0.47106362630970405,0,0.43820389903556944
12123.json,bernie-s,mostly-true,0,speaker_disjoint_split,0,0.17508903150541133,0,0.1199303320245645
1586.json,charlie-crist,mostly-true,0,speaker_disjoint_split,0,0.4118492645395259,0,0.41248346751257325
11784.json,carly-fiorina,false,1,speaker_disjoint_split,1,0.6154709550874804,1,0.5908152481108253
452.json,bill-clinton,pants-fire,1,speaker_disjoint_split,1,0.5106824590614811,0,0.4886725328066401
12629.json,donald-trump,false,1,speaker_disjoint_split,1,0.5202431567674779,0,0.47392246960857615
8107.json,tom-cole,mostly-true,0,speaker_disjoint_split,1,0.5009302514267425,1,0.557436484001736
12874.json,donald-trump,true,0,speaker_disjoint_split,1,0.7110139409394527,1,0.70357672640037
6075.json,sam-adams,true,0,speaker_disjoint_split,0,0.29314735069009124,0,0.3024253923078434
9684.json,scott-walker,false,1,speaker_disjoint_split,0,0.3880387359993649,0,0.4381535464553217
8665.json,larry-pratt,half-true,0,speaker_disjoint_split,0,0.3573682980797967,0,0.31045813010384155
7898.json,stephen-sweeney,false,1,speaker_disjoint_split,0,0.3985001164677259,0,0.27961295599256336
12531.json,donald-trump,mostly-true,0,speaker_disjoint_split,1,0.5527672568701105,1,0.5467114103763174
8281.json,mayors-against-illegal-guns,half-true,0,speaker_disjoint_split,1,0.6146198709278043,1,0.6151796240583142
4470.json,nathan-deal,true,0,speaker_disjoint_split,0,0.27157851615795,0,0.2724096819412676
12452.json,bernie-s,mostly-true,0,speaker_disjoint_split,1,0.5734473472865468,1,0.5764160080712701
12568.json,donald-trump,false,1,speaker_disjoint_split,1,0.5489790324544644,1,0.5509274765750268
4478.json,scott-walker,pants-fire,1,speaker_disjoint_split,0,0.27586889957605154,0,0.28600485046749763
11821.json,john-mccain,mostly-true,0,speaker_disjoint_split,0,0.36617525976453064,0,0.4385428221369296
1193.json,karl-rove,half-true,0,speaker_disjoint_split,1,0.6223639963284713,1,0.6050130394006453
11045.json,blog-posting,pants-fire,1,speaker_disjoint_split,1,0.7669480598135429,1,0.9080378701421215
4377.json,blog-posting,pants-fire,1,speaker_disjoint_split,1,0.603413099171414,1,0.7193564636057254
10845.json,alex-mcmurtrie-jr,false,1,speaker_disjoint_split,1,0.7073963787652527,1,0.7174750774501322
11095.json,scott-walker,barely-true,1,speaker_disjoint_split,1,0.6124665886447613,1,0.6769082571462718
8783.json,lloyd-doggett,true,0,speaker_disjoint_split,1,0.5174408290151137,0,0.42294502748756096
5858.json,eileen-brady,true,0,speaker_disjoint_split,1,0.7688027588761,1,0.8348237989661568
13476.json,blog-posting,false,1,speaker_disjoint_split,1,0.6092392402431727,1,0.7646536725245862
13307.json,donald-trump,false,1,speaker_disjoint_split,1,0.6650983614248127,1,0.6855089386090889
12772.json,bernie-s,mostly-true,0,speaker_disjoint_split,1,0.5157183760275991,0,0.4651901801593521
7262.json,college-presidents,mostly-true,0,speaker_disjoint_split,0,0.4503513277289839,0,0.4539523280065588
9474.json,rush-limbaugh,false,1,speaker_disjoint_split,1,0.6692244884494293,1,0.6929201810436675
2456.json,scott-walker,half-true,0,speaker_disjoint_split,0,0.31966279403352765,0,0.31820679037893806
2896.json,angel-taveras,mostly-true,0,speaker_disjoint_split,0,0.2896399054388279,0,0.23809188322017388
12081.json,donald-trump,false,1,speaker_disjoint_split,1,0.5062392541512902,1,0.5860485311256272
11896.json,donald-trump,pants-fire,1,speaker_disjoint_split,0,0.3862070058286404,0,0.43684837401935206
10771.json,tim-kaine,barely-true,1,speaker_disjoint_split,0,0.3463420347904851,0,0.28186337766089
3178.json,ron-paul,pants-fire,1,speaker_disjoint_split,1,0.8413848719431415,1,0.7702059279798787
273.json,john-mccain,false,1,speaker_disjoint_split,1,0.5726779189268919,1,0.6146493633036216
8142.json,jeff-merkley,mostly-true,0,speaker_disjoint_split,0,0.31513511918283965,0,0.3023134530294172
564.json,john-mccain,mostly-true,0,speaker_disjoint_split,1,0.5557368487247146,1,0.5986441375933055
4675.json,new-jersey-democratic-state-committee,barely-true,1,speaker_disjoint_split,1,0.656454786153135,1,0.6466863521458868
11535.json,ben-carson,mostly-true,0,speaker_disjoint_split,0,0.40624787809479473,0,0.38830322264516376
8980.json,scott-walker,false,1,speaker_disjoint_split,1,0.6466621406958971,1,0.6691851222337155
10364.json,peter-feigin,false,1,speaker_disjoint_split,1,0.6161881697129922,0,0.46892007387623347
13276.json,donald-trump,pants-fire,1,speaker_disjoint_split,0,0.40457489288983034,0,0.49736197878164845
1597.json,citizens-lower-taxes-and-stronger-economy,half-true,0,speaker_disjoint_split,1,0.529269231089207,0,0.3898802704756338
13427.json,donald-trump,false,1,speaker_disjoint_split,1,0.6020102109128089,1,0.6675228147354193
10958.json,bernie-s,mostly-true,0,speaker_disjoint_split,0,0.24925727331489167,0,0.2662952020015875
3198.json,bill-oreilly,true,0,speaker_disjoint_split,1,0.5490283822056117,1,0.6788970189987507
11979.json,bernie-s,barely-true,1,speaker_disjoint_split,0,0.330655165057082,0,0.3318313610140686
11022.json,donna-brazile,mostly-true,0,speaker_disjoint_split,0,0.4788852813938185,0,0.4650744956644202
3247.json,whoopi-goldberg,half-true,0,speaker_disjoint_split,0,0.33042106285780476,0,0.38178097093361457
11309.json,donald-trump,barely-true,1,speaker_disjoint_split,1,0.551714046937908,1,0.5787415376262393
10934.json,pamela-geller,half-true,0,speaker_disjoint_split,1,0.6471247794929214,1,0.6353191539562534
448.json,john-mccain,barely-true,1,speaker_disjoint_split,0,0.4929219524918903,1,0.5300577548564589
5359.json,restore-our-future,pants-fire,1,speaker_disjoint_split,1,0.6010287140921802,1,0.658547106900085
1987.json,ron-klein,false,1,speaker_disjoint_split,0,0.4872269717779019,1,0.5412399029410309
6825.json,promote-oregon-leadership-pac-oregon-house-republi,half-true,0,speaker_disjoint_split,1,0.6607205171109766,1,0.7580907644985064
127.json,joe-biden,half-true,0,speaker_disjoint_split,0,0.3322472229523737,0,0.25210498400638937
5173.json,arne-duncan,mostly-true,0,speaker_disjoint_split,0,0.43531927626629907,0,0.3281153946872479
12232.json,john-kasich,mostly-true,0,speaker_disjoint_split,0,0.3106890522360282,0,0.385698946428815
946.json,john-mccain,false,1,speaker_disjoint_split,0,0.4253118229879802,0,0.41162090093507026
6961.json,oregon-senate-republicans,mostly-true,0,speaker_disjoint_split,1,0.6698197243552694,1,0.7318084502263787
6631.json,kathleen-sebelius,half-true,0,speaker_disjoint_split,0,0.4940245159544911,1,0.5257581750667695
2285.json,sam-rashid,barely-true,1,speaker_disjoint_split,1,0.5824378526207529,1,0.6667305173648437
12536.json,david-beckham,true,0,speaker_disjoint_split,0,0.36702391170432735,0,0.32810076275241096
7860.json,keith-faber,true,0,speaker_disjoint_split,0,0.1986490711945137,0,0.2093796544723396
1949.json,vern-buchanan,true,0,speaker_disjoint_split,0,0.3474788861001819,0,0.45805666880959034
3602.json,jeff-cogen,half-true,0,speaker_disjoint_split,1,0.6461745116204703,1,0.6368818463986315
12299.json,john-kirby,false,1,speaker_disjoint_split,1,0.6825574913570229,1,0.7098163273104249
7400.json,ed-fallone,false,1,speaker_disjoint_split,1,0.5652879428938057,1,0.6375155397323293
783.json,john-mccain,true,0,speaker_disjoint_split,1,0.5650562221306186,1,0.5537802969083281
3549.json,donald-trump,false,1,speaker_disjoint_split,1,0.609642324595991,1,0.5849793716903393
10006.json,republican-party-florida,barely-true,1,speaker_disjoint_split,1,0.6165654456328877,1,0.5186010174727903
13353.json,donald-trump,barely-true,1,speaker_disjoint_split,1,0.5708356411300972,1,0.6119571985865094
12173.json,don-beyer,mostly-true,0,speaker_disjoint_split,0,0.37937688993214863,0,0.376312740283837
3353.json,john-kasich,true,0,speaker_disjoint_split,0,0.333902231006074,0,0.43719788274958
1614.json,orrin-hatch,true,0,speaker_disjoint_split,1,0.5681777078795143,1,0.5052304812037456
6569.json,artur-davis,barely-true,1,speaker_disjoint_split,1,0.5798850605708311,1,0.5277641114415546
9205.json,gary-peters,half-true,0,speaker_disjoint_split,1,0.648667269965042,1,0.5815504780024826
7883.json,dave-joyce,true,0,speaker_disjoint_split,1,0.6927829955396448,1,0.7391518625589633
7205.json,deepwater-wind,true,0,speaker_disjoint_split,1,0.6894162665124013,0,0.47229989888371476
9397.json,john-mccain,mostly-true,0,speaker_disjoint_split,1,0.5870706700494728,1,0.582628074340743
8515.json,republican-party-florida,barely-true,1,speaker_disjoint_split,0,0.4706704409645405,0,0.42038650410133366
6954.json,democratic-congressional-campaign-committee,barely-true,1,speaker_disjoint_split,1,0.5149743188143892,1,0.5351566730117275
1602.json,annise-parker,half-true,0,speaker_disjoint_split,0,0.4511390811607538,0,0.42658688679121604
11673.json,charlotte-nash,true,0,speaker_disjoint_split,0,0.3752988903250082,0,0.39666189685629616
9611.json,blog-posting,pants-fire,1,speaker_disjoint_split,1,0.5869571318961309,1,0.7858760649936348
11107.json,club-growth,true,0,speaker_disjoint_split,1,0.7481693620296141,1,0.7642131817559652
8284.json,se-cupp,half-true,0,speaker_disjoint_split,0,0.4926624477224865,1,0.5534515473126823
12059.json,bernie-s,true,0,speaker_disjoint_split,0,0.3764243448116312,0,0.39978616587320853
12386.json,minka-kelly,half-true,0,speaker_disjoint_split,0,0.459871059559659,1,0.5034245783139951
676.json,john-mccain,false,1,speaker_disjoint_split,1,0.6306524768516277,1,0.5943592890342343
12753.json,donald-trump,mostly-true,0,speaker_disjoint_split,0,0.49368719342880907,0,0.4729013652233479
3248.json,john-kasich,mostly-true,0,speaker_disjoint_split,1,0.6026964618525771,1,0.5459922028017767
2336.json,scott-walker,barely-true,1,speaker_disjoint_split,0,0.2470912345223,0,0.295518065884966
5446.json,national-republican-congressional-committee,half-true,0,speaker_disjoint_split,1,0.5525713014347885,1,0.5617690692350636
7020.json,republican-governors-association,barely-true,1,speaker_disjoint_split,0,0.35677671042459796,0,0.3738255267189758
950.json,tom-coburn,false,1,speaker_disjoint_split,1,0.8118079202311005,1,0.8754507579454402
2927.json,randy-leonard,barely-true,1,speaker_disjoint_split,1,0.5682762400041701,1,0.7307794767020084
12139.json,pat-mccrory,half-true,0,speaker_disjoint_split,1,0.5076959465288646,0,0.4674735649422355
11179.json,donald-trump,false,1,speaker_disjoint_split,1,0.6785693888295833,1,0.7510417140273352
4459.json,david-cicilline,true,0,speaker_disjoint_split,0,0.43887674159087525,0,0.3843356718570291
3655.json,donald-trump,pants-fire,1,speaker_disjoint_split,1,0.6084840058894609,1,0.6366672628024269
5537.json,john-kasich,half-true,0,speaker_disjoint_split,0,0.3522398384056567,0,0.3298803264217231
12711.json,tim-kaine,barely-true,1,speaker_disjoint_split,1,0.5901235289233746,1,0.5307576163117528
9134.json,heather-mcghee,barely-true,1,speaker_disjoint_split,0,0.14130357963494766,0,0.09243606840501371
10195.json,leonard-pitts-jr,half-true,0,speaker_disjoint_split,0,0.45236072394590693,1,0.5297392102511775
1397.json,karl-rove,half-true,0,speaker_disjoint_split,0,0.30528582245687413,0,0.3564302176695326
11329.json,carly-fiorina,mostly-true,0,speaker_disjoint_split,0,0.3598456611326874,0,0.2876768423691286
4015.json,democratic-congressional-campaign-committee,barely-true,1,speaker_disjoint_split,1,0.5972745543578835,1,0.6768658045200429
5298.json,armond-budish,true,0,speaker_disjoint_split,0,0.40629224354837207,0,0.44484262745707365
45.json,bill-richardson,pants-fire,1,speaker_disjoint_split,0,0.4885410856568867,0,0.3779543432076491
10752.json,texas-organizing-project,true,0,speaker_disjoint_split,0,0.25593659584288536,0,0.19170121430066947
12032.json,john-kasich,half-true,0,speaker_disjoint_split,0,0.37838224405768073,0,0.49185525992289963
10775.json,rush-limbaugh,barely-true,1,speaker_disjoint_split,0,0.4336735936392309,0,0.42864420395298525
1030.json,colin-powell,half-true,0,speaker_disjoint_split,1,0.5258036405473492,0,0.4613587422675167
5711.json,elizabeth-ames-jones,barely-true,1,speaker_disjoint_split,0,0.4168000044439472,0,0.4633306371767772
11397.json,john-stemberger,false,1,speaker_disjoint_split,1,0.5522722987118994,1,0.6357307207900831
11790.json,john-cortes,true,0,speaker_disjoint_split,1,0.8167130374199623,1,0.8357546211523886
9792.json,john-padgett,true,0,speaker_disjoint_split,1,0.5565135949099285,0,0.45049620377371574
1058.json,ann-coulter,barely-true,1,speaker_disjoint_split,1,0.6178192099300782,1,0.6186109744459216
8912.json,charlie-crist,true,0,speaker_disjoint_split,1,0.6400719120091138,1,0.5939514544872367
824.json,john-mccain,half-true,0,speaker_disjoint_split,1,0.5960394873711555,1,0.6385184185561823
10792.json,jim-lampley,pants-fire,1,speaker_disjoint_split,0,0.2638302475300493,0,0.19489905715903597
5407.json,bill-pascrell,false,1,speaker_disjoint_split,0,0.367821037719866,0,0.3579991644585941
11991.json,bernie-s,mostly-true,0,speaker_disjoint_split,0,0.3703675032402784,0,0.2554627144933688
7457.json,carolyn-medeiros,barely-true,1,speaker_disjoint_split,0,0.44217800214495545,0,0.4247574362874228
13348.json,debbie-wasserman-schultz,false,1,speaker_disjoint_split,0,0.4801704633540015,1,0.5024423097394333
13461.json,blog-posting,pants-fire,1,speaker_disjoint_split,1,0.6018246716195641,1,0.7207309149224093
1188.json,thomas-sowell,false,1,speaker_disjoint_split,1,0.5158045828278424,0,0.4469219039448759
797.json,john-mccain,false,1,speaker_disjoint_split,1,0.7286004588080531,1,0.6725461565223033
2304.json,arne-duncan,half-true,0,speaker_disjoint_split,0,0.2120110205285994,0,0.14480325607067995
7609.json,jeff-tittel,pants-fire,1,speaker_disjoint_split,0,0.3687803793693118,0,0.4202141267993044
9085.json,matt-damon,half-true,0,speaker_disjoint_split,0,0.4623067274662564,1,0.6603574309163847
8221.json,john-mccain,true,0,speaker_disjoint_split,1,0.5767339636399312,1,0.6132382495758671
4775.json,bill-clinton,half-true,0,speaker_disjoint_split,1,0.6350058931667016,1,0.6623780196768551
8522.json,steve-leslie,mostly-true,0,speaker_disjoint_split,1,0.5211852100950916,0,0.39075960542646615
12974.json,gary-johnson,false,1,speaker_disjoint_split,0,0.30348805218378205,0,0.3005624190422442
13018.json,alex-castellanos,barely-true,1,speaker_disjoint_split,0,0.4243490690015699,1,0.565727074945381
1832.json,carly-fiorina,false,1,speaker_disjoint_split,1,0.5775704166922788,0,0.40294819393749176
3290.json,florida-department-corrections-worker,mostly-true,0,speaker_disjoint_split,0,0.3727391429787556,0,0.47632585270983396
6020.json,lisa-blais,barely-true,1,speaker_disjoint_split,0,0.4548648723064967,0,0.4208544070021115
10836.json,thomas-perez,half-true,0,speaker_disjoint_split,0,0.3946049407986869,0,0.4087206082086987
11067.json,scott-walker,mostly-true,0,speaker_disjoint_split,0,0.3273778058805588,0,0.34190533203977386
8007.json,robert-menendez,mostly-true,0,speaker_disjoint_split,0,0.45999098706011904,0,0.36079140164039897
3193.json,scott-walker,true,0,speaker_disjoint_split,0,0.4689528447690755,0,0.4591670447862782
3756.json,janet-napolitano,pants-fire,1,speaker_disjoint_split,0,0.39903477119096287,0,0.3362068233957112
3140.json,oregon-senate-republicans,barely-true,1,speaker_disjoint_split,1,0.6533169581860304,1,0.7408483585502482
6082.json,john-kasich,mostly-true,0,speaker_disjoint_split,0,0.41225577657298185,1,0.5113701773067306
12767.json,corey-stewart,barely-true,1,speaker_disjoint_split,1,0.7896195193255104,1,0.7039065599780041
8657.json,daniel-mckee,mostly-true,0,speaker_disjoint_split,0,0.34168291224713854,0,0.19745391228183334
6278.json,debbie-wasserman-schultz,mostly-true,0,speaker_disjoint_split,0,0.1841455204175854,0,0.20400191656334107
2839.json,atlanta-sports-council,false,1,speaker_disjoint_split,0,0.42073121912103617,0,0.47531276259218047
2471.json,susan-latvala,false,1,speaker_disjoint_split,0,0.46349168592716794,1,0.5215260277568196
3707.json,gary-johnson,mostly-true,0,speaker_disjoint_split,0,0.27468661462045696,0,0.2509167145209745
4.json,bill-richardson,mostly-true,0,speaker_disjoint_split,0,0.369571699520406,0,0.3188282533666681
3344.json,scott-walker,false,1,speaker_disjoint_split,1,0.550593145045755,1,0.6009885672760422
10651.json,blog-posting,barely-true,1,speaker_disjoint_split,1,0.6493597412303866,1,0.8296280593294747
13105.json,gary-johnson,mostly-true,0,speaker_disjoint_split,0,0.37084620155922454,0,0.3353113690737078
2532.json,scott-walker,true,0,speaker_disjoint_split,0,0.3122139847960543,0,0.2587183411757584
7028.json,tim-kaine,mostly-true,0,speaker_disjoint_split,0,0.4934346104102229,0,0.4197053538815265
3936.json,wisconsin-humane-society,mostly-true,0,speaker_disjoint_split,0,0.4730237148500478,1,0.6733248692881424
9901.json,connie-stokes,half-true,0,speaker_disjoint_split,0,0.4148739807983361,0,0.2510295089170648
13088.json,tim-kaine,mostly-true,0,speaker_disjoint_split,0,0.37936092355832723,0,0.33529632055394587
11007.json,bernie-s,half-true,0,speaker_disjoint_split,1,0.533255962614496,1,0.50891640902769
9066.json,kathleen-sebelius,barely-true,1,speaker_disjoint_split,1,0.5893320302570942,1,0.6392249561104053
495.json,john-mccain,true,0,speaker_disjoint_split,1,0.6821471592790562,1,0.6989437959892045
10395.json,scott-walker,half-true,0,speaker_disjoint_split,0,0.3090819553367679,0,0.39826307417912205
1709.json,charlie-crist,half-true,0,speaker_disjoint_split,1,0.5716961283796466,0,0.43878006138356385
2452.json,republican-governors-association,pants-fire,1,speaker_disjoint_split,1,0.662880290017978,1,0.6778122954552607
13266.json,donald-trump,barely-true,1,speaker_disjoint_split,0,0.3885846470706279,0,0.458766972121731
3543.json,stefani-carter,half-true,0,speaker_disjoint_split,0,0.36568778640687766,0,0.38885907764837174
11803.json,donald-trump,false,1,speaker_disjoint_split,0,0.38469555517689036,0,0.40647581997063653
12188.json,bernie-s,false,1,speaker_disjoint_split,0,0.370031835561015,0,0.3529547603659099
13393.json,national-republican-congressional-committee,barely-true,1,speaker_disjoint_split,1,0.5079335386360696,1,0.5768837542877852
6815.json,lois-frankel,barely-true,1,speaker_disjoint_split,0,0.38756028183482966,0,0.3217684452427943
9839.json,scott-walker,mostly-true,0,speaker_disjoint_split,0,0.41482011304564737,1,0.5239290294674737
2077.json,yvette-mcgee-brown,true,0,speaker_disjoint_split,1,0.6203832992559882,1,0.5475202127285546
8298.json,dennis-richardson,false,1,speaker_disjoint_split,0,0.24372012571382012,0,0.2136440211213926
11354.json,ben-carson,barely-true,1,speaker_disjoint_split,0,0.41475030624462617,0,0.42235185571849254
8767.json,kathleen-vinehout,mostly-true,0,speaker_disjoint_split,0,0.3779731020715507,0,0.42254644846922657
44.json,bill-richardson,mostly-true,0,speaker_disjoint_split,0,0.35523580189323245,0,0.2650689754283983
11763.json,david-sweetser,true,0,speaker_disjoint_split,0,0.44670399867243393,1,0.5752982016028202
987.json,rush-limbaugh,false,1,speaker_disjoint_split,1,0.5801193485412706,1,0.5553103721759373
9579.json,charlie-crist,mostly-true,0,speaker_disjoint_split,0,0.42137785059547817,0,0.3945471514333861
6746.json,restore-our-future,barely-true,1,speaker_disjoint_split,0,0.4120974870463563,0,0.4330143644270603
9331.json,dan-patrick,false,1,speaker_disjoint_split,1,0.5489705814823179,0,0.4805047350875154
10109.json,no-tax-tracks,false,1,speaker_disjoint_split,1,0.5670243041355189,1,0.5926530854397609
6364.json,club-growth,barely-true,1,speaker_disjoint_split,1,0.7602874955441711,1,0.7844908044865312
11739.json,donald-trump,barely-true,1,speaker_disjoint_split,1,0.5197032031816982,1,0.5444848015902523
10045.json,nik-kovac,false,1,speaker_disjoint_split,0,0.37501090577569196,0,0.4979032845601804
4697.json,blog-posting,false,1,speaker_disjoint_split,1,0.6693550327908288,1,0.7877749946072155
7832.json,bryan-long,half-true,0,speaker_disjoint_split,0,0.17336079869981408,0,0.16726736839232947
5648.json,lynn-westmoreland,half-true,0,speaker_disjoint_split,1,0.5111228175696486,0,0.42373843887387
7672.json,blog-posting,false,1,speaker_disjoint_split,1,0.6070054702440311,1,0.7203363575625681
9027.json,scott-walker,true,0,speaker_disjoint_split,1,0.592601343837058,1,0.5711522460995184
6641.json,bill-clinton,true,0,speaker_disjoint_split,0,0.28342035031230994,0,0.28803610190960677
7932.json,blog-posting,false,1,speaker_disjoint_split,0,0.2972986855302816,0,0.4846418236159913
11961.json,donald-trump,false,1,speaker_disjoint_split,1,0.6455879424062353,1,0.7094326332495402
2463.json,tom-nelson,false,1,speaker_disjoint_split,0,0.3746301137937875,1,0.5554457702428963
430.json,focus-family-action,false,1,speaker_disjoint_split,1,0.5479501866808139,1,0.530255335409449
974.json,arlen-specter,mostly-true,0,speaker_disjoint_split,0,0.4094211125218781,0,0.47869539601406236
7870.json,scott-walker,half-true,0,speaker_disjoint_split,0,0.18410591517519853,0,0.20687140710401994
425.json,john-mccain,false,1,speaker_disjoint_split,0,0.4137232866786243,0,0.44803115943457417
10802.json,ben-carson,false,1,speaker_disjoint_split,0,0.19924992246163123,0,0.20335093396740556
9070.json,no-tax-tracks,false,1,speaker_disjoint_split,1,0.5896946598392682,1,0.5870690380340405
10026.json,charlie-crist,mostly-true,0,speaker_disjoint_split,1,0.516266378210015,1,0.531604956222767
3556.json,saxby-chambliss,mostly-true,0,speaker_disjoint_split,0,0.3986582919976199,0,0.4211661645485986
11392.json,dan-patrick,pants-fire,1,speaker_disjoint_split,0,0.3350069244605392,0,0.33479841630816526
12161.json,donald-trump,false,1,speaker_disjoint_split,1,0.52271368130361,0,0.45692568568052894
13091.json,libre-initiative,mostly-true,0,speaker_disjoint_split,1,0.5162930637659071,1,0.5180351159927825
4785.json,robert-hagan,mostly-true,0,speaker_disjoint_split,0,0.314163428843078,0,0.27764644926666604
2260.json,national-republican-congressional-committee,half-true,0,speaker_disjoint_split,1,0.5713829538467463,0,0.42499180590682695
9011.json,john-bolton,mostly-true,0,speaker_disjoint_split,0,0.4872058043570204,0,0.47323761662367614
2998.json,dean-cannon,true,0,speaker_disjoint_split,0,0.24727706807466904,0,0.1706374360511987
11953.json,donald-trump,false,1,speaker_disjoint_split,0,0.34678768495406925,0,0.4006444082243948
5296.json,democratic-congressional-campaign-committee,pants-fire,1,speaker_disjoint_split,1,0.6356415129775315,1,0.6326786218112851
1605.json,republican-party-florida,pants-fire,1,speaker_disjoint_split,1,0.666294119683799,1,0.6348112461916829
3315.json,christopher-peace,false,1,speaker_disjoint_split,1,0.6470395113370889,1,0.7829986972541492
7710.json,susan-b-anthony-list,pants-fire,1,speaker_disjoint_split,1,0.5266260631449776,1,0.6310687415066971
8349.json,debbie-wasserman-schultz,mostly-true,0,speaker_disjoint_split,1,0.6496092511632479,1,0.6658799661021182
10684.json,scott-walker,true,0,speaker_disjoint_split,1,0.5848924772484982,1,0.5646247385653625
4324.json,arne-duncan,false,1,speaker_disjoint_split,0,0.4690108069725678,0,0.34487031742033564
12458.json,donald-trump,pants-fire,1,speaker_disjoint_split,1,0.5962070362429868,1,0.629375818214465
807.json,john-mccain,mostly-true,0,speaker_disjoint_split,0,0.20521898829405408,0,0.19385267757413083
8954.json,dan-branch,half-true,0,speaker_disjoint_split,1,0.5747915456549969,1,0.6866550990723251
13193.json,tim-kaine,true,0,speaker_disjoint_split,0,0.47866562748727887,0,0.4591652111728253
3077.json,john-kasich,true,0,speaker_disjoint_split,0,0.4842477461050117,0,0.49587039455583626
6441.json,new-jersey-democratic-state-committee,half-true,0,speaker_disjoint_split,0,0.28811428827820684,0,0.2831862413999202
9772.json,republican-party-florida,true,0,speaker_disjoint_split,0,0.43953719221088344,0,0.4655663692787832
1311.json,charlie-crist,false,1,speaker_disjoint_split,0,0.3704798862560539,0,0.3091961235402152
7079.json,saxby-chambliss,mostly-true,0,speaker_disjoint_split,0,0.22430567925316952,0,0.2582949031098851
11977.json,donald-trump,false,1,speaker_disjoint_split,1,0.5587609072956613,1,0.6494135380932705
11936.json,donald-trump,mostly-true,0,speaker_disjoint_split,0,0.2730209263621896,0,0.26540878740893153
706.json,john-mccain,pants-fire,1,speaker_disjoint_split,1,0.6716244659983007,1,0.6081704532723505
11190.json,scott-walker,mostly-true,0,speaker_disjoint_split,0,0.4374175057473588,0,0.4301665176188169
11531.json,bernie-s,false,1,speaker_disjoint_split,0,0.4381136813396296,0,0.38234042253917216
6611.json,anthony-gemma,pants-fire,1,speaker_disjoint_split,1,0.6273707311519153,1,0.5940975656792806
12380.json,ken-cuccinelli,mostly-true,0,speaker_disjoint_split,0,0.3620386551430022,0,0.3745397134105968
10737.json,charlie-bethel,half-true,0,speaker_disjoint_split,0,0.19466965602369965,0,0.21348328579227915
13312.json,donald-trump,false,1,speaker_disjoint_split,1,0.567284258412816,1,0.5216983258527456
26.json,john-mccain,mostly-true,0,speaker_disjoint_split,0,0.49937743048550315,1,0.5860817470399947
9664.json,scott-walker,mostly-true,0,speaker_disjoint_split,1,0.5894330721713791,1,0.6287746096035961
13446.json,ohio-republican-party,barely-true,1,speaker_disjoint_split,1,0.5596321385303984,1,0.6817689307003215
4569.json,steve-lonegan,false,1,speaker_disjoint_split,1,0.7120723551814596,1,0.6264637921685796
8581.json,pat-mccrory,barely-true,1,speaker_disjoint_split,0,0.39784962136340657,0,0.35233940716887324
13518.json,donald-trump,half-true,0,speaker_disjoint_split,1,0.6429981994266571,1,0.6386678569957782
11008.json,donald-trump,false,1,speaker_disjoint_split,1,0.556502301177062,1,0.6278458942704734
10545.json,blog-posting,barely-true,1,speaker_disjoint_split,1,0.6854888799116488,1,0.8217271798079238
3446.json,david-cicilline,barely-true,1,speaker_disjoint_split,0,0.466104669528302,0,0.32357693061074944
3086.json,nathan-deal,mostly-true,0,speaker_disjoint_split,1,0.7759567470878268,1,0.7941983734744498
10955.json,donald-trump,barely-true,1,speaker_disjoint_split,0,0.4346172014635407,0,0.42745833139699063
10441.json,scott-walker,pants-fire,1,speaker_disjoint_split,1,0.7607551292572832,1,0.7791771367842026
10047.json,jeanne-shaheen,barely-true,1,speaker_disjoint_split,1,0.668712439269202,1,0.6300523824462683
9544.json,no-tax-tracks,half-true,0,speaker_disjoint_split,1,0.658121923108016,1,0.6694884505866738
9064.json,karl-rove,mostly-true,0,speaker_disjoint_split,1,0.5934108868066535,1,0.5920927259850133
11088.json,donald-trump,barely-true,1,speaker_disjoint_split,0,0.26347157982936176,0,0.2813645365985417
3509.json,joanne-kloppenburg,pants-fire,1,speaker_disjoint_split,1,0.6704776982775824,1,0.7028619416064669
1112.json,bill-pascrell,half-true,0,speaker_disjoint_split,0,0.4914934844750973,0,0.4780233564232829
8652.json,bill-oreilly,false,1,speaker_disjoint_split,1,0.5560581654528763,1,0.5687167389563679
2942.json,scott-walker,barely-true,1,speaker_disjoint_split,1,0.6588873738363945,1,0.6615748632331054
9840.json,megyn-kelly,true,0,speaker_disjoint_split,1,0.5516909282672283,0,0.36957420244710626
7597.json,kirk-watson,true,0,speaker_disjoint_split,0,0.4252597046121154,0,0.4775461876159333
6093.json,robert-menendez,false,1,speaker_disjoint_split,0,0.4468090682054922,0,0.34218963317487244
768.json,joe-biden,barely-true,1,speaker_disjoint_split,0,0.3740031029758953,0,0.33658297180172103
11897.json,bernie-s,mostly-true,0,speaker_disjoint_split,0,0.24240133899285238,0,0.26281676333819715
12306.json,donald-trump,false,1,speaker_disjoint_split,0,0.48056081524181854,1,0.543483920068317
1453.json,franklin-sands,half-true,0,speaker_disjoint_split,0,0.1108332953698971,0,0.065908000647474
11558.json,carly-fiorina,pants-fire,1,speaker_disjoint_split,1,0.8800634198440515,1,0.8709854978575572
13447.json,donald-trump,mostly-true,0,speaker_disjoint_split,0,0.4132615784410481,0,0.44444955115264506
3317.json,tim-kaine,mostly-true,0,speaker_disjoint_split,0,0.2813267586908879,0,0.2519457074427869
1057.json,glenn-beck,false,1,speaker_disjoint_split,0,0.36958042122825163,0,0.4135489731839244
12969.json,donald-trump,barely-true,1,speaker_disjoint_split,0,0.4042662697778318,0,0.3932456267272482
5899.json,tim-kaine,true,0,speaker_disjoint_split,0,0.29943193960536957,0,0.2860402067971521
10112.json,scott-walker,false,1,speaker_disjoint_split,1,0.5029576790972509,0,0.47703116739981594
6959.json,rob-moshein,half-true,0,speaker_disjoint_split,0,0.2770883657611339,0,0.28654736722510793
3944.json,john-kasich,barely-true,1,speaker_disjoint_split,0,0.4240975380595645,0,0.4576538969076413
13465.json,donald-trump,half-true,0,speaker_disjoint_split,0,0.2406176144584828,0,0.23339913261999698
8642.json,jorge-ramos,barely-true,1,speaker_disjoint_split,1,0.6592656767913505,1,0.602847446167641
3992.json,better-austin-today-political-action-committee,barely-true,1,speaker_disjoint_split,1,0.5870887975337621,0,0.49789272186513955
4247.json,alberto-carvalho,half-true,0,speaker_disjoint_split,0,0.27995737825286643,0,0.24819673689393226
1521.json,charles-boustany,mostly-true,0,speaker_disjoint_split,0,0.4426030126699023,0,0.4958749502691647
11408.json,debbie-wasserman-schultz,mostly-true,0,speaker_disjoint_split,0,0.361692975820562,0,0.38224710588982186
6480.json,arne-duncan,mostly-true,0,speaker_disjoint_split,0,0.23555114714884187,0,0.18839367875546795
1714.json,lamar-alexander,true,0,speaker_disjoint_split,1,0.6452167338503584,1,0.7002057451372857
13452.json,amy-schumer,half-true,0,speaker_disjoint_split,1,0.6350156510933315,1,0.5863633416679019
5685.json,vern-buchanan,half-true,0,speaker_disjoint_split,1,0.6527370866845482,1,0.5938034226755468
8181.json,carly-fiorina,half-true,0,speaker_disjoint_split,0,0.3846652759345956,0,0.3761391757502326
622.json,john-mccain,half-true,0,speaker_disjoint_split,0,0.4826974926474958,0,0.486494860002498
13054.json,chris-sununu,half-true,0,speaker_disjoint_split,1,0.5171095832800934,0,0.45425107746388865
703.json,john-mccain,mostly-true,0,speaker_disjoint_split,1,0.5871256504124651,1,0.6786427547961839
270.json,joe-biden,false,1,speaker_disjoint_split,1,0.5564704975962184,0,0.41848858142462536
319.json,john-mccain,true,0,speaker_disjoint_split,0,0.42408660856401204,0,0.4641990598302084
4040.json,scott-walker,false,1,speaker_disjoint_split,0,0.26730450980762405,0,0.27732568688617615
7745.json,allison-tant,false,1,speaker_disjoint_split,1,0.5992971712047517,1,0.6506395158631477
11983.json,donald-trump,false,1,speaker_disjoint_split,0,0.43399686366920637,0,0.3682168117240865
2610.json,john-robitaille,true,0,speaker_disjoint_split,0,0.46334865693369387,0,0.4583040780562052
11441.json,bill-oreilly,barely-true,1,speaker_disjoint_split,0,0.42223188503015524,0,0.48682880771245934
7980.json,lynn-westmoreland,true,0,speaker_disjoint_split,1,0.5780767518053763,1,0.5860916390811701
3612.json,john-kasich,half-true,0,speaker_disjoint_split,0,0.48970523380309094,0,0.48263816321237984
8546.json,scott-walker,half-true,0,speaker_disjoint_split,0,0.213278903060143,0,0.21915314347950718
9607.json,bill-oreilly,mostly-true,0,speaker_disjoint_split,0,0.3177299559063479,0,0.3348870616879987
496.json,john-mccain,false,1,speaker_disjoint_split,0,0.38307958663513214,0,0.43342421327443126
2386.json,austan-goolsbee,false,1,speaker_disjoint_split,1,0.6518139285565488,1,0.5394522418810602
7270.json,protect-families-first,false,1,speaker_disjoint_split,1,0.5944336568047357,1,0.6288587350507885
578.json,john-mccain,mostly-true,0,speaker_disjoint_split,1,0.5679303548821495,1,0.6144149621271202
8283.json,scott-walker,barely-true,1,speaker_disjoint_split,0,0.436423989984174,0,0.4924042578550702
13225.json,donald-trump,half-true,0,speaker_disjoint_split,0,0.3907102429793099,0,0.39772628354155004
13256.json,national-republican-congressional-committee,true,0,speaker_disjoint_split,1,0.5561700668592717,0,0.465439964650966
12556.json,donald-trump,true,0,speaker_disjoint_split,1,0.6906355599879259,1,0.7217553693522057
12539.json,joaquin-castro,mostly-true,0,speaker_disjoint_split,1,0.5342625869863353,0,0.49574211825085185
71.json,ron-paul,false,1,speaker_disjoint_split,0,0.43028048875097596,0,0.26717010183934076
4244.json,saxby-chambliss,mostly-true,0,speaker_disjoint_split,0,0.3891142100622268,0,0.4242216181809064
1887.json,john-oxendine,true,0,speaker_disjoint_split,0,0.097862762949903,0,0.07886282789139983
567.json,john-mccain,true,0,speaker_disjoint_split,1,0.7331703395823223,1,0.7214152982067453
271.json,joe-biden,false,1,speaker_disjoint_split,1,0.5977398274336875,0,0.4632522467257245
12120.json,bernie-s,true,0,speaker_disjoint_split,0,0.24128991083657592,0,0.18609192243109893
1001.json,arlen-specter,false,1,speaker_disjoint_split,1,0.6989053882498516,1,0.7115503283663218
4723.json,jon-huntsman,mostly-true,0,speaker_disjoint_split,0,0.41314278587745323,0,0.46743713024103717
3395.json,dan-patrick,barely-true,1,speaker_disjoint_split,0,0.3204321371612898,0,0.2684397190664261
9935.json,charlie-crist,barely-true,1,speaker_disjoint_split,0,0.38022674882319313,0,0.37332536662510474
68.json,joe-biden,half-true,0,speaker_disjoint_split,1,0.7109814033474776,1,0.6246487978073819
2567.json,citizens-lower-taxes-and-stronger-economy,barely-true,1,speaker_disjoint_split,0,0.43249353059107926,0,0.32055577850006334
11357.json,bernie-s,barely-true,1,speaker_disjoint_split,0,0.43859698014302545,0,0.38208263705264794
952.json,joe-biden,half-true,0,speaker_disjoint_split,0,0.2885248470557239,0,0.24305579838642644
224.json,joe-biden,true,0,speaker_disjoint_split,0,0.4146060206085687,0,0.4007673581053478
2795.json,tim-kaine,mostly-true,0,speaker_disjoint_split,1,0.6083352615215729,1,0.553429961789467
1371.json,karl-rove,barely-true,1,speaker_disjoint_split,1,0.5575206665122134,1,0.58683037961902
9645.json,jamie-weinstein,half-true,0,speaker_disjoint_split,0,0.3882690008341819,0,0.4737941589417325
577.json,john-mccain,half-true,0,speaker_disjoint_split,1,0.5463036307274991,1,0.5499672963799129
8964.json,republican-party-florida,barely-true,1,speaker_disjoint_split,1,0.6673640994100296,1,0.6211859448496796
6355.json,george-flinn,pants-fire,1,speaker_disjoint_split,1,0.7613139377493622,1,0.7754227284321695
9924.json,blog-posting,pants-fire,1,speaker_disjoint_split,1,0.599974536003109,1,0.7465071066157284
6388.json,francisco-quico-canseco,half-true,0,speaker_disjoint_split,1,0.7442590152104863,1,0.7984900333340744
3882.json,tom-rooney,mostly-true,0,speaker_disjoint_split,0,0.3792639835441079,0,0.38552647333618273
4158.json,john-kasich,mostly-true,0,speaker_disjoint_split,0,0.3007076542991266,0,0.416703848593304
12989.json,donald-trump,false,1,speaker_disjoint_split,0,0.48454054870862157,0,0.47463370262193755
2751.json,democratic-congressional-campaign-committee,half-true,0,speaker_disjoint_split,1,0.5336689440941192,1,0.6731891382317386
8539.json,mr-conservative,pants-fire,1,speaker_disjoint_split,1,0.7279854310128245,1,0.7301679206142209
8478.json,kathleen-sebelius,pants-fire,1,speaker_disjoint_split,1,0.563010384339275,1,0.6200920049149304
7558.json,bruce-hanna,false,1,speaker_disjoint_split,0,0.3854173076838967,0,0.41246288996754005
11240.json,donald-trump,half-true,0,speaker_disjoint_split,0,0.33132645942051364,0,0.38944651877458647
12616.json,donald-trump,barely-true,1,speaker_disjoint_split,1,0.5044192120308946,1,0.5718128053060197
10247.json,scott-walker,barely-true,1,speaker_disjoint_split,0,0.3225720203888346,0,0.356585554158812
791.json,john-mccain,half-true,0,speaker_disjoint_split,1,0.6552237813308596,1,0.7146019451391183
11341.json,donald-trump,false,1,speaker_disjoint_split,1,0.5957249620498157,1,0.5921488304760966
11702.json,scott-walker,true,0,speaker_disjoint_split,0,0.35087879288690244,0,0.38132228196772816
12564.json,tim-kaine,mostly-true,0,speaker_disjoint_split,1,0.5238182455115772,1,0.5307348653360147
12346.json,joe-biden,false,1,speaker_disjoint_split,0,0.3649510814062121,0,0.35418857813205695
12742.json,donald-trump,half-true,0,speaker_disjoint_split,0,0.32382458892334115,0,0.31784489000963945
2799.json,kathie-glass,pants-fire,1,speaker_disjoint_split,0,0.3993198285443366,1,0.5280742439446567
12297.json,new-day-america,half-true,0,speaker_disjoint_split,0,0.4299665372945002,0,0.48577698928055985
10636.json,florida-students-concealed-carry,barely-true,1,speaker_disjoint_split,0,0.2848944509576324,0,0.36437920305670385
3297.json,state-democratic-party-wisconsin,false,1,speaker_disjoint_split,0,0.28290695532374743,0,0.33973639338074846
3770.json,ron-paul,mostly-true,0,speaker_disjoint_split,0,0.326559836378535,0,0.36782784569404964
8661.json,michael-chippendale,mostly-true,0,speaker_disjoint_split,0,0.38427841291497633,0,0.34927927542952625
12263.json,donald-trump,false,1,speaker_disjoint_split,0,0.3830997388548001,0,0.43295137454606364
159.json,joe-biden,barely-true,1,speaker_disjoint_split,1,0.555216438851675,0,0.411081274839195
11651.json,scott-walker,barely-true,1,speaker_disjoint_split,0,0.2866497926308364,0,0.29678691044329236
11613.json,peter-kinder,pants-fire,1,speaker_disjoint_split,1,0.6441900855056564,1,0.5902061596326305
8784.json,robert-puente,false,1,speaker_disjoint_split,0,0.19433832870492407,0,0.12778468208179455
10582.json,david-jolly,mostly-true,0,speaker_disjoint_split,1,0.7217731145204714,1,0.7232200164655199
4265.json,state-democratic-party-wisconsin,pants-fire,1,speaker_disjoint_split,1,0.7393910277626001,1,0.7145167348022132
6927.json,nathan-deal,half-true,0,speaker_disjoint_split,0,0.26388310096228257,0,0.2681516243261287
547.json,john-mccain,pants-fire,1,speaker_disjoint_split,1,0.6801653906763323,1,0.7127045569510276
11419.json,bernie-s,mostly-true,0,speaker_disjoint_split,0,0.31831930995385876,0,0.2532148785918005
3234.json,glenn-beck,false,1,speaker_disjoint_split,1,0.6625716995980627,1,0.70283716892734
12476.json,rush-limbaugh,false,1,speaker_disjoint_split,1,0.7651872005220495,1,0.8281210647770583
3715.json,scott-walker,true,0,speaker_disjoint_split,1,0.540722727760079,0,0.48208196330786907
7611.json,susan-yoshihara,false,1,speaker_disjoint_split,1,0.5657155609014936,1,0.5732425630461078
8923.json,national-republican-congressional-committee,half-true,0,speaker_disjoint_split,1,0.7421639425990437,1,0.7060676891293002
8786.json,national-republican-congressional-committee,half-true,0,speaker_disjoint_split,1,0.5501762728166786,0,0.49995307545518436
318.json,john-mccain,barely-true,1,speaker_disjoint_split,0,0.35632318153889114,0,0.3598322893246838
10776.json,richard-clarke,barely-true,1,speaker_disjoint_split,1,0.7149170887857355,1,0.6469242538875971
2718.json,lloyd-doggett,mostly-true,0,speaker_disjoint_split,1,0.6251210481271371,1,0.5959765301896168
12501.json,gary-johnson,barely-true,1,speaker_disjoint_split,0,0.44928329232583736,0,0.47999411749790205
6894.json,joe-biden,half-true,0,speaker_disjoint_split,0,0.3848879179976083,0,0.35954109219236147
12852.json,donald-trump,pants-fire,1,speaker_disjoint_split,1,0.6120168581310975,1,0.5156580570265322
11618.json,donald-trump,pants-fire,1,speaker_disjoint_split,0,0.3585669328667642,0,0.33233046820181605
4176.json,sam-olens,false,1,speaker_disjoint_split,1,0.5914491676645832,1,0.5958928237063673
7058.json,taxpayer-association-oregon,half-true,0,speaker_disjoint_split,1,0.5279654233176888,1,0.6064559787070885
2454.json,republican-party-florida,barely-true,1,speaker_disjoint_split,1,0.5723029757382979,1,0.5098111387123738
5726.json,sara-stevenson,barely-true,1,speaker_disjoint_split,0,0.3590850985925615,0,0.29792653579654427
3015.json,mike-polensek,half-true,0,speaker_disjoint_split,0,0.3200921291801562,0,0.15779406446061836
5901.json,oregon-league-conservation-voters,barely-true,1,speaker_disjoint_split,1,0.693469097826393,1,0.7479890314085561
11882.json,carly-fiorina,true,0,speaker_disjoint_split,0,0.3131255998957953,0,0.22075851202755914
8227.json,bill-clinton,true,0,speaker_disjoint_split,0,0.36657912794589675,0,0.3617697559760628
3138.json,ken-cuccinelli,true,0,speaker_disjoint_split,0,0.4718490030205181,1,0.5496368177631947
2301.json,michael-thurmond,true,0,speaker_disjoint_split,0,0.3137651191910267,0,0.2968041370158442
5809.json,samuel-wurzelbacher,false,1,speaker_disjoint_split,1,0.8646859338163081,1,0.821344865345139
7761.json,charlie-crist,false,1,speaker_disjoint_split,1,0.6426859751386679,1,0.5447646593357404
2488.json,sam-adams,half-true,0,speaker_disjoint_split,1,0.6367168428433246,1,0.5666962283875931
3947.json,ted-ferrioli,half-true,0,speaker_disjoint_split,0,0.45950381984835914,1,0.56254514406001
12862.json,donald-trump,pants-fire,1,speaker_disjoint_split,1,0.6469573258125211,1,0.6353951648526182
1004.json,joe-biden,pants-fire,1,speaker_disjoint_split,0,0.3603270570229548,0,0.28792287465331584
1466.json,debra-medina,half-true,0,speaker_disjoint_split,0,0.37318524823481086,0,0.4832483460476476
2343.json,yvette-mcgee-brown,true,0,speaker_disjoint_split,0,0.3042094450896133,0,0.21066098089587626
2951.json,democratic-congressional-campaign-committee,half-true,0,speaker_disjoint_split,1,0.5563364068042727,1,0.5643865189932181
2156.json,catherine-taylor,false,1,speaker_disjoint_split,1,0.5784387615996825,1,0.6120930188061298
13414.json,donald-trump,half-true,0,speaker_disjoint_split,1,0.6577801008730079,1,0.6692220513961981
11597.json,ben-carson,barely-true,1,speaker_disjoint_split,0,0.4554249296358478,0,0.40820186027736916
9795.json,republican-party-florida,pants-fire,1,speaker_disjoint_split,1,0.7586452959027884,1,0.7094138500960223
5295.json,joseph-trillo,half-true,0,speaker_disjoint_split,0,0.4826299408647922,1,0.5367572909188157
48.json,ron-paul,mostly-true,0,speaker_disjoint_split,0,0.19138575091436844,0,0.19385066212760166
4587.json,jon-huntsman,half-true,0,speaker_disjoint_split,0,0.31802417880022665,0,0.3132147525276095
2583.json,rob-cornilles,half-true,0,speaker_disjoint_split,0,0.4598144504809558,0,0.4150012426405714
13406.json,donald-trump,true,0,speaker_disjoint_split,0,0.2997710518376766,0,0.2618540701361895
12357.json,david-jolly,barely-true,1,speaker_disjoint_split,0,0.4878393211748543,1,0.5467678379261737
3184.json,glenn-beck,half-true,0,speaker_disjoint_split,1,0.748412664237072,1,0.8024915349679438
11530.json,republican-party-florida,mostly-true,0,speaker_disjoint_split,1,0.5262141303068373,0,0.443051466431864
5267.json,nathan-deal,false,1,speaker_disjoint_split,0,0.3180845209504951,0,0.3662507933323609
5088.json,jon-huntsman,half-true,0,speaker_disjoint_split,0,0.4561853695095817,0,0.43102763974195035
8346.json,jeb-hensarling,pants-fire,1,speaker_disjoint_split,1,0.7501167208556134,1,0.7824568577347877
10629.json,james-carville,false,1,speaker_disjoint_split,1,0.5252149959355243,0,0.40012125667633003
2118.json,melanie-crozier,pants-fire,1,speaker_disjoint_split,1,0.6923363402156018,1,0.7322931317219238
3812.json,rush-limbaugh,barely-true,1,speaker_disjoint_split,1,0.6422756266118469,1,0.6393414841559684
3042.json,new-georgia-encyclopedia,true,0,speaker_disjoint_split,1,0.6934718596599857,1,0.8083709043166377
2694.json,promote-oregon-leadership-pac-oregon-house-republi,true,0,speaker_disjoint_split,1,0.6653697742143256,1,0.7070995847430948
3383.json,blog-posting,false,1,speaker_disjoint_split,1,0.6884999187014764,1,0.7654217694044593
5823.json,nathan-deal,barely-true,1,speaker_disjoint_split,0,0.15014215057234517,0,0.17364480709856736
12470.json,donald-trump,barely-true,1,speaker_disjoint_split,1,0.5260575620010763,1,0.6058688987676585
666.json,joe-biden,half-true,0,speaker_disjoint_split,1,0.5196145277409735,0,0.41841959066307227
2937.json,john-kasich,true,0,speaker_disjoint_split,0,0.4201186643936772,0,0.43868154075254523
138.json,ron-paul,mostly-true,0,speaker_disjoint_split,1,0.8423347238676026,1,0.8429502248468101
4720.json,jon-huntsman,true,0,speaker_disjoint_split,0,0.4063014702333955,0,0.469973172997808
1111.json,bill-pascrell,half-true,0,speaker_disjoint_split,0,0.40353379626843144,0,0.40382830300183814
7105.json,paul-levesque,mostly-true,0,speaker_disjoint_split,0,0.40321917657877215,0,0.4709344446974781
8605.json,donna-brazile,mostly-true,0,speaker_disjoint_split,1,0.5722218477034469,1,0.5635840071062397
330.json,john-mccain,half-true,0,speaker_disjoint_split,0,0.2716514597236368,0,0.2761171624217611
12693.json,joe-biden,half-true,0,speaker_disjoint_split,0,0.3244242253650671,0,0.2812638801378584
819.json,republican-party-florida,half-true,0,speaker_disjoint_split,1,0.7782286831566041,1,0.7685871349665688
7934.json,stephen-sweeney,mostly-true,0,speaker_disjoint_split,0,0.39512706104838174,0,0.42562327116566284
614.json,john-mccain,barely-true,1,speaker_disjoint_split,1,0.5467840252086816,1,0.5272425852955567
7208.json,american-international-group,mostly-true,0,speaker_disjoint_split,0,0.26864160066274806,0,0.19242405923900824
642.json,joe-biden,true,0,speaker_disjoint_split,0,0.35741862166710753,0,0.3053022122822428
12166.json,donald-trump,pants-fire,1,speaker_disjoint_split,1,0.6731251547581969,1,0.687840909246681
6793.json,yes-82-and-83-campaign,half-true,0,speaker_disjoint_split,1,0.619956513359657,1,0.673584194489195
9565.json,charlie-crist,half-true,0,speaker_disjoint_split,1,0.7409230254927545,1,0.6753939787686926
13376.json,dan-patrick,true,0,speaker_disjoint_split,1,0.5774749921597827,0,0.4902729991262474
11061.json,jan-brewer,barely-true,1,speaker_disjoint_split,0,0.4335596166681837,1,0.5752373280632818
12434.json,donald-trump,pants-fire,1,speaker_disjoint_split,1,0.7390941980398932,1,0.7087174038845241
1703.json,bill-clinton,half-true,0,speaker_disjoint_split,0,0.4704114320810431,0,0.46149897683997526
4443.json,ron-paul,mostly-true,0,speaker_disjoint_split,0,0.19701651370524656,0,0.20472667707084166
9918.json,scott-walker,true,0,speaker_disjoint_split,0,0.41092985332958587,0,0.4303552463834334
10319.json,tom-coburn,half-true,0,speaker_disjoint_split,0,0.4250057588713787,0,0.4878734859445716
9057.json,nathan-deal,barely-true,1,speaker_disjoint_split,0,0.259281725843236,0,0.22027087256538086
1457.json,glenn-beck,half-true,0,speaker_disjoint_split,1,0.6774481206315847,1,0.7070452785055783
4163.json,ron-paul,true,0,speaker_disjoint_split,0,0.30027846621252613,0,0.24177295807561316
3183.json,democratic-congressional-campaign-committee,pants-fire,1,speaker_disjoint_split,1,0.589284777365109,1,0.6593959547864061
2038.json,john-oxendine,half-true,0,speaker_disjoint_split,1,0.5403690178367537,1,0.5484147417097809
1837.json,colin-powell,true,0,speaker_disjoint_split,0,0.23422745483066634,0,0.2004522799212849
6296.json,bill-pascrell,false,1,speaker_disjoint_split,1,0.6655758360543316,1,0.6073673551547399
3448.json,sam-adams,mostly-true,0,speaker_disjoint_split,0,0.412914569669051,0,0.3560954788838895
3292.json,donna-brazile,mostly-true,0,speaker_disjoint_split,1,0.6370232811082923,1,0.5879242677667428
12828.json,bike-austin,barely-true,1,speaker_disjoint_split,0,0.24095256156928893,0,0.27113552887583614
10596.json,john-fredericks,false,1,speaker_disjoint_split,0,0.3273827734992243,0,0.4305190404501285
4942.json,jon-huntsman,barely-true,1,speaker_disjoint_split,0,0.38733905717106,0,0.41798299743452155
6718.json,jeanne-shaheen,half-true,0,speaker_disjoint_split,0,0.25073566387356266,0,0.24807807729746853
6796.json,val-demings,barely-true,1,speaker_disjoint_split,1,0.6327383168136091,1,0.7453826671547336
3479.json,joanne-kloppenburg,barely-true,1,speaker_disjoint_split,1,0.8281245350105739,1,0.8049157693849935
6997.json,tim-kaine,mostly-true,0,speaker_disjoint_split,0,0.4274327068643867,0,0.42532473812645827
8398.json,national-republican-congressional-committee,barely-true,1,speaker_disjoint_split,1,0.5650933526187062,1,0.5682773680278435
11003.json,blog-posting,false,1,speaker_disjoint_split,1,0.7610703045669368,1,0.8887227318639916
4674.json,iowans-some-semblance-christian-decency,false,1,speaker_disjoint_split,1,0.5788084566137516,1,0.6164548606534678
2025.json,keith-olbermann,false,1,speaker_disjoint_split,0,0.4193001767031864,0,0.4653536773660187
11041.json,bernie-s,mostly-true,0,speaker_disjoint_split,0,0.24006995430880695,0,0.24562050435054217
1374.json,charlie-crist,true,0,speaker_disjoint_split,1,0.7282772447927794,1,0.6530336404281106
8144.json,ken-cuccinelli,half-true,0,speaker_disjoint_split,1,0.548661995689275,1,0.5772780028765253
4441.json,debbie-wasserman-schultz,mostly-true,0,speaker_disjoint_split,0,0.26407465494167354,0,0.24909305904979667
5504.json,lenny-curry,false,1,speaker_disjoint_split,1,0.5830819786688772,1,0.5824680413666438
6646.json,bill-clinton,true,0,speaker_disjoint_split,1,0.5809583192911599,1,0.585908683790349
13349.json,donald-trump,pants-fire,1,speaker_disjoint_split,0,0.4072721679360829,1,0.505211356866454
11556.json,ben-carson,barely-true,1,speaker_disjoint_split,1,0.5344809010019637,1,0.5443755790891988
1795.json,charlie-crist,mostly-true,0,speaker_disjoint_split,1,0.5342101619822539,0,0.436312591883779
8256.json,steve-munisteri,half-true,0,speaker_disjoint_split,0,0.4099032538505477,0,0.34138447969324964
10052.json,sarah-silverman,half-true,0,speaker_disjoint_split,0,0.40323037656650057,0,0.296678937187857
9651.json,debbie-wasserman-schultz,mostly-true,0,speaker_disjoint_split,1,0.6148035711276284,1,0.6146412948660374
12277.json,donald-trump,mostly-true,0,speaker_disjoint_split,0,0.18428134667885354,0,0.22838637362689496
12326.json,donald-trump,pants-fire,1,speaker_disjoint_split,0,0.47528342769133564,1,0.6116637107893543
8715.json,donna-brazile,mostly-true,0,speaker_disjoint_split,1,0.6138762602057763,1,0.5593452675252165
2150.json,chris-carpenter,pants-fire,1,speaker_disjoint_split,1,0.7626600616573768,1,0.7815306855266827
5030.json,jeff-merkley,true,0,speaker_disjoint_split,0,0.4785684823637497,0,0.3933447701825164
11734.json,carly-fiorina,barely-true,1,speaker_disjoint_split,0,0.3666225648430788,0,0.31265570307432566
616.json,john-mccain,barely-true,1,speaker_disjoint_split,1,0.6332184813458559,1,0.6629851293011038
1901.json,james-carville,barely-true,1,speaker_disjoint_split,0,0.33721253320175676,0,0.1583418131164844
13373.json,chris-sununu,false,1,speaker_disjoint_split,1,0.704130709216537,1,0.6844252026658061
1637.json,charlie-crist,false,1,speaker_disjoint_split,0,0.43977403725314274,0,0.42166609862988536
5255.json,john-kasich,true,0,speaker_disjoint_split,0,0.33405046004446504,0,0.44285563719836946
11104.json,donald-trump,false,1,speaker_disjoint_split,1,0.5111231490113889,0,0.4802874364563908
13233.json,donald-trump,barely-true,1,speaker_disjoint_split,1,0.6170209923538865,1,0.6020874837818713
2306.json,donna-brazile,mostly-true,0,speaker_disjoint_split,0,0.12279206375709634,0,0.124426896438081
9677.json,joe-biden,half-true,0,speaker_disjoint_split,0,0.37410129522061414,0,0.34241594820532234
11975.json,john-mccain,barely-true,1,speaker_disjoint_split,0,0.4844592114901474,1,0.5799209942599791
2310.json,chip-rogers,barely-true,1,speaker_disjoint_split,0,0.23559090260176976,0,0.1817355532822402
12876.json,bill-clinton,mostly-true,0,speaker_disjoint_split,0,0.4980207103877343,1,0.5245753107919566
6005.json,scott-walker,half-true,0,speaker_disjoint_split,0,0.40284479948332935,0,0.4236786683774832
6798.json,yg-action-fund,half-true,0,speaker_disjoint_split,1,0.5887293815985973,1,0.6891998796445692
2350.json,blog-posting,pants-fire,1,speaker_disjoint_split,1,0.6628986436903698,1,0.7723867277182521
5969.json,scott-walker,false,1,speaker_disjoint_split,1,0.506896676127873,1,0.5439347908005407
9086.json,mark-begich,mostly-true,0,speaker_disjoint_split,1,0.6143015079977079,1,0.560008837310115
2886.json,blog-posting,pants-fire,1,speaker_disjoint_split,1,0.7029572026409346,1,0.819152642672856
9188.json,james-carville,barely-true,1,speaker_disjoint_split,1,0.6522669985566065,1,0.5615620657301365
7875.json,abel-collins,mostly-true,0,speaker_disjoint_split,0,0.272703170972107,0,0.20869551606134823
3925.json,debbie-wasserman-schultz,mostly-true,0,speaker_disjoint_split,1,0.5561552514544119,1,0.5463836016701145
4196.json,jon-huntsman,barely-true,1,speaker_disjoint_split,1,0.5142224109078577,0,0.48226975864396576
2119.json,john-robitaille,half-true,0,speaker_disjoint_split,1,0.6355900082747871,1,0.531390513003724
13501.json,blog-posting,pants-fire,1,speaker_disjoint_split,1,0.6545987847444641,1,0.7388841483153575
13195.json,donald-trump,false,1,speaker_disjoint_split,0,0.244993444926306,0,0.29213365588396056
3347.json,brian-moran,half-true,0,speaker_disjoint_split,1,0.5767976488221931,1,0.6361566369074015
10979.json,bill-clinton,mostly-true,0,speaker_disjoint_split,1,0.6261888531114124,1,0.622579997254777
12726.json,donald-trump,false,1,speaker_disjoint_split,1,0.6951400599022993,1,0.6969432539259518
3569.json,john-kasich,false,1,speaker_disjoint_split,1,0.8127094774727192,1,0.8322147509617052
4577.json,occupied-wall-street-journal,half-true,0,speaker_disjoint_split,0,0.20325683541244427,0,0.27538250646710394
13008.json,donald-trump,barely-true,1,speaker_disjoint_split,1,0.5392243341669485,1,0.5111527815729553
11856.json,bernie-s,half-true,0,speaker_disjoint_split,0,0.3466921126382868,0,0.33962728442069234
8579.json,mike-plant,mostly-true,0,speaker_disjoint_split,0,0.3864163888359523,0,0.3304545805015237
5291.json,jim-whelan,mostly-true,0,speaker_disjoint_split,0,0.19891036456572703,0,0.2417047782597231
12421.json,scott-walker,mostly-true,0,speaker_disjoint_split,0,0.3780722561971129,0,0.41308265358542745
7391.json,keith-faber,true,0,speaker_disjoint_split,0,0.06537712296525333,0,0.06853752737337679
632.json,jerome-corsi,false,1,speaker_disjoint_split,1,0.6675338690515424,1,0.7140640439821088
13189.json,tim-kaine,true,0,speaker_disjoint_split,0,0.49812071663018315,0,0.4312664418845809
7996.json,ken-cuccinelli,false,1,speaker_disjoint_split,1,0.5594809706403459,1,0.5442718864005363
3924.json,gary-black,half-true,0,speaker_disjoint_split,0,0.4145098090975073,1,0.7247881876711321
3467.json,nathan-deal,mostly-true,0,speaker_disjoint_split,0,0.20796035256385825,0,0.24529092832066157
11508.json,david-cicilline,half-true,0,speaker_disjoint_split,0,0.2534663595995516,0,0.17602369610438542
2497.json,mark-hinkle,true,0,speaker_disjoint_split,0,0.26956348488391657,0,0.22787611061531393
12785.json,bill-clinton,mostly-true,0,speaker_disjoint_split,1,0.6316124985238549,1,0.6171303575367976
3690.json,national-republican-congressional-committee,mostly-true,0,speaker_disjoint_split,0,0.3721259640917941,0,0.36136661356144667
1402.json,donna-brazile,mostly-true,0,speaker_disjoint_split,1,0.652230922920724,1,0.5901974143800948
13243.json,donald-trump,barely-true,1,speaker_disjoint_split,1,0.6911194182384686,1,0.694947292618354
7409.json,dave-joyce,true,0,speaker_disjoint_split,0,0.19699441263810322,0,0.2654122340429134
2129.json,jeanne-shaheen,half-true,0,speaker_disjoint_split,0,0.3921427384271329,0,0.3839382345832532
3530.json,bob-graham,mostly-true,0,speaker_disjoint_split,0,0.2863525540636246,0,0.24358672602056836
320.json,john-mccain,true,0,speaker_disjoint_split,0,0.433155968298282,0,0.42385009716971817
7078.json,kirk-watson,mostly-true,0,speaker_disjoint_split,0,0.35211487406282094,0,0.39403083713522685
696.json,john-mccain,false,1,speaker_disjoint_split,1,0.5828291553504835,1,0.5762400707248527
4648.json,phil-kent,false,1,speaker_disjoint_split,1,0.6196636566731332,1,0.793742665205146
10736.json,mike-huebsch,false,1,speaker_disjoint_split,1,0.6215632011443785,1,0.6935925238395303
12857.json,donald-trump,false,1,speaker_disjoint_split,1,0.7799434076846853,1,0.8297436861070115
11671.json,debbie-wasserman-schultz,pants-fire,1,speaker_disjoint_split,1,0.546198355424528,0,0.4730672870133914
1.json,barbara-ann-radnofsky,pants-fire,1,speaker_disjoint_split,1,0.5796245673048313,0,0.38992251484880347
8135.json,dubose-porter,mostly-true,0,speaker_disjoint_split,0,0.16483319612932726,0,0.16341831568714285
4469.json,brad-avakian,false,1,speaker_disjoint_split,0,0.32030770810303716,0,0.2626455614408454
6993.json,democratic-congressional-campaign-committee,false,1,speaker_disjoint_split,1,0.5848320838800771,1,0.6530083933838777
8700.json,gilberto-hinojosa,half-true,0,speaker_disjoint_split,0,0.14432705975450297,0,0.16118369813081937
5641.json,graeme-zielinski,pants-fire,1,speaker_disjoint_split,1,0.794836733319769,1,0.5833489973379041
2479.json,scott-walker,barely-true,1,speaker_disjoint_split,1,0.7409272143028836,1,0.7161264964792
9447.json,democratic-congressional-campaign-committee,false,1,speaker_disjoint_split,0,0.49407691480240085,1,0.5147126582766258
311.json,john-mccain,false,1,speaker_disjoint_split,0,0.451008122207105,0,0.44429516960160986
2735.json,charlie-crist,barely-true,1,speaker_disjoint_split,0,0.3817450473994571,0,0.40580883774656434
477.json,john-mccain,mostly-true,0,speaker_disjoint_split,1,0.7455531124436141,1,0.7783573561829599
12144.json,tim-finchem,mostly-true,0,speaker_disjoint_split,0,0.31230574984302006,0,0.32027326456346367
11110.json,scott-walker,barely-true,1,speaker_disjoint_split,0,0.48469419776311384,1,0.5065984732679465
8190.json,michael-bloomberg,mostly-true,0,speaker_disjoint_split,0,0.20198947758853456,0,0.21419573380240253
13246.json,national-republican-congressional-committee,false,1,speaker_disjoint_split,1,0.6861331500879334,1,0.6585009143934595
2049.json,charlie-crist,true,0,speaker_disjoint_split,1,0.5566666719842542,0,0.430400531758479
1135.json,david-axelrod,true,0,speaker_disjoint_split,1,0.6208291461071656,1,0.5385562135466619
1898.json,charlie-crist,mostly-true,0,speaker_disjoint_split,1,0.5061587337516629,0,0.43352280449313724
2840.json,dean-cannon,barely-true,1,speaker_disjoint_split,0,0.34951767191301136,0,0.2676187433826835
9341.json,miami-seaport-alliance,mostly-true,0,speaker_disjoint_split,1,0.6161585516395289,1,0.6438213418377209
3670.json,david-cicilline,barely-true,1,speaker_disjoint_split,1,0.533308161899047,1,0.5332647315430262
10892.json,ann-coulter,pants-fire,1,speaker_disjoint_split,0,0.3481603573581422,0,0.3389312989266351
8194.json,bookerfail,barely-true,1,speaker_disjoint_split,0,0.3288097982823512,0,0.22620972115499446
2226.json,debbie-wasserman-schultz,half-true,0,speaker_disjoint_split,1,0.5449007201162118,1,0.6104807334544382
8926.json,national-republican-congressional-committee,half-true,0,speaker_disjoint_split,1,0.7726735540167343,1,0.7606161537089178
5118.json,democratic-party-oregon,barely-true,1,speaker_disjoint_split,1,0.7729972743095582,1,0.7449920752048275
8548.json,jeff-merkley,true,0,speaker_disjoint_split,1,0.5140552989359893,0,0.4627722294956385
1359.json,eugene-robinson,mostly-true,0,speaker_disjoint_split,1,0.5792614798717787,1,0.6571032753793531
8431.json,larry-elder,false,1,speaker_disjoint_split,1,0.6396505716953022,1,0.7504343078293322
1036.json,rush-limbaugh,barely-true,1,speaker_disjoint_split,0,0.3963261963545133,1,0.5276117517394817
2530.json,national-republican-congressional-committee,false,1,speaker_disjoint_split,1,0.733452023101914,1,0.6292242834263391
6622.json,julian-castro,true,0,speaker_disjoint_split,0,0.36225812059186135,0,0.35876214191344874
7564.json,wayne-lapierre,half-true,0,speaker_disjoint_split,0,0.4822148315900892,1,0.5147188061178414
4518.json,gary-johnson,half-true,0,speaker_disjoint_split,0,0.4088168472299687,0,0.42216804808732833
3858.json,jeff-merkley,mostly-true,0,speaker_disjoint_split,0,0.2869484456616429,0,0.3026501764757702
5527.json,state-democratic-party-wisconsin,false,1,speaker_disjoint_split,1,0.6289765616992856,1,0.6020842186123313
8702.json,jeff-merkley,true,0,speaker_disjoint_split,0,0.3750436391712845,0,0.35703698006740703
12264.json,bernie-s,barely-true,1,speaker_disjoint_split,0,0.405035752032706,0,0.3704671843600924
4271.json,nicholas-scutari,true,0,speaker_disjoint_split,1,0.5965588293739597,0,0.47315850841025425
11804.json,dale-kooyenga,false,1,speaker_disjoint_split,1,0.608543297975621,1,0.5334153477312125
12030.json,bernie-s,mostly-true,0,speaker_disjoint_split,0,0.2758543475140754,0,0.32909180655080633
4097.json,joseph-trillo,pants-fire,1,speaker_disjoint_split,0,0.38283422306927345,0,0.4025976777949521
11294.json,scott-walker,true,0,speaker_disjoint_split,0,0.4827523517011917,0,0.47241334537736845
532.json,john-mccain,false,1,speaker_disjoint_split,0,0.4126869627538418,0,0.45375987474519164
8810.json,ron-paul,false,1,speaker_disjoint_split,1,0.5576001462404486,1,0.5690368869484764
9088.json,florida-stop-common-core-coalition,half-true,0,speaker_disjoint_split,0,0.35724754757251065,0,0.36284388507784154
1365.json,charlie-crist,half-true,0,speaker_disjoint_split,0,0.3121704098390412,0,0.2662065165345885
5842.json,jana-duty,barely-true,1,speaker_disjoint_split,1,0.5511154807840495,0,0.48568085526665056
12878.json,democratic-congressional-campaign-committee,barely-true,1,speaker_disjoint_split,1,0.571497957256964,1,0.6653232001223278
8315.json,carol-shea-porter,mostly-true,0,speaker_disjoint_split,1,0.7177649246890517,1,0.6133259356979031
91.json,bill-richardson,mostly-true,0,speaker_disjoint_split,0,0.3818324809462524,0,0.2998215592766443
12916.json,donald-trump,false,1,speaker_disjoint_split,0,0.32476697492302636,0,0.3698276623660686
13442.json,donald-trump,pants-fire,1,speaker_disjoint_split,1,0.5300700595515492,0,0.49387250905095614
13309.json,donald-trump,pants-fire,1,speaker_disjoint_split,1,0.5234659411712839,1,0.6228348406857613
1383.json,michael-bloomberg,half-true,0,speaker_disjoint_split,0,0.2009555043003159,0,0.32235505864439745
117.json,john-mccain,false,1,speaker_disjoint_split,0,0.31431481289332064,0,0.38757707135798825
7560.json,robert-kando,half-true,0,speaker_disjoint_split,1,0.5971837116268588,1,0.5465171762421103
5049.json,ron-paul,false,1,speaker_disjoint_split,1,0.5611092481344143,1,0.5128261808756185
11216.json,alliance-defending-freedom,half-true,0,speaker_disjoint_split,1,0.635435921764715,1,0.6247435701188494
6216.json,stephen-sweeney,true,0,speaker_disjoint_split,1,0.5528243380287414,1,0.629450900337601
4246.json,tom-coburn,half-true,0,speaker_disjoint_split,0,0.3342952566448392,0,0.3976490773499948
7955.json,raymond-gallison,half-true,0,speaker_disjoint_split,0,0.3941911887759923,0,0.3999985170989101
12035.json,arnold-schwarzenegger,mostly-true,0,speaker_disjoint_split,0,0.2980810937582743,0,0.2738501719825437
2745.json,national-republican-congressional-committee,false,1,speaker_disjoint_split,1,0.8158742318504445,1,0.7326823909776468
5508.json,texas-democratic-party,mostly-true,0,speaker_disjoint_split,0,0.33984074064458175,0,0.40518133104092613
1717.json,house-natural-resources-committee-republicans,barely-true,1,speaker_disjoint_split,1,0.5840417198436286,1,0.5048026594895205
1865.json,thurbert-baker,half-true,0,speaker_disjoint_split,0,0.46161987072831695,0,0.4021663060009924
11537.json,tim-echols,mostly-true,0,speaker_disjoint_split,1,0.628963543681535,1,0.5811800898080048
1081.json,ann-coulter,false,1,speaker_disjoint_split,1,0.7587639301065433,1,0.7804434988351866
8512.json,glenn-beck,pants-fire,1,speaker_disjoint_split,1,0.6966940528718488,1,0.755096386818188
5376.json,elizabeth-ames-jones,false,1,speaker_disjoint_split,1,0.713331555932657,1,0.6745521141081992
5141.json,rob-cornilles,true,0,speaker_disjoint_split,1,0.6724441720690486,1,0.6677002395400837
9572.json,scott-walker,mostly-true,0,speaker_disjoint_split,1,0.5663395481615381,1,0.6051063948067947
2478.json,jeff-merkley,mostly-true,0,speaker_disjoint_split,1,0.5811922699381017,1,0.5313797203394738
10563.json,scott-walker,true,0,speaker_disjoint_split,0,0.41339307570732464,1,0.5082917811193008
12181.json,bernie-s,half-true,0,speaker_disjoint_split,1,0.6523273866732954,1,0.6397689796676166
10077.json,mark-shields,barely-true,1,speaker_disjoint_split,0,0.40273834199632375,0,0.3633305183988867
5404.json,frank-niceley,pants-fire,1,speaker_disjoint_split,0,0.43094694857652854,1,0.6986151183415994
5989.json,bob-gibbs,true,0,speaker_disjoint_split,0,0.28652322722658846,0,0.2939683505014985
12525.json,louie-gohmert,half-true,0,speaker_disjoint_split,0,0.288361905194336,0,0.22882102899169088
2766.json,democratic-party-oregon,false,1,speaker_disjoint_split,0,0.4037210455910946,0,0.3568882251122076
4360.json,club-growth,half-true,0,speaker_disjoint_split,1,0.75622063654717,1,0.7588989352160744
4618.json,sam-adams,barely-true,1,speaker_disjoint_split,1,0.5707916539857886,0,0.4790162551451856
6395.json,steve-doell,true,0,speaker_disjoint_split,0,0.32511262737666047,0,0.3020995648202044
5977.json,scott-walker,barely-true,1,speaker_disjoint_split,0,0.4142363344792337,0,0.4539392638347567
12748.json,donald-trump,true,0,speaker_disjoint_split,0,0.2424157021960869,0,0.18490297653925428
5067.json,bill-pascrell,half-true,0,speaker_disjoint_split,0,0.4331864415035943,0,0.38981286056544484
2220.json,courtney-combs,pants-fire,1,speaker_disjoint_split,0,0.4583061483775007,1,0.6809247498665771
12799.json,michael-bloomberg,mostly-true,0,speaker_disjoint_split,1,0.5318302248135525,1,0.5860500175089961
7805.json,tim-echols,half-true,0,speaker_disjoint_split,0,0.3000950809861667,0,0.24366450031594328
12576.json,donald-trump,pants-fire,1,speaker_disjoint_split,0,0.48010960195218116,0,0.41275568833505055
5622.json,peter-defazio,barely-true,1,speaker_disjoint_split,0,0.3938675477657734,1,0.5471517168345433
11728.json,donald-trump,pants-fire,1,speaker_disjoint_split,1,0.7769087346797906,1,0.7705605680344103
9039.json,rush-limbaugh,false,1,speaker_disjoint_split,1,0.7518897483311898,1,0.7514387359336904
5748.json,lamar-alexander,barely-true,1,speaker_disjoint_split,1,0.7119757059110147,1,0.6889189729011189
2959.json,bernie-s,true,0,speaker_disjoint_split,0,0.3534553732936552,0,0.27363640924696064
2045.json,david-axelrod,mostly-true,0,speaker_disjoint_split,1,0.6467344034832403,1,0.538733092722309
7031.json,david-cicilline,true,0,speaker_disjoint_split,1,0.5289613282879718,1,0.5201290926136706
6507.json,friends-democracy,barely-true,1,speaker_disjoint_split,1,0.5547455090203911,1,0.6008138415443878
561.json,john-mccain,false,1,speaker_disjoint_split,1,0.5936294801454248,1,0.6024192254677857
639.json,john-mccain,pants-fire,1,speaker_disjoint_split,1,0.5962486075644469,1,0.6356965146845335
1582.json,cathie-adams,pants-fire,1,speaker_disjoint_split,1,0.5696306913459377,1,0.5458262637953107
513.json,john-mccain,true,0,speaker_disjoint_split,0,0.22892222701830198,0,0.25853675675509
747.json,john-mccain,mostly-true,0,speaker_disjoint_split,1,0.5161773827241113,1,0.5890216106866523
3873.json,austan-goolsbee,mostly-true,0,speaker_disjoint_split,0,0.2610729932368298,0,0.23316501511931126
3214.json,joe-biden,barely-true,1,speaker_disjoint_split,1,0.5329691370839401,0,0.41172682218993223
5818.json,ron-paul,false,1,speaker_disjoint_split,1,0.520290790898239,0,0.41063762918603636
3680.json,kathleen-sebelius,mostly-true,0,speaker_disjoint_split,0,0.4846773804992165,1,0.5730768469868364
12956.json,donald-trump,barely-true,1,speaker_disjoint_split,1,0.7001234695020702,1,0.7177072526959104
12320.json,julian-castro,half-true,0,speaker_disjoint_split,1,0.6192740844384209,1,0.6427529029886805
10136.json,national-republican-congressional-committee,barely-true,1,speaker_disjoint_split,1,0.5044571062151346,1,0.5318725816294643
3742.json,john-kasich,true,0,speaker_disjoint_split,0,0.28773505790793774,0,0.37317426118401104
5686.json,john-kasich,true,0,speaker_disjoint_split,0,0.3678887799535458,0,0.4493072719455117
2100.json,john-mccain,barely-true,1,speaker_disjoint_split,0,0.2943827803830003,0,0.28120723949835014
7451.json,greg-walden,barely-true,1,speaker_disjoint_split,1,0.5075991197702839,1,0.6044452780194877
158.json,joe-biden,false,1,speaker_disjoint_split,0,0.4236057595156288,0,0.288905054730644
2548.json,national-republican-congressional-committee,barely-true,1,speaker_disjoint_split,0,0.4014886025014473,0,0.337849986139175
11222.json,rhode-island-center-freedom-and-prosperity,half-true,0,speaker_disjoint_split,0,0.49436958647427653,0,0.4591053211056705
12614.json,charlie-crist,barely-true,1,speaker_disjoint_split,0,0.49217091391050855,0,0.45422389203435193
12597.json,arizona-house-democrats,mostly-true,0,speaker_disjoint_split,1,0.6921551765082018,1,0.6438919336034671
10772.json,scott-walker,false,1,speaker_disjoint_split,0,0.4354608939170943,1,0.5281518199612566
2031.json,anthony-gemma,false,1,speaker_disjoint_split,1,0.7202524928210717,1,0.7308403517341948
1946.json,fair-districts-florida,true,0,speaker_disjoint_split,0,0.2928327802468432,0,0.152425316286102
6672.json,julian-castro,mostly-true,0,speaker_disjoint_split,0,0.3171429281927208,0,0.3566602963541545
3824.json,ej-finocchio,false,1,speaker_disjoint_split,1,0.5566444632217378,1,0.6457509528674992
8806.json,democratic-congressional-campaign-committee,half-true,0,speaker_disjoint_split,0,0.3896036509246517,1,0.5189110315872322
12607.json,donald-trump,half-true,0,speaker_disjoint_split,0,0.34377679537344225,0,0.38221515543405693
687.json,john-mccain,barely-true,1,speaker_disjoint_split,1,0.6654855564716624,1,0.6121580796672151
182.json,bill-richardson,true,0,speaker_disjoint_split,0,0.2807610615761576,0,0.23685287574786887
10862.json,eric-turner,pants-fire,1,speaker_disjoint_split,0,0.35403910085128865,0,0.28541268104931355
7863.json,republican-governors-association,mostly-true,0,speaker_disjoint_split,0,0.41788328002989433,0,0.4068697218079166
6196.json,majority-pac,barely-true,1,speaker_disjoint_split,0,0.3996918785274056,0,0.28831480984859287
11866.json,bernie-s,half-true,0,speaker_disjoint_split,1,0.5335369595680479,0,0.4374815979636703
2281.json,michael-bloomberg,true,0,speaker_disjoint_split,1,0.5638276504566324,1,0.6056440472799526
7813.json,lynn-derbyshire,mostly-true,0,speaker_disjoint_split,1,0.5000123704817117,1,0.5340049334122986
778.json,john-mccain,false,1,speaker_disjoint_split,0,0.24041329886959398,0,0.26916802634473375
9131.json,republican-governors-association,mostly-true,0,speaker_disjoint_split,1,0.5267812185871179,1,0.5110692609265804
1281.json,claire-mccaskill,true,0,speaker_disjoint_split,1,0.5362382464616564,1,0.5936109229192065
9715.json,dennis-richardson,true,0,speaker_disjoint_split,0,0.347136186111449,0,0.39721808572388484
3230.json,donald-trump,pants-fire,1,speaker_disjoint_split,1,0.5230767260153237,1,0.5560819450145967
6105.json,ron-paul,barely-true,1,speaker_disjoint_split,0,0.42608643647962213,0,0.3909038355533865
9846.json,charlie-crist,false,1,speaker_disjoint_split,1,0.8413867194559963,1,0.8069396069498569
6907.json,joe-biden,true,0,speaker_disjoint_split,1,0.6233666058098593,1,0.5576239097003572
4341.json,regina-benjamin,true,0,speaker_disjoint_split,0,0.31165793658109336,0,0.24264385499493324
1536.json,debbie-wasserman-schultz,mostly-true,0,speaker_disjoint_split,0,0.3864831058165275,0,0.4163830726100473
12978.json,david-plouffe,mostly-true,0,speaker_disjoint_split,0,0.4179394715872053,0,0.4229484860424328
13107.json,donald-trump,pants-fire,1,speaker_disjoint_split,0,0.4373208900694108,1,0.5039329556168445
2949.json,bernie-s,false,1,speaker_disjoint_split,0,0.2962953637614818,0,0.2942059941689494
13158.json,vote-no-2,half-true,0,speaker_disjoint_split,1,0.6337424151407991,0,0.3977815537434455
12700.json,scott-walker,true,0,speaker_disjoint_split,0,0.2275240692220952,0,0.22692291699697154
4046.json,national-republican-congressional-committee,false,1,speaker_disjoint_split,1,0.5689625508279361,1,0.5991775109832984
62.json,bill-richardson,mostly-true,0,speaker_disjoint_split,1,0.6507309035331595,1,0.5827428858972589
5207.json,silvestre-reyes,half-true,0,speaker_disjoint_split,0,0.3994808917783229,0,0.35854281565486057
7480.json,al-cardenas,false,1,speaker_disjoint_split,0,0.4925962284222281,1,0.6117062538841358
3412.json,jeff-merkley,mostly-true,0,speaker_disjoint_split,0,0.37342961724809914,0,0.34840087068659953
11382.json,donald-trump,false,1,speaker_disjoint_split,0,0.32463031650622626,0,0.40395306065659126
4520.json,jennette-gayer,half-true,0,speaker_disjoint_split,0,0.4320633972989306,0,0.47123391854299645
2510.json,promote-oregon-leadership-pac-oregon-house-republi,false,1,speaker_disjoint_split,1,0.5029000847949112,1,0.5381816399785997
1808.json,charlie-crist,false,1,speaker_disjoint_split,1,0.516396241236681,0,0.42505230301252145
4039.json,jeff-fitzgerald,pants-fire,1,speaker_disjoint_split,1,0.585221652537998,1,0.6117420133155654
7190.json,don-pridemore,true,0,speaker_disjoint_split,0,0.32750010245222666,0,0.2779704196565945
8861.json,national-republican-congressional-committee,half-true,0,speaker_disjoint_split,1,0.6521701769124733,1,0.6168099043905951
5111.json,jon-huntsman,barely-true,1,speaker_disjoint_split,0,0.4079411062462045,0,0.43096749778467713
12440.json,dale-kooyenga,half-true,0,speaker_disjoint_split,0,0.285098013637745,0,0.26569450839166747
4555.json,bernie-s,true,0,speaker_disjoint_split,0,0.18843604879998432,0,0.17226138700192506
1821.json,tim-kaine,half-true,0,speaker_disjoint_split,0,0.38167931652425907,0,0.35111729916449
7973.json,ken-cuccinelli,false,1,speaker_disjoint_split,1,0.7347170784092888,1,0.73564822365575
3799.json,evan-longoria,pants-fire,1,speaker_disjoint_split,1,0.6667180923031826,1,0.5781883340592303
7413.json,wayne-lapierre,false,1,speaker_disjoint_split,0,0.430903321382207,0,0.464650201741733
11042.json,ron-paul,true,0,speaker_disjoint_split,1,0.5020415063401661,0,0.43539238969316907
7099.json,health-first-wisconsin,false,1,speaker_disjoint_split,0,0.33254501302280487,0,0.30315286066259284
7835.json,republican-party-florida,barely-true,1,speaker_disjoint_split,1,0.6601390429730783,1,0.6151033425634141
9963.json,charlie-crist,half-true,0,speaker_disjoint_split,1,0.5205904547336924,0,0.47896571152394823
13141.json,stop-57-campaign,barely-true,1,speaker_disjoint_split,1,0.6963337363603598,1,0.6062736616388047
9755.json,nextgen-climate,half-true,0,speaker_disjoint_split,1,0.6805357277557934,1,0.5533655976423921
11129.json,bernie-s,mostly-true,0,speaker_disjoint_split,0,0.13821886274607098,0,0.15104237709277676
13504.json,dan-patrick,mostly-true,0,speaker_disjoint_split,0,0.16658670269593234,0,0.1128008823735391
1164.json,organizing-america,pants-fire,1,speaker_disjoint_split,1,0.6360726637602168,1,0.6579841177711525
11818.json,donald-trump,false,1,speaker_disjoint_split,1,0.5532531500830103,1,0.6254897317906144
12744.json,donald-trump,mostly-true,0,speaker_disjoint_split,0,0.40074229750243806,0,0.3996018313419129
12574.json,scott-walker,mostly-true,0,speaker_disjoint_split,0,0.34283528944306907,0,0.4251593074491213
10692.json,scott-walker,barely-true,1,speaker_disjoint_split,1,0.5892570870390373,1,0.5549853891526972
11381.json,mark-kelly,half-true,0,speaker_disjoint_split,0,0.37500067723915453,0,0.4122760664949837
6897.json,joe-biden,half-true,0,speaker_disjoint_split,0,0.3706257205271932,0,0.30739319644184304
12757.json,donald-trump,mostly-true,0,speaker_disjoint_split,1,0.5445935051816015,1,0.5813468444369695
5299.json,susan-combs,false,1,speaker_disjoint_split,1,0.6166403073145645,1,0.6771165193636752
7563.json,michael-bloomberg,true,0,speaker_disjoint_split,1,0.554315907867925,1,0.5827351879769221
8329.json,saxby-chambliss,barely-true,1,speaker_disjoint_split,1,0.6342245206399534,1,0.6772163892315742
4387.json,chip-rogers,mostly-true,0,speaker_disjoint_split,1,0.6753181372204855,1,0.5623408620800909
8451.json,amardeep-kaleka,pants-fire,1,speaker_disjoint_split,0,0.39310860818028837,0,0.49412492247913953
12504.json,blog-posting,pants-fire,1,speaker_disjoint_split,0,0.4098162348490252,1,0.5716497728631543
11074.json,don-beyer,half-true,0,speaker_disjoint_split,1,0.659716675922847,1,0.5610133219234049
8262.json,charlie-crist,barely-true,1,speaker_disjoint_split,0,0.32216399352999436,0,0.24445698379551298
13239.json,donald-trump,barely-true,1,speaker_disjoint_split,1,0.6205126338426438,1,0.6345455447485772
1592.json,david-axelrod,half-true,0,speaker_disjoint_split,1,0.5709943857971435,0,0.4859316128074807
5473.json,aclu-florida,mostly-true,0,speaker_disjoint_split,0,0.19032889721168794,0,0.3448233285606318
3408.json,alan-powell,mostly-true,0,speaker_disjoint_split,0,0.44267117694600605,0,0.4858845970256873
1155.json,michael-steele,pants-fire,1,speaker_disjoint_split,1,0.6484859872113549,1,0.598281039087439
1122.json,club-growth,false,1,speaker_disjoint_split,1,0.6124216932795371,1,0.6523299718972156
12803.json,tim-kaine,half-true,0,speaker_disjoint_split,0,0.4872504475153957,0,0.448778593560105
5409.json,kathleen-vinehout,false,1,speaker_disjoint_split,0,0.412793980359256,0,0.4441888169871208
7313.json,steve-henson,half-true,0,speaker_disjoint_split,1,0.5243073127789893,1,0.5794081830696437
4809.json,joe-biden,true,0,speaker_disjoint_split,0,0.25942571605098175,0,0.24722626329157232
12366.json,philadelphia-daily-news,half-true,0,speaker_disjoint_split,1,0.5940416621829766,1,0.6423117863702605
4778.json,lynn-westmoreland,true,0,speaker_disjoint_split,0,0.13625013597614316,0,0.14678879005689233
7908.json,peter-roskam,mostly-true,0,speaker_disjoint_split,0,0.3177549748886953,0,0.42117886340188176
9287.json,scott-walker,half-true,0,speaker_disjoint_split,1,0.6200632067787911,1,0.6917153048504943
4795.json,david-plouffe,mostly-true,0,speaker_disjoint_split,1,0.6500711115719231,1,0.6975108077387917
4534.json,john-kasich,true,0,speaker_disjoint_split,0,0.4489253692045918,1,0.5105348481729872
7738.json,scott-walker,false,1,speaker_disjoint_split,1,0.6050113233623594,1,0.5982380455625639
2755.json,john-kasich,half-true,0,speaker_disjoint_split,0,0.37572663026463865,0,0.3989278371190617
9949.json,scott-walker,half-true,0,speaker_disjoint_split,1,0.5939987379132154,1,0.64151283459445
11069.json,allison-tant,barely-true,1,speaker_disjoint_split,1,0.5554692269568665,1,0.616181349381784
12409.json,william-devereaux,true,0,speaker_disjoint_split,1,0.524209199022758,0,0.43680989992468877
9898.json,angel-taveras,barely-true,1,speaker_disjoint_split,1,0.7158400087846387,1,0.7015381393450404
12400.json,donald-trump,barely-true,1,speaker_disjoint_split,0,0.424044691828222,0,0.47252055958803824
6802.json,david-cicilline,barely-true,1,speaker_disjoint_split,1,0.7620008589271039,1,0.7100134334891788
2957.json,teresa-fedor,barely-true,1,speaker_disjoint_split,0,0.26269376477659606,0,0.24726454461271435
1617.json,charlie-crist,half-true,0,speaker_disjoint_split,0,0.3720473515122804,0,0.29933399672759003
8930.json,jonathan-boucher,pants-fire,1,speaker_disjoint_split,1,0.5198042748206743,1,0.5302784458167575
5684.json,lenny-curry,barely-true,1,speaker_disjoint_split,0,0.30892988353125983,0,0.2668905365082581
13481.json,corey-stewart,false,1,speaker_disjoint_split,1,0.5593386054019486,1,0.6416439140948282
8386.json,bill-burton,mostly-true,0,speaker_disjoint_split,0,0.4310142771420049,1,0.5112044277128707
8542.json,ken-detzner,false,1,speaker_disjoint_split,0,0.37337669618303226,0,0.3361727830296536
1026.json,richard-durbin,true,0,speaker_disjoint_split,1,0.5295083721901195,1,0.5149838279205302
7215.json,louie-gohmert,false,1,speaker_disjoint_split,1,0.8321681956352261,1,0.7231574431975483
6737.json,gary-johnson,mostly-true,0,speaker_disjoint_split,0,0.3480185033062761,0,0.3102837997424987
11871.json,bernie-s,barely-true,1,speaker_disjoint_split,0,0.4586576263303037,0,0.45384237218410806
3473.json,armond-budish,mostly-true,0,speaker_disjoint_split,1,0.5011314030475056,1,0.5287670781647094
3309.json,cliff-stearns,true,0,speaker_disjoint_split,1,0.5490824098071735,1,0.5247710260238316
1488.json,joe-biden,true,0,speaker_disjoint_split,1,0.5125727316732389,0,0.40530787965705445
9127.json,arian-foster,half-true,0,speaker_disjoint_split,0,0.4539816421477214,0,0.3715619860568783
3379.json,mike-huebsch,pants-fire,1,speaker_disjoint_split,1,0.8144025051411984,1,0.806231251706402
8895.json,keith-ellison,mostly-true,0,speaker_disjoint_split,0,0.19892898993544436,0,0.16515355444533686
11167.json,donald-trump,false,1,speaker_disjoint_split,1,0.609569928975314,1,0.6763094940032146
99.json,john-mccain,true,0,speaker_disjoint_split,0,0.35562802987795655,0,0.3841906009035722
1701.json,bill-clinton,true,0,speaker_disjoint_split,0,0.4395629575539998,0,0.453599119504633
7503.json,dan-patrick,mostly-true,0,speaker_disjoint_split,0,0.39747210685936607,0,0.35095815436882943
13368.json,donald-trump,half-true,0,speaker_disjoint_split,0,0.2585546119553904,0,0.27886265221121675
12115.json,donald-trump,half-true,0,speaker_disjoint_split,0,0.2798995516948981,0,0.3407158236684301
10658.json,blog-posting,false,1,speaker_disjoint_split,1,0.7219419268035004,1,0.8376110262276555
8120.json,nancy-gordeuk,half-true,0,speaker_disjoint_split,0,0.4405134060364372,0,0.3381483814080647
11260.json,blog-posting,pants-fire,1,speaker_disjoint_split,1,0.7031290022293117,1,0.8588160510906657
9722.json,blog-posting,pants-fire,1,speaker_disjoint_split,1,0.8246631406554805,1,0.9077928503063698
11134.json,blog-posting,false,1,speaker_disjoint_split,1,0.7181609360572623,1,0.8463274495524487
11366.json,bernie-s,mostly-true,0,speaker_disjoint_split,0,0.475077356487683,0,0.3676191522556089
13080.json,donald-trump,mostly-true,0,speaker_disjoint_split,1,0.5119915719199567,1,0.5129839524196366
1285.json,bill-oreilly,false,1,speaker_disjoint_split,1,0.7039410888567107,1,0.7634687172829582
11124.json,donald-trump,pants-fire,1,speaker_disjoint_split,0,0.26486915529351707,0,0.26519992128537595
10436.json,john-kasich,pants-fire,1,speaker_disjoint_split,1,0.6457943825123853,1,0.6722431243339249
11175.json,ben-carson,false,1,speaker_disjoint_split,1,0.5394772236259767,1,0.5592693136566391
10976.json,eugene-robinson,mostly-true,0,speaker_disjoint_split,1,0.677585745065427,1,0.6789431257450314
11678.json,donald-trump,barely-true,1,speaker_disjoint_split,1,0.6869186272736822,1,0.6855967463893111
6342.json,tim-kaine,true,0,speaker_disjoint_split,0,0.4543707287528761,0,0.38148052402502847
8877.json,ann-coulter,pants-fire,1,speaker_disjoint_split,1,0.6934276715940743,1,0.735994683463094
328.json,john-mccain,barely-true,1,speaker_disjoint_split,0,0.30801224569935115,0,0.3653328014604781
8867.json,charlie-crist,barely-true,1,speaker_disjoint_split,1,0.6357427347942703,0,0.41582808687447703
9145.json,scott-walker,false,1,speaker_disjoint_split,0,0.37675333237081593,0,0.3725882303959035
11797.json,bernie-s,mostly-true,0,speaker_disjoint_split,1,0.7427623418050363,1,0.770188735482864
5135.json,angel-taveras,half-true,0,speaker_disjoint_split,0,0.33705033492938785,0,0.2736528348284639
712.json,john-mccain,pants-fire,1,speaker_disjoint_split,1,0.6764508215063814,1,0.708770165410436
6074.json,samuel-wurzelbacher,mostly-true,0,speaker_disjoint_split,1,0.5512434242935468,1,0.63631704774193
627.json,john-mccain,true,0,speaker_disjoint_split,0,0.4785145901173731,0,0.3634387659796446
11439.json,jason-villalba,pants-fire,1,speaker_disjoint_split,1,0.7321901252749792,1,0.7868863780952536
12582.json,tim-kaine,mostly-true,0,speaker_disjoint_split,1,0.5298798865215147,1,0.5559414037014953
10486.json,scott-walker,pants-fire,1,speaker_disjoint_split,1,0.6454258968875036,1,0.6147219428110503
12254.json,donald-trump,false,1,speaker_disjoint_split,0,0.45747117133157966,0,0.47413640843665816
2924.json,tom-coburn,false,1,speaker_disjoint_split,0,0.4327794917660982,1,0.5314074594861734
13496.json,blog-posting,false,1,speaker_disjoint_split,1,0.5044254479125173,1,0.6329043532028713
8161.json,scott-walker,false,1,speaker_disjoint_split,0,0.3315687511450634,0,0.35414357077643865
3817.json,armond-budish,true,0,speaker_disjoint_split,0,0.45737779137964335,0,0.4273243988934563
2462.json,patrick-rose,barely-true,1,speaker_disjoint_split,1,0.5464777386848869,1,0.5181037615719567
9208.json,dan-patrick,mostly-true,0,speaker_disjoint_split,0,0.3546516444466079,0,0.26799732883397515
8465.json,diane-ravitch,barely-true,1,speaker_disjoint_split,1,0.5608494574342605,0,0.3348225829665098
8521.json,larry-elder,barely-true,1,speaker_disjoint_split,0,0.30384505655982535,0,0.37133395097353783
6818.json,ohio-republican-party,false,1,speaker_disjoint_split,1,0.6442155582976037,1,0.7392882061367152
12273.json,ben-carson,mostly-true,0,speaker_disjoint_split,0,0.32973671121660386,0,0.3236324840190237
731.json,blog-posting,half-true,0,speaker_disjoint_split,0,0.4842158072368442,1,0.6245475103628817
4796.json,john-kasich,mostly-true,0,speaker_disjoint_split,0,0.295000958433984,0,0.4131655632187831
12347.json,michael-oneill,mostly-true,0,speaker_disjoint_split,1,0.6045162610975457,1,0.611953751509944
7718.json,friends-miami-first,half-true,0,speaker_disjoint_split,0,0.4683822618167395,0,0.41518855200494426
5735.json,scott-walker,half-true,0,speaker_disjoint_split,1,0.7725639627915281,1,0.7422550299000773
2451.json,charlie-crist,pants-fire,1,speaker_disjoint_split,0,0.49741627869195004,0,0.4152352288152707
12555.json,donald-trump,false,1,speaker_disjoint_split,1,0.6969898766052076,1,0.7401022447121846
790.json,john-mccain,pants-fire,1,speaker_disjoint_split,1,0.6541739241795538,1,0.6381299495968702
9357.json,debbie-wasserman-schultz,mostly-true,0,speaker_disjoint_split,0,0.33914711250042645,0,0.36975381531629453
5639.json,bill-pascrell,half-true,0,speaker_disjoint_split,1,0.6871657098149718,1,0.6968074446682592
2800.json,sonny-perdue,half-true,0,speaker_disjoint_split,0,0.3237785484687298,0,0.3189748666965002
4604.json,jon-huntsman,pants-fire,1,speaker_disjoint_split,1,0.6454117115356995,1,0.6356358706029211
11447.json,donald-trump,false,1,speaker_disjoint_split,0,0.36937873279753847,0,0.3375965272833946
6389.json,nathan-deal,barely-true,1,speaker_disjoint_split,1,0.5940841209822169,1,0.5605924425532944
2008.json,charlie-crist,mostly-true,0,speaker_disjoint_split,0,0.3758656903556882,0,0.2790302490771404
10160.json,lloyd-doggett,half-true,0,speaker_disjoint_split,1,0.7604570969758399,1,0.6866353354643133
410.json,blog-posting,pants-fire,1,speaker_disjoint_split,1,0.5842276966276424,1,0.6994121945012411
12249.json,pat-mccrory,barely-true,1,speaker_disjoint_split,1,0.5279202088284901,0,0.4785744187436399
4281.json,ron-paul,half-true,0,speaker_disjoint_split,0,0.37746347375471107,0,0.32087296875563087
1537.json,republican-party-florida,mostly-true,0,speaker_disjoint_split,1,0.55004794708763,1,0.5236747999582422
9068.json,karl-rove,barely-true,1,speaker_disjoint_split,0,0.2561504732332298,0,0.30256116724581156
11854.json,michael-m-crow,mostly-true,0,speaker_disjoint_split,0,0.18943026678172062,0,0.12152532059808555
8235.json,mayors-against-illegal-guns,half-true,0,speaker_disjoint_split,1,0.6904438150234531,1,0.6779105032044387
13494.json,donald-trump,pants-fire,1,speaker_disjoint_split,1,0.7279396370173509,1,0.7258522698941186
7050.json,democratic-party-oregon,half-true,0,speaker_disjoint_split,1,0.7302791045767072,1,0.7156919799324905
1771.json,vern-buchanan,true,0,speaker_disjoint_split,0,0.32786379029461776,0,0.31675301902691094
13196.json,tim-kaine,mostly-true,0,speaker_disjoint_split,1,0.6932631031017448,1,0.6498792044663776
11359.json,john-kasich,barely-true,1,speaker_disjoint_split,0,0.34833264195399277,0,0.46247644815374367
9526.json,bill-clinton,half-true,0,speaker_disjoint_split,0,0.378282707998504,0,0.4575080819363496
12072.json,john-kasich,false,1,speaker_disjoint_split,1,0.6170211015392638,1,0.6516208912835338
406.json,john-mccain,false,1,speaker_disjoint_split,1,0.6053568850471293,1,0.644867443588694
7712.json,john-mccain,half-true,0,speaker_disjoint_split,0,0.2895652415324197,0,0.33942023605297694
10950.json,donald-trump,pants-fire,1,speaker_disjoint_split,0,0.4367241723822578,0,0.461723993804458
8200.json,janet-napolitano,barely-true,1,speaker_disjoint_split,1,0.5571158226304692,1,0.5611198135009468
10431.json,nathan-deal,mostly-true,0,speaker_disjoint_split,1,0.682884743337856,1,0.7144895545289083
5350.json,wayne-lapierre,barely-true,1,speaker_disjoint_split,1,0.6631565427781967,1,0.7134826253096425
3906.json,debbie-wasserman-schultz,false,1,speaker_disjoint_split,1,0.6181863892725472,0,0.4928173357497257
5630.json,jimmie-t-smith,false,1,speaker_disjoint_split,0,0.42762092918559524,0,0.30014845847042926
9640.json,fresh-start-pa,mostly-true,0,speaker_disjoint_split,0,0.3835778157945674,0,0.32123499949334244
6608.json,sam-olens,mostly-true,0,speaker_disjoint_split,1,0.6368033282433211,1,0.6946726586825422
13419.json,donald-trump,barely-true,1,speaker_disjoint_split,0,0.25601192042107795,0,0.2705671575041754
8215.json,cynthia-lummis,mostly-true,0,speaker_disjoint_split,0,0.3750935154447617,1,0.5406869805308888
745.json,john-mccain,barely-true,1,speaker_disjoint_split,1,0.6145710911640309,1,0.6828762535242522
12375.json,blog-posting,pants-fire,1,speaker_disjoint_split,0,0.4427957237124292,1,0.5860440279519844
480.json,blog-posting,pants-fire,1,speaker_disjoint_split,1,0.7176818502328751,1,0.8168511946495474
5882.json,freedom-pac,half-true,0,speaker_disjoint_split,1,0.7848792550832281,1,0.7046163198245935
8649.json,bill-oreilly,mostly-true,0,speaker_disjoint_split,1,0.7733674995634597,1,0.8477038540375247
11248.json,bernie-s,mostly-true,0,speaker_disjoint_split,0,0.3382315906892278,0,0.3347836600960573
11908.json,donald-trump,false,1,speaker_disjoint_split,1,0.7133122121854534,1,0.7548539067709242
3041.json,debbie-wasserman-schultz,true,0,speaker_disjoint_split,1,0.6060912686428659,1,0.5885811736205885
2095.json,blog-posting,false,1,speaker_disjoint_split,1,0.6824130828944076,1,0.747458775360846
10084.json,charlie-crist,true,0,speaker_disjoint_split,1,0.6928636275025319,1,0.6649894107700344
2298.json,glenn-beck,true,0,speaker_disjoint_split,0,0.2294102068930924,0,0.28399709969127723
13468.json,americanpoliticnews,pants-fire,1,speaker_disjoint_split,1,0.6263808478817715,1,0.793996041179177
2048.json,ron-paul,true,0,speaker_disjoint_split,0,0.42810376353757906,0,0.44715040952926954
13093.json,david-jolly,half-true,0,speaker_disjoint_split,0,0.47186965922554347,0,0.45741054036951007
7103.json,carolyn-medeiros,true,0,speaker_disjoint_split,0,0.36512954186186486,0,0.3377811053571569
3773.json,nathan-deal,false,1,speaker_disjoint_split,0,0.2812968413302926,0,0.26415295376060843
10740.json,bernie-s,mostly-true,0,speaker_disjoint_split,0,0.3595517073977493,0,0.3666272716413731
11166.json,john-kasich,mostly-true,0,speaker_disjoint_split,0,0.3024172337017898,0,0.35889692295190573
6243.json,american-commitment,barely-true,1,speaker_disjoint_split,1,0.680650493733969,1,0.7028972113580348
12176.json,donald-trump,half-true,0,speaker_disjoint_split,0,0.4678341677749306,0,0.47363494384235105
8541.json,scott-walker,true,0,speaker_disjoint_split,0,0.433316407118379,0,0.37277605837537753
2266.json,florida-first-initiative,false,1,speaker_disjoint_split,1,0.7002441387338768,1,0.6882935395334334
5175.json,nathan-deal,half-true,0,speaker_disjoint_split,1,0.6241701522790014,1,0.6514156560536218
10071.json,charlie-crist,true,0,speaker_disjoint_split,0,0.4410444449491677,0,0.41564488247825865
6146.json,david-plouffe,true,0,speaker_disjoint_split,1,0.5581782278121835,1,0.6356465216642119
6838.json,john-kasich,mostly-true,0,speaker_disjoint_split,0,0.3223633070440966,0,0.40844713650123077
8712.json,kimberly-nelson,true,0,speaker_disjoint_split,1,0.7355872712060918,1,0.7234097150477904
7242.json,bill-pascrell,mostly-true,0,speaker_disjoint_split,0,0.2741418287444756,0,0.2566289293683883
8717.json,blog-posting,pants-fire,1,speaker_disjoint_split,1,0.8892809364003635,1,0.9391227820047595
1807.json,national-republican-congressional-committee,false,1,speaker_disjoint_split,1,0.7495922953279024,1,0.7074524509329975
5515.json,sam-adams,half-true,0,speaker_disjoint_split,0,0.395991381121641,0,0.3694601850630589
9026.json,allen-peake,half-true,0,speaker_disjoint_split,0,0.4334434472215105,0,0.3642114895263465
11343.json,martin-shkreli,false,1,speaker_disjoint_split,0,0.48909064276669423,0,0.45890515519474356
10150.json,charlie-crist,barely-true,1,speaker_disjoint_split,1,0.5497311794570838,1,0.5621002847125133
4030.json,jeff-tittel,false,1,speaker_disjoint_split,1,0.5272048196727687,1,0.6176111929299744
301.json,bill-clinton,false,1,speaker_disjoint_split,0,0.2972628376705565,0,0.28133111842869896
11326.json,karl-rove,mostly-true,0,speaker_disjoint_split,0,0.2803550067192047,0,0.3498410776126089
6246.json,american-commitment,false,1,speaker_disjoint_split,0,0.42483924910251714,0,0.4773803261755473
717.json,joe-biden,half-true,0,speaker_disjoint_split,1,0.5963024393215325,1,0.5110231892521022
580.json,john-mccain,false,1,speaker_disjoint_split,1,0.6828467453357071,1,0.6964435067767933
12393.json,chris-sgro,false,1,speaker_disjoint_split,0,0.4070664978475065,0,0.33756090270935823
8266.json,debbie-wasserman-schultz,pants-fire,1,speaker_disjoint_split,0,0.47186596988016716,0,0.4759770950237726
10642.json,don-beyer,false,1,speaker_disjoint_split,1,0.544047593496859,0,0.4940123320522819
9290.json,tom-coburn,barely-true,1,speaker_disjoint_split,0,0.4811623277860302,1,0.5378769505060681
6860.json,laurie-monnes-anderson,false,1,speaker_disjoint_split,1,0.7635159411618987,1,0.7496797844309763
11574.json,bernie-s,mostly-true,0,speaker_disjoint_split,0,0.38988558289918107,0,0.41128934990850485
337.json,john-mccain,barely-true,1,speaker_disjoint_split,0,0.38706113501721007,0,0.38494829056565383
3839.json,national-republican-congressional-committee,pants-fire,1,speaker_disjoint_split,1,0.5840153126809607,1,0.6090692668437838
4787.json,ron-paul,true,0,speaker_disjoint_split,1,0.5340326795367971,1,0.5214428342926775
12646.json,debbie-wasserman-schultz,mostly-true,0,speaker_disjoint_split,0,0.26550802793013306,0,0.27500381663873313
760.json,john-mccain,false,1,speaker_disjoint_split,1,0.6757992180886708,1,0.7112364628082992
641.json,john-mccain,mostly-true,0,speaker_disjoint_split,1,0.5398170890759757,1,0.627573230537455
9858.json,mark-begich,pants-fire,1,speaker_disjoint_split,1,0.5942169572366673,1,0.5938994285606098
10541.json,joseph-yost,mostly-true,0,speaker_disjoint_split,1,0.5097985291469853,0,0.45042515672837874
733.json,john-mccain,barely-true,1,speaker_disjoint_split,1,0.5578467987448202,1,0.5904991541085082
11857.json,bernie-s,false,1,speaker_disjoint_split,0,0.4910639138409799,0,0.42332422620642046
2634.json,democratic-congressional-campaign-committee,half-true,0,speaker_disjoint_split,1,0.5554641351275119,1,0.5617313693816158
8731.json,gus-bilirakis,false,1,speaker_disjoint_split,0,0.34383913999983934,0,0.16007530411477452
9878.json,jeff-merkley,half-true,0,speaker_disjoint_split,0,0.26938384766377355,0,0.28401185241459004
2139.json,donna-brazile,true,0,speaker_disjoint_split,0,0.30293609323622156,0,0.28404765474099003
5068.json,david-cicilline,mostly-true,0,speaker_disjoint_split,0,0.41785689956223476,0,0.39334894307230917
11801.json,bernie-s,false,1,speaker_disjoint_split,0,0.2636172642648218,0,0.3461270447941959
6652.json,bill-clinton,true,0,speaker_disjoint_split,1,0.5194676699192255,0,0.3915489490008132
399.json,campaign-defend-america,mostly-true,0,speaker_disjoint_split,0,0.4939962591909893,0,0.3645191774508224
12275.json,pat-mccrory,false,1,speaker_disjoint_split,1,0.5278922435899324,0,0.49209549951199255
13096.json,donald-trump,true,0,speaker_disjoint_split,0,0.16586117968511285,0,0.14950470612282077
428.json,bill-clinton,pants-fire,1,speaker_disjoint_split,1,0.581301530660863,1,0.5679573365952751
12042.json,bernie-s,mostly-true,0,speaker_disjoint_split,0,0.303329579781626,0,0.31633720842669927
7839.json,oregon-pta,true,0,speaker_disjoint_split,0,0.19646932727843422,0,0.11396379103328307
10126.json,scott-walker,false,1,speaker_disjoint_split,0,0.36631979952600435,0,0.41142338655249955
7956.json,richard-durbin,half-true,0,speaker_disjoint_split,1,0.510758386798243,1,0.5052634289666466
1335.json,orrin-hatch,barely-true,1,speaker_disjoint_split,1,0.7007385103648378,1,0.6278109930135115
5372.json,scott-walker,pants-fire,1,speaker_disjoint_split,1,0.6175944051894428,1,0.6163421197839444
4676.json,ron-paul,false,1,speaker_disjoint_split,1,0.7772987480862088,1,0.78028364795466
1741.json,arlen-specter,true,0,speaker_disjoint_split,1,0.5814388220113221,1,0.644591374229933
11047.json,ben-ferguson,barely-true,1,speaker_disjoint_split,0,0.34347789107197596,0,0.3318058971843727
12117.json,bernie-s,half-true,0,speaker_disjoint_split,0,0.4519259353160784,0,0.4397314674553211
3066.json,ohio-alliance-retired-americans,false,1,speaker_disjoint_split,1,0.7017049631937295,1,0.7615477563482078
519.json,john-mccain,barely-true,1,speaker_disjoint_split,1,0.5499552893136064,1,0.5794813318665207
6757.json,its-still-bad-idea,mostly-true,0,speaker_disjoint_split,1,0.599940109625205,1,0.6622312444955497
1758.json,jan-brewer,barely-true,1,speaker_disjoint_split,1,0.5656969066345395,1,0.6392828986684918
4219.json,ash-williams,false,1,speaker_disjoint_split,1,0.5029509609447913,0,0.3740319279834988
12751.json,donald-trump,true,0,speaker_disjoint_split,0,0.21230794157284852,0,0.24560534113892668
5942.json,graeme-zielinski,pants-fire,1,speaker_disjoint_split,1,0.8364873330063279,1,0.6039308919058668
9999.json,dan-patrick,false,1,speaker_disjoint_split,1,0.7261259529777302,1,0.6663362234828465
5881.json,shaun-ireland,mostly-true,0,speaker_disjoint_split,1,0.5131620533873834,0,0.3483198564087503
3047.json,robert-hagan,half-true,0,speaker_disjoint_split,0,0.46990200562242695,0,0.3905696218226366
9705.json,scott-walker,pants-fire,1,speaker_disjoint_split,0,0.2485270925082335,0,0.3103978177875507
6039.json,new-jersey-democratic-state-committee,false,1,speaker_disjoint_split,1,0.5783966516258254,1,0.6021976078767413
4120.json,scott-walker,false,1,speaker_disjoint_split,0,0.4899961873823367,1,0.5042455980780035
3359.json,scott-mccown,true,0,speaker_disjoint_split,0,0.42642007145103217,0,0.47417172678825525
7820.json,bill-ratliff,barely-true,1,speaker_disjoint_split,1,0.5224021042883008,0,0.4934174216399967
7134.json,scott-walker,barely-true,1,speaker_disjoint_split,1,0.5455968473596777,1,0.5195845550566354
9534.json,debbie-wasserman-schultz,mostly-true,0,speaker_disjoint_split,0,0.25040726302661215,0,0.3109348835155677
5546.json,frank-wolf,true,0,speaker_disjoint_split,0,0.4013570033714917,0,0.4944496470342012
4304.json,state-democratic-party-wisconsin,barely-true,1,speaker_disjoint_split,1,0.5334768303713779,1,0.5930287013874919
1938.json,richard-durbin,false,1,speaker_disjoint_split,0,0.23916318616045376,0,0.26991848580235334
12157.json,pat-mccrory,half-true,0,speaker_disjoint_split,0,0.39438387214733367,0,0.31980579994831393
3653.json,donald-trump,pants-fire,1,speaker_disjoint_split,1,0.5532230076630915,1,0.6475236821215323
11557.json,donald-trump,half-true,0,speaker_disjoint_split,0,0.44924572413531627,0,0.4737546356491486
5751.json,wayne-lapierre,mostly-true,0,speaker_disjoint_split,1,0.6279679161024065,1,0.713124143494485
10607.json,joe-biden,half-true,0,speaker_disjoint_split,1,0.5923541144481744,1,0.5660694117381446
4874.json,greg-walden,half-true,0,speaker_disjoint_split,0,0.4862111185573984,1,0.5843277634004018
11180.json,heather-mcghee,true,0,speaker_disjoint_split,0,0.31126107350955684,0,0.2904482539097885
6917.json,marsha-blackburn,false,1,speaker_disjoint_split,1,0.6351362878814163,1,0.5198987275713459
6368.json,bill-clinton,half-true,0,speaker_disjoint_split,0,0.25905703919014045,0,0.22533591171827766
7874.json,13th-district-gop-slate,half-true,0,speaker_disjoint_split,1,0.6522396531221482,1,0.5981487682789265
8583.json,lynn-westmoreland,half-true,0,speaker_disjoint_split,0,0.41381126295791587,0,0.47537217407117
8242.json,georgia-campaign-liberty,false,1,speaker_disjoint_split,1,0.6770327848228281,1,0.7646332335385948
2372.json,ann-coulter,half-true,0,speaker_disjoint_split,0,0.3866535489261072,0,0.40889268279231594
12197.json,bernie-s,barely-true,1,speaker_disjoint_split,1,0.5776227896367652,1,0.5199238141066196
7067.json,peoples-majority,pants-fire,1,speaker_disjoint_split,1,0.7005697502218842,1,0.6137764596990657
9215.json,donald-trump,false,1,speaker_disjoint_split,1,0.6411557397625363,1,0.6543217894776325
10029.json,nathan-deal,true,0,speaker_disjoint_split,0,0.29516537765194245,0,0.2705332344565695
12637.json,pat-robertson,barely-true,1,speaker_disjoint_split,1,0.7878607360799049,1,0.706598574399794
8361.json,steve-lonegan,half-true,0,speaker_disjoint_split,0,0.32699666897873025,0,0.24756279689553237
11883.json,donald-trump,barely-true,1,speaker_disjoint_split,0,0.43976203451588447,1,0.5109314870374593
7935.json,ron-hood,pants-fire,1,speaker_disjoint_split,1,0.6529434426734401,1,0.7338475369882754
8077.json,republican-party-florida,mostly-true,0,speaker_disjoint_split,0,0.38613503573351793,0,0.37679208763552713
2904.json,kirk-watson,mostly-true,0,speaker_disjoint_split,1,0.6085905085068439,1,0.6375521557075547
1581.json,cathie-adams,barely-true,1,speaker_disjoint_split,0,0.42417714255678235,0,0.3281452864547771
2606.json,hank-gilbert,half-true,0,speaker_disjoint_split,1,0.6036735998332106,0,0.4550899789870923
7419.json,wayne-lapierre,barely-true,1,speaker_disjoint_split,1,0.6420792972325837,1,0.6839299899158479
13153.json,donald-trump,mostly-true,0,speaker_disjoint_split,1,0.528949575247867,1,0.5693795989901127
13130.json,donald-trump,true,0,speaker_disjoint_split,0,0.40646873852093396,0,0.415146871567219
8889.json,thomas-perez,mostly-true,0,speaker_disjoint_split,0,0.44082241640538256,0,0.47153103337135677
3842.json,national-republican-congressional-committee,barely-true,1,speaker_disjoint_split,0,0.48680979883254794,1,0.5395952177332592
4252.json,daniel-mckee,half-true,0,speaker_disjoint_split,0,0.401882527857078,0,0.2522930447361556
8300.json,dale-kooyenga,barely-true,1,speaker_disjoint_split,1,0.5734608045775661,1,0.5157543346611444
6414.json,john-kasich,true,0,speaker_disjoint_split,0,0.24955645523362852,0,0.25513016740290323
11957.json,donald-trump,pants-fire,1,speaker_disjoint_split,0,0.3636968932716234,0,0.37924155553654454
12509.json,donald-trump,mostly-true,0,speaker_disjoint_split,0,0.30456508959374307,0,0.32714477427553557
3349.json,scott-walker,barely-true,1,speaker_disjoint_split,1,0.5712245511956519,1,0.6000946459268239
4991.json,jon-huntsman,barely-true,1,speaker_disjoint_split,0,0.33445464240933914,0,0.38509841943211975
12766.json,donald-trump,false,1,speaker_disjoint_split,0,0.4418737263592252,0,0.4331352276098732
10127.json,nathan-deal,mostly-true,0,speaker_disjoint_split,1,0.5242159451610177,0,0.4581431247978399
13209.json,donald-trump,barely-true,1,speaker_disjoint_split,1,0.6898209994552765,1,0.73235743333408
6695.json,democratic-congressional-campaign-committee,false,1,speaker_disjoint_split,0,0.4954149389126194,1,0.5234921492859
12786.json,bill-clinton,half-true,0,speaker_disjoint_split,0,0.26272964256089165,0,0.25286395433533854
12196.json,john-kasich,mostly-true,0,speaker_disjoint_split,0,0.3855360943098248,0,0.41295243782478075
12121.json,donald-trump,pants-fire,1,speaker_disjoint_split,0,0.31537353489471953,0,0.2992434535470781
8630.json,scott-walker,mostly-true,0,speaker_disjoint_split,0,0.43870052778124435,0,0.42695910739236426
12050.json,donald-trump,false,1,speaker_disjoint_split,1,0.7977139467821739,1,0.8489600112858106
1846.json,glenn-beck,mostly-true,0,speaker_disjoint_split,0,0.37475697529606233,0,0.39388643987905686
6655.json,charlie-crist,half-true,0,speaker_disjoint_split,1,0.5290060382681404,1,0.5396649690354823
1730.json,bill-oreilly,pants-fire,1,speaker_disjoint_split,1,0.6562034509266488,1,0.7402036257229869
2899.json,jeff-fitzgerald,barely-true,1,speaker_disjoint_split,0,0.46638561875612766,0,0.4929186153178486
10059.json,charlie-crist,mostly-true,0,speaker_disjoint_split,0,0.39525385245655015,0,0.42339337475761263
12450.json,pat-mccrory,barely-true,1,speaker_disjoint_split,1,0.732857925101412,1,0.7490845080617111
5869.json,saxby-chambliss,half-true,0,speaker_disjoint_split,0,0.47307002097941087,0,0.4882825266700143
1601.json,karl-rove,false,1,speaker_disjoint_split,1,0.5547761065196509,0,0.4249267053037469
7743.json,ken-cuccinelli,false,1,speaker_disjoint_split,1,0.5980541230109478,1,0.6062433429545477
12995.json,donald-trump,barely-true,1,speaker_disjoint_split,0,0.36890213856051984,0,0.4021054845767654
8636.json,debra-medina,true,0,speaker_disjoint_split,0,0.27852037912600763,0,0.2914734036613493
483.json,john-mccain,mostly-true,0,speaker_disjoint_split,0,0.3741430355260662,0,0.36315289196891126
1212.json,michael-steele,true,0,speaker_disjoint_split,1,0.6541298043850258,1,0.5812569441274822
3264.json,lloyd-doggett,mostly-true,0,speaker_disjoint_split,0,0.4164122773552823,0,0.4079212842422694
11330.json,donald-trump,mostly-true,0,speaker_disjoint_split,0,0.4754133499700696,0,0.49847092939463994
12595.json,donald-trump,false,1,speaker_disjoint_split,1,0.5960814821499052,0,0.476514728803142
9102.json,chris-chocola,half-true,0,speaker_disjoint_split,0,0.4830334384316923,0,0.31308165225222034
6299.json,scott-walker,false,1,speaker_disjoint_split,1,0.6709611348085341,1,0.6707736416325283
4210.json,joshua-henne,false,1,speaker_disjoint_split,1,0.5903197050692519,1,0.5016861101821388
6643.json,bill-clinton,mostly-true,0,speaker_disjoint_split,0,0.25353588216553047,0,0.24812407311341186
4918.json,ron-paul,barely-true,1,speaker_disjoint_split,0,0.33035732572161947,0,0.38297921805707963
5041.json,steve-lonegan,false,1,speaker_disjoint_split,0,0.49984973355987083,0,0.36025590839028765
7508.json,ed-fallone,mostly-true,0,speaker_disjoint_split,1,0.5208937945881439,1,0.5762819157276555
9366.json,valarie-wilson,half-true,0,speaker_disjoint_split,0,0.4915650417262941,0,0.4240158326901882
7462.json,ken-cuccinelli,true,0,speaker_disjoint_split,0,0.369337524438696,0,0.37289314889207886
4791.json,debbie-wasserman-schultz,half-true,0,speaker_disjoint_split,0,0.30888318016631455,0,0.31717136848272
813.json,john-mccain,false,1,speaker_disjoint_split,1,0.5134720533327604,0,0.4837844340333896
12760.json,donald-trump,mostly-true,0,speaker_disjoint_split,0,0.3238224590357085,0,0.3276340314939821
4511.json,john-sherman,false,1,speaker_disjoint_split,0,0.38819088054456896,0,0.41413936018409203
11598.json,donald-trump,half-true,0,speaker_disjoint_split,1,0.679616552113835,1,0.665782843165358
528.json,john-mccain,true,0,speaker_disjoint_split,0,0.47842523030414097,0,0.496235037753153
13450.json,donald-trump,false,1,speaker_disjoint_split,0,0.33834628431536146,0,0.3039210620070301
121.json,john-mccain,false,1,speaker_disjoint_split,1,0.5898735449389558,1,0.6375002214484243
19.json,joe-biden,pants-fire,1,speaker_disjoint_split,1,0.7985755332561749,1,0.7645422944110603
801.json,john-mccain,half-true,0,speaker_disjoint_split,0,0.41514790893067754,0,0.4059899043407164
6365.json,democratic-congressional-campaign-committee,pants-fire,1,speaker_disjoint_split,1,0.6551977093645065,1,0.6548266870871805
8177.json,blog-posting,pants-fire,1,speaker_disjoint_split,1,0.8091270709656114,1,0.8738515239456537
7469.json,carol-shea-porter,half-true,0,speaker_disjoint_split,0,0.2550145924108399,0,0.17386052166068097
9617.json,charlie-crist,mostly-true,0,speaker_disjoint_split,0,0.43379278710284525,0,0.3839565871364018
10537.json,trebor-banstetter,true,0,speaker_disjoint_split,1,0.592758222928097,1,0.6499436930611685
4925.json,rob-cornilles,half-true,0,speaker_disjoint_split,0,0.4165624315756182,0,0.455721038542263
2642.json,charlie-crist,barely-true,1,speaker_disjoint_split,1,0.5185635969202324,0,0.4570598080072022
8905.json,charlie-crist,false,1,speaker_disjoint_split,1,0.6845957594772826,1,0.6675073623809915
12031.json,john-kasich,barely-true,1,speaker_disjoint_split,0,0.23445477047634755,0,0.23854914639780822
1318.json,glenn-beck,pants-fire,1,speaker_disjoint_split,1,0.5827611769335718,1,0.6333667270520521
9236.json,scott-walker,mostly-true,0,speaker_disjoint_split,0,0.3073004657404344,0,0.39040283028590517
8201.json,national-republican-congressional-committee,barely-true,1,speaker_disjoint_split,1,0.7495611989516572,1,0.7634287240256132
13052.json,donald-trump,true,0,speaker_disjoint_split,1,0.5913055014462427,0,0.4925011002836144
6440.json,tomorrows-vision-florida,false,1,speaker_disjoint_split,0,0.45915658493251205,0,0.4725014703818131
633.json,jerome-corsi,false,1,speaker_disjoint_split,0,0.35429615305936135,0,0.4435716063732575
510.json,republican-party-florida,pants-fire,1,speaker_disjoint_split,1,0.7739695677643349,1,0.7512453595874634
12752.json,donald-trump,mostly-true,0,speaker_disjoint_split,0,0.31799247004685666,0,0.37341675594689316
3984.json,jon-huntsman,true,0,speaker_disjoint_split,0,0.46694206779945857,0,0.45599927004436036
1825.json,michael-steele,true,0,speaker_disjoint_split,0,0.45879876530453967,0,0.34352767379735566
11864.json,john-kasich,false,1,speaker_disjoint_split,0,0.3050827184308422,0,0.3342949691480298
278.json,john-mccain,false,1,speaker_disjoint_split,0,0.38307488918694427,0,0.42259520023682734
401.json,campaign-defend-america,true,0,speaker_disjoint_split,1,0.5823698151189783,0,0.48593991105082013
11096.json,donald-trump,false,1,speaker_disjoint_split,1,0.6360634048016278,1,0.6589043300956245
5209.json,rob-cornilles,half-true,0,speaker_disjoint_split,1,0.6251817984884762,1,0.671386294920221
9524.json,state-democratic-party-wisconsin,pants-fire,1,speaker_disjoint_split,1,0.6698393241342636,1,0.6865299378329041
9198.json,marsha-blackburn,half-true,0,speaker_disjoint_split,0,0.43422302211251335,0,0.32409950891200445
12169.json,chris-sgro,mostly-true,0,speaker_disjoint_split,0,0.46991929075632505,0,0.33070024013143473
12996.json,donald-trump,pants-fire,1,speaker_disjoint_split,0,0.25019626083929253,0,0.29813399761072024
10064.json,republican-party-florida,false,1,speaker_disjoint_split,1,0.8365728343836422,1,0.8356031213923195
4161.json,cliff-stearns,mostly-true,0,speaker_disjoint_split,0,0.3806704086826886,0,0.36718571430924946
2646.json,democratic-congressional-campaign-committee,half-true,0,speaker_disjoint_split,1,0.5159369646882545,1,0.5452502158286496
12381.json,mamie-locke,true,0,speaker_disjoint_split,0,0.4520826832585909,0,0.467036765199948
10055.json,jeanne-shaheen,mostly-true,0,speaker_disjoint_split,1,0.6749067151748199,1,0.607829482453158
13251.json,donald-trump,pants-fire,1,speaker_disjoint_split,0,0.3315264243990731,0,0.3668270527862066
6239.json,robert-menendez,barely-true,1,speaker_disjoint_split,0,0.4327630829322391,0,0.3409202694268171
9612.json,republican-party-florida,half-true,0,speaker_disjoint_split,1,0.6711839175066042,1,0.6097585904106698
1087.json,joe-biden,mostly-true,0,speaker_disjoint_split,0,0.3759578176676715,0,0.34139896788072827
267.json,bill-richardson,true,0,speaker_disjoint_split,1,0.613074002496712,1,0.5349400915114578
4272.json,lloyd-doggett,true,0,speaker_disjoint_split,0,0.15394365803285806,0,0.1182250382719217
2357.json,scott-walker,false,1,speaker_disjoint_split,1,0.7147672747794572,1,0.6933834943540553
12541.json,donald-trump,barely-true,1,speaker_disjoint_split,1,0.5184073247027936,1,0.5421015619849766
2854.json,carole-smith,pants-fire,1,speaker_disjoint_split,1,0.5569422423189138,1,0.513570977842254
2072.json,david-cicilline,true,0,speaker_disjoint_split,0,0.2609776715014203,0,0.1982705394339649
1420.json,debra-medina,mostly-true,0,speaker_disjoint_split,0,0.4050922868657717,1,0.5435925220713849
6370.json,julian-castro,true,0,speaker_disjoint_split,0,0.3622580601165832,0,0.35876210915363094
10163.json,james-carr,true,0,speaker_disjoint_split,1,0.7223556185718405,1,0.6485088344176236
2796.json,safe-routes-schools,false,1,speaker_disjoint_split,0,0.4978087046645592,1,0.6403240939463598
2679.json,charlie-crist,true,0,speaker_disjoint_split,1,0.5295392705353462,0,0.47339848840029447
10040.json,bill-oreilly,half-true,0,speaker_disjoint_split,1,0.7581349596070961,1,0.8097491443993609
8667.json,bob-schieffer,true,0,speaker_disjoint_split,1,0.66654225251946,1,0.5313998172402589
9746.json,mark-emmert,half-true,0,speaker_disjoint_split,0,0.18453709297227686,0,0.14654632101469892
4698.json,americans-prosperity-new-jersey,false,1,speaker_disjoint_split,1,0.5963815014209501,1,0.624120473497632
2585.json,christine-odonnell,barely-true,1,speaker_disjoint_split,1,0.6653710215798279,1,0.5753048945015404
6026.json,scott-walker,half-true,0,speaker_disjoint_split,0,0.4787902561821774,0,0.49453482250377967
13056.json,national-republican-congressional-committee,true,0,speaker_disjoint_split,0,0.32629048790382625,0,0.3255556426217073
1103.json,glenn-beck,pants-fire,1,speaker_disjoint_split,1,0.6916753696711538,1,0.733977821425334
4105.json,shelly-moore,pants-fire,1,speaker_disjoint_split,1,0.6669202873376827,1,0.8470795645114928
8533.json,frank-fahrenkopf,barely-true,1,speaker_disjoint_split,0,0.4488629123682696,0,0.46376236044367497
13125.json,donald-trump,barely-true,1,speaker_disjoint_split,1,0.6018221255634689,1,0.6952401707302384
3107.json,dean-cannon,true,0,speaker_disjoint_split,0,0.43862059110671037,0,0.3072518654216212
6765.json,joaquin-castro,true,0,speaker_disjoint_split,0,0.3155237068029263,0,0.33808583201010517
4243.json,jon-huntsman,mostly-true,0,speaker_disjoint_split,0,0.4556728850140582,0,0.46306451271297405
7818.json,carolyn-tomei,mostly-true,0,speaker_disjoint_split,0,0.4295859314232286,0,0.2820235331244381
10871.json,gina-hinojosa,half-true,0,speaker_disjoint_split,0,0.3495410581549507,0,0.32254540743635945
11324.json,dale-kooyenga,mostly-true,0,speaker_disjoint_split,0,0.400377388948671,0,0.30860647772450844
3637.json,donald-trump,mostly-true,0,speaker_disjoint_split,0,0.25836572529515506,0,0.31187244462587543
6060.json,jeanne-shaheen,barely-true,1,speaker_disjoint_split,0,0.24191831879956222,0,0.2089993763871528
603.json,john-mccain,false,1,speaker_disjoint_split,1,0.5485687358532821,1,0.5803442440226868
11545.json,bernie-s,mostly-true,0,speaker_disjoint_split,0,0.25223338645272353,0,0.2606985095338167
6684.json,its-still-bad-idea,pants-fire,1,speaker_disjoint_split,0,0.3588562851716729,0,0.35867894983997783
11711.json,donald-trump,true,0,speaker_disjoint_split,0,0.4923100857593253,1,0.5756700622947346
8869.json,scott-surovell,mostly-true,0,speaker_disjoint_split,0,0.3828357435530695,0,0.2843340966696989
8320.json,charlie-crist,mostly-true,0,speaker_disjoint_split,0,0.407468237753728,0,0.4234962217036578
5505.json,lenny-curry,true,0,speaker_disjoint_split,1,0.5445956115879182,1,0.5670339747015236
11778.json,donald-trump,barely-true,1,speaker_disjoint_split,0,0.48855879324109497,1,0.5976342023229712
1251.json,jay-rockefeller,true,0,speaker_disjoint_split,0,0.3974368909426139,0,0.3241392297194257
6112.json,jeff-merkley,mostly-true,0,speaker_disjoint_split,0,0.19242598928358123,0,0.14926184678856735
2652.json,kathie-glass,pants-fire,1,speaker_disjoint_split,0,0.38233616388179914,0,0.47419120538260223
11764.json,state-democratic-party-wisconsin,pants-fire,1,speaker_disjoint_split,0,0.1270513166580606,0,0.14942148891663418
7692.json,dan-patrick,mostly-true,0,speaker_disjoint_split,0,0.26556467097776293,0,0.250936460575827
11185.json,carly-fiorina,barely-true,1,speaker_disjoint_split,0,0.4890751775605019,1,0.5466814302197375
2412.json,republican-party-florida,false,1,speaker_disjoint_split,1,0.5949747343922821,1,0.5456766945740597
592.json,john-mccain,barely-true,1,speaker_disjoint_split,1,0.6585966113823727,1,0.6147620014892323
12745.json,donald-trump,half-true,0,speaker_disjoint_split,0,0.22752665524261628,0,0.21776422543475693
2547.json,lloyd-doggett,true,0,speaker_disjoint_split,1,0.6322359373945579,1,0.5747160180993037
6386.json,democratic-congressional-campaign-committee,barely-true,1,speaker_disjoint_split,1,0.6220926758472508,1,0.6552577770849886
4708.json,nina-turner,true,0,speaker_disjoint_split,0,0.2216052559249341,0,0.16130947867069445
12167.json,bernie-s,barely-true,1,speaker_disjoint_split,1,0.5844057279388061,1,0.5769001429551306
2876.json,john-kasich,mostly-true,0,speaker_disjoint_split,0,0.18388202283442573,0,0.20230863986578942
12943.json,donald-trump,half-true,0,speaker_disjoint_split,1,0.8212110490526956,1,0.8310717753309592
2777.json,michael-bloomberg,mostly-true,0,speaker_disjoint_split,0,0.2376480219483758,0,0.3083427465853415
7758.json,bill-richardson,mostly-true,0,speaker_disjoint_split,0,0.40542454821787843,0,0.33787676821578716
11796.json,donald-trump,half-true,0,speaker_disjoint_split,1,0.6939336832437643,1,0.5433645447499603
10208.json,anna-kooiman,barely-true,1,speaker_disjoint_split,1,0.6464732826076841,1,0.6852338479651517
805.json,john-mccain,mostly-true,0,speaker_disjoint_split,1,0.6482755389092465,1,0.6605284196773396
7461.json,arne-duncan,barely-true,1,speaker_disjoint_split,1,0.7378600718199969,1,0.674706524389944
3575.json,scott-walker,true,0,speaker_disjoint_split,1,0.6701501135927352,1,0.7176788844445959
384.json,votevetsorg,true,0,speaker_disjoint_split,1,0.5004154463203848,0,0.32712750693075143
729.json,john-mccain,half-true,0,speaker_disjoint_split,1,0.6258704762044249,1,0.6749783262534338
656.json,joe-biden,mostly-true,0,speaker_disjoint_split,0,0.3494716081771802,0,0.26040842643126705
6010.json,lenny-curry,half-true,0,speaker_disjoint_split,0,0.26350937048711726,0,0.23760754840685583
727.json,john-mccain,mostly-true,0,speaker_disjoint_split,0,0.4425092562098159,0,0.432593210890724
6262.json,democratic-congressional-campaign-committee,pants-fire,1,speaker_disjoint_split,1,0.6876918282339196,1,0.6941548886830629
12084.json,donald-trump,true,0,speaker_disjoint_split,1,0.514920928818992,0,0.45512055781286226
12461.json,blog-posting,true,0,speaker_disjoint_split,0,0.36996867498643576,1,0.5427009868561764
11910.json,ben-carson,pants-fire,1,speaker_disjoint_split,1,0.6351872871380144,1,0.6165402488554931
10175.json,scott-walker,mostly-true,0,speaker_disjoint_split,0,0.3701490267584439,0,0.43367296727984134
1881.json,thomas-melsheimer,barely-true,1,speaker_disjoint_split,0,0.39355994140406664,0,0.452432234753758
5536.json,stephen-sweeney,half-true,0,speaker_disjoint_split,1,0.7737694338798605,1,0.7785557320043685
12787.json,donald-trump,half-true,0,speaker_disjoint_split,1,0.5871933363164094,1,0.5161059540859342
2442.json,delia-lopez,pants-fire,1,speaker_disjoint_split,1,0.6722545412400828,1,0.7187836468424922
2983.json,sam-adams,true,0,speaker_disjoint_split,0,0.24502849001479224,0,0.2346867130349728
6577.json,scott-walker,half-true,0,speaker_disjoint_split,0,0.2745715600183823,0,0.3012944246185821
4711.json,lloyd-doggett,mostly-true,0,speaker_disjoint_split,0,0.2552466440801981,0,0.19800938417577874
11865.json,adrian-garcia,barely-true,1,speaker_disjoint_split,0,0.42063304765672194,0,0.37492371732602564
3021.json,david-wyss,true,0,speaker_disjoint_split,1,0.5669373595659163,1,0.5948124634096367
5272.json,ron-paul,half-true,0,speaker_disjoint_split,1,0.5707778299885456,1,0.5396647618675366
3991.json,scott-walker,half-true,0,speaker_disjoint_split,0,0.4969891054480027,1,0.5089735927979614
6290.json,ohio-republican-party,half-true,0,speaker_disjoint_split,1,0.785017690817841,1,0.8868022310200319
1394.json,texas-democratic-party,false,1,speaker_disjoint_split,1,0.5624509278657982,1,0.6943623767830829
1052.json,john-mccain,true,0,speaker_disjoint_split,1,0.6334124900520689,1,0.5136826666006746
3700.json,stephen-ucci,false,1,speaker_disjoint_split,1,0.5860071744028548,0,0.49311485630893515
1999.json,charlie-crist,true,0,speaker_disjoint_split,0,0.33362574922322413,0,0.24576658882098054
9683.json,peter-lavelle,pants-fire,1,speaker_disjoint_split,1,0.5595588431429638,1,0.6635478806308758
2626.json,edwin-pacheco,false,1,speaker_disjoint_split,1,0.5828991889596943,1,0.6593261678961219
2814.json,john-kasich,half-true,0,speaker_disjoint_split,0,0.45424327195493713,0,0.46711789993187214
12448.json,donald-trump,barely-true,1,speaker_disjoint_split,1,0.6440303292710783,1,0.6756179413191576
8701.json,state-democratic-party-wisconsin,false,1,speaker_disjoint_split,0,0.4628964100012797,0,0.49846426267604244
2371.json,john-mccain,barely-true,1,speaker_disjoint_split,1,0.801492630399064,1,0.8550286173248254
12065.json,donald-trump,true,0,speaker_disjoint_split,1,0.6077101820713917,1,0.6317579245753978
13305.json,donald-trump,true,0,speaker_disjoint_split,1,0.5704155611490557,0,0.47777570766126476
2428.json,republican-governors-association,half-true,0,speaker_disjoint_split,0,0.2812952642923967,0,0.2805057016280389
4425.json,john-kasich,barely-true,1,speaker_disjoint_split,0,0.3441280112142764,0,0.47363419883096314
5551.json,dennis-richardson,half-true,0,speaker_disjoint_split,0,0.2520529675059605,0,0.2222737617387302
757.json,john-mccain,half-true,0,speaker_disjoint_split,1,0.5605301681873485,1,0.5915678142039918
2284.json,glenn-beck,pants-fire,1,speaker_disjoint_split,1,0.6756021702791756,1,0.6995699591682263
12650.json,donald-trump,barely-true,1,speaker_disjoint_split,1,0.5098938156581838,1,0.5306798725632629
643.json,joe-biden,half-true,0,speaker_disjoint_split,0,0.23239942432957164,0,0.20075842593369064
11562.json,donald-trump,pants-fire,1,speaker_disjoint_split,0,0.43736504319645897,1,0.5305516526180917
12098.json,john-kasich,mostly-true,0,speaker_disjoint_split,1,0.5040847631866624,1,0.5342234545439243
1480.json,glenn-beck,barely-true,1,speaker_disjoint_split,0,0.41174681201685126,0,0.47690350862695136
10517.json,nathan-deal,half-true,0,speaker_disjoint_split,0,0.2010998407871396,0,0.24855446036139187
531.json,john-mccain,mostly-true,0,speaker_disjoint_split,0,0.31391257382144083,0,0.37002106162768605
126.json,joe-biden,mostly-true,0,speaker_disjoint_split,1,0.5691141346772034,0,0.4996274135527246
526.json,john-mccain,barely-true,1,speaker_disjoint_split,0,0.45274973822073195,0,0.40598821898376464
3.json,bill-richardson,mostly-true,0,speaker_disjoint_split,0,0.37321988670744716,0,0.3172119564550694
1150.json,orrin-hatch,half-true,0,speaker_disjoint_split,0,0.3625309861633455,0,0.3054537013882611
4289.json,sam-adams,half-true,0,speaker_disjoint_split,0,0.4115485454030964,0,0.4675671263954601
4383.json,dennis-richardson,false,1,speaker_disjoint_split,1,0.5526065162606862,1,0.5463505536598344
2643.json,scott-walker,false,1,speaker_disjoint_split,1,0.6876584116544512,1,0.7623502286714072
13236.json,tim-kaine,barely-true,1,speaker_disjoint_split,0,0.3023228627581153,0,0.2790360534577635
1894.json,donna-brazile,half-true,0,speaker_disjoint_split,0,0.31329768889109433,0,0.25008142494720204
792.json,john-mccain,half-true,0,speaker_disjoint_split,1,0.5483239823924102,1,0.5875899576483781
12929.json,julian-castro,true,0,speaker_disjoint_split,0,0.3698068012663393,0,0.36140305871825873
12791.json,democratic-congressional-campaign-committee,barely-true,1,speaker_disjoint_split,1,0.5618029739953133,0,0.4448399208290746
10283.json,bernie-s,mostly-true,0,speaker_disjoint_split,0,0.3248990964771249,0,0.32886386758574565
2165.json,sam-olens,half-true,0,speaker_disjoint_split,0,0.4348162427865377,0,0.34063528921218683
6455.json,warren-kampf,mostly-true,0,speaker_disjoint_split,0,0.396970870989281,0,0.3967623540095297
211.json,john-mccain,true,0,speaker_disjoint_split,1,0.5358018449368939,1,0.5530316344459374
7676.json,michael-chippendale,barely-true,1,speaker_disjoint_split,0,0.46388771596498446,0,0.4645846952957302
2443.json,john-kasich,half-true,0,speaker_disjoint_split,0,0.46359203063611687,0,0.45198346984217536
12284.json,bernie-s,mostly-true,0,speaker_disjoint_split,1,0.5708234142108368,1,0.5575191721976429
3414.json,bernie-s,false,1,speaker_disjoint_split,0,0.42154309535376994,0,0.38310947430295667
1450.json,debra-medina,half-true,0,speaker_disjoint_split,1,0.7455342571562654,1,0.8188294906370837
2894.json,glenn-beck,pants-fire,1,speaker_disjoint_split,1,0.6230045693312791,1,0.6959419290640938
9301.json,blog-posting,pants-fire,1,speaker_disjoint_split,1,0.6960676367363141,1,0.7959350003065616
5486.json,silvestre-reyes,half-true,0,speaker_disjoint_split,1,0.6242219473816966,1,0.5552681539253926
13227.json,donald-trump,false,1,speaker_disjoint_split,1,0.6955479426378065,1,0.7291153056010606
2603.json,hank-gilbert,false,1,speaker_disjoint_split,0,0.48254134006677235,0,0.33451379673814363
788.json,john-mccain,mostly-true,0,speaker_disjoint_split,1,0.5126402544992386,1,0.5654076359325428
605.json,john-mccain,false,1,speaker_disjoint_split,1,0.638034343035358,1,0.6172671791638749
13186.json,tim-kaine,half-true,0,speaker_disjoint_split,0,0.458924592245834,0,0.36289741472191045
3037.json,tim-kaine,half-true,0,speaker_disjoint_split,0,0.3553953120017615,0,0.39669282299356146
207.json,john-mccain,true,0,speaker_disjoint_split,1,0.5390990606151433,1,0.5964197408514016
10069.json,debbie-wasserman-schultz,false,1,speaker_disjoint_split,1,0.8158602376886213,1,0.7707267894137985
13486.json,rush-limbaugh,half-true,0,speaker_disjoint_split,1,0.8178889550582216,1,0.8288877157407436
10633.json,glenn-beck,false,1,speaker_disjoint_split,1,0.5230407498747142,1,0.611572323179014
10883.json,rebecca-quigley,false,1,speaker_disjoint_split,0,0.327356996928658,0,0.22425322503878908
11307.json,donald-trump,barely-true,1,speaker_disjoint_split,1,0.5219269341899873,1,0.5263437944165941
4175.json,debbie-wasserman-schultz,half-true,0,speaker_disjoint_split,0,0.4266934806734828,0,0.4340718750050283
3987.json,democratic-congressional-campaign-committee,mostly-true,0,speaker_disjoint_split,1,0.6326769901784325,1,0.6454115934709368
12834.json,donald-trump,false,1,speaker_disjoint_split,0,0.48922348001260474,1,0.5391877393011997
386.json,john-mccain,mostly-true,0,speaker_disjoint_split,0,0.498242138157583,1,0.5339937647381056
446.json,focus-family-action,barely-true,1,speaker_disjoint_split,1,0.5453634132003738,1,0.5965866870719317
10271.json,keisha-lance-bottoms,mostly-true,0,speaker_disjoint_split,0,0.46529534619393265,1,0.5667978984879539
317.json,bill-clinton,true,0,speaker_disjoint_split,0,0.1966980371748671,0,0.1920176544822303
5450.json,ron-paul,half-true,0,speaker_disjoint_split,1,0.6785184058688305,1,0.6880980656582478
3740.json,tim-kaine,half-true,0,speaker_disjoint_split,0,0.16373886022087522,0,0.15302037858444426
10543.json,scott-walker,false,1,speaker_disjoint_split,1,0.7562610415267611,1,0.813240450359688
7904.json,scott-walker,barely-true,1,speaker_disjoint_split,0,0.31741807295809926,0,0.34887252521620543
12805.json,joe-biden,mostly-true,0,speaker_disjoint_split,1,0.5028821602430366,0,0.4668166745153272
9771.json,nextgen-climate,half-true,0,speaker_disjoint_split,0,0.4672159657173878,0,0.43932041779259773
2394.json,republican-governors-association,half-true,0,speaker_disjoint_split,1,0.5827659524291902,0,0.4259121249381965
3541.json,armond-budish,half-true,0,speaker_disjoint_split,0,0.38592957820865226,0,0.3546763520695278
12187.json,rick-scotts-starbucks-heckler,half-true,0,speaker_disjoint_split,1,0.6746976609274822,1,0.7278807821935818
6325.json,michael-bloomberg,half-true,0,speaker_disjoint_split,0,0.4135561132996683,0,0.4664900631464146
12855.json,richard-durbin,true,0,speaker_disjoint_split,0,0.17695420057508987,0,0.1266979544528174
11726.json,dan-patrick,barely-true,1,speaker_disjoint_split,0,0.27218708057757973,0,0.21821333510571933
699.json,john-mccain,half-true,0,speaker_disjoint_split,1,0.7172707496955102,1,0.7633524823110516
10041.json,dan-patrick,half-true,0,speaker_disjoint_split,1,0.6201096153083252,1,0.5466251627124457
4189.json,national-republican-congressional-committee,false,1,speaker_disjoint_split,1,0.7224524378129563,1,0.7214272647795733
1405.json,glenn-beck,barely-true,1,speaker_disjoint_split,0,0.27053259415242753,0,0.3216954833122236
6919.json,tim-kaine,barely-true,1,speaker_disjoint_split,0,0.3146902665053462,0,0.24764370793639623
9774.json,republican-party-florida,false,1,speaker_disjoint_split,1,0.7515075995548687,1,0.7495966415193035
2616.json,christine-odonnell,pants-fire,1,speaker_disjoint_split,1,0.6856508799511125,1,0.633784206327226
1280.json,charlie-crist,barely-true,1,speaker_disjoint_split,0,0.34812399876437133,0,0.2904982298175795
6720.json,rob-zerban,false,1,speaker_disjoint_split,1,0.5317066736056715,0,0.47110861652314706
4442.json,ron-paul,half-true,0,speaker_disjoint_split,1,0.5349349791459059,0,0.48923869057089964
7111.json,sam-adams,barely-true,1,speaker_disjoint_split,1,0.5701521863727902,0,0.43692116065192066
9235.json,blog-posting,pants-fire,1,speaker_disjoint_split,1,0.7890819062591546,1,0.8874716481274549
1243.json,barney-bishop,false,1,speaker_disjoint_split,1,0.5290022868068958,1,0.5652116452204321
3369.json,sam-adams,half-true,0,speaker_disjoint_split,1,0.5786576037960658,0,0.4524536105614243
12952.json,donald-trump,barely-true,1,speaker_disjoint_split,1,0.5781003719919197,1,0.6332641034308438
2187.json,michael-bloomberg,false,1,speaker_disjoint_split,0,0.27925646656636155,0,0.3632097622970851
2774.json,scott-walker,half-true,0,speaker_disjoint_split,1,0.6618839360887204,1,0.6762613157588242
6555.json,teresa-fedor,true,0,speaker_disjoint_split,0,0.4552951275245871,0,0.3865945150345198
5710.json,joe-biden,false,1,speaker_disjoint_split,0,0.45666147778913996,0,0.4565563682616408
12537.json,donald-trump,false,1,speaker_disjoint_split,0,0.4792970696413195,0,0.4397473165053049
4841.json,eileen-brady,mostly-true,0,speaker_disjoint_split,1,0.5270038552829317,1,0.6601553263998332
13512.json,blog-posting,pants-fire,1,speaker_disjoint_split,1,0.5300251453382224,1,0.7097848101255101
7329.json,mayors-against-illegal-guns,half-true,0,speaker_disjoint_split,0,0.3723178866985018,0,0.34630622260552985
13385.json,donald-trump,mostly-true,0,speaker_disjoint_split,0,0.412467053712669,0,0.4262510521938852
9937.json,jeanne-shaheen,mostly-true,0,speaker_disjoint_split,0,0.2834199784089705,0,0.27477615640351344
5124.json,restore-our-future,pants-fire,1,speaker_disjoint_split,1,0.6080845926915837,1,0.5786327805600452
9437.json,scott-walker,half-true,0,speaker_disjoint_split,1,0.6709590764452791,1,0.647950075842037
235.json,john-mccain,true,0,speaker_disjoint_split,0,0.4442142481402594,1,0.5473374311890921
9489.json,scott-walker,false,1,speaker_disjoint_split,1,0.6589004750025164,1,0.6427550698761023
5836.json,mary-nolan,half-true,0,speaker_disjoint_split,0,0.43284782240392505,0,0.3786275042515402
13324.json,donald-trump,mostly-true,0,speaker_disjoint_split,1,0.6774673983795051,1,0.6990266162199074
5230.json,nathan-deal,true,0,speaker_disjoint_split,0,0.40840135676168093,0,0.35945966992923406
6900.json,karen-huber,half-true,0,speaker_disjoint_split,1,0.6180892844324053,1,0.6495853843446102
10524.json,lloyd-doggett,true,0,speaker_disjoint_split,1,0.546052119981607,0,0.4767124845929768
12599.json,thomas-perez,true,0,speaker_disjoint_split,0,0.31371830460773775,0,0.3058459491422334
7084.json,dan-patrick,true,0,speaker_disjoint_split,0,0.3343708509994593,0,0.29710209020028405
9323.json,julian-castro,true,0,speaker_disjoint_split,1,0.6539818406166116,1,0.58203280527178
7607.json,john-kasich,pants-fire,1,speaker_disjoint_split,0,0.3992784969116673,0,0.43809219829147883
1061.json,lynn-westmoreland,barely-true,1,speaker_disjoint_split,0,0.4090355785050975,0,0.4324828301472078
12321.json,pat-mccrory,true,0,speaker_disjoint_split,0,0.12130631796957252,0,0.14942331591024602
12546.json,blog-posting,false,1,speaker_disjoint_split,1,0.8144294166463617,1,0.886127898722832
2877.json,scott-walker,false,1,speaker_disjoint_split,1,0.7352570590105193,1,0.7276153961116133
3885.json,new-jersey-sierra-club,half-true,0,speaker_disjoint_split,0,0.2711703894110413,0,0.26402245699588783
11150.json,centers-disease-control,true,0,speaker_disjoint_split,1,0.6990530684141587,1,0.7923657165353984
2316.json,charlie-crist,mostly-true,0,speaker_disjoint_split,0,0.23913156795846596,0,0.19362028108146856
1497.json,eve-schatelowitz-alcantar,false,1,speaker_disjoint_split,0,0.39906176876896376,1,0.5015663739706074
4543.json,bill-oreilly,barely-true,1,speaker_disjoint_split,1,0.5543968860858473,1,0.6368463285929862
5091.json,jon-huntsman,false,1,speaker_disjoint_split,1,0.727893159161594,1,0.7228799018914542
4212.json,john-kasich,true,0,speaker_disjoint_split,1,0.6087230995319073,1,0.6603785214854317
1623.json,charlie-crist,true,0,speaker_disjoint_split,0,0.3714338038396111,0,0.3097076116266183
11802.json,bernie-s,mostly-true,0,speaker_disjoint_split,1,0.5295960974893905,1,0.5219336284045903
2581.json,julie-lassa,barely-true,1,speaker_disjoint_split,1,0.5696658543706642,1,0.6049224391383815
12179.json,blog-posting,pants-fire,1,speaker_disjoint_split,1,0.6809424950447656,1,0.8206750462372093
9364.json,angel-taveras,barely-true,1,speaker_disjoint_split,0,0.38564107605588727,0,0.3249817391208032
544.json,joe-biden,barely-true,1,speaker_disjoint_split,1,0.5023458591288925,0,0.40533989346417715
3679.json,john-kasich,false,1,speaker_disjoint_split,1,0.7712649448753623,1,0.7510378243764255
1184.json,charles-boustany,barely-true,1,speaker_disjoint_split,1,0.7598781802956183,1,0.7822010766232571
13214.json,oxfam-america,mostly-true,0,speaker_disjoint_split,0,0.22883062277473715,0,0.26206710719772985
7268.json,scott-walker,mostly-true,0,speaker_disjoint_split,0,0.16348167534114938,0,0.21100862417599445
2252.json,tim-kaine,half-true,0,speaker_disjoint_split,1,0.504600908652727,0,0.49230433480822416
3029.json,scott-walker,mostly-true,0,speaker_disjoint_split,1,0.5166482467515187,1,0.563545660005218
3710.json,nathan-deal,true,0,speaker_disjoint_split,0,0.15093742354235948,0,0.13453163683457292
13409.json,donald-trump,barely-true,1,speaker_disjoint_split,0,0.46694808413148386,0,0.4589492464985309
4568.json,new-jersey-democratic-state-committee,barely-true,1,speaker_disjoint_split,1,0.5451727670843559,1,0.6270589473587136
1849.json,john-oxendine,half-true,0,speaker_disjoint_split,0,0.23319788269737182,0,0.2225667093170658
10739.json,karl-rove,mostly-true,0,speaker_disjoint_split,0,0.49667290687779364,1,0.5635642748409552
13128.json,donald-trump,mostly-true,0,speaker_disjoint_split,0,0.3732929050981512,0,0.4119384391400046
7195.json,lenny-curry,barely-true,1,speaker_disjoint_split,1,0.6223742532646029,1,0.600289425966867
13047.json,donald-trump,half-true,0,speaker_disjoint_split,0,0.38792872410930884,0,0.40157013917010304
8352.json,blog-posting,pants-fire,1,speaker_disjoint_split,1,0.6447174584367962,1,0.727342067097067
12749.json,donald-trump,half-true,0,speaker_disjoint_split,0,0.24148673822879296,0,0.20330113897101315
12011.json,donald-trump,half-true,0,speaker_disjoint_split,0,0.4082464877768683,1,0.5070834479698879
13490.json,don-beyer,false,1,speaker_disjoint_split,0,0.2967170397961893,0,0.23306873430248015
180.json,bill-richardson,false,1,speaker_disjoint_split,1,0.5700811966616337,0,0.42843147765685613
12368.json,donald-trump,barely-true,1,speaker_disjoint_split,0,0.48915597029411373,1,0.5050743893854058
5788.json,frank-wolf,true,0,speaker_disjoint_split,1,0.5414561758489573,1,0.6196336512512469
3522.json,jason-haas,false,1,speaker_disjoint_split,1,0.5608205976030369,1,0.5674113091284494
10846.json,scott-walker,false,1,speaker_disjoint_split,1,0.8736356957547019,1,0.8673971761332686
700.json,john-mccain,true,0,speaker_disjoint_split,0,0.4969486693876898,0,0.4537341610083669
12214.json,bernie-s,mostly-true,0,speaker_disjoint_split,0,0.36991459614876676,0,0.3542248060945816
6922.json,lois-frankel,barely-true,1,speaker_disjoint_split,1,0.5643338681101919,1,0.6090147424286758
7416.json,david-plouffe,barely-true,1,speaker_disjoint_split,1,0.660418343984047,1,0.6966935671781354
1262.json,glenn-beck,false,1,speaker_disjoint_split,0,0.4393736035082867,1,0.5076110945693361
1677.json,karen-sage,true,0,speaker_disjoint_split,0,0.3726705515235151,0,0.3914630519650287
13049.json,blog-posting,false,1,speaker_disjoint_split,0,0.4341956106021674,1,0.6214413192430688
13423.json,donald-trump,false,1,speaker_disjoint_split,1,0.6736778396897823,1,0.6751186139302077
3087.json,brian-moran,pants-fire,1,speaker_disjoint_split,0,0.42958704366575473,0,0.42098515649331975
3460.json,john-kasich,half-true,0,speaker_disjoint_split,0,0.44347687862925456,0,0.43459510216130176
9256.json,rush-limbaugh,false,1,speaker_disjoint_split,0,0.3755834901259157,1,0.5391687644617675
8104.json,don-lemon,mostly-true,0,speaker_disjoint_split,0,0.2922981662683177,0,0.3384616778857995
7970.json,todd-young,false,1,speaker_disjoint_split,1,0.5965588728806772,1,0.6713711021481761
3257.json,dan-patrick,true,0,speaker_disjoint_split,0,0.46726215263130677,0,0.4947898855672495
70.json,ron-paul,mostly-true,0,speaker_disjoint_split,0,0.2488044859907085,0,0.18729929595040543
10140.json,john-carlevale,false,1,speaker_disjoint_split,0,0.4987336828453666,0,0.37813575059195637
8595.json,ken-cuccinelli,barely-true,1,speaker_disjoint_split,1,0.7379540024007055,1,0.7656361705971529
4885.json,joe-biden,mostly-true,0,speaker_disjoint_split,0,0.4213754127118572,0,0.3972475357622031
11917.json,john-mccain,true,0,speaker_disjoint_split,1,0.6338326870761315,1,0.6996561392984906
10978.json,don-beyer,true,0,speaker_disjoint_split,0,0.15349913100335416,0,0.11787162631607465
7164.json,john-kasich,true,0,speaker_disjoint_split,0,0.35292774952258354,0,0.4230440637782814
5251.json,blog-posting,mostly-true,0,speaker_disjoint_split,0,0.34900537530804215,1,0.5219452731703439
4689.json,jeb-hensarling,false,1,speaker_disjoint_split,0,0.32319986483331725,0,0.4043491946944019
9227.json,charlie-crist,barely-true,1,speaker_disjoint_split,0,0.44844848691942624,0,0.4515657784616368
12927.json,joaquin-castro,mostly-true,0,speaker_disjoint_split,1,0.6497020895225324,1,0.7014413575440038
340.json,john-mccain,true,0,speaker_disjoint_split,0,0.31183585316506507,0,0.33078202884686625
12924.json,gary-johnson,true,0,speaker_disjoint_split,1,0.5439006732423836,1,0.5078489917235088
13484.json,blog-posting,pants-fire,1,speaker_disjoint_split,1,0.5124394532254284,1,0.6397602828304744
11261.json,scott-walker,mostly-true,0,speaker_disjoint_split,0,0.49332292340485706,1,0.5047429134495278
8285.json,bill-foster,barely-true,1,speaker_disjoint_split,0,0.4596069014359304,0,0.24075052860946972
9229.json,bob-cole,half-true,0,speaker_disjoint_split,0,0.3974504529784287,0,0.462881781358422
8685.json,kathleen-sebelius,true,0,speaker_disjoint_split,0,0.177151911159477,0,0.1970956714547697
9200.json,louie-gohmert,false,1,speaker_disjoint_split,0,0.3726895017573981,0,0.33961682021402323
2533.json,republican-party-florida,half-true,0,speaker_disjoint_split,0,0.3365804602103937,0,0.32645913987365516
9292.json,charlie-crist,half-true,0,speaker_disjoint_split,0,0.32890636480912455,0,0.30450480121981993
631.json,jerome-corsi,pants-fire,1,speaker_disjoint_split,0,0.4541837328755678,0,0.4686424454862973
5074.json,john-kasich,mostly-true,0,speaker_disjoint_split,0,0.2949227926941246,0,0.35340526392190724
6795.json,bill-clinton,barely-true,1,speaker_disjoint_split,1,0.5713077930143874,1,0.5185477197765925
12511.json,donald-trump,false,1,speaker_disjoint_split,1,0.5581569361187445,1,0.5598746589028966
3186.json,john-kasich,barely-true,1,speaker_disjoint_split,1,0.5611269471585447,1,0.5650164719608938
