id,speaker,label,is_low_truth,setting,text_only_pred,text_only_score,text_plus_graph_pred,text_plus_graph_score
11972.json,rick-perry,true,0,fixed_split_train_test,1,0.682353278274783,1,0.6663923010357113
11685.json,katrina-shankland,false,1,fixed_split_train_test,1,0.5673138750596249,0,0.48842000387395107
11096.json,donald-trump,false,1,fixed_split_train_test,1,0.6380761351192573,1,0.7141636621678221
5209.json,rob-cornilles,half-true,0,fixed_split_train_test,1,0.615860976391842,1,0.6561549561933013
9524.json,state-democratic-party-wisconsin,pants-fire,1,fixed_split_train_test,1,0.7255244573670386,1,0.7243793222808754
5962.json,brendan-doherty,true,0,fixed_split_train_test,0,0.3227358829795298,0,0.3616300651409155
7070.json,stand-children-tennessee,true,0,fixed_split_train_test,0,0.3954791109741576,0,0.39362624904783
1046.json,john-boehner,barely-true,1,fixed_split_train_test,1,0.6160985409998021,1,0.611499711155201
12849.json,sean-patrick-maloney,true,0,fixed_split_train_test,1,0.5135347651146595,0,0.4520309576174458
13270.json,mike-pence,barely-true,1,fixed_split_train_test,0,0.40889339070895503,0,0.4205270071237459
6649.json,mike-berlon,barely-true,1,fixed_split_train_test,0,0.3723130342158643,0,0.3703927888756214
2508.json,bill-flores,barely-true,1,fixed_split_train_test,1,0.7152141685721284,1,0.7763968856710052
11269.json,viral-image,pants-fire,1,fixed_split_train_test,1,0.8096674389548839,1,0.8407413714314189
11200.json,facebook-posts,false,1,fixed_split_train_test,0,0.4587916056764751,1,0.5040684650714434
8047.json,chris-abele,half-true,0,fixed_split_train_test,1,0.5641116570419622,1,0.5683649720823674
4888.json,rick-santorum,true,0,fixed_split_train_test,0,0.41491150181717973,0,0.4616291298946022
3331.json,tom-niehaus,pants-fire,1,fixed_split_train_test,1,0.6679039861894546,1,0.7151654945188705
9198.json,marsha-blackburn,half-true,0,fixed_split_train_test,0,0.40436654179027837,0,0.29907551380170094
73.json,hillary-clinton,true,0,fixed_split_train_test,0,0.4834957488770529,0,0.43843875785676484
1328.json,sarah-palin,false,1,fixed_split_train_test,0,0.4618137770245819,1,0.5015553366285928
12169.json,chris-sgro,mostly-true,0,fixed_split_train_test,1,0.563995955360546,0,0.3881741323275747
5244.json,marco-rubio,half-true,0,fixed_split_train_test,1,0.532536622610761,1,0.652752058151818
12996.json,donald-trump,pants-fire,1,fixed_split_train_test,0,0.283957706464698,0,0.3349572707865919
8162.json,marijuana-policy-project,mostly-true,0,fixed_split_train_test,0,0.40514977406950725,0,0.39009666981686913
10064.json,republican-party-florida,false,1,fixed_split_train_test,1,0.8345215837995127,1,0.847179425625796
1084.json,lindsey-graham,true,0,fixed_split_train_test,0,0.35342691484414657,0,0.40274325130845734
13231.json,hillary-clinton,barely-true,1,fixed_split_train_test,1,0.7723046957275246,1,0.7459864998852126
13089.json,republican-national-committee-republican,half-true,0,fixed_split_train_test,0,0.43677527511410064,0,0.37122178634802944
1051.json,mike-pence,true,0,fixed_split_train_test,1,0.6464474924547394,1,0.7068489697969769
4161.json,cliff-stearns,mostly-true,0,fixed_split_train_test,0,0.33347315660515964,0,0.3075994035735302
11966.json,cory-gardner,false,1,fixed_split_train_test,0,0.4182687699590318,0,0.4084230970962931
9800.json,sarah-palin,false,1,fixed_split_train_test,1,0.6225751654596406,1,0.52829395628145
816.json,barack-obama,half-true,0,fixed_split_train_test,1,0.5859168416521561,0,0.4963361487278447
2646.json,democratic-congressional-campaign-committee,half-true,0,fixed_split_train_test,0,0.48697194537797345,0,0.498872957587014
12381.json,mamie-locke,true,0,fixed_split_train_test,1,0.502496358029524,0,0.4520446480611107
8567.json,herman-cain,half-true,0,fixed_split_train_test,1,0.6650672108162446,1,0.7735861915410173
9092.json,rick-scott,barely-true,1,fixed_split_train_test,1,0.6691090478261512,1,0.6792195567088394
10055.json,jeanne-shaheen,mostly-true,0,fixed_split_train_test,1,0.7315966999783431,1,0.6700783708512106
4513.json,dennis-kucinich,true,0,fixed_split_train_test,0,0.44417947019028725,0,0.34847241374091437
10340.json,kevin-brady,true,0,fixed_split_train_test,0,0.3605513595516174,0,0.3004517117490477
6849.json,mitt-romney,barely-true,1,fixed_split_train_test,1,0.5300238575408817,1,0.5181015220208719
10971.json,doonesbury,half-true,0,fixed_split_train_test,1,0.6252284871981989,1,0.5530776785889522
13251.json,donald-trump,pants-fire,1,fixed_split_train_test,0,0.3928051900224285,0,0.45561866836277914
7545.json,drew-springer,barely-true,1,fixed_split_train_test,1,0.5789101406641315,1,0.6740919301054508
4929.json,michele-bachmann,mostly-true,0,fixed_split_train_test,0,0.4544387225897987,0,0.48772104593402527
6239.json,robert-menendez,barely-true,1,fixed_split_train_test,0,0.36529824264213606,0,0.2599122402334199
266.json,hillary-clinton,half-true,0,fixed_split_train_test,1,0.5424386333201223,0,0.4070537332867594
8841.json,barack-obama,mostly-true,0,fixed_split_train_test,0,0.36043281686732975,0,0.3435172780509559
6313.json,steve-brown,false,1,fixed_split_train_test,1,0.6280710471181414,1,0.6685127659156243
9550.json,hillary-clinton,barely-true,1,fixed_split_train_test,1,0.7189681875368563,1,0.6767147758381045
9612.json,republican-party-florida,half-true,0,fixed_split_train_test,1,0.6867105422106621,1,0.6578180759959193
13272.json,national-rifle-association,barely-true,1,fixed_split_train_test,1,0.6407220366824133,1,0.660280071082695
7562.json,jeb-bush,mostly-true,0,fixed_split_train_test,0,0.35642286838825854,0,0.2930006221329062
3121.json,david-dewhurst,half-true,0,fixed_split_train_test,0,0.23062886090268864,0,0.28924367235011794
9578.json,jeff-flake,false,1,fixed_split_train_test,0,0.4804161776828394,0,0.49340417883158166
4553.json,committee-our-childrens-future,half-true,0,fixed_split_train_test,0,0.443343633405903,0,0.44074415327604544
2356.json,steven-costantino,mostly-true,0,fixed_split_train_test,0,0.4458740360910246,0,0.41815412481122693
3453.json,hank-johnson,half-true,0,fixed_split_train_test,0,0.43534863428610787,0,0.4829817794834278
1066.json,michele-bachmann,pants-fire,1,fixed_split_train_test,1,0.6347547762680171,1,0.5906078126947137
2092.json,russell-pearce,pants-fire,1,fixed_split_train_test,0,0.4947951375578321,1,0.6476673143608384
7442.json,barack-obama,barely-true,1,fixed_split_train_test,1,0.6940011477543881,1,0.6265707599631983
9910.json,chris-matthews,barely-true,1,fixed_split_train_test,1,0.7333270537928672,1,0.596469799284314
11083.json,carlos-curbelo,true,0,fixed_split_train_test,1,0.6077934061806963,1,0.6237023049532591
11443.json,steven-costantino,false,1,fixed_split_train_test,1,0.6560290716696844,1,0.6258976776092996
11539.json,ezekiel-emanuel,half-true,0,fixed_split_train_test,1,0.5687745833018674,1,0.6252520762674094
2966.json,sherrod-brown,false,1,fixed_split_train_test,1,0.507942944552824,0,0.4036282890712504
13367.json,patrick-murphy,mostly-true,0,fixed_split_train_test,1,0.6904120250979198,1,0.7904481397758674
1087.json,joe-biden,mostly-true,0,fixed_split_train_test,0,0.43479838902649715,0,0.3786287842876864
267.json,bill-richardson,true,0,fixed_split_train_test,1,0.5445004474073786,0,0.45697246787131224
4272.json,lloyd-doggett,true,0,fixed_split_train_test,0,0.1298521069037773,0,0.10093188300239674
8849.json,ian-prior,half-true,0,fixed_split_train_test,0,0.37414337706418743,0,0.39317347597525176
12542.json,priorities-usa-action,half-true,0,fixed_split_train_test,0,0.4297575585791072,0,0.3932475739357412
8372.json,david-pennington,barely-true,1,fixed_split_train_test,1,0.6062650611297998,1,0.59668194268626
3518.json,tim-pawlenty,mostly-true,0,fixed_split_train_test,0,0.2069153625778108,0,0.20061047815233282
8340.json,ted-cruz,false,1,fixed_split_train_test,1,0.658426688673404,1,0.6959371781723189
10218.json,friends-india-point-park,half-true,0,fixed_split_train_test,0,0.3150785254964295,0,0.19101952172154976
12698.json,reince-priebus,false,1,fixed_split_train_test,0,0.4853983291295288,1,0.5661238338632668
2357.json,scott-walker,false,1,fixed_split_train_test,1,0.7602262789048673,1,0.718775841245947
7823.json,barbara-buono,half-true,0,fixed_split_train_test,0,0.47974849019669447,0,0.4736260152527016
12541.json,donald-trump,barely-true,1,fixed_split_train_test,1,0.6112262295919234,1,0.6363782407013443
2854.json,carole-smith,pants-fire,1,fixed_split_train_test,0,0.4752560867227587,0,0.4320849079304814
4719.json,H204TEXAS-PAC,half-true,0,fixed_split_train_test,1,0.5663691291870593,1,0.65598089565002
2072.json,david-cicilline,true,0,fixed_split_train_test,0,0.24906674035337667,0,0.23323715328864278
2885.json,bill-nelson,false,1,fixed_split_train_test,1,0.568113580563315,1,0.5383363179257016
13334.json,gerald-daugherty,half-true,0,fixed_split_train_test,0,0.3561352221698743,1,0.5022096865256878
4820.json,facebook-posts,half-true,0,fixed_split_train_test,0,0.18863019644118353,0,0.21450701976541042
12309.json,paul-ryan,barely-true,1,fixed_split_train_test,1,0.5485469523114976,1,0.5755211318248252
1420.json,debra-medina,mostly-true,0,fixed_split_train_test,0,0.4138818107608815,0,0.4884474124399016
8761.json,facebook-posts,false,1,fixed_split_train_test,0,0.3729532709901265,0,0.3418202221457503
2491.json,dave-yost,true,0,fixed_split_train_test,1,0.5384353490254639,1,0.5583964034306419
1075.json,democratic-national-committee,barely-true,1,fixed_split_train_test,0,0.40529529920643953,0,0.4136180467306635
9762.json,bob-donovan,true,0,fixed_split_train_test,0,0.4721350601162569,0,0.2859246748076505
5935.json,brett-bittner,barely-true,1,fixed_split_train_test,0,0.49133083617345885,0,0.3877032692009591
2821.json,george-allen,pants-fire,1,fixed_split_train_test,1,0.5628147868077683,1,0.5418096999501023
6370.json,julian-castro,true,0,fixed_split_train_test,0,0.4194750272224694,0,0.4436308693954607
3706.json,mike-bennett,pants-fire,1,fixed_split_train_test,0,0.36034092802479856,0,0.3229640015612914
10163.json,james-carr,true,0,fixed_split_train_test,1,0.628883290384293,1,0.5450322014350703
2796.json,safe-routes-schools,false,1,fixed_split_train_test,0,0.49662616491499856,1,0.641265010007208
6083.json,rick-scott,barely-true,1,fixed_split_train_test,0,0.1979300569666222,0,0.21517394469407086
5913.json,conservative-renewal-pac,barely-true,1,fixed_split_train_test,1,0.6199398438980974,1,0.7958323624926955
934.json,barack-obama,true,0,fixed_split_train_test,0,0.35248366483145444,0,0.3880316953533501
2162.json,kasim-reed,barely-true,1,fixed_split_train_test,0,0.34377842348840837,0,0.2876380483479331
3161.json,rachel-maddow,mostly-true,0,fixed_split_train_test,0,0.20615315775186457,0,0.18563600465755406
2679.json,charlie-crist,true,0,fixed_split_train_test,0,0.4842514588208118,0,0.39090915461252584
8929.json,mark-pocan,true,0,fixed_split_train_test,0,0.49401351071627553,1,0.5847501548597133
10040.json,bill-oreilly,half-true,0,fixed_split_train_test,1,0.7026253707340243,1,0.729003975163939
12398.json,priorities-usa-action,pants-fire,1,fixed_split_train_test,1,0.6415700997557129,1,0.6313582033323364
2690.json,kendrick-meek,pants-fire,1,fixed_split_train_test,0,0.28176601343198043,0,0.26835031969392176
8667.json,bob-schieffer,true,0,fixed_split_train_test,1,0.5142573595920517,0,0.35653840573068973
8941.json,wolf-blitzer,true,0,fixed_split_train_test,1,0.7480357397842244,1,0.7621365316366904
6821.json,chris-christie,pants-fire,1,fixed_split_train_test,0,0.49395437689184346,0,0.4596756664831572
10631.json,william-obrien,false,1,fixed_split_train_test,1,0.8499652714141827,1,0.8131298644117727
6579.json,nikki-haley,half-true,0,fixed_split_train_test,1,0.6415256611878893,1,0.5273629447203863
11400.json,league-conservation-voters,mostly-true,0,fixed_split_train_test,1,0.5371789798208645,0,0.41515225535466876
3228.json,cenk-uygur,true,0,fixed_split_train_test,1,0.5916443182292019,1,0.5665278706927004
9746.json,mark-emmert,half-true,0,fixed_split_train_test,0,0.23308562942106092,0,0.21611388860022776
1915.json,donna-campbell,false,1,fixed_split_train_test,1,0.6498016748059045,1,0.601969733052054
12456.json,pat-toomey,barely-true,1,fixed_split_train_test,0,0.35982927319553454,0,0.4234441257410985
4856.json,democratic-national-committee,half-true,0,fixed_split_train_test,0,0.3627329633401326,0,0.33208376410401674
4698.json,americans-prosperity-new-jersey,false,1,fixed_split_train_test,1,0.6175810873227477,1,0.6374965368660803
2585.json,christine-odonnell,barely-true,1,fixed_split_train_test,1,0.645227837108555,1,0.5557726074734074
6604.json,crossroads-gps,barely-true,1,fixed_split_train_test,0,0.31981042592288034,0,0.31066544620815256
4495.json,michele-bachmann,pants-fire,1,fixed_split_train_test,0,0.4429506467869969,0,0.47643103554335514
8406.json,ted-cruz,barely-true,1,fixed_split_train_test,1,0.6118847942684318,1,0.7099701294612784
10147.json,jason-carter,false,1,fixed_split_train_test,1,0.5707895222013699,0,0.3889712915562659
10623.json,mark-pocan,mostly-true,0,fixed_split_train_test,1,0.6239068201231209,1,0.6889620849619441
2277.json,roy-barnes,half-true,0,fixed_split_train_test,1,0.5826219777935574,0,0.4736620053621168
8146.json,al-sharpton,mostly-true,0,fixed_split_train_test,0,0.2874728831367858,0,0.27843949833139225
6026.json,scott-walker,half-true,0,fixed_split_train_test,1,0.5462108612817209,1,0.5564650226373352
13056.json,national-republican-congressional-committee,true,0,fixed_split_train_test,0,0.28981576379218793,0,0.2941903351096857
1103.json,glenn-beck,pants-fire,1,fixed_split_train_test,1,0.6563587207462055,1,0.6791858124650317
4444.json,gail-collins,mostly-true,0,fixed_split_train_test,1,0.5728187915635297,1,0.5859518003680645
9269.json,matt-bevin,false,1,fixed_split_train_test,1,0.6044867478833078,1,0.6720340108463985
4105.json,shelly-moore,pants-fire,1,fixed_split_train_test,1,0.6882747441245377,1,0.8530358620662812
8533.json,frank-fahrenkopf,barely-true,1,fixed_split_train_test,0,0.43878360270786704,0,0.4540730402712487
6950.json,connie-mack,mostly-true,0,fixed_split_train_test,0,0.3592941651326417,0,0.3900052363870428
13125.json,donald-trump,barely-true,1,fixed_split_train_test,1,0.6887782627598654,1,0.7761304887980647
8294.json,nan-rich,mostly-true,0,fixed_split_train_test,0,0.45283827767151225,0,0.44170840497303554
9908.json,mike-wise,mostly-true,0,fixed_split_train_test,1,0.582227775277978,1,0.5232986457478875
12424.json,todd-wilcox,false,1,fixed_split_train_test,1,0.6531481459645433,1,0.6215683691638204
4309.json,democratic-party-virginia,false,1,fixed_split_train_test,0,0.37986377884456474,0,0.41087547488552234
110.json,fred-thompson,false,1,fixed_split_train_test,1,0.64058754130404,1,0.6821203426399244
7677.json,ohio-public-defenders-office,mostly-true,0,fixed_split_train_test,0,0.4601632241809225,0,0.4063298483402345
4780.json,jim-webb,true,0,fixed_split_train_test,0,0.251947119085796,0,0.18367003538925541
715.json,sarah-palin,false,1,fixed_split_train_test,1,0.6914997381682225,1,0.7170766644960642
3107.json,dean-cannon,true,0,fixed_split_train_test,0,0.26051992427894943,0,0.11489540549672173
7565.json,steve-latourette,mostly-true,0,fixed_split_train_test,0,0.4964776211663111,0,0.3620971403787637
8606.json,ron-johnson,half-true,0,fixed_split_train_test,0,0.4284815797993706,1,0.5166416629410177
3869.json,chris-christie,half-true,0,fixed_split_train_test,1,0.677883456331995,1,0.6477314823425495
10948.json,occupy-democrats,false,1,fixed_split_train_test,1,0.6068200036553114,1,0.5739184487135064
12210.json,dan-forest,false,1,fixed_split_train_test,1,0.5359538092137013,0,0.4584484696847901
4119.json,barack-obama,mostly-true,0,fixed_split_train_test,0,0.35861483588782606,0,0.32933080031246575
7272.json,hank-johnson,barely-true,1,fixed_split_train_test,1,0.6811722323737762,1,0.747216409334892
12236.json,hillary-clinton,half-true,0,fixed_split_train_test,0,0.23341592495517294,0,0.19783466654193266
4016.json,alberta-darling,false,1,fixed_split_train_test,1,0.6484532696557388,1,0.7768450306525413
6765.json,joaquin-castro,true,0,fixed_split_train_test,0,0.3062830706349442,0,0.3068756742346313
11867.json,ted-cruz,false,1,fixed_split_train_test,1,0.6832633530833548,1,0.6906891398525284
11777.json,paul-ryan,true,0,fixed_split_train_test,0,0.3690585396753421,0,0.39487162057567554
9051.json,chain-email,pants-fire,1,fixed_split_train_test,1,0.5472992979010098,1,0.6147548349737327
4243.json,jon-huntsman,mostly-true,0,fixed_split_train_test,0,0.44554690592033336,0,0.4101701475706456
7818.json,carolyn-tomei,mostly-true,0,fixed_split_train_test,0,0.4570047595943736,0,0.3546036713951491
10871.json,gina-hinojosa,half-true,0,fixed_split_train_test,0,0.2838105854581679,0,0.2979532480408137
4710.json,john-lee,half-true,0,fixed_split_train_test,0,0.342994789491533,0,0.3208833908970544
9507.json,steve-doocy,pants-fire,1,fixed_split_train_test,1,0.5800358540265458,1,0.5777638600710028
11324.json,dale-kooyenga,mostly-true,0,fixed_split_train_test,0,0.4324900881961843,0,0.36722439823984004
6046.json,jim-renacci,false,1,fixed_split_train_test,1,0.6081862531623756,1,0.6396267036794521
8434.json,mark-obenshain,barely-true,1,fixed_split_train_test,1,0.5212786985517385,0,0.45408675035289564
3637.json,donald-trump,mostly-true,0,fixed_split_train_test,0,0.2525965559277375,0,0.34019092214228636
7744.json,george-lavender,mostly-true,0,fixed_split_train_test,1,0.5578965790802649,0,0.45244067862987025
2897.json,lee-holloway,barely-true,1,fixed_split_train_test,0,0.4179767646478419,0,0.34884015373995775
6060.json,jeanne-shaheen,barely-true,1,fixed_split_train_test,0,0.2754041250810896,0,0.23589674595968785
603.json,john-mccain,false,1,fixed_split_train_test,1,0.5113185272670034,1,0.5516545524186438
11545.json,bernie-s,mostly-true,0,fixed_split_train_test,0,0.20190373992389574,0,0.22928752894461701
10448.json,florida-chamber-commerce,half-true,0,fixed_split_train_test,0,0.4524610706919287,1,0.5361482443812794
5461.json,newt-gingrich,true,0,fixed_split_train_test,1,0.5847656056415438,1,0.6352074683741018
6684.json,its-still-bad-idea,pants-fire,1,fixed_split_train_test,0,0.3912386644846988,0,0.43482981909631363
450.json,hillary-clinton,barely-true,1,fixed_split_train_test,1,0.7174075106831198,1,0.7093444568249638
769.json,sarah-palin,true,0,fixed_split_train_test,0,0.33354428013171666,0,0.27165792794993593
6425.json,eric-hovde,half-true,0,fixed_split_train_test,0,0.4709275070862646,0,0.42445440172191023
502.json,barack-obama,true,0,fixed_split_train_test,0,0.4397924902738041,0,0.44192594167465526
11711.json,donald-trump,true,0,fixed_split_train_test,1,0.5313177542863932,1,0.6093884473798028
5470.json,heather-fiorentino,true,0,fixed_split_train_test,0,0.17298223978637947,0,0.2142569188008096
8869.json,scott-surovell,mostly-true,0,fixed_split_train_test,0,0.2787823354348211,0,0.1436464255562386
8159.json,wendy-davis,half-true,0,fixed_split_train_test,0,0.4554420354724707,0,0.4301771918829303
6884.json,american-crossroads,half-true,0,fixed_split_train_test,0,0.3434365619199101,0,0.3641849008969515
10250.json,david-hallock,false,1,fixed_split_train_test,0,0.38740841997123676,0,0.3667113568530935
10757.json,marco-rubio,false,1,fixed_split_train_test,1,0.6841893774229616,1,0.8104166546619472
8320.json,charlie-crist,mostly-true,0,fixed_split_train_test,0,0.46897555515287864,0,0.4262926619514276
5472.json,red-white-and-blue-fund,false,1,fixed_split_train_test,0,0.35337959231788313,0,0.38025907484545635
5505.json,lenny-curry,true,0,fixed_split_train_test,1,0.6484897211429378,1,0.6048545513714451
12427.json,job-itkzkowitz,mostly-true,0,fixed_split_train_test,0,0.48426508745626645,0,0.08019709515326151
11464.json,viral-image,barely-true,1,fixed_split_train_test,0,0.308298705171583,0,0.35358777110664946
11778.json,donald-trump,barely-true,1,fixed_split_train_test,0,0.46067961284075803,1,0.5507500756538504
12961.json,reince-priebus,false,1,fixed_split_train_test,0,0.380016821716845,0,0.38384145459003316
10269.json,facebook-posts,barely-true,1,fixed_split_train_test,1,0.5075715701507764,1,0.6177862634664933
2833.json,rick-perry,half-true,0,fixed_split_train_test,1,0.5075911103221034,1,0.5745842072059543
6110.json,rick-perry,half-true,0,fixed_split_train_test,1,0.6733459952491058,1,0.6194244195773236
13400.json,eric-greitens,barely-true,1,fixed_split_train_test,1,0.6263823427162575,1,0.5349634578371673
1251.json,jay-rockefeller,true,0,fixed_split_train_test,0,0.40192302044694544,0,0.3412601583018196
6112.json,jeff-merkley,mostly-true,0,fixed_split_train_test,0,0.21075931958248592,0,0.1520591279874649
6431.json,jay-carney,false,1,fixed_split_train_test,0,0.4219658393567693,0,0.3655449246473691
2615.json,rob-portman,false,1,fixed_split_train_test,0,0.40033642842892914,0,0.3856853642521392
3709.json,robert-watson,false,1,fixed_split_train_test,1,0.7133881189487489,1,0.7072318121550595
2652.json,kathie-glass,pants-fire,1,fixed_split_train_test,0,0.4115878226952384,1,0.5495553340538141
9146.json,linda-finn,mostly-true,0,fixed_split_train_test,0,0.252168517175339,0,0.2613232146492139
184.json,barack-obama,false,1,fixed_split_train_test,1,0.5431595502293208,0,0.4559037300165834
11764.json,state-democratic-party-wisconsin,pants-fire,1,fixed_split_train_test,0,0.0910485579326334,0,0.11604238213796524
7692.json,dan-patrick,mostly-true,0,fixed_split_train_test,0,0.3677017008582276,0,0.4346708251516851
7876.json,chain-email,pants-fire,1,fixed_split_train_test,1,0.5383786910208135,1,0.7506477473750973
5171.json,rick-santorum,false,1,fixed_split_train_test,1,0.6137502524799217,1,0.6032631545427795
12950.json,independent-voice-illinois-pac,barely-true,1,fixed_split_train_test,0,0.40942307380643594,0,0.4231558001275653
11185.json,carly-fiorina,barely-true,1,fixed_split_train_test,0,0.46863996859967066,1,0.5143557979895114
2412.json,republican-party-florida,false,1,fixed_split_train_test,1,0.5738815829311281,1,0.5476578441235994
3215.json,scott-suder,pants-fire,1,fixed_split_train_test,1,0.7537500427299668,1,0.7801048884459932
948.json,john-boehner,true,0,fixed_split_train_test,1,0.6487330941930253,1,0.6436684870467834
11766.json,wendy-davis,half-true,0,fixed_split_train_test,0,0.33718789129974625,0,0.3340303524519535
592.json,john-mccain,barely-true,1,fixed_split_train_test,1,0.7741160759603025,1,0.7311934555616401
5732.json,mitt-romney,barely-true,1,fixed_split_train_test,0,0.4663924473146951,1,0.5034405602188428
12745.json,donald-trump,half-true,0,fixed_split_train_test,0,0.25976527658122894,0,0.30021268904071186
5017.json,john-boehner,barely-true,1,fixed_split_train_test,1,0.6533961192006122,1,0.6365038802236846
12331.json,enterprise-florida,barely-true,1,fixed_split_train_test,0,0.41401905091241803,0,0.42451353473862924
10424.json,barack-obama,mostly-true,0,fixed_split_train_test,0,0.39636746660343647,0,0.40304040238788763
9091.json,facebook-posts,false,1,fixed_split_train_test,0,0.3778607923212952,0,0.4023361041811888
2547.json,lloyd-doggett,true,0,fixed_split_train_test,1,0.5666476823395515,0,0.479952096507452
12571.json,paul-ryan,mostly-true,0,fixed_split_train_test,0,0.4674291612464517,0,0.4331615420240993
7810.json,rick-scott,mostly-true,0,fixed_split_train_test,0,0.2630617611852635,0,0.3014371970614622
10935.json,motion-picture-association-america,mostly-true,0,fixed_split_train_test,0,0.182455683025361,0,0.1405207292041227
8433.json,milly-silva,mostly-true,0,fixed_split_train_test,0,0.2894623994651184,0,0.2430279246022333
7087.json,robin-vos,mostly-true,0,fixed_split_train_test,0,0.22189444594061897,0,0.20304693663028825
1025.json,michele-bachmann,false,1,fixed_split_train_test,0,0.1357680155463388,0,0.14541905599788868
6386.json,democratic-congressional-campaign-committee,barely-true,1,fixed_split_train_test,1,0.5917168734507345,1,0.631429022333158
2844.json,jeff-scrima,half-true,0,fixed_split_train_test,0,0.3729335716897433,0,0.35381587483741683
2392.json,george-will,barely-true,1,fixed_split_train_test,0,0.4685432281527359,0,0.3840543764060305
4708.json,nina-turner,true,0,fixed_split_train_test,0,0.23687566853457845,0,0.11705317859376453
8676.json,florida-democratic-party,barely-true,1,fixed_split_train_test,1,0.7733921182964674,1,0.7997939698198165
8809.json,jason-carter,true,0,fixed_split_train_test,0,0.1561409478407904,0,0.09235583817869142
4095.json,barack-obama,mostly-true,0,fixed_split_train_test,1,0.5901165064489192,1,0.5996451105354254
13102.json,hillary-clinton,half-true,0,fixed_split_train_test,1,0.617840210913358,1,0.5548804925061311
12167.json,bernie-s,barely-true,1,fixed_split_train_test,1,0.5193806974069385,1,0.5314118041015039
2876.json,john-kasich,mostly-true,0,fixed_split_train_test,0,0.15209012752620374,0,0.1673457213730881
4769.json,john-birch-society,half-true,0,fixed_split_train_test,0,0.4829168984763871,0,0.4775133441591772
1760.json,rick-perry,barely-true,1,fixed_split_train_test,0,0.28462813975363904,0,0.31423866000505846
12943.json,donald-trump,half-true,0,fixed_split_train_test,1,0.7724252006310929,1,0.792165339275933
6513.json,special-operations-opsec-education-fund,false,1,fixed_split_train_test,1,0.7946506837820694,1,0.8210381056491701
7780.json,barack-obama,barely-true,1,fixed_split_train_test,1,0.5590619541440809,1,0.5082820088764606
7418.json,jon-bramnick,mostly-true,0,fixed_split_train_test,0,0.41738396092163466,0,0.38256745403348164
2777.json,michael-bloomberg,mostly-true,0,fixed_split_train_test,0,0.24237690334490322,0,0.3021171173174725
8853.json,rand-paul,false,1,fixed_split_train_test,1,0.5940374510797349,1,0.6587366221570775
7758.json,bill-richardson,mostly-true,0,fixed_split_train_test,0,0.39104713906603944,0,0.2539247152306162
11796.json,donald-trump,half-true,0,fixed_split_train_test,1,0.7282168163733764,1,0.7619455606896649
11573.json,hillary-clinton,half-true,0,fixed_split_train_test,1,0.5329263273036325,0,0.4888257197025388
9521.json,ted-cruz,half-true,0,fixed_split_train_test,1,0.5731827437748398,1,0.5746039174672565
10208.json,anna-kooiman,barely-true,1,fixed_split_train_test,1,0.5444876454315962,1,0.5768013674523133
5756.json,barack-obama,half-true,0,fixed_split_train_test,0,0.36720036010423945,0,0.35300241554521816
1569.json,george-will,mostly-true,0,fixed_split_train_test,0,0.34075663514162435,0,0.29817855558963474
11805.json,virginia-center-public-safety,true,0,fixed_split_train_test,0,0.2474016421128616,0,0.24765060640204356
805.json,john-mccain,mostly-true,0,fixed_split_train_test,1,0.6146764855472298,1,0.6115821927577862
8030.json,tweets,barely-true,1,fixed_split_train_test,0,0.448577904763512,0,0.3742474951509096
7678.json,clean-water-portland,false,1,fixed_split_train_test,0,0.2598505285501964,0,0.3715339148248964
139.json,tom-tancredo,mostly-true,0,fixed_split_train_test,0,0.22494893134624938,0,0.366293592046045
7271.json,john-kitzhaber,true,0,fixed_split_train_test,0,0.27891020477279105,0,0.21130681342333327
11409.json,dave-brat,false,1,fixed_split_train_test,1,0.5104802160286496,1,0.5820193979231024
688.json,fred-thompson,false,1,fixed_split_train_test,1,0.5018154930754231,0,0.4929516944840723
3726.json,one-wisconsin-now,mostly-true,0,fixed_split_train_test,0,0.43619656035864995,0,0.3837504106338212
7461.json,arne-duncan,barely-true,1,fixed_split_train_test,1,0.7119754644834289,1,0.5573719077910944
5363.json,us-chamber-commerce,false,1,fixed_split_train_test,1,0.6490041525843597,1,0.690430273356003
9942.json,george-will,true,0,fixed_split_train_test,0,0.37378576045792367,0,0.2582148939053375
3575.json,scott-walker,true,0,fixed_split_train_test,1,0.5613122731747798,1,0.5985316604666381
2205.json,gen-peter-chiarelli,true,0,fixed_split_train_test,0,0.3794086423042631,0,0.3712230241405865
7552.json,jeff-mullis,mostly-true,0,fixed_split_train_test,0,0.47439474343392196,0,0.4116530356528713
7135.json,association-mature-american-citizens,pants-fire,1,fixed_split_train_test,1,0.7794470497528173,1,0.8921640167976159
384.json,votevetsorg,true,0,fixed_split_train_test,1,0.5448389388023321,0,0.3127991598025723
13007.json,sean-hannity,true,0,fixed_split_train_test,0,0.23303468080518147,0,0.2431609323600993
12994.json,hilary-rosen,mostly-true,0,fixed_split_train_test,1,0.5632159698143097,0,0.48801104062734685
3436.json,matt-gaetz,false,1,fixed_split_train_test,1,0.651892177786721,1,0.7232093842043065
5810.json,citizens-transportation-mobility,mostly-true,0,fixed_split_train_test,0,0.37039758577133874,0,0.41795973928025565
6141.json,tommy-thompson,pants-fire,1,fixed_split_train_test,1,0.7254249479315961,1,0.7706267937620931
6.json,chris-dodd,half-true,0,fixed_split_train_test,1,0.6592177190277371,0,0.45096641202719323
9891.json,ted-cruz,half-true,0,fixed_split_train_test,1,0.5327793790745593,0,0.4675920153968763
1971.json,john-albers,false,1,fixed_split_train_test,0,0.2600030758423293,0,0.2893893393182812
7008.json,mitt-romney,mostly-true,0,fixed_split_train_test,0,0.4073925010271229,0,0.41578554047414557
8963.json,matt-bevin,pants-fire,1,fixed_split_train_test,1,0.5975983059039881,1,0.6744702350931259
13040.json,russ-feingold,half-true,0,fixed_split_train_test,1,0.5175167662957026,0,0.48790799707005483
8151.json,rand-paul,false,1,fixed_split_train_test,0,0.27576923157552025,0,0.3522369626140956
6236.json,eric-hovde,barely-true,1,fixed_split_train_test,0,0.19481231610452657,0,0.18019495614699765
6974.json,tennessee-republican-party,false,1,fixed_split_train_test,1,0.6561240402231963,1,0.717999108686382
6879.json,josh-mandel,barely-true,1,fixed_split_train_test,1,0.5102564475234379,1,0.5309597791419973
11639.json,jeb-bush,mostly-true,0,fixed_split_train_test,1,0.5130103162347304,0,0.43524352185925064
9343.json,dick-cheney,barely-true,1,fixed_split_train_test,1,0.5890716673348692,1,0.559795319295411
422.json,hillary-clinton,half-true,0,fixed_split_train_test,1,0.5126786690862922,1,0.578108033360794
1448.json,barack-obama,half-true,0,fixed_split_train_test,0,0.31523310243911845,0,0.28870855062974843
737.json,barack-obama,false,1,fixed_split_train_test,1,0.6630507044856243,1,0.6683079662516496
10516.json,dave-claunch,mostly-true,0,fixed_split_train_test,0,0.2604961839478295,0,0.26786929304534507
4750.json,allen-west,false,1,fixed_split_train_test,1,0.5334088072011728,1,0.6510726754727165
8604.json,chain-email,false,1,fixed_split_train_test,1,0.5742434943750767,1,0.7272013597849545
729.json,john-mccain,half-true,0,fixed_split_train_test,1,0.6345483772026665,1,0.6772541047797552
12702.json,mike-cernovich,pants-fire,1,fixed_split_train_test,1,0.6645708080869083,0,0.46231679772192247
8901.json,van-jones,true,0,fixed_split_train_test,1,0.5035144250343937,0,0.4957330812344003
11546.json,richard-paglia,half-true,0,fixed_split_train_test,0,0.3769257554985462,0,0.22758156921471315
1353.json,john-murtha,barely-true,1,fixed_split_train_test,0,0.3277587583245433,0,0.27063169096783746
5938.json,mark-neumann,false,1,fixed_split_train_test,0,0.4761348074054197,1,0.5210430825277739
12158.json,rick-scott,barely-true,1,fixed_split_train_test,1,0.5349808895196468,1,0.5811328333561689
656.json,joe-biden,mostly-true,0,fixed_split_train_test,0,0.3134280370039365,0,0.197028675464062
10085.json,larry-pressler,false,1,fixed_split_train_test,1,0.6030812793219522,1,0.672453160302454
5824.json,jennifer-carroll,false,1,fixed_split_train_test,1,0.6540828057317973,1,0.61760906295606
5753.json,lisa-tomasso,true,0,fixed_split_train_test,0,0.26532731830923273,0,0.21139777055526818
5512.json,stephen-laffey,false,1,fixed_split_train_test,1,0.5397959851556683,1,0.5405208310771766
125.json,mitt-romney,mostly-true,0,fixed_split_train_test,0,0.4627518560486321,0,0.3970517424687489
6010.json,lenny-curry,half-true,0,fixed_split_train_test,0,0.33019876302807183,0,0.3434438153087245
727.json,john-mccain,mostly-true,0,fixed_split_train_test,0,0.41196418474510366,0,0.4097240142795532
42.json,rudy-giuliani,barely-true,1,fixed_split_train_test,0,0.2982716795242641,0,0.2762550936939891
8511.json,sid-covington,half-true,0,fixed_split_train_test,0,0.4456681754402935,0,0.4926544648136271
6262.json,democratic-congressional-campaign-committee,pants-fire,1,fixed_split_train_test,1,0.7836632992389759,1,0.7744357101206861
9502.json,barack-obama,mostly-true,0,fixed_split_train_test,0,0.36828367992271677,0,0.35157163126523955
11351.json,jennifer-shilling,mostly-true,0,fixed_split_train_test,0,0.35160983662187906,0,0.3283670276535864
8558.json,kenneth-block,false,1,fixed_split_train_test,0,0.4632422493601046,0,0.37157569115478545
12084.json,donald-trump,true,0,fixed_split_train_test,1,0.6462932472730702,1,0.7366037567228653
568.json,barack-obama,true,0,fixed_split_train_test,1,0.6400240843482256,1,0.5567776800071165
7537.json,sean-duffy,half-true,0,fixed_split_train_test,0,0.36293384341101337,0,0.3573467680027208
9708.json,rick-perry,pants-fire,1,fixed_split_train_test,0,0.4252150521749131,0,0.4454025421189285
7524.json,jamie-radtke,half-true,0,fixed_split_train_test,1,0.5875657294139753,1,0.5950078081163553
4537.json,rick-perry,mostly-true,0,fixed_split_train_test,0,0.2817967477888548,0,0.3244142991731668
8549.json,city-austin,barely-true,1,fixed_split_train_test,0,0.27773336848430313,0,0.45612560207865255
11736.json,jeb-bush,half-true,0,fixed_split_train_test,0,0.42864052112272005,0,0.44375565203986644
8062.json,barack-obama,half-true,0,fixed_split_train_test,0,0.3710252131851481,0,0.3678852692978204
3158.json,john-kitzhaber,mostly-true,0,fixed_split_train_test,1,0.5382717396165773,1,0.5058744578167267
10794.json,robert-hurt,false,1,fixed_split_train_test,0,0.45934118826099407,1,0.5204056730622247
12461.json,blog-posting,true,0,fixed_split_train_test,1,0.5200753853902264,1,0.717457660945794
8609.json,kurt-schrader,half-true,0,fixed_split_train_test,1,0.5066011947465514,1,0.5175165854521376
63.json,chris-dodd,mostly-true,0,fixed_split_train_test,0,0.2616066299929148,0,0.1505693167693366
6560.json,jeb-bush,true,0,fixed_split_train_test,0,0.29264969403848895,0,0.28577965371163894
3546.json,john-boehner,half-true,0,fixed_split_train_test,1,0.5468744387476566,1,0.5135921776878465
3036.json,national-federation-independent-business-wiscons,false,1,fixed_split_train_test,0,0.4597218505403341,0,0.43594548195250643
11910.json,ben-carson,pants-fire,1,fixed_split_train_test,1,0.6186506036386824,1,0.633475507781396
4101.json,marco-rubio,mostly-true,0,fixed_split_train_test,0,0.49262819728111307,1,0.5411949395191592
10175.json,scott-walker,mostly-true,0,fixed_split_train_test,0,0.35507598728352024,0,0.4145888906337116
4593.json,edd-houck,false,1,fixed_split_train_test,1,0.6603748458446307,1,0.7673927847806378
5985.json,anastasia-williams,false,1,fixed_split_train_test,0,0.4595466897425757,0,0.37835129770309694
1881.json,thomas-melsheimer,barely-true,1,fixed_split_train_test,0,0.3570086794443601,0,0.3743984550975859
204.json,mitt-romney,false,1,fixed_split_train_test,1,0.5814670865204885,1,0.5021684402090479
10091.json,Rhode_Island_Catholic,true,0,fixed_split_train_test,0,0.4644320337563823,0,0.39839562009356067
1409.json,kay-bailey-hutchison,false,1,fixed_split_train_test,0,0.4207553085377809,0,0.42994220537400235
2769.json,childrens-healthcare-atlanta,true,0,fixed_split_train_test,0,0.06899356506386795,0,0.05403933159899043
2600.json,betty-sutton,mostly-true,0,fixed_split_train_test,0,0.39153749442495916,0,0.4084755441989783
4822.json,rebecca-kleefisch,half-true,0,fixed_split_train_test,1,0.6069380551658576,1,0.6769749767701299
5536.json,stephen-sweeney,half-true,0,fixed_split_train_test,1,0.8020979345108216,1,0.8034806776412418
2911.json,dennis-kucinich,false,1,fixed_split_train_test,0,0.491761217109802,0,0.35436508810746004
12787.json,donald-trump,half-true,0,fixed_split_train_test,1,0.618317962891898,1,0.5536246982527387
2442.json,delia-lopez,pants-fire,1,fixed_split_train_test,1,0.7049647460029692,1,0.8009226442109681
3489.json,greater-wisconsin-political-fund,barely-true,1,fixed_split_train_test,1,0.7088605611836525,1,0.6279864442173202
12006.json,paul-ryan,false,1,fixed_split_train_test,0,0.4051069626546611,0,0.42334809142471963
9109.json,ed-schultz,barely-true,1,fixed_split_train_test,1,0.6778839930134478,1,0.6760081355445968
12661.json,cory-booker,mostly-true,0,fixed_split_train_test,0,0.3598024661129399,0,0.23608849862079034
6447.json,gail-collins,half-true,0,fixed_split_train_test,1,0.5800401366654011,1,0.6881328162250536
2983.json,sam-adams,true,0,fixed_split_train_test,0,0.22604407324681414,0,0.18568973817147114
13467.json,political-insider,pants-fire,1,fixed_split_train_test,1,0.7372784186786427,1,0.925472887380531
921.json,barack-obama,false,1,fixed_split_train_test,1,0.6431810740741974,1,0.6728062586772259
9141.json,charles-krauthammer,barely-true,1,fixed_split_train_test,1,0.7048977120581482,1,0.6887592267742432
12648.json,freedom-partners-action-fund,barely-true,1,fixed_split_train_test,1,0.5691701622068481,1,0.5647169260361468
3674.json,troy-fraser,pants-fire,1,fixed_split_train_test,0,0.42732522127272543,0,0.26645533173773184
6577.json,scott-walker,half-true,0,fixed_split_train_test,0,0.3074318378147819,0,0.3190437359985953
8240.json,james-oneil,false,1,fixed_split_train_test,1,0.6480230229011337,1,0.6039811145537017
9405.json,rick-scott,mostly-true,0,fixed_split_train_test,0,0.39759564448090245,0,0.4064081876703846
1892.json,john-boehner,true,0,fixed_split_train_test,0,0.3283807429540759,0,0.3104481412198329
2754.json,john-boccieri,half-true,0,fixed_split_train_test,1,0.6960617587886097,1,0.7023311200653413
31.json,tommy-thompson,true,0,fixed_split_train_test,0,0.4577199226297778,1,0.5714687227312294
4711.json,lloyd-doggett,mostly-true,0,fixed_split_train_test,0,0.3538729550561036,0,0.2672318309469196
664.json,hillary-clinton,false,1,fixed_split_train_test,1,0.5882083711315714,0,0.4436419382460836
1199.json,national-right-life-committee,true,0,fixed_split_train_test,1,0.6370386380993917,1,0.633089606059285
11865.json,adrian-garcia,barely-true,1,fixed_split_train_test,0,0.3728568255708002,0,0.3195399697810762
87.json,barack-obama,true,0,fixed_split_train_test,0,0.48505021490051575,0,0.45719956364680875
9312.json,rick-santorum,mostly-true,0,fixed_split_train_test,0,0.4480315977591875,0,0.4651109089239653
10638.json,tyrone-brooks,half-true,0,fixed_split_train_test,1,0.6470624401889735,1,0.5419460503233335
3021.json,david-wyss,true,0,fixed_split_train_test,0,0.49569324665190595,0,0.4680858936123079
379.json,hillary-clinton,true,0,fixed_split_train_test,0,0.3136781505191002,0,0.3013511392901901
5272.json,ron-paul,half-true,0,fixed_split_train_test,1,0.5795220670459519,1,0.5631863372238373
683.json,rudy-giuliani,true,0,fixed_split_train_test,0,0.315419713640827,0,0.2920210029063577
1781.json,linda-chavez-thompson,true,0,fixed_split_train_test,0,0.21352165374644422,0,0.19176887810714638
11687.json,jeb-bush,mostly-true,0,fixed_split_train_test,1,0.6287350713266522,1,0.6121402460784742
2975.json,kay-bailey-hutchison,half-true,0,fixed_split_train_test,0,0.2683234520744686,0,0.32977000116800015
771.json,sarah-palin,barely-true,1,fixed_split_train_test,0,0.4735842972039659,0,0.45880885105319164
3991.json,scott-walker,half-true,0,fixed_split_train_test,1,0.543978233070458,1,0.5425169360111799
11923.json,hillary-clinton,half-true,0,fixed_split_train_test,0,0.4993572768998422,0,0.49762904017723003
10749.json,gwyneth-paltrow,barely-true,1,fixed_split_train_test,0,0.29081097374171044,0,0.3005470980243681
3946.json,doug-whitsett,half-true,0,fixed_split_train_test,1,0.6094387094029899,1,0.6783260038556247
7834.json,mark-pocan,true,0,fixed_split_train_test,1,0.5594500986376011,1,0.6034365215825478
6290.json,ohio-republican-party,half-true,0,fixed_split_train_test,1,0.8214128319699812,1,0.8854439179226022
1477.json,chain-email,false,1,fixed_split_train_test,1,0.7272026072861942,1,0.7815378198482513
10881.json,chris-taylor,mostly-true,0,fixed_split_train_test,1,0.5140214956862978,1,0.6211590672499671
4396.json,george-allen,mostly-true,0,fixed_split_train_test,0,0.40137251586907347,0,0.40874336928262694
6206.json,chris-christie,true,0,fixed_split_train_test,0,0.4472633193566503,0,0.44891123057961685
9970.json,jason-carter,true,0,fixed_split_train_test,0,0.2847725727640714,0,0.16881994099090575
4353.json,sherrod-brown,true,0,fixed_split_train_test,1,0.729136806660833,1,0.7299069898157954
1394.json,texas-democratic-party,false,1,fixed_split_train_test,1,0.5349264416141697,1,0.6665817709936196
7695.json,johnny-isakson,true,0,fixed_split_train_test,0,0.4552828460382052,0,0.25878263535601687
4770.json,mitt-romney,barely-true,1,fixed_split_train_test,1,0.6482534819254836,1,0.609960793070811
1052.json,john-mccain,true,0,fixed_split_train_test,1,0.6381403481339227,1,0.5189396862748152
5249.json,donald-mceachin,false,1,fixed_split_train_test,1,0.7714587594245225,1,0.746170299145543
3700.json,stephen-ucci,false,1,fixed_split_train_test,1,0.6264168779450984,1,0.5325642345012372
8683.json,peter-orszag,true,0,fixed_split_train_test,0,0.39220907279369566,0,0.41901653962650043
12798.json,harry-reid,barely-true,1,fixed_split_train_test,1,0.5941314121232635,1,0.7152232125794052
4838.json,george-lemieux,half-true,0,fixed_split_train_test,1,0.5020944209100205,1,0.5113813908324203
7680.json,dianne-feinstein,mostly-true,0,fixed_split_train_test,0,0.36368957022406595,0,0.4616672763887271
1999.json,charlie-crist,true,0,fixed_split_train_test,0,0.38710011011224876,0,0.32033341403229604
12873.json,viral-image,pants-fire,1,fixed_split_train_test,0,0.3326879316079059,0,0.41499047783156745
9683.json,peter-lavelle,pants-fire,1,fixed_split_train_test,1,0.6332222107182677,1,0.673093823616927
6660.json,barack-obama,mostly-true,0,fixed_split_train_test,0,0.3494071966620191,0,0.27687750386154053
13527.json,reince-priebus,false,1,fixed_split_train_test,1,0.6792156114212364,1,0.7740286658510037
2626.json,edwin-pacheco,false,1,fixed_split_train_test,1,0.6166679122656196,1,0.6273217052071429
2814.json,john-kasich,half-true,0,fixed_split_train_test,0,0.4327420234622129,0,0.44645122163857415
7598.json,john-lewis,half-true,0,fixed_split_train_test,1,0.5390643174160306,1,0.5041654611169902
2746.json,matt-wand,barely-true,1,fixed_split_train_test,1,0.5790354077906578,1,0.6233785829796741
12448.json,donald-trump,barely-true,1,fixed_split_train_test,1,0.6540572296325361,1,0.7039196946442238
3232.json,matt-lundy,true,0,fixed_split_train_test,1,0.5804323043226144,1,0.5692984346769083
11226.json,jim-webb,mostly-true,0,fixed_split_train_test,0,0.4764788622747396,0,0.434460936795525
487.json,hillary-clinton,barely-true,1,fixed_split_train_test,1,0.6031838170775778,1,0.63043228267342
6858.json,dan-sebring,mostly-true,0,fixed_split_train_test,1,0.5807214596697085,1,0.6006825049951621
8701.json,state-democratic-party-wisconsin,false,1,fixed_split_train_test,0,0.4491369225299931,0,0.49338386092694403
10606.json,jeb-bush,barely-true,1,fixed_split_train_test,0,0.3999286838538551,0,0.4600734435147811
9016.json,tom-graves,half-true,0,fixed_split_train_test,0,0.358372793549103,0,0.34359159283139723
2371.json,john-mccain,barely-true,1,fixed_split_train_test,1,0.7801385013771865,1,0.8455897448705797
12065.json,donald-trump,true,0,fixed_split_train_test,1,0.5923680395743424,1,0.6138656700470502
2362.json,barack-obama,mostly-true,0,fixed_split_train_test,1,0.5789491188022735,1,0.5563911021657977
2868.json,jim-doyle,false,1,fixed_split_train_test,1,0.5110822331418459,0,0.49176636015373604
13305.json,donald-trump,true,0,fixed_split_train_test,1,0.6414049743698139,1,0.5531504762247106
8503.json,jonathan-karl,true,0,fixed_split_train_test,0,0.40082986795250286,0,0.3515876711647337
2428.json,republican-governors-association,half-true,0,fixed_split_train_test,0,0.23361883223408633,0,0.23129484274431614
636.json,barack-obama,true,0,fixed_split_train_test,1,0.6274074822074335,1,0.5541317124037987
5758.json,afscme,barely-true,1,fixed_split_train_test,1,0.6666163339529696,1,0.7366117869140176
2793.json,greg-abbott,mostly-true,0,fixed_split_train_test,0,0.3658989655986138,0,0.362213104952332
9426.json,john-oliver,true,0,fixed_split_train_test,0,0.42077474738762793,0,0.49769016010956285
5898.json,george-lemieux,barely-true,1,fixed_split_train_test,1,0.7556428570052997,1,0.7125132623627456
11218.json,marco-rubio,mostly-true,0,fixed_split_train_test,0,0.3444120036958879,0,0.3866054241523686
12703.json,unicef,mostly-true,0,fixed_split_train_test,0,0.4905196250959911,0,0.38353209893879947
5462.json,campaign-primary-accountability,false,1,fixed_split_train_test,1,0.7473984766641231,1,0.6788377956391395
1955.json,michael-j-gardiner,pants-fire,1,fixed_split_train_test,1,0.5571227406220153,0,0.49788108775600637
11647.json,george-will,mostly-true,0,fixed_split_train_test,0,0.38400922619750644,0,0.3049788718293395
11139.json,jeb-bush,mostly-true,0,fixed_split_train_test,0,0.2031272076686826,0,0.19798818184945702
1648.json,barack-obama,mostly-true,0,fixed_split_train_test,1,0.5252007925574322,1,0.5373522583047636
5371.json,rick-santorum,false,1,fixed_split_train_test,0,0.38764033322025476,0,0.42357037176027257
4425.json,john-kasich,barely-true,1,fixed_split_train_test,0,0.2807557878531844,0,0.3123557994957764
2498.json,bill-white,mostly-true,0,fixed_split_train_test,0,0.1787155718373424,0,0.20191269118828664
4131.json,brian-kemp,true,0,fixed_split_train_test,0,0.3527155268163463,0,0.3012021007425007
2341.json,mark-neumann,mostly-true,0,fixed_split_train_test,1,0.7765334166643061,1,0.7648255616264175
5551.json,dennis-richardson,half-true,0,fixed_split_train_test,0,0.3415302112901405,0,0.28895887787634017
757.json,john-mccain,half-true,0,fixed_split_train_test,1,0.5492523772512578,1,0.6059422720119313
11519.json,tammy-baldwin,true,0,fixed_split_train_test,0,0.22178384301747678,0,0.2475260826011687
5785.json,chain-email,pants-fire,1,fixed_split_train_test,1,0.5947035944442637,1,0.7528601687346962
2284.json,glenn-beck,pants-fire,1,fixed_split_train_test,1,0.683126824673377,1,0.7023587874399442
12650.json,donald-trump,barely-true,1,fixed_split_train_test,1,0.566445870001789,1,0.6174701202539785
9480.json,erin-lynch,barely-true,1,fixed_split_train_test,1,0.504601499683853,0,0.47537139005954804
643.json,joe-biden,half-true,0,fixed_split_train_test,0,0.25605115268043277,0,0.23800662337909478
11242.json,nicholas-kristof,true,0,fixed_split_train_test,0,0.18717768189504477,0,0.18589098295658585
7038.json,sherrod-brown,true,0,fixed_split_train_test,0,0.2677958517807933,0,0.26316939098662423
6772.json,Yes-on-79,pants-fire,1,fixed_split_train_test,0,0.40711678984499894,0,0.49852619202314935
7952.json,jeff-sessions,false,1,fixed_split_train_test,1,0.6224162986892992,1,0.6020824647552727
13134.json,hillary-clinton,half-true,0,fixed_split_train_test,0,0.47803619695820393,0,0.3693388426994716
2181.json,james-langevin,half-true,0,fixed_split_train_test,0,0.4522186277150341,0,0.39836509729996755
9629.json,john-kerry,mostly-true,0,fixed_split_train_test,0,0.4611644337094359,1,0.5260551722645365
3668.json,richard-saslaw,false,1,fixed_split_train_test,1,0.7622206706256548,1,0.7895626404124441
11327.json,marco-rubio,mostly-true,0,fixed_split_train_test,0,0.42880477187066535,1,0.5482669885082223
3818.json,adam-hasner,mostly-true,0,fixed_split_train_test,0,0.40998938654720674,0,0.48210760340920883
2218.json,todd-staples,half-true,0,fixed_split_train_test,0,0.4443398732599947,0,0.4751609951217085
11562.json,donald-trump,pants-fire,1,fixed_split_train_test,1,0.5992243463903021,1,0.6579773684028718
9622.json,mitch-mcconnell,true,0,fixed_split_train_test,0,0.38929833373561423,0,0.3827204693824977
9995.json,mary-burke,mostly-true,0,fixed_split_train_test,0,0.3387586770470383,0,0.3080475433569256
7344.json,paul-ryan,barely-true,1,fixed_split_train_test,1,0.507041163325275,1,0.5378437126270424
5840.json,americans-prosperity,false,1,fixed_split_train_test,0,0.3871134496436601,0,0.33230329350521987
1576.json,americas-health-insurance-plans,true,0,fixed_split_train_test,1,0.519082493142656,0,0.4676797587735781
13127.json,hillary-clinton,mostly-true,0,fixed_split_train_test,0,0.45428946128671405,0,0.3916071557936236
12098.json,john-kasich,mostly-true,0,fixed_split_train_test,0,0.4947185861120796,1,0.5501173604838192
12272.json,hillary-clinton,mostly-true,0,fixed_split_train_test,1,0.504607817860729,0,0.4980005529456715
5993.json,conservative-voters-texas-pac,pants-fire,1,fixed_split_train_test,1,0.5865994370921985,1,0.6827156962404491
9285.json,laura-ingraham,false,1,fixed_split_train_test,1,0.7489402116999914,1,0.8081034691392954
7165.json,libertarian-party-georgia,half-true,0,fixed_split_train_test,0,0.309578589833832,1,0.574170916783069
11025.json,maggie-hassan,false,1,fixed_split_train_test,0,0.35692429607257975,0,0.366823393785934
7577.json,deborah-gist,mostly-true,0,fixed_split_train_test,0,0.3608803016699159,0,0.24632839483354937
2719.json,bill-white,barely-true,1,fixed_split_train_test,0,0.4226757279580607,0,0.44738567701242316
3631.json,kathleen-angelucci,barely-true,1,fixed_split_train_test,0,0.49195691454326634,0,0.3919168799289602
7211.json,john-boehner,false,1,fixed_split_train_test,0,0.34524670104541927,0,0.30700547082713203
1480.json,glenn-beck,barely-true,1,fixed_split_train_test,0,0.4113659380169559,0,0.4758521790721299
1512.json,marco-rubio,half-true,0,fixed_split_train_test,0,0.480930860379027,1,0.5057145787595129
10517.json,nathan-deal,half-true,0,fixed_split_train_test,0,0.19990900302657993,0,0.2622385366934527
5723.json,allen-west,pants-fire,1,fixed_split_train_test,1,0.5292448133548089,1,0.552942254754147
7378.json,marco-rubio,half-true,0,fixed_split_train_test,1,0.7165054542065982,1,0.78318082291342
531.json,john-mccain,mostly-true,0,fixed_split_train_test,0,0.26591960948418375,0,0.3132803029937174
474.json,barack-obama,barely-true,1,fixed_split_train_test,1,0.6871622067681362,1,0.6582498198470484
2250.json,rick-scott,false,1,fixed_split_train_test,1,0.6651212437685305,1,0.630775927703039
126.json,joe-biden,mostly-true,0,fixed_split_train_test,1,0.6256476763301194,1,0.54227873418916
10646.json,juda-engelmayer,pants-fire,1,fixed_split_train_test,0,0.4089261511615434,1,0.511124128301177
1823.json,chris-matthews,true,0,fixed_split_train_test,0,0.3672537002100507,0,0.29881148795017226
9731.json,rick-scott,barely-true,1,fixed_split_train_test,1,0.5113467461684198,1,0.5130490079582282
9594.json,facebook-posts,pants-fire,1,fixed_split_train_test,1,0.6439960629481277,1,0.6880515280691432
12026.json,jim-kenney,half-true,0,fixed_split_train_test,0,0.4769684604521567,0,0.22012399129503094
5971.json,cory-booker,false,1,fixed_split_train_test,1,0.5120621661721246,0,0.44961130597548565
6857.json,mitt-romney,false,1,fixed_split_train_test,1,0.6580178770472633,1,0.6390166908803727
3112.json,mario-gallegos,half-true,0,fixed_split_train_test,0,0.4635051877807336,0,0.4232946950549686
11832.json,bob,pants-fire,1,fixed_split_train_test,1,0.665916615748225,1,0.8240482919584546
2337.json,rick-scott,half-true,0,fixed_split_train_test,1,0.8172029052716724,1,0.8252330363557686
10853.json,hillary-clinton,false,1,fixed_split_train_test,0,0.3553572982277529,0,0.3556616648260034
9050.json,dan-pfeiffer,mostly-true,0,fixed_split_train_test,0,0.3988497249431662,1,0.618424364333088
9427.json,robin-vos,mostly-true,0,fixed_split_train_test,1,0.5211197130280996,0,0.448514086112418
2830.json,paul-krugman,half-true,0,fixed_split_train_test,1,0.5063121458267965,0,0.4341438236000826
9756.json,alison-lundergan-grimes,half-true,0,fixed_split_train_test,0,0.4563017313245678,0,0.3712892130938308
6532.json,barack-obama,mostly-true,0,fixed_split_train_test,0,0.4808500817724517,0,0.419687243764117
4805.json,kurt-schuller,false,1,fixed_split_train_test,1,0.6022306645831986,1,0.5089246260634255
3648.json,miguel-diaz-de-la-portilla,false,1,fixed_split_train_test,0,0.447138373289873,0,0.2842169603454252
4994.json,newt-gingrich,half-true,0,fixed_split_train_test,1,0.5466345990732997,1,0.5721465248639088
4715.json,democratic-national-committee,half-true,0,fixed_split_train_test,1,0.6544581235000465,1,0.6168456656970854
526.json,john-mccain,barely-true,1,fixed_split_train_test,0,0.4133091087885116,0,0.3458740249018983
8673.json,pam-bondi,true,0,fixed_split_train_test,1,0.5460066529167183,0,0.3773936377940252
9273.json,brian-wilson,pants-fire,1,fixed_split_train_test,0,0.4477835275212101,0,0.4934685922000232
9973.json,emma-watson,half-true,0,fixed_split_train_test,0,0.2614102435270855,0,0.1140531891755405
3.json,bill-richardson,mostly-true,0,fixed_split_train_test,0,0.3436039254723465,0,0.26696661999819804
9197.json,jim-demint,false,1,fixed_split_train_test,0,0.30237624236033134,0,0.360696185100313
9610.json,jack-kingston,false,1,fixed_split_train_test,0,0.3663261135102336,1,0.5137762088940316
1150.json,orrin-hatch,half-true,0,fixed_split_train_test,0,0.3293694629968261,0,0.21155567421471175
2087.json,dennis-kucinich,true,0,fixed_split_train_test,0,0.39153437743013,0,0.3243347968131095
7051.json,betty-sutton,half-true,0,fixed_split_train_test,1,0.5611008703607554,1,0.5849981043393824
8035.json,robert-reich,false,1,fixed_split_train_test,1,0.6799256597914304,1,0.6101225294526398
1329.json,ed-rendell,barely-true,1,fixed_split_train_test,1,0.6198373854880471,1,0.6804444674588492
1574.json,americans-united-change,mostly-true,0,fixed_split_train_test,1,0.5252684489153843,1,0.5090518198580486
6745.json,mitt-romney,mostly-true,0,fixed_split_train_test,1,0.7694044252409835,1,0.7465809704610387
4289.json,sam-adams,half-true,0,fixed_split_train_test,0,0.4245810713690731,0,0.3856518160972829
4383.json,dennis-richardson,false,1,fixed_split_train_test,0,0.4907343800357099,0,0.47841300513400736
12089.json,katie-mcginty,mostly-true,0,fixed_split_train_test,0,0.2885063722756677,0,0.2717982391483201
12976.json,sean-hannity,false,1,fixed_split_train_test,1,0.593751235331731,1,0.596610371638413
5170.json,lou-greenwald,true,0,fixed_split_train_test,0,0.363858841403065,0,0.3408500692509084
6976.json,george-allen,true,0,fixed_split_train_test,0,0.22878455692860641,0,0.2389267216403368
7838.json,chain-email,pants-fire,1,fixed_split_train_test,1,0.7045102861612805,1,0.7805274988567131
2643.json,scott-walker,false,1,fixed_split_train_test,1,0.6262191214884576,1,0.6814195078523991
1810.json,todd-staples,half-true,0,fixed_split_train_test,1,0.5932918717711599,1,0.6261246180259463
10097.json,Local-799-international-assoc-fire-fighters,pants-fire,1,fixed_split_train_test,1,0.8232200136371032,1,0.9051029924092562
13236.json,tim-kaine,barely-true,1,fixed_split_train_test,0,0.3374023011424062,0,0.29833330621675974
2568.json,doug-ainge,false,1,fixed_split_train_test,1,0.6164342701848338,1,0.6055214741900466
12833.json,dave-brat,false,1,fixed_split_train_test,1,0.7247420534159776,1,0.7425369703623365
1894.json,donna-brazile,half-true,0,fixed_split_train_test,0,0.33105297275117335,0,0.25373318681039825
7881.json,kirsten-gillibrand,mostly-true,0,fixed_split_train_test,0,0.4044595627234746,0,0.4398629099199306
5603.json,glenn-grothman,true,0,fixed_split_train_test,0,0.3372241386209839,0,0.2641345721052601
5759.json,anonymous-flier,false,1,fixed_split_train_test,1,0.540820062039556,1,0.5928585519570201
6207.json,chris-christie,half-true,0,fixed_split_train_test,0,0.3155465037288631,0,0.35143976976094166
2149.json,kendrick-meek,false,1,fixed_split_train_test,1,0.7866667862183946,1,0.7344111416892583
2445.json,mahmoud-ahmadinejad,false,1,fixed_split_train_test,0,0.43264010012759085,0,0.24175363531198515
5910.json,john-ludlow,half-true,0,fixed_split_train_test,0,0.42612771379760744,1,0.5891265597408988
2596.json,john-kitzhaber,half-true,0,fixed_split_train_test,1,0.6320395944355625,1,0.5175440035686815
10399.json,rand-paul,false,1,fixed_split_train_test,0,0.22652705260116657,0,0.30910240987966475
792.json,john-mccain,half-true,0,fixed_split_train_test,1,0.5454956939583591,1,0.6061818704031148
12929.json,julian-castro,true,0,fixed_split_train_test,0,0.3960292511791536,0,0.39550876252786893
12791.json,democratic-congressional-campaign-committee,barely-true,1,fixed_split_train_test,1,0.5386295531436377,0,0.3795192185560577
9003.json,rick-scott,barely-true,1,fixed_split_train_test,0,0.24970783575571817,0,0.2933622803816857
3811.json,scott-fitzgerald,false,1,fixed_split_train_test,1,0.6825136393004726,1,0.7741289184567621
3399.json,morgan-griffith,false,1,fixed_split_train_test,1,0.5379853292864556,1,0.5096809045513471
11229.json,glen-sturtevant,true,0,fixed_split_train_test,0,0.28862902582061134,0,0.3676098802188866
3800.json,herman-cain,false,1,fixed_split_train_test,1,0.579878912482553,1,0.7311158133885448
10283.json,bernie-s,mostly-true,0,fixed_split_train_test,0,0.2605241828995406,0,0.2665842257373781
352.json,hillary-clinton,mostly-true,0,fixed_split_train_test,0,0.39840553103172205,0,0.4678145391091066
4134.json,alan-hays,false,1,fixed_split_train_test,1,0.7350162867748995,1,0.7408681669796912
5278.json,jim-jordan,half-true,0,fixed_split_train_test,0,0.3694983720130077,0,0.32719842554400236
2165.json,sam-olens,half-true,0,fixed_split_train_test,0,0.4213393602567789,0,0.3831857762216403
7448.json,kasim-reed,true,0,fixed_split_train_test,0,0.2870991870466105,0,0.2567903601219869
12987.json,jimmy-carter,true,0,fixed_split_train_test,1,0.69902277540536,1,0.7534266186486291
5132.json,georgia-democrats,half-true,0,fixed_split_train_test,1,0.6921872502998945,1,0.6605512465672229
13329.json,kellyanne-conway,barely-true,1,fixed_split_train_test,0,0.4792649602009753,1,0.579685061933944
4588.json,rick-perry,true,0,fixed_split_train_test,1,0.5287225373407922,1,0.5328184127669665
6455.json,warren-kampf,mostly-true,0,fixed_split_train_test,0,0.43354019793233467,0,0.3876097440594388
10282.json,jesse-ventura,pants-fire,1,fixed_split_train_test,1,0.7184699305923881,1,0.8217303683545575
211.json,john-mccain,true,0,fixed_split_train_test,1,0.5937462587406747,1,0.6174970494824243
7676.json,michael-chippendale,barely-true,1,fixed_split_train_test,0,0.4495982673891897,1,0.5092701044538214
1873.json,chain-email,false,1,fixed_split_train_test,1,0.5399772723898781,1,0.6287843949464442
2443.json,john-kasich,half-true,0,fixed_split_train_test,0,0.44219822025047634,0,0.4246297103830898
3841.json,tim-pawlenty,half-true,0,fixed_split_train_test,0,0.3254891102035002,0,0.38676471356279085
12284.json,bernie-s,mostly-true,0,fixed_split_train_test,0,0.4982507927710332,0,0.4710302614295269
7197.json,john-kitzhaber,mostly-true,0,fixed_split_train_test,1,0.5088195738352282,0,0.4532754653006293
12858.json,barack-obama,half-true,0,fixed_split_train_test,1,0.510069886202821,0,0.4660456052337318
2633.json,mark-kirk,half-true,0,fixed_split_train_test,1,0.5031926950351466,0,0.42579862791985895
6041.json,jack-latvala,half-true,0,fixed_split_train_test,0,0.4050708758576335,0,0.4047042229204993
3414.json,bernie-s,false,1,fixed_split_train_test,0,0.3860286308644597,0,0.38379713290651274
4323.json,thaddeus-mccotter,mostly-true,0,fixed_split_train_test,0,0.3058424032882794,0,0.12026433140749221
1679.json,robert-gates,half-true,0,fixed_split_train_test,1,0.6106694766725648,1,0.5959589980120329
275.json,rudy-giuliani,barely-true,1,fixed_split_train_test,0,0.35260719239369853,0,0.4401251910048987
13208.json,jason-kander,mostly-true,0,fixed_split_train_test,0,0.4890713441507603,1,0.5502423727795079
5911.json,rob-portman,half-true,0,fixed_split_train_test,1,0.594787706579736,1,0.5927600279641453
4277.json,reince-priebus,false,1,fixed_split_train_test,0,0.32503251444987524,0,0.3704943812470657
752.json,barack-obama,half-true,0,fixed_split_train_test,1,0.5405640361199021,0,0.46855659877075
2601.json,kurt-schrader,false,1,fixed_split_train_test,0,0.4991918963180701,1,0.5041986330981163
1450.json,debra-medina,half-true,0,fixed_split_train_test,1,0.7014029148354706,1,0.7470431842876684
5653.json,andrew-napolitano,pants-fire,1,fixed_split_train_test,1,0.7046108371636827,1,0.5856301012930232
13046.json,yes-55,barely-true,1,fixed_split_train_test,1,0.6898773661388288,1,0.6285844810434873
3103.json,jamie-radtke,true,0,fixed_split_train_test,0,0.299008173310385,0,0.3289646168370259
2894.json,glenn-beck,pants-fire,1,fixed_split_train_test,1,0.546051792327252,1,0.6222351642377959
1012.json,nancy-pelosi,false,1,fixed_split_train_test,1,0.6412939833149505,1,0.5443804229115469
9112.json,facebook-posts,false,1,fixed_split_train_test,0,0.45659587088301556,1,0.5140391200565574
2945.json,jack-kingston,mostly-true,0,fixed_split_train_test,1,0.5312318685197437,1,0.6677967685747771
9944.json,bob-goodlatte,true,0,fixed_split_train_test,0,0.42652523478993715,1,0.527988280666889
6839.json,tammy-baldwin,barely-true,1,fixed_split_train_test,1,0.5865418736833329,1,0.6313632506639957
3673.json,chris-larson,barely-true,1,fixed_split_train_test,1,0.6157896325758286,1,0.717205219808512
13058.json,barack-obama,true,0,fixed_split_train_test,1,0.5063360282349897,0,0.4077680433405932
3941.json,rob-portman,half-true,0,fixed_split_train_test,0,0.43003819820664374,0,0.37311963189837444
10917.json,bobby-jindal,false,1,fixed_split_train_test,1,0.6430248282970924,1,0.636209806095754
13155.json,russ-feingold,false,1,fixed_split_train_test,0,0.4442813044939631,0,0.47221694673737025
9301.json,blog-posting,pants-fire,1,fixed_split_train_test,1,0.7039031438106429,1,0.8127336581741446
5486.json,silvestre-reyes,half-true,0,fixed_split_train_test,1,0.7415037726197687,1,0.6682079463911696
4579.json,american-crossroads,false,1,fixed_split_train_test,1,0.7385954085292218,1,0.6901756784528815
10943.json,austin-scott,true,0,fixed_split_train_test,0,0.39037681436999144,0,0.3110533724618067
12728.json,rick-scott,false,1,fixed_split_train_test,1,0.6853670044492203,1,0.7067051311389224
92.json,mitt-romney,half-true,0,fixed_split_train_test,1,0.5285909953784651,1,0.5427256704127346
11230.json,bobby-jindal,half-true,0,fixed_split_train_test,1,0.6325366112461214,1,0.5129936074627708
2720.json,american-federation-children,pants-fire,1,fixed_split_train_test,1,0.5968788767606831,0,0.4980275937028103
582.json,barack-obama,true,0,fixed_split_train_test,0,0.2691262331637901,0,0.20588505199549015
13227.json,donald-trump,false,1,fixed_split_train_test,1,0.685921275129963,1,0.7602403134148155
12052.json,marco-rubio,true,0,fixed_split_train_test,0,0.4103924784824027,0,0.4868355124103267
1010.json,barack-obama,half-true,0,fixed_split_train_test,0,0.49328325950210955,0,0.4348059507203604
1333.json,chain-email,true,0,fixed_split_train_test,0,0.14224333183300775,0,0.24433173537631794
2603.json,hank-gilbert,false,1,fixed_split_train_test,1,0.530696566516361,0,0.3843864294369273
2731.json,barack-obama,mostly-true,0,fixed_split_train_test,0,0.42377322651539995,0,0.3950431764758834
3434.json,rick-perry,mostly-true,0,fixed_split_train_test,0,0.4026521544749098,0,0.4223050040019835
788.json,john-mccain,mostly-true,0,fixed_split_train_test,0,0.47977198398923815,1,0.5681011612712128
1691.json,julian-assange,half-true,0,fixed_split_train_test,1,0.5641564216465595,1,0.5912535820043927
605.json,john-mccain,false,1,fixed_split_train_test,1,0.5466810476753463,1,0.5402692583086689
6195.json,dan-ramos,false,1,fixed_split_train_test,0,0.1770027421376204,0,0.25507220368254174
1350.json,mitch-mcconnell,true,0,fixed_split_train_test,1,0.6343659646678286,1,0.6135304581124718
7706.json,sheldon-whitehouse,half-true,0,fixed_split_train_test,0,0.3961097432019817,0,0.3777572253277208
12037.json,ron-johnson,half-true,0,fixed_split_train_test,1,0.6147978772605707,1,0.6121579722651147
8710.json,brett-smiley,mostly-true,0,fixed_split_train_test,0,0.17590939979316078,0,0.18045726427984488
960.json,chuck-grassley,half-true,0,fixed_split_train_test,0,0.4971032561537544,0,0.3964583697573339
10544.json,rudy-giuliani,false,1,fixed_split_train_test,0,0.4374338772625038,0,0.42401693655000855
4391.json,kinky-friedman,barely-true,1,fixed_split_train_test,0,0.36948093884943073,0,0.3806881426573591
13186.json,tim-kaine,half-true,0,fixed_split_train_test,0,0.4665706479403985,0,0.3224446402554464
9692.json,ed-macdougall,barely-true,1,fixed_split_train_test,1,0.7834049796377048,1,0.6958846917532405
7401.json,peter-courtney,mostly-true,0,fixed_split_train_test,0,0.35410201055245466,0,0.38354976927924544
13405.json,mike-pence,half-true,0,fixed_split_train_test,0,0.3833808062527964,0,0.40596695759584067
230.json,hillary-clinton,true,0,fixed_split_train_test,1,0.615098950021047,0,0.44397671721612003
3037.json,tim-kaine,half-true,0,fixed_split_train_test,0,0.325662050541724,0,0.3222471034788915
207.json,john-mccain,true,0,fixed_split_train_test,0,0.49854705583115716,1,0.5504123430179595
3608.json,mike-ford,false,1,fixed_split_train_test,1,0.7368993469538542,1,0.7025860826340461
3789.json,ameripac,barely-true,1,fixed_split_train_test,1,0.5263694857424589,0,0.38459408774337733
7775.json,ron-meyer,half-true,0,fixed_split_train_test,0,0.26302702064703437,0,0.3017375974190472
12160.json,viral-media-reports,barely-true,1,fixed_split_train_test,1,0.6681814890656465,1,0.7087580993700152
12870.json,america-rising-now,barely-true,1,fixed_split_train_test,0,0.35912795458468233,0,0.2458611636205789
10069.json,debbie-wasserman-schultz,false,1,fixed_split_train_test,1,0.7673290476757545,1,0.7805963397781829
3366.json,ward-armstrong,true,0,fixed_split_train_test,0,0.34519917742947176,0,0.31206339159288365
10806.json,john-taylor-2,true,0,fixed_split_train_test,0,0.4016239648582235,1,0.5543416683763728
9681.json,bryan-fischer,pants-fire,1,fixed_split_train_test,1,0.7077856862969182,1,0.8452144540818236
1015.json,newt-gingrich,barely-true,1,fixed_split_train_test,0,0.455294691851774,0,0.4453353010584037
13486.json,rush-limbaugh,half-true,0,fixed_split_train_test,1,0.7969761883886809,1,0.7978427862636894
8798.json,bob-terry,false,1,fixed_split_train_test,0,0.39579361673553104,0,0.3342697042951015
2514.json,phil-gingrey,false,1,fixed_split_train_test,1,0.5343125036235042,1,0.5005507178877415
10633.json,glenn-beck,false,1,fixed_split_train_test,1,0.5371687445847612,1,0.5867201107118031
10883.json,rebecca-quigley,false,1,fixed_split_train_test,0,0.34235756106009274,0,0.2863578288474193
13213.json,kamala-harris,half-true,0,fixed_split_train_test,0,0.4978588446823151,0,0.37502783460126937
5698.json,barack-obama,half-true,0,fixed_split_train_test,1,0.5709765449853953,1,0.5572364427269476
11701.json,lamar-smith,false,1,fixed_split_train_test,1,0.5661001253180854,1,0.7122076912872899
2315.json,blanche-lincoln,barely-true,1,fixed_split_train_test,1,0.7082092501533789,1,0.7762558862564188
4626.json,no-casinos,mostly-true,0,fixed_split_train_test,0,0.2790977304768605,0,0.2717386394827743
11307.json,donald-trump,barely-true,1,fixed_split_train_test,1,0.5990067663012687,1,0.6861932609757198
11925.json,tim-mcginty,true,0,fixed_split_train_test,0,0.46012747913962915,0,0.42044983147386455
4259.json,richard-codey,true,0,fixed_split_train_test,0,0.40507261311923715,1,0.594070394962269
5061.json,chris-christie,pants-fire,1,fixed_split_train_test,0,0.37524798768534906,0,0.4184753987669464
4141.json,ann-marie-buerkle,half-true,0,fixed_split_train_test,1,0.5160588862943765,1,0.6038887659525051
4175.json,debbie-wasserman-schultz,half-true,0,fixed_split_train_test,0,0.43038720962766625,0,0.4383140699838687
9462.json,florida-democratic-party,mostly-true,0,fixed_split_train_test,0,0.39400716854627393,0,0.33529553400075435
3987.json,democratic-congressional-campaign-committee,mostly-true,0,fixed_split_train_test,1,0.6965053092109059,1,0.6936882036480092
293.json,vietnam-veterans-against-john-mccain,pants-fire,1,fixed_split_train_test,1,0.6970628109685898,1,0.7532512633461071
7728.json,chris-christie,mostly-true,0,fixed_split_train_test,0,0.4195599884019064,0,0.40701398609655715
2117.json,susana-martinez,half-true,0,fixed_split_train_test,1,0.5884676010252222,1,0.6745254891935192
4825.json,democratic-national-committee,half-true,0,fixed_split_train_test,1,0.6882151566427143,1,0.6119004348544413
9516.json,greg-abbott,barely-true,1,fixed_split_train_test,1,0.8035331829470019,1,0.7854397638750127
12834.json,donald-trump,false,1,fixed_split_train_test,1,0.6356871091435582,1,0.7145914723205564
3980.json,piers-morgan,false,1,fixed_split_train_test,1,0.5050445327166061,1,0.529082271854939
3231.json,herman-cain,half-true,0,fixed_split_train_test,0,0.27926368033699117,0,0.3873555712266754
386.json,john-mccain,mostly-true,0,fixed_split_train_test,1,0.5161852099741433,1,0.5379845742579711
11288.json,reid-ribble,half-true,0,fixed_split_train_test,1,0.7816590670864253,1,0.6864543842425059
660.json,mark-warner,half-true,0,fixed_split_train_test,1,0.547367647990001,1,0.5560293873236244
1106.json,chain-email,true,0,fixed_split_train_test,0,0.49269634270182217,1,0.6216946965045732
2105.json,rick-perry,false,1,fixed_split_train_test,1,0.7270606831273423,1,0.8084827714389906
446.json,focus-family-action,barely-true,1,fixed_split_train_test,1,0.5872582365212482,1,0.6290484188981683
10271.json,keisha-lance-bottoms,mostly-true,0,fixed_split_train_test,1,0.582331253295297,1,0.6551536913170743
4866.json,republican-national-committee-republican,half-true,0,fixed_split_train_test,0,0.3625275995361376,0,0.3059994792826241
8419.json,ted-cruz,false,1,fixed_split_train_test,0,0.42293870434016195,1,0.5061558226816445
3136.json,peter-kilmartin,half-true,0,fixed_split_train_test,0,0.38134225337357414,0,0.4067628078965115
12093.json,mark-herring,barely-true,1,fixed_split_train_test,0,0.27420518520507103,0,0.2695746782119202
317.json,bill-clinton,true,0,fixed_split_train_test,0,0.19277663837926834,0,0.1849586232629001
6295.json,josh-mandel,pants-fire,1,fixed_split_train_test,1,0.5942496286322322,1,0.5291103662568064
6610.json,bob-buckhorn,mostly-true,0,fixed_split_train_test,0,0.3202992501004193,0,0.2935885534925182
5597.json,susan-cole,true,0,fixed_split_train_test,0,0.3494653971224005,0,0.23352212611771125
1234.json,michael-moore,false,1,fixed_split_train_test,1,0.6448759384829545,1,0.6445583546013801
4995.json,jim-sensenbrenner,true,0,fixed_split_train_test,0,0.2842864009433819,0,0.4173962862342547
9095.json,facebook-posts,pants-fire,1,fixed_split_train_test,0,0.45994346135500125,0,0.4071815691215036
10451.json,john-boehner,half-true,0,fixed_split_train_test,1,0.5281277890344397,1,0.5145363827533119
4679.json,rick-perry,half-true,0,fixed_split_train_test,0,0.2239713960524058,0,0.2824863888442239
6011.json,caroline-casagrande,mostly-true,0,fixed_split_train_test,0,0.3073962506175112,0,0.2888096402607703
255.json,chris-dodd,mostly-true,0,fixed_split_train_test,0,0.4802539056453919,0,0.3703368473911146
3664.json,victoria-taft,false,1,fixed_split_train_test,1,0.6585464200954164,1,0.8886913736797549
11262.json,eric-bolling,false,1,fixed_split_train_test,0,0.29296323108001715,0,0.15431957076424266
9388.json,mike-collins,barely-true,1,fixed_split_train_test,1,0.5323129299056527,0,0.49898083429309104
12596.json,hillary-clinton,barely-true,1,fixed_split_train_test,0,0.41426973911426845,0,0.3831815270786144
8689.json,dennis-hastert,half-true,0,fixed_split_train_test,1,0.7960464727726337,1,0.772847545964936
13420.json,hillary-clinton,true,0,fixed_split_train_test,1,0.6301898166778739,0,0.4390903964011137
11911.json,marco-rubio,barely-true,1,fixed_split_train_test,0,0.29050611747016003,0,0.3488637992842512
5450.json,ron-paul,half-true,0,fixed_split_train_test,1,0.6122922006976927,1,0.645995298960589
2993.json,rick-perry,mostly-true,0,fixed_split_train_test,0,0.4256889895751849,1,0.5117698441198136
3740.json,tim-kaine,half-true,0,fixed_split_train_test,0,0.15014208000789653,0,0.1590999695465603
12720.json,chris-christie,half-true,0,fixed_split_train_test,1,0.6770764091616033,1,0.6460059021633688
1653.json,democratic-national-committee,half-true,0,fixed_split_train_test,1,0.5795017677085926,0,0.481926548031577
3731.json,barack-obama,true,0,fixed_split_train_test,0,0.21901051446023803,0,0.1706750764998657
8103.json,rick-kriseman,half-true,0,fixed_split_train_test,0,0.44671676669447197,0,0.19176231581728237
1439.json,democratic-national-committee,half-true,0,fixed_split_train_test,0,0.3452073399496542,0,0.2878419972641914
5779.json,michael-adams,half-true,0,fixed_split_train_test,0,0.18484479779717702,0,0.10081485136963768
10567.json,thomas-tobin,false,1,fixed_split_train_test,0,0.3037009917656152,0,0.30145269757081616
10111.json,rick-scott,false,1,fixed_split_train_test,0,0.31433513402476065,0,0.3553309438590111
11256.json,viral-image,mostly-true,0,fixed_split_train_test,1,0.585320612355382,1,0.5893586294374928
10543.json,scott-walker,false,1,fixed_split_train_test,1,0.7065677961390973,1,0.7330370156887013
7904.json,scott-walker,barely-true,1,fixed_split_train_test,0,0.28186029393496365,0,0.3074578151733862
4709.json,allen-west,barely-true,1,fixed_split_train_test,1,0.5547159994255821,1,0.7180247765613661
8854.json,mary-burke,half-true,0,fixed_split_train_test,0,0.20242963932676603,0,0.171332447820213
4116.json,john-boehner,false,1,fixed_split_train_test,1,0.6399780533024036,1,0.6565191356849803
5131.json,kriner-cash,mostly-true,0,fixed_split_train_test,0,0.23860420021649725,0,0.21309671327053215
11861.json,sarah-palin,false,1,fixed_split_train_test,1,0.6471963462919286,1,0.5659071327199869
9435.json,hillary-clinton,mostly-true,0,fixed_split_train_test,0,0.3587766117938282,0,0.3106236617507066
12805.json,joe-biden,mostly-true,0,fixed_split_train_test,1,0.5352766027459397,0,0.4724525130634947
9801.json,gina-raimondo,true,0,fixed_split_train_test,0,0.4657403757101021,0,0.46880471735280893
2195.json,rick-perry,false,1,fixed_split_train_test,1,0.7670432456993663,1,0.741910703144651
11370.json,espn,mostly-true,0,fixed_split_train_test,0,0.3162406450068834,0,0.2835931697724488
9771.json,nextgen-climate,half-true,0,fixed_split_train_test,1,0.5083414280428218,0,0.43519861357612233
3676.json,adam-hasner,mostly-true,0,fixed_split_train_test,1,0.6604215835822655,1,0.6365567878506228
4615.json,tom-kean-jr,half-true,0,fixed_split_train_test,0,0.3697544542483316,0,0.2997814072619204
7742.json,metro,false,1,fixed_split_train_test,0,0.47756461335318795,1,0.5488837026659554
2394.json,republican-governors-association,half-true,0,fixed_split_train_test,1,0.6249717117871639,1,0.5204143526047428
817.json,republican-national-committee-republican,pants-fire,1,fixed_split_train_test,1,0.6814037273981884,1,0.5206309220539639
13051.json,paul-wolfowitz,barely-true,1,fixed_split_train_test,1,0.6392898519687491,0,0.3914008628876361
11345.json,tammy-baldwin,half-true,0,fixed_split_train_test,1,0.5157102693566051,0,0.48406578759734237
7387.json,marco-rubio,barely-true,1,fixed_split_train_test,0,0.4183337513992223,0,0.49019514229606365
4400.json,new-hampshire-democratic-party,half-true,0,fixed_split_train_test,1,0.5636768183502142,1,0.5672270760601223
3541.json,armond-budish,half-true,0,fixed_split_train_test,0,0.4204820036345789,0,0.3981049309117029
12187.json,rick-scotts-starbucks-heckler,half-true,0,fixed_split_train_test,1,0.6748189565990456,1,0.7275467126139052
7340.json,barack-obama,true,0,fixed_split_train_test,0,0.4102637711513813,0,0.27238829965346384
10355.json,hank-huckaby,true,0,fixed_split_train_test,0,0.27420845240944913,0,0.19497729625066185
10467.json,rick-perry,half-true,0,fixed_split_train_test,0,0.35797056459871684,0,0.32090580904197813
8089.json,oregon-catalyst,false,1,fixed_split_train_test,1,0.7073286190568949,1,0.6602628091083055
12526.json,larry-yarborough,mostly-true,0,fixed_split_train_test,1,0.6102586379459397,1,0.6731865823899003
10898.json,al-sharpton,barely-true,1,fixed_split_train_test,1,0.6548473693328755,1,0.6369887825433037
7541.json,chris-christie,half-true,0,fixed_split_train_test,0,0.4776168347799835,0,0.4915296728285051
7136.json,john-kitzhaber,barely-true,1,fixed_split_train_test,0,0.47336230624343356,0,0.43931120203522417
6325.json,michael-bloomberg,half-true,0,fixed_split_train_test,0,0.38900777271410497,0,0.43123121573095385
12855.json,richard-durbin,true,0,fixed_split_train_test,0,0.16971629919581113,0,0.1144678130276944
10512.json,leonidas-raptakis,false,1,fixed_split_train_test,0,0.40252261770993564,0,0.4007748762532425
12336.json,colorado-health-institute,mostly-true,0,fixed_split_train_test,0,0.36835624138288325,0,0.2760108807799491
11726.json,dan-patrick,barely-true,1,fixed_split_train_test,0,0.2935694614703537,0,0.26469383820071224
3904.json,brian-deese,half-true,0,fixed_split_train_test,0,0.40938779950244014,0,0.38594978811752517
6774.json,national-rifle-association,mostly-true,0,fixed_split_train_test,1,0.5311051950329627,1,0.523687157774106
1324.json,rachel-maddow,barely-true,1,fixed_split_train_test,1,0.6017091455403947,1,0.5427721361675524
6813.json,paul-ryan,barely-true,1,fixed_split_train_test,1,0.5834061451258584,1,0.6190714270323746
9737.json,dbanj,false,1,fixed_split_train_test,0,0.4712188278918958,1,0.6595373459942638
6366.json,scott-garrett,barely-true,1,fixed_split_train_test,1,0.6454090276839605,1,0.6426938151037258
9316.json,harry-reid,mostly-true,0,fixed_split_train_test,0,0.2354909447023775,0,0.2948409616935737
992.json,barack-obama,mostly-true,0,fixed_split_train_test,0,0.20604828055759267,0,0.15349582488883595
699.json,john-mccain,half-true,0,fixed_split_train_test,1,0.6092575105061394,1,0.6888353084223416
9033.json,rob-portman,true,0,fixed_split_train_test,0,0.27932173065213833,0,0.22340887464702638
5950.json,mitt-romney,true,0,fixed_split_train_test,1,0.5643278452097236,0,0.46730189541624295
10041.json,dan-patrick,half-true,0,fixed_split_train_test,1,0.6505173506552966,1,0.6089372824287558
5528.json,paul-sadler,true,0,fixed_split_train_test,1,0.5116253246203453,0,0.40689648810020507
8414.json,rick-kriseman,false,1,fixed_split_train_test,0,0.3939161405831137,0,0.30445359877926254
4189.json,national-republican-congressional-committee,false,1,fixed_split_train_test,1,0.7121796440302839,1,0.7072723090318978
9333.json,sean-hannity,half-true,0,fixed_split_train_test,1,0.7927524443375938,1,0.786909831622781
9052.json,david-dewhurst,mostly-true,0,fixed_split_train_test,1,0.5815186593526073,1,0.6406963410645696
12478.json,sharron-angle,barely-true,1,fixed_split_train_test,0,0.29513952773658264,0,0.3018461721805824
1405.json,glenn-beck,barely-true,1,fixed_split_train_test,0,0.2145742942336719,0,0.24621997822973557
3235.json,barack-obama,false,1,fixed_split_train_test,1,0.6618646333061284,1,0.6145542119674228
1514.json,alex-sink,barely-true,1,fixed_split_train_test,1,0.6324332332102687,0,0.4489761607854699
6919.json,tim-kaine,barely-true,1,fixed_split_train_test,0,0.36434663421780067,0,0.31905225239173696
9774.json,republican-party-florida,false,1,fixed_split_train_test,1,0.6967544342956761,1,0.7463473883749752
5640.json,chain-email,barely-true,1,fixed_split_train_test,1,0.7192199473452925,1,0.8185489175318895
9444.json,mary-burke,barely-true,1,fixed_split_train_test,1,0.6208188449185793,1,0.5810617471356939
12449.json,kelly-ayotte,mostly-true,0,fixed_split_train_test,0,0.47677593251653816,0,0.443511789855662
4432.json,dan-ramos,mostly-true,0,fixed_split_train_test,0,0.49962545961697846,1,0.5073843922002633
5749.json,greg-abbott,half-true,0,fixed_split_train_test,0,0.4588331228040393,0,0.45395844014008574
8192.json,rene-garcia,barely-true,1,fixed_split_train_test,0,0.3112979143279051,0,0.41364654964497616
7886.json,christine-whitman,mostly-true,0,fixed_split_train_test,0,0.42608267886367623,1,0.5279277629459485
9431.json,americans-safe-access,barely-true,1,fixed_split_train_test,1,0.6248562035894986,1,0.5224049942906219
7721.json,bob-goodlatte,half-true,0,fixed_split_train_test,0,0.46308299594659785,0,0.4697995382631151
2616.json,christine-odonnell,pants-fire,1,fixed_split_train_test,1,0.7443206617685038,1,0.7459825267072023
2122.json,americans-job-security,half-true,0,fixed_split_train_test,1,0.5715297143095,1,0.5872280074451858
1280.json,charlie-crist,barely-true,1,fixed_split_train_test,0,0.42627511523839967,0,0.34864269327956043
2477.json,steve-southerland,false,1,fixed_split_train_test,1,0.5064629741298288,1,0.5811511612544769
6123.json,eric-hovde,false,1,fixed_split_train_test,1,0.5327459514324563,0,0.4642513977086821
7814.json,new-jersey-state-afl-cio,mostly-true,0,fixed_split_train_test,1,0.5115087777178791,0,0.4438302195594783
901.json,spencer-bachus,false,1,fixed_split_train_test,0,0.34692032623994096,0,0.411166936336659
6720.json,rob-zerban,false,1,fixed_split_train_test,1,0.5016467648260432,0,0.4292322443054005
4628.json,hank-johnson,mostly-true,0,fixed_split_train_test,0,0.23418088274410448,0,0.331887142618771
11303.json,jay-nixon,mostly-true,0,fixed_split_train_test,0,0.1670803170814629,0,0.2354048071562862
2986.json,talgo-inc,true,0,fixed_split_train_test,1,0.645214609334063,1,0.7296750391847939
10783.json,representus,mostly-true,0,fixed_split_train_test,0,0.39524671250442733,0,0.4437747772336743
13350.json,patrick-murphy,half-true,0,fixed_split_train_test,1,0.5869893606347952,1,0.6195537521252763
258.json,mitt-romney,true,0,fixed_split_train_test,1,0.5696131895296196,1,0.5412667576841951
1248.json,michael-moore,mostly-true,0,fixed_split_train_test,0,0.3972885927958642,0,0.36231815152060753
10450.json,rand-paul,half-true,0,fixed_split_train_test,0,0.36070081998968845,0,0.3964012128397956
8758.json,barack-obama,half-true,0,fixed_split_train_test,0,0.3940093571116092,0,0.3243419248025269
4442.json,ron-paul,half-true,0,fixed_split_train_test,0,0.4837450513958785,0,0.47768669556677235
7930.json,pete-gallego,true,0,fixed_split_train_test,0,0.43915281777602355,0,0.43484068141877497
12122.json,paul-ryan,mostly-true,0,fixed_split_train_test,1,0.5619641198809331,0,0.49648812887841204
6678.json,leonard-lance,true,0,fixed_split_train_test,0,0.3269857754736726,0,0.3668071404025489
9957.json,facebook-posts,pants-fire,1,fixed_split_train_test,0,0.4182469004845093,1,0.5377402541085714
7111.json,sam-adams,barely-true,1,fixed_split_train_test,1,0.5466394300037265,0,0.4318410728020995
9235.json,blog-posting,pants-fire,1,fixed_split_train_test,1,0.8279729376943064,1,0.9116759293330248
1243.json,barney-bishop,false,1,fixed_split_train_test,0,0.49099073983565467,1,0.5164996855787936
5693.json,kathleen-falk,false,1,fixed_split_train_test,1,0.6613413808517484,1,0.5872956057747909
2305.json,john-boehner,true,0,fixed_split_train_test,1,0.6593977873631017,1,0.6214755246911461
2040.json,george-will,barely-true,1,fixed_split_train_test,0,0.44490608512834323,0,0.3825453795991788
9192.json,progressive-choice,true,0,fixed_split_train_test,1,0.7790437806764039,1,0.7168052480309439
11375.json,glenn-hegar,true,0,fixed_split_train_test,0,0.4859115738071521,1,0.5365168994920291
9674.json,jeb-bush,mostly-true,0,fixed_split_train_test,0,0.43751937176821726,0,0.4148098813377739
3369.json,sam-adams,half-true,0,fixed_split_train_test,1,0.5900485100508706,1,0.5241825716015729
8855.json,wendy-davis,mostly-true,0,fixed_split_train_test,0,0.3745913300175292,0,0.3890740127183967
1641.json,michele-bachmann,false,1,fixed_split_train_test,1,0.647617400203373,1,0.6713900717010411
9080.json,greg-morris,true,0,fixed_split_train_test,1,0.5172585832007249,1,0.5148707459125899
4233.json,jennifer-granholm,mostly-true,0,fixed_split_train_test,0,0.2999953422314359,0,0.2941403093863543
12952.json,donald-trump,barely-true,1,fixed_split_train_test,0,0.4918650953828173,1,0.5424760234020461
2135.json,lincoln-chafee,false,1,fixed_split_train_test,1,0.6073474337862811,1,0.5239023050259912
7696.json,mark-pocan,barely-true,1,fixed_split_train_test,0,0.41319706894850255,0,0.4936124829657816
11751.json,barack-obama,mostly-true,0,fixed_split_train_test,0,0.33862868387021144,0,0.32876329141285254
2187.json,michael-bloomberg,false,1,fixed_split_train_test,0,0.25646714850100183,0,0.32255074145724977
3196.json,rick-scott,false,1,fixed_split_train_test,0,0.45431802198007026,0,0.44487750872606074
6263.json,ovide-lamontagne,half-true,0,fixed_split_train_test,0,0.3219766194817116,0,0.3299971247303507
2774.json,scott-walker,half-true,0,fixed_split_train_test,1,0.6428117437216683,1,0.6502546750427349
6555.json,teresa-fedor,true,0,fixed_split_train_test,1,0.5148965243764924,0,0.4619478704522621
8961.json,david-brooks,half-true,0,fixed_split_train_test,0,0.4042926584527965,1,0.5054353336684737
8011.json,elliott-naishtat,true,0,fixed_split_train_test,0,0.3710165665524464,0,0.28342222188816013
1290.json,ginny-brown-waite,barely-true,1,fixed_split_train_test,1,0.5643643997342863,1,0.5196169874620397
9151.json,michael-mccaul,true,0,fixed_split_train_test,1,0.5002176986282414,1,0.5330949050644846
11625.json,greg-abbott,mostly-true,0,fixed_split_train_test,0,0.3090336330062218,0,0.3293349253193799
7426.json,bill-jackson,pants-fire,1,fixed_split_train_test,0,0.4560486907382708,1,0.5051289408209225
1462.json,kay-bailey-hutchison,mostly-true,0,fixed_split_train_test,1,0.7442250073052911,1,0.7176403769009853
1777.json,john-cornyn,true,0,fixed_split_train_test,1,0.69336797457626,1,0.6794378788489306
12982.json,reince-priebus,half-true,0,fixed_split_train_test,1,0.6058339851209164,1,0.6674386766394711
6015.json,reince-priebus,false,1,fixed_split_train_test,0,0.3926100132135198,0,0.38990891919666587
12520.json,hillary-clinton,true,0,fixed_split_train_test,0,0.41068591387722314,0,0.38754324463230083
8944.json,lawrence-odonnell,mostly-true,0,fixed_split_train_test,1,0.6022569107239738,0,0.47262962940929104
6035.json,eric-fehrnstrom,half-true,0,fixed_split_train_test,0,0.41445335022398905,0,0.36322176300361764
10309.json,michael-needham,mostly-true,0,fixed_split_train_test,0,0.49716056339121323,0,0.4771470820607257
7336.json,texas-federation-republican-women,barely-true,1,fixed_split_train_test,1,0.5182810193475405,1,0.574701581267745
7726.json,ed-fitzgerald,false,1,fixed_split_train_test,1,0.6791120126348664,1,0.5240090945351716
12768.json,kirsten-gillibrand,mostly-true,0,fixed_split_train_test,0,0.48914933043507075,0,0.41124492290742265
12012.json,chris-koster,mostly-true,0,fixed_split_train_test,0,0.33722095874291225,0,0.319316514654962
5710.json,joe-biden,false,1,fixed_split_train_test,1,0.594562386643026,1,0.5263892661280668
376.json,barack-obama,half-true,0,fixed_split_train_test,1,0.5147873729045422,0,0.4830063534072568
4198.json,ohio-democratic-party,pants-fire,1,fixed_split_train_test,1,0.6110370735453374,1,0.5749911343468831
4901.json,florida-democratic-party,barely-true,1,fixed_split_train_test,1,0.6669867553507778,1,0.6636775648028301
7806.json,leah-vukmir,false,1,fixed_split_train_test,1,0.624380260470189,1,0.5955870565044291
12537.json,donald-trump,false,1,fixed_split_train_test,1,0.513532957891798,1,0.5469171283921581
3593.json,rick-scott,mostly-true,0,fixed_split_train_test,0,0.3282018738523058,0,0.19244169616118795
9779.json,occupy-democrats,pants-fire,1,fixed_split_train_test,1,0.5803019167810568,1,0.5661399038670808
8990.json,john-kerry,mostly-true,0,fixed_split_train_test,1,0.701603941362686,1,0.6914868032180727
3979.json,george-allen,false,1,fixed_split_train_test,1,0.6385442558285297,1,0.6376740598144709
10897.json,rick-perry,true,0,fixed_split_train_test,0,0.37188438149759867,0,0.3659766495975518
4841.json,eileen-brady,mostly-true,0,fixed_split_train_test,1,0.5688304040532822,1,0.6732355418664457
2570.json,russ-feingold,half-true,0,fixed_split_train_test,0,0.41539390742685106,0,0.42224121436147244
4068.json,lisa-hamler-fugitt,mostly-true,0,fixed_split_train_test,0,0.1022097423818526,0,0.09626116434839133
12301.json,john-oliver,mostly-true,0,fixed_split_train_test,0,0.41859595611925265,1,0.5598341225346932
7236.json,rick-scott,half-true,0,fixed_split_train_test,0,0.25020031287295513,0,0.21653802928091154
6571.json,chris-christie,half-true,0,fixed_split_train_test,0,0.34458731172871077,0,0.30958262946517945
2640.json,chuck-riley,false,1,fixed_split_train_test,1,0.6675315521189124,1,0.5967005306341271
13512.json,blog-posting,pants-fire,1,fixed_split_train_test,1,0.5633298378367978,1,0.7176092478836069
166.json,mitt-romney,half-true,0,fixed_split_train_test,0,0.47464684120300327,0,0.4736805634476728
7329.json,mayors-against-illegal-guns,half-true,0,fixed_split_train_test,0,0.34741749058120847,0,0.33771931738653027
13385.json,donald-trump,mostly-true,0,fixed_split_train_test,0,0.3889207484936652,0,0.47763489898544076
7827.json,meals-wheels-rhode-island,barely-true,1,fixed_split_train_test,0,0.4032605143463718,0,0.4232476434276287
11670.json,american-action-network,barely-true,1,fixed_split_train_test,0,0.3339042838797511,0,0.31779094538328706
13029.json,national-republican-senatorial-committee,barely-true,1,fixed_split_train_test,1,0.5918794325543884,1,0.548030821413902
9937.json,jeanne-shaheen,mostly-true,0,fixed_split_train_test,0,0.23755903554325183,0,0.2389316963143967
2811.json,mark-warner,mostly-true,0,fixed_split_train_test,0,0.3910751316784343,0,0.36327954668691537
6333.json,chris-christie,false,1,fixed_split_train_test,0,0.36150658536671826,0,0.3685614829220468
5124.json,restore-our-future,pants-fire,1,fixed_split_train_test,1,0.6170729857186394,1,0.621512886061844
66.json,john-edwards,true,0,fixed_split_train_test,0,0.4218424208387187,0,0.3341031069129887
5403.json,bruce-starr,mostly-true,0,fixed_split_train_test,0,0.2847763286600773,0,0.4001651662047704
9437.json,scott-walker,half-true,0,fixed_split_train_test,1,0.6969501672566218,1,0.6620398132966696
235.json,john-mccain,true,0,fixed_split_train_test,0,0.44285632314324164,1,0.5342985436482196
793.json,barack-obama,half-true,0,fixed_split_train_test,1,0.5897688345135689,1,0.5893855110089068
11080.json,rick-perry,barely-true,1,fixed_split_train_test,0,0.20183270513928997,0,0.24507240467054497
9489.json,scott-walker,false,1,fixed_split_train_test,1,0.6282510152811243,1,0.5719530288968727
1444.json,barack-obama,mostly-true,0,fixed_split_train_test,0,0.37244469718929707,0,0.35518642554677854
2484.json,alan-grayson,half-true,0,fixed_split_train_test,1,0.6002086681706515,1,0.6170775890494742
5836.json,mary-nolan,half-true,0,fixed_split_train_test,1,0.5378533325604405,1,0.5196028798376611
12.json,mike-huckabee,false,1,fixed_split_train_test,1,0.5753792354761371,0,0.4912813567296096
11588.json,viral-media-reports,false,1,fixed_split_train_test,1,0.5911395710533854,1,0.6415622808501095
6264.json,eric-cantor,barely-true,1,fixed_split_train_test,0,0.4635693701819654,1,0.5512284842632329
13324.json,donald-trump,mostly-true,0,fixed_split_train_test,1,0.746854442854905,1,0.7716805488993038
5230.json,nathan-deal,true,0,fixed_split_train_test,0,0.35937908463193813,0,0.29404300414477125
8519.json,americans-prosperity,false,1,fixed_split_train_test,1,0.63539724315212,1,0.5701786776754608
6900.json,karen-huber,half-true,0,fixed_split_train_test,1,0.7568916180495201,1,0.7781842142468162
10524.json,lloyd-doggett,true,0,fixed_split_train_test,1,0.5652056990102164,0,0.40160082763849697
12599.json,thomas-perez,true,0,fixed_split_train_test,0,0.34844361234957777,0,0.3869064945773207
917.json,eric-cantor,false,1,fixed_split_train_test,1,0.5203813340430482,1,0.601532648744166
8336.json,grover-fugate,true,0,fixed_split_train_test,0,0.4269454376726015,1,0.5200362320820513
6811.json,barack-obama,mostly-true,0,fixed_split_train_test,0,0.4927415665920047,0,0.42751322911493833
7084.json,dan-patrick,true,0,fixed_split_train_test,0,0.35468840906699384,0,0.3894547723120221
7900.json,john-nygren,half-true,0,fixed_split_train_test,1,0.574213019230209,1,0.5274440233229234
9323.json,julian-castro,true,0,fixed_split_train_test,1,0.7142241735404617,1,0.6137397821470922
1460.json,bill-white,true,0,fixed_split_train_test,0,0.2193023015854858,0,0.27940816408535096
7607.json,john-kasich,pants-fire,1,fixed_split_train_test,0,0.3519576394665517,0,0.3286712327358199
1061.json,lynn-westmoreland,barely-true,1,fixed_split_train_test,0,0.4925914988927987,0,0.47145651972786173
12321.json,pat-mccrory,true,0,fixed_split_train_test,0,0.1315856409639171,0,0.17206801255825643
6473.json,stephanie-cutter,true,0,fixed_split_train_test,0,0.3839697250897945,1,0.5099314709711104
12546.json,blog-posting,false,1,fixed_split_train_test,1,0.7585403483916916,1,0.8497706149920443
2877.json,scott-walker,false,1,fixed_split_train_test,1,0.6539446620012889,1,0.6529521599808525
9432.json,rachel-maddow,mostly-true,0,fixed_split_train_test,1,0.5555892966104797,0,0.494758140635311
7145.json,john-kitzhaber,true,0,fixed_split_train_test,0,0.3224013522114461,0,0.2989232519243602
2760.json,sierra-club,barely-true,1,fixed_split_train_test,0,0.3643280526484631,0,0.36938004874252633
6945.json,crossroads-gps,barely-true,1,fixed_split_train_test,1,0.6910867612673777,1,0.6762001634374413
4899.json,newt-gingrich,false,1,fixed_split_train_test,1,0.5339757004051452,1,0.6489783985373493
10906.json,facebook-posts,pants-fire,1,fixed_split_train_test,1,0.5444383828057762,1,0.5661174275956401
3885.json,new-jersey-sierra-club,half-true,0,fixed_split_train_test,0,0.2651692099003352,0,0.16415972912257953
11150.json,centers-disease-control,true,0,fixed_split_train_test,1,0.6045071576338854,1,0.7005147217184112
6953.json,bill-nelson,half-true,0,fixed_split_train_test,1,0.6497217553242775,1,0.6068455478787103
5510.json,steve-rothman,mostly-true,0,fixed_split_train_test,0,0.2905876278176175,0,0.35762089658073015
3455.json,robin-wright,true,0,fixed_split_train_test,1,0.5756248133901991,1,0.5011478695376613
10061.json,rick-scott,half-true,0,fixed_split_train_test,1,0.5361147070081518,1,0.5614395662885584
9927.json,julie-pace,mostly-true,0,fixed_split_train_test,1,0.6040846337929586,1,0.5732522156753427
2316.json,charlie-crist,mostly-true,0,fixed_split_train_test,0,0.2424104007721177,0,0.15911160405903396
11276.json,ron-bergeron,mostly-true,0,fixed_split_train_test,0,0.28512711687546577,0,0.41529493727022615
1497.json,eve-schatelowitz-alcantar,false,1,fixed_split_train_test,0,0.3802726019443023,0,0.4101385892290211
4337.json,ron-kind,half-true,0,fixed_split_train_test,0,0.21477666247759944,0,0.26923085424869525
4543.json,bill-oreilly,barely-true,1,fixed_split_train_test,1,0.5812387492859344,1,0.6915571000369787
5091.json,jon-huntsman,false,1,fixed_split_train_test,1,0.7381483610334597,1,0.7097641626784362
40.json,democratic-national-committee,true,0,fixed_split_train_test,1,0.508993399567692,0,0.40346646641022427
2852.json,sherrod-brown,mostly-true,0,fixed_split_train_test,0,0.28426566216077886,0,0.2252962245384326
2506.json,scott-bruun,barely-true,1,fixed_split_train_test,1,0.5738087132661632,1,0.5905950293008726
4212.json,john-kasich,true,0,fixed_split_train_test,1,0.6687669975893031,1,0.6330576628749667
10474.json,greg-abbott,half-true,0,fixed_split_train_test,0,0.3531006831064685,0,0.46171925166049615
10117.json,rick-scott,half-true,0,fixed_split_train_test,0,0.4253258889599004,0,0.4407463083381643
7877.json,john-lewis,mostly-true,0,fixed_split_train_test,0,0.31413939349237224,0,0.2535764509726262
12051.json,ted-cruz,mostly-true,0,fixed_split_train_test,1,0.5462245676618546,1,0.6112203178933993
3957.json,national-republican-senatorial-committee,false,1,fixed_split_train_test,1,0.6311355649260483,1,0.6568553849882511
10893.json,jeb-bush,mostly-true,0,fixed_split_train_test,0,0.24200159990781114,0,0.26213508366659166
1623.json,charlie-crist,true,0,fixed_split_train_test,0,0.340350193446677,0,0.2356032279944521
6428.json,salmon-all,half-true,0,fixed_split_train_test,1,0.5983321731425715,1,0.5718077621499131
4287.json,greater-wisconsin-political-fund,half-true,0,fixed_split_train_test,1,0.5570662450017949,0,0.48873147843565556
9793.json,ending-spending-action-fund,barely-true,1,fixed_split_train_test,1,0.5953555148487117,1,0.6141505918684937
2910.json,donald-carcieri,mostly-true,0,fixed_split_train_test,1,0.5073582480922895,0,0.4883839176962441
4653.json,barack-obama,true,0,fixed_split_train_test,1,0.5681266397884216,1,0.5147345370198878
12279.json,robby-mook,mostly-true,0,fixed_split_train_test,0,0.4765125341483641,0,0.4354764324480708
6982.json,barack-obama,half-true,0,fixed_split_train_test,1,0.511827149382995,0,0.4791901481649283
11802.json,bernie-s,mostly-true,0,fixed_split_train_test,1,0.5286137488120619,1,0.5480356032346103
4609.json,mitt-romney,false,1,fixed_split_train_test,1,0.5563017510124783,1,0.5567330429875511
8115.json,michelle-nunn,true,0,fixed_split_train_test,0,0.4109641180327134,0,0.3267469399484268
11296.json,viral-image,false,1,fixed_split_train_test,1,0.5262908570372594,0,0.42829122565508565
9093.json,rick-scott,barely-true,1,fixed_split_train_test,1,0.6294510894928687,1,0.62116975140171
10799.json,anonymous-cyber-squatter,half-true,0,fixed_split_train_test,1,0.516010493673957,0,0.48269997199722015
9383.json,dawson-hodgson,barely-true,1,fixed_split_train_test,1,0.6046698125211764,1,0.5119560580587458
12009.json,mitt-romney,false,1,fixed_split_train_test,0,0.4735449695450304,0,0.38862396840960994
7223.json,kenneth-block,mostly-true,0,fixed_split_train_test,0,0.3409595804892752,0,0.33212622996875835
11118.json,john-oliver,true,0,fixed_split_train_test,0,0.48867964292561566,1,0.5784774601068273
3381.json,rick-scott,mostly-true,0,fixed_split_train_test,0,0.37571450838733506,0,0.3834784725513309
7244.json,dawson-hodgson,false,1,fixed_split_train_test,0,0.3821844051390165,0,0.27432493219088205
2581.json,julie-lassa,barely-true,1,fixed_split_train_test,1,0.5517127648943969,1,0.5203058439294084
2958.json,city-beaverton,false,1,fixed_split_train_test,0,0.22166388540967827,0,0.16176880782945013
12179.json,blog-posting,pants-fire,1,fixed_split_train_test,1,0.6346160829302667,1,0.7808838009262442
11373.json,viral-image,barely-true,1,fixed_split_train_test,1,0.6356189184701653,1,0.5917613600999576
2114.json,georgia-politicians,barely-true,1,fixed_split_train_test,1,0.5204061149349667,0,0.2950935755669946
9588.json,david-perdue,half-true,0,fixed_split_train_test,1,0.5289041646759192,0,0.49144623558206463
3430.json,eric-cantor,half-true,0,fixed_split_train_test,1,0.7011629071315056,1,0.7435767662007726
9364.json,angel-taveras,barely-true,1,fixed_split_train_test,0,0.44758073365433965,0,0.4022259598121955
10695.json,rick-santorum,true,0,fixed_split_train_test,0,0.36517442507409686,0,0.3964865571471619
1158.json,anthony-weiner,barely-true,1,fixed_split_train_test,1,0.5288706144497667,1,0.561107451591299
5848.json,bill-johnson,false,1,fixed_split_train_test,1,0.6835221599339383,1,0.6519436809106129
10561.json,tom-graves,half-true,0,fixed_split_train_test,1,0.7148724092562172,1,0.7472438419974688
512.json,barack-obama,true,0,fixed_split_train_test,0,0.2612814674356362,0,0.27988414267306977
5815.json,steve-rothman,barely-true,1,fixed_split_train_test,0,0.3260197209310577,0,0.383330045222132
12906.json,paul-manafort,half-true,0,fixed_split_train_test,0,0.44107826295437125,0,0.41111245924157086
7909.json,barry-bone,true,0,fixed_split_train_test,1,0.572710479268234,0,0.49102042586783023
7044.json,voters-first-ohio,barely-true,1,fixed_split_train_test,1,0.5694767142358963,0,0.4283080651200419
11284.json,jeb-bush,half-true,0,fixed_split_train_test,0,0.27747319846722296,0,0.2818892610711996
11761.json,ted-cruz,true,0,fixed_split_train_test,0,0.4512259648788363,0,0.49240915618317344
13291.json,catherine-cortez-masto,half-true,0,fixed_split_train_test,1,0.784729928384249,1,0.8690034377632953
6933.json,mitt-romney,half-true,0,fixed_split_train_test,0,0.43439921333252846,0,0.44394596469172404
9916.json,pam-bondi,mostly-true,0,fixed_split_train_test,1,0.5366089081212916,0,0.34546506260420756
9248.json,alicia-menendez,true,0,fixed_split_train_test,0,0.1917762710060566,0,0.15171781118824096
544.json,joe-biden,barely-true,1,fixed_split_train_test,1,0.5636867769850359,0,0.4348243982937855
3679.json,john-kasich,false,1,fixed_split_train_test,1,0.7522594984226765,1,0.6921410089320641
11825.json,paul-saldana,half-true,0,fixed_split_train_test,0,0.4469256107422695,0,0.3125314923513796
7420.json,josh-mandel,mostly-true,0,fixed_split_train_test,1,0.6580634091990079,1,0.6552427669630557
2723.json,ted-strickland,pants-fire,1,fixed_split_train_test,1,0.5480541086324631,1,0.5580327592021103
5530.json,johnny-isakson,barely-true,1,fixed_split_train_test,1,0.545716388685665,0,0.4544544727971178
4617.json,michele-bachmann,half-true,0,fixed_split_train_test,0,0.2729867910208451,0,0.2722859591641234
4498.json,rush-holt,true,0,fixed_split_train_test,0,0.30963811384002676,0,0.2842117584930781
2994.json,boyd-richie,barely-true,1,fixed_split_train_test,1,0.6015209810832666,1,0.7037820090544755
1184.json,charles-boustany,barely-true,1,fixed_split_train_test,1,0.7824227224569075,1,0.8048022381413547
11169.json,marco-rubio,mostly-true,0,fixed_split_train_test,1,0.7366725472564714,1,0.7241342022907428
8924.json,david-perdue,mostly-true,0,fixed_split_train_test,0,0.20807211750627824,0,0.15700106001508135
3194.json,chris-abele,false,1,fixed_split_train_test,1,0.5367202123787632,1,0.5910446818378554
985.json,rachel-maddow,false,1,fixed_split_train_test,1,0.6971781810918298,1,0.6801519807741212
7379.json,barack-obama,mostly-true,0,fixed_split_train_test,0,0.44177383421250277,0,0.3162997717068112
2926.json,ted-poe,barely-true,1,fixed_split_train_test,0,0.36315292686139033,0,0.43787248587511834
5283.json,phil-gingrey,half-true,0,fixed_split_train_test,0,0.43193636594571194,0,0.47294119046842675
4204.json,tom-leppert,false,1,fixed_split_train_test,1,0.8493247776595709,1,0.8238978822338888
7288.json,terry-mcauliffe,false,1,fixed_split_train_test,1,0.6192677856895372,1,0.6838013280923146
10223.json,russ-girling,false,1,fixed_split_train_test,1,0.5460306428270131,0,0.32837631048010996
4526.json,mike-mccabe,false,1,fixed_split_train_test,1,0.6164453629347558,1,0.7161646324417484
10493.json,ted-cruz,mostly-true,0,fixed_split_train_test,1,0.8381059521775059,1,0.8613727403511158
6812.json,americans-tax-reform,barely-true,1,fixed_split_train_test,1,0.5215176852426383,1,0.5874310678993765
13214.json,oxfam-america,mostly-true,0,fixed_split_train_test,0,0.2139136793644056,0,0.19438731871917495
12662.json,charles-ramsey,mostly-true,0,fixed_split_train_test,0,0.35901332550239295,0,0.31232565499897436
3933.json,rick-santorum,false,1,fixed_split_train_test,0,0.4388483911593312,0,0.46938037288088486
7268.json,scott-walker,mostly-true,0,fixed_split_train_test,0,0.15313349744389212,0,0.1944321517121631
2717.json,marco-rubio,half-true,0,fixed_split_train_test,0,0.21361980167257966,0,0.22832093743371634
2252.json,tim-kaine,half-true,0,fixed_split_train_test,1,0.5106623008299983,0,0.4925600780469721
3029.json,scott-walker,mostly-true,0,fixed_split_train_test,1,0.5134960289833672,1,0.5662078205998811
3471.json,jeff-stone,half-true,0,fixed_split_train_test,1,0.545022251365586,1,0.7183059473245522
3710.json,nathan-deal,true,0,fixed_split_train_test,0,0.1491732973607377,0,0.14754339507651862
1855.json,bill-white,mostly-true,0,fixed_split_train_test,0,0.48410299288188763,1,0.5756197372105859
7771.json,joee-lindbeck,half-true,0,fixed_split_train_test,0,0.48721869915730426,0,0.41976497025491616
13409.json,donald-trump,barely-true,1,fixed_split_train_test,0,0.4745216167723248,1,0.5164077497696616
5101.json,mitt-romney,half-true,0,fixed_split_train_test,0,0.37774399262706077,0,0.3905616972536766
7356.json,sherrod-brown,true,0,fixed_split_train_test,0,0.38159758982422287,0,0.30278285677759326
4568.json,new-jersey-democratic-state-committee,barely-true,1,fixed_split_train_test,0,0.47822628840873227,0,0.4913775470616633
2099.json,john-boehner,false,1,fixed_split_train_test,1,0.5594525042958138,1,0.5171242220653453
1849.json,john-oxendine,half-true,0,fixed_split_train_test,0,0.14114016993327594,0,0.13527500156942124
7790.json,john-depetro,pants-fire,1,fixed_split_train_test,1,0.8107051144065739,1,0.8487512363667481
6320.json,barack-obama,mostly-true,0,fixed_split_train_test,1,0.6910765759704196,1,0.6942967108060746
3500.json,greater-wisconsin-political-fund,half-true,0,fixed_split_train_test,1,0.809472009573732,1,0.8266874172830481
2460.json,steve-kagen,pants-fire,1,fixed_split_train_test,1,0.8321957569782295,1,0.7982695966983072
1948.json,john-faulk,false,1,fixed_split_train_test,1,0.5133632091441844,0,0.4944717883786659
10739.json,karl-rove,mostly-true,0,fixed_split_train_test,1,0.5846961734802787,1,0.5854823538975096
13020.json,catherine-cortez-masto,mostly-true,0,fixed_split_train_test,0,0.41802794717832115,1,0.524677833172245
1119.json,barack-obama,false,1,fixed_split_train_test,0,0.34777518625414505,0,0.3417044688608438
13128.json,donald-trump,mostly-true,0,fixed_split_train_test,0,0.40705209110849827,0,0.49757482070341347
11050.json,generation-forward-pac,mostly-true,0,fixed_split_train_test,1,0.6035527062760951,1,0.5940886422477822
7195.json,lenny-curry,barely-true,1,fixed_split_train_test,1,0.6663871565208811,1,0.5729311707841409
13047.json,donald-trump,half-true,0,fixed_split_train_test,0,0.3547652638190574,0,0.434338838890783
2560.json,future-pac-oregon-house-democrats,pants-fire,1,fixed_split_train_test,1,0.8009125703789993,1,0.7804463531270913
8463.json,chris-abele,false,1,fixed_split_train_test,0,0.21735903006305995,0,0.3410822918208902
3458.json,morgan-griffith,barely-true,1,fixed_split_train_test,1,0.5178345466567753,0,0.49710789430298086
8352.json,blog-posting,pants-fire,1,fixed_split_train_test,1,0.6672875651150026,1,0.7279780659762619
11847.json,national-republican-senatorial-committee,barely-true,1,fixed_split_train_test,1,0.6362519910468027,1,0.5630175686902362
8170.json,eric-cantor,pants-fire,1,fixed_split_train_test,1,0.7952815730857395,1,0.766873411495393
10293.json,steve-adler,mostly-true,0,fixed_split_train_test,0,0.4861529414429551,0,0.4642329827790859
5314.json,kathleen-clyde,true,0,fixed_split_train_test,0,0.14413526007912414,0,0.13737385199714927
2625.json,jack-conway,mostly-true,0,fixed_split_train_test,1,0.6382668532129331,1,0.7444454578836643
12749.json,donald-trump,half-true,0,fixed_split_train_test,0,0.21101995065709558,0,0.2021446605317383
6905.json,paul-ryan,mostly-true,0,fixed_split_train_test,0,0.44755416520293134,0,0.4317815466015873
10672.json,sally-kohn,false,1,fixed_split_train_test,0,0.3205805011458144,0,0.37553011420728766
2217.json,rachel-maddow,half-true,0,fixed_split_train_test,1,0.5625216223838453,1,0.5550493340723895
10232.json,mitch-mcconnell,barely-true,1,fixed_split_train_test,1,0.7402386826802757,1,0.664468828627382
7230.json,chris-christie,half-true,0,fixed_split_train_test,1,0.5052822065781665,0,0.4597475714337163
4993.json,maciver-institute,barely-true,1,fixed_split_train_test,1,0.5792986516954307,1,0.5203220094944336
794.json,barack-obama,half-true,0,fixed_split_train_test,0,0.449753353604588,0,0.4717909053161117
12011.json,donald-trump,half-true,0,fixed_split_train_test,0,0.41498999057485036,1,0.5393884923023016
8946.json,rachel-maddow,true,0,fixed_split_train_test,0,0.42518646456583514,0,0.4142255411924261
3508.json,david-prosser,pants-fire,1,fixed_split_train_test,1,0.7402611735433616,1,0.8055197711940031
3306.json,rob-woodall,half-true,0,fixed_split_train_test,0,0.4466106937161147,0,0.38983275932234884
1189.json,tom-price,mostly-true,0,fixed_split_train_test,0,0.23388345969657282,0,0.24400761962021397
9107.json,alison-lundergan-grimes,true,0,fixed_split_train_test,0,0.4334346786113361,0,0.35802608277191605
809.json,barack-obama,true,0,fixed_split_train_test,1,0.5070582544736018,0,0.46044085004967344
171.json,rudy-giuliani,false,1,fixed_split_train_test,1,0.6506198748275149,1,0.697399209090187
1739.json,kay-bailey-hutchison,half-true,0,fixed_split_train_test,1,0.728417588075723,1,0.7310897732182041
9047.json,david-dewhurst,mostly-true,0,fixed_split_train_test,1,0.5711664468473056,1,0.6224665217868705
7685.json,linda-finn,half-true,0,fixed_split_train_test,1,0.5225784739449818,1,0.5571968055070469
13490.json,don-beyer,false,1,fixed_split_train_test,0,0.2655907725345711,0,0.2826027474631499
10962.json,sheldon-whitehouse,true,0,fixed_split_train_test,0,0.1901962856104366,0,0.21506623522159135
7845.json,chris-christie,half-true,0,fixed_split_train_test,0,0.48787472217712696,0,0.4447336587418936
10388.json,jonathan-turley,barely-true,1,fixed_split_train_test,1,0.613157578963688,1,0.6872198058002806
180.json,bill-richardson,false,1,fixed_split_train_test,1,0.555196463825347,0,0.4408397972283456
781.json,barack-obama,false,1,fixed_split_train_test,0,0.30907964352343914,0,0.31063026729506993
12627.json,hillary-clinton,true,0,fixed_split_train_test,0,0.46218349859518326,0,0.4161027222010509
2594.json,joe-manchin,true,0,fixed_split_train_test,1,0.5444659208317535,1,0.5623865215230222
7543.json,michele-bachmann,pants-fire,1,fixed_split_train_test,1,0.6203362869624559,1,0.5660022667367923
7073.json,priorities-usa-action,barely-true,1,fixed_split_train_test,1,0.670492754135548,1,0.680295861206083
12195.json,mark-pocan,true,0,fixed_split_train_test,0,0.38525950276151777,0,0.37847559724640595
13190.json,mike-pence,barely-true,1,fixed_split_train_test,1,0.7085994653348537,1,0.6657868800984529
7447.json,greg-abbott,true,0,fixed_split_train_test,0,0.48097056633839835,1,0.5973376501994023
9472.json,oregon-department-agriculture,half-true,0,fixed_split_train_test,0,0.3123066463372426,0,0.4648568779742512
12368.json,donald-trump,barely-true,1,fixed_split_train_test,0,0.49674248955832917,1,0.5023353899529909
5788.json,frank-wolf,true,0,fixed_split_train_test,1,0.5621832733804792,1,0.6336632697635249
6665.json,barack-obama,half-true,0,fixed_split_train_test,1,0.5846976204489979,1,0.5138652137457816
10858.json,facebook-posts,pants-fire,1,fixed_split_train_test,0,0.30313921061895865,0,0.4249601577820073
3522.json,jason-haas,false,1,fixed_split_train_test,1,0.5975243157893875,1,0.6047960904411355
6469.json,americans-prosperity,false,1,fixed_split_train_test,1,0.5527606715564107,1,0.5071382378824484
13502.json,sean-duffy,barely-true,1,fixed_split_train_test,1,0.8099769897651561,1,0.7387775014812371
9834.json,edward-flynn,mostly-true,0,fixed_split_train_test,0,0.31341909214390934,0,0.32838494429584253
7991.json,phil-burress,half-true,0,fixed_split_train_test,1,0.566913018622214,1,0.6311531968535197
7994.json,jonathan-stickland,barely-true,1,fixed_split_train_test,0,0.32080466925801365,0,0.3269328187462394
10846.json,scott-walker,false,1,fixed_split_train_test,1,0.7903329724096854,1,0.7626681994733334
8830.json,rick-scott,half-true,0,fixed_split_train_test,0,0.21959386981766382,0,0.24824036057985385
6033.json,bill-nelson,true,0,fixed_split_train_test,0,0.43674653141985276,0,0.4021654482734377
700.json,john-mccain,true,0,fixed_split_train_test,1,0.5328490682271647,0,0.4813955255732145
12214.json,bernie-s,mostly-true,0,fixed_split_train_test,0,0.38596643341278836,0,0.3566852911775868
11661.json,occupy-democrats,false,1,fixed_split_train_test,0,0.2861116861042651,0,0.4412966707589204
8986.json,barack-obama,mostly-true,0,fixed_split_train_test,0,0.28655491413645534,0,0.3106820548405491
6922.json,lois-frankel,barely-true,1,fixed_split_train_test,1,0.5531027819155935,1,0.6063436306260631
2738.json,georgia-house-democratic-caucus-behalf-elena-paren,false,1,fixed_split_train_test,1,0.7557940524637957,1,0.7845800207882863
7416.json,david-plouffe,barely-true,1,fixed_split_train_test,1,0.6485596280143614,1,0.695922772326277
9101.json,barbara-boxer,half-true,0,fixed_split_train_test,0,0.3343305262088942,0,0.3391119705083784
2494.json,mark-belling,pants-fire,1,fixed_split_train_test,1,0.7431719661112067,1,0.6986892545755203
553.json,wesley-clark,false,1,fixed_split_train_test,0,0.4701280422162982,0,0.4174505772718811
574.json,campaign-money-watch,true,0,fixed_split_train_test,0,0.3270999852333259,0,0.39709189816810825
1262.json,glenn-beck,false,1,fixed_split_train_test,0,0.3869099052206665,0,0.4507752494163212
9900.json,mark-harris,mostly-true,0,fixed_split_train_test,0,0.38543986831118393,0,0.37022045717583296
1677.json,karen-sage,true,0,fixed_split_train_test,0,0.37105923545293956,0,0.3532585361680067
575.json,campaign-money-watch,barely-true,1,fixed_split_train_test,0,0.4272418902410534,0,0.4899128985611613
447.json,barack-obama,false,1,fixed_split_train_test,0,0.48877552555914644,0,0.3813782174938838
13049.json,blog-posting,false,1,fixed_split_train_test,0,0.4626956121290584,1,0.67813194449611
12168.json,your-choice-colorado,half-true,0,fixed_split_train_test,1,0.5757932792706272,1,0.6374102583667973
11308.json,hugh-hewitt,half-true,0,fixed_split_train_test,1,0.5054640944381189,0,0.4039242492648247
11212.json,matt-wuerker,mostly-true,0,fixed_split_train_test,0,0.3386588738831184,0,0.22850748803477097
3697.json,jim-renacci,mostly-true,0,fixed_split_train_test,0,0.21974760548568256,0,0.21890985148855827
12770.json,michelle-obama,true,0,fixed_split_train_test,1,0.5139117900873906,0,0.41531476229110054
11955.json,wisconsin-working-families-party,false,1,fixed_split_train_test,1,0.6543819760173353,1,0.665050265287228
13423.json,donald-trump,false,1,fixed_split_train_test,1,0.7439472146677961,1,0.8270014878658097
3087.json,brian-moran,pants-fire,1,fixed_split_train_test,0,0.4795231111317256,0,0.4812736996071704
3046.json,jim-doyle,mostly-true,0,fixed_split_train_test,0,0.42442879247496873,0,0.42667551475547194
12203.json,tom-price,half-true,0,fixed_split_train_test,1,0.6498615605435889,1,0.6609402538496765
12734.json,mike-pence,barely-true,1,fixed_split_train_test,1,0.5651653060707083,1,0.5346529373512287
1515.json,americans-united-change,half-true,0,fixed_split_train_test,1,0.6983113435266841,1,0.6669064145127547
9553.json,ted-cruz,false,1,fixed_split_train_test,1,0.76066021809543,1,0.7754157497362603
8557.json,jan-schakowsky,true,0,fixed_split_train_test,0,0.28655263484732235,0,0.24276386584355897
4194.json,tim-pawlenty,mostly-true,0,fixed_split_train_test,1,0.679721924293644,1,0.6875194585339713
13487.json,james-quintero,barely-true,1,fixed_split_train_test,1,0.5859479086368938,1,0.6428713953795555
11184.json,facebook-posts,false,1,fixed_split_train_test,1,0.5378622174685684,1,0.6586327428134213
12221.json,ted-cruz,mostly-true,0,fixed_split_train_test,0,0.3978835881921477,0,0.39609389901433995
3460.json,john-kasich,half-true,0,fixed_split_train_test,0,0.4146572860452446,0,0.4069322024941567
7529.json,service-employees-international-union-committee-po,false,1,fixed_split_train_test,1,0.6179449812640841,1,0.7423408730912233
10717.json,rick-perry,half-true,0,fixed_split_train_test,0,0.41546352392131863,0,0.43257528413914614
4714.json,barack-obama,false,1,fixed_split_train_test,0,0.3432513075487876,0,0.3229376799776394
4017.json,newt-gingrich,mostly-true,0,fixed_split_train_test,1,0.5749816907948753,1,0.6487530811580005
9256.json,rush-limbaugh,false,1,fixed_split_train_test,0,0.35340958690712543,0,0.4681952646301135
6006.json,william-obrien,false,1,fixed_split_train_test,0,0.49290965642999,1,0.5153934856317681
6197.json,sean-duffy,barely-true,1,fixed_split_train_test,1,0.666379751356992,1,0.6627709729819271
1187.json,paul-hipp,mostly-true,0,fixed_split_train_test,0,0.2609196659217401,0,0.31103390693800254
8104.json,don-lemon,mostly-true,0,fixed_split_train_test,0,0.22846085469131822,0,0.24141361354237684
1556.json,bill-white,true,0,fixed_split_train_test,0,0.32270261757537655,0,0.3639457669881506
7970.json,todd-young,false,1,fixed_split_train_test,1,0.5439317964309661,1,0.6049735290340564
12487.json,joyce-beatty,barely-true,1,fixed_split_train_test,0,0.3068462736665486,0,0.2596674197371606
1310.json,cw-bill-young,false,1,fixed_split_train_test,1,0.6486467182890225,1,0.5709735373761033
6163.json,shawn-lindsay,false,1,fixed_split_train_test,1,0.599041831836645,1,0.5867997965248087
7819.json,alberta-darling,true,0,fixed_split_train_test,1,0.5358831967558567,1,0.6300569472060196
814.json,barack-obama,mostly-true,0,fixed_split_train_test,1,0.544532474415429,1,0.5510545022844617
8486.json,suzanne-somers,true,0,fixed_split_train_test,1,0.6199870712035899,1,0.5887730720092339
12141.json,roy-blunt,barely-true,1,fixed_split_train_test,1,0.5646640085082513,1,0.5721779359893717
3257.json,dan-patrick,true,0,fixed_split_train_test,0,0.4459400261855735,0,0.46756554135527745
3330.json,rick-scott,barely-true,1,fixed_split_train_test,0,0.41740132402160823,0,0.4542382404373892
6436.json,eric-hovde,half-true,0,fixed_split_train_test,1,0.5725384618593203,0,0.4812956827237007
70.json,ron-paul,mostly-true,0,fixed_split_train_test,0,0.30609629655778675,0,0.33061728909779176
10140.json,john-carlevale,false,1,fixed_split_train_test,0,0.47612177756422114,0,0.2871086028700028
1120.json,john-boehner,false,1,fixed_split_train_test,1,0.6621727438593603,1,0.6223853831244621
8595.json,ken-cuccinelli,barely-true,1,fixed_split_train_test,1,0.7042669948072015,1,0.7296956682271201
4885.json,joe-biden,mostly-true,0,fixed_split_train_test,0,0.4904601965741162,0,0.41826382158791864
11917.json,john-mccain,true,0,fixed_split_train_test,1,0.7059772827976148,1,0.741609791715857
10773.json,marco-rubio,half-true,0,fixed_split_train_test,0,0.32799284968494563,0,0.3598783753293552
4718.json,ann-lininger,false,1,fixed_split_train_test,1,0.5300208591169119,0,0.4375187415793783
6616.json,george-lemieux,true,0,fixed_split_train_test,1,0.6157264883409452,1,0.5836777112153583
3284.json,bill-posey,mostly-true,0,fixed_split_train_test,1,0.5600392890584182,1,0.595293909915172
2290.json,barack-obama,barely-true,1,fixed_split_train_test,1,0.6970351913847768,1,0.6188962543964478
10978.json,don-beyer,true,0,fixed_split_train_test,0,0.18119250017923508,0,0.18980999396503298
8764.json,marilinda-garcia,mostly-true,0,fixed_split_train_test,1,0.6248875803492934,1,0.6319033031228943
2203.json,marco-rubio,mostly-true,0,fixed_split_train_test,0,0.3434623818990149,0,0.42734010443164683
7118.json,patricia-morgan,half-true,0,fixed_split_train_test,0,0.4116913590538099,0,0.42124500332075215
7164.json,john-kasich,true,0,fixed_split_train_test,0,0.3657851436613062,0,0.4100764508477175
4208.json,allen-west,false,1,fixed_split_train_test,0,0.28686545438776445,0,0.48132466555586395
714.json,sarah-palin,mostly-true,0,fixed_split_train_test,1,0.7269657106762766,1,0.5802162491652937
13437.json,maggie-hassan,barely-true,1,fixed_split_train_test,0,0.49064586458779413,1,0.5209680418569981
6401.json,american-bridge-21st-century,mostly-true,0,fixed_split_train_test,1,0.6097154215581989,1,0.5789462909079263
5251.json,blog-posting,mostly-true,0,fixed_split_train_test,0,0.3224159970454515,1,0.5253037150985543
378.json,hillary-clinton,half-true,0,fixed_split_train_test,0,0.4769460150470104,0,0.45524607076880624
5095.json,rick-perry,pants-fire,1,fixed_split_train_test,1,0.8748936130223649,1,0.8275028773215749
11000.json,jim-steineke,false,1,fixed_split_train_test,0,0.47014817632123174,1,0.5390976298979454
3741.json,sherrod-brown,barely-true,1,fixed_split_train_test,0,0.18928818810461764,0,0.1322622179195476
8979.json,mark-pryor,barely-true,1,fixed_split_train_test,1,0.5411024612279172,1,0.6523652968614702
3803.json,todd-staples,mostly-true,0,fixed_split_train_test,0,0.4519624587115485,1,0.5118419178644393
12087.json,hillary-clinton,barely-true,1,fixed_split_train_test,0,0.43016071598521055,0,0.3615150224616754
1712.json,tom-grady,false,1,fixed_split_train_test,1,0.5921520397226029,1,0.7073133668834057
1093.json,sarah-palin,false,1,fixed_split_train_test,0,0.3725852266558888,0,0.44758359036585565
3027.json,gerry-connolly,half-true,0,fixed_split_train_test,1,0.5217541632579022,0,0.43824558337262426
4977.json,marish-agana,barely-true,1,fixed_split_train_test,0,0.44100821169608656,0,0.4359239488056162
4689.json,jeb-hensarling,false,1,fixed_split_train_test,0,0.35409075753851976,0,0.41176566646568297
9227.json,charlie-crist,barely-true,1,fixed_split_train_test,1,0.5670062049391924,0,0.4485868262510105
12927.json,joaquin-castro,mostly-true,0,fixed_split_train_test,1,0.672634096368067,1,0.6561009389351883
3997.json,martin-omalley,half-true,0,fixed_split_train_test,0,0.439134374850067,0,0.43646242031325794
13000.json,bruce-rauner,barely-true,1,fixed_split_train_test,0,0.334513415863818,0,0.22832082477628174
11704.json,greg-abbott,barely-true,1,fixed_split_train_test,1,0.652258909339779,1,0.6291637877319928
11654.json,kevin-russell,mostly-true,0,fixed_split_train_test,0,0.3094793402985217,0,0.47020453387589445
340.json,john-mccain,true,0,fixed_split_train_test,0,0.3351949390416338,0,0.3595043693889087
6485.json,barack-obama,half-true,0,fixed_split_train_test,1,0.5170739379120664,0,0.4965380101741894
9231.json,chain-email,false,1,fixed_split_train_test,0,0.2483138613397216,0,0.4023768889427486
10416.json,barack-obama,mostly-true,0,fixed_split_train_test,1,0.5623476851494627,1,0.5533720467403029
12924.json,gary-johnson,true,0,fixed_split_train_test,1,0.5300354256108533,0,0.458820041863683
6816.json,american-future-fund,barely-true,1,fixed_split_train_test,1,0.53946856805,1,0.5629326492083471
13172.json,chris-koster,half-true,0,fixed_split_train_test,1,0.5299078076796677,1,0.5973423532159605
13484.json,blog-posting,pants-fire,1,fixed_split_train_test,0,0.4701828336037058,1,0.6906897660202058
10869.json,family-foundation,true,0,fixed_split_train_test,0,0.3654898085908767,0,0.317815560546084
9823.json,senate-majority-pac,false,1,fixed_split_train_test,0,0.48464215340964,0,0.48123412176481445
3738.json,newt-gingrich,false,1,fixed_split_train_test,0,0.3715437027597094,0,0.4256920195822455
8552.json,ellen-qualls,half-true,0,fixed_split_train_test,1,0.8010676568661793,1,0.7922867031699725
3044.json,allen-west,false,1,fixed_split_train_test,1,0.7595055198183706,1,0.8661682873125994
6121.json,chris-christie,barely-true,1,fixed_split_train_test,1,0.5174387405202251,0,0.4542589019071784
11261.json,scott-walker,mostly-true,0,fixed_split_train_test,0,0.46416077972221015,0,0.4728809777765449
12392.json,alan-grayson,barely-true,1,fixed_split_train_test,0,0.3316300102297792,0,0.4077427094116076
4522.json,josh-mandel,barely-true,1,fixed_split_train_test,1,0.7023435419264251,1,0.687434577862029
8285.json,bill-foster,barely-true,1,fixed_split_train_test,0,0.40876221688933845,0,0.1853979940274751
12244.json,hillary-clinton,true,0,fixed_split_train_test,1,0.5312070168883443,1,0.5200491405526565
7667.json,national-rifle-association,barely-true,1,fixed_split_train_test,0,0.4890453119477795,1,0.5506901216010536
101.json,democratic-national-committee,barely-true,1,fixed_split_train_test,1,0.7354398339980118,1,0.6827190682186681
2775.json,eric-cantor,true,0,fixed_split_train_test,0,0.38167595251232334,0,0.42018482964388965
1909.json,barack-obama,half-true,0,fixed_split_train_test,1,0.5143289729767588,1,0.5076631463301664
13203.json,naral-pro-choice,false,1,fixed_split_train_test,1,0.55385689234962,1,0.5559894756868824
8303.json,barbara-buono,half-true,0,fixed_split_train_test,0,0.29266324555459683,0,0.28856684455907433
10466.json,barack-obama,barely-true,1,fixed_split_train_test,1,0.5653715779208349,1,0.5468573151725711
9229.json,bob-cole,half-true,0,fixed_split_train_test,0,0.3857063961009727,0,0.4475535951556889
8498.json,gina-raimondo,mostly-true,0,fixed_split_train_test,0,0.241444680236725,0,0.2567528046996978
11887.json,j-jacobs,true,0,fixed_split_train_test,1,0.5976608045489699,1,0.56282597059047
11895.json,tom-wolf,barely-true,1,fixed_split_train_test,1,0.5639219904540513,1,0.6626258895110471
1385.json,farouk-shami,half-true,0,fixed_split_train_test,1,0.5174790153928349,0,0.35632739883484316
6097.json,stephen-simpson,mostly-true,0,fixed_split_train_test,1,0.6559264946472666,1,0.715950365509904
1652.json,barack-obama,half-true,0,fixed_split_train_test,1,0.6391627562307309,1,0.5674462114234176
1950.json,vernon-jones,pants-fire,1,fixed_split_train_test,1,0.5428541388721155,1,0.5377418441452454
8685.json,kathleen-sebelius,true,0,fixed_split_train_test,0,0.15338008812571718,0,0.19558291278406179
9200.json,louie-gohmert,false,1,fixed_split_train_test,0,0.3435558440642009,0,0.3638031596648501
2374.json,jim-sensenbrenner,false,1,fixed_split_train_test,1,0.5379004476731678,1,0.6254554374326692
2533.json,republican-party-florida,half-true,0,fixed_split_train_test,0,0.3778934399579902,0,0.40497153566016875
5416.json,alan-bates,true,0,fixed_split_train_test,0,0.43202082536535524,0,0.35718880830494054
2557.json,allen-boyd,false,1,fixed_split_train_test,1,0.643267077743446,1,0.6308565201297456
5087.json,mitt-romney,false,1,fixed_split_train_test,1,0.5151656293089053,1,0.5079548261808363
8960.json,mark-obenshain,mostly-true,0,fixed_split_train_test,0,0.29792904041809387,0,0.2581633025724161
3362.json,phyllis-schlafly,false,1,fixed_split_train_test,1,0.5818125183367137,0,0.44844074991135174
9844.json,david-dewhurst,false,1,fixed_split_train_test,0,0.3350949144098673,0,0.3911735865533966
9292.json,charlie-crist,half-true,0,fixed_split_train_test,0,0.29535926728898443,0,0.24818171641692516
6119.json,jim-demint,barely-true,1,fixed_split_train_test,1,0.8091081473138261,1,0.7622269658331421
12371.json,ed-gillespie,true,0,fixed_split_train_test,0,0.16615146450196963,0,0.1790752382438146
7665.json,gabrielle-giffords,true,0,fixed_split_train_test,0,0.41205311632244357,0,0.32216311160735167
8576.json,city-austin,true,0,fixed_split_train_test,0,0.3677540250247864,0,0.4604658282416756
6637.json,jack-markell,false,1,fixed_split_train_test,0,0.33041779276632344,0,0.4340531317580469
9096.json,john-mccallum,mostly-true,0,fixed_split_train_test,0,0.47674725151591507,0,0.4345235177291394
7698.json,randy-forbes,true,0,fixed_split_train_test,0,0.3481547057624481,0,0.49260423309547996
10547.json,associated-press,true,0,fixed_split_train_test,0,0.25669776102416686,0,0.3282588744565722
187.json,hillary-clinton,half-true,0,fixed_split_train_test,0,0.2635137368811518,0,0.23096102006085178
2470.json,allen-west,pants-fire,1,fixed_split_train_test,0,0.4240054343188201,1,0.5126043949345477
6045.json,chain-email,pants-fire,1,fixed_split_train_test,1,0.7656367540784305,1,0.8512048970061588
339.json,hillary-clinton,true,0,fixed_split_train_test,0,0.4989545556493375,0,0.4182615319138445
11004.json,hillary-clinton,true,0,fixed_split_train_test,0,0.4343336953153224,0,0.4114696300108617
11337.json,martin-omalley,mostly-true,0,fixed_split_train_test,1,0.7697757709238713,1,0.7206640416758106
4250.json,alberta-darling,pants-fire,1,fixed_split_train_test,1,0.6261088667769822,1,0.7509287100555782
631.json,jerome-corsi,pants-fire,1,fixed_split_train_test,1,0.511094138451481,1,0.5595681927154249
9351.json,charles-van-zant,pants-fire,1,fixed_split_train_test,1,0.5999209054017277,1,0.6229984080477159
5746.json,clarence-thomas,true,0,fixed_split_train_test,0,0.3240713864001419,0,0.4361786813228164
4136.json,kris-jordan,half-true,0,fixed_split_train_test,0,0.2220403235784064,0,0.25934114536094943
1681.json,paul-ryan,barely-true,1,fixed_split_train_test,0,0.22859686746073857,0,0.2823864921279413
5074.json,john-kasich,mostly-true,0,fixed_split_train_test,0,0.2099249733152195,0,0.2207535902813118
4195.json,rick-santorum,barely-true,1,fixed_split_train_test,0,0.35675590595007384,0,0.3823447115063226
3931.json,adam-hasner,barely-true,1,fixed_split_train_test,1,0.6086016358344603,1,0.5288085728777298
4883.json,matt-mackowiak,true,0,fixed_split_train_test,1,0.5802980782699039,1,0.5773181320629953
6795.json,bill-clinton,barely-true,1,fixed_split_train_test,1,0.6237713580066081,1,0.5540693906499026
9818.json,michelle-nunn,barely-true,1,fixed_split_train_test,1,0.7375286052253706,1,0.6074020890849766
8573.json,tom-cotton,half-true,0,fixed_split_train_test,1,0.7937774804598526,1,0.8477885403374081
13184.json,mike-pence,mostly-true,0,fixed_split_train_test,0,0.3193554448933825,0,0.3174918705356349
11559.json,rand-paul,mostly-true,0,fixed_split_train_test,1,0.5999127448493246,1,0.5635930789592348
9241.json,don-balfour,true,0,fixed_split_train_test,0,0.44206824027166214,1,0.5425118927339633
8902.json,hugh-fitzsimons,mostly-true,0,fixed_split_train_test,1,0.6390261299530234,1,0.7911084084279094
12511.json,donald-trump,false,1,fixed_split_train_test,1,0.6094523926538477,1,0.6112419368289363
7285.json,barbara-buono,pants-fire,1,fixed_split_train_test,1,0.562313393004278,1,0.5012866646968869
1005.json,chain-email,pants-fire,1,fixed_split_train_test,1,0.6509608135233547,1,0.7791228999044766
609.json,barack-obama,half-true,0,fixed_split_train_test,1,0.6560598222751157,1,0.6842403090211775
9436.json,hillary-clinton,barely-true,1,fixed_split_train_test,0,0.4054606175296005,0,0.3734626741038771
5671.json,rick-santorum,false,1,fixed_split_train_test,1,0.5017787721336593,1,0.5622767466412053
6699.json,menendez-facts,pants-fire,1,fixed_split_train_test,1,0.5077841557742632,0,0.3407835429800543
7334.json,rick-scott,half-true,0,fixed_split_train_test,0,0.21637977817771145,0,0.27668073695956197
9788.json,jay-nixon,barely-true,1,fixed_split_train_test,1,0.5599979304810929,0,0.47168070151591457
10710.json,mackubin-thomas-owens,barely-true,1,fixed_split_train_test,1,0.6777498630259526,1,0.6333343692522307
3186.json,john-kasich,barely-true,1,fixed_split_train_test,1,0.5452941108660934,1,0.5415758065184443
6743.json,john-burzichelli,false,1,fixed_split_train_test,1,0.5713396518942591,1,0.581953663205732
