id,speaker,label,is_low_truth,setting,text_only_pred,text_only_score,text_plus_graph_pred,text_plus_graph_score
10540.json,scott-surovell,half-true,0,speaker_disjoint_split,1,0.529067829435209,1,0.5315857902743366
1123.json,blog-posting,false,1,speaker_disjoint_split,1,0.7583544083917603,1,0.8730904358385947
9028.json,charlie-crist,half-true,0,speaker_disjoint_split,1,0.5597001675739921,0,0.4962333686343206
7115.json,robert-menendez,mostly-true,0,speaker_disjoint_split,0,0.33913204104331035,0,0.23484939672644695
4148.json,bernie-s,half-true,0,speaker_disjoint_split,0,0.22170220815337435,0,0.24212912729331598
10683.json,bernie-s,half-true,0,speaker_disjoint_split,0,0.2786475690087312,0,0.21976146678096792
3863.json,national-republican-congressional-committee,barely-true,1,speaker_disjoint_split,0,0.4849707052529914,0,0.4691114825461872
10173.json,dennis-richardson,false,1,speaker_disjoint_split,0,0.3522519807038116,0,0.3824334721342038
11092.json,pamela-geller,false,1,speaker_disjoint_split,0,0.4436739367867732,1,0.6339687481818292
12163.json,peter-kinder,mostly-true,0,speaker_disjoint_split,0,0.4731993600446289,0,0.4388249468190669
1038.json,north-korea,true,0,speaker_disjoint_split,0,0.3542977117841779,0,0.372120482545073
5210.json,national-republican-congressional-committee,pants-fire,1,speaker_disjoint_split,1,0.6149503441095788,1,0.6377326246219992
11418.json,bernie-s,half-true,0,speaker_disjoint_split,0,0.44530696884450477,0,0.4432798010638517
13503.json,blog-posting,true,0,speaker_disjoint_split,1,0.570006501762874,1,0.7203878570319209
8187.json,ken-cuccinelli,false,1,speaker_disjoint_split,1,0.6248333488702527,1,0.6562697414017876
12981.json,donald-trump,barely-true,1,speaker_disjoint_split,1,0.532236973072309,1,0.5877056422471141
812.json,john-mccain,false,1,speaker_disjoint_split,1,0.5411764155953959,0,0.45316842692495557
12056.json,donald-trump,false,1,speaker_disjoint_split,1,0.5318312454583951,1,0.5347973918610867
1738.json,alfredo-gutierrez,mostly-true,0,speaker_disjoint_split,1,0.5983492221880553,1,0.678250841322887
3005.json,texas-veterans-commission,barely-true,1,speaker_disjoint_split,1,0.5590037217918876,1,0.5901806994970797
9165.json,republican-party-florida,false,1,speaker_disjoint_split,1,0.5768266975416622,1,0.5647020008249533
10053.json,jeanne-shaheen,true,0,speaker_disjoint_split,1,0.6842101136097154,1,0.6879808742711814
9613.json,susan-happ,half-true,0,speaker_disjoint_split,1,0.5838556320172197,0,0.4991741739288132
8755.json,karl-rove,false,1,speaker_disjoint_split,0,0.49646881748180144,1,0.5330882229473808
767.json,joe-biden,barely-true,1,speaker_disjoint_split,1,0.591195006715746,1,0.5426152174834441
10263.json,jim-skaggs,false,1,speaker_disjoint_split,1,0.528603896224779,0,0.43288468971061367
1969.json,john-mccain,false,1,speaker_disjoint_split,0,0.45522819774586054,0,0.45561948876363145
2020.json,ralph-hudgens,mostly-true,0,speaker_disjoint_split,1,0.5844987254774525,1,0.6241115765495345
7258.json,mark-shields,true,0,speaker_disjoint_split,0,0.3224479903185573,0,0.3157046984215961
13142.json,donald-trump,false,1,speaker_disjoint_split,1,0.6054203518579374,1,0.6660174311521012
7467.json,scott-walker,mostly-true,0,speaker_disjoint_split,1,0.5533499594387342,1,0.546455818227097
9492.json,donna-brazile,half-true,0,speaker_disjoint_split,1,0.5698578944378885,1,0.5414998394323202
4357.json,blog-posting,pants-fire,1,speaker_disjoint_split,0,0.4592804080060937,1,0.6391247607808577
162.json,joe-biden,pants-fire,1,speaker_disjoint_split,0,0.45756752626771563,0,0.4164136565543438
8164.json,kathleen-sebelius,mostly-true,0,speaker_disjoint_split,0,0.4026994175281854,0,0.44028507348343787
9500.json,republican-party-florida,mostly-true,0,speaker_disjoint_split,0,0.3901077097437031,0,0.36045535787928185
7555.json,blog-posting,false,1,speaker_disjoint_split,1,0.6180748081127476,1,0.7303814969290491
325.json,john-mccain,mostly-true,0,speaker_disjoint_split,0,0.38744725013038234,0,0.28870929352593466
8985.json,david-jolly,true,0,speaker_disjoint_split,1,0.7724102416944157,1,0.8348857186097514
2932.json,oregon-right-life-pac,true,0,speaker_disjoint_split,1,0.6155948220728161,1,0.6935966765924263
7324.json,rush-limbaugh,barely-true,1,speaker_disjoint_split,0,0.4856229567574715,1,0.5519421888222054
2257.json,john-robitaille,false,1,speaker_disjoint_split,1,0.5437633206395015,1,0.5933982936457874
3782.json,louie-gohmert,false,1,speaker_disjoint_split,1,0.6565320694428514,1,0.5996592959449655
11536.json,donald-trump,barely-true,1,speaker_disjoint_split,1,0.5645990942002064,1,0.6375030117921145
5236.json,democratic-congressional-campaign-committee,barely-true,1,speaker_disjoint_split,1,0.6222600623303136,1,0.7000109799308935
2869.json,armond-budish,half-true,0,speaker_disjoint_split,1,0.5845173201275072,1,0.5989511245130351
11582.json,bernie-s,barely-true,1,speaker_disjoint_split,1,0.5819779244430229,1,0.6208599116350637
10887.json,robert-puente,half-true,0,speaker_disjoint_split,0,0.4423953863771711,0,0.3755822460525542
4504.json,ron-paul,barely-true,1,speaker_disjoint_split,1,0.5388828560257805,1,0.551123066993021
9561.json,blog-posting,false,1,speaker_disjoint_split,0,0.45491510631617,1,0.6636511625345348
12683.json,gary-johnson,mostly-true,0,speaker_disjoint_split,0,0.4035042490343674,0,0.34915399681429204
7295.json,stephen-sweeney,half-true,0,speaker_disjoint_split,1,0.5710343564506563,1,0.553722672829774
6969.json,david-cicilline,false,1,speaker_disjoint_split,0,0.16047715094246837,0,0.1157035087068603
11886.json,bernie-s,false,1,speaker_disjoint_split,1,0.5563349255205953,1,0.5420237146764377
11844.json,bernie-s,half-true,0,speaker_disjoint_split,0,0.324732241311711,0,0.33514772293667594
13370.json,john-skvarla,barely-true,1,speaker_disjoint_split,1,0.5755656661101292,1,0.5251786231813671
11636.json,ben-carson,false,1,speaker_disjoint_split,1,0.6140379263701873,1,0.6428760839389468
9837.json,nextgen-climate,half-true,0,speaker_disjoint_split,0,0.46934893613338957,0,0.388807161680005
4267.json,john-kasich,half-true,0,speaker_disjoint_split,1,0.5976383689698171,1,0.5850621588800428
827.json,joe-biden,half-true,0,speaker_disjoint_split,0,0.30207538722894467,0,0.25021877617038757
3806.json,agenda-project,mostly-true,0,speaker_disjoint_split,1,0.5434373371012011,1,0.5590591997591019
9133.json,kesha-rogers,barely-true,1,speaker_disjoint_split,0,0.4717690131159269,0,0.49537083981364977
4327.json,jeff-merkley,mostly-true,0,speaker_disjoint_split,1,0.5543012372899317,0,0.4651773745117979
13026.json,donald-trump,barely-true,1,speaker_disjoint_split,1,0.6812820628594483,1,0.7005467098294309
240.json,bill-richardson,barely-true,1,speaker_disjoint_split,0,0.29260692438359326,0,0.30090872473381647
7884.json,rush-limbaugh,barely-true,1,speaker_disjoint_split,1,0.5427290853510596,1,0.6125101363393446
8489.json,ken-cuccinelli,false,1,speaker_disjoint_split,1,0.60385451622494,1,0.6037126872028841
12446.json,donald-trump,half-true,0,speaker_disjoint_split,0,0.47585466413075866,1,0.5474569073895506
534.json,john-mccain,half-true,0,speaker_disjoint_split,0,0.4717365665001415,1,0.5421921984084864
5387.json,doug-thomas,half-true,0,speaker_disjoint_split,0,0.46348042083758684,0,0.33317980841002487
10356.json,scott-walker,barely-true,1,speaker_disjoint_split,1,0.5386566900114649,1,0.547519982369203
12497.json,scott-walker,true,0,speaker_disjoint_split,0,0.2812045705718936,0,0.3422661433866879
4893.json,thomas-brown,mostly-true,0,speaker_disjoint_split,0,0.4555528663653691,0,0.37601189280766234
6627.json,julian-castro,mostly-true,0,speaker_disjoint_split,1,0.7169306411601731,1,0.7482607321529339
10580.json,dan-patrick,pants-fire,1,speaker_disjoint_split,0,0.41797122108335777,0,0.3854861095868039
8004.json,rachel-campos-duffy,false,1,speaker_disjoint_split,1,0.5266575884758491,0,0.48755260112775756
256.json,ron-paul,mostly-true,0,speaker_disjoint_split,0,0.3683472090652359,0,0.32909228806427265
2722.json,national-republican-congressional-committee,barely-true,1,speaker_disjoint_split,1,0.5815997922048628,1,0.5099989387908569
1171.json,rush-limbaugh,barely-true,1,speaker_disjoint_split,1,0.6962782192675365,1,0.7531702513130394
8794.json,republican-party-florida,false,1,speaker_disjoint_split,1,0.5932022032950907,1,0.5506731090831142
2060.json,joe-biden,mostly-true,0,speaker_disjoint_split,0,0.3725526810904559,0,0.3252924362572506
7210.json,nathan-deal,half-true,0,speaker_disjoint_split,0,0.43267904745872393,0,0.4501798497199763
12185.json,bill-clinton,mostly-true,0,speaker_disjoint_split,0,0.4385618659001666,0,0.4244744094305085
4332.json,chip-rogers,half-true,0,speaker_disjoint_split,0,0.4778251797175972,0,0.4200936956628849
2925.json,john-kasich,half-true,0,speaker_disjoint_split,0,0.4945002224428186,0,0.4967227352653621
9838.json,bernie-s,mostly-true,0,speaker_disjoint_split,0,0.27272975940010397,0,0.292473993978805
11407.json,ben-carson,pants-fire,1,speaker_disjoint_split,0,0.360687755202564,0,0.43632691380113775
35.json,joe-biden,true,0,speaker_disjoint_split,0,0.4878790986138197,0,0.4470841518654342
10663.json,bernie-s,half-true,0,speaker_disjoint_split,0,0.3295968368109602,0,0.3341340291640761
8147.json,bill-foster,half-true,0,speaker_disjoint_split,1,0.5524641140605971,0,0.3676862040015559
3443.json,organizing-america,half-true,0,speaker_disjoint_split,0,0.36812834501323155,0,0.3927321828484704
11291.json,lloyd-doggett,mostly-true,0,speaker_disjoint_split,1,0.5282862881728434,1,0.5440642125905253
5110.json,rob-cornilles,pants-fire,1,speaker_disjoint_split,1,0.6191746808476207,1,0.6841994318213356
12754.json,donald-trump,barely-true,1,speaker_disjoint_split,0,0.31496678864271543,0,0.3266242014181958
9853.json,larry-elder,false,1,speaker_disjoint_split,0,0.44150937679998586,0,0.45921318631547026
10931.json,dale-kooyenga,half-true,0,speaker_disjoint_split,0,0.2954560268893143,0,0.24788564364751933
6014.json,mary-nolan,true,0,speaker_disjoint_split,0,0.2390040099189899,0,0.19050809272302088
3695.json,joe-gibbons,barely-true,1,speaker_disjoint_split,1,0.6265503781210605,1,0.6152564209362543
5047.json,david-cicilline,half-true,0,speaker_disjoint_split,1,0.5392177802209634,0,0.42008481969986683
8910.json,charlie-crist,half-true,0,speaker_disjoint_split,0,0.4131547959738013,0,0.3874343777380438
12285.json,bob-graham,half-true,0,speaker_disjoint_split,1,0.5931396352460436,1,0.6026583360367439
8677.json,kathleen-vinehout,barely-true,1,speaker_disjoint_split,1,0.7279579168412157,1,0.7025632281615122
9434.json,republican-governors-association,barely-true,1,speaker_disjoint_split,1,0.6688339847202659,1,0.7009419485870542
549.json,ralph-nader,mostly-true,0,speaker_disjoint_split,0,0.35136627794130815,0,0.23033858187323988
4366.json,blog-posting,pants-fire,1,speaker_disjoint_split,0,0.40163052612514843,1,0.5859291261163537
11363.json,donald-trump,pants-fire,1,speaker_disjoint_split,0,0.41092549501764547,0,0.4933612221237602
12499.json,donald-trump,pants-fire,1,speaker_disjoint_split,1,0.6075076484773745,1,0.6098166336465444
12023.json,bernie-s,mostly-true,0,speaker_disjoint_split,0,0.28543659996756343,0,0.26728710384071896
8347.json,bernie-s,false,1,speaker_disjoint_split,1,0.7712437502563965,1,0.7052781586827866
5750.json,joe-biden,half-true,0,speaker_disjoint_split,1,0.525820549714624,0,0.43386913886921485
13159.json,democratic-congressional-campaign-committee,barely-true,1,speaker_disjoint_split,1,0.6181378789257925,1,0.66866840904048
2699.json,michael-steele,false,1,speaker_disjoint_split,1,0.5438642609165989,1,0.5070077381709336
3485.json,dennis-richardson,false,1,speaker_disjoint_split,0,0.34222577735614496,0,0.37223824706344616
11453.json,claire-mccaskill,false,1,speaker_disjoint_split,1,0.5702997598425363,0,0.4764236851907281
5031.json,tim-kaine,half-true,0,speaker_disjoint_split,0,0.2909274504062229,0,0.32736840637619313
7976.json,debbie-wasserman-schultz,half-true,0,speaker_disjoint_split,1,0.5473084455200878,1,0.5230638726931933
11906.json,joanne-kloppenburg,mostly-true,0,speaker_disjoint_split,1,0.5619339023798191,1,0.6216203387844977
9652.json,debbie-wasserman-schultz,barely-true,1,speaker_disjoint_split,1,0.5138127291964988,1,0.5371770562690846
13228.json,donald-trump,pants-fire,1,speaker_disjoint_split,1,0.5360141893252602,1,0.6003070289444126
4373.json,scott-walker,pants-fire,1,speaker_disjoint_split,0,0.4915832849707177,1,0.5015588971772256
8214.json,bookerfail,half-true,0,speaker_disjoint_split,1,0.5726836349672761,1,0.5192612043724703
6462.json,debbie-wasserman-schultz,false,1,speaker_disjoint_split,0,0.3845881395290836,0,0.39304299361475464
5870.json,mike-foley,mostly-true,0,speaker_disjoint_split,1,0.6907634295756866,1,0.6885704430936412
6903.json,rob-zerban,pants-fire,1,speaker_disjoint_split,1,0.6357152365447998,1,0.6627859641191047
6308.json,jackie-cilley,true,0,speaker_disjoint_split,0,0.39222601639800764,0,0.37876229987588883
13145.json,national-republican-congressional-committee,barely-true,1,speaker_disjoint_split,0,0.3675060201011187,0,0.31643626722866247
11617.json,arsalan-iftikhar,false,1,speaker_disjoint_split,0,0.4344207088905458,0,0.4976794391971599
12246.json,john-pagliarini,half-true,0,speaker_disjoint_split,0,0.46634508029631144,0,0.3539499827805139
10286.json,diego-arene-morley,true,0,speaker_disjoint_split,0,0.27790291875438833,0,0.19423528580198743
12813.json,donald-trump,mostly-true,0,speaker_disjoint_split,1,0.5021864828564896,1,0.5091809138353125
10192.json,delia-garza,false,1,speaker_disjoint_split,1,0.5250833479827861,1,0.5594369554969932
2464.json,john-kasich,barely-true,1,speaker_disjoint_split,0,0.49325707179142914,0,0.4325216082256284
4552.json,david-axelrod,mostly-true,0,speaker_disjoint_split,0,0.38723139200226375,0,0.34126960594586053
5897.json,joe-biden,false,1,speaker_disjoint_split,1,0.5559685882529641,1,0.5575564067504744
9831.json,blog-posting,true,0,speaker_disjoint_split,1,0.699559577311516,1,0.8259162774847916
1445.json,charlie-crist,mostly-true,0,speaker_disjoint_split,0,0.4476958346993349,0,0.40068343996464423
4064.json,scott-walker,false,1,speaker_disjoint_split,1,0.5600567426798934,1,0.6158678102046933
12201.json,david-jolly,barely-true,1,speaker_disjoint_split,0,0.4975307962038015,1,0.6597516996477193
4807.json,rob-cornilles,true,0,speaker_disjoint_split,0,0.4412757526307882,1,0.5030501487298582
8333.json,steve-lonegan,true,0,speaker_disjoint_split,0,0.38456884197237895,0,0.3208048322960016
9199.json,anissa-naouai,half-true,0,speaker_disjoint_split,0,0.268276199136988,0,0.22995884477705664
13262.json,donald-trump,barely-true,1,speaker_disjoint_split,1,0.5984789506415952,1,0.6422174786143553
1603.json,karl-rove,mostly-true,0,speaker_disjoint_split,0,0.4699739631570058,0,0.46780934751023745
5702.json,nathan-deal,mostly-true,0,speaker_disjoint_split,0,0.3553124378032614,0,0.2785573578973012
3795.json,angel-taveras,false,1,speaker_disjoint_split,0,0.39589999442385926,0,0.2829630577662201
10828.json,david-cicilline,true,0,speaker_disjoint_split,0,0.403132916767954,0,0.418513955930427
6116.json,terry-lawler,barely-true,1,speaker_disjoint_split,1,0.7292203128307895,1,0.7247943329080735
1283.json,blog-posting,pants-fire,1,speaker_disjoint_split,0,0.49042702594234294,1,0.643868137305271
11915.json,centre-research-globalization,false,1,speaker_disjoint_split,1,0.6450876486811087,1,0.6107714486782186
4340.json,club-growth,false,1,speaker_disjoint_split,0,0.4896852674713334,0,0.4218201041099041
12822.json,joaquin-castro,half-true,0,speaker_disjoint_split,0,0.2703936500623488,0,0.38159717433606954
11501.json,carly-fiorina,false,1,speaker_disjoint_split,0,0.4816071677442809,0,0.4424243342294224
9067.json,kesha-rogers,half-true,0,speaker_disjoint_split,1,0.6945376401477905,1,0.7173949562275546
239.json,ron-paul,true,0,speaker_disjoint_split,0,0.4157008895805754,0,0.4269182377590562
9247.json,neera-tanden,mostly-true,0,speaker_disjoint_split,0,0.21933645561456266,0,0.17732754442499632
9873.json,chuck-todd,true,0,speaker_disjoint_split,0,0.2412976566774423,0,0.23504631259264322
11713.json,bernie-s,barely-true,1,speaker_disjoint_split,1,0.65167114479153,1,0.5820901675990021
1919.json,debbie-wasserman-schultz,half-true,0,speaker_disjoint_split,0,0.4795026993104149,1,0.5074022614927174
1294.json,keith-olbermann,mostly-true,0,speaker_disjoint_split,0,0.38360403582695596,0,0.44804369616204004
7278.json,jennette-gayer,mostly-true,0,speaker_disjoint_split,0,0.39145412438980376,0,0.4971592237265402
13382.json,donald-trump,false,1,speaker_disjoint_split,1,0.5895734169507112,1,0.6781506939487326
13464.json,donald-trump,false,1,speaker_disjoint_split,1,0.6126548731857754,1,0.5721357144476321
13218.json,rush-limbaugh,pants-fire,1,speaker_disjoint_split,1,0.550081446151625,1,0.666161668082275
7142.json,dan-micciche,mostly-true,0,speaker_disjoint_split,0,0.26378677395618033,0,0.2534426396925746
6016.json,joe-biden,mostly-true,0,speaker_disjoint_split,0,0.42000557046083065,0,0.40174233850928825
11995.json,donald-trump,false,1,speaker_disjoint_split,0,0.4996297680330166,1,0.6333744961423302
1630.json,tom-coburn,mostly-true,0,speaker_disjoint_split,1,0.7773914118360982,1,0.8035207537584538
12938.json,donald-trump,mostly-true,0,speaker_disjoint_split,0,0.4969029581676905,1,0.5577670860660137
5716.json,robert-menendez,true,0,speaker_disjoint_split,0,0.26298490949100006,0,0.2564391044409955
11079.json,blog-posting,pants-fire,1,speaker_disjoint_split,1,0.5877015981894572,1,0.7292505038486281
13039.json,donald-trump,false,1,speaker_disjoint_split,0,0.4673494943621728,0,0.474569051507164
1149.json,bernie-s,false,1,speaker_disjoint_split,1,0.5144005048323412,1,0.5585214468319767
8473.json,joe-barton,false,1,speaker_disjoint_split,1,0.6059625007766963,1,0.5944792767636582
3749.json,david-cicilline,barely-true,1,speaker_disjoint_split,0,0.40126285760374847,0,0.2665453648211837
5734.json,bettylou-decroce,half-true,0,speaker_disjoint_split,1,0.5701474399887215,1,0.5191004535954253
12922.json,pat-mccrory,barely-true,1,speaker_disjoint_split,1,0.6704983097399791,1,0.6034404289781772
1506.json,charlie-crist,true,0,speaker_disjoint_split,0,0.4705636101969464,0,0.36449292718065845
2828.json,marvin-pratt,false,1,speaker_disjoint_split,0,0.47316748935060715,0,0.36466925078703966
5145.json,rob-cornilles,barely-true,1,speaker_disjoint_split,0,0.409570763346432,0,0.49178694772001075
11283.json,reader-email,mostly-true,0,speaker_disjoint_split,0,0.36067465670944115,0,0.22582181901291276
10185.json,sean-spicer,true,0,speaker_disjoint_split,0,0.2614818475291183,0,0.24122088621081533
12267.json,lee-camp,half-true,0,speaker_disjoint_split,1,0.5364191343258577,1,0.6283366717139355
10579.json,scott-walker,mostly-true,0,speaker_disjoint_split,0,0.23190500012336354,0,0.2401409692044431
12307.json,bernie-s,mostly-true,0,speaker_disjoint_split,0,0.38186000677848825,0,0.3876307162047324
6344.json,lou-ann-zelenik,false,1,speaker_disjoint_split,1,0.8475111868349912,1,0.8089118609508925
8021.json,karl-rove,mostly-true,0,speaker_disjoint_split,0,0.21677904548928337,0,0.20318295808560463
11314.json,carly-fiorina,true,0,speaker_disjoint_split,0,0.4368405457110291,0,0.3517673348319457
2851.json,joe-barton,barely-true,1,speaker_disjoint_split,0,0.46505631692315874,0,0.4260531492713012
12570.json,donald-trump,pants-fire,1,speaker_disjoint_split,1,0.5679316893685877,1,0.6107072230310928
828.json,john-mccain,false,1,speaker_disjoint_split,1,0.6617617184343365,1,0.672212069072408
1861.json,carly-fiorina,pants-fire,1,speaker_disjoint_split,1,0.5532923371915411,0,0.4673514509689852
5337.json,nickie-antonio,barely-true,1,speaker_disjoint_split,0,0.4475344114995244,0,0.42097210526422624
3023.json,john-kasich,false,1,speaker_disjoint_split,0,0.2455107683486544,0,0.2576310078958693
11577.json,bernie-s,true,0,speaker_disjoint_split,0,0.421426651921511,0,0.3952831302984421
12844.json,donald-trump,mostly-true,0,speaker_disjoint_split,0,0.34292107125503546,0,0.3648242764539846
11576.json,bernie-s,half-true,0,speaker_disjoint_split,1,0.6340663014648681,1,0.6570332737864215
2827.json,republican-state-senators,pants-fire,1,speaker_disjoint_split,1,0.5606037450325013,1,0.578829151646445
10609.json,scott-walker,false,1,speaker_disjoint_split,1,0.5924097114135785,1,0.6177871888289346
4166.json,debbie-wasserman-schultz,true,0,speaker_disjoint_split,1,0.6431991357106994,1,0.5531140706847095
1186.json,blog-posting,pants-fire,1,speaker_disjoint_split,1,0.5765188589725705,1,0.8129750801046927
12784.json,bill-clinton,half-true,0,speaker_disjoint_split,0,0.34749908709693816,0,0.3545249090313262
97.json,bill-richardson,mostly-true,0,speaker_disjoint_split,0,0.4446564187957663,0,0.44767776296677125
11788.json,scott-walker,mostly-true,0,speaker_disjoint_split,0,0.4151887629691735,0,0.4472666408412711
4828.json,armond-budish,false,1,speaker_disjoint_split,1,0.7136061833592731,1,0.6275894310749041
1868.json,blog-posting,pants-fire,1,speaker_disjoint_split,1,0.6334382819461168,1,0.768622332553034
9121.json,rush-limbaugh,false,1,speaker_disjoint_split,1,0.681572305516572,1,0.727047627872565
8335.json,deadspin,true,0,speaker_disjoint_split,0,0.3657758183834805,0,0.34235492500988085
10612.json,nancy-devaney,false,1,speaker_disjoint_split,1,0.5271792306228666,0,0.43591295628920157
5143.json,rob-cornilles,mostly-true,0,speaker_disjoint_split,1,0.5582176895191953,1,0.6702564622179795
9922.json,donald-trump,mostly-true,0,speaker_disjoint_split,0,0.2726402316535473,0,0.2349506336536341
2421.json,scott-walker,half-true,0,speaker_disjoint_split,0,0.35649998311960907,0,0.372443187671258
3350.json,glenn-beck,pants-fire,1,speaker_disjoint_split,1,0.5535437879464664,1,0.560547117950371
10116.json,scott-walker,barely-true,1,speaker_disjoint_split,1,0.5241672845039221,1,0.5153764363065713
786.json,john-mccain,false,1,speaker_disjoint_split,1,0.6560473365719942,1,0.7170254370417047
10725.json,addicting-information,false,1,speaker_disjoint_split,0,0.36871895003851296,0,0.3671210301876071
9713.json,charlotte-nash,half-true,0,speaker_disjoint_split,1,0.5409868768934201,0,0.4645970070325326
9318.json,miami-seaport-alliance,false,1,speaker_disjoint_split,0,0.45251134214730543,0,0.44481912357846864
4395.json,state-democratic-party-wisconsin,pants-fire,1,speaker_disjoint_split,0,0.4979236520063894,1,0.5812425247938859
4532.json,mary-nolan,half-true,0,speaker_disjoint_split,1,0.5038628335721438,0,0.4125958705447709
4909.json,tim-kaine,true,0,speaker_disjoint_split,0,0.2221041071859822,0,0.22567041290108203
13081.json,donald-trump,false,1,speaker_disjoint_split,1,0.5463704468017054,1,0.5931287602150446
7290.json,coalition-stop-gun-violence,pants-fire,1,speaker_disjoint_split,1,0.5096574467866825,1,0.5433203112441188
1163.json,republican-party-florida,pants-fire,1,speaker_disjoint_split,1,0.625833257980795,1,0.5766800998803566
3155.json,scott-walker,false,1,speaker_disjoint_split,1,0.5556221334552609,1,0.5302755248909747
8882.json,charlie-crist,half-true,0,speaker_disjoint_split,1,0.6810509868430337,1,0.6305358914967634
12689.json,donald-trump,false,1,speaker_disjoint_split,1,0.5607876946060232,1,0.5622069555079471
834.json,john-mccain,true,0,speaker_disjoint_split,0,0.4126849730500092,0,0.45371665455440974
7307.json,nathan-deal,mostly-true,0,speaker_disjoint_split,0,0.24426433150169602,0,0.24604411541951163
5651.json,marsha-blackburn,false,1,speaker_disjoint_split,1,0.6380949539749574,1,0.5942198221777402
10709.json,scott-walker,half-true,0,speaker_disjoint_split,1,0.6964756276426288,1,0.6505069888689862
10008.json,republican-governors-association,false,1,speaker_disjoint_split,1,0.5177154320513015,1,0.5141439822219706
11423.json,bernie-s,barely-true,1,speaker_disjoint_split,1,0.5514813395717371,1,0.5070111924999051
8578.json,debbie-wasserman-schultz,half-true,0,speaker_disjoint_split,1,0.6614280862398546,1,0.6839123142807315
12750.json,donald-trump,half-true,0,speaker_disjoint_split,0,0.4868980298853862,1,0.5212587315390744
2884.json,oregon-healthy-kids,mostly-true,0,speaker_disjoint_split,1,0.5632950900088047,1,0.5101931663932628
2373.json,david-porter,half-true,0,speaker_disjoint_split,0,0.3409997102858649,0,0.32271118661738624
4810.json,dekalb-county,mostly-true,0,speaker_disjoint_split,1,0.6642416750900023,1,0.6600248157605316
3760.json,steve-oelrich,true,0,speaker_disjoint_split,1,0.5066008411583045,1,0.5695974726916202
630.json,john-mccain,true,0,speaker_disjoint_split,1,0.5836078722915485,1,0.5784494740126982
2587.json,national-republican-congressional-committee,pants-fire,1,speaker_disjoint_split,1,0.586949359875436,1,0.5851656473679092
8988.json,americans-prosperity-georgia-chapter,mostly-true,0,speaker_disjoint_split,0,0.3714375858283879,0,0.29568172461711334
5816.json,national-republican-congressional-committee,barely-true,1,speaker_disjoint_split,0,0.3378641974925373,0,0.36849902988008465
8872.json,mr-conservative,false,1,speaker_disjoint_split,1,0.6793880415987673,1,0.6623063757255898
9415.json,scott-walker,mostly-true,0,speaker_disjoint_split,0,0.346999572684348,0,0.40755339063130325
8991.json,david-ignatius,true,0,speaker_disjoint_split,0,0.4652815353808636,1,0.509616722352464
13217.json,donald-trump,false,1,speaker_disjoint_split,0,0.4419954891721243,0,0.4588634132799461
5013.json,restore-our-future,mostly-true,0,speaker_disjoint_split,1,0.5111025563776855,1,0.5456778433619606
5114.json,scott-walker,false,1,speaker_disjoint_split,1,0.5659929384915474,1,0.5951019615304425
2609.json,nathan-deal,half-true,0,speaker_disjoint_split,0,0.46895555895269275,0,0.43286444719178047
8536.json,scott-walker,mostly-true,0,speaker_disjoint_split,1,0.5031459031567931,1,0.5268475568481582
6085.json,julian-castro,half-true,0,speaker_disjoint_split,0,0.48610493332101823,0,0.46030080143437574
3540.json,tim-kaine,true,0,speaker_disjoint_split,0,0.4510450629670544,0,0.40352690196139757
1194.json,keith-olbermann,half-true,0,speaker_disjoint_split,1,0.5230602893837851,1,0.5830101837528135
5704.json,republican-governors-association,half-true,0,speaker_disjoint_split,1,0.6658585657629932,1,0.5850030114481113
6820.json,ann-coulter,true,0,speaker_disjoint_split,1,0.5239192965875444,1,0.5507881819380853
1859.json,nathan-deal,barely-true,1,speaker_disjoint_split,0,0.4409503960584242,0,0.3027366138190684
13131.json,donald-trump,false,1,speaker_disjoint_split,0,0.451980354772331,1,0.5407263334690224
8384.json,ken-cuccinelli,false,1,speaker_disjoint_split,1,0.5810049617131974,1,0.6075933369588283
13511.json,heather-mcghee,half-true,0,speaker_disjoint_split,0,0.3494655226898367,0,0.30451681041678386
13103.json,donald-trump,false,1,speaker_disjoint_split,1,0.6502689725324258,1,0.6732101486085924
8823.json,mark-schlereth,mostly-true,0,speaker_disjoint_split,0,0.3493031911374839,0,0.3198453840026622
735.json,john-mccain,barely-true,1,speaker_disjoint_split,1,0.5847411933981531,1,0.5671723777372062
9090.json,kathleen-sebelius,mostly-true,0,speaker_disjoint_split,0,0.4754654642726774,1,0.5263798084339117
4249.json,club-growth,barely-true,1,speaker_disjoint_split,1,0.6020354604745577,1,0.5049016476973317
12771.json,bernie-s,mostly-true,0,speaker_disjoint_split,0,0.2751465603457834,0,0.26531881155570364
12029.json,donald-trump,half-true,0,speaker_disjoint_split,0,0.45008221124550396,1,0.5144696807614624
7273.json,keith-faber,true,0,speaker_disjoint_split,0,0.43765345041791115,1,0.5280012091728512
11328.json,bernie-s,mostly-true,0,speaker_disjoint_split,0,0.2804571174130474,0,0.2863995596307778
7579.json,ed-fallone,half-true,0,speaker_disjoint_split,1,0.5265895439894429,1,0.5511416871646605
9659.json,dan-patrick,false,1,speaker_disjoint_split,0,0.3500498786557607,0,0.4491348635859851
7844.json,harry-alford,pants-fire,1,speaker_disjoint_split,1,0.6003759484844539,1,0.7151772438011704
349.json,bill-clinton,false,1,speaker_disjoint_split,1,0.6115109534794388,1,0.5370482957829554
12041.json,bernie-s,mostly-true,0,speaker_disjoint_split,0,0.485088147537747,0,0.4821863151357232
4521.json,jim-whelan,half-true,0,speaker_disjoint_split,0,0.37438279736997493,0,0.26765490441621764
6170.json,sam-adams,mostly-true,0,speaker_disjoint_split,1,0.5945685950691308,1,0.5029768537584095
2176.json,nathan-deal,mostly-true,0,speaker_disjoint_split,0,0.36133751203799197,0,0.30995898515662845
2116.json,bill-oreilly,false,1,speaker_disjoint_split,0,0.42738666194677155,0,0.39325005200440394
4019.json,new-jersey-democratic-state-committee,false,1,speaker_disjoint_split,1,0.6133810943125412,1,0.5800640153918326
1531.json,charles-rangel,pants-fire,1,speaker_disjoint_split,1,0.568715739306058,1,0.6111206222565556
5365.json,greg-walden,true,0,speaker_disjoint_split,0,0.4781821175214916,0,0.4713668227005646
3768.json,terry-moulton,false,1,speaker_disjoint_split,0,0.466526135693128,0,0.49861777127781826
13126.json,donald-trump,false,1,speaker_disjoint_split,0,0.44875467481290515,0,0.49966988266666673
13299.json,donald-trump,barely-true,1,speaker_disjoint_split,1,0.6547691834029409,1,0.6686944272401308
698.json,john-mccain,false,1,speaker_disjoint_split,1,0.6598951761307306,1,0.6741438370215184
9586.json,jeff-merkley,false,1,speaker_disjoint_split,1,0.5352727816043014,0,0.4479017018686802
4128.json,national-republican-congressional-committee,false,1,speaker_disjoint_split,1,0.698782848622928,1,0.7216481583856462
12276.json,jerry-jones,pants-fire,1,speaker_disjoint_split,1,0.5635134040189371,1,0.5547759004530509
12001.json,donald-trump,false,1,speaker_disjoint_split,0,0.4573994977817773,1,0.5590621654299553
3312.json,scott-walker,false,1,speaker_disjoint_split,1,0.5966652271828435,1,0.5969954806902307
13151.json,blog-posting,pants-fire,1,speaker_disjoint_split,1,0.6218183583609259,1,0.778555652742602
13187.json,tim-kaine,half-true,0,speaker_disjoint_split,0,0.3567506013484581,0,0.3338033192360111
11916.json,john-kasich,mostly-true,0,speaker_disjoint_split,0,0.4085473022347613,0,0.4101179741238423
12464.json,scott-walker,half-true,0,speaker_disjoint_split,1,0.5907979852375537,1,0.6356860304407159
1606.json,charlie-crist,mostly-true,0,speaker_disjoint_split,0,0.31452930393637457,0,0.23797776550099659
12268.json,donald-trump,mostly-true,0,speaker_disjoint_split,1,0.5588006270015844,1,0.5213819890379982
4891.json,alan-simpson,true,0,speaker_disjoint_split,0,0.25703131350962205,0,0.2513489826257586
8793.json,florida-all,barely-true,1,speaker_disjoint_split,1,0.5547636988455917,1,0.541856078302048
5495.json,david-axelrod,false,1,speaker_disjoint_split,0,0.40669817386020124,0,0.2826862774310586
516.json,john-mccain,true,0,speaker_disjoint_split,0,0.4324076176185192,0,0.4109625590647768
11063.json,donald-trump,false,1,speaker_disjoint_split,1,0.6586433161768599,1,0.6398369337488637
113.json,john-mccain,half-true,0,speaker_disjoint_split,0,0.431196859364636,0,0.42532001210013903
11992.json,donald-trump,pants-fire,1,speaker_disjoint_split,1,0.5856268165234241,1,0.6443736169223516
8769.json,chris-murphy,true,0,speaker_disjoint_split,0,0.4858912758565419,1,0.5683403833425547
10370.json,chris-coons,barely-true,1,speaker_disjoint_split,1,0.5544266052073453,0,0.4585427024824364
991.json,gus-bilirakis,barely-true,1,speaker_disjoint_split,1,0.5308779140742497,0,0.462557307713775
507.json,john-mccain,barely-true,1,speaker_disjoint_split,0,0.4982554089222375,1,0.5029046560800343
7747.json,blog-posting,barely-true,1,speaker_disjoint_split,1,0.566636838531425,1,0.7086866337043297
10968.json,bill-clinton,mostly-true,0,speaker_disjoint_split,1,0.5435009486550353,1,0.5337967366574583
12682.json,donald-trump,true,0,speaker_disjoint_split,0,0.35906954242576594,0,0.4300173438244957
10190.json,ben-cardin,barely-true,1,speaker_disjoint_split,0,0.28594224545502955,0,0.31229980255134
13060.json,blog-posting,pants-fire,1,speaker_disjoint_split,1,0.5326753856902029,1,0.7021298719806609
12443.json,vicki-martin,mostly-true,0,speaker_disjoint_split,0,0.34122701748704,0,0.2734767189509268
6210.json,bill-weimer,true,0,speaker_disjoint_split,1,0.6213649365659881,1,0.7590279145301981
3590.json,peter-defazio,false,1,speaker_disjoint_split,1,0.5698382944270967,1,0.7113962172645076
4625.json,fred-karger,pants-fire,1,speaker_disjoint_split,1,0.5397179098595627,1,0.8040466954673346
1932.json,bill-lynch,pants-fire,1,speaker_disjoint_split,0,0.36714129278058166,0,0.4962162983522836
10984.json,scott-walker,half-true,0,speaker_disjoint_split,0,0.41620019278968573,0,0.46498215923860114
13041.json,donald-trump,pants-fire,1,speaker_disjoint_split,1,0.6605094062076515,1,0.653386349751752
9955.json,blog-posting,pants-fire,1,speaker_disjoint_split,1,0.6860196929946246,1,0.845841272509571
3533.json,charles-rangel,half-true,0,speaker_disjoint_split,1,0.6023989270162553,1,0.5927470488201861
4671.json,ron-paul,mostly-true,0,speaker_disjoint_split,0,0.3556610051090679,0,0.3357202065974649
701.json,john-mccain,barely-true,1,speaker_disjoint_split,1,0.580453313933591,1,0.5755568316557192
9894.json,john-mccain,mostly-true,0,speaker_disjoint_split,1,0.5150032519854161,0,0.4837869059300663
2955.json,state-democratic-party-wisconsin,pants-fire,1,speaker_disjoint_split,1,0.5909530058255342,1,0.6445253499515017
8724.json,carol-shea-porter,true,0,speaker_disjoint_split,1,0.567803231273629,1,0.550352984640145
11224.json,se-cupp,true,0,speaker_disjoint_split,0,0.4811577287621676,1,0.5656295674588779
12890.json,donald-trump,barely-true,1,speaker_disjoint_split,1,0.5387636100308575,1,0.5689591292925156
3683.json,saxby-chambliss,false,1,speaker_disjoint_split,1,0.5876159128347884,1,0.6006200361498398
12983.json,tim-kaine,false,1,speaker_disjoint_split,1,0.5617782689307205,1,0.5908004200043269
1302.json,charlie-crist,pants-fire,1,speaker_disjoint_split,1,0.657011980747412,1,0.581532827064923
6676.json,gilberto-hinojosa,false,1,speaker_disjoint_split,1,0.6177552836724819,1,0.5960183700437293
12212.json,bernie-s,half-true,0,speaker_disjoint_split,1,0.5294832612318052,0,0.49525411268453406
4179.json,jessica-king,barely-true,1,speaker_disjoint_split,1,0.5303285766141766,0,0.47940776537909713
12814.json,bill-clinton,half-true,0,speaker_disjoint_split,1,0.5891483437840117,1,0.6161182442559364
3057.json,greg-walden,barely-true,1,speaker_disjoint_split,0,0.4074384369916352,0,0.3310962268327288
3371.json,andy-brown,false,1,speaker_disjoint_split,0,0.4936714445499957,0,0.40355965471736893
8319.json,state-democratic-party-wisconsin,half-true,0,speaker_disjoint_split,1,0.6125363393169122,1,0.6375375535129703
598.json,john-mccain,barely-true,1,speaker_disjoint_split,1,0.5849818385269371,1,0.5663059491233011
8509.json,charlie-crist,true,0,speaker_disjoint_split,1,0.5473782058879507,1,0.5002939746859693
8803.json,scott-walker,mostly-true,0,speaker_disjoint_split,1,0.521050170639028,1,0.5225602630586021
9653.json,angel-taveras,half-true,0,speaker_disjoint_split,0,0.4008020550904773,0,0.32741917482516286
13002.json,donald-trump,mostly-true,0,speaker_disjoint_split,1,0.5714292992450677,1,0.6113598804563357
12126.json,stephen-zappala,half-true,0,speaker_disjoint_split,1,0.5213959983379164,0,0.37545820751852654
8487.json,republican-party-florida,half-true,0,speaker_disjoint_split,0,0.47737297128395256,0,0.4018495779291011
1510.json,republican-governors-association,mostly-true,0,speaker_disjoint_split,0,0.437669503275807,0,0.4844865558948025
5798.json,scott-walker,barely-true,1,speaker_disjoint_split,1,0.6347703923997385,1,0.6377832648310987
546.json,john-mccain,true,0,speaker_disjoint_split,1,0.5587857186357567,1,0.599021448959283
1544.json,charlie-crist,true,0,speaker_disjoint_split,1,0.5364810418677998,0,0.4703784106229267
8045.json,tom-cole,true,0,speaker_disjoint_split,1,0.6219362136756759,1,0.6105473886567171
10508.json,scott-walker,false,1,speaker_disjoint_split,1,0.5165717403745754,1,0.5170601053143693
11550.json,donald-trump,barely-true,1,speaker_disjoint_split,1,0.5483091944422019,1,0.5941650004544933
1686.json,charlie-crist,half-true,0,speaker_disjoint_split,0,0.44458962479084163,0,0.34812755747071616
12216.json,donald-trump,false,1,speaker_disjoint_split,1,0.5575493305858391,1,0.5672985838710786
5028.json,kyleen-wright,barely-true,1,speaker_disjoint_split,1,0.6013607393898027,0,0.46442625726812353
5014.json,national-republican-congressional-committee,true,0,speaker_disjoint_split,1,0.5056858574306969,1,0.5381756251753963
1746.json,charlie-crist,false,1,speaker_disjoint_split,1,0.5355788243143009,0,0.4086494991117423
120.json,joe-biden,true,0,speaker_disjoint_split,0,0.47706833890154293,0,0.4780434417209416
7849.json,national-republican-congressional-committee,mostly-true,0,speaker_disjoint_split,0,0.27516119640096504,0,0.29332338651367174
3567.json,donald-trump,false,1,speaker_disjoint_split,1,0.5369765350346827,1,0.6374152662487033
515.json,john-mccain,half-true,0,speaker_disjoint_split,0,0.31023953089441797,0,0.31936335520824544
7431.json,john-kasich,mostly-true,0,speaker_disjoint_split,1,0.5841784824178585,1,0.6204630811889681
1396.json,david-axelrod,mostly-true,0,speaker_disjoint_split,0,0.31909304475503086,0,0.30175762720541777
6305.json,robert-dimuccio,true,0,speaker_disjoint_split,0,0.31803750136056114,0,0.33971325894995397
831.json,john-mccain,mostly-true,0,speaker_disjoint_split,0,0.4854918607233751,0,0.4654857882662038
8248.json,karl-rove,mostly-true,0,speaker_disjoint_split,0,0.4969364049094426,1,0.5454771938379533
12802.json,tim-kaine,half-true,0,speaker_disjoint_split,0,0.41170657271220307,0,0.39986061751280455
646.json,joe-biden,false,1,speaker_disjoint_split,1,0.6374821051455413,1,0.5239565607459219
2627.json,alexi-giannoulias,barely-true,1,speaker_disjoint_split,1,0.5985505315628742,1,0.6874137139980333
3463.json,glenn-beck,half-true,0,speaker_disjoint_split,1,0.5175989579371327,1,0.5576286578457452
8528.json,charlotte-nash,true,0,speaker_disjoint_split,0,0.4498692839188691,0,0.3952631494259282
9065.json,nathan-deal,true,0,speaker_disjoint_split,0,0.3718599566420863,0,0.30837152403743084
5217.json,robert-hagan,half-true,0,speaker_disjoint_split,1,0.5104896787850672,0,0.4757929972405062
1412.json,rush-limbaugh,pants-fire,1,speaker_disjoint_split,1,0.5860727059759262,1,0.5710022182868603
13384.json,donald-trump,pants-fire,1,speaker_disjoint_split,0,0.4753738045087416,0,0.4982086064640776
617.json,john-mccain,barely-true,1,speaker_disjoint_split,1,0.6441841143190624,1,0.6218754293628043
3723.json,john-kasich,barely-true,1,speaker_disjoint_split,0,0.4734320114409341,0,0.42036979857186735
5937.json,lloyd-doggett,mostly-true,0,speaker_disjoint_split,0,0.40399280159824114,0,0.31234755179231666
13016.json,donald-trump,half-true,0,speaker_disjoint_split,1,0.6217354123742667,1,0.6468269468597553
12920.json,vote-no-2,barely-true,1,speaker_disjoint_split,1,0.5814660625588349,0,0.4661801070611152
6245.json,american-commitment,pants-fire,1,speaker_disjoint_split,1,0.7674473256090814,1,0.7857717607802864
10292.json,allen-peake,true,0,speaker_disjoint_split,0,0.4788067226326094,0,0.4151232327094102
2915.json,vern-buchanan,false,1,speaker_disjoint_split,0,0.37585738107688593,0,0.4645745495403905
11361.json,tom-cole,true,0,speaker_disjoint_split,1,0.6690379279665837,1,0.7236932986554265
8018.json,gilberto-hinojosa,pants-fire,1,speaker_disjoint_split,1,0.5661863632208235,1,0.6480185454350598
8678.json,blog-posting,barely-true,1,speaker_disjoint_split,1,0.5821378149524152,1,0.7326737296251505
10819.json,carly-fiorina,mostly-true,0,speaker_disjoint_split,0,0.46958958310916415,0,0.4381757692068394
9303.json,joaquin-castro,true,0,speaker_disjoint_split,0,0.4712720415382115,1,0.5846815473707668
928.json,fidelis,mostly-true,0,speaker_disjoint_split,1,0.5963610700674709,1,0.574403929870741
11909.json,donald-trump,barely-true,1,speaker_disjoint_split,1,0.5249904911004365,0,0.4972768663058245
11367.json,ben-carson,barely-true,1,speaker_disjoint_split,0,0.4788040068195183,0,0.4626798126730989
4852.json,john-kasich,true,0,speaker_disjoint_split,1,0.5149517685191176,1,0.5319084853641277
8400.json,michael-thurmond,barely-true,1,speaker_disjoint_split,1,0.5532745131320658,0,0.4952136907383109
3961.json,blog-posting,false,1,speaker_disjoint_split,1,0.6619833932508851,1,0.7841911397083594
5428.json,alissa-keny-guyer,true,0,speaker_disjoint_split,0,0.40591066353343214,0,0.4121257621975935
6582.json,david-cicilline,mostly-true,0,speaker_disjoint_split,1,0.5560598950384487,0,0.4834197192424117
3857.json,robert-brown,barely-true,1,speaker_disjoint_split,0,0.4701390355385767,0,0.3652404183710447
9580.json,republican-party-florida,mostly-true,0,speaker_disjoint_split,1,0.6346500267624663,1,0.5828817314954775
742.json,john-mccain,barely-true,1,speaker_disjoint_split,1,0.5000473710628788,0,0.45467483557776045
10201.json,greta-van-susteren,mostly-true,0,speaker_disjoint_split,0,0.3668695582016208,0,0.3849840229371443
8750.json,david-jolly,barely-true,1,speaker_disjoint_split,0,0.495137431581822,1,0.6774752114293517
9136.json,mike-collier,false,1,speaker_disjoint_split,1,0.6150999931074803,1,0.6444658296026152
3898.json,elijah-cummings,true,0,speaker_disjoint_split,0,0.37425984779298094,0,0.34955437046802834
11103.json,chuck-baldwin,pants-fire,1,speaker_disjoint_split,1,0.5352158876900276,1,0.6357494701769464
9811.json,john-carlevale,half-true,0,speaker_disjoint_split,0,0.37550222118595417,0,0.3577237395569759
8471.json,david-axelrod,mostly-true,0,speaker_disjoint_split,0,0.42833162866650165,0,0.40627244302120674
3825.json,debbie-wasserman-schultz,half-true,0,speaker_disjoint_split,1,0.7113346380093861,1,0.7082110987436788
8706.json,david-jolly,barely-true,1,speaker_disjoint_split,1,0.765924899190082,1,0.8696185544070687
458.json,john-mccain,pants-fire,1,speaker_disjoint_split,1,0.5338719543126133,1,0.595633522542758
140.json,bill-richardson,half-true,0,speaker_disjoint_split,1,0.505031541431291,1,0.5479605934950437
2961.json,tom-coburn,mostly-true,0,speaker_disjoint_split,0,0.39391936123682847,0,0.42609091535573546
4278.json,ken-plum,false,1,speaker_disjoint_split,0,0.3511332176300657,0,0.32194137228493314
9673.json,nathan-deal,false,1,speaker_disjoint_split,1,0.5513963923161227,0,0.4545989426526001
12871.json,tim-kaine,half-true,0,speaker_disjoint_split,1,0.630447820791257,1,0.6042692315005163
12149.json,donald-trump,barely-true,1,speaker_disjoint_split,1,0.544582166289883,1,0.5951142595200316
12959.json,donald-trump,barely-true,1,speaker_disjoint_split,0,0.2886645600378838,0,0.34911292814991807
12777.json,bernie-s,half-true,0,speaker_disjoint_split,0,0.2590620607314073,0,0.25718886788362166
12584.json,thomas-perez,barely-true,1,speaker_disjoint_split,0,0.47759401894233827,0,0.48509491347768446
7866.json,bernie-s,true,0,speaker_disjoint_split,0,0.3833967311454771,0,0.3748881132272935
7962.json,debbie-wasserman-schultz,mostly-true,0,speaker_disjoint_split,1,0.6935177497104243,1,0.6525985337344337
12710.json,donald-trump,false,1,speaker_disjoint_split,1,0.5833155779014996,1,0.5602283118926622
13191.json,tim-kaine,barely-true,1,speaker_disjoint_split,1,0.5222379522109234,0,0.47865077640181675
12251.json,don-beyer,barely-true,1,speaker_disjoint_split,1,0.5101067912313457,0,0.4814979438612042
1980.json,jan-brewer,false,1,speaker_disjoint_split,0,0.39274541075533514,1,0.5056580668757525
9678.json,rush-limbaugh,mostly-true,0,speaker_disjoint_split,0,0.32580848080089453,0,0.40465378457907497
2111.json,bob-gibbs,true,0,speaker_disjoint_split,1,0.55988432756893,1,0.6880823271499789
9251.json,julian-castro,mostly-true,0,speaker_disjoint_split,1,0.5003267865048219,0,0.46435306801187054
2692.json,tim-kaine,barely-true,1,speaker_disjoint_split,0,0.389381660909793,0,0.4127768169023575
11368.json,scott-walker,half-true,0,speaker_disjoint_split,0,0.4818328459122785,1,0.5387064125629396
13520.json,blog-posting,mostly-true,0,speaker_disjoint_split,0,0.31808666776825684,0,0.4647071155381608
662.json,john-mccain,false,1,speaker_disjoint_split,1,0.6617617184343365,1,0.672212069072408
7822.json,nathan-deal,half-true,0,speaker_disjoint_split,0,0.23984962216399403,0,0.2187642760360918
2158.json,bill-lynch,barely-true,1,speaker_disjoint_split,1,0.6010745184797245,1,0.5716167218089134
10497.json,scott-walker,mostly-true,0,speaker_disjoint_split,0,0.4035358846729188,0,0.43255432768137286
1542.json,charlie-crist,true,0,speaker_disjoint_split,1,0.5218395734746516,0,0.4374841145370791
4667.json,sam-adams,barely-true,1,speaker_disjoint_split,1,0.56266892906906,0,0.47164013537647154
11512.json,carly-fiorina,half-true,0,speaker_disjoint_split,1,0.5088823921578183,0,0.4406404495031182
10698.json,foundation-secure-and-prosperous-america,barely-true,1,speaker_disjoint_split,1,0.6498496838050121,1,0.7011593491084992
13224.json,donald-trump,barely-true,1,speaker_disjoint_split,1,0.7748434576871057,1,0.8281774874940244
1754.json,lamar-mckay,barely-true,1,speaker_disjoint_split,1,0.5216571989218032,1,0.504498270424723
1454.json,david-axelrod,true,0,speaker_disjoint_split,0,0.4835559827797102,0,0.46782692977238927
11273.json,donald-trump,false,1,speaker_disjoint_split,1,0.6695227636057242,1,0.729137761956015
7846.json,dale-kooyenga,mostly-true,0,speaker_disjoint_split,0,0.4272102811883214,0,0.32613186978061054
10993.json,stanley-mcchrystal,half-true,0,speaker_disjoint_split,1,0.5015141190377118,0,0.4242856293394706
12097.json,joanne-kloppenburg,false,1,speaker_disjoint_split,0,0.35866101438442144,0,0.3883254203739977
6464.json,david-cicilline,false,1,speaker_disjoint_split,1,0.6011850948267132,1,0.5470632398587773
8553.json,goldie-taylor,false,1,speaker_disjoint_split,0,0.3157877630761459,0,0.1906893206814223
9961.json,catherine-taylor,true,0,speaker_disjoint_split,0,0.42456242479702516,0,0.46332936713532175
2545.json,debbie-jackow,false,1,speaker_disjoint_split,1,0.6626636057206287,1,0.6346288572419012
4142.json,dominick-marino,half-true,0,speaker_disjoint_split,1,0.5126136039320025,1,0.7451480226003523
3213.json,peter-defazio,mostly-true,0,speaker_disjoint_split,0,0.41789267618654546,1,0.5947637506562449
12801.json,chris-murphy,true,0,speaker_disjoint_split,0,0.2748344755677436,0,0.31831710933258445
10867.json,scott-walker,mostly-true,0,speaker_disjoint_split,1,0.5466912400444155,1,0.5571809903247111
6101.json,tim-kaine,mostly-true,0,speaker_disjoint_split,1,0.613700985491214,1,0.6410737523418109
11422.json,bernie-s,mostly-true,0,speaker_disjoint_split,0,0.40879649507261634,0,0.38574079889738927
13185.json,tim-kaine,half-true,0,speaker_disjoint_split,1,0.6087958147942772,1,0.6064654491021554
10574.json,bill-oreilly,half-true,0,speaker_disjoint_split,1,0.6278184748444264,1,0.6756041864370432
6852.json,robert-menendez,true,0,speaker_disjoint_split,1,0.5787761459950521,1,0.5199914276858836
6044.json,gary-johnson,barely-true,1,speaker_disjoint_split,0,0.30165503410051137,0,0.23565098804589313
5148.json,democratic-congressional-campaign-committee,pants-fire,1,speaker_disjoint_split,0,0.4980624373301993,1,0.5187640969715295
12239.json,bernie-s,mostly-true,0,speaker_disjoint_split,0,0.34054652845669625,0,0.3299087163887701
1255.json,carl-levin,true,0,speaker_disjoint_split,1,0.5362149949452725,1,0.5091633745674887
9887.json,charlie-crist,mostly-true,0,speaker_disjoint_split,1,0.635926779874299,1,0.583821646269289
12971.json,donald-trump,false,1,speaker_disjoint_split,0,0.29911909089215216,0,0.2864577038224596
10584.json,ben-carson,false,1,speaker_disjoint_split,0,0.47135964924658613,0,0.4259756750584277
3295.json,tim-kaine,mostly-true,0,speaker_disjoint_split,0,0.4534624512871305,0,0.4488839816874211
4052.json,united-fair-economy,mostly-true,0,speaker_disjoint_split,0,0.389423709997616,0,0.46867625832871
10619.json,rush-limbaugh,false,1,speaker_disjoint_split,1,0.5726990021291503,1,0.6570018595452571
9604.json,rush-limbaugh,half-true,0,speaker_disjoint_split,1,0.5082679225961061,1,0.5163792228622579
1721.json,debbie-wasserman-schultz,barely-true,1,speaker_disjoint_split,0,0.49660697281032173,1,0.550553130697935
5437.json,national-republican-congressional-committee,barely-true,1,speaker_disjoint_split,0,0.34109198120275586,0,0.37218331167288
3833.json,national-republican-congressional-committee,barely-true,1,speaker_disjoint_split,0,0.4760162279430709,0,0.4570406433786567
1062.json,keith-olbermann,false,1,speaker_disjoint_split,1,0.5307240604506731,1,0.5581077276888117
13396.json,blog-posting,pants-fire,1,speaker_disjoint_split,1,0.5368383991184011,1,0.6445319785518684
3299.json,scott-walker,false,1,speaker_disjoint_split,1,0.5320995894083783,1,0.5196217795794655
6719.json,national-republican-congressional-committee,half-true,0,speaker_disjoint_split,1,0.6065402571825035,1,0.6603105323909177
8918.json,dan-patrick,false,1,speaker_disjoint_split,1,0.5858678224719481,1,0.5556285354080851
13011.json,donald-trump,half-true,0,speaker_disjoint_split,0,0.49585492913492674,1,0.5192634721908822
1296.json,rush-limbaugh,half-true,0,speaker_disjoint_split,0,0.3283730661771693,0,0.4038357472061744
4448.json,debbie-wasserman-schultz,barely-true,1,speaker_disjoint_split,0,0.3930309507015381,0,0.3376052810957257
10875.json,sarah-silverman,true,0,speaker_disjoint_split,1,0.6435145476721817,1,0.5425338137604597
11044.json,donald-trump,pants-fire,1,speaker_disjoint_split,1,0.5150718125657695,1,0.5740115051178883
10805.json,danny-porter,half-true,0,speaker_disjoint_split,1,0.6657481681171274,1,0.600542612879885
4772.json,kathleen-connell,false,1,speaker_disjoint_split,0,0.445524457109243,1,0.6176319400145581
9855.json,blog-posting,pants-fire,1,speaker_disjoint_split,1,0.5749621163155328,1,0.7489259157184084
12984.json,donald-trump,pants-fire,1,speaker_disjoint_split,1,0.5886260654736577,1,0.6321186257752847
3328.json,bill-oreilly,mostly-true,0,speaker_disjoint_split,0,0.33751560173288403,0,0.34678139937321256
9972.json,scott-walker,mostly-true,0,speaker_disjoint_split,1,0.5431101544849198,1,0.5122139950240044
10476.json,celine-gounder,true,0,speaker_disjoint_split,1,0.5130152689388726,1,0.5480346027106651
8132.json,bill-foster,half-true,0,speaker_disjoint_split,1,0.5685563046201407,0,0.42645958541099255
6172.json,rush-limbaugh,pants-fire,1,speaker_disjoint_split,1,0.5803380652950234,1,0.6449197267046516
12892.json,donald-trump,pants-fire,1,speaker_disjoint_split,1,0.7146963386482166,1,0.7388526833139911
10094.json,scott-walker,mostly-true,0,speaker_disjoint_split,0,0.3218706252778054,0,0.3577659684061622
514.json,john-mccain,true,0,speaker_disjoint_split,0,0.45687462180128247,0,0.43989659423949884
2586.json,john-kasich,mostly-true,0,speaker_disjoint_split,0,0.43444595055655116,0,0.4409953827744884
1923.json,orrin-hatch,barely-true,1,speaker_disjoint_split,0,0.36581268938620315,0,0.3233788105622819
5301.json,debbie-wasserman-schultz,false,1,speaker_disjoint_split,0,0.3763946734528662,0,0.3673790241148206
1291.json,tom-mcclintock,false,1,speaker_disjoint_split,0,0.3371917792516103,0,0.2951263335354128
9903.json,national-republican-congressional-committee,barely-true,1,speaker_disjoint_split,0,0.4317677673823442,0,0.46553470677909203
12796.json,donald-trump,mostly-true,0,speaker_disjoint_split,0,0.49281034668441986,1,0.5075588471506702
7180.json,sam-adams,false,1,speaker_disjoint_split,0,0.29810557028736234,0,0.23895246966963504
3716.json,ron-paul,half-true,0,speaker_disjoint_split,1,0.6292101483467557,1,0.598018634123165
9654.json,dennis-richardson,mostly-true,0,speaker_disjoint_split,0,0.35888498107373207,0,0.4339237189002116
2836.json,john-pistole,true,0,speaker_disjoint_split,0,0.4853026179371488,1,0.6858415437122288
9697.json,lenar-whitney,pants-fire,1,speaker_disjoint_split,1,0.6193236455826848,1,0.625840339613549
4405.json,daniel-mckee,mostly-true,0,speaker_disjoint_split,0,0.2966155244678848,0,0.20168314559814843
3515.json,donald-trump,false,1,speaker_disjoint_split,0,0.4857356822603967,1,0.5151382449185107
11745.json,dan-patrick,half-true,0,speaker_disjoint_split,0,0.34722294090261185,0,0.4078595417649406
9700.json,charlie-crist,barely-true,1,speaker_disjoint_split,1,0.5901547105342573,1,0.5044640746949721
10515.json,scott-walker,half-true,0,speaker_disjoint_split,1,0.5730066465071633,1,0.5755345564212536
9753.json,scott-walker,true,0,speaker_disjoint_split,1,0.6006235353684186,1,0.6263539639960832
11098.json,rush-limbaugh,half-true,0,speaker_disjoint_split,0,0.45952542831138793,0,0.4941085133608839
7600.json,blog-posting,mostly-true,0,speaker_disjoint_split,1,0.7501609630016407,1,0.822459867160358
13139.json,donald-trump,barely-true,1,speaker_disjoint_split,0,0.4392518349556237,0,0.45823699954799
718.json,john-mccain,mostly-true,0,speaker_disjoint_split,0,0.3230404214085937,0,0.33953125465467016
5516.json,scott-walker,half-true,0,speaker_disjoint_split,0,0.4695332156411977,0,0.46253276076393157
13308.json,donald-trump,barely-true,1,speaker_disjoint_split,1,0.711587732398319,1,0.7253204346722272
3298.json,scott-walker,true,0,speaker_disjoint_split,1,0.6076556979084704,1,0.6108760350043967
8063.json,instagram-posts,false,1,speaker_disjoint_split,0,0.4533429539587348,0,0.40178944747006107
4280.json,ron-paul,false,1,speaker_disjoint_split,1,0.5443375411740647,1,0.5275501373064879
476.json,john-mccain,half-true,0,speaker_disjoint_split,0,0.4902310953227247,1,0.5594465430301742
1870.json,fulton-county-government,true,0,speaker_disjoint_split,0,0.47556136480284644,0,0.40146153980351384
5745.json,joe-biden,half-true,0,speaker_disjoint_split,0,0.4752013722688604,0,0.42787035955056546
3486.json,larry-ahern,false,1,speaker_disjoint_split,1,0.5592573389549591,1,0.5129537718934167
8565.json,saxby-chambliss,mostly-true,0,speaker_disjoint_split,0,0.4198582749699848,0,0.44625547102834895
1899.json,john-mccain,true,0,speaker_disjoint_split,1,0.5875989208358116,1,0.5626427330046301
3775.json,ken-cuccinelli,true,0,speaker_disjoint_split,0,0.4844197987962858,1,0.524976206367984
2895.json,michael-steele,half-true,0,speaker_disjoint_split,0,0.25808031065583936,0,0.21457593725341792
665.json,joe-biden,half-true,0,speaker_disjoint_split,0,0.48525027627967876,0,0.44294695008847973
11733.json,donald-trump,false,1,speaker_disjoint_split,0,0.4765485574305762,1,0.5072943053384305
12369.json,donald-trump,false,1,speaker_disjoint_split,1,0.6312384340851848,1,0.6278382882429834
11220.json,julian-castro,true,0,speaker_disjoint_split,0,0.28301350287620536,0,0.27302770319141473
13475.json,blog-posting,pants-fire,1,speaker_disjoint_split,0,0.46886290403048597,1,0.6556200298075565
668.json,joe-biden,barely-true,1,speaker_disjoint_split,1,0.516395287463038,0,0.48411097486518545
6347.json,robert-menendez,true,0,speaker_disjoint_split,0,0.4911698991129855,0,0.40653174046612983
8273.json,eddie-bernice-johnson,false,1,speaker_disjoint_split,1,0.500352753561516,1,0.6203269477902854
2382.json,austan-goolsbee,mostly-true,0,speaker_disjoint_split,0,0.26790297414187314,0,0.2457391830594437
2389.json,jb-van-hollen,mostly-true,0,speaker_disjoint_split,1,0.5595746470549985,1,0.5206286352074412
2365.json,maryellen-oshaughnessy,false,1,speaker_disjoint_split,0,0.39453312735151164,0,0.35878875046333586
90.json,joe-biden,false,1,speaker_disjoint_split,0,0.37887617586913486,0,0.41275453746211294
9108.json,gilberto-hinojosa,false,1,speaker_disjoint_split,1,0.7011772621648954,1,0.7704863525261436
8184.json,steve-lonegan,half-true,0,speaker_disjoint_split,1,0.5027123821560067,0,0.37839682221597076
9649.json,republican-party-florida,barely-true,1,speaker_disjoint_split,0,0.42639957983119386,0,0.3935856978162284
10480.json,rush-limbaugh,pants-fire,1,speaker_disjoint_split,0,0.4494633124439921,1,0.5101670488300234
11631.json,ben-carson,false,1,speaker_disjoint_split,1,0.5725081215533174,1,0.6823463265190963
9387.json,aclu-florida,half-true,0,speaker_disjoint_split,0,0.3871242164534838,1,0.5188754160375039
1596.json,cliff-stearns,half-true,0,speaker_disjoint_split,1,0.65832809316986,1,0.6619265302916888
2028.json,alexi-giannoulias,true,0,speaker_disjoint_split,1,0.5054437808321618,1,0.5775835085752623
11237.json,scott-walker,true,0,speaker_disjoint_split,1,0.5278719208508194,1,0.5450867229934886
744.json,john-mccain,false,1,speaker_disjoint_split,0,0.4720624735759399,0,0.46172237487392065
559.json,john-mccain,false,1,speaker_disjoint_split,1,0.5814652772648609,1,0.5602870677848282
667.json,joe-biden,true,0,speaker_disjoint_split,0,0.34175364134119335,0,0.3095252344879305
1007.json,rush-limbaugh,mostly-true,0,speaker_disjoint_split,1,0.5501087856640126,1,0.5901987660885749
12935.json,donald-trump,false,1,speaker_disjoint_split,1,0.6013463270021503,1,0.6363004589051109
10214.json,lynda-rife,barely-true,1,speaker_disjoint_split,1,0.5660875163795693,0,0.3693425275345849
9767.json,scott-walker,mostly-true,0,speaker_disjoint_split,1,0.5273553705925221,1,0.5011273179956671
766.json,joe-biden,mostly-true,0,speaker_disjoint_split,0,0.427427265104414,0,0.3730713765163008
570.json,john-mccain,half-true,0,speaker_disjoint_split,1,0.5843711545277649,1,0.5673101072869027
11942.json,donald-trump,barely-true,1,speaker_disjoint_split,1,0.6843687737787796,1,0.7518041320064786
9952.json,republican-governors-association,mostly-true,0,speaker_disjoint_split,0,0.33647010514263787,0,0.3328890883952295
806.json,john-mccain,true,0,speaker_disjoint_split,0,0.40894728497748206,0,0.4338705466011518
4829.json,scott-walker,false,1,speaker_disjoint_split,0,0.4736563798429175,1,0.508358128726175
8220.json,ken-cuccinelli,false,1,speaker_disjoint_split,1,0.5581266535037945,1,0.5946622284251674
3832.json,charlotte-nash,mostly-true,0,speaker_disjoint_split,0,0.26002454427283084,0,0.2536528030560241
12119.json,donald-trump,false,1,speaker_disjoint_split,1,0.5799646049038966,1,0.6352346007546171
8155.json,bill-foster,true,0,speaker_disjoint_split,0,0.40803217985642215,0,0.24567489911469886
11533.json,ben-carson,pants-fire,1,speaker_disjoint_split,0,0.4016375174336804,1,0.5338301341007886
8138.json,jeb-hensarling,half-true,0,speaker_disjoint_split,1,0.5429307837929263,0,0.49996211763355924
7209.json,robert-menendez,true,0,speaker_disjoint_split,0,0.423771261632886,0,0.33113752473052466
4078.json,stephen-sweeney,barely-true,1,speaker_disjoint_split,0,0.4372329870055244,0,0.42412455947048366
11853.json,bernie-s,false,1,speaker_disjoint_split,1,0.5464216653429171,0,0.48667867079032745
773.json,joe-biden,true,0,speaker_disjoint_split,0,0.39971385003565857,0,0.362998645795135
13530.json,donald-trump,false,1,speaker_disjoint_split,0,0.49368335530281626,0,0.4752483084383687
13426.json,donald-trump,mostly-true,0,speaker_disjoint_split,1,0.7292649023803361,1,0.7721795005506922
2415.json,steve-munisteri,half-true,0,speaker_disjoint_split,0,0.47226764174232655,1,0.5173597639404716
4055.json,nina-turner,true,0,speaker_disjoint_split,1,0.5122654131262457,0,0.4013978906479776
188.json,bill-richardson,false,1,speaker_disjoint_split,1,0.5327437773436354,1,0.5897147192277353
2229.json,esquire-magazine,true,0,speaker_disjoint_split,0,0.3841285800605583,0,0.4177435907024696
3618.json,democratic-congressional-campaign-committee,pants-fire,1,speaker_disjoint_split,1,0.804504162208724,1,0.8038471546694735
12659.json,donald-trump,half-true,0,speaker_disjoint_split,1,0.6506659912029258,1,0.6083610408291478
10953.json,donald-trump,false,1,speaker_disjoint_split,1,0.5406452895476778,1,0.5634613688781209
11336.json,ben-carson,false,1,speaker_disjoint_split,0,0.4242275741957154,0,0.46238182327723587
6855.json,sam-adams,true,0,speaker_disjoint_split,0,0.4892085670820328,0,0.3996911530812982
2907.json,nfl-players-association,false,1,speaker_disjoint_split,0,0.38401781892062653,1,0.5083764252742081
3988.json,vern-buchanan,barely-true,1,speaker_disjoint_split,1,0.5553263499592203,1,0.5741460766254256
3579.json,donald-trump,false,1,speaker_disjoint_split,1,0.5698372776183378,1,0.6253271740883969
4159.json,bruce-hanna,barely-true,1,speaker_disjoint_split,0,0.4872847185970526,0,0.35429593286855116
252.json,joe-biden,barely-true,1,speaker_disjoint_split,1,0.5470587122773227,1,0.5386738119141803
5035.json,restore-our-future,half-true,0,speaker_disjoint_split,1,0.6509709891473823,1,0.5993152800869552
8890.json,state-democratic-party-wisconsin,false,1,speaker_disjoint_split,1,0.637890558763693,1,0.6438466150139234
9852.json,tim-kaine,mostly-true,0,speaker_disjoint_split,1,0.5307728908954124,0,0.49206983701350604
4980.json,lloyd-doggett,barely-true,1,speaker_disjoint_split,1,0.6507827672847527,1,0.5849637921223845
3370.json,ken-cuccinelli,half-true,0,speaker_disjoint_split,1,0.6114717642964753,1,0.6284024412858765
12062.json,culinary-workers-union,mostly-true,0,speaker_disjoint_split,0,0.460817661982632,1,0.6513155480964117
10392.json,nathan-deal,mostly-true,0,speaker_disjoint_split,0,0.3108008812036099,0,0.26147759265697895
1040.json,michael-steele,true,0,speaker_disjoint_split,1,0.5408655078672961,1,0.5172240743650139
13065.json,bob-duffy,mostly-true,0,speaker_disjoint_split,0,0.3918598708664373,0,0.30186397601437975
12040.json,bernie-s,mostly-true,0,speaker_disjoint_split,1,0.6065863494355684,1,0.5909363458547336
1002.json,wayne-lapierre,half-true,0,speaker_disjoint_split,1,0.6612557467465817,1,0.638362399885704
9530.json,rush-limbaugh,pants-fire,1,speaker_disjoint_split,1,0.6245303892865364,1,0.6016260788896295
3265.json,club-growth,barely-true,1,speaker_disjoint_split,0,0.4880969308791869,0,0.43074809928733127
7923.json,joe-biden,true,0,speaker_disjoint_split,0,0.3150192501194772,0,0.27494417348617795
12094.json,donald-trump,false,1,speaker_disjoint_split,1,0.5288226139826541,1,0.5480676423357752
3547.json,donald-trump,half-true,0,speaker_disjoint_split,1,0.5368628291039257,1,0.5834424682456293
10043.json,morgan-brittany,pants-fire,1,speaker_disjoint_split,1,0.6007991164450829,1,0.6590008571779171
10973.json,scott-walker,half-true,0,speaker_disjoint_split,0,0.4932483876762374,0,0.46124710073529174
697.json,john-mccain,half-true,0,speaker_disjoint_split,1,0.6396201248444653,1,0.6130882477005508
2300.json,ron-klein,mostly-true,0,speaker_disjoint_split,0,0.4186201482598909,0,0.4968884206163571
5861.json,eileen-brady,false,1,speaker_disjoint_split,1,0.5311247139787498,1,0.5389696574957477
8668.json,sam-houston,half-true,0,speaker_disjoint_split,0,0.46553463226529124,1,0.6132106640719516
7068.json,republican-governors-association,half-true,0,speaker_disjoint_split,0,0.46770752795838905,0,0.430400204485838
5888.json,bill-spelman,false,1,speaker_disjoint_split,1,0.5314279956618613,1,0.6284440291618556
13388.json,arizonans-responsible-drug-policy,half-true,0,speaker_disjoint_split,0,0.3285254888719873,0,0.19400211111260995
6549.json,charlie-crist,half-true,0,speaker_disjoint_split,1,0.5198631347461431,0,0.49029142840044676
4059.json,better-austin-today-political-action-committee,false,1,speaker_disjoint_split,0,0.360139098855903,0,0.2471044228926952
1590.json,citizens-lower-taxes-and-stronger-economy,true,0,speaker_disjoint_split,0,0.48539832003473465,0,0.3229612008326516
365.json,blog-posting,pants-fire,1,speaker_disjoint_split,1,0.8082712649296827,1,0.9125401912845835
8325.json,bernie-s,half-true,0,speaker_disjoint_split,0,0.4279787390066233,0,0.40573739802760456
12911.json,donald-trump,pants-fire,1,speaker_disjoint_split,1,0.633297129347852,1,0.6044741587679182
10368.json,jerry-jones,false,1,speaker_disjoint_split,0,0.26288342938696685,0,0.2455497932823376
721.json,john-mccain,barely-true,1,speaker_disjoint_split,0,0.4502315174203784,0,0.43457495581185784
2022.json,jan-brewer,half-true,0,speaker_disjoint_split,0,0.49541464609449903,1,0.6101628574268225
4762.json,blog-posting,barely-true,1,speaker_disjoint_split,1,0.6610673160382838,1,0.7882314418281415
12872.json,tim-kaine,false,1,speaker_disjoint_split,0,0.4208120340256206,0,0.40043163181371033
1546.json,charlie-crist,mostly-true,0,speaker_disjoint_split,0,0.3938284190806641,0,0.39655176353581006
408.json,bill-clinton,true,0,speaker_disjoint_split,0,0.37575386201555494,0,0.38647265450826
9895.json,dan-patrick,true,0,speaker_disjoint_split,0,0.48765025825521746,0,0.4399409076285151
4747.json,jon-huntsman,half-true,0,speaker_disjoint_split,0,0.4219079316541019,0,0.4085765877669191
9105.json,charlie-crist,mostly-true,0,speaker_disjoint_split,1,0.6201877124261682,1,0.5535342515438911
2446.json,bill-clinton,half-true,0,speaker_disjoint_split,0,0.35665873424231304,0,0.38903541226827154
3669.json,dan-boren,half-true,0,speaker_disjoint_split,0,0.3059571341802705,0,0.2549869415078653
4385.json,blog-posting,pants-fire,1,speaker_disjoint_split,1,0.5153642196473907,1,0.6865238435922688
8211.json,jeffrey-grybowski,mostly-true,0,speaker_disjoint_split,0,0.46802608697237486,1,0.502061033381403
146.json,bill-richardson,half-true,0,speaker_disjoint_split,1,0.5930246676144959,1,0.546929090208043
5476.json,charlotte-nash,mostly-true,0,speaker_disjoint_split,0,0.28818752027677486,0,0.313964667110055
12329.json,donald-trump,false,1,speaker_disjoint_split,0,0.34333096653860146,0,0.313725956030872
9647.json,club-growth,false,1,speaker_disjoint_split,0,0.4427335452838921,0,0.4322414544890658
6752.json,marsha-blackburn,true,0,speaker_disjoint_split,1,0.605326594332078,1,0.5858066097636759
6619.json,david-cicilline,false,1,speaker_disjoint_split,0,0.47510152279607304,0,0.3722465801465844
10660.json,state-democratic-party-wisconsin,pants-fire,1,speaker_disjoint_split,1,0.8211802602133872,1,0.8530959018613793
12406.json,national-republican-congressional-committee,pants-fire,1,speaker_disjoint_split,1,0.5956089554309943,1,0.5089625211079771
1157.json,tom-coburn,half-true,0,speaker_disjoint_split,0,0.3456917306773303,0,0.43566344661014733
3373.json,democratic-congressional-campaign-committee,barely-true,1,speaker_disjoint_split,1,0.582403453242982,1,0.6079775487999102
1447.json,jeb-hensarling,false,1,speaker_disjoint_split,1,0.5550784292841101,0,0.4916515513670397
1317.json,bob-beckel,half-true,0,speaker_disjoint_split,0,0.4488043824044118,0,0.4704761716147244
11206.json,bernie-s,false,1,speaker_disjoint_split,0,0.4697232850318489,1,0.515336346060018
6613.json,democratic-party-oregon,half-true,0,speaker_disjoint_split,1,0.6750156609122093,1,0.6826954671012568
12641.json,colorado-citizens-accountable-government,pants-fire,1,speaker_disjoint_split,1,0.7317987742101623,1,0.6478926495972877
10323.json,scott-walker,true,0,speaker_disjoint_split,1,0.5159514870840799,1,0.5461679889866967
743.json,john-mccain,mostly-true,0,speaker_disjoint_split,0,0.23467389664404684,0,0.2568986153696612
12413.json,david-miliband,mostly-true,0,speaker_disjoint_split,0,0.29474919475209277,0,0.3550968621713073
13318.json,donald-trump,half-true,0,speaker_disjoint_split,1,0.5359949432504818,1,0.6014065791290144
9170.json,john-e-sununu,false,1,speaker_disjoint_split,1,0.5926699260358349,1,0.5819261871166569
11688.json,carly-fiorina,barely-true,1,speaker_disjoint_split,1,0.5159934080657981,0,0.4259591183434961
3273.json,scott-walker,pants-fire,1,speaker_disjoint_split,1,0.6600510453521549,1,0.6240691996354292
10465.json,nathan-deal,true,0,speaker_disjoint_split,0,0.33154430207363733,0,0.3348590401313135
6804.json,national-republican-congressional-committee,pants-fire,1,speaker_disjoint_split,1,0.6019598569216359,1,0.6316770610127166
129.json,joe-biden,true,0,speaker_disjoint_split,0,0.30659354978331416,0,0.2560100601526834
7219.json,sam-adams,half-true,0,speaker_disjoint_split,0,0.40423988827591867,0,0.3701146592478672
13436.json,chris-sununu,pants-fire,1,speaker_disjoint_split,1,0.5196444900046898,0,0.4615024901057846
9665.json,city-brookhaven,half-true,0,speaker_disjoint_split,0,0.44475936209173084,1,0.5311873944682791
8362.json,ken-cuccinelli,mostly-true,0,speaker_disjoint_split,0,0.4644901335416199,0,0.4824087135596191
7995.json,americans-prosperity-georgia-chapter,half-true,0,speaker_disjoint_split,0,0.3361510618425331,0,0.3219865742827641
12262.json,bernie-s,barely-true,1,speaker_disjoint_split,1,0.6233295143072143,1,0.6483697335111342
7252.json,kirk-watson,true,0,speaker_disjoint_split,1,0.506810510340118,0,0.49020689282037666
12462.json,donald-trump,half-true,0,speaker_disjoint_split,0,0.26412308019283687,0,0.28522736907218293
5103.json,nina-turner,barely-true,1,speaker_disjoint_split,1,0.6380238503503695,0,0.48873888438278723
8660.json,generation-opportunity,half-true,0,speaker_disjoint_split,1,0.5876195843012433,0,0.48690733489555904
10558.json,kurt-bauer,barely-true,1,speaker_disjoint_split,0,0.3995865257254397,1,0.5284423528590775
10790.json,van-taylor,barely-true,1,speaker_disjoint_split,0,0.45907383453346623,1,0.5596814945066626
11362.json,chuck-todd,true,0,speaker_disjoint_split,1,0.5234797652883133,1,0.523942434718115
5600.json,blog-posting,false,1,speaker_disjoint_split,1,0.6112227915917892,1,0.7598124019958531
6078.json,scott-walker,barely-true,1,speaker_disjoint_split,0,0.422947627633374,0,0.4615001577944608
3830.json,john-kasich,mostly-true,0,speaker_disjoint_split,0,0.3110385164368689,0,0.2855961893976014
1368.json,charlie-crist,true,0,speaker_disjoint_split,0,0.41516171287566994,0,0.3622180383229113
1456.json,debra-medina,false,1,speaker_disjoint_split,1,0.5190688978693484,1,0.5069574748189264
602.json,john-mccain,true,0,speaker_disjoint_split,1,0.6433633211322151,1,0.6425561609331135
13024.json,donald-trump,false,1,speaker_disjoint_split,0,0.3814649682707228,0,0.39992285701243663
4773.json,rob-cornilles,false,1,speaker_disjoint_split,1,0.5934655311351235,1,0.6927119927085938
11667.json,donald-trump,barely-true,1,speaker_disjoint_split,0,0.2644505263262738,0,0.31758025169487913
13456.json,ann-coulter,false,1,speaker_disjoint_split,1,0.5575833117863809,1,0.6798205258071649
10797.json,scott-walker,barely-true,1,speaker_disjoint_split,1,0.5803329948750715,1,0.5507411852992933
7486.json,scott-walker,mostly-true,0,speaker_disjoint_split,1,0.5345535353444059,1,0.5618977738723018
12762.json,donald-trump,pants-fire,1,speaker_disjoint_split,1,0.5390632303609225,1,0.6108920595034026
6893.json,coalition-bring-jobs-ri,barely-true,1,speaker_disjoint_split,1,0.5936666043216499,1,0.6005330460977373
10345.json,patrick-lynch,barely-true,1,speaker_disjoint_split,1,0.5347688820527351,0,0.2840603817354679
11498.json,donald-trump,pants-fire,1,speaker_disjoint_split,1,0.5518971588120026,1,0.5448202971952147
802.json,john-mccain,false,1,speaker_disjoint_split,1,0.6994223278656497,1,0.7297488716703915
5930.json,bill-pascrell,mostly-true,0,speaker_disjoint_split,0,0.38110059766350346,0,0.4068741579012044
7567.json,carlos-trujillo,false,1,speaker_disjoint_split,1,0.664688938274916,1,0.5654124273945138
12495.json,state-democratic-party-wisconsin,mostly-true,0,speaker_disjoint_split,1,0.5916772071316524,1,0.6253930704566237
12451.json,bernie-s,mostly-true,0,speaker_disjoint_split,0,0.38509554531441953,0,0.37667685691605085
3605.json,jim-keffer,true,0,speaker_disjoint_split,0,0.47306587086868523,1,0.5368261483730435
116.json,john-mccain,half-true,0,speaker_disjoint_split,0,0.2102745921402641,0,0.2325990492317661
9959.json,ryan-lizza,true,0,speaker_disjoint_split,1,0.5831642909078316,1,0.6080017472320277
12337.json,bernie-s,barely-true,1,speaker_disjoint_split,0,0.3796293434822815,0,0.37393015398786417
12208.json,jorge-ramos,half-true,0,speaker_disjoint_split,1,0.5842036431751858,1,0.6126156541654139
5827.json,democratic-congressional-campaign-committee,barely-true,1,speaker_disjoint_split,1,0.5582467068370025,1,0.5880317570846582
11812.json,fox-news-channel,half-true,0,speaker_disjoint_split,1,0.559514633346141,0,0.34771058354441775
821.json,john-mccain,false,1,speaker_disjoint_split,1,0.524278844433537,0,0.464316659514963
4199.json,bill-oreilly,false,1,speaker_disjoint_split,0,0.3493076881754217,0,0.3907116390270393
11614.json,bernie-s,half-true,0,speaker_disjoint_split,0,0.4710913096235982,0,0.4837305626704388
3199.json,bill-oreilly,half-true,0,speaker_disjoint_split,1,0.5592281052037398,1,0.6061789177322237
12532.json,donald-trump,pants-fire,1,speaker_disjoint_split,1,0.5835583459682525,1,0.6205531740126309
2370.json,ron-paul,half-true,0,speaker_disjoint_split,0,0.25767902398541004,0,0.2375755034282384
4177.json,ron-paul,true,0,speaker_disjoint_split,1,0.618849735174767,1,0.6071107822182329
2228.json,rebecca-bell-metereau,barely-true,1,speaker_disjoint_split,1,0.5369275750626751,0,0.4226304966341767
7025.json,george-flinn,false,1,speaker_disjoint_split,0,0.3600156197229704,0,0.3812293867122646
9158.json,bob-beckel,true,0,speaker_disjoint_split,0,0.3336331946996842,0,0.3373178478978806
7636.json,caddy-mckeown,true,0,speaker_disjoint_split,0,0.4752135332471226,0,0.40884396714527965
1841.json,cathie-adams,half-true,0,speaker_disjoint_split,1,0.7952843824899396,1,0.8590443805889647
10168.json,megyn-kelly,false,1,speaker_disjoint_split,1,0.6470033900690515,0,0.41734847781760215
6902.json,robert-menendez,false,1,speaker_disjoint_split,0,0.39976400162175174,0,0.3388996707928029
10951.json,donald-trump,false,1,speaker_disjoint_split,1,0.5127771983677457,1,0.5694672756962204
9571.json,blog-posting,pants-fire,1,speaker_disjoint_split,1,0.5973538692935519,1,0.7378478691248034
9732.json,charlie-crist,half-true,0,speaker_disjoint_split,1,0.571033543747166,0,0.491151903383487
8091.json,blog-posting,barely-true,1,speaker_disjoint_split,0,0.3462262728166706,1,0.5216868830090462
9899.json,john-mccain,mostly-true,0,speaker_disjoint_split,1,0.6572472587091619,1,0.6724958892126817
8554.json,lynn-westmoreland,true,0,speaker_disjoint_split,0,0.4028956026862453,1,0.5202294301368199
2637.json,ohio-republican-party,false,1,speaker_disjoint_split,1,0.6038011659385727,1,0.7661057347448404
12973.json,republican-party-florida,barely-true,1,speaker_disjoint_split,1,0.7165951662272372,1,0.6196595281530624
542.json,john-mccain,true,0,speaker_disjoint_split,0,0.4831808598346243,0,0.4956368203821494
5455.json,ron-paul,half-true,0,speaker_disjoint_split,1,0.6431649278118824,1,0.6341310571584038
7053.json,majority-pac,half-true,0,speaker_disjoint_split,1,0.5374005934178973,1,0.6188337945729204
4452.json,scott-walker,barely-true,1,speaker_disjoint_split,1,0.5438348012556179,1,0.506118265012165
3654.json,joe-biden,mostly-true,0,speaker_disjoint_split,0,0.39764928150522044,0,0.3804667517681017
4394.json,joe-biden,false,1,speaker_disjoint_split,1,0.5913744191269972,1,0.5527857114825582
1583.json,cathie-adams,false,1,speaker_disjoint_split,1,0.7036939352337367,1,0.704252387017601
11549.json,ben-carson,false,1,speaker_disjoint_split,0,0.3421006257280238,0,0.365445145002593
4320.json,jon-huntsman,half-true,0,speaker_disjoint_split,1,0.5442546305625938,1,0.5069371486621866
7282.json,mike-polensek,true,0,speaker_disjoint_split,1,0.5970201209098048,0,0.3828656003145805
12129.json,democratic-congressional-campaign-committee,barely-true,1,speaker_disjoint_split,1,0.5615715223499022,1,0.5531506564749151
12979.json,donald-trump,false,1,speaker_disjoint_split,1,0.517478931304212,1,0.5209133285982538
12466.json,donald-trump,false,1,speaker_disjoint_split,0,0.4933892052006182,0,0.4581269721808775
272.json,joe-biden,mostly-true,0,speaker_disjoint_split,1,0.6404454489837866,1,0.5681934531207382
8816.json,state-democratic-party-wisconsin,true,0,speaker_disjoint_split,0,0.3117295882794774,0,0.33773744333478817
3053.json,jeff-fitzgerald,barely-true,1,speaker_disjoint_split,1,0.6342583207784775,1,0.7247988661380128
11785.json,bernie-s,mostly-true,0,speaker_disjoint_split,1,0.5148316110686404,0,0.4788249266310557
1961.json,dubose-porter,true,0,speaker_disjoint_split,0,0.38037375784034616,0,0.31645785294349266
10801.json,bill-clinton,true,0,speaker_disjoint_split,0,0.45127605961287226,1,0.5134985212712878
3437.json,georgia-state-senators,false,1,speaker_disjoint_split,1,0.5266568728450105,1,0.5709120785336579
1423.json,dick-armey,false,1,speaker_disjoint_split,0,0.3869492495467826,0,0.3697351437431777
7612.json,scott-walker,half-true,0,speaker_disjoint_split,1,0.5662331467516382,1,0.576055371071991
10152.json,scott-walker,mostly-true,0,speaker_disjoint_split,0,0.41052759459008814,0,0.4327146104157043
13295.json,donald-trump,pants-fire,1,speaker_disjoint_split,1,0.5464224310995628,1,0.5573588122801629
535.json,john-mccain,true,0,speaker_disjoint_split,1,0.5402436277941726,1,0.5559003538294842
407.json,john-mccain,false,1,speaker_disjoint_split,1,0.6064483496353443,1,0.6137751416361257
4455.json,debbie-wasserman-schultz,false,1,speaker_disjoint_split,0,0.2761567271865703,0,0.25792265469324765
4672.json,scott-walker,false,1,speaker_disjoint_split,1,0.5554258558414282,1,0.5896082056646991
3678.json,donald-trump,half-true,0,speaker_disjoint_split,1,0.5307870229721925,0,0.4815988150056238
8134.json,scott-walker,true,0,speaker_disjoint_split,1,0.6975204387498464,1,0.6834375274134306
3868.json,austan-goolsbee,mostly-true,0,speaker_disjoint_split,0,0.49461849208484976,0,0.49839743317358537
11948.json,samir-chachoua,pants-fire,1,speaker_disjoint_split,0,0.37594448614310066,0,0.4258312267660032
206.json,ron-paul,true,0,speaker_disjoint_split,1,0.5350849262772738,1,0.5456118792046853
8297.json,ken-cuccinelli,false,1,speaker_disjoint_split,1,0.6015122688535548,1,0.6638960874631451
7801.json,david-cicilline,barely-true,1,speaker_disjoint_split,1,0.5149115737137199,0,0.46844440786702773
11775.json,bernie-s,barely-true,1,speaker_disjoint_split,0,0.2706128731576021,0,0.2779646089829701
2515.json,david-cicilline,half-true,0,speaker_disjoint_split,1,0.5246898698132826,0,0.42436492525122316
6224.json,julian-castro,half-true,0,speaker_disjoint_split,1,0.5802457882044288,1,0.5661755939013341
2485.json,david-axelrod,barely-true,1,speaker_disjoint_split,1,0.5113667318801477,0,0.4259260265342597
12430.json,donald-trump,false,1,speaker_disjoint_split,0,0.3883751057386456,0,0.39400625545717494
11122.json,donald-trump,barely-true,1,speaker_disjoint_split,1,0.7440003912921683,1,0.7747244216801645
2579.json,armond-budish,mostly-true,0,speaker_disjoint_split,0,0.32533413271259215,0,0.3354417012311218
3427.json,bill-kristol,mostly-true,0,speaker_disjoint_split,0,0.2915569169492752,0,0.3556187509699549
2549.json,susan-b-anthony-list,false,1,speaker_disjoint_split,1,0.5932824923921224,1,0.5699695047493322
748.json,john-mccain,barely-true,1,speaker_disjoint_split,0,0.426170433905121,0,0.4472417568122222
9869.json,scott-walker,mostly-true,0,speaker_disjoint_split,1,0.5952018794573322,1,0.6055205591808984
5490.json,gary-johnson,mostly-true,0,speaker_disjoint_split,0,0.3596713514679313,0,0.256654793959407
12644.json,donald-trump,mostly-true,0,speaker_disjoint_split,1,0.7285806238783461,1,0.7286881036716751
6794.json,jon-husted,mostly-true,0,speaker_disjoint_split,1,0.503835263372248,0,0.4806784235921198
7143.json,anne-goodman,true,0,speaker_disjoint_split,0,0.4862807950855558,0,0.44577000521303983
13242.json,donald-trump,false,1,speaker_disjoint_split,0,0.486245126355555,1,0.5462669116695141
8160.json,mark-kelly,true,0,speaker_disjoint_split,0,0.33799006984901264,0,0.3278589521205458
12153.json,pat-mccrory,false,1,speaker_disjoint_split,1,0.5297516284682176,0,0.4252692116957318
13449.json,donald-trump,half-true,0,speaker_disjoint_split,1,0.569034490828734,1,0.636496141639778
1172.json,glenn-beck,half-true,0,speaker_disjoint_split,0,0.4512479606549818,0,0.4944433127862053
9912.json,rhue-reis,false,1,speaker_disjoint_split,0,0.37176132434067605,0,0.35514825065351624
4417.json,donna-shalala,barely-true,1,speaker_disjoint_split,0,0.28310777098587087,0,0.2210596108301281
11313.json,donald-trump,false,1,speaker_disjoint_split,0,0.41493342238316067,0,0.4452827252841563
1272.json,christopher-monckton,pants-fire,1,speaker_disjoint_split,1,0.6961899598117262,1,0.7090803975967777
1356.json,glenn-beck,false,1,speaker_disjoint_split,1,0.7453224817527503,1,0.7710234996809833
3787.json,frank-wolf,barely-true,1,speaker_disjoint_split,0,0.380274836185778,0,0.4356189733064442
5323.json,joe-biden,mostly-true,0,speaker_disjoint_split,0,0.442647679747211,0,0.41283622884082294
1642.json,liberty-institute,half-true,0,speaker_disjoint_split,1,0.511209983119126,0,0.44579557546126264
11489.json,reader-email,pants-fire,1,speaker_disjoint_split,1,0.6134184147642059,0,0.495642880172344
9296.json,defending-main-street,barely-true,1,speaker_disjoint_split,1,0.5499862867692189,1,0.6413086870041133
3279.json,donna-brazile,half-true,0,speaker_disjoint_split,1,0.742507901196437,1,0.7491234696768818
284.json,bill-clinton,half-true,0,speaker_disjoint_split,1,0.580022931706971,1,0.5403908506622809
11611.json,donald-trump,pants-fire,1,speaker_disjoint_split,0,0.42997298958705943,0,0.48495370741645416
3223.json,get-equal-texas,half-true,0,speaker_disjoint_split,0,0.49826071316212756,0,0.4708262723608137
9191.json,new-hampshire-republican-party,mostly-true,0,speaker_disjoint_split,0,0.3646409903788398,0,0.47617187328331023
5968.json,gilberto-hinojosa,false,1,speaker_disjoint_split,1,0.621526476203336,1,0.691734709963247
12152.json,donald-trump,pants-fire,1,speaker_disjoint_split,1,0.5108374403324519,1,0.5059235731296212
6792.json,stefani-carter,half-true,0,speaker_disjoint_split,1,0.539728605281217,0,0.46269941996117053
7289.json,lloyd-doggett,half-true,0,speaker_disjoint_split,0,0.3689257683466044,0,0.31935096947732305
9733.json,michael-bloomberg,false,1,speaker_disjoint_split,0,0.23386936610658113,0,0.28893946519146785
12000.json,john-kasich,mostly-true,0,speaker_disjoint_split,0,0.48657185522373186,1,0.5404711597373195
5614.json,new-hampshire-republican-party,barely-true,1,speaker_disjoint_split,1,0.6101698025509131,1,0.6883701836194823
12217.json,bernie-s,true,0,speaker_disjoint_split,0,0.34992892268699866,0,0.3490868425338805
8389.json,jeanne-shaheen,true,0,speaker_disjoint_split,0,0.35120259583077634,0,0.3007855275278548
1609.json,charlie-crist,barely-true,1,speaker_disjoint_split,1,0.5213382548561561,0,0.43848792610406234
8274.json,ken-cuccinelli,half-true,0,speaker_disjoint_split,1,0.5637203182046816,1,0.5524992078380507
5233.json,scott-walker,mostly-true,0,speaker_disjoint_split,1,0.7110798439720107,1,0.7252052532562127
1663.json,john-mccain,pants-fire,1,speaker_disjoint_split,1,0.6141064726755142,1,0.6456908143705793
7199.json,terry-russell,true,0,speaker_disjoint_split,0,0.37832453623940515,0,0.43452820369592404
9523.json,james-buchal,false,1,speaker_disjoint_split,1,0.5948848715099028,1,0.7229701341895612
11738.json,donald-trump,false,1,speaker_disjoint_split,1,0.5096874113582717,1,0.5531038442817885
1752.json,rush-limbaugh,false,1,speaker_disjoint_split,1,0.559695248977362,1,0.619588112977917
8143.json,ken-cuccinelli,false,1,speaker_disjoint_split,0,0.4264018575883151,0,0.49563165862188785
10589.json,julie-lassa,half-true,0,speaker_disjoint_split,0,0.3959660130609081,0,0.47108214397988396
4183.json,chip-rogers,true,0,speaker_disjoint_split,0,0.339628564517186,0,0.29385344565855825
11148.json,jack-hanna,mostly-true,0,speaker_disjoint_split,0,0.3084057527940059,0,0.4596041988783126
6422.json,protect-your-vote-ohio-protect-your-vote-ohio,mostly-true,0,speaker_disjoint_split,1,0.5727661022066822,1,0.5147170852019874
4752.json,debbie-wasserman-schultz,mostly-true,0,speaker_disjoint_split,0,0.39947720652470053,0,0.3824669050657849
69.json,ron-paul,true,0,speaker_disjoint_split,0,0.485230123904758,0,0.4233155010824049
6036.json,david-axelrod,half-true,0,speaker_disjoint_split,0,0.4961675403459597,0,0.45675474109493686
3725.json,silvestre-reyes,mostly-true,0,speaker_disjoint_split,0,0.4026347357941335,0,0.37548801325047687
8407.json,debbie-wasserman-schultz,barely-true,1,speaker_disjoint_split,0,0.4692996328085674,0,0.47992324332134434
12340.json,joe-biden,mostly-true,0,speaker_disjoint_split,1,0.5534703138604568,1,0.562553431580313
6887.json,jon-husted,false,1,speaker_disjoint_split,1,0.5001945598747899,0,0.4861811272136785
11885.json,bernie-s,mostly-true,0,speaker_disjoint_split,0,0.4370569486084817,0,0.49105806861437323
9904.json,national-republican-congressional-committee,half-true,0,speaker_disjoint_split,0,0.4255531917695191,0,0.4459503882796632
11609.json,carly-fiorina,false,1,speaker_disjoint_split,0,0.4583255550016122,0,0.4472315448247882
3834.json,debbie-wasserman-schultz,false,1,speaker_disjoint_split,1,0.5128880293353649,1,0.5510320356166424
7853.json,ken-cuccinelli,false,1,speaker_disjoint_split,1,0.5945346156314582,1,0.5784920703326177
10400.json,claire-suggs,mostly-true,0,speaker_disjoint_split,0,0.3059511863892594,0,0.29797046296262586
2743.json,taxpayer-association-oregon,half-true,0,speaker_disjoint_split,1,0.5503726963362604,0,0.48688676570320105
13076.json,john-fleming,false,1,speaker_disjoint_split,1,0.5313996104264159,1,0.5272696535233997
12241.json,bernie-s,half-true,0,speaker_disjoint_split,0,0.24275182722165173,0,0.2524759572972153
4678.json,joe-biden,half-true,0,speaker_disjoint_split,0,0.38143487421244077,0,0.31571581766282186
4000.json,nathan-deal,barely-true,1,speaker_disjoint_split,0,0.4858006367838032,0,0.4852151626881446
2148.json,jeb-hensarling,true,0,speaker_disjoint_split,0,0.37645753076982963,0,0.3781765970045524
12300.json,david-jolly,true,0,speaker_disjoint_split,1,0.5595723514911796,1,0.694672552531935
11274.json,jorge-ramos,half-true,0,speaker_disjoint_split,0,0.3586304456288132,0,0.48935022254003174
9829.json,mike-collier,true,0,speaker_disjoint_split,1,0.5331203149703022,1,0.5999722897372178
7294.json,scott-walker,pants-fire,1,speaker_disjoint_split,0,0.4760087972511493,0,0.47020980327629924
3238.json,scott-walker,false,1,speaker_disjoint_split,1,0.5349376736069744,1,0.5000415826115784
13120.json,donald-trump,half-true,0,speaker_disjoint_split,1,0.540308283577303,1,0.5848147731375247
6650.json,anthony-gemma,mostly-true,0,speaker_disjoint_split,0,0.30317581844034197,0,0.35885836721820363
1487.json,joe-biden,half-true,0,speaker_disjoint_split,1,0.5311209084131183,1,0.5188323477885113
6360.json,bernie-s,true,0,speaker_disjoint_split,0,0.205536721576865,0,0.20278431134440483
12327.json,bernie-s,mostly-true,0,speaker_disjoint_split,1,0.6360847008657576,1,0.5645235327022396
13162.json,arizonans-responsible-drug-policy,barely-true,1,speaker_disjoint_split,1,0.5508759794997997,0,0.3878377638693266
2172.json,republican-governors-association,half-true,0,speaker_disjoint_split,1,0.5149674723683259,1,0.5227756855309442
5701.json,republican-governors-association,half-true,0,speaker_disjoint_split,0,0.4791443021215149,0,0.47685135407026363
4038.json,robert-brown,false,1,speaker_disjoint_split,1,0.5221126165533556,1,0.5296584378650496
1761.json,progress-florida,true,0,speaker_disjoint_split,1,0.6205451644809193,1,0.5795594091580443
2588.json,christine-odonnell,mostly-true,0,speaker_disjoint_split,0,0.4335545364683556,0,0.3702746838850726
12934.json,donald-trump,barely-true,1,speaker_disjoint_split,1,0.6658408148217702,1,0.6565815897658007
7159.json,jeanne-shaheen,barely-true,1,speaker_disjoint_split,0,0.46035301490480507,0,0.4406812676434153
1851.json,votevetsorg,half-true,0,speaker_disjoint_split,0,0.3030526706463266,0,0.327254877283651
7464.json,trey-martinez-fischer,half-true,0,speaker_disjoint_split,0,0.4387803775257413,0,0.323121374451484
13493.json,donald-trump,pants-fire,1,speaker_disjoint_split,0,0.4509832022967612,0,0.46491811981073966
13332.json,donald-trump,half-true,0,speaker_disjoint_split,1,0.5821456698738449,1,0.6481280941696387
11783.json,debbie-wasserman-schultz,false,1,speaker_disjoint_split,1,0.5865839277946157,1,0.5537752319410676
7977.json,debbie-wasserman-schultz,true,0,speaker_disjoint_split,0,0.3596159911829116,0,0.3970938955478371
10211.json,scott-walker,true,0,speaker_disjoint_split,0,0.37440395231199364,0,0.3305870952755513
5687.json,scott-walker,false,1,speaker_disjoint_split,0,0.4983367641014389,0,0.4836158659944905
13232.json,donald-trump,false,1,speaker_disjoint_split,1,0.564923706902275,1,0.6301475616064649
6904.json,joe-biden,barely-true,1,speaker_disjoint_split,1,0.5270305065382095,1,0.5129574048007699
9325.json,karl-rove,false,1,speaker_disjoint_split,1,0.5271498449645886,0,0.47648626629789903
4736.json,taxpayer-association-oregon,false,1,speaker_disjoint_split,0,0.49681107779523187,0,0.41549728851877
9830.json,john-mccain,mostly-true,0,speaker_disjoint_split,0,0.4822925510324597,1,0.5237339579056421
9078.json,jim-moore,true,0,speaker_disjoint_split,0,0.4571014827876443,1,0.6374783382302431
8738.json,rush-limbaugh,pants-fire,1,speaker_disjoint_split,1,0.5177309546637655,1,0.5991985829183438
4419.json,michael-bloomberg,true,0,speaker_disjoint_split,0,0.33227586532296416,0,0.35857286346125117
11293.json,donald-trump,mostly-true,0,speaker_disjoint_split,0,0.4067005798577834,0,0.47836055604190075
12467.json,nfederation-o-independent-business-virginia,half-true,0,speaker_disjoint_split,0,0.4090563217523443,0,0.38430164263718697
2084.json,joe-biden,barely-true,1,speaker_disjoint_split,1,0.7348093917073746,1,0.6891668812305127
6968.json,david-cicilline,true,0,speaker_disjoint_split,0,0.3823997478464271,0,0.3177864598280357
13365.json,donald-trump,half-true,0,speaker_disjoint_split,0,0.47835535928024514,1,0.5369290298768822
9392.json,jeff-merkley,half-true,0,speaker_disjoint_split,1,0.6552371170749096,1,0.5854817942883576
8280.json,blog-posting,pants-fire,1,speaker_disjoint_split,1,0.6774660145998613,1,0.8196867385783252
8424.json,ken-cuccinelli,false,1,speaker_disjoint_split,1,0.5643213774569235,1,0.6245354429901171
2219.json,bob-gibbs,pants-fire,1,speaker_disjoint_split,0,0.39841791754675476,1,0.5407491560301217
10096.json,nathan-deal,false,1,speaker_disjoint_split,1,0.5171234340879184,0,0.49081954176635534
6148.json,david-cicilline,barely-true,1,speaker_disjoint_split,0,0.4748453093629972,0,0.4345526592012536
7681.json,carlos-gimenez,false,1,speaker_disjoint_split,0,0.4083107880003138,0,0.33739102974186774
8537.json,steve-israel,true,0,speaker_disjoint_split,1,0.5490122648350675,1,0.6971187768607684
12175.json,donald-trump,half-true,0,speaker_disjoint_split,0,0.4732808327296124,1,0.5283435809190192
9529.json,gilberto-hinojosa,false,1,speaker_disjoint_split,0,0.4182862791093513,0,0.461096937759442
13140.json,afscme-people,mostly-true,0,speaker_disjoint_split,1,0.5546453837154761,1,0.5557464063754437
13337.json,donald-trump,false,1,speaker_disjoint_split,0,0.34159640165660526,0,0.3135117830412033
4849.json,susan-combs,false,1,speaker_disjoint_split,1,0.6187065545903228,1,0.6591647348733528
4725.json,john-kasich,pants-fire,1,speaker_disjoint_split,0,0.4860459470389225,0,0.4341971790031181
9002.json,republican-governors-association,barely-true,1,speaker_disjoint_split,1,0.5401937747984655,1,0.526687896095289
11114.json,scott-walker,mostly-true,0,speaker_disjoint_split,0,0.34870106209648166,0,0.37377085303770763
6790.json,carol-shea-porter,barely-true,1,speaker_disjoint_split,1,0.5615313516952224,1,0.5027397652073683
12831.json,james-woods,pants-fire,1,speaker_disjoint_split,1,0.5765229476053002,0,0.4526056340214637
509.json,john-mccain,true,0,speaker_disjoint_split,0,0.3888267274743396,0,0.37390922274052046
8237.json,dan-patrick,half-true,0,speaker_disjoint_split,0,0.49742353246711596,1,0.530319503591098
3805.json,agenda-project,false,1,speaker_disjoint_split,0,0.47439001798170405,0,0.49665752246566985
11031.json,gus-bilirakis,mostly-true,0,speaker_disjoint_split,0,0.34969878535420973,0,0.3161306416308257
10180.json,jeanne-shaheen,half-true,0,speaker_disjoint_split,1,0.7353574398548972,1,0.7119335124644125
3431.json,charles-reed,false,1,speaker_disjoint_split,1,0.5172957966457385,1,0.5251308188342412
4740.json,john-klenke,false,1,speaker_disjoint_split,0,0.48404414213484154,0,0.399812471617281
7741.json,david-cicilline,true,0,speaker_disjoint_split,1,0.6115976916897923,0,0.49329247879888377
5115.json,ron-paul,half-true,0,speaker_disjoint_split,0,0.4192269454332198,0,0.39457979742317734
473.json,john-mccain,mostly-true,0,speaker_disjoint_split,0,0.3846620794147988,0,0.4174662172822131
3893.json,janice-hahn,half-true,0,speaker_disjoint_split,0,0.4594560721908694,1,0.5089056479137569
398.json,campaign-defend-america,mostly-true,0,speaker_disjoint_split,0,0.3977385514507509,0,0.3055651854595041
4802.json,philip-keefe,false,1,speaker_disjoint_split,1,0.5693719220843875,1,0.7120461363841445
11355.json,jim-gilmore,true,0,speaker_disjoint_split,1,0.5421344968531868,1,0.6000961017597567
242.json,club-growth,half-true,0,speaker_disjoint_split,0,0.45181724947314406,0,0.4271317373829851
11306.json,club-growth,mostly-true,0,speaker_disjoint_split,0,0.49070672277196364,1,0.5152838775717887
8741.json,tom-coburn,barely-true,1,speaker_disjoint_split,0,0.4599459105303877,0,0.45767711181078374
2663.json,citizens-lower-taxes-and-stronger-economy,pants-fire,1,speaker_disjoint_split,1,0.6361996840712426,0,0.4046978673812731
8470.json,john-fleming,true,0,speaker_disjoint_split,0,0.45583618586053204,0,0.49046518631078695
10033.json,democratic-congressional-campaign-committee,pants-fire,1,speaker_disjoint_split,1,0.7774656398588395,1,0.7617707778205609
429.json,focus-family-action,true,0,speaker_disjoint_split,1,0.5323912722381001,1,0.54289730256419
12271.json,bernie-s,mostly-true,0,speaker_disjoint_split,1,0.5348625872485295,0,0.491671363438966
8439.json,maria-bartiromo,false,1,speaker_disjoint_split,1,0.5986237283742608,1,0.6361715101432213
8772.json,bill-post,pants-fire,1,speaker_disjoint_split,1,0.6126940427877905,1,0.6656127409142014
461.json,john-mccain,mostly-true,0,speaker_disjoint_split,1,0.5156120975522215,1,0.5412587832435725
7092.json,big-gamble-nj,mostly-true,0,speaker_disjoint_split,0,0.4575445373551494,0,0.3710626695331277
550.json,ralph-nader,barely-true,1,speaker_disjoint_split,1,0.5867275191507453,0,0.4505812870683329
11974.json,huey-rey-fischer,mostly-true,0,speaker_disjoint_split,0,0.30496889115025116,0,0.27182027631522654
13082.json,donald-trump,pants-fire,1,speaker_disjoint_split,1,0.6705104695892483,1,0.695740251899324
8927.json,national-republican-congressional-committee,barely-true,1,speaker_disjoint_split,1,0.7087580362318793,1,0.7065274244224378
13003.json,james-woods,true,0,speaker_disjoint_split,1,0.5752901678444763,1,0.5071450303301931
7635.json,eva-marie-mancuso,half-true,0,speaker_disjoint_split,0,0.49664424263865387,0,0.3587971871811971
5831.json,saxby-chambliss,true,0,speaker_disjoint_split,1,0.6428347938809585,1,0.6451834226504113
3376.json,scott-walker,mostly-true,0,speaker_disjoint_split,0,0.4172964756985934,0,0.41163627567151
12932.json,joe-biden,barely-true,1,speaker_disjoint_split,0,0.44804376163623205,0,0.3732114806998575
6390.json,jeff-fitzgerald,mostly-true,0,speaker_disjoint_split,0,0.41040080708996113,0,0.46371387614838006
4001.json,david-cicilline,pants-fire,1,speaker_disjoint_split,0,0.2050725611492321,0,0.16755695086950206
12399.json,bernie-s,half-true,0,speaker_disjoint_split,0,0.4957071423512351,0,0.4753725707879702
8598.json,lloyd-doggett,mostly-true,0,speaker_disjoint_split,0,0.29159740740450757,0,0.19785526162030037
5016.json,national-republican-congressional-committee,barely-true,1,speaker_disjoint_split,1,0.6258700060005256,1,0.545562296544746
4488.json,gary-johnson,half-true,0,speaker_disjoint_split,0,0.1885654926664467,0,0.15929794646809925
9789.json,blog-posting,pants-fire,1,speaker_disjoint_split,1,0.5674639378245114,1,0.7391573320425922
12304.json,donald-trump,false,1,speaker_disjoint_split,1,0.5854705704159163,1,0.6481645285152765
11491.json,peter-kinder,true,0,speaker_disjoint_split,0,0.43952937495020944,0,0.3935692076782378
13345.json,nathan-deal,mostly-true,0,speaker_disjoint_split,1,0.503469732786042,0,0.4952303351835361
933.json,michael-steele,pants-fire,1,speaker_disjoint_split,0,0.4216862476216146,0,0.43362688669336824
3001.json,dekalb-county,barely-true,1,speaker_disjoint_split,1,0.5925097587116676,1,0.6400236635676613
4581.json,jose-rodriguez,barely-true,1,speaker_disjoint_split,0,0.45892694479879004,0,0.45928440698659156
12510.json,scott-walker,half-true,0,speaker_disjoint_split,0,0.3494489746167036,0,0.3206830407907014
5063.json,ron-paul,false,1,speaker_disjoint_split,0,0.4284851949565538,0,0.39528002259946793
10961.json,donald-trump,false,1,speaker_disjoint_split,1,0.5197870117477175,1,0.5743743366897394
11870.json,donald-trump,false,1,speaker_disjoint_split,0,0.29298986017211115,0,0.30564334402666465
1563.json,hank-gilbert,barely-true,1,speaker_disjoint_split,0,0.47640115727504784,0,0.3535334730267713
5022.json,restore-our-future,half-true,0,speaker_disjoint_split,1,0.5087185656881684,1,0.5224952497893928
10090.json,glenn-beck,half-true,0,speaker_disjoint_split,0,0.4040132698639981,0,0.48163002594776744
1608.json,todd-tiahrt,half-true,0,speaker_disjoint_split,1,0.7062727850983338,1,0.6848983161191459
10440.json,nathan-deal,true,0,speaker_disjoint_split,0,0.376624246304895,0,0.3347180576958731
7198.json,steve-lonegan,barely-true,1,speaker_disjoint_split,0,0.3560839412598893,0,0.28054354548234245
1153.json,dick-armey,half-true,0,speaker_disjoint_split,1,0.6537025800934423,1,0.6952366512005733
11161.json,scott-walker,true,0,speaker_disjoint_split,0,0.39776805646024405,0,0.40602959118271537
6923.json,mary-nolan,true,0,speaker_disjoint_split,0,0.48091276189593724,0,0.38662029868534387
3661.json,joanne-kloppenburg,barely-true,1,speaker_disjoint_split,0,0.4193795398781589,0,0.44894578999956936
3978.json,national-republican-congressional-committee,false,1,speaker_disjoint_split,1,0.5723013037068002,0,0.4124446972363744
3901.json,armond-budish,mostly-true,0,speaker_disjoint_split,0,0.4026365383962987,0,0.4006853439580274
4483.json,ron-paul,pants-fire,1,speaker_disjoint_split,0,0.478643331501174,0,0.41688594068763546
3819.json,tim-kaine,half-true,0,speaker_disjoint_split,1,0.6120041023111217,0,0.4976714560777795
5139.json,club-growth,mostly-true,0,speaker_disjoint_split,1,0.5692269013423716,1,0.5195629992233218
8972.json,andy-brown,mostly-true,0,speaker_disjoint_split,0,0.32518662747059246,0,0.24268981049263944
6240.json,john-robitaille,half-true,0,speaker_disjoint_split,0,0.3894143274056108,0,0.40753043804731603
12207.json,hilary-treadwell,pants-fire,1,speaker_disjoint_split,0,0.48209399488281646,1,0.6292365920205063
2678.json,charlie-crist,true,0,speaker_disjoint_split,1,0.5376751429205281,0,0.49482975192388273
8582.json,david-axelrod,mostly-true,0,speaker_disjoint_split,0,0.42729463539114204,0,0.43836653092027306
1636.json,charlie-crist,false,1,speaker_disjoint_split,1,0.6090223314425134,1,0.5595707165978143
2870.json,joe-barton,barely-true,1,speaker_disjoint_split,0,0.30700743188058915,0,0.29658143889058064
34.json,john-mccain,mostly-true,0,speaker_disjoint_split,0,0.47133601942111175,0,0.4513012709322293
12949.json,donald-trump,barely-true,1,speaker_disjoint_split,1,0.6366039364536638,1,0.6858968229571615
13092.json,charlie-crist,true,0,speaker_disjoint_split,0,0.3993672114419941,0,0.3229232089328059
12902.json,dana-wachs,true,0,speaker_disjoint_split,1,0.5963946813146499,1,0.6225550151055452
9724.json,james-woods,false,1,speaker_disjoint_split,1,0.5473289519858044,0,0.4440060619057137
161.json,john-mccain,half-true,0,speaker_disjoint_split,0,0.39237280439207867,0,0.38633126909208454
7306.json,nathan-deal,true,0,speaker_disjoint_split,0,0.3674442349123609,0,0.32207276187466316
11316.json,carly-fiorina,barely-true,1,speaker_disjoint_split,1,0.5935283528408664,1,0.5412495453200237
2056.json,david-cicilline,false,1,speaker_disjoint_split,0,0.32977980360322506,0,0.2698981419578081
12740.json,donald-trump,false,1,speaker_disjoint_split,1,0.6930498402150771,1,0.6789311735635476
11480.json,donald-trump,half-true,0,speaker_disjoint_split,1,0.6296398656750661,1,0.7086443593588074
10110.json,bill-oreilly,mostly-true,0,speaker_disjoint_split,1,0.5019114118380319,0,0.49149829351598345
9816.json,don-beyer,mostly-true,0,speaker_disjoint_split,1,0.5880767344179969,1,0.549377460385134
13194.json,citizens-michael-mcauliffe-and-house-republican-or,barely-true,1,speaker_disjoint_split,1,0.5310958927527031,1,0.5236884793163705
4263.json,ron-paul,false,1,speaker_disjoint_split,0,0.45754548145840346,0,0.4442600394805703
11178.json,john-kasich,mostly-true,0,speaker_disjoint_split,0,0.383892684324229,0,0.3946259500308464
7515.json,joseph-levy,barely-true,1,speaker_disjoint_split,0,0.37935671812763666,0,0.406796449942754
12861.json,donald-trump,pants-fire,1,speaker_disjoint_split,1,0.5509172136567684,1,0.6270249081435282
11199.json,state-democratic-party-wisconsin,mostly-true,0,speaker_disjoint_split,0,0.49671136260157056,1,0.5265207528347827
4786.json,state-democratic-party-wisconsin,false,1,speaker_disjoint_split,1,0.7833250779437496,1,0.8016839509573426
7719.json,republican-governors-association,pants-fire,1,speaker_disjoint_split,0,0.4967726431471353,1,0.5002767062467355
3915.json,roberto-dasilva,barely-true,1,speaker_disjoint_split,0,0.3809812615251164,0,0.3680980364065149
10277.json,bill-oreilly,barely-true,1,speaker_disjoint_split,1,0.5480333304209641,1,0.5197794798752065
10452.json,debbie-wasserman-schultz,barely-true,1,speaker_disjoint_split,0,0.42281443990691886,0,0.37629010230500554
8780.json,rhode-island-senate,mostly-true,0,speaker_disjoint_split,1,0.5305530225214794,0,0.4698167700788253
6145.json,pat-kreitlow,pants-fire,1,speaker_disjoint_split,1,0.6995048530598277,1,0.8006739254692385
7948.json,blog-posting,pants-fire,1,speaker_disjoint_split,1,0.5363326452311573,1,0.6656791944674237
12235.json,donald-trump,false,1,speaker_disjoint_split,0,0.49024753130418236,1,0.6094672456284872
970.json,cynthia-lummis,pants-fire,1,speaker_disjoint_split,1,0.653725578934968,1,0.7281223587292851
11466.json,emanuel-cleaver,barely-true,1,speaker_disjoint_split,0,0.365602116990063,0,0.3751229088485242
1471.json,bill-oreilly,true,0,speaker_disjoint_split,1,0.5094858333852266,0,0.49869177537373693
5397.json,richard-morrison,half-true,0,speaker_disjoint_split,0,0.451447990252393,0,0.413651319669933
10938.json,bernie-s,mostly-true,0,speaker_disjoint_split,0,0.47706143262659295,0,0.46214368650764553
12701.json,tim-kaine,barely-true,1,speaker_disjoint_split,0,0.3676870151512861,0,0.3726259231342558
13015.json,gary-johnson,mostly-true,0,speaker_disjoint_split,1,0.5456524768468481,0,0.49026335121158315
2062.json,david-axelrod,half-true,0,speaker_disjoint_split,0,0.25922729592299043,0,0.23493275377203987
409.json,bill-clinton,true,0,speaker_disjoint_split,1,0.5102730050208543,1,0.5174439853932757
12776.json,state-democratic-party-wisconsin,half-true,0,speaker_disjoint_split,0,0.43932422510737806,0,0.4582717471041717
11188.json,donald-trump,half-true,0,speaker_disjoint_split,0,0.4644098553913924,1,0.5359911232749627
8722.json,neera-tanden,true,0,speaker_disjoint_split,0,0.3860366698362616,0,0.2709845957823455
10075.json,no-tax-tracks,half-true,0,speaker_disjoint_split,1,0.6383374536289577,1,0.6204339442035397
4167.json,wisconsin-family-action,true,0,speaker_disjoint_split,1,0.5585100669845348,1,0.7007608674595969
6287.json,club-growth,barely-true,1,speaker_disjoint_split,0,0.44518805071562345,0,0.44498280879724134
10505.json,rush-limbaugh,barely-true,1,speaker_disjoint_split,1,0.5224641975528653,1,0.5515360557059429
3698.json,blog-posting,half-true,0,speaker_disjoint_split,1,0.5107763115162285,1,0.6620385082831529
782.json,john-mccain,half-true,0,speaker_disjoint_split,0,0.49855169065927923,1,0.504081475108232
10138.json,nathan-deal,barely-true,1,speaker_disjoint_split,0,0.1523135035998381,0,0.13188924560917425
2622.json,charlie-crist,false,1,speaker_disjoint_split,1,0.6409137467704803,1,0.5690978284212592
2017.json,john-mccain,mostly-true,0,speaker_disjoint_split,1,0.6144391856750048,1,0.5866306806916944
4061.json,bill-kristol,mostly-true,0,speaker_disjoint_split,0,0.34175537682588597,0,0.33601909372233163
12883.json,debbie-wasserman-schultz,barely-true,1,speaker_disjoint_split,0,0.36717153603901703,0,0.33261008500802297
5708.json,gary-black,mostly-true,0,speaker_disjoint_split,1,0.6004890984005434,1,0.8149299645686889
9929.json,blog-posting,half-true,0,speaker_disjoint_split,0,0.4276978315552332,1,0.6560312504080814
10062.json,john-mccain,false,1,speaker_disjoint_split,1,0.5319032519090481,1,0.5601807925756775
6108.json,marsha-blackburn,barely-true,1,speaker_disjoint_split,1,0.7205758562123485,1,0.663358785956709
11500.json,ben-carson,false,1,speaker_disjoint_split,0,0.47957469962610944,1,0.5110563520849204
6642.json,bill-clinton,half-true,0,speaker_disjoint_split,0,0.3229359810784065,0,0.3483554545067246
5.json,bill-richardson,mostly-true,0,speaker_disjoint_split,0,0.49293529009520914,1,0.507516347522634
1541.json,charlie-crist,false,1,speaker_disjoint_split,0,0.46246988002307665,0,0.41367995012652886
7911.json,saxby-chambliss,pants-fire,1,speaker_disjoint_split,0,0.49446841940375175,1,0.5419260060252697
367.json,john-mccain,pants-fire,1,speaker_disjoint_split,1,0.6254518160681248,1,0.6535913497064312
4082.json,jim-whelan,half-true,0,speaker_disjoint_split,0,0.4586153490780519,0,0.36755237415487846
6952.json,linda-mcmahon,false,1,speaker_disjoint_split,0,0.4086598441494301,1,0.5426467166307959
2180.json,randy-neugebauer,pants-fire,1,speaker_disjoint_split,1,0.5772302958716596,0,0.494934617645298
7138.json,saxby-chambliss,true,0,speaker_disjoint_split,1,0.5113017156856351,1,0.519443774086593
6677.json,kal-penn,mostly-true,0,speaker_disjoint_split,1,0.5816406136911001,1,0.5146020479373214
2595.json,christine-odonnell,pants-fire,1,speaker_disjoint_split,1,0.5239354934211025,1,0.5209917008091459
1351.json,glenn-beck,false,1,speaker_disjoint_split,0,0.2798048686396056,0,0.3255029129697092
9847.json,burger-king,half-true,0,speaker_disjoint_split,1,0.587525033552019,1,0.5500977093801006
12551.json,bernie-s,mostly-true,0,speaker_disjoint_split,1,0.6689875496418225,1,0.596185285621271
9175.json,republican-party-florida,true,0,speaker_disjoint_split,0,0.4834951589137361,0,0.3922554754759501
1278.json,charlie-crist,false,1,speaker_disjoint_split,0,0.4727449212891776,0,0.45075247012502057
9634.json,kate-obenshain,barely-true,1,speaker_disjoint_split,1,0.6593488222978021,1,0.6612208930812052
12200.json,donald-trump,half-true,0,speaker_disjoint_split,0,0.4516601526137993,0,0.49242272483434196
8098.json,david-cicilline,true,0,speaker_disjoint_split,1,0.614228756725903,1,0.511354880653742
9689.json,charlie-crist,mostly-true,0,speaker_disjoint_split,0,0.4225354389383425,0,0.41896565201571945
5797.json,mary-nolan,half-true,0,speaker_disjoint_split,0,0.25835070432108137,0,0.21266672473628365
10588.json,doug-collins,mostly-true,0,speaker_disjoint_split,1,0.6704338344775778,1,0.7719292424082053
4225.json,jon-husted,mostly-true,0,speaker_disjoint_split,1,0.5171521396024651,1,0.5822757498504081
579.json,john-mccain,mostly-true,0,speaker_disjoint_split,1,0.6323523881900208,1,0.6215146038424154
1661.json,silvestre-reyes,pants-fire,1,speaker_disjoint_split,0,0.3921097678309088,0,0.2886675177716531
5442.json,jon-husted,half-true,0,speaker_disjoint_split,0,0.40228294969374667,0,0.39729339189157736
6028.json,memphis-police-association,false,1,speaker_disjoint_split,1,0.5786062549761902,0,0.39857864424911565
5294.json,nathan-deal,true,0,speaker_disjoint_split,0,0.43796161149723967,0,0.3753516931180486
3972.json,nina-perales,mostly-true,0,speaker_disjoint_split,0,0.33943963217423784,0,0.23904275231818822
1348.json,keith-olbermann,half-true,0,speaker_disjoint_split,0,0.4273698507038048,1,0.5070983906338481
1740.json,keith-olbermann,half-true,0,speaker_disjoint_split,1,0.6607812930647585,1,0.6890216856697762
10851.json,akbar-al-baker,barely-true,1,speaker_disjoint_split,0,0.3594409780456701,0,0.42641482966823774
13250.json,pat-mccrory,barely-true,1,speaker_disjoint_split,1,0.5513820983134675,1,0.5160094122840329
10926.json,blog-posting,mostly-true,0,speaker_disjoint_split,1,0.5945882820677983,1,0.7682855420488102
11097.json,atlanta-neighborhood-association,true,0,speaker_disjoint_split,0,0.4869058902571081,0,0.35314883341833786
9278.json,tom-corbett,barely-true,1,speaker_disjoint_split,0,0.4897001680242885,0,0.48061670617938246
5001.json,tim-kaine,false,1,speaker_disjoint_split,1,0.5194174736423236,1,0.5284314194569301
11454.json,ben-carson,false,1,speaker_disjoint_split,1,0.6294615506841259,1,0.664999476753326
3765.json,jay-goyal,barely-true,1,speaker_disjoint_split,0,0.3763759456270547,0,0.47620117599295636
11231.json,donald-trump,half-true,0,speaker_disjoint_split,1,0.5368825179633663,1,0.5948370413443899
11130.json,scott-walker,false,1,speaker_disjoint_split,0,0.4819599399310996,0,0.47540471041400845
13104.json,tom-nelson,half-true,0,speaker_disjoint_split,1,0.5502820456884684,1,0.7269642020751824
9618.json,mark-begich,mostly-true,0,speaker_disjoint_split,0,0.326791295922798,0,0.29610048895379737
11921.json,bernie-s,mostly-true,0,speaker_disjoint_split,0,0.25682703120111616,0,0.23370821871771252
10980.json,bill-clinton,half-true,0,speaker_disjoint_split,1,0.5233658823575326,1,0.5727145059394265
13325.json,tim-kaine,mostly-true,0,speaker_disjoint_split,0,0.46118029510631614,1,0.5433906280962689
12583.json,david-miliband,true,0,speaker_disjoint_split,0,0.36101894027517784,0,0.3897957619911067
307.json,john-mccain,half-true,0,speaker_disjoint_split,1,0.6075445908273929,1,0.5878719099467228
11387.json,scott-walker,mostly-true,0,speaker_disjoint_split,0,0.4466464818561264,0,0.4426480302203428
10652.json,jerry-falwell,true,0,speaker_disjoint_split,0,0.4672267611538498,1,0.5413401831421885
4110.json,gary-johnson,half-true,0,speaker_disjoint_split,1,0.6210852411439464,1,0.5909991012070087
7856.json,karl-rove,mostly-true,0,speaker_disjoint_split,0,0.23337101505904498,0,0.21014094312271947
8106.json,kari-chisholm,false,1,speaker_disjoint_split,0,0.47559655648492183,0,0.4562553021539591
13021.json,donald-trump,false,1,speaker_disjoint_split,1,0.5014741709661072,1,0.5677278756641575
12150.json,donald-trump,false,1,speaker_disjoint_split,0,0.45256388459936997,0,0.49568963973824187
9414.json,democratic-congressional-campaign-committee,false,1,speaker_disjoint_split,0,0.4596343245317471,1,0.5091874660589286
434.json,focus-family-action,false,1,speaker_disjoint_split,0,0.4201097879326527,0,0.4748966715372828
7585.json,dennis-richardson,mostly-true,0,speaker_disjoint_split,0,0.442993410597199,0,0.48418123867148954
8377.json,dan-patrick,false,1,speaker_disjoint_split,0,0.4944573476716643,0,0.4478289486425036
8962.json,bill-kristol,false,1,speaker_disjoint_split,0,0.48079372072159454,1,0.5690991840967713
7551.json,john-kasich,true,0,speaker_disjoint_split,1,0.536846190255327,1,0.5432972186578007
9268.json,dan-patrick,half-true,0,speaker_disjoint_split,1,0.5292370898435672,1,0.555512416824328
543.json,john-mccain,mostly-true,0,speaker_disjoint_split,0,0.45397114654075704,1,0.5100987515316577
10134.json,charlie-crist,false,1,speaker_disjoint_split,1,0.5267429504861412,0,0.44515219946088136
6667.json,joe-biden,mostly-true,0,speaker_disjoint_split,0,0.3928718428040372,0,0.38829058568944863
11143.json,rush-limbaugh,pants-fire,1,speaker_disjoint_split,1,0.6063493677987222,1,0.6703468447435601
2512.json,we-love-usa-pac,false,1,speaker_disjoint_split,1,0.5617719107677418,1,0.6860661683483407
11396.json,debbie-wasserman-schultz,half-true,0,speaker_disjoint_split,1,0.5182076931669833,0,0.49695434325263654
690.json,john-mccain,true,0,speaker_disjoint_split,0,0.44315099948106795,0,0.4812071189402705
11819.json,ben-carson,barely-true,1,speaker_disjoint_split,0,0.4916760743210573,0,0.48962076011105155
4808.json,john-stemberger,barely-true,1,speaker_disjoint_split,0,0.38120350846712886,0,0.32216439169843436
7615.json,b-heath-mitchell,half-true,0,speaker_disjoint_split,0,0.4513307747290258,0,0.44419727538572557
6066.json,lamar-alexander,half-true,0,speaker_disjoint_split,1,0.7466283428521312,1,0.7321550107051485
11868.json,donald-trump,barely-true,1,speaker_disjoint_split,1,0.5749622836235604,1,0.6080531152032969
4913.json,jon-huntsman,barely-true,1,speaker_disjoint_split,0,0.25326168106898167,0,0.24593416115788047
10027.json,gloria-steinem,true,0,speaker_disjoint_split,0,0.4120990026358841,0,0.3484141567933278
8535.json,jay-leno,barely-true,1,speaker_disjoint_split,1,0.5306408987384581,1,0.6307936971152879
10990.json,scott-walker,barely-true,1,speaker_disjoint_split,0,0.49254994782797906,1,0.5032332313354996
3635.json,nathan-deal,half-true,0,speaker_disjoint_split,1,0.5217602677213045,1,0.5191718970866682
12013.json,bill-clinton,half-true,0,speaker_disjoint_split,0,0.3713283157618689,0,0.33665923713017126
6856.json,joe-biden,barely-true,1,speaker_disjoint_split,0,0.4954238172641158,0,0.4290109152840427
13079.json,donald-trump,false,1,speaker_disjoint_split,1,0.5857460747828618,1,0.6229180450871866
10428.json,gsu-alumni-association,true,0,speaker_disjoint_split,0,0.1819006019940444,0,0.14765555377720133
3019.json,lloyd-doggett,mostly-true,0,speaker_disjoint_split,0,0.2597658523775509,0,0.20360230296162782
6666.json,bill-clinton,mostly-true,0,speaker_disjoint_split,1,0.7182061445084874,1,0.7021082988047684
6143.json,nathan-deal,barely-true,1,speaker_disjoint_split,0,0.3619062055633121,0,0.31020110885591545
6960.json,ohio-republican-party,half-true,0,speaker_disjoint_split,1,0.7616796788606753,1,0.8620204383934409
597.json,votevetsorg,false,1,speaker_disjoint_split,0,0.4401559028416568,0,0.3822560798861265
11727.json,will-kraus,half-true,0,speaker_disjoint_split,1,0.5219068892115276,1,0.5741547562095048
7192.json,larry-kilgore,false,1,speaker_disjoint_split,0,0.372985019293514,0,0.2962555276091143
5595.json,bill-pascrell,false,1,speaker_disjoint_split,0,0.27148795809812887,0,0.26166481124610436
1197.json,lamar-alexander,false,1,speaker_disjoint_split,1,0.6859590064900188,1,0.6818675650554967
13115.json,donald-trump,false,1,speaker_disjoint_split,0,0.47962671917708566,1,0.5206950796233073
6021.json,scott-walker,mostly-true,0,speaker_disjoint_split,0,0.3967794454076884,0,0.4108174242701197
5879.json,national-republican-congressional-committee,pants-fire,1,speaker_disjoint_split,1,0.584505996883599,1,0.5874157367549833
1110.json,bill-pascrell,mostly-true,0,speaker_disjoint_split,0,0.33883450164017603,0,0.4301152280038384
1258.json,glenn-beck,barely-true,1,speaker_disjoint_split,1,0.5463145196633178,1,0.6237721595241583
7213.json,scott-walker,true,0,speaker_disjoint_split,0,0.4086868818821366,0,0.39874935497177827
7760.json,tom-coburn,false,1,speaker_disjoint_split,0,0.30492789430984946,0,0.3367169351321986
7370.json,jeff-merkley,true,0,speaker_disjoint_split,0,0.19033768433687376,0,0.19296561197940887
2064.json,nathan-deal,half-true,0,speaker_disjoint_split,0,0.4017115722108555,0,0.31074911183354104
13391.json,austin-board-realtors-pac,false,1,speaker_disjoint_split,1,0.6164984722829224,1,0.638456245479976
9621.json,glenn-beck,half-true,0,speaker_disjoint_split,0,0.46484976774593884,0,0.4709982449404366
11572.json,megyn-kelly,half-true,0,speaker_disjoint_split,0,0.38481897443984,0,0.2819710013894651
8671.json,eugene-yu,mostly-true,0,speaker_disjoint_split,0,0.42317906743153866,1,0.5899889835828566
8203.json,scott-walker,half-true,0,speaker_disjoint_split,1,0.6216835503324244,1,0.6739043651965437
4727.json,corey-stewart,false,1,speaker_disjoint_split,1,0.5003850606460737,1,0.5530686277782723
5916.json,samuel-wurzelbacher,pants-fire,1,speaker_disjoint_split,0,0.46660431939474856,1,0.5270836938373893
10010.json,republican-party-florida,half-true,0,speaker_disjoint_split,1,0.5409374744736896,1,0.5622496487048297
524.json,john-mccain,false,1,speaker_disjoint_split,0,0.46262093027874623,0,0.4336743606664444
400.json,campaign-defend-america,false,1,speaker_disjoint_split,0,0.3871691598392796,0,0.3460247852251899
2535.json,charlie-crist,half-true,0,speaker_disjoint_split,1,0.5160020313193595,0,0.3627890632335309
12377.json,scott-walker,pants-fire,1,speaker_disjoint_split,0,0.43910680339944574,0,0.45328474496850457
3267.json,wesley-smith,half-true,0,speaker_disjoint_split,1,0.6579552901843643,1,0.7677793554102615
9750.json,libre-initiative,half-true,0,speaker_disjoint_split,0,0.27248005115038026,0,0.35104156614550375
593.json,john-mccain,barely-true,1,speaker_disjoint_split,1,0.5089601106555635,0,0.492598565925924
7305.json,nathan-deal,true,0,speaker_disjoint_split,0,0.3495682097933842,0,0.2985140776223557
6581.json,anthony-gemma,false,1,speaker_disjoint_split,0,0.47825692842352746,1,0.5430156571876226
12707.json,mark-geist,barely-true,1,speaker_disjoint_split,1,0.5701377398717016,1,0.6040075250963599
10389.json,john-mccain,barely-true,1,speaker_disjoint_split,0,0.3644832920102224,0,0.39306873986927265
8787.json,nathan-deal,true,0,speaker_disjoint_split,0,0.36024693374138367,0,0.3439388679243929
11567.json,ben-carson,false,1,speaker_disjoint_split,0,0.49543960013415456,1,0.5138087717105648
7221.json,john-kasich,half-true,0,speaker_disjoint_split,1,0.548940738009945,1,0.5521174433114511
3867.json,john-kasich,false,1,speaker_disjoint_split,0,0.4362777208155338,0,0.4300928017955103
2398.json,ron-klein,false,1,speaker_disjoint_split,1,0.598188135457011,1,0.6414498173132908
12138.json,joanne-kloppenburg,mostly-true,0,speaker_disjoint_split,1,0.6563859079054697,1,0.7362230001848988
2472.json,bob-hackworth,false,1,speaker_disjoint_split,0,0.3856408570382276,0,0.3225837359397723
2938.json,organizing-america,half-true,0,speaker_disjoint_split,0,0.3909172695944762,0,0.385786916800398
11514.json,donald-trump,false,1,speaker_disjoint_split,1,0.6120355155600776,1,0.6466998719670152
3033.json,pat-mullins,true,0,speaker_disjoint_split,1,0.533228980560156,1,0.5958512112649783
9660.json,charlie-crist,half-true,0,speaker_disjoint_split,0,0.4528391435695148,0,0.4033093308787393
1253.json,blog-posting,mostly-true,0,speaker_disjoint_split,1,0.5888037506668338,1,0.7361471575740421
13165.json,basil-seggos,false,1,speaker_disjoint_split,1,0.5378484457769891,1,0.5594431738049082
3874.json,charlotte-nash,barely-true,1,speaker_disjoint_split,0,0.4971109417821067,1,0.5426814457865821
13491.json,javier-m-gonzales,half-true,0,speaker_disjoint_split,1,0.5102424382610973,1,0.7505846706415128
9710.json,greta-van-susteren,false,1,speaker_disjoint_split,1,0.5266778991305757,1,0.6106436752015669
2480.json,david-axelrod,half-true,0,speaker_disjoint_split,0,0.360431867199649,0,0.33890429778148967
11331.json,scott-walker,half-true,0,speaker_disjoint_split,1,0.6547648963673147,1,0.6629039706860305
6476.json,aclu-florida,false,1,speaker_disjoint_split,1,0.5057477348869929,1,0.5689250001061952
7584.json,joe-barton,barely-true,1,speaker_disjoint_split,1,0.5170338256906228,1,0.5369551603132645
2207.json,john-mccain,half-true,0,speaker_disjoint_split,1,0.6445465734955588,1,0.5831141312241095
11470.json,centers-disease-control,mostly-true,0,speaker_disjoint_split,0,0.19640437707242553,0,0.22334424333038164
6651.json,david-cicilline,barely-true,1,speaker_disjoint_split,1,0.536443642835381,0,0.4710924645883528
11155.json,scott-walker,half-true,0,speaker_disjoint_split,0,0.38661034338448874,0,0.4432516428802326
9614.json,blog-posting,barely-true,1,speaker_disjoint_split,1,0.7397595117009619,1,0.8380547751984954
555.json,john-mccain,half-true,0,speaker_disjoint_split,1,0.5436278376181155,0,0.4985012821860909
10262.json,chuck-todd,true,0,speaker_disjoint_split,0,0.4453391878990256,0,0.4493293806796615
9288.json,nathan-deal,mostly-true,0,speaker_disjoint_split,0,0.258628351391654,0,0.22108530504160182
11253.json,donald-trump,false,1,speaker_disjoint_split,0,0.4518419034942885,0,0.4827549282671468
961.json,elijah-cummings,true,0,speaker_disjoint_split,1,0.5355794195747152,0,0.49491071606872566
11205.json,donald-trump,half-true,0,speaker_disjoint_split,1,0.5889082585473355,1,0.6576222066289404
13253.json,donald-trump,barely-true,1,speaker_disjoint_split,1,0.5774895288353497,1,0.5812577776917732
13462.json,donald-trump,false,1,speaker_disjoint_split,0,0.37893006496854215,0,0.4946469198487489
11515.json,donald-trump,barely-true,1,speaker_disjoint_split,0,0.438904729030886,0,0.48442299336759975
7000.json,diane-hurley,true,0,speaker_disjoint_split,1,0.5596206347503858,1,0.5154367147755456
2282.json,anthony-gemma,mostly-true,0,speaker_disjoint_split,1,0.5018780150393831,1,0.5185720099378034
503.json,john-mccain,true,0,speaker_disjoint_split,1,0.6350445184226184,1,0.6081982654879245
10174.json,charlie-crist,half-true,0,speaker_disjoint_split,1,0.5835218364980315,0,0.416080129965101
5979.json,corey-stewart,barely-true,1,speaker_disjoint_split,0,0.3781472763960061,0,0.4171965972022174
10755.json,scott-walker,half-true,0,speaker_disjoint_split,0,0.39018381045714,0,0.3921578754531766
6808.json,tim-kaine,mostly-true,0,speaker_disjoint_split,1,0.5798745099807392,1,0.5663164431107525
8659.json,blog-posting,pants-fire,1,speaker_disjoint_split,1,0.724926573469984,1,0.8604477841242558
8417.json,louie-gohmert,barely-true,1,speaker_disjoint_split,0,0.4724082761165708,0,0.4769133619246427
4758.json,state-democratic-party-wisconsin,barely-true,1,speaker_disjoint_split,1,0.6964437583297555,1,0.7069362227641229
12198.json,blog-posting,false,1,speaker_disjoint_split,1,0.5793703721461441,1,0.6768823543682803
12843.json,joe-biden,false,1,speaker_disjoint_split,1,0.5113431715518609,0,0.48389766349581215
118.json,john-mccain,true,0,speaker_disjoint_split,0,0.4964148476748809,1,0.5295531003884685
1706.json,bill-clinton,barely-true,1,speaker_disjoint_split,1,0.5662075076533728,1,0.5647100113458596
12018.json,bernie-s,barely-true,1,speaker_disjoint_split,1,0.6017331313831179,1,0.5795846623898343
1646.json,cliff-stearns,half-true,0,speaker_disjoint_split,0,0.35983442643082625,0,0.3407407072914454
3532.json,tim-kaine,half-true,0,speaker_disjoint_split,1,0.5707054425913817,0,0.48390581270927535
3862.json,national-republican-congressional-committee,barely-true,1,speaker_disjoint_split,0,0.3794880108514523,0,0.36707262620136893
5064.json,democratic-congressional-campaign-committee,false,1,speaker_disjoint_split,1,0.6138097968795332,1,0.6664461715737277
13156.json,donald-trump,barely-true,1,speaker_disjoint_split,1,0.5375607595680119,1,0.5828918681096189
11767.json,bernie-s,half-true,0,speaker_disjoint_split,1,0.5474192828684246,1,0.5740066684761717
2120.json,richard-cordray,half-true,0,speaker_disjoint_split,1,0.5987423958470683,1,0.5864263843748746
13422.json,richard-burr,mostly-true,0,speaker_disjoint_split,0,0.3920541100905402,0,0.4767142969924199
10719.json,nathan-deal,half-true,0,speaker_disjoint_split,0,0.27257930896621224,0,0.26869227163562387
12211.json,glenn-beck,true,0,speaker_disjoint_split,0,0.3352312116859538,0,0.36851928818524227
8796.json,nathan-deal,half-true,0,speaker_disjoint_split,0,0.45167467543547,0,0.43980182156747916
12047.json,donald-trump,barely-true,1,speaker_disjoint_split,0,0.41976664465409486,0,0.4484457313974053
10194.json,bill-clinton,barely-true,1,speaker_disjoint_split,0,0.4883643381177402,0,0.46154596693584815
2941.json,blog-posting,false,1,speaker_disjoint_split,1,0.6063086313304368,1,0.7154557372836461
8751.json,scott-walker,false,1,speaker_disjoint_split,0,0.4472652878892448,0,0.4708557965889086
12554.json,donald-trump,false,1,speaker_disjoint_split,0,0.3825115641558252,0,0.40788450812107296
11962.json,donald-trump,pants-fire,1,speaker_disjoint_split,1,0.5771011919862987,1,0.6400040205089944
4895.json,david-axelrod,half-true,0,speaker_disjoint_split,1,0.6089476851257354,1,0.6199914610313377
12162.json,californians-lower-drug-prices,half-true,0,speaker_disjoint_split,0,0.3668906520137751,0,0.34967755163169545
3355.json,state-democratic-party-wisconsin,pants-fire,1,speaker_disjoint_split,1,0.581381691338761,1,0.5703273457101007
9796.json,rush-limbaugh,false,1,speaker_disjoint_split,1,0.5324706983419375,1,0.5812682720579968
1591.json,rush-limbaugh,pants-fire,1,speaker_disjoint_split,1,0.5832978195933604,1,0.6450372245302617
13137.json,donald-trump,false,1,speaker_disjoint_split,1,0.5901575257351506,1,0.6491385148390298
8696.json,scott-walker,false,1,speaker_disjoint_split,0,0.4367609887639723,0,0.41550964935821616
13183.json,tim-kaine,half-true,0,speaker_disjoint_split,0,0.2578244405048022,0,0.23391004757416733
12317.json,amy-schumer,half-true,0,speaker_disjoint_split,0,0.4538908149550811,0,0.44228184087028943
11002.json,scott-walker,mostly-true,0,speaker_disjoint_split,1,0.5267995628396624,0,0.47344494211612637
10459.json,rhode-island-center-freedom-and-prosperity,barely-true,1,speaker_disjoint_split,0,0.4848884180229687,0,0.472753912087061
3457.json,ann-coulter,barely-true,1,speaker_disjoint_split,0,0.47536592277697826,1,0.5987351094444574
7172.json,scott-walker,pants-fire,1,speaker_disjoint_split,0,0.39925720302202466,0,0.45435056108357175
11247.json,donald-trump,false,1,speaker_disjoint_split,0,0.3819483612875663,0,0.3863614916002893
7248.json,national-republican-congressional-committee,true,0,speaker_disjoint_split,0,0.2974096639582284,0,0.27586535981246413
6670.json,cnsnews,false,1,speaker_disjoint_split,1,0.5891519384276906,1,0.6814557663747633
9982.json,jane-harman,false,1,speaker_disjoint_split,0,0.43945551898059015,0,0.4327047234298506
6354.json,tim-kaine,mostly-true,0,speaker_disjoint_split,1,0.5298751225335829,1,0.5699486959032528
10369.json,chuck-todd,half-true,0,speaker_disjoint_split,1,0.559793855660179,1,0.5794135000168307
7321.json,wayne-lapierre,half-true,0,speaker_disjoint_split,0,0.3583048489852417,0,0.3698088808067966
3797.json,amy-hanauer,true,0,speaker_disjoint_split,0,0.3874187579421974,0,0.32546005337599354
13459.json,pat-robertson,pants-fire,1,speaker_disjoint_split,1,0.5443310043990822,1,0.5511992284498421
12869.json,richard-burr,half-true,0,speaker_disjoint_split,1,0.7363663351983921,1,0.7748027152280929
2730.json,nathan-deal-and-roy-barnes,pants-fire,1,speaker_disjoint_split,1,0.5663829734929664,0,0.4727645477064889
8416.json,gilberto-hinojosa,mostly-true,0,speaker_disjoint_split,1,0.5459445340852014,1,0.6199108968491043
10781.json,ben-carson,barely-true,1,speaker_disjoint_split,0,0.44229749108409194,0,0.4951252922970587
1079.json,rush-limbaugh,barely-true,1,speaker_disjoint_split,1,0.5401269517098946,1,0.5658689674470251
10876.json,glenn-beck,barely-true,1,speaker_disjoint_split,0,0.33590895473710186,0,0.37320176626958745
10778.json,nation-islam-research-group,pants-fire,1,speaker_disjoint_split,1,0.508800213534534,1,0.5231910509768876
8479.json,scott-walker,barely-true,1,speaker_disjoint_split,1,0.5718824618641822,1,0.5949610579276147
3589.json,saxby-chambliss,half-true,0,speaker_disjoint_split,0,0.4694318835785333,0,0.4813098475705669
6065.json,jeff-fitzgerald,half-true,0,speaker_disjoint_split,0,0.43495299237711094,0,0.44025911540936186
4326.json,bob-ryan,mostly-true,0,speaker_disjoint_split,1,0.6305609767214323,1,0.6088957992189256
10701.json,bernie-s,mostly-true,0,speaker_disjoint_split,0,0.3014168900733165,0,0.2994082315068544
6382.json,national-republican-congressional-committee,false,1,speaker_disjoint_split,1,0.6840326294080615,1,0.6705453818002967
11927.json,gary-cobb,barely-true,1,speaker_disjoint_split,1,0.6267483677010294,1,0.6698295682638751
10615.json,scott-walker,half-true,0,speaker_disjoint_split,1,0.5050358615745048,1,0.5673267539051011
2295.json,nathan-deal,true,0,speaker_disjoint_split,1,0.585932986946678,1,0.5713379905918747
417.json,john-mccain,false,1,speaker_disjoint_split,1,0.5700580133225391,1,0.6019998046702846
6286.json,rush-limbaugh,pants-fire,1,speaker_disjoint_split,1,0.5573961108519156,1,0.5866355887174706
6151.json,lamar-alexander,true,0,speaker_disjoint_split,0,0.2904831336861617,0,0.3036321084554089
8108.json,dan-patrick,barely-true,1,speaker_disjoint_split,1,0.5256542194561005,0,0.47709588500402367
2801.json,allen-alley,mostly-true,0,speaker_disjoint_split,0,0.40054321206681703,0,0.47704557655746965
8075.json,louie-gohmert,barely-true,1,speaker_disjoint_split,1,0.5689471780312294,0,0.47130507536189137
3850.json,janet-napolitano,half-true,0,speaker_disjoint_split,0,0.32886932948574177,0,0.44335012126769524
8612.json,saxby-chambliss,half-true,0,speaker_disjoint_split,0,0.38908130215916176,0,0.4433634056930405
2395.json,john-kasich,half-true,0,speaker_disjoint_split,0,0.3162977748810778,0,0.29898239136696814
11525.json,scott-walker,half-true,0,speaker_disjoint_split,1,0.6054141592183284,1,0.5522014393611757
11071.json,donald-trump,false,1,speaker_disjoint_split,0,0.45423849762142854,1,0.5067874506798645
1543.json,charlie-crist,barely-true,1,speaker_disjoint_split,0,0.4999609284837672,0,0.47677595618140384
10972.json,scott-walker,false,1,speaker_disjoint_split,1,0.6452752856453792,1,0.6255566493085126
11057.json,carly-fiorina,half-true,0,speaker_disjoint_split,0,0.29283973468700875,0,0.22900387147878212
11210.json,donald-trump,half-true,0,speaker_disjoint_split,1,0.5890519262934848,1,0.5910446866326261
6630.json,julian-castro,true,0,speaker_disjoint_split,1,0.5352508732229889,1,0.5005899731436902
9138.json,charlie-crist,mostly-true,0,speaker_disjoint_split,0,0.4829659836212886,0,0.4977665658758672
9406.json,claire-mccaskill,barely-true,1,speaker_disjoint_split,1,0.6338872264721553,1,0.6297946054645199
5011.json,restore-our-future,true,0,speaker_disjoint_split,1,0.5783076129739585,1,0.5825746353715016
11317.json,scott-walker,barely-true,1,speaker_disjoint_split,1,0.6318932626823116,1,0.6119990324612666
2703.json,nathan-deal,barely-true,1,speaker_disjoint_split,0,0.4633352480841422,0,0.4412221201219778
12193.json,new-day-america,false,1,speaker_disjoint_split,1,0.5031336072051761,1,0.5771088403475023
6635.json,joe-biden,half-true,0,speaker_disjoint_split,0,0.497203326537205,0,0.4275236327090035
4276.json,jon-huntsman,mostly-true,0,speaker_disjoint_split,1,0.5223411334240943,0,0.4611441237571178
12759.json,donald-trump,pants-fire,1,speaker_disjoint_split,1,0.6189225946941059,1,0.6616838244142876
2345.json,kevin-boyce,pants-fire,1,speaker_disjoint_split,0,0.4489343816538083,0,0.48577473168085833
10070.json,donald-trump,pants-fire,1,speaker_disjoint_split,1,0.5350308387658718,1,0.5210207607534032
3837.json,sam-adams,false,1,speaker_disjoint_split,1,0.5504597716782573,0,0.39458236981543393
2396.json,julie-lassa,half-true,0,speaker_disjoint_split,0,0.48185074678121176,1,0.506125690309071
7349.json,dan-becker,false,1,speaker_disjoint_split,0,0.3720271643691628,0,0.3183584123902782
8228.json,debbie-wasserman-schultz,mostly-true,0,speaker_disjoint_split,1,0.6550524077042218,1,0.7070118667018283
7683.json,louie-gohmert,false,1,speaker_disjoint_split,1,0.5522086894531902,1,0.5188356844226427
10602.json,state-democratic-party-wisconsin,false,1,speaker_disjoint_split,1,0.6930591976332067,1,0.6801231490658173
2146.json,gordon-quan,half-true,0,speaker_disjoint_split,0,0.36264542901111935,0,0.4979576352152376
1560.json,glenn-beck,true,0,speaker_disjoint_split,1,0.5287335830846503,1,0.5918750099611808
9885.json,charlie-crist,mostly-true,0,speaker_disjoint_split,0,0.46743880891462514,0,0.4150754871850517
9619.json,whoopi-goldberg,barely-true,1,speaker_disjoint_split,1,0.5083523114896572,0,0.44994426914091346
8704.json,bill-kristol,mostly-true,0,speaker_disjoint_split,1,0.5547654274986628,1,0.6178200722138208
10840.json,donald-trump,half-true,0,speaker_disjoint_split,1,0.563181936712564,1,0.5818134864114763
10989.json,ann-coulter,pants-fire,1,speaker_disjoint_split,1,0.6513382455961927,1,0.7248848864498325
9987.json,charlie-crist,false,1,speaker_disjoint_split,1,0.6939679086877238,1,0.6509968329195991
8643.json,scott-walker,false,1,speaker_disjoint_split,0,0.49968836221910823,1,0.5245949656264849
13234.json,donald-trump,mostly-true,0,speaker_disjoint_split,0,0.4910919620009397,0,0.4889005848283966
10317.json,matthew-cooke,barely-true,1,speaker_disjoint_split,0,0.29131539272992063,0,0.23421283750724312
12839.json,donald-trump,pants-fire,1,speaker_disjoint_split,1,0.5100942746443907,1,0.5641651588061478
6103.json,nathan-deal,false,1,speaker_disjoint_split,1,0.6540560268761724,1,0.6111781024890084
12988.json,donald-trump,mostly-true,0,speaker_disjoint_split,1,0.552010249012386,1,0.6214053930154317
569.json,john-mccain,half-true,0,speaker_disjoint_split,1,0.5685347854218615,0,0.4944664370115103
6137.json,michael-chippendale,true,0,speaker_disjoint_split,0,0.40381064465371724,0,0.4059154823372211
13300.json,donald-trump,half-true,0,speaker_disjoint_split,1,0.722007039779957,1,0.7688178319917797
13431.json,tim-kaine,true,0,speaker_disjoint_split,0,0.41006772093441934,0,0.44191325472368026
1587.json,citizens-lower-taxes-and-stronger-economy,half-true,0,speaker_disjoint_split,1,0.512864795568179,0,0.3393837717106507
9297.json,madison-action-fund,pants-fire,1,speaker_disjoint_split,1,0.6307982062699813,1,0.6552363263478918
12955.json,club-growth,half-true,0,speaker_disjoint_split,1,0.5647224759123916,1,0.5617876993991656
8943.json,brad-avakian,mostly-true,0,speaker_disjoint_split,0,0.41323211672926774,0,0.35769339543757955
10204.json,breitbart,pants-fire,1,speaker_disjoint_split,1,0.5424169193145787,1,0.5748221745946249
12256.json,bernie-s,barely-true,1,speaker_disjoint_split,1,0.5739623575920467,1,0.5147129700724513
12428.json,donald-trump,pants-fire,1,speaker_disjoint_split,0,0.4151871378569022,0,0.47933093837699453
1491.json,joe-biden,mostly-true,0,speaker_disjoint_split,0,0.38167527231482185,0,0.4203995147985333
11578.json,bernie-s,barely-true,1,speaker_disjoint_split,0,0.3361253338986105,0,0.35324901340878817
6806.json,our-portland-our-schools,half-true,0,speaker_disjoint_split,1,0.621587634337667,1,0.58531378496064
3689.json,dick-armey,false,1,speaker_disjoint_split,0,0.48577387411515854,0,0.48769334262735364
8874.json,bill-oreilly,barely-true,1,speaker_disjoint_split,1,0.5856558156112067,1,0.5477174688166013
10082.json,charlie-crist,half-true,0,speaker_disjoint_split,0,0.48926323295055907,0,0.49096565327035213
6288.json,jeff-fitzgerald,pants-fire,1,speaker_disjoint_split,1,0.7667047134045004,1,0.8022262357994483
2807.json,state-democratic-party-wisconsin,barely-true,1,speaker_disjoint_split,1,0.55466080858339,1,0.5793776198531643
11377.json,ora-houston,false,1,speaker_disjoint_split,1,0.5729228854941169,0,0.4076349044103742
3892.json,janice-hahn,true,0,speaker_disjoint_split,1,0.6367319542022486,1,0.6843709978961328
7657.json,lenny-curry,half-true,0,speaker_disjoint_split,0,0.4189824951995844,0,0.32887818467019286
11349.json,scott-walker,false,1,speaker_disjoint_split,1,0.596551850404002,1,0.6372599814136288
11292.json,david-cicilline,half-true,0,speaker_disjoint_split,1,0.5860407737382448,1,0.5358492109010479
13319.json,donald-trump,half-true,0,speaker_disjoint_split,1,0.575660839457129,1,0.6173576377553024
6124.json,democratic-congressional-campaign-committee,false,1,speaker_disjoint_split,1,0.6269736417717777,1,0.6315074761545785
8970.json,blog-posting,pants-fire,1,speaker_disjoint_split,0,0.41310366868144516,1,0.6131739322092162
12353.json,donald-trump,false,1,speaker_disjoint_split,0,0.29015490364087354,0,0.3078131558560044
4144.json,club-growth,true,0,speaker_disjoint_split,1,0.509278697963708,0,0.45756651726069986
8085.json,don-lemon,true,0,speaker_disjoint_split,0,0.2069961431979094,0,0.19710921224574177
2325.json,nathan-deal,half-true,0,speaker_disjoint_split,0,0.4471526933170029,0,0.3663335230572594
12850.json,donald-trump,mostly-true,0,speaker_disjoint_split,0,0.49205423942002646,1,0.5556055051639218
5781.json,ron-oakley,barely-true,1,speaker_disjoint_split,0,0.4592826312100901,0,0.46471327431424675
7443.json,ohio-republican-party,mostly-true,0,speaker_disjoint_split,0,0.420356729408302,1,0.5654673815110021
11522.json,donald-trump,false,1,speaker_disjoint_split,0,0.4078049587595068,0,0.45051678719766675
10182.json,david-cicilline,true,0,speaker_disjoint_split,0,0.3924889020721422,0,0.3357195002047497
12378.json,solar-energy-fairness,half-true,0,speaker_disjoint_split,1,0.5719476055732999,0,0.4785988994354058
2361.json,democratic-congressional-campaign-committee,pants-fire,1,speaker_disjoint_split,1,0.7077198689215429,1,0.676769777579071
13097.json,john-mccain,half-true,0,speaker_disjoint_split,1,0.6431589248340743,1,0.6698719317330722
6446.json,multnomah-county-library-foundation,false,1,speaker_disjoint_split,1,0.5550951774866658,0,0.4244716756548433
12880.json,donald-trump,false,1,speaker_disjoint_split,0,0.47012913059361466,1,0.5073886939555635
5427.json,scott-walker,true,0,speaker_disjoint_split,1,0.5181301427008582,1,0.5715251596383626
12804.json,tim-kaine,half-true,0,speaker_disjoint_split,0,0.451913901005907,0,0.4155223473885255
8415.json,bill-foster,mostly-true,0,speaker_disjoint_split,0,0.4310112363287751,0,0.31404903210966245
7397.json,brian-patrick-kennedy,barely-true,1,speaker_disjoint_split,1,0.5124697993680883,1,0.5382461864770692
6248.json,democratic-congressional-campaign-committee,pants-fire,1,speaker_disjoint_split,1,0.5665812099075767,1,0.5961585056281964
11950.json,bill-clinton,pants-fire,1,speaker_disjoint_split,1,0.6004636923859676,1,0.6219418193761033
5939.json,jeff-fitzgerald,mostly-true,0,speaker_disjoint_split,0,0.38655727884922975,0,0.35677876644994444
10455.json,scott-walker,half-true,0,speaker_disjoint_split,1,0.7045817349678531,1,0.6917188968257463
12422.json,george-holding,half-true,0,speaker_disjoint_split,1,0.5405430258254703,0,0.4445462027896424
2943.json,bernie-s,true,0,speaker_disjoint_split,0,0.13032351971320238,0,0.13035117735945684
2696.json,scott-walker,barely-true,1,speaker_disjoint_split,1,0.6388853082543184,1,0.5853585417208895
8906.json,sly-james,false,1,speaker_disjoint_split,1,0.5884750656042779,1,0.587452618277198
13032.json,donald-trump,barely-true,1,speaker_disjoint_split,1,0.673379269441998,1,0.7173945353512408
12114.json,gina-hinojosa,mostly-true,0,speaker_disjoint_split,0,0.33269092386660537,0,0.3003513562135914
4021.json,stephen-sweeney,true,0,speaker_disjoint_split,1,0.5646133259791676,1,0.5759162617743266
2558.json,hank-gilbert,true,0,speaker_disjoint_split,1,0.5821933814934713,0,0.49033203941345305
1045.json,bill-oreilly,false,1,speaker_disjoint_split,1,0.5008396671703275,1,0.5037541387104022
1885.json,glenn-beck,half-true,0,speaker_disjoint_split,1,0.5690693185470047,1,0.5631070056417772
9866.json,bob-beckel,false,1,speaker_disjoint_split,0,0.4272026012284414,0,0.4413498197327591
2240.json,john-kasich,false,1,speaker_disjoint_split,1,0.5688765449276301,1,0.5276783795518801
11350.json,ben-carson,barely-true,1,speaker_disjoint_split,0,0.4809846077649227,1,0.5128273582511392
8947.json,republican-party-florida,barely-true,1,speaker_disjoint_split,1,0.5682896612153129,0,0.4930110590264417
22.json,joe-biden,mostly-true,0,speaker_disjoint_split,0,0.35994741766568283,0,0.31871327902419944
13327.json,gary-johnson,half-true,0,speaker_disjoint_split,0,0.4536916609272787,0,0.3659299364312343
9909.json,dan-patrick,pants-fire,1,speaker_disjoint_split,0,0.34588582401489903,0,0.32995316247856327
11164.json,donald-trump,pants-fire,1,speaker_disjoint_split,1,0.5527570309252303,1,0.5955109590451698
7873.json,bob-gibbs,mostly-true,0,speaker_disjoint_split,1,0.6595492823364133,1,0.7379637099224722
11144.json,donald-trump,false,1,speaker_disjoint_split,0,0.4852005184062451,1,0.5074212582570274
2110.json,yvette-mcgee-brown,true,0,speaker_disjoint_split,0,0.2899265669239987,0,0.31276096597612774
8965.json,richard-durbin,pants-fire,1,speaker_disjoint_split,0,0.49876241597067833,0,0.40144179069015584
2985.json,john-mccain,true,0,speaker_disjoint_split,0,0.4437533818979544,0,0.4595447399258619
4286.json,democratic-congressional-campaign-committee,false,1,speaker_disjoint_split,1,0.5868585377391631,1,0.6259287181001998
4447.json,hetty-rosenstein,half-true,0,speaker_disjoint_split,0,0.36161443499624274,1,0.5599589822575366
11566.json,carly-fiorina,half-true,0,speaker_disjoint_split,1,0.5804553405702151,1,0.541789425339225
8824.json,ann-coulter,half-true,0,speaker_disjoint_split,1,0.5479758135003311,1,0.6072909281750798
453.json,john-mccain,half-true,0,speaker_disjoint_split,1,0.6087884639085508,1,0.591378866894448
9748.json,blog-posting,pants-fire,1,speaker_disjoint_split,0,0.4377481920849576,1,0.6538010018781488
8703.json,glenn-beck,mostly-true,0,speaker_disjoint_split,1,0.6538796288004136,1,0.6704546676180626
13378.json,chris-malone,pants-fire,1,speaker_disjoint_split,1,0.5749076830866883,1,0.6349867253052497
920.json,national-republican-congressional-committee,mostly-true,0,speaker_disjoint_split,1,0.6269775534485147,1,0.6155038209672359
8615.json,charlie-crist,mostly-true,0,speaker_disjoint_split,0,0.4689778082133453,0,0.4564336064948451
1820.json,michael-steele,true,0,speaker_disjoint_split,0,0.42658165869615117,0,0.38977083836748516
8204.json,kathleen-vinehout,half-true,0,speaker_disjoint_split,1,0.5800611860434787,1,0.5850908624542183
7332.json,keith-faber,half-true,0,speaker_disjoint_split,0,0.4208551666374553,0,0.388765895185357
2672.json,scott-walker,barely-true,1,speaker_disjoint_split,0,0.446627200593764,0,0.44812216232139285
4402.json,democratic-congressional-campaign-committee,barely-true,1,speaker_disjoint_split,1,0.5399108180959382,1,0.5789133250515067
10513.json,lori-haas,half-true,0,speaker_disjoint_split,0,0.4095844740849321,0,0.29940735182545736
11399.json,club-growth,true,0,speaker_disjoint_split,0,0.3710520849013204,0,0.3464724152392357
8903.json,charlie-crist,false,1,speaker_disjoint_split,1,0.6208362762968567,1,0.5100770668005247
3599.json,joaquin-castro,barely-true,1,speaker_disjoint_split,1,0.5177249137150116,1,0.5560843438805024
1895.json,florida-first-initiative,barely-true,1,speaker_disjoint_split,1,0.5644777452815991,1,0.5413733839803947
10353.json,naha-daily,pants-fire,1,speaker_disjoint_split,1,0.6268938032338407,1,0.5222942629059206
8765.json,carly-fiorina,false,1,speaker_disjoint_split,0,0.3396813332635487,0,0.30433938945605116
7422.json,wayne-lapierre,barely-true,1,speaker_disjoint_split,1,0.5551548583427888,1,0.5506192006022724
12022.json,bernie-s,false,1,speaker_disjoint_split,1,0.6326781741561381,1,0.6187077326962612
613.json,john-mccain,mostly-true,0,speaker_disjoint_split,0,0.33913445053825886,0,0.3830964607981173
6481.json,national-republican-congressional-committee,pants-fire,1,speaker_disjoint_split,1,0.66556717463849,1,0.6830257495528246
573.json,john-mccain,false,1,speaker_disjoint_split,0,0.41798642235653055,0,0.43121661422321633
822.json,republican-party-florida,false,1,speaker_disjoint_split,1,0.6029712610162744,0,0.444846623231506
12560.json,donald-trump,pants-fire,1,speaker_disjoint_split,1,0.618834171048282,1,0.6492570302806161
12743.json,donald-trump,barely-true,1,speaker_disjoint_split,1,0.5930928270368996,1,0.6545752248308394
1377.json,hank-gilbert,half-true,0,speaker_disjoint_split,1,0.5384795152566005,0,0.34862877630226796
9605.json,angel-taveras,mostly-true,0,speaker_disjoint_split,0,0.4610099001159162,0,0.41132836574038306
13149.json,donald-trump,barely-true,1,speaker_disjoint_split,0,0.477579175647725,0,0.4957040867991852
10233.json,enough-already-wisconsin-inc,false,1,speaker_disjoint_split,0,0.47184534859674243,0,0.35840688908908147
164.json,bill-richardson,half-true,0,speaker_disjoint_split,1,0.5314679800877375,1,0.5392847587786748
551.json,ralph-nader,true,0,speaker_disjoint_split,0,0.4902192182649053,0,0.38575483215045975
10566.json,texas-democratic-party,mostly-true,0,speaker_disjoint_split,0,0.45596016863267697,1,0.547609379300678
11315.json,donald-trump,mostly-true,0,speaker_disjoint_split,0,0.35774257845117896,0,0.3875188583343713
4551.json,john-fleming,false,1,speaker_disjoint_split,1,0.7499758330742049,1,0.7046252437943541
6394.json,steve-doell,mostly-true,0,speaker_disjoint_split,1,0.5155625171890434,0,0.45528850811103094
4449.json,valerie-vainieri-huttle,barely-true,1,speaker_disjoint_split,0,0.414743748731222,0,0.32690198636578
7500.json,national-republican-congressional-committee,pants-fire,1,speaker_disjoint_split,1,0.5607087304202119,1,0.5511727225779808
10044.json,scott-walker,false,1,speaker_disjoint_split,1,0.5768260976217868,1,0.5909107914962469
10161.json,dan-patrick,barely-true,1,speaker_disjoint_split,1,0.6604344103184377,1,0.6287179386060435
9926.json,lois-frankel,pants-fire,1,speaker_disjoint_split,1,0.6692506774737357,1,0.6607375610055194
7489.json,debbie-wasserman-schultz,true,0,speaker_disjoint_split,1,0.5710316361392019,1,0.5644190013118189
13389.json,michelle-mosby,half-true,0,speaker_disjoint_split,1,0.5276381160723002,1,0.6497179673724889
1159.json,rush-limbaugh,pants-fire,1,speaker_disjoint_split,1,0.7514890297766648,1,0.7966726546581057
4464.json,ted-piccolo,false,1,speaker_disjoint_split,1,0.544528069393632,1,0.7418408093875669
719.json,john-mccain,false,1,speaker_disjoint_split,1,0.5171379550740568,1,0.5344506343083665
11460.json,dan-patrick,pants-fire,1,speaker_disjoint_split,0,0.4430468475630874,0,0.442519048078464
5889.json,scott-walker,barely-true,1,speaker_disjoint_split,1,0.6541619491431611,1,0.66590058965752
798.json,john-mccain,half-true,0,speaker_disjoint_split,1,0.687492079150656,1,0.692478113494702
1366.json,karl-rove,mostly-true,0,speaker_disjoint_split,1,0.5680596968492398,1,0.624035499307761
2397.json,national-republican-congressional-committee,barely-true,1,speaker_disjoint_split,1,0.7513655968962802,1,0.6981727519468569
12206.json,bill-clinton,barely-true,1,speaker_disjoint_split,0,0.36218083915425925,0,0.3339282262314866
13404.json,donald-trump,false,1,speaker_disjoint_split,1,0.508471907851727,1,0.5466493629845937
710.json,john-mccain,barely-true,1,speaker_disjoint_split,0,0.4638552068593357,0,0.49767408660076884
1882.json,nathan-deal,mostly-true,0,speaker_disjoint_split,1,0.513841343173339,0,0.46733933843993974
1548.json,charlie-crist,barely-true,1,speaker_disjoint_split,0,0.4277018015630991,0,0.35261212308711154
1643.json,charlie-crist,true,0,speaker_disjoint_split,0,0.4411834559285537,0,0.3886198265021759
10590.json,scott-walker,false,1,speaker_disjoint_split,1,0.6442155837466398,1,0.6400101310982084
6048.json,bill-clinton,mostly-true,0,speaker_disjoint_split,0,0.2594459299291779,0,0.27152525196667177
8380.json,chris-latvala,true,0,speaker_disjoint_split,0,0.4509679472245604,0,0.37633012110436437
3392.json,john-mccain,false,1,speaker_disjoint_split,0,0.44913747736907206,0,0.4377246175761629
12915.json,gary-johnson,barely-true,1,speaker_disjoint_split,0,0.46575849602110225,0,0.3793562787531284
2093.json,joe-biden,true,0,speaker_disjoint_split,0,0.44550637202582305,0,0.40118808845240145
12658.json,donald-trump,mostly-true,0,speaker_disjoint_split,0,0.29450400897704265,0,0.3615837508419351
1625.json,charlie-crist,half-true,0,speaker_disjoint_split,0,0.4414925359691724,0,0.46058122350222824
9275.json,wilton-gregory,mostly-true,0,speaker_disjoint_split,0,0.38235959320539764,1,0.7181157667962689
1459.json,ron-paul,barely-true,1,speaker_disjoint_split,1,0.5051584877806191,0,0.4834120188638401
10267.json,tim-kaine,mostly-true,0,speaker_disjoint_split,0,0.48019267329722876,1,0.510211362670518
9496.json,joe-biden,half-true,0,speaker_disjoint_split,1,0.5429658379242166,1,0.5075270106045432
5943.json,beth-harwell,half-true,0,speaker_disjoint_split,1,0.58614169688613,1,0.5649711604727466
10850.json,megyn-kelly,half-true,0,speaker_disjoint_split,0,0.49236324394516007,0,0.28373100973750504
11390.json,ben-carson,false,1,speaker_disjoint_split,1,0.5967359814929302,1,0.6114341701612247
6819.json,ann-coulter,false,1,speaker_disjoint_split,0,0.3559091805707981,0,0.39574217694390895
4290.json,sam-olens,true,0,speaker_disjoint_split,1,0.6054559921996198,1,0.7066105685589451
13492.json,donald-trump,pants-fire,1,speaker_disjoint_split,1,0.5970752069669932,1,0.5701459047644171
7595.json,mark-kelly,true,0,speaker_disjoint_split,0,0.39783499062164807,0,0.3698718430424917
9563.json,scott-walker,mostly-true,0,speaker_disjoint_split,0,0.29715486658756796,0,0.3159852524071629
8641.json,james-carville,mostly-true,0,speaker_disjoint_split,1,0.5430389283511987,0,0.48719244291070707
5261.json,scott-walker,half-true,0,speaker_disjoint_split,1,0.5189655128215301,1,0.536310428022796
2780.json,robert-brown,true,0,speaker_disjoint_split,0,0.49913231262971414,0,0.42538721962090353
2996.json,louie-gohmert,false,1,speaker_disjoint_split,1,0.6805338274629021,1,0.5862252716916563
13394.json,donald-trump,half-true,0,speaker_disjoint_split,0,0.46825258367560524,1,0.5347104734152203
3335.json,scott-walker,true,0,speaker_disjoint_split,0,0.4698525280554148,0,0.44491555730974536
8940.json,lauren-kane,half-true,0,speaker_disjoint_split,0,0.37706410331798806,0,0.32646401413173626
12352.json,donald-trump,false,1,speaker_disjoint_split,1,0.5197337480861195,1,0.5209553339318791
13263.json,bernie-s,half-true,0,speaker_disjoint_split,1,0.564583353427125,1,0.5459318921058479
12622.json,michael-cohen,pants-fire,1,speaker_disjoint_split,1,0.5853449461830498,1,0.702224451410547
3675.json,jon-husted,pants-fire,1,speaker_disjoint_split,1,0.5323759416700481,1,0.5021583492930746
12907.json,tim-kaine,half-true,0,speaker_disjoint_split,1,0.7119977602269231,1,0.7305865684963153
11627.json,bernie-s,true,0,speaker_disjoint_split,0,0.4916807489880742,1,0.509244912493246
10960.json,breitbart,pants-fire,1,speaker_disjoint_split,1,0.6682036840751494,1,0.7893407028818515
3965.json,chris-widener,barely-true,1,speaker_disjoint_split,0,0.40779582118647234,0,0.4482157383603329
12905.json,donald-trump,half-true,0,speaker_disjoint_split,1,0.7475386334001323,1,0.7611218441009332
1221.json,patients-first,barely-true,1,speaker_disjoint_split,1,0.6063647782994209,1,0.5788708160879259
11520.json,ben-carson,false,1,speaker_disjoint_split,1,0.5846127473536027,1,0.5810938476337457
8048.json,bill-foster,mostly-true,0,speaker_disjoint_split,0,0.44915677652171926,0,0.2969224138680506
7854.json,national-republican-congressional-committee,barely-true,1,speaker_disjoint_split,1,0.6979364654624889,1,0.7152224550589164
3592.json,online-petition,mostly-true,0,speaker_disjoint_split,0,0.44524829285198286,1,0.5300951152237079
13259.json,national-republican-congressional-committee,mostly-true,0,speaker_disjoint_split,1,0.682732596426528,1,0.6092940817288967
5232.json,ohio-republican-party,true,0,speaker_disjoint_split,1,0.5445267022074702,1,0.6965883550042811
13240.json,donald-trump,false,1,speaker_disjoint_split,0,0.48207159755609696,1,0.5362723845913474
4334.json,donna-brazile,mostly-true,0,speaker_disjoint_split,0,0.3215387223044688,0,0.35950927666929255
4493.json,gary-johnson,false,1,speaker_disjoint_split,1,0.5973143917126204,1,0.5490753881431765
4906.json,scott-walker,false,1,speaker_disjoint_split,0,0.49048980100305606,0,0.46746908352177907
13261.json,donald-trump,pants-fire,1,speaker_disjoint_split,1,0.5022550521550626,1,0.5799216929863397
1137.json,david-axelrod,mostly-true,0,speaker_disjoint_split,1,0.6691014451492794,1,0.6459613431432453
1413.json,joe-biden,false,1,speaker_disjoint_split,0,0.32383341542024563,0,0.23471421297907433
838.json,john-mccain,half-true,0,speaker_disjoint_split,1,0.5235876286326157,0,0.48243818341831335
12674.json,mike-turzai,half-true,0,speaker_disjoint_split,0,0.4999888056391503,1,0.5278934261092009
13212.json,donald-trump,mostly-true,0,speaker_disjoint_split,0,0.4979530363077606,1,0.5501830771057219
3964.json,michael-cutler,true,0,speaker_disjoint_split,0,0.4379060596927817,0,0.48278065870011944
6920.json,joe-biden,half-true,0,speaker_disjoint_split,1,0.5091490155122147,0,0.49267177002276624
11756.json,donald-trump,false,1,speaker_disjoint_split,1,0.5023224291648453,1,0.5643684530837866
9817.json,republican-party-florida,half-true,0,speaker_disjoint_split,1,0.5715614301788344,0,0.4986888202101779
11039.json,bernie-s,barely-true,1,speaker_disjoint_split,0,0.33517141846332404,0,0.3479115085254449
2007.json,john-mccain,barely-true,1,speaker_disjoint_split,0,0.4189265058749947,0,0.4914907299567297
12513.json,donald-trump,mostly-true,0,speaker_disjoint_split,1,0.560999790361738,1,0.5801421941420023
3294.json,scott-walker,false,1,speaker_disjoint_split,1,0.5527146983900283,1,0.5297724131446934
13111.json,donald-trump,half-true,0,speaker_disjoint_split,1,0.5647131501761353,1,0.645690519818536
3729.json,nina-turner,true,0,speaker_disjoint_split,0,0.49129711905255957,0,0.4107570890515356
1249.json,jay-rockefeller,half-true,0,speaker_disjoint_split,0,0.19560797232623411,0,0.20925406335915717
9505.json,scott-walker,false,1,speaker_disjoint_split,1,0.5297141656399351,1,0.5202218285201595
13257.json,katherine-cloonen,pants-fire,1,speaker_disjoint_split,1,0.6918441673685504,1,0.8237351623524779
5154.json,restore-our-future,half-true,0,speaker_disjoint_split,1,0.6554710196012309,1,0.57854322172968
4620.json,david-axelrod,mostly-true,0,speaker_disjoint_split,0,0.403426398450867,0,0.38311710446044894
12124.json,bill-clinton,mostly-true,0,speaker_disjoint_split,0,0.23652412512493204,0,0.22048662647805195
12053.json,donald-trump,false,1,speaker_disjoint_split,0,0.48014727117413947,1,0.5061742259898827
11378.json,carly-fiorina,mostly-true,0,speaker_disjoint_split,1,0.6652103423875159,1,0.5605587818023311
3630.json,state-democratic-party-wisconsin,false,1,speaker_disjoint_split,1,0.6884818001838682,1,0.6631464699079099
12944.json,tim-kaine,true,0,speaker_disjoint_split,0,0.38284285429078485,0,0.4155187407832661
7682.json,texas-state-employees-union,true,0,speaker_disjoint_split,1,0.5652337148362283,1,0.5910983125022564
12302.json,shawn-oconnor,pants-fire,1,speaker_disjoint_split,1,0.5789657011187112,1,0.6921025451823319
4154.json,victoria-jackson,pants-fire,1,speaker_disjoint_split,1,0.676473059684856,1,0.6819491740995703
11204.json,ben-carson,half-true,0,speaker_disjoint_split,1,0.5487799396520513,1,0.5973316593896641
8802.json,scott-walker,mostly-true,0,speaker_disjoint_split,0,0.2841649841194231,0,0.2951314093945724
557.json,john-mccain,false,1,speaker_disjoint_split,0,0.4411608468996493,0,0.48613438814977333
7513.json,bob-bennett,mostly-true,0,speaker_disjoint_split,1,0.5473498916544707,1,0.5105678317401985
5366.json,stephen-sweeney,false,1,speaker_disjoint_split,0,0.3580939572353522,0,0.30255486153741334
12782.json,bill-clinton,mostly-true,0,speaker_disjoint_split,1,0.5692348529734411,1,0.5863998421346991
12491.json,donald-trump,barely-true,1,speaker_disjoint_split,1,0.5516116107379752,1,0.5628615642457924
7576.json,charles-cooper,half-true,0,speaker_disjoint_split,1,0.6334579528940186,1,0.5885986810858634
134.json,john-mccain,true,0,speaker_disjoint_split,1,0.5947042094576033,1,0.6104373573356493
9173.json,nathan-deal,half-true,0,speaker_disjoint_split,0,0.495351969279257,0,0.4549638378789281
988.json,keith-olbermann,mostly-true,0,speaker_disjoint_split,1,0.5853656704352903,1,0.6138798402453904
11225.json,ben-carson,half-true,0,speaker_disjoint_split,1,0.7183110866078278,1,0.7033736347882168
619.json,john-mccain,false,1,speaker_disjoint_split,0,0.39517750141765223,0,0.38599656745957694
9159.json,republican-party-florida,mostly-true,0,speaker_disjoint_split,0,0.4380912303689831,0,0.36836756886621047
12339.json,pat-mccrory,pants-fire,1,speaker_disjoint_split,0,0.46833810307530577,0,0.3784806880592277
11800.json,glenn-beck,true,0,speaker_disjoint_split,0,0.4511151672056447,1,0.5918292311111886
13497.json,donald-trump,pants-fire,1,speaker_disjoint_split,0,0.4804751815312371,0,0.46362719936761243
7265.json,scott-walker,half-true,0,speaker_disjoint_split,0,0.48228879865214086,0,0.4791627146724734
11700.json,donald-trump,false,1,speaker_disjoint_split,0,0.48476030768192774,1,0.536906057428664
6111.json,debbie-wasserman-schultz,false,1,speaker_disjoint_split,1,0.6586863721862364,1,0.6662554801212538
5133.json,marsha-blackburn,barely-true,1,speaker_disjoint_split,1,0.5634569698504484,0,0.49361136350808654
334.json,john-mccain,mostly-true,0,speaker_disjoint_split,0,0.3820811121944636,0,0.39305076709546144
7365.json,david-cicilline,half-true,0,speaker_disjoint_split,0,0.1922762816097994,0,0.13802193087268966
943.json,john-mccain,true,0,speaker_disjoint_split,0,0.43612344172080664,0,0.44071677594444086
5675.json,republican-governors-association,barely-true,1,speaker_disjoint_split,0,0.44863413461202767,0,0.4366686576647009
12566.json,donald-trump,false,1,speaker_disjoint_split,1,0.6031140755821923,1,0.6513906348467201
12308.json,donald-trump,half-true,0,speaker_disjoint_split,1,0.5699300197224986,1,0.633856250616548
2239.json,john-stemberger,false,1,speaker_disjoint_split,1,0.6599683538726191,0,0.49963040021483596
11451.json,elton-john,mostly-true,0,speaker_disjoint_split,1,0.5593043127448005,1,0.5059628653652147
1401.json,debra-medina,half-true,0,speaker_disjoint_split,1,0.5226907930841278,0,0.4642987966282339
1611.json,bob-schieffer,false,1,speaker_disjoint_split,0,0.4530969955489111,0,0.3960309058048421
5157.json,judy-manning,pants-fire,1,speaker_disjoint_split,0,0.36216738050083924,0,0.3041057209365832
2408.json,republican-governors-association,barely-true,1,speaker_disjoint_split,1,0.6187152008292905,1,0.5714262195519066
671.json,joe-biden,true,0,speaker_disjoint_split,0,0.4012347183592879,0,0.37455811002449585
7277.json,bernie-s,barely-true,1,speaker_disjoint_split,0,0.44722114547647457,0,0.4249233671712356
10118.json,charlie-crist,false,1,speaker_disjoint_split,0,0.42588477651294654,0,0.4559165834288394
12228.json,jan-brewer,barely-true,1,speaker_disjoint_split,1,0.5316127999759664,1,0.6490090635978005
11771.json,bernie-s,barely-true,1,speaker_disjoint_split,1,0.6054246097222914,1,0.6298418773029177
12281.json,unbreakable-kimmy-schmidt,false,1,speaker_disjoint_split,1,0.5246296810458887,1,0.7273534235369234
10169.json,color-change,barely-true,1,speaker_disjoint_split,1,0.6721131251559658,1,0.7367512246168738
914.json,joe-barton,true,0,speaker_disjoint_split,1,0.6730168575822754,1,0.615063048143354
286.json,john-mccain,half-true,0,speaker_disjoint_split,0,0.35297288012464817,0,0.3583879871193858
780.json,john-mccain,true,0,speaker_disjoint_split,1,0.5061975188649519,1,0.5201666385430077
4637.json,stephen-sweeney,half-true,0,speaker_disjoint_split,0,0.2283447944346192,0,0.2684008618298607
9340.json,campaign-liberty,barely-true,1,speaker_disjoint_split,1,0.5919789411534682,1,0.6544421334420794
7102.json,lamar-alexander,false,1,speaker_disjoint_split,0,0.24210245967242755,0,0.19823811656071103
3269.json,lynn-westmoreland,half-true,0,speaker_disjoint_split,0,0.44407906340212006,0,0.4017021984681789
3487.json,karl-rove,false,1,speaker_disjoint_split,0,0.4944351177419839,1,0.5419570219514624
7460.json,nancy-devaney,mostly-true,0,speaker_disjoint_split,0,0.2682075034233185,0,0.22119794305920878
6050.json,nathan-deal,false,1,speaker_disjoint_split,1,0.5524488729916867,1,0.5054043024129349
11319.json,ben-carson,pants-fire,1,speaker_disjoint_split,0,0.3887313679863449,0,0.4488352408200183
11085.json,donald-trump,false,1,speaker_disjoint_split,0,0.4595973529538334,1,0.5116673419657992
2213.json,kevin-boyce,true,0,speaker_disjoint_split,0,0.47959785379445885,0,0.47315120117271
5722.json,susan-combs,pants-fire,1,speaker_disjoint_split,0,0.4506975153696729,1,0.5460684267582001
12242.json,bernie-s,mostly-true,0,speaker_disjoint_split,0,0.480770816333968,0,0.47471776500366547
7766.json,gilberto-hinojosa,mostly-true,0,speaker_disjoint_split,0,0.455914058677393,1,0.5264620134554934
12825.json,tim-kaine,true,0,speaker_disjoint_split,1,0.5328109725630147,0,0.49651458344161087
8034.json,scott-walker,mostly-true,0,speaker_disjoint_split,0,0.38457662040779217,0,0.40210465880068286
1306.json,glenn-beck,false,1,speaker_disjoint_split,0,0.49938738945528194,1,0.5305304877232998
2320.json,debbie-wasserman-schultz,barely-true,1,speaker_disjoint_split,1,0.6780150000476141,1,0.653216742184136
7253.json,club-growth,false,1,speaker_disjoint_split,0,0.4804002803074666,0,0.43059947867873155
2670.json,david-cicilline,mostly-true,0,speaker_disjoint_split,1,0.6539977762127416,1,0.561468370943765
8430.json,florida-stop-common-core-coalition,pants-fire,1,speaker_disjoint_split,1,0.5618033443172311,1,0.6522423463389901
6025.json,scott-walker,half-true,0,speaker_disjoint_split,1,0.5542384242924123,1,0.5696308037133755
5706.json,john-kasich,true,0,speaker_disjoint_split,0,0.4266496543495169,0,0.4293869914995619
4335.json,jonathan-steitz,false,1,speaker_disjoint_split,0,0.49076626337078494,1,0.6066176036755053
7861.json,derek-ryan,true,0,speaker_disjoint_split,0,0.49105970674067057,0,0.4346127105113586
5747.json,peter-defazio,true,0,speaker_disjoint_split,1,0.5746656174530684,1,0.67581706974609
12514.json,nevada-assembly-republican-candidates,false,1,speaker_disjoint_split,1,0.7019965114859809,1,0.6410441573684261
4297.json,susan-combs,false,1,speaker_disjoint_split,1,0.6810509868430337,1,0.7439228835593472
10526.json,joe-biden,pants-fire,1,speaker_disjoint_split,1,0.5253746564165273,0,0.4810458373466068
13071.json,donald-trump,pants-fire,1,speaker_disjoint_split,1,0.6884250943766463,1,0.7457429457506171
5391.json,texas-democratic-party,true,0,speaker_disjoint_split,1,0.5020099337537338,1,0.509853899207057
10357.json,louie-gohmert,false,1,speaker_disjoint_split,1,0.651776455498446,1,0.5980192334660261
11709.json,bernie-s,true,0,speaker_disjoint_split,0,0.16882238194320984,0,0.20773205344747442
6915.json,ohio-republican-party,barely-true,1,speaker_disjoint_split,1,0.6736042165209358,1,0.8081143504186874
8952.json,david-cicilline,mostly-true,0,speaker_disjoint_split,0,0.3886579640249059,0,0.32219352557438935
10475.json,megyn-kelly,true,0,speaker_disjoint_split,1,0.5935149842036133,0,0.44760904813612895
12289.json,bernie-s,true,0,speaker_disjoint_split,0,0.4915297930497929,0,0.4857245822237705
8911.json,oregon-citizens-lobby,false,1,speaker_disjoint_split,0,0.48082254125268353,0,0.47631086563515956
589.json,john-mccain,half-true,0,speaker_disjoint_split,0,0.48502948606271284,1,0.5108094150301008
12664.json,firearms-policy-coalition,barely-true,1,speaker_disjoint_split,1,0.5140010332352075,1,0.5253708422122633
1896.json,donna-brazile,false,1,speaker_disjoint_split,1,0.6146177065559046,1,0.633587743890905
7553.json,scott-walker,half-true,0,speaker_disjoint_split,1,0.5188239702629897,1,0.5673009952106767
8222.json,libertarian-party-broward-county,false,1,speaker_disjoint_split,1,0.5019169398158009,1,0.5218715508461511
12544.json,donald-trump,barely-true,1,speaker_disjoint_split,0,0.4055369565522968,0,0.4577473082560142
5464.json,ron-paul,mostly-true,0,speaker_disjoint_split,1,0.5584569264138631,1,0.5438378260722287
6864.json,jim-kyle,false,1,speaker_disjoint_split,1,0.6711809146370499,1,0.679270194963438
11642.json,donald-trump,pants-fire,1,speaker_disjoint_split,1,0.7397824056769007,1,0.7628546213899906
9352.json,major-garrett,true,0,speaker_disjoint_split,0,0.42292691216133127,1,0.5092169926186223
9371.json,charlie-crist,half-true,0,speaker_disjoint_split,1,0.6322643916757733,1,0.5975483733382922
5804.json,tom-rooney,barely-true,1,speaker_disjoint_split,1,0.517885219073474,1,0.5985196663457786
6636.json,debbie-wasserman-schultz,pants-fire,1,speaker_disjoint_split,1,0.5337484116200061,1,0.5987079607944011
10154.json,scott-walker,mostly-true,0,speaker_disjoint_split,1,0.5115295758022477,1,0.5333158527179122
13201.json,tim-kaine,half-true,0,speaker_disjoint_split,1,0.6170998768169901,1,0.6233992712044188
12746.json,donald-trump,half-true,0,speaker_disjoint_split,1,0.5057908192546166,1,0.5099264561586846
4914.json,club-growth,half-true,0,speaker_disjoint_split,1,0.6155686817584961,1,0.622557653246661
3822.json,anti-defamation-league,half-true,0,speaker_disjoint_split,0,0.22700969543641583,0,0.43533140617039506
8009.json,larry-elder,false,1,speaker_disjoint_split,1,0.6503057838215762,1,0.5535572949730663
11136.json,bill-oreilly,mostly-true,0,speaker_disjoint_split,1,0.597226969272526,1,0.6545847941323873
13050.json,william-weld,half-true,0,speaker_disjoint_split,0,0.3522929103246836,0,0.4278217649082877
4463.json,new-jersey-sierra-club,half-true,0,speaker_disjoint_split,0,0.3559763504952188,0,0.3766210408638159
13282.json,donald-trump,barely-true,1,speaker_disjoint_split,1,0.5083357937002568,1,0.5225629496284394
6996.json,promote-oregon-leadership-pac-oregon-house-republi,barely-true,1,speaker_disjoint_split,1,0.5649855045037635,1,0.609831743779928
2697.json,jeff-merkley,half-true,0,speaker_disjoint_split,1,0.7238400284110419,1,0.5773230544905262
12333.json,donald-trump,pants-fire,1,speaker_disjoint_split,1,0.6015495242650064,1,0.689307255274476
2521.json,bob-gibbs,false,1,speaker_disjoint_split,1,0.6146569454977033,1,0.6627349530966002
1316.json,rush-limbaugh,half-true,0,speaker_disjoint_split,1,0.5982011606076163,1,0.6421764030508322
436.json,john-mccain,barely-true,1,speaker_disjoint_split,1,0.5609797023694619,1,0.6070090773482798
4415.json,bill-pascrell,mostly-true,0,speaker_disjoint_split,0,0.4909982707034898,1,0.5100288578291245
4707.json,robert-menendez,false,1,speaker_disjoint_split,0,0.3178897151272501,0,0.26638325584949585
10826.json,scott-walker,false,1,speaker_disjoint_split,1,0.7392602541540663,1,0.6995045367694994
3403.json,john-kasich,true,0,speaker_disjoint_split,0,0.3875204990767047,0,0.35990774608650555
6430.json,american-commitment,barely-true,1,speaker_disjoint_split,1,0.6453630382157558,1,0.6291826109682394
13062.json,donald-trump,mostly-true,0,speaker_disjoint_split,0,0.4236865289740514,0,0.4376505809487078
12091.json,new-hampshire-republican-party,mostly-true,0,speaker_disjoint_split,0,0.3788160453498849,0,0.42186292906755524
6349.json,lights-liberty,barely-true,1,speaker_disjoint_split,1,0.5264925372474729,1,0.6153510142129716
13248.json,william-ruto,false,1,speaker_disjoint_split,0,0.3185007634098604,0,0.35528248000011853
4652.json,eileen-brady,false,1,speaker_disjoint_split,1,0.5247323022400894,1,0.5226582578261422
5411.json,ron-paul,pants-fire,1,speaker_disjoint_split,0,0.43769283973703155,0,0.4589406204736786
1533.json,lamar-alexander,half-true,0,speaker_disjoint_split,0,0.3965605894263399,0,0.38288996619680593
13072.json,tim-kaine,true,0,speaker_disjoint_split,0,0.46052040042080716,1,0.5530323584284069
12941.json,tim-kaine,barely-true,1,speaker_disjoint_split,1,0.5642804781936183,1,0.5423317425871652
9531.json,state-democratic-party-wisconsin,barely-true,1,speaker_disjoint_split,0,0.4777346937062998,1,0.5504438657006816
3872.json,democratic-congressional-campaign-committee,false,1,speaker_disjoint_split,1,0.6590159829733193,1,0.6760926007594049
2632.json,john-kasich,false,1,speaker_disjoint_split,0,0.44979142772467107,0,0.40051365243318754
11591.json,donald-trump,pants-fire,1,speaker_disjoint_split,1,0.6242040853967512,1,0.649155090297261
1050.json,karl-rove,false,1,speaker_disjoint_split,1,0.5901784300314531,1,0.6670682777485396
8513.json,scott-walker,pants-fire,1,speaker_disjoint_split,1,0.6031413573425851,1,0.5896712902988152
634.json,john-mccain,mostly-true,0,speaker_disjoint_split,0,0.31911238642163886,0,0.3318198915889599
12404.json,vote-no-2,half-true,0,speaker_disjoint_split,0,0.39283872763876365,0,0.25120652312086755
13297.json,colorado-citizens-accountable-government,pants-fire,1,speaker_disjoint_split,1,0.6767822688707732,1,0.5510345075204627
5009.json,michael-chippendale,false,1,speaker_disjoint_split,0,0.4602983075578561,0,0.47538852204106846
11213.json,bill-clinton,mostly-true,0,speaker_disjoint_split,1,0.5681122276711277,1,0.5094124319446566
9870.json,jeanne-shaheen,half-true,0,speaker_disjoint_split,1,0.6156842552080175,1,0.5715862490342203
1770.json,michael-bloomberg,true,0,speaker_disjoint_split,1,0.5253926409785487,1,0.5587295227098886
2648.json,maryellen-oshaughnessy,true,0,speaker_disjoint_split,0,0.38933343728867575,0,0.3896013673161039
9439.json,chuck-todd,true,0,speaker_disjoint_split,0,0.40147281163861154,0,0.34573004182053035
751.json,john-mccain,true,0,speaker_disjoint_split,0,0.29789969417196804,0,0.3447414236508219
4028.json,yard-sign,true,0,speaker_disjoint_split,1,0.5961691705636423,1,0.6117881979968022
1173.json,glenn-beck,barely-true,1,speaker_disjoint_split,1,0.6043943058660306,1,0.6359178827977059
2592.json,chris-coons,true,0,speaker_disjoint_split,0,0.4034584058114663,0,0.30919890232750213
4610.json,john-driscoll,barely-true,1,speaker_disjoint_split,1,0.5317596309338004,1,0.5254383507480448
1699.json,charlie-crist,half-true,0,speaker_disjoint_split,1,0.5724079292691898,1,0.5015807241299751
11038.json,chuck-todd,mostly-true,0,speaker_disjoint_split,0,0.3631112556732052,0,0.3249423118776446
11682.json,donald-trump,barely-true,1,speaker_disjoint_split,0,0.48505283927899023,1,0.5523696634728467
2404.json,patrick-lynch,half-true,0,speaker_disjoint_split,1,0.6448074282767985,0,0.4157177911639871
3420.json,nathan-deal,true,0,speaker_disjoint_split,0,0.35019187648453315,0,0.3510283269171282
3407.json,patti-doyle,mostly-true,0,speaker_disjoint_split,0,0.3312684047567278,0,0.20876083753119312
5046.json,judy-shiprack-diane-mckeel,half-true,0,speaker_disjoint_split,1,0.5518524222561605,1,0.5027796574224673
1170.json,arne-duncan,false,1,speaker_disjoint_split,1,0.6340288491479706,1,0.518477785550249
7075.json,robert-menendez,half-true,0,speaker_disjoint_split,1,0.639577771521464,1,0.5491963212331609
1655.json,lloyd-doggett,true,0,speaker_disjoint_split,0,0.31141766723146014,0,0.30967125912423654
460.json,john-mccain,barely-true,1,speaker_disjoint_split,0,0.49849262712286324,1,0.5198826954428596
7150.json,ken-detzner,mostly-true,0,speaker_disjoint_split,0,0.3277137969724362,0,0.3350974001902306
8956.json,americans-prosperity-georgia-chapter,half-true,0,speaker_disjoint_split,1,0.7745501965776688,1,0.757534123990396
11650.json,heather-moore,barely-true,1,speaker_disjoint_split,0,0.21713499260188734,0,0.36263717162924797
36.json,john-mccain,barely-true,1,speaker_disjoint_split,0,0.4828724183543498,0,0.46342791992746296
11899.json,bernie-s,true,0,speaker_disjoint_split,0,0.43014749169664124,0,0.4222247094034817
3324.json,scott-walker,mostly-true,0,speaker_disjoint_split,0,0.4098034172821673,0,0.3999854993124724
11452.json,donald-trump,pants-fire,1,speaker_disjoint_split,1,0.6338776412731143,1,0.6297732990089036
10656.json,jess-mcintosh,true,0,speaker_disjoint_split,1,0.5447879928380505,1,0.5311656065696835
11027.json,donald-trump,barely-true,1,speaker_disjoint_split,1,0.5352885654618991,1,0.51832936934951
11413.json,lynn-westmoreland,false,1,speaker_disjoint_split,1,0.6035719219552336,1,0.6785332701583981
2006.json,jorge-ramos,mostly-true,0,speaker_disjoint_split,1,0.5093734861299705,1,0.5917039658798915
11649.json,joe-donald,mostly-true,0,speaker_disjoint_split,0,0.36095958945706275,0,0.29045800705888275
5477.json,laurie-monnes-anderson,true,0,speaker_disjoint_split,0,0.480738670432691,1,0.5069561026397895
2546.json,jon-husted,false,1,speaker_disjoint_split,1,0.639090997104678,1,0.5860468299718481
8682.json,charlie-crist,barely-true,1,speaker_disjoint_split,1,0.6163182219064385,1,0.5489849269912099
572.json,john-mccain,barely-true,1,speaker_disjoint_split,1,0.5539987240380966,1,0.6000153314282393
13273.json,donald-trump,false,1,speaker_disjoint_split,1,0.6044607445154085,1,0.6361128234374569
8517.json,charlie-crist,half-true,0,speaker_disjoint_split,0,0.4557142095070195,0,0.4193370063472723
12231.json,bernie-s,mostly-true,0,speaker_disjoint_split,1,0.6368357706505302,1,0.6107560439460599
6840.json,robert-menendez,mostly-true,0,speaker_disjoint_split,1,0.5473162550473962,1,0.5176078243912309
8647.json,rush-limbaugh,false,1,speaker_disjoint_split,1,0.7682510123629743,1,0.781357014207775
3564.json,david-pepper,mostly-true,0,speaker_disjoint_split,0,0.38799083879485496,1,0.5145426442218303
7882.json,wisconsin-institute-law-liberty,true,0,speaker_disjoint_split,1,0.5902816102927239,1,0.5938866132025947
7829.json,greg-walden,barely-true,1,speaker_disjoint_split,0,0.4842250832378569,1,0.5585365629394938
583.json,john-mccain,half-true,0,speaker_disjoint_split,0,0.46321720022860446,1,0.5001590632273022
4582.json,scott-walker,half-true,0,speaker_disjoint_split,0,0.4711746683414272,0,0.4627320330470306
3069.json,scott-walker,false,1,speaker_disjoint_split,1,0.636071134940435,1,0.6242223908031826
13143.json,donald-trump,false,1,speaker_disjoint_split,1,0.6135296071789575,1,0.6505758749397467
10586.json,scott-walker,false,1,speaker_disjoint_split,1,0.6074898483392177,1,0.5758247031531227
941.json,john-mccain,mostly-true,0,speaker_disjoint_split,1,0.5523869575097745,1,0.5445704636925794
4409.json,jon-huntsman,half-true,0,speaker_disjoint_split,0,0.45140508255070727,0,0.3804565012053874
12755.json,donald-trump,true,0,speaker_disjoint_split,1,0.5859963804092619,1,0.6355787765657099
11976.json,bernie-s,half-true,0,speaker_disjoint_split,1,0.5482573580809028,1,0.5282812774441719
10675.json,trebor-banstetter,mostly-true,0,speaker_disjoint_split,0,0.2710558340849457,0,0.27989264173831246
12815.json,donald-trump,false,1,speaker_disjoint_split,0,0.42500893104845616,0,0.46161908222101805
10907.json,nathan-deal,true,0,speaker_disjoint_split,0,0.4259109439398903,0,0.36875609122640646
628.json,john-mccain,barely-true,1,speaker_disjoint_split,1,0.5927277988594066,1,0.5643702545265563
601.json,john-mccain,half-true,0,speaker_disjoint_split,1,0.5585389908339087,1,0.613815538142907
1181.json,joe-wilson,false,1,speaker_disjoint_split,1,0.7337719459576284,1,0.8194810722825604
6595.json,callista-gingrich,barely-true,1,speaker_disjoint_split,1,0.768753559073349,1,0.7573562124986453
283.json,john-mccain,true,0,speaker_disjoint_split,1,0.6012077520806585,1,0.605592833258096
9824.json,don-lemon,false,1,speaker_disjoint_split,0,0.4862119423393127,0,0.4504184578134031
12315.json,john-kasich,true,0,speaker_disjoint_split,0,0.38414936962060825,0,0.3833910664617044
3973.json,david-axelrod,half-true,0,speaker_disjoint_split,0,0.35287677313463256,0,0.2950042062224238
4065.json,scott-walker,false,1,speaker_disjoint_split,0,0.4543290269460788,0,0.3991098974364004
13121.json,donald-trump,false,1,speaker_disjoint_split,1,0.659049275758353,1,0.721482176880574
5208.json,ken-cuccinelli,pants-fire,1,speaker_disjoint_split,1,0.6756189275787474,1,0.6779081962425438
12066.json,pat-mccrory,half-true,0,speaker_disjoint_split,1,0.5612456064283428,0,0.49827557160126246
11340.json,common-sense-kids-action,mostly-true,0,speaker_disjoint_split,0,0.3113343091359667,0,0.306340439466753
1275.json,ann-coulter,half-true,0,speaker_disjoint_split,1,0.5479316665119226,1,0.5952697247321105
11203.json,israel-oquinn,false,1,speaker_disjoint_split,0,0.35479589098218683,0,0.3549635645237355
7267.json,scott-walker,half-true,0,speaker_disjoint_split,0,0.47645535796766214,1,0.5139001563261475
12660.json,state-democratic-party-wisconsin,barely-true,1,speaker_disjoint_split,1,0.567466595446574,1,0.5861480977568032
254.json,john-mccain,mostly-true,0,speaker_disjoint_split,1,0.5441109532551451,1,0.5757829780244259
1298.json,debbie-wasserman-schultz,mostly-true,0,speaker_disjoint_split,1,0.5593669741384509,1,0.599559209441581
1117.json,donna-brazile,half-true,0,speaker_disjoint_split,0,0.4755132867883371,1,0.5256032887545514
12502.json,john-mccain,mostly-true,0,speaker_disjoint_split,1,0.5618201635798589,1,0.6088591549430785
7774.json,mike-foley,mostly-true,0,speaker_disjoint_split,0,0.31571910543879145,0,0.36923765828271266
1360.json,rush-limbaugh,false,1,speaker_disjoint_split,0,0.4596677118114758,1,0.5353978343016828
4877.json,scott-walker,false,1,speaker_disjoint_split,1,0.5062088250210814,1,0.5781026608661282
11440.json,scott-walker,false,1,speaker_disjoint_split,1,0.5814580508870898,1,0.5541333251512457
484.json,john-mccain,false,1,speaker_disjoint_split,1,0.5985163025733173,1,0.5991040765811374
8633.json,heritage-foundation,half-true,0,speaker_disjoint_split,1,0.6207452564836016,1,0.6082976287132349
9826.json,truth-accounting,barely-true,1,speaker_disjoint_split,0,0.3695037080673499,0,0.40254560699682507
10643.json,ken-plum,mostly-true,0,speaker_disjoint_split,1,0.5102795492339373,0,0.48734931673525866
5767.json,jim-cooper,true,0,speaker_disjoint_split,0,0.44475569003177123,0,0.48095377211701174
1604.json,barbara-cargill,barely-true,1,speaker_disjoint_split,0,0.40116129769396375,0,0.28579458189895546
1757.json,janet-napolitano,mostly-true,0,speaker_disjoint_split,1,0.507043573767709,1,0.6121879569449294
530.json,john-mccain,mostly-true,0,speaker_disjoint_split,0,0.47707884959554336,1,0.52986251683306
10520.json,peter-defazio,half-true,0,speaker_disjoint_split,1,0.541955956120555,1,0.6689417311341941
12102.json,club-growth,false,1,speaker_disjoint_split,1,0.5684781911667138,1,0.5304936073576721
12266.json,donald-trump,false,1,speaker_disjoint_split,0,0.48047977878693526,1,0.5524692081076037
12747.json,donald-trump,mostly-true,0,speaker_disjoint_split,1,0.6758576509406622,1,0.6726291973640446
8524.json,charlie-crist,mostly-true,0,speaker_disjoint_split,0,0.4260883591953332,0,0.3826534257605104
2351.json,jan-brewer,pants-fire,1,speaker_disjoint_split,0,0.46765046220194734,1,0.6230138503139115
9764.json,scott-walker,mostly-true,0,speaker_disjoint_split,0,0.3824709077985657,0,0.4034218430701923
11457.json,donald-trump,false,1,speaker_disjoint_split,1,0.5414133225653796,1,0.6006162286620624
11250.json,bernie-s,true,0,speaker_disjoint_split,0,0.35015346276973086,0,0.3301773619054945
4889.json,ron-paul,barely-true,1,speaker_disjoint_split,0,0.4985208281114931,0,0.462824777949876
6443.json,peter-defazio,mostly-true,0,speaker_disjoint_split,1,0.708696683123676,1,0.768133685131428
1463.json,john-mccain,false,1,speaker_disjoint_split,1,0.5202077425876829,0,0.4492723651795724
11534.json,donald-trump,half-true,0,speaker_disjoint_split,0,0.26486524489729324,0,0.337189198903388
10490.json,susan-shapiro,true,0,speaker_disjoint_split,0,0.43040316042114596,0,0.36013493830163573
6062.json,john-kasich,mostly-true,0,speaker_disjoint_split,0,0.4083176882028108,0,0.4477215127020521
7074.json,steve-lonegan,true,0,speaker_disjoint_split,0,0.3747457000074259,0,0.32616138757832236
2074.json,john-mccain,mostly-true,0,speaker_disjoint_split,0,0.41562582342258725,0,0.36213735309820283
23.json,obama-girl,true,0,speaker_disjoint_split,1,0.5783512699389939,1,0.6796928636964252
3310.json,john-kasich,barely-true,1,speaker_disjoint_split,1,0.5953459423942906,1,0.5356447582275745
8410.json,ann-coulter,pants-fire,1,speaker_disjoint_split,1,0.7849559152816307,1,0.8285009703350742
3545.json,roberto-dasilva,mostly-true,0,speaker_disjoint_split,1,0.5245325787525836,0,0.45479078737311535
3521.json,citizens-strong-america,pants-fire,1,speaker_disjoint_split,1,0.6436235637881054,1,0.7464621348864084
2241.json,eddie-bernice-johnson,true,0,speaker_disjoint_split,0,0.21000341085394336,0,0.3792811768086917
12111.json,debbie-wasserman-schultz,mostly-true,0,speaker_disjoint_split,0,0.47244592417697256,0,0.4383809868310557
4311.json,jon-huntsman,mostly-true,0,speaker_disjoint_split,0,0.3472956646724851,0,0.335650043556315
1392.json,hector-uribe,pants-fire,1,speaker_disjoint_split,1,0.6083750088251811,1,0.579685924764686
10985.json,athens-banner-herald,true,0,speaker_disjoint_split,0,0.31046268009672606,0,0.3268339508936549
12459.json,donald-trump,half-true,0,speaker_disjoint_split,1,0.6529068706398662,1,0.7073292395639146
9980.json,republican-party-florida,barely-true,1,speaker_disjoint_split,0,0.27073250021735307,0,0.27451257251194594
2529.json,john-robitaille,true,0,speaker_disjoint_split,0,0.45056136068297825,0,0.49164083771685607
13235.json,donald-trump,barely-true,1,speaker_disjoint_split,1,0.5361394371938136,1,0.5543832662854749
2383.json,david-axelrod,barely-true,1,speaker_disjoint_split,1,0.5700837603448764,1,0.5409374267209576
9988.json,charlie-crist,half-true,0,speaker_disjoint_split,1,0.7488744222460374,1,0.6883047763167176
4384.json,blog-posting,pants-fire,1,speaker_disjoint_split,0,0.47429116231015833,1,0.6544242454020833
2080.json,joe-biden,half-true,0,speaker_disjoint_split,1,0.5073201048525758,0,0.47925865708580073
8599.json,grady-judd,mostly-true,0,speaker_disjoint_split,1,0.5482603137394397,0,0.48441883535305613
12088.json,bill-oreilly,false,1,speaker_disjoint_split,1,0.6727850376277705,1,0.6438475927770266
8812.json,louie-gohmert,pants-fire,1,speaker_disjoint_split,0,0.31076484077455196,0,0.34124657340796066
8825.json,national-republican-congressional-committee,mostly-true,0,speaker_disjoint_split,0,0.4628305015889618,0,0.4313543324406258
11889.json,donald-trump,half-true,0,speaker_disjoint_split,1,0.6070817399560259,1,0.5761032430649748
10477.json,scott-walker,half-true,0,speaker_disjoint_split,1,0.6074898483392177,1,0.5758247031531227
2088.json,john-kasich,true,0,speaker_disjoint_split,0,0.3146561929653013,0,0.3681507245022577
8844.json,nathan-deal,barely-true,1,speaker_disjoint_split,1,0.5689855212096144,1,0.5381207254815621
11507.json,ben-carson,half-true,0,speaker_disjoint_split,0,0.2846699046823106,0,0.28084791217580424
9321.json,ralph-nader,false,1,speaker_disjoint_split,0,0.32483370131920597,0,0.2916551465148393
7076.json,charlie-crist,barely-true,1,speaker_disjoint_split,1,0.540428613013704,0,0.4231160166452507
4509.json,john-kasich,barely-true,1,speaker_disjoint_split,0,0.34364220324523004,0,0.3085305705136886
4269.json,sam-olens,true,0,speaker_disjoint_split,0,0.3695766561418177,0,0.4214815453639453
9564.json,sean-spicer,pants-fire,1,speaker_disjoint_split,0,0.3642096191166328,0,0.4163554003868357
4730.json,joe-biden,mostly-true,0,speaker_disjoint_split,1,0.5152848882389269,0,0.4768217432570938
9350.json,larry-pratt,false,1,speaker_disjoint_split,0,0.28458473650054084,0,0.28881638933660453
10494.json,don-beyer,mostly-true,0,speaker_disjoint_split,0,0.34811807011182655,0,0.3517389378588783
4788.json,tim-kaine,false,1,speaker_disjoint_split,1,0.5821326460711844,1,0.5432575392418877
7616.json,john-kasich,true,0,speaker_disjoint_split,0,0.4710746527129677,0,0.45846412706777107
677.json,john-mccain,true,0,speaker_disjoint_split,0,0.4615656151820967,1,0.501350799685458
7522.json,jeff-tittel,half-true,0,speaker_disjoint_split,0,0.319867851340632,0,0.4446487925603806
12519.json,bernie-s,half-true,0,speaker_disjoint_split,0,0.4823128547004167,0,0.448478562032211
11999.json,donald-trump,mostly-true,0,speaker_disjoint_split,0,0.35177812849728574,0,0.43980447477191376
8494.json,rush-limbaugh,barely-true,1,speaker_disjoint_split,1,0.7186400395604787,1,0.7447367216235105
10877.json,john-mccain,true,0,speaker_disjoint_split,0,0.4259326580151192,0,0.4403883957844275
10426.json,carly-fiorina,barely-true,1,speaker_disjoint_split,1,0.8737769647101967,1,0.8246867649907212
11202.json,scott-walker,mostly-true,0,speaker_disjoint_split,0,0.4544817279985206,0,0.4771589649580137
12590.json,donald-trump,barely-true,1,speaker_disjoint_split,1,0.5083233902472745,1,0.5302991701255467
2216.json,john-kasich,half-true,0,speaker_disjoint_split,1,0.5733525083237309,1,0.5675123124901402
8462.json,nick-gillespie,mostly-true,0,speaker_disjoint_split,0,0.40860081644855367,0,0.47756023862924246
3853.json,bob-graham,barely-true,1,speaker_disjoint_split,1,0.5087610458170845,1,0.5299041196124914
8686.json,republican-party-florida,barely-true,1,speaker_disjoint_split,1,0.5169140844010498,0,0.46165489820958777
12865.json,donald-trump,false,1,speaker_disjoint_split,1,0.5458764870560413,1,0.6122913033335262
11483.json,donald-trump,false,1,speaker_disjoint_split,0,0.31435184744079064,0,0.3091455462225709
4164.json,mike-males,mostly-true,0,speaker_disjoint_split,1,0.5598068642224104,1,0.575691456214236
12918.json,gary-johnson,half-true,0,speaker_disjoint_split,1,0.5359313625988921,0,0.43265127834850853
2952.json,debbie-wasserman-schultz,true,0,speaker_disjoint_split,0,0.2892948481570982,0,0.29160792161756094
12123.json,bernie-s,mostly-true,0,speaker_disjoint_split,0,0.3174759661713301,0,0.2758999174355413
1586.json,charlie-crist,mostly-true,0,speaker_disjoint_split,1,0.6049422687500111,1,0.5232102447428955
11784.json,carly-fiorina,false,1,speaker_disjoint_split,0,0.472911545681225,0,0.44207436885164586
452.json,bill-clinton,pants-fire,1,speaker_disjoint_split,1,0.5629883526934982,0,0.46993481680402216
12629.json,donald-trump,false,1,speaker_disjoint_split,1,0.6040095199019765,1,0.6417322598413647
8107.json,tom-cole,mostly-true,0,speaker_disjoint_split,0,0.48983380182067693,1,0.5105176152284667
12874.json,donald-trump,true,0,speaker_disjoint_split,1,0.5983174395760629,1,0.6215660572034518
6075.json,sam-adams,true,0,speaker_disjoint_split,0,0.3933349174702468,0,0.3459159522352087
9684.json,scott-walker,false,1,speaker_disjoint_split,0,0.41347095042044624,0,0.38662802949541286
8665.json,larry-pratt,half-true,0,speaker_disjoint_split,0,0.4921529138679456,0,0.47636619584565437
7898.json,stephen-sweeney,false,1,speaker_disjoint_split,0,0.31863526436950307,0,0.2582510040133736
12531.json,donald-trump,mostly-true,0,speaker_disjoint_split,0,0.4037161631532516,0,0.4829980301087129
8281.json,mayors-against-illegal-guns,half-true,0,speaker_disjoint_split,0,0.3718236468419073,0,0.37060589966376806
4470.json,nathan-deal,true,0,speaker_disjoint_split,0,0.30240829899655863,0,0.3109644380628781
12452.json,bernie-s,mostly-true,0,speaker_disjoint_split,1,0.6325731546268637,1,0.6628104483759795
12568.json,donald-trump,false,1,speaker_disjoint_split,1,0.5793884099846416,1,0.6037270075523774
4478.json,scott-walker,pants-fire,1,speaker_disjoint_split,1,0.5568078587790205,1,0.5362844431446118
11821.json,john-mccain,mostly-true,0,speaker_disjoint_split,0,0.43147484182210294,0,0.45341324483755935
1193.json,karl-rove,half-true,0,speaker_disjoint_split,1,0.710092126049887,1,0.755283657081179
11045.json,blog-posting,pants-fire,1,speaker_disjoint_split,1,0.6113037568385009,1,0.8288764922304708
4377.json,blog-posting,pants-fire,1,speaker_disjoint_split,0,0.4438208107537789,1,0.6265736793119634
10845.json,alex-mcmurtrie-jr,false,1,speaker_disjoint_split,1,0.5427756484380744,1,0.5698217468094627
11095.json,scott-walker,barely-true,1,speaker_disjoint_split,1,0.6735030248759043,1,0.7045500233910943
8783.json,lloyd-doggett,true,0,speaker_disjoint_split,1,0.6545573292257982,1,0.5744374107052871
5858.json,eileen-brady,true,0,speaker_disjoint_split,1,0.5907340480110159,1,0.6233440584789814
13476.json,blog-posting,false,1,speaker_disjoint_split,1,0.5089300842996402,1,0.6218853702860911
13307.json,donald-trump,false,1,speaker_disjoint_split,1,0.5658516629937735,1,0.655210004768797
12772.json,bernie-s,mostly-true,0,speaker_disjoint_split,0,0.28128230141182103,0,0.27262144109962205
7262.json,college-presidents,mostly-true,0,speaker_disjoint_split,1,0.5755743098784549,1,0.5537083069100462
9474.json,rush-limbaugh,false,1,speaker_disjoint_split,1,0.5775416686731784,1,0.6365371311112595
2456.json,scott-walker,half-true,0,speaker_disjoint_split,0,0.39608505555653234,0,0.43698265761348926
2896.json,angel-taveras,mostly-true,0,speaker_disjoint_split,0,0.4437530646503163,0,0.3531398502182208
12081.json,donald-trump,false,1,speaker_disjoint_split,1,0.6445525013274056,1,0.715732979820934
11896.json,donald-trump,pants-fire,1,speaker_disjoint_split,0,0.36805184597092233,0,0.3863402869939779
10771.json,tim-kaine,barely-true,1,speaker_disjoint_split,0,0.3375954267743796,0,0.2980262088690822
3178.json,ron-paul,pants-fire,1,speaker_disjoint_split,0,0.48905389902938656,0,0.46269827045938905
273.json,john-mccain,false,1,speaker_disjoint_split,1,0.518855520109709,1,0.5430041029727559
8142.json,jeff-merkley,mostly-true,0,speaker_disjoint_split,0,0.1766418336375755,0,0.14933418408253502
564.json,john-mccain,mostly-true,0,speaker_disjoint_split,1,0.5232878625550469,1,0.5482941253182007
4675.json,new-jersey-democratic-state-committee,barely-true,1,speaker_disjoint_split,0,0.452812736111967,0,0.4240465230200897
11535.json,ben-carson,mostly-true,0,speaker_disjoint_split,1,0.537106081721139,1,0.5741528508095587
8980.json,scott-walker,false,1,speaker_disjoint_split,0,0.4612867304876759,1,0.5134453334213697
10364.json,peter-feigin,false,1,speaker_disjoint_split,0,0.40681999674414676,0,0.3086495877275906
13276.json,donald-trump,pants-fire,1,speaker_disjoint_split,0,0.43368703216436444,1,0.5026142743170213
1597.json,citizens-lower-taxes-and-stronger-economy,half-true,0,speaker_disjoint_split,1,0.5929714539340992,0,0.4195331052539149
13427.json,donald-trump,false,1,speaker_disjoint_split,1,0.5380290156869663,1,0.587242830811683
10958.json,bernie-s,mostly-true,0,speaker_disjoint_split,0,0.3559803617397383,0,0.3632583303859578
3198.json,bill-oreilly,true,0,speaker_disjoint_split,1,0.5857156370589739,1,0.5728979369007534
11979.json,bernie-s,barely-true,1,speaker_disjoint_split,0,0.4145079556293017,0,0.4132140191195942
11022.json,donna-brazile,mostly-true,0,speaker_disjoint_split,1,0.5145105749660408,1,0.5184648236818812
3247.json,whoopi-goldberg,half-true,0,speaker_disjoint_split,1,0.5236472908872127,1,0.5186094534801806
11309.json,donald-trump,barely-true,1,speaker_disjoint_split,1,0.7666247034337598,1,0.7996198524446144
10934.json,pamela-geller,half-true,0,speaker_disjoint_split,1,0.578007684927362,1,0.7147474209173431
448.json,john-mccain,barely-true,1,speaker_disjoint_split,0,0.4600814895479449,0,0.4934218175231442
5359.json,restore-our-future,pants-fire,1,speaker_disjoint_split,1,0.5142889812655604,1,0.5514549950590549
1987.json,ron-klein,false,1,speaker_disjoint_split,0,0.4599290965830974,1,0.5297914435746071
6825.json,promote-oregon-leadership-pac-oregon-house-republi,half-true,0,speaker_disjoint_split,1,0.5471212401076502,1,0.5941933886555261
127.json,joe-biden,half-true,0,speaker_disjoint_split,0,0.3881905200007448,0,0.341588544917901
5173.json,arne-duncan,mostly-true,0,speaker_disjoint_split,0,0.40135033041018403,0,0.3175422801750292
12232.json,john-kasich,mostly-true,0,speaker_disjoint_split,0,0.36249597352373997,0,0.3716791670714302
946.json,john-mccain,false,1,speaker_disjoint_split,1,0.5950228178159668,1,0.5797440726358294
6961.json,oregon-senate-republicans,mostly-true,0,speaker_disjoint_split,1,0.6358539306474453,1,0.7283012286691056
6631.json,kathleen-sebelius,half-true,0,speaker_disjoint_split,1,0.5023463320303232,1,0.5294854215132434
2285.json,sam-rashid,barely-true,1,speaker_disjoint_split,1,0.6068969297384106,1,0.6482614052643154
12536.json,david-beckham,true,0,speaker_disjoint_split,0,0.18259149028142882,0,0.19882911480296192
7860.json,keith-faber,true,0,speaker_disjoint_split,0,0.21547475996666912,0,0.2942281452721202
1949.json,vern-buchanan,true,0,speaker_disjoint_split,0,0.3298766432908847,0,0.44542591222400585
3602.json,jeff-cogen,half-true,0,speaker_disjoint_split,1,0.5110015238411434,0,0.4270626210195326
12299.json,john-kirby,false,1,speaker_disjoint_split,1,0.8300812595904329,1,0.8375523713087214
7400.json,ed-fallone,false,1,speaker_disjoint_split,0,0.47320741915861697,1,0.5154486186328555
783.json,john-mccain,true,0,speaker_disjoint_split,1,0.5737980803113848,1,0.5900853875136872
3549.json,donald-trump,false,1,speaker_disjoint_split,1,0.5532494378311151,1,0.5939295445658502
10006.json,republican-party-florida,barely-true,1,speaker_disjoint_split,1,0.5660842209912613,1,0.5058689068958185
13353.json,donald-trump,barely-true,1,speaker_disjoint_split,1,0.5827424927657208,1,0.6230022890499323
12173.json,don-beyer,mostly-true,0,speaker_disjoint_split,0,0.4267588263021293,0,0.490436724775012
3353.json,john-kasich,true,0,speaker_disjoint_split,0,0.401796503824903,0,0.42107384653098956
1614.json,orrin-hatch,true,0,speaker_disjoint_split,1,0.5203331943484926,1,0.5001779185685735
6569.json,artur-davis,barely-true,1,speaker_disjoint_split,1,0.5952007265286087,1,0.6626863398116539
9205.json,gary-peters,half-true,0,speaker_disjoint_split,1,0.5180896356005769,0,0.4273710485350574
7883.json,dave-joyce,true,0,speaker_disjoint_split,1,0.6845878796806014,1,0.6673260049928412
7205.json,deepwater-wind,true,0,speaker_disjoint_split,0,0.4787299270699806,0,0.33197467172637085
9397.json,john-mccain,mostly-true,0,speaker_disjoint_split,0,0.38648948527380145,0,0.4288599447882153
8515.json,republican-party-florida,barely-true,1,speaker_disjoint_split,1,0.5049988609167398,0,0.4351583094175416
6954.json,democratic-congressional-campaign-committee,barely-true,1,speaker_disjoint_split,1,0.5493327631952167,1,0.5724847470192055
1602.json,annise-parker,half-true,0,speaker_disjoint_split,0,0.4697046021632328,0,0.3839882140014308
11673.json,charlotte-nash,true,0,speaker_disjoint_split,0,0.28478152342550644,0,0.2417152200225128
9611.json,blog-posting,pants-fire,1,speaker_disjoint_split,1,0.5168874304448297,1,0.7003309680560805
11107.json,club-growth,true,0,speaker_disjoint_split,0,0.4330917502248733,0,0.41803224977417325
8284.json,se-cupp,half-true,0,speaker_disjoint_split,1,0.5247810937455161,1,0.6206856182446843
12059.json,bernie-s,true,0,speaker_disjoint_split,0,0.15198744165391517,0,0.16033423888085355
12386.json,minka-kelly,half-true,0,speaker_disjoint_split,1,0.6269936116376966,1,0.6796195510652683
676.json,john-mccain,false,1,speaker_disjoint_split,1,0.6393649861421609,1,0.6422740822442289
12753.json,donald-trump,mostly-true,0,speaker_disjoint_split,1,0.561293321238334,1,0.5547663406340138
3248.json,john-kasich,mostly-true,0,speaker_disjoint_split,1,0.5257626467565899,0,0.4460238200930929
2336.json,scott-walker,barely-true,1,speaker_disjoint_split,0,0.4125947950464063,0,0.45327612772636283
5446.json,national-republican-congressional-committee,half-true,0,speaker_disjoint_split,0,0.36984109676104576,0,0.3902177199975335
7020.json,republican-governors-association,barely-true,1,speaker_disjoint_split,1,0.5246045321174504,0,0.49672689108819956
950.json,tom-coburn,false,1,speaker_disjoint_split,1,0.8213570068131278,1,0.8567963518645672
2927.json,randy-leonard,barely-true,1,speaker_disjoint_split,1,0.5247999832632595,1,0.6811498459311859
12139.json,pat-mccrory,half-true,0,speaker_disjoint_split,1,0.6562609096419563,1,0.577731556712875
11179.json,donald-trump,false,1,speaker_disjoint_split,0,0.4287286472190995,1,0.5179901391571696
4459.json,david-cicilline,true,0,speaker_disjoint_split,1,0.5296656014869418,0,0.4252043784807494
3655.json,donald-trump,pants-fire,1,speaker_disjoint_split,1,0.5301949808423418,1,0.6156050079974037
5537.json,john-kasich,half-true,0,speaker_disjoint_split,0,0.31729690068158056,0,0.2878023880918428
12711.json,tim-kaine,barely-true,1,speaker_disjoint_split,0,0.2922479060685537,0,0.265565693311991
9134.json,heather-mcghee,barely-true,1,speaker_disjoint_split,0,0.17839278938216244,0,0.11895376156524236
10195.json,leonard-pitts-jr,half-true,0,speaker_disjoint_split,1,0.5103824908488953,1,0.5453456054733993
1397.json,karl-rove,half-true,0,speaker_disjoint_split,0,0.44698192778297907,1,0.519341671534595
11329.json,carly-fiorina,mostly-true,0,speaker_disjoint_split,0,0.43045060632291937,0,0.4023764889436416
4015.json,democratic-congressional-campaign-committee,barely-true,1,speaker_disjoint_split,1,0.6257696466704918,1,0.6859941645885711
5298.json,armond-budish,true,0,speaker_disjoint_split,0,0.25554728033423496,0,0.30810536513927417
45.json,bill-richardson,pants-fire,1,speaker_disjoint_split,0,0.4682830777628495,0,0.4402617003156801
10752.json,texas-organizing-project,true,0,speaker_disjoint_split,0,0.28465475734692347,0,0.1810478608301327
12032.json,john-kasich,half-true,0,speaker_disjoint_split,0,0.3029734529608571,0,0.31030703936354703
10775.json,rush-limbaugh,barely-true,1,speaker_disjoint_split,0,0.3581311694730199,0,0.40764154858117835
1030.json,colin-powell,half-true,0,speaker_disjoint_split,1,0.5936664321681093,1,0.5540678032299413
5711.json,elizabeth-ames-jones,barely-true,1,speaker_disjoint_split,0,0.46738004272470646,1,0.5459069617335316
11397.json,john-stemberger,false,1,speaker_disjoint_split,1,0.6259659517230581,1,0.5767999419662735
11790.json,john-cortes,true,0,speaker_disjoint_split,0,0.4740146322546478,1,0.5139989678332814
9792.json,john-padgett,true,0,speaker_disjoint_split,0,0.3913052067053725,0,0.30965984500363974
1058.json,ann-coulter,barely-true,1,speaker_disjoint_split,1,0.6362704065253703,1,0.6873247086362507
8912.json,charlie-crist,true,0,speaker_disjoint_split,1,0.5214300106926049,0,0.46953347906438236
824.json,john-mccain,half-true,0,speaker_disjoint_split,1,0.6372698611530891,1,0.6708757923512609
10792.json,jim-lampley,pants-fire,1,speaker_disjoint_split,0,0.4324101698759351,0,0.3299352331210742
5407.json,bill-pascrell,false,1,speaker_disjoint_split,1,0.5312622792819742,1,0.5261387028254114
11991.json,bernie-s,mostly-true,0,speaker_disjoint_split,0,0.2451302042497486,0,0.235853396192618
7457.json,carolyn-medeiros,barely-true,1,speaker_disjoint_split,1,0.5339471654550414,0,0.45944378067835834
13348.json,debbie-wasserman-schultz,false,1,speaker_disjoint_split,0,0.38727163619543564,0,0.44226913211432384
13461.json,blog-posting,pants-fire,1,speaker_disjoint_split,1,0.5048343557857431,1,0.6026380620700366
1188.json,thomas-sowell,false,1,speaker_disjoint_split,1,0.5301808834776106,1,0.5298285336590595
797.json,john-mccain,false,1,speaker_disjoint_split,1,0.5977094633951511,1,0.6103681980088923
2304.json,arne-duncan,half-true,0,speaker_disjoint_split,0,0.28567919774287004,0,0.21686135412812407
7609.json,jeff-tittel,pants-fire,1,speaker_disjoint_split,0,0.43759892841273684,1,0.5410577800358769
9085.json,matt-damon,half-true,0,speaker_disjoint_split,0,0.45629633042487727,0,0.4091506864546208
8221.json,john-mccain,true,0,speaker_disjoint_split,0,0.40396286874877496,0,0.4325585702732339
4775.json,bill-clinton,half-true,0,speaker_disjoint_split,0,0.30404943832321857,0,0.31187596007402235
8522.json,steve-leslie,mostly-true,0,speaker_disjoint_split,0,0.4171642850870203,0,0.36814010013007675
12974.json,gary-johnson,false,1,speaker_disjoint_split,0,0.320487678739969,0,0.2779802639957606
13018.json,alex-castellanos,barely-true,1,speaker_disjoint_split,0,0.33217528035199995,1,0.5699583091337279
1832.json,carly-fiorina,false,1,speaker_disjoint_split,0,0.45200915719006285,0,0.3351516466019419
3290.json,florida-department-corrections-worker,mostly-true,0,speaker_disjoint_split,0,0.4780239174197432,1,0.5621746645505684
6020.json,lisa-blais,barely-true,1,speaker_disjoint_split,1,0.5280348388447551,0,0.484258512964224
10836.json,thomas-perez,half-true,0,speaker_disjoint_split,0,0.4039392048415824,0,0.39558126781414743
11067.json,scott-walker,mostly-true,0,speaker_disjoint_split,0,0.4522765026266859,0,0.4853017629404193
8007.json,robert-menendez,mostly-true,0,speaker_disjoint_split,0,0.4956244130161021,0,0.45325716156142903
3193.json,scott-walker,true,0,speaker_disjoint_split,0,0.45425528085691413,0,0.4428210991595616
3756.json,janet-napolitano,pants-fire,1,speaker_disjoint_split,1,0.5489688649828934,1,0.6534307286526718
3140.json,oregon-senate-republicans,barely-true,1,speaker_disjoint_split,1,0.5358127070838704,1,0.6483436719849969
6082.json,john-kasich,mostly-true,0,speaker_disjoint_split,0,0.4319630042667761,0,0.47003613274807654
12767.json,corey-stewart,barely-true,1,speaker_disjoint_split,1,0.6171986936930768,1,0.5789442637430148
8657.json,daniel-mckee,mostly-true,0,speaker_disjoint_split,0,0.4011764277774896,0,0.26080423509470935
6278.json,debbie-wasserman-schultz,mostly-true,0,speaker_disjoint_split,0,0.48561744071534035,0,0.48099852899073986
2839.json,atlanta-sports-council,false,1,speaker_disjoint_split,0,0.4592341925302602,0,0.4023542723590526
2471.json,susan-latvala,false,1,speaker_disjoint_split,0,0.4093592029954651,1,0.5732282049641257
3707.json,gary-johnson,mostly-true,0,speaker_disjoint_split,0,0.29262288393465447,0,0.2573811030296175
4.json,bill-richardson,mostly-true,0,speaker_disjoint_split,1,0.5668942156097412,1,0.6005969979641727
3344.json,scott-walker,false,1,speaker_disjoint_split,1,0.5933273120502648,1,0.5880563188618009
10651.json,blog-posting,barely-true,1,speaker_disjoint_split,1,0.6128835084181911,1,0.7918487286448582
13105.json,gary-johnson,mostly-true,0,speaker_disjoint_split,0,0.25934695884701287,0,0.2117216023865631
2532.json,scott-walker,true,0,speaker_disjoint_split,1,0.5359623625573923,0,0.494655885025862
7028.json,tim-kaine,mostly-true,0,speaker_disjoint_split,0,0.3428955192175101,0,0.31429222428191084
3936.json,wisconsin-humane-society,mostly-true,0,speaker_disjoint_split,1,0.5051314309519915,1,0.6688238563306047
9901.json,connie-stokes,half-true,0,speaker_disjoint_split,1,0.515120828747952,0,0.38368680052620313
13088.json,tim-kaine,mostly-true,0,speaker_disjoint_split,1,0.5277608263665988,0,0.4772798103801587
11007.json,bernie-s,half-true,0,speaker_disjoint_split,1,0.6166543404403201,1,0.6488743893504157
9066.json,kathleen-sebelius,barely-true,1,speaker_disjoint_split,0,0.4954559096411743,1,0.5742957245811168
495.json,john-mccain,true,0,speaker_disjoint_split,1,0.5932928925728315,1,0.6021898601177748
10395.json,scott-walker,half-true,0,speaker_disjoint_split,1,0.6313642382544428,1,0.6499127396369205
1709.json,charlie-crist,half-true,0,speaker_disjoint_split,0,0.4949733459323766,0,0.4523904568809418
2452.json,republican-governors-association,pants-fire,1,speaker_disjoint_split,1,0.5770598987030517,1,0.5389854659833436
13266.json,donald-trump,barely-true,1,speaker_disjoint_split,0,0.3001584094566344,0,0.33691459554901976
3543.json,stefani-carter,half-true,0,speaker_disjoint_split,0,0.4670908854495414,0,0.45784294113379126
11803.json,donald-trump,false,1,speaker_disjoint_split,1,0.6458178368532769,1,0.660387331022515
12188.json,bernie-s,false,1,speaker_disjoint_split,1,0.6079433180922792,1,0.6071504430131033
13393.json,national-republican-congressional-committee,barely-true,1,speaker_disjoint_split,1,0.6057131835278582,1,0.646043244700035
6815.json,lois-frankel,barely-true,1,speaker_disjoint_split,1,0.5770158310795525,1,0.5809695272333313
9839.json,scott-walker,mostly-true,0,speaker_disjoint_split,1,0.5656317567824738,1,0.6635578455360491
2077.json,yvette-mcgee-brown,true,0,speaker_disjoint_split,1,0.5084872539686739,0,0.49281493516673186
8298.json,dennis-richardson,false,1,speaker_disjoint_split,0,0.41005609807612314,0,0.3985774581440775
11354.json,ben-carson,barely-true,1,speaker_disjoint_split,0,0.32938785107896196,0,0.3291486406060929
8767.json,kathleen-vinehout,mostly-true,0,speaker_disjoint_split,0,0.38841469226931497,0,0.3824893455092243
44.json,bill-richardson,mostly-true,0,speaker_disjoint_split,0,0.3865177194768085,0,0.38357704173566864
11763.json,david-sweetser,true,0,speaker_disjoint_split,0,0.412497082291046,0,0.453909398411597
987.json,rush-limbaugh,false,1,speaker_disjoint_split,1,0.5366520794731151,1,0.6044491289795704
9579.json,charlie-crist,mostly-true,0,speaker_disjoint_split,1,0.5027746350045035,0,0.4449323572665537
6746.json,restore-our-future,barely-true,1,speaker_disjoint_split,0,0.405569759078596,0,0.40639727085674765
9331.json,dan-patrick,false,1,speaker_disjoint_split,1,0.5921045596977835,1,0.5512512303279942
10109.json,no-tax-tracks,false,1,speaker_disjoint_split,1,0.503749827212855,1,0.5100806602075888
6364.json,club-growth,barely-true,1,speaker_disjoint_split,1,0.5022055515183551,1,0.5054996058349142
11739.json,donald-trump,barely-true,1,speaker_disjoint_split,0,0.47360433528698614,1,0.536781128835347
10045.json,nik-kovac,false,1,speaker_disjoint_split,0,0.39767853256992336,0,0.44559083719478304
4697.json,blog-posting,false,1,speaker_disjoint_split,1,0.6223224905781681,1,0.7574640426569704
7832.json,bryan-long,half-true,0,speaker_disjoint_split,0,0.3080961665587895,0,0.32467264887770286
5648.json,lynn-westmoreland,half-true,0,speaker_disjoint_split,1,0.5802498064116269,0,0.4964922655636706
7672.json,blog-posting,false,1,speaker_disjoint_split,1,0.5738495446939124,1,0.6859549265872043
9027.json,scott-walker,true,0,speaker_disjoint_split,1,0.6322374153657147,1,0.634193440333074
6641.json,bill-clinton,true,0,speaker_disjoint_split,0,0.35254380716672146,0,0.41228811467571175
7932.json,blog-posting,false,1,speaker_disjoint_split,0,0.33433880342157724,1,0.5196843557392726
11961.json,donald-trump,false,1,speaker_disjoint_split,1,0.5793809970929324,1,0.5873898397798174
2463.json,tom-nelson,false,1,speaker_disjoint_split,0,0.46709019175682187,1,0.7156393503561113
430.json,focus-family-action,false,1,speaker_disjoint_split,1,0.5716032923254559,1,0.5370291408692471
974.json,arlen-specter,mostly-true,0,speaker_disjoint_split,0,0.4590994303934824,1,0.568963402838545
7870.json,scott-walker,half-true,0,speaker_disjoint_split,0,0.3406932514872768,0,0.3379621329183281
425.json,john-mccain,false,1,speaker_disjoint_split,1,0.6844299022694219,1,0.6905075370298488
10802.json,ben-carson,false,1,speaker_disjoint_split,0,0.3138240716083436,0,0.3069927810163454
9070.json,no-tax-tracks,false,1,speaker_disjoint_split,1,0.6688967552868483,1,0.6416257600214236
10026.json,charlie-crist,mostly-true,0,speaker_disjoint_split,1,0.5546447558078972,1,0.5207579805356651
3556.json,saxby-chambliss,mostly-true,0,speaker_disjoint_split,0,0.2688002558419353,0,0.29269212772541364
11392.json,dan-patrick,pants-fire,1,speaker_disjoint_split,0,0.24988758838772868,0,0.24675850082776657
12161.json,donald-trump,false,1,speaker_disjoint_split,0,0.47163628181355993,0,0.4837429023917745
13091.json,libre-initiative,mostly-true,0,speaker_disjoint_split,0,0.3907097715892002,1,0.5027610876398161
4785.json,robert-hagan,mostly-true,0,speaker_disjoint_split,0,0.4034717862771259,0,0.3079652654790997
2260.json,national-republican-congressional-committee,half-true,0,speaker_disjoint_split,1,0.5857804449206037,0,0.4667540820551072
9011.json,john-bolton,mostly-true,0,speaker_disjoint_split,0,0.47665417990800263,1,0.5165250621310916
2998.json,dean-cannon,true,0,speaker_disjoint_split,0,0.40154036379521124,0,0.25349339660657705
11953.json,donald-trump,false,1,speaker_disjoint_split,0,0.4568728757631462,0,0.47732614374249893
5296.json,democratic-congressional-campaign-committee,pants-fire,1,speaker_disjoint_split,1,0.5150051057090879,1,0.5653333331683226
1605.json,republican-party-florida,pants-fire,1,speaker_disjoint_split,1,0.5543092878842983,1,0.549668888586556
3315.json,christopher-peace,false,1,speaker_disjoint_split,1,0.5450643040466187,1,0.5841312159566198
7710.json,susan-b-anthony-list,pants-fire,1,speaker_disjoint_split,1,0.6012195584279987,1,0.704225207118075
8349.json,debbie-wasserman-schultz,mostly-true,0,speaker_disjoint_split,1,0.5063225404964965,1,0.5213679372283483
10684.json,scott-walker,true,0,speaker_disjoint_split,0,0.4685853035562059,1,0.5240372655341723
4324.json,arne-duncan,false,1,speaker_disjoint_split,0,0.46143174166049167,0,0.3550158393606146
12458.json,donald-trump,pants-fire,1,speaker_disjoint_split,1,0.6684738428455647,1,0.7248050813197244
807.json,john-mccain,mostly-true,0,speaker_disjoint_split,0,0.2939727910554438,0,0.2972761664774912
8954.json,dan-branch,half-true,0,speaker_disjoint_split,0,0.48704337705914263,1,0.6401079621075152
13193.json,tim-kaine,true,0,speaker_disjoint_split,0,0.41716040832768264,0,0.41481333660318626
3077.json,john-kasich,true,0,speaker_disjoint_split,1,0.5220310746856376,1,0.500481025000603
6441.json,new-jersey-democratic-state-committee,half-true,0,speaker_disjoint_split,0,0.39767198702039863,0,0.4287892732772426
9772.json,republican-party-florida,true,0,speaker_disjoint_split,0,0.4629492515985607,0,0.4324234431996172
1311.json,charlie-crist,false,1,speaker_disjoint_split,0,0.37880937834638023,0,0.3477439447841127
7079.json,saxby-chambliss,mostly-true,0,speaker_disjoint_split,0,0.2036070554743698,0,0.23477029115163367
11977.json,donald-trump,false,1,speaker_disjoint_split,1,0.5182763313262077,1,0.6175967285530974
11936.json,donald-trump,mostly-true,0,speaker_disjoint_split,0,0.29919197700350153,0,0.2915200199186556
706.json,john-mccain,pants-fire,1,speaker_disjoint_split,1,0.5909426670397931,1,0.6027291296069349
11190.json,scott-walker,mostly-true,0,speaker_disjoint_split,1,0.5050970523340345,0,0.49871246883043596
11531.json,bernie-s,false,1,speaker_disjoint_split,0,0.30209193084866537,0,0.25627277439535817
6611.json,anthony-gemma,pants-fire,1,speaker_disjoint_split,0,0.4239632668970643,0,0.4589265196340952
12380.json,ken-cuccinelli,mostly-true,0,speaker_disjoint_split,0,0.4685037607121918,0,0.45521430654314315
10737.json,charlie-bethel,half-true,0,speaker_disjoint_split,0,0.3141228657782413,0,0.32717099187753446
13312.json,donald-trump,false,1,speaker_disjoint_split,1,0.6659205342728413,1,0.6703543476064338
26.json,john-mccain,mostly-true,0,speaker_disjoint_split,1,0.5166493929112238,1,0.5294117436148786
9664.json,scott-walker,mostly-true,0,speaker_disjoint_split,1,0.5558267513951124,1,0.5542003775036171
13446.json,ohio-republican-party,barely-true,1,speaker_disjoint_split,0,0.40271821287554105,1,0.5546490246728754
4569.json,steve-lonegan,false,1,speaker_disjoint_split,1,0.652570342168716,1,0.5491632909816332
8581.json,pat-mccrory,barely-true,1,speaker_disjoint_split,1,0.5154842981764464,0,0.4374285632048003
13518.json,donald-trump,half-true,0,speaker_disjoint_split,0,0.38336692725006793,0,0.4139390770331294
11008.json,donald-trump,false,1,speaker_disjoint_split,1,0.5710007899654851,1,0.6404505829610586
10545.json,blog-posting,barely-true,1,speaker_disjoint_split,1,0.5540912206536615,1,0.7736897929471738
3446.json,david-cicilline,barely-true,1,speaker_disjoint_split,0,0.4472137340456432,0,0.3518332909256288
3086.json,nathan-deal,mostly-true,0,speaker_disjoint_split,1,0.6555497007342865,1,0.6463003366741751
10955.json,donald-trump,barely-true,1,speaker_disjoint_split,0,0.4933687990276512,1,0.5105322764835843
10441.json,scott-walker,pants-fire,1,speaker_disjoint_split,1,0.5471966476521942,1,0.5714089015530714
10047.json,jeanne-shaheen,barely-true,1,speaker_disjoint_split,1,0.6850136948284975,1,0.6876344883253471
9544.json,no-tax-tracks,half-true,0,speaker_disjoint_split,1,0.590605444550149,1,0.5759846708511782
9064.json,karl-rove,mostly-true,0,speaker_disjoint_split,0,0.36948635729446777,0,0.39560727317059624
11088.json,donald-trump,barely-true,1,speaker_disjoint_split,0,0.4124378333741396,0,0.41328450082501056
3509.json,joanne-kloppenburg,pants-fire,1,speaker_disjoint_split,1,0.6146965675279188,1,0.701749083662354
1112.json,bill-pascrell,half-true,0,speaker_disjoint_split,0,0.38779502352034945,0,0.46017872264032655
8652.json,bill-oreilly,false,1,speaker_disjoint_split,1,0.5331748964614632,0,0.4866009942274597
2942.json,scott-walker,barely-true,1,speaker_disjoint_split,1,0.6408489984050643,1,0.6240518711442942
9840.json,megyn-kelly,true,0,speaker_disjoint_split,1,0.5539478624931362,0,0.34544982031717597
7597.json,kirk-watson,true,0,speaker_disjoint_split,1,0.5141001161723274,0,0.47478688761900006
6093.json,robert-menendez,false,1,speaker_disjoint_split,1,0.5764831743636297,1,0.5202288672490969
768.json,joe-biden,barely-true,1,speaker_disjoint_split,0,0.3659907961578468,0,0.3688728994875523
11897.json,bernie-s,mostly-true,0,speaker_disjoint_split,0,0.4134538037071147,0,0.454118876218121
12306.json,donald-trump,false,1,speaker_disjoint_split,0,0.44028334658529267,1,0.5014716665510772
1453.json,franklin-sands,half-true,0,speaker_disjoint_split,0,0.2590443444277422,0,0.17987832361647021
11558.json,carly-fiorina,pants-fire,1,speaker_disjoint_split,1,0.7394647391348073,1,0.7144218567252002
13447.json,donald-trump,mostly-true,0,speaker_disjoint_split,1,0.5154964012982675,1,0.5380033709533699
3317.json,tim-kaine,mostly-true,0,speaker_disjoint_split,0,0.40548399076880015,0,0.40376201888738267
1057.json,glenn-beck,false,1,speaker_disjoint_split,0,0.3863639404379706,0,0.42224508211525
12969.json,donald-trump,barely-true,1,speaker_disjoint_split,1,0.5598812229858184,1,0.6157748397576697
5899.json,tim-kaine,true,0,speaker_disjoint_split,0,0.3295166620077664,0,0.3093111105269687
10112.json,scott-walker,false,1,speaker_disjoint_split,1,0.583862804383226,1,0.5778779227596517
6959.json,rob-moshein,half-true,0,speaker_disjoint_split,0,0.4116440395495838,0,0.413054722967474
3944.json,john-kasich,barely-true,1,speaker_disjoint_split,0,0.42891462705264277,0,0.3987930511392279
13465.json,donald-trump,half-true,0,speaker_disjoint_split,0,0.4109082109378715,0,0.4294716888562839
8642.json,jorge-ramos,barely-true,1,speaker_disjoint_split,0,0.4979031770607773,1,0.5884229040559542
3992.json,better-austin-today-political-action-committee,barely-true,1,speaker_disjoint_split,0,0.3075245911251155,0,0.21280393743073583
4247.json,alberto-carvalho,half-true,0,speaker_disjoint_split,0,0.4568678753862397,0,0.33365088638304286
1521.json,charles-boustany,mostly-true,0,speaker_disjoint_split,1,0.5232334356394039,1,0.5862453872900015
11408.json,debbie-wasserman-schultz,mostly-true,0,speaker_disjoint_split,1,0.567407434274295,1,0.5725088205476676
6480.json,arne-duncan,mostly-true,0,speaker_disjoint_split,0,0.4949230531638984,0,0.39907637807628504
1714.json,lamar-alexander,true,0,speaker_disjoint_split,1,0.5004141097294537,1,0.539683652656924
13452.json,amy-schumer,half-true,0,speaker_disjoint_split,1,0.6024207629086308,1,0.5512285631625113
5685.json,vern-buchanan,half-true,0,speaker_disjoint_split,1,0.733672167990749,1,0.7359072203093138
8181.json,carly-fiorina,half-true,0,speaker_disjoint_split,0,0.36501976892786064,0,0.31421326306770614
622.json,john-mccain,half-true,0,speaker_disjoint_split,0,0.46937822387201716,0,0.45737517056620397
13054.json,chris-sununu,half-true,0,speaker_disjoint_split,0,0.4404717982654065,0,0.38153906512666247
703.json,john-mccain,mostly-true,0,speaker_disjoint_split,0,0.4452415463519311,1,0.5484921479984317
270.json,joe-biden,false,1,speaker_disjoint_split,0,0.4019290783264601,0,0.336876181925458
319.json,john-mccain,true,0,speaker_disjoint_split,0,0.32797484616720507,0,0.32516687676134104
4040.json,scott-walker,false,1,speaker_disjoint_split,0,0.46629891147060437,0,0.4610760592623635
7745.json,allison-tant,false,1,speaker_disjoint_split,0,0.44563799544099886,1,0.5544429974117769
11983.json,donald-trump,false,1,speaker_disjoint_split,1,0.5110205387918156,1,0.5152432044382316
2610.json,john-robitaille,true,0,speaker_disjoint_split,0,0.3068944732920497,0,0.3568058609877689
11441.json,bill-oreilly,barely-true,1,speaker_disjoint_split,1,0.509202089460013,0,0.4797654708033774
7980.json,lynn-westmoreland,true,0,speaker_disjoint_split,0,0.4662887541826446,1,0.5100900291356565
3612.json,john-kasich,half-true,0,speaker_disjoint_split,1,0.6588508026420467,1,0.5757922039004635
8546.json,scott-walker,half-true,0,speaker_disjoint_split,0,0.29812126311996834,0,0.3068080645831346
9607.json,bill-oreilly,mostly-true,0,speaker_disjoint_split,0,0.23710378509944802,0,0.22245533842668253
496.json,john-mccain,false,1,speaker_disjoint_split,1,0.6520290361069977,1,0.6686091635876525
2386.json,austan-goolsbee,false,1,speaker_disjoint_split,0,0.4873862488909462,0,0.4785407262205139
7270.json,protect-families-first,false,1,speaker_disjoint_split,0,0.3867734218649354,0,0.36920944024502916
578.json,john-mccain,mostly-true,0,speaker_disjoint_split,1,0.5902748106140444,1,0.6212702053434778
8283.json,scott-walker,barely-true,1,speaker_disjoint_split,0,0.3707289374916003,0,0.38509774097550253
13225.json,donald-trump,half-true,0,speaker_disjoint_split,1,0.5494919442131357,1,0.6047578732387121
13256.json,national-republican-congressional-committee,true,0,speaker_disjoint_split,1,0.6021521328470761,1,0.524349809510847
12556.json,donald-trump,true,0,speaker_disjoint_split,1,0.6639813441699708,1,0.6968262246910358
12539.json,joaquin-castro,mostly-true,0,speaker_disjoint_split,1,0.5818691420317197,1,0.5754406763358212
71.json,ron-paul,false,1,speaker_disjoint_split,1,0.6360119832616142,1,0.5708724816241566
4244.json,saxby-chambliss,mostly-true,0,speaker_disjoint_split,0,0.36997699746046186,0,0.41380202638574926
1887.json,john-oxendine,true,0,speaker_disjoint_split,0,0.2905148530993784,0,0.2209836940070981
567.json,john-mccain,true,0,speaker_disjoint_split,1,0.6556332083853483,1,0.659027594271327
271.json,joe-biden,false,1,speaker_disjoint_split,1,0.6967314695957221,1,0.6010558390618898
12120.json,bernie-s,true,0,speaker_disjoint_split,0,0.3835793978981095,0,0.3765711770322641
1001.json,arlen-specter,false,1,speaker_disjoint_split,1,0.5784489393105792,1,0.6418849954857871
4723.json,jon-huntsman,mostly-true,0,speaker_disjoint_split,0,0.4411402652643195,0,0.40576301717085145
3395.json,dan-patrick,barely-true,1,speaker_disjoint_split,0,0.3716776226851552,0,0.35931415096670916
9935.json,charlie-crist,barely-true,1,speaker_disjoint_split,1,0.5130928484801346,0,0.48827351506801775
68.json,joe-biden,half-true,0,speaker_disjoint_split,1,0.5236130981736653,0,0.4600561084497327
2567.json,citizens-lower-taxes-and-stronger-economy,barely-true,1,speaker_disjoint_split,1,0.6954566186845696,1,0.507732011063693
11357.json,bernie-s,barely-true,1,speaker_disjoint_split,1,0.5425409790798967,1,0.5445155357878522
952.json,joe-biden,half-true,0,speaker_disjoint_split,0,0.15016519428702202,0,0.1307109617327584
224.json,joe-biden,true,0,speaker_disjoint_split,0,0.49369192930506955,1,0.5024911091960023
2795.json,tim-kaine,mostly-true,0,speaker_disjoint_split,1,0.5309269923036161,1,0.5244672940084664
1371.json,karl-rove,barely-true,1,speaker_disjoint_split,1,0.5430280195327052,1,0.5795984167848275
9645.json,jamie-weinstein,half-true,0,speaker_disjoint_split,0,0.4579103997557937,0,0.47412991904353674
577.json,john-mccain,half-true,0,speaker_disjoint_split,1,0.5205264978076426,0,0.4847154795834907
8964.json,republican-party-florida,barely-true,1,speaker_disjoint_split,1,0.5712998970906648,0,0.4919768364913839
6355.json,george-flinn,pants-fire,1,speaker_disjoint_split,1,0.5655097037830136,1,0.6323314162267819
9924.json,blog-posting,pants-fire,1,speaker_disjoint_split,0,0.40587959436100957,1,0.6009022649152896
6388.json,francisco-quico-canseco,half-true,0,speaker_disjoint_split,1,0.6465351550600524,1,0.6758754468469803
3882.json,tom-rooney,mostly-true,0,speaker_disjoint_split,0,0.38901122958724516,0,0.3538795994628973
4158.json,john-kasich,mostly-true,0,speaker_disjoint_split,0,0.46721825849030596,0,0.4902847365711782
12989.json,donald-trump,false,1,speaker_disjoint_split,0,0.3626346875147591,0,0.38673505753068255
2751.json,democratic-congressional-campaign-committee,half-true,0,speaker_disjoint_split,1,0.5089162240258002,1,0.6116811134486828
8539.json,mr-conservative,pants-fire,1,speaker_disjoint_split,1,0.6612531398240435,1,0.6531138762737038
8478.json,kathleen-sebelius,pants-fire,1,speaker_disjoint_split,1,0.521283909731585,1,0.58210115267048
7558.json,bruce-hanna,false,1,speaker_disjoint_split,0,0.48076686770009724,0,0.4840571992755589
11240.json,donald-trump,half-true,0,speaker_disjoint_split,0,0.25313913495317675,0,0.2948032345192618
12616.json,donald-trump,barely-true,1,speaker_disjoint_split,0,0.4371254376437581,1,0.5257568573770395
10247.json,scott-walker,barely-true,1,speaker_disjoint_split,0,0.4891660096343525,0,0.4929712180124681
791.json,john-mccain,half-true,0,speaker_disjoint_split,1,0.504058436744042,1,0.5014532565267025
11341.json,donald-trump,false,1,speaker_disjoint_split,1,0.5814391544954581,1,0.6299957140784108
11702.json,scott-walker,true,0,speaker_disjoint_split,0,0.39124065670004815,0,0.4399106159783761
12564.json,tim-kaine,mostly-true,0,speaker_disjoint_split,0,0.42745840921665457,0,0.4581183617476824
12346.json,joe-biden,false,1,speaker_disjoint_split,0,0.3093522776298372,0,0.33305528063879875
12742.json,donald-trump,half-true,0,speaker_disjoint_split,1,0.5125081234892778,1,0.5552852796827534
2799.json,kathie-glass,pants-fire,1,speaker_disjoint_split,0,0.3443981819421595,0,0.4551248957568333
12297.json,new-day-america,half-true,0,speaker_disjoint_split,1,0.6693391005576649,1,0.7519430669138393
10636.json,florida-students-concealed-carry,barely-true,1,speaker_disjoint_split,0,0.4799542951021067,0,0.4988249306987874
3297.json,state-democratic-party-wisconsin,false,1,speaker_disjoint_split,0,0.4314178658441345,0,0.4746352394259375
3770.json,ron-paul,mostly-true,0,speaker_disjoint_split,0,0.4887951635516659,1,0.505937124089426
8661.json,michael-chippendale,mostly-true,0,speaker_disjoint_split,0,0.47581915793659807,0,0.45822995496573987
12263.json,donald-trump,false,1,speaker_disjoint_split,1,0.5304433429418791,1,0.5610715489729401
159.json,joe-biden,barely-true,1,speaker_disjoint_split,1,0.5256254292612103,0,0.4349395286816375
11651.json,scott-walker,barely-true,1,speaker_disjoint_split,0,0.4891293387385061,0,0.47725366631547
11613.json,peter-kinder,pants-fire,1,speaker_disjoint_split,1,0.5147515740274485,0,0.48465831495932965
8784.json,robert-puente,false,1,speaker_disjoint_split,0,0.40318096481875465,0,0.3358517624874557
10582.json,david-jolly,mostly-true,0,speaker_disjoint_split,1,0.7433280400940001,1,0.8046286543531054
4265.json,state-democratic-party-wisconsin,pants-fire,1,speaker_disjoint_split,0,0.4681133732745193,0,0.4391574934021542
6927.json,nathan-deal,half-true,0,speaker_disjoint_split,0,0.372571669687758,0,0.343095692749576
547.json,john-mccain,pants-fire,1,speaker_disjoint_split,1,0.5411516637853898,1,0.5615531849804524
11419.json,bernie-s,mostly-true,0,speaker_disjoint_split,0,0.39954922040076524,0,0.3830997850151431
3234.json,glenn-beck,false,1,speaker_disjoint_split,1,0.5192687284803492,1,0.5785158577098904
12476.json,rush-limbaugh,false,1,speaker_disjoint_split,0,0.39727708733420547,1,0.537550889121417
3715.json,scott-walker,true,0,speaker_disjoint_split,1,0.5324242774707404,0,0.45801174716238935
7611.json,susan-yoshihara,false,1,speaker_disjoint_split,1,0.5640456804650743,1,0.5427528302906753
8923.json,national-republican-congressional-committee,half-true,0,speaker_disjoint_split,1,0.6969244874779645,1,0.6644067621817822
8786.json,national-republican-congressional-committee,half-true,0,speaker_disjoint_split,1,0.5697305845160676,1,0.5711587468513223
318.json,john-mccain,barely-true,1,speaker_disjoint_split,0,0.42931124764756473,0,0.4268341582333503
10776.json,richard-clarke,barely-true,1,speaker_disjoint_split,1,0.696014625313698,1,0.6179972095437537
2718.json,lloyd-doggett,mostly-true,0,speaker_disjoint_split,0,0.40207802896171485,0,0.35637075107404564
12501.json,gary-johnson,barely-true,1,speaker_disjoint_split,1,0.599267433928229,1,0.6054717782013334
6894.json,joe-biden,half-true,0,speaker_disjoint_split,0,0.40055320910881675,0,0.3920105824327146
12852.json,donald-trump,pants-fire,1,speaker_disjoint_split,1,0.5262559248611677,0,0.49213830377603035
11618.json,donald-trump,pants-fire,1,speaker_disjoint_split,0,0.4880157725375143,0,0.48028884259247173
4176.json,sam-olens,false,1,speaker_disjoint_split,1,0.509209408766037,1,0.5798823210111038
7058.json,taxpayer-association-oregon,half-true,0,speaker_disjoint_split,1,0.5761714361706614,1,0.5028348257756848
2454.json,republican-party-florida,barely-true,1,speaker_disjoint_split,1,0.5646638334433275,0,0.48237798340008986
5726.json,sara-stevenson,barely-true,1,speaker_disjoint_split,1,0.5108610912431601,0,0.3925604898071601
3015.json,mike-polensek,half-true,0,speaker_disjoint_split,0,0.37224227843031543,0,0.19001734556460115
5901.json,oregon-league-conservation-voters,barely-true,1,speaker_disjoint_split,1,0.7308281198701388,1,0.8240703853975261
11882.json,carly-fiorina,true,0,speaker_disjoint_split,0,0.3446634806791722,0,0.23741905673869426
8227.json,bill-clinton,true,0,speaker_disjoint_split,0,0.4862501989119861,1,0.514694650861806
3138.json,ken-cuccinelli,true,0,speaker_disjoint_split,1,0.6040122295161575,1,0.6439315128672702
2301.json,michael-thurmond,true,0,speaker_disjoint_split,0,0.308633773496985,0,0.2396972111398412
5809.json,samuel-wurzelbacher,false,1,speaker_disjoint_split,1,0.8826977253929847,1,0.8739716609861495
7761.json,charlie-crist,false,1,speaker_disjoint_split,1,0.5207410682766476,0,0.46201449951352114
2488.json,sam-adams,half-true,0,speaker_disjoint_split,1,0.501002607696758,0,0.4355965799766193
3947.json,ted-ferrioli,half-true,0,speaker_disjoint_split,0,0.4348271569850414,1,0.6180402738361178
12862.json,donald-trump,pants-fire,1,speaker_disjoint_split,1,0.7117799921059552,1,0.7326696201958166
1004.json,joe-biden,pants-fire,1,speaker_disjoint_split,1,0.536733777500152,1,0.5197428246069709
1466.json,debra-medina,half-true,0,speaker_disjoint_split,0,0.24781266439753905,0,0.22183633327387406
2343.json,yvette-mcgee-brown,true,0,speaker_disjoint_split,0,0.31347077666362383,0,0.26227923990568336
2951.json,democratic-congressional-campaign-committee,half-true,0,speaker_disjoint_split,1,0.5119897121059743,0,0.48829533018574184
2156.json,catherine-taylor,false,1,speaker_disjoint_split,0,0.414070305652472,0,0.43695451066773316
13414.json,donald-trump,half-true,0,speaker_disjoint_split,1,0.572284462856801,1,0.5803212790695863
11597.json,ben-carson,barely-true,1,speaker_disjoint_split,1,0.650569216637081,1,0.6595456616338848
9795.json,republican-party-florida,pants-fire,1,speaker_disjoint_split,1,0.6520753082219894,1,0.5921388405871127
5295.json,joseph-trillo,half-true,0,speaker_disjoint_split,0,0.38243995362067745,0,0.3558710976642677
48.json,ron-paul,mostly-true,0,speaker_disjoint_split,0,0.37778626256082654,0,0.3564411197488899
4587.json,jon-huntsman,half-true,0,speaker_disjoint_split,0,0.46385930020740535,0,0.42553466291652026
2583.json,rob-cornilles,half-true,0,speaker_disjoint_split,0,0.4680974308328248,1,0.5438976959806977
13406.json,donald-trump,true,0,speaker_disjoint_split,1,0.5915786897913865,1,0.5759907454032913
12357.json,david-jolly,barely-true,1,speaker_disjoint_split,1,0.5821550911791784,1,0.6759622011875264
3184.json,glenn-beck,half-true,0,speaker_disjoint_split,0,0.46985603245769875,1,0.5427128232958477
11530.json,republican-party-florida,mostly-true,0,speaker_disjoint_split,0,0.2952795825642308,0,0.24625615893463443
5267.json,nathan-deal,false,1,speaker_disjoint_split,1,0.6053886821886276,1,0.5775858949820181
5088.json,jon-huntsman,half-true,0,speaker_disjoint_split,1,0.6059018696799839,1,0.5478095036988229
8346.json,jeb-hensarling,pants-fire,1,speaker_disjoint_split,1,0.7364028669196456,1,0.6877745811986395
10629.json,james-carville,false,1,speaker_disjoint_split,0,0.3566682241833823,0,0.3605712620271899
2118.json,melanie-crozier,pants-fire,1,speaker_disjoint_split,0,0.4149944813496604,0,0.4957295213002684
3812.json,rush-limbaugh,barely-true,1,speaker_disjoint_split,0,0.4762716173427238,0,0.48446674434512543
3042.json,new-georgia-encyclopedia,true,0,speaker_disjoint_split,1,0.5050113597850987,1,0.6314007859221432
2694.json,promote-oregon-leadership-pac-oregon-house-republi,true,0,speaker_disjoint_split,1,0.5540947219700207,1,0.5919795778656173
3383.json,blog-posting,false,1,speaker_disjoint_split,1,0.76676186279124,1,0.8489867817221458
5823.json,nathan-deal,barely-true,1,speaker_disjoint_split,0,0.22404819094395678,0,0.22300717661102284
12470.json,donald-trump,barely-true,1,speaker_disjoint_split,1,0.6462958393769378,1,0.716910353306985
666.json,joe-biden,half-true,0,speaker_disjoint_split,1,0.5111005175230466,0,0.4641333076203258
2937.json,john-kasich,true,0,speaker_disjoint_split,0,0.2593473851408425,0,0.2606145149254529
138.json,ron-paul,mostly-true,0,speaker_disjoint_split,1,0.5393884490452827,1,0.5483876239955647
4720.json,jon-huntsman,true,0,speaker_disjoint_split,1,0.5028381230561598,0,0.46962568024701135
1111.json,bill-pascrell,half-true,0,speaker_disjoint_split,0,0.383381114747215,0,0.45862580205255404
7105.json,paul-levesque,mostly-true,0,speaker_disjoint_split,0,0.3884409230220488,0,0.3640880171905836
8605.json,donna-brazile,mostly-true,0,speaker_disjoint_split,1,0.608038987424925,1,0.6581804423975272
330.json,john-mccain,half-true,0,speaker_disjoint_split,0,0.3546805798027731,0,0.3468198094890827
12693.json,joe-biden,half-true,0,speaker_disjoint_split,0,0.3145586238383144,0,0.2549123619267911
819.json,republican-party-florida,half-true,0,speaker_disjoint_split,1,0.8573289446815363,1,0.790443776460004
7934.json,stephen-sweeney,mostly-true,0,speaker_disjoint_split,0,0.4940963488200637,0,0.4705612445274631
614.json,john-mccain,barely-true,1,speaker_disjoint_split,1,0.6536889008196982,1,0.6266683304509802
7208.json,american-international-group,mostly-true,0,speaker_disjoint_split,0,0.30308014213250467,0,0.2634601748220476
642.json,joe-biden,true,0,speaker_disjoint_split,0,0.498933180305297,0,0.4739686151696229
12166.json,donald-trump,pants-fire,1,speaker_disjoint_split,1,0.5404730137612768,1,0.5343931803558073
6793.json,yes-82-and-83-campaign,half-true,0,speaker_disjoint_split,0,0.4586868280541941,0,0.4111195379686206
9565.json,charlie-crist,half-true,0,speaker_disjoint_split,1,0.5642645745768071,1,0.5498766873382094
13376.json,dan-patrick,true,0,speaker_disjoint_split,1,0.520471025484608,0,0.471633445037152
11061.json,jan-brewer,barely-true,1,speaker_disjoint_split,1,0.5309934836992695,1,0.649950233649447
12434.json,donald-trump,pants-fire,1,speaker_disjoint_split,1,0.6402187956481128,1,0.6402029989526076
1703.json,bill-clinton,half-true,0,speaker_disjoint_split,1,0.5295976647200266,1,0.5411880498033176
4443.json,ron-paul,mostly-true,0,speaker_disjoint_split,0,0.4033534025611597,0,0.3764620878909947
9918.json,scott-walker,true,0,speaker_disjoint_split,0,0.4118035429028826,0,0.4261560759979339
10319.json,tom-coburn,half-true,0,speaker_disjoint_split,0,0.4162771844700745,0,0.4354445023635104
9057.json,nathan-deal,barely-true,1,speaker_disjoint_split,0,0.3541285918426496,0,0.3216257201328094
1457.json,glenn-beck,half-true,0,speaker_disjoint_split,1,0.5570520828173271,1,0.598578803182522
4163.json,ron-paul,true,0,speaker_disjoint_split,0,0.3665543681220255,0,0.24975504539872598
3183.json,democratic-congressional-campaign-committee,pants-fire,1,speaker_disjoint_split,0,0.38249494047192995,0,0.420319864748324
2038.json,john-oxendine,half-true,0,speaker_disjoint_split,1,0.5008126563070521,1,0.5075288468263502
1837.json,colin-powell,true,0,speaker_disjoint_split,0,0.36378645573497576,0,0.3590286503647367
6296.json,bill-pascrell,false,1,speaker_disjoint_split,1,0.8209314417836091,1,0.7943704442431326
3448.json,sam-adams,mostly-true,0,speaker_disjoint_split,0,0.4938245866395909,0,0.4292245594818738
3292.json,donna-brazile,mostly-true,0,speaker_disjoint_split,1,0.6188143506542151,1,0.6550073708157846
12828.json,bike-austin,barely-true,1,speaker_disjoint_split,1,0.5644216994614787,1,0.5486450595298138
10596.json,john-fredericks,false,1,speaker_disjoint_split,0,0.4478538876566297,1,0.5386064276512268
4942.json,jon-huntsman,barely-true,1,speaker_disjoint_split,0,0.16219388536486654,0,0.14071397831215568
6718.json,jeanne-shaheen,half-true,0,speaker_disjoint_split,0,0.4235796329336686,0,0.3765649714496349
6796.json,val-demings,barely-true,1,speaker_disjoint_split,1,0.6549564588501042,1,0.6696492449431231
3479.json,joanne-kloppenburg,barely-true,1,speaker_disjoint_split,1,0.6274358682499669,1,0.6878369128160738
6997.json,tim-kaine,mostly-true,0,speaker_disjoint_split,0,0.2501243539084423,0,0.24585612646498098
8398.json,national-republican-congressional-committee,barely-true,1,speaker_disjoint_split,0,0.41881847935825084,0,0.44667235199038435
11003.json,blog-posting,false,1,speaker_disjoint_split,1,0.5440847284395445,1,0.7522457951943196
4674.json,iowans-some-semblance-christian-decency,false,1,speaker_disjoint_split,1,0.5584514997956394,1,0.6051186858280165
2025.json,keith-olbermann,false,1,speaker_disjoint_split,0,0.31606936965628124,0,0.3461635096896433
11041.json,bernie-s,mostly-true,0,speaker_disjoint_split,0,0.3456574554419713,0,0.3568032815496116
1374.json,charlie-crist,true,0,speaker_disjoint_split,1,0.7510572504603825,1,0.6778182861599853
8144.json,ken-cuccinelli,half-true,0,speaker_disjoint_split,1,0.567159659077681,1,0.5901975005572324
4441.json,debbie-wasserman-schultz,mostly-true,0,speaker_disjoint_split,0,0.28785152318026747,0,0.30693418400787653
5504.json,lenny-curry,false,1,speaker_disjoint_split,1,0.6590774731517797,1,0.5593792252811078
6646.json,bill-clinton,true,0,speaker_disjoint_split,1,0.653609201730041,1,0.6406604710905935
13349.json,donald-trump,pants-fire,1,speaker_disjoint_split,1,0.583631304090732,1,0.6522039197250097
11556.json,ben-carson,barely-true,1,speaker_disjoint_split,1,0.5985182674051586,1,0.612863685517414
1795.json,charlie-crist,mostly-true,0,speaker_disjoint_split,1,0.6343851690743082,0,0.4912821424905922
8256.json,steve-munisteri,half-true,0,speaker_disjoint_split,0,0.40122963046132576,0,0.35667029195014405
10052.json,sarah-silverman,half-true,0,speaker_disjoint_split,0,0.3365808868589567,0,0.26352558395587017
9651.json,debbie-wasserman-schultz,mostly-true,0,speaker_disjoint_split,1,0.6557931615213409,1,0.7006462340219978
12277.json,donald-trump,mostly-true,0,speaker_disjoint_split,0,0.22123913213138816,0,0.26228181917080406
12326.json,donald-trump,pants-fire,1,speaker_disjoint_split,1,0.6508435253700107,1,0.7073602976677471
8715.json,donna-brazile,mostly-true,0,speaker_disjoint_split,0,0.4142208496971655,0,0.4436061828363737
2150.json,chris-carpenter,pants-fire,1,speaker_disjoint_split,1,0.5698179151087104,1,0.6034133725142327
5030.json,jeff-merkley,true,0,speaker_disjoint_split,0,0.45360342362440637,0,0.36340105228646474
11734.json,carly-fiorina,barely-true,1,speaker_disjoint_split,1,0.5409099946729371,0,0.48347748408587427
616.json,john-mccain,barely-true,1,speaker_disjoint_split,1,0.5861427542474329,1,0.5682734490562535
1901.json,james-carville,barely-true,1,speaker_disjoint_split,0,0.44002952561643005,0,0.35013894223184594
13373.json,chris-sununu,false,1,speaker_disjoint_split,1,0.5850397713447579,1,0.5258679814653473
1637.json,charlie-crist,false,1,speaker_disjoint_split,0,0.3755708226516182,0,0.38614602508953283
5255.json,john-kasich,true,0,speaker_disjoint_split,1,0.5463978128105501,1,0.5454928080950293
11104.json,donald-trump,false,1,speaker_disjoint_split,0,0.4681632976379118,1,0.5367599648344114
13233.json,donald-trump,barely-true,1,speaker_disjoint_split,1,0.5751353167198161,1,0.6219438248191805
2306.json,donna-brazile,mostly-true,0,speaker_disjoint_split,0,0.43472941937520004,0,0.4820139454315821
9677.json,joe-biden,half-true,0,speaker_disjoint_split,0,0.4715437434505397,0,0.447375327728786
11975.json,john-mccain,barely-true,1,speaker_disjoint_split,1,0.6101826423873125,1,0.6339263710918074
2310.json,chip-rogers,barely-true,1,speaker_disjoint_split,0,0.21925121022717453,0,0.1878440599354558
12876.json,bill-clinton,mostly-true,0,speaker_disjoint_split,1,0.5675219517229698,1,0.5923546388160282
6005.json,scott-walker,half-true,0,speaker_disjoint_split,0,0.42928814744551147,0,0.4003971632055009
6798.json,yg-action-fund,half-true,0,speaker_disjoint_split,0,0.3951376749756929,1,0.5573574226116451
2350.json,blog-posting,pants-fire,1,speaker_disjoint_split,0,0.4898754443415991,1,0.5972822278939164
5969.json,scott-walker,false,1,speaker_disjoint_split,1,0.5896805066571167,1,0.6235606941179773
9086.json,mark-begich,mostly-true,0,speaker_disjoint_split,1,0.5393944942483192,1,0.5192811742910561
2886.json,blog-posting,pants-fire,1,speaker_disjoint_split,1,0.6076363276732942,1,0.7425672981124312
9188.json,james-carville,barely-true,1,speaker_disjoint_split,1,0.5300801153803781,1,0.5463327660368841
7875.json,abel-collins,mostly-true,0,speaker_disjoint_split,0,0.3403914070661486,0,0.2936016377233893
3925.json,debbie-wasserman-schultz,mostly-true,0,speaker_disjoint_split,0,0.49722002104829277,1,0.5270920035708848
4196.json,jon-huntsman,barely-true,1,speaker_disjoint_split,0,0.3814886501162143,0,0.33542973571345325
2119.json,john-robitaille,half-true,0,speaker_disjoint_split,1,0.5414587984729177,0,0.4736611254319897
13501.json,blog-posting,pants-fire,1,speaker_disjoint_split,0,0.47685032719759896,1,0.6714046584887707
13195.json,donald-trump,false,1,speaker_disjoint_split,1,0.5524919248804222,1,0.5939966470756005
3347.json,brian-moran,half-true,0,speaker_disjoint_split,1,0.6199202931646179,1,0.6646064139662606
10979.json,bill-clinton,mostly-true,0,speaker_disjoint_split,1,0.7199094335599724,1,0.737348896684992
12726.json,donald-trump,false,1,speaker_disjoint_split,1,0.6574345611753326,1,0.694434417319123
3569.json,john-kasich,false,1,speaker_disjoint_split,1,0.5318383614174159,0,0.48927525752181017
4577.json,occupied-wall-street-journal,half-true,0,speaker_disjoint_split,0,0.12344848163731528,0,0.15715511464952436
13008.json,donald-trump,barely-true,1,speaker_disjoint_split,1,0.6849695676286653,1,0.6351478858075493
11856.json,bernie-s,half-true,0,speaker_disjoint_split,0,0.3158534337875688,0,0.3188467936190186
8579.json,mike-plant,mostly-true,0,speaker_disjoint_split,0,0.42219787005079346,0,0.31317791128924455
5291.json,jim-whelan,mostly-true,0,speaker_disjoint_split,0,0.4332714940908996,0,0.3486958779478547
12421.json,scott-walker,mostly-true,0,speaker_disjoint_split,1,0.5956826000648173,1,0.6120830043536227
7391.json,keith-faber,true,0,speaker_disjoint_split,0,0.3029873763203476,0,0.3053236453304257
632.json,jerome-corsi,false,1,speaker_disjoint_split,1,0.6565473841643132,1,0.7429335575069067
13189.json,tim-kaine,true,0,speaker_disjoint_split,1,0.5132436129377324,0,0.4977326271489847
7996.json,ken-cuccinelli,false,1,speaker_disjoint_split,0,0.49052863526795715,0,0.4519513754831951
3924.json,gary-black,half-true,0,speaker_disjoint_split,1,0.503722671178856,1,0.7418088973529731
3467.json,nathan-deal,mostly-true,0,speaker_disjoint_split,0,0.2968835736218372,0,0.2926918536499674
11508.json,david-cicilline,half-true,0,speaker_disjoint_split,0,0.1744197860904947,0,0.11317760938834166
2497.json,mark-hinkle,true,0,speaker_disjoint_split,0,0.42208757061155877,0,0.40535164213634983
12785.json,bill-clinton,mostly-true,0,speaker_disjoint_split,1,0.5085951255206466,1,0.5289522890348679
3690.json,national-republican-congressional-committee,mostly-true,0,speaker_disjoint_split,0,0.35701164669924107,0,0.3452193770019283
1402.json,donna-brazile,mostly-true,0,speaker_disjoint_split,1,0.661761586310446,1,0.6877811986606214
13243.json,donald-trump,barely-true,1,speaker_disjoint_split,0,0.49242200690578614,1,0.5263208359142374
7409.json,dave-joyce,true,0,speaker_disjoint_split,0,0.36387363350954577,0,0.3461873385988906
2129.json,jeanne-shaheen,half-true,0,speaker_disjoint_split,0,0.3997374037475384,0,0.4243683733572138
3530.json,bob-graham,mostly-true,0,speaker_disjoint_split,0,0.34751294619437956,0,0.35142313411311726
320.json,john-mccain,true,0,speaker_disjoint_split,0,0.4748232813670857,0,0.45577931004722966
7078.json,kirk-watson,mostly-true,0,speaker_disjoint_split,1,0.5044881357118189,0,0.4646495965158918
696.json,john-mccain,false,1,speaker_disjoint_split,0,0.47283882300311414,1,0.5057111383613405
4648.json,phil-kent,false,1,speaker_disjoint_split,0,0.48321226901594455,1,0.6722403294727088
10736.json,mike-huebsch,false,1,speaker_disjoint_split,0,0.4758308652965057,1,0.5887339706092173
12857.json,donald-trump,false,1,speaker_disjoint_split,1,0.6121523842571324,1,0.6371240343707105
11671.json,debbie-wasserman-schultz,pants-fire,1,speaker_disjoint_split,0,0.4180416876832599,0,0.41294568199549786
1.json,barbara-ann-radnofsky,pants-fire,1,speaker_disjoint_split,1,0.561775088656447,0,0.4358741015483916
8135.json,dubose-porter,mostly-true,0,speaker_disjoint_split,0,0.30856706647812315,0,0.22901308220053251
4469.json,brad-avakian,false,1,speaker_disjoint_split,0,0.4300519657311204,0,0.303024972948512
6993.json,democratic-congressional-campaign-committee,false,1,speaker_disjoint_split,1,0.5454110191353608,1,0.5974676253063886
8700.json,gilberto-hinojosa,half-true,0,speaker_disjoint_split,0,0.3199630165740106,0,0.36867027883606096
5641.json,graeme-zielinski,pants-fire,1,speaker_disjoint_split,1,0.668604237103226,1,0.5795732115036626
2479.json,scott-walker,barely-true,1,speaker_disjoint_split,1,0.6932377067145538,1,0.6891740277770138
9447.json,democratic-congressional-campaign-committee,false,1,speaker_disjoint_split,0,0.4597386219366393,1,0.5077215093696783
311.json,john-mccain,false,1,speaker_disjoint_split,0,0.31992885322345127,0,0.2708150331646787
2735.json,charlie-crist,barely-true,1,speaker_disjoint_split,0,0.40049604077017753,0,0.37991761713098
477.json,john-mccain,mostly-true,0,speaker_disjoint_split,1,0.5581278628039696,1,0.5929233949189056
12144.json,tim-finchem,mostly-true,0,speaker_disjoint_split,0,0.4243061691588847,0,0.3186873466299066
11110.json,scott-walker,barely-true,1,speaker_disjoint_split,1,0.7228888022321851,1,0.7241069292191255
8190.json,michael-bloomberg,mostly-true,0,speaker_disjoint_split,0,0.3895164367002728,0,0.41028877075839343
13246.json,national-republican-congressional-committee,false,1,speaker_disjoint_split,1,0.543118647140239,1,0.537291102168571
2049.json,charlie-crist,true,0,speaker_disjoint_split,1,0.5356723681429786,0,0.43938244670368565
1135.json,david-axelrod,true,0,speaker_disjoint_split,1,0.7854251073667258,1,0.7248412119173028
1898.json,charlie-crist,mostly-true,0,speaker_disjoint_split,1,0.5660360397755879,0,0.43900070044285405
2840.json,dean-cannon,barely-true,1,speaker_disjoint_split,1,0.5887653474979762,0,0.4404155330121402
9341.json,miami-seaport-alliance,mostly-true,0,speaker_disjoint_split,0,0.39939622345593906,0,0.4401971434789546
3670.json,david-cicilline,barely-true,1,speaker_disjoint_split,1,0.5497520818633891,1,0.5106716272413356
10892.json,ann-coulter,pants-fire,1,speaker_disjoint_split,1,0.5254214338881696,1,0.5879540954316155
8194.json,bookerfail,barely-true,1,speaker_disjoint_split,0,0.345591174534944,0,0.31406302809665787
2226.json,debbie-wasserman-schultz,half-true,0,speaker_disjoint_split,1,0.5788549327760047,1,0.6135815107913117
8926.json,national-republican-congressional-committee,half-true,0,speaker_disjoint_split,1,0.7721033027240481,1,0.7801319891577135
5118.json,democratic-party-oregon,barely-true,1,speaker_disjoint_split,1,0.5567136646627158,1,0.6227512032197725
8548.json,jeff-merkley,true,0,speaker_disjoint_split,0,0.4525372953901796,0,0.40839556389592074
1359.json,eugene-robinson,mostly-true,0,speaker_disjoint_split,1,0.5479556686904478,1,0.6150697241986837
8431.json,larry-elder,false,1,speaker_disjoint_split,1,0.6204186973382008,1,0.6531165482348211
1036.json,rush-limbaugh,barely-true,1,speaker_disjoint_split,0,0.4941438489510714,1,0.5778045696347416
2530.json,national-republican-congressional-committee,false,1,speaker_disjoint_split,1,0.5773738487160572,1,0.5182378973134796
6622.json,julian-castro,true,0,speaker_disjoint_split,1,0.5220497809886187,1,0.5167009596624098
7564.json,wayne-lapierre,half-true,0,speaker_disjoint_split,0,0.4806792180330209,0,0.49202668632993735
4518.json,gary-johnson,half-true,0,speaker_disjoint_split,1,0.5074175937064586,0,0.47924913528609486
3858.json,jeff-merkley,mostly-true,0,speaker_disjoint_split,0,0.3764794188880196,0,0.36093141954378594
5527.json,state-democratic-party-wisconsin,false,1,speaker_disjoint_split,1,0.7324428068561473,1,0.727535961172729
8702.json,jeff-merkley,true,0,speaker_disjoint_split,0,0.22954341226398275,0,0.18906420896722698
12264.json,bernie-s,barely-true,1,speaker_disjoint_split,0,0.46970416351443656,0,0.4935990423054336
4271.json,nicholas-scutari,true,0,speaker_disjoint_split,1,0.6339819953339474,1,0.6227739838491511
11804.json,dale-kooyenga,false,1,speaker_disjoint_split,1,0.5779203753108197,0,0.4744667330668659
12030.json,bernie-s,mostly-true,0,speaker_disjoint_split,0,0.3684870749720646,0,0.3964715750928878
4097.json,joseph-trillo,pants-fire,1,speaker_disjoint_split,1,0.5156611052585705,0,0.44646469313589826
11294.json,scott-walker,true,0,speaker_disjoint_split,1,0.5697486899756516,1,0.5512833514646759
532.json,john-mccain,false,1,speaker_disjoint_split,1,0.5267940327652553,1,0.5652714052072848
8810.json,ron-paul,false,1,speaker_disjoint_split,1,0.5198549449883715,1,0.5486956312692265
9088.json,florida-stop-common-core-coalition,half-true,0,speaker_disjoint_split,0,0.3879645611565807,0,0.40701100390112227
1365.json,charlie-crist,half-true,0,speaker_disjoint_split,0,0.3491197728811449,0,0.3251512777540059
5842.json,jana-duty,barely-true,1,speaker_disjoint_split,0,0.46090810633213164,0,0.37782007615680196
12878.json,democratic-congressional-campaign-committee,barely-true,1,speaker_disjoint_split,1,0.5060599726478449,1,0.5704629954375517
8315.json,carol-shea-porter,mostly-true,0,speaker_disjoint_split,1,0.6556744140399429,1,0.6144147140161439
91.json,bill-richardson,mostly-true,0,speaker_disjoint_split,0,0.44383092349881614,0,0.4751368692976737
12916.json,donald-trump,false,1,speaker_disjoint_split,0,0.48261635313133155,1,0.5365427597559858
13442.json,donald-trump,pants-fire,1,speaker_disjoint_split,1,0.6648094437318375,1,0.6116352925821076
13309.json,donald-trump,pants-fire,1,speaker_disjoint_split,1,0.5714100404181709,1,0.642624542141294
1383.json,michael-bloomberg,half-true,0,speaker_disjoint_split,0,0.4080462284343439,0,0.46484374088509584
117.json,john-mccain,false,1,speaker_disjoint_split,0,0.4943393813990284,1,0.5230507662843067
7560.json,robert-kando,half-true,0,speaker_disjoint_split,0,0.4362371285579354,0,0.4813622708104881
5049.json,ron-paul,false,1,speaker_disjoint_split,0,0.4833746422705519,0,0.4884541688680541
11216.json,alliance-defending-freedom,half-true,0,speaker_disjoint_split,1,0.6603767663979221,1,0.7309387846113417
6216.json,stephen-sweeney,true,0,speaker_disjoint_split,0,0.4864851691398113,1,0.5082264584279856
4246.json,tom-coburn,half-true,0,speaker_disjoint_split,0,0.4489971732394071,0,0.4347319806137451
7955.json,raymond-gallison,half-true,0,speaker_disjoint_split,0,0.44636626850381633,0,0.4285808276672988
12035.json,arnold-schwarzenegger,mostly-true,0,speaker_disjoint_split,0,0.3959943928963404,0,0.4177900475744397
2745.json,national-republican-congressional-committee,false,1,speaker_disjoint_split,1,0.7036245417591577,1,0.6469476176681249
5508.json,texas-democratic-party,mostly-true,0,speaker_disjoint_split,0,0.3141936227356851,0,0.3618992834494447
1717.json,house-natural-resources-committee-republicans,barely-true,1,speaker_disjoint_split,1,0.625910766262795,1,0.5599729740548105
1865.json,thurbert-baker,half-true,0,speaker_disjoint_split,0,0.42420168386355106,0,0.4075336816110591
11537.json,tim-echols,mostly-true,0,speaker_disjoint_split,1,0.5414230706599334,0,0.4334128823102663
1081.json,ann-coulter,false,1,speaker_disjoint_split,1,0.5318784002925313,1,0.6103462263595499
8512.json,glenn-beck,pants-fire,1,speaker_disjoint_split,0,0.47468780225877605,1,0.5149917119461049
5376.json,elizabeth-ames-jones,false,1,speaker_disjoint_split,1,0.5542562475345569,1,0.5578256908006761
5141.json,rob-cornilles,true,0,speaker_disjoint_split,1,0.5583754242493093,1,0.6456832892560803
9572.json,scott-walker,mostly-true,0,speaker_disjoint_split,1,0.565491271381008,1,0.5644489859924082
2478.json,jeff-merkley,mostly-true,0,speaker_disjoint_split,1,0.6586078924538908,1,0.5269990727143543
10563.json,scott-walker,true,0,speaker_disjoint_split,0,0.4022439128105683,0,0.42674676109660803
12181.json,bernie-s,half-true,0,speaker_disjoint_split,0,0.49661308053479836,1,0.5001480843660203
10077.json,mark-shields,barely-true,1,speaker_disjoint_split,0,0.4834233853888044,0,0.46169852637734393
5404.json,frank-niceley,pants-fire,1,speaker_disjoint_split,1,0.5644999635438805,1,0.7586406717918903
5989.json,bob-gibbs,true,0,speaker_disjoint_split,1,0.5281546086971259,1,0.5958921977267114
12525.json,louie-gohmert,half-true,0,speaker_disjoint_split,0,0.34275840170786115,0,0.29305096934880304
2766.json,democratic-party-oregon,false,1,speaker_disjoint_split,0,0.3687045589350998,0,0.4702405661052002
4360.json,club-growth,half-true,0,speaker_disjoint_split,1,0.6370682665647629,1,0.6155330940202124
4618.json,sam-adams,barely-true,1,speaker_disjoint_split,1,0.5072940963618258,0,0.4139220190794024
6395.json,steve-doell,true,0,speaker_disjoint_split,0,0.4265858587162085,0,0.3726456403569416
5977.json,scott-walker,barely-true,1,speaker_disjoint_split,1,0.5749601114184507,1,0.6483484236084394
12748.json,donald-trump,true,0,speaker_disjoint_split,0,0.2505598230091925,0,0.26806892187121145
5067.json,bill-pascrell,half-true,0,speaker_disjoint_split,0,0.48263829247908946,0,0.47616179882026627
2220.json,courtney-combs,pants-fire,1,speaker_disjoint_split,0,0.46176466713842823,1,0.6211819980333322
12799.json,michael-bloomberg,mostly-true,0,speaker_disjoint_split,0,0.3570082161519357,0,0.38912684220410354
7805.json,tim-echols,half-true,0,speaker_disjoint_split,0,0.3284070376579542,0,0.25270314001868116
12576.json,donald-trump,pants-fire,1,speaker_disjoint_split,1,0.538627828477319,1,0.5977926987095811
5622.json,peter-defazio,barely-true,1,speaker_disjoint_split,0,0.47496008125956807,1,0.600069433955753
11728.json,donald-trump,pants-fire,1,speaker_disjoint_split,1,0.5505210362809835,1,0.5803489722309484
9039.json,rush-limbaugh,false,1,speaker_disjoint_split,1,0.6688292225335661,1,0.7270362174992113
5748.json,lamar-alexander,barely-true,1,speaker_disjoint_split,0,0.47450648107940663,0,0.42211432601146975
2959.json,bernie-s,true,0,speaker_disjoint_split,1,0.5776235621031662,1,0.546099962140334
2045.json,david-axelrod,mostly-true,0,speaker_disjoint_split,1,0.5251406840258825,0,0.4593149767496474
7031.json,david-cicilline,true,0,speaker_disjoint_split,0,0.46053074968422275,0,0.3928693571658167
6507.json,friends-democracy,barely-true,1,speaker_disjoint_split,0,0.4966445101209003,1,0.536320700469351
561.json,john-mccain,false,1,speaker_disjoint_split,1,0.6514609050006701,1,0.6353980831469702
639.json,john-mccain,pants-fire,1,speaker_disjoint_split,1,0.5378719513799849,1,0.5466171563210693
1582.json,cathie-adams,pants-fire,1,speaker_disjoint_split,1,0.6688295494804658,1,0.7499802944589661
513.json,john-mccain,true,0,speaker_disjoint_split,0,0.37330330932144973,0,0.36083313586309135
747.json,john-mccain,mostly-true,0,speaker_disjoint_split,1,0.5022790809465129,1,0.5265790979641936
3873.json,austan-goolsbee,mostly-true,0,speaker_disjoint_split,0,0.3212070110053518,0,0.3448182732023161
3214.json,joe-biden,barely-true,1,speaker_disjoint_split,1,0.5170770852151542,0,0.4313906094090426
5818.json,ron-paul,false,1,speaker_disjoint_split,0,0.37193442184873104,0,0.3398330448239245
3680.json,kathleen-sebelius,mostly-true,0,speaker_disjoint_split,1,0.5691339622956751,1,0.6234122302930614
12956.json,donald-trump,barely-true,1,speaker_disjoint_split,1,0.7749950297583141,1,0.7514338017167846
12320.json,julian-castro,half-true,0,speaker_disjoint_split,1,0.5598079237372782,1,0.5492751612906291
10136.json,national-republican-congressional-committee,barely-true,1,speaker_disjoint_split,0,0.48460291777242426,1,0.515824880979701
3742.json,john-kasich,true,0,speaker_disjoint_split,0,0.4147230651165207,0,0.42279515521034533
5686.json,john-kasich,true,0,speaker_disjoint_split,1,0.5438828824591055,1,0.5704910544077553
2100.json,john-mccain,barely-true,1,speaker_disjoint_split,0,0.30787304558297374,0,0.2836153991333874
7451.json,greg-walden,barely-true,1,speaker_disjoint_split,0,0.44028918918535476,1,0.5319845958459326
158.json,joe-biden,false,1,speaker_disjoint_split,0,0.4304199447764589,0,0.3629904675186674
2548.json,national-republican-congressional-committee,barely-true,1,speaker_disjoint_split,0,0.436946997174212,0,0.37316826471472225
11222.json,rhode-island-center-freedom-and-prosperity,half-true,0,speaker_disjoint_split,0,0.49219852444980167,0,0.4780901779550568
12614.json,charlie-crist,barely-true,1,speaker_disjoint_split,1,0.5762482957867023,1,0.5575179910755579
12597.json,arizona-house-democrats,mostly-true,0,speaker_disjoint_split,1,0.6620655746747319,1,0.6445254472144937
10772.json,scott-walker,false,1,speaker_disjoint_split,1,0.5386068850888309,1,0.6132846120961809
2031.json,anthony-gemma,false,1,speaker_disjoint_split,1,0.5854128931995037,1,0.6643284684228454
1946.json,fair-districts-florida,true,0,speaker_disjoint_split,0,0.4474379307074582,0,0.2824161696976797
6672.json,julian-castro,mostly-true,0,speaker_disjoint_split,0,0.4729358835752525,0,0.49020300682015594
3824.json,ej-finocchio,false,1,speaker_disjoint_split,1,0.5844813408788849,1,0.5366932140553177
8806.json,democratic-congressional-campaign-committee,half-true,0,speaker_disjoint_split,1,0.5773136282629607,1,0.6814403453267673
12607.json,donald-trump,half-true,0,speaker_disjoint_split,1,0.5121143532488188,1,0.5021974046096856
687.json,john-mccain,barely-true,1,speaker_disjoint_split,1,0.632846350166494,1,0.6392923989387189
182.json,bill-richardson,true,0,speaker_disjoint_split,0,0.3476361017278869,0,0.3613524541233664
10862.json,eric-turner,pants-fire,1,speaker_disjoint_split,0,0.43027654525428943,0,0.2676283014395545
7863.json,republican-governors-association,mostly-true,0,speaker_disjoint_split,1,0.5010082581022492,0,0.4730436743655496
6196.json,majority-pac,barely-true,1,speaker_disjoint_split,0,0.48690175809269204,1,0.522877639529074
11866.json,bernie-s,half-true,0,speaker_disjoint_split,1,0.5011377072060753,0,0.4411256423335195
2281.json,michael-bloomberg,true,0,speaker_disjoint_split,1,0.6090419294108316,1,0.6329985251818228
7813.json,lynn-derbyshire,mostly-true,0,speaker_disjoint_split,0,0.36645195321684393,0,0.36307258354180705
778.json,john-mccain,false,1,speaker_disjoint_split,1,0.5629937834920953,1,0.5608956592829807
9131.json,republican-governors-association,mostly-true,0,speaker_disjoint_split,0,0.3505712665051342,0,0.331897162429379
1281.json,claire-mccaskill,true,0,speaker_disjoint_split,1,0.509621270449471,1,0.5691019563131118
9715.json,dennis-richardson,true,0,speaker_disjoint_split,0,0.3377020019707915,0,0.37091064150993835
3230.json,donald-trump,pants-fire,1,speaker_disjoint_split,1,0.6291314909161078,1,0.661143911067497
6105.json,ron-paul,barely-true,1,speaker_disjoint_split,0,0.3809422318642637,0,0.36748923298133274
9846.json,charlie-crist,false,1,speaker_disjoint_split,1,0.5674320057682599,0,0.433064009816734
6907.json,joe-biden,true,0,speaker_disjoint_split,1,0.6059746497830781,1,0.5532286460305098
4341.json,regina-benjamin,true,0,speaker_disjoint_split,0,0.28148216981241664,0,0.26824593305414574
1536.json,debbie-wasserman-schultz,mostly-true,0,speaker_disjoint_split,0,0.4244183574984081,0,0.4799744755374891
12978.json,david-plouffe,mostly-true,0,speaker_disjoint_split,0,0.3985918778779705,0,0.47199008874641746
13107.json,donald-trump,pants-fire,1,speaker_disjoint_split,0,0.3918985816425923,0,0.48199259979736514
2949.json,bernie-s,false,1,speaker_disjoint_split,0,0.452698702336588,0,0.44969098644473304
13158.json,vote-no-2,half-true,0,speaker_disjoint_split,1,0.6654005059040153,1,0.5078868133073753
12700.json,scott-walker,true,0,speaker_disjoint_split,0,0.3293483374991136,0,0.3694869947009147
4046.json,national-republican-congressional-committee,false,1,speaker_disjoint_split,0,0.4556680287852591,0,0.44137605324586543
62.json,bill-richardson,mostly-true,0,speaker_disjoint_split,0,0.47064796783547674,0,0.4796252564825076
5207.json,silvestre-reyes,half-true,0,speaker_disjoint_split,1,0.5577748288209523,1,0.5353442317981733
7480.json,al-cardenas,false,1,speaker_disjoint_split,0,0.4401145171275199,0,0.4026752465143762
3412.json,jeff-merkley,mostly-true,0,speaker_disjoint_split,1,0.51985032960449,0,0.4781586744858412
11382.json,donald-trump,false,1,speaker_disjoint_split,1,0.5252918124695763,1,0.5879186689993585
4520.json,jennette-gayer,half-true,0,speaker_disjoint_split,0,0.47722692764018554,1,0.5785927412966811
2510.json,promote-oregon-leadership-pac-oregon-house-republi,false,1,speaker_disjoint_split,1,0.68377836701692,1,0.6568706152634185
1808.json,charlie-crist,false,1,speaker_disjoint_split,1,0.5201087939316524,0,0.38368527321370266
4039.json,jeff-fitzgerald,pants-fire,1,speaker_disjoint_split,1,0.5598120228346181,1,0.581519052969697
7190.json,don-pridemore,true,0,speaker_disjoint_split,0,0.4126760153309045,0,0.28683946213489797
8861.json,national-republican-congressional-committee,half-true,0,speaker_disjoint_split,1,0.568572216727163,1,0.5332577717646445
5111.json,jon-huntsman,barely-true,1,speaker_disjoint_split,1,0.5636646481215339,0,0.49882991968887724
12440.json,dale-kooyenga,half-true,0,speaker_disjoint_split,0,0.410946137478014,0,0.337425857041097
4555.json,bernie-s,true,0,speaker_disjoint_split,0,0.2650590760981315,0,0.25477248404817143
1821.json,tim-kaine,half-true,0,speaker_disjoint_split,0,0.42385671698107114,0,0.36585713672323716
7973.json,ken-cuccinelli,false,1,speaker_disjoint_split,1,0.6013743148938439,1,0.5936108867326532
3799.json,evan-longoria,pants-fire,1,speaker_disjoint_split,1,0.6625520275669863,1,0.5465351846435358
7413.json,wayne-lapierre,false,1,speaker_disjoint_split,0,0.35697515170262517,0,0.3228024218767123
11042.json,ron-paul,true,0,speaker_disjoint_split,0,0.4886801493697144,0,0.4311255239721756
7099.json,health-first-wisconsin,false,1,speaker_disjoint_split,1,0.5468635705711337,1,0.5913254347922624
7835.json,republican-party-florida,barely-true,1,speaker_disjoint_split,1,0.5195445256426928,0,0.4527899786935119
9963.json,charlie-crist,half-true,0,speaker_disjoint_split,1,0.5181298074346637,0,0.489674173871376
13141.json,stop-57-campaign,barely-true,1,speaker_disjoint_split,1,0.7286422679433003,1,0.6609759809565136
9755.json,nextgen-climate,half-true,0,speaker_disjoint_split,1,0.6138237700122849,1,0.5576396708691712
11129.json,bernie-s,mostly-true,0,speaker_disjoint_split,0,0.2281985523715277,0,0.22187031976654492
13504.json,dan-patrick,mostly-true,0,speaker_disjoint_split,0,0.4003270021487373,0,0.3848023431552049
1164.json,organizing-america,pants-fire,1,speaker_disjoint_split,1,0.5571569562336864,1,0.5977029562258658
11818.json,donald-trump,false,1,speaker_disjoint_split,1,0.5896571821725076,1,0.6317256330674944
12744.json,donald-trump,mostly-true,0,speaker_disjoint_split,1,0.5139064116910746,1,0.5175439772138518
12574.json,scott-walker,mostly-true,0,speaker_disjoint_split,0,0.4163022694593536,0,0.43716480099008853
10692.json,scott-walker,barely-true,1,speaker_disjoint_split,1,0.535057280840643,0,0.48586716648876377
11381.json,mark-kelly,half-true,0,speaker_disjoint_split,0,0.30788671838774356,0,0.3087940391896815
6897.json,joe-biden,half-true,0,speaker_disjoint_split,0,0.42509653855015483,0,0.37380828070308686
12757.json,donald-trump,mostly-true,0,speaker_disjoint_split,1,0.5248699255177723,1,0.53364906997951
5299.json,susan-combs,false,1,speaker_disjoint_split,1,0.5093029622266321,1,0.5869729771781158
7563.json,michael-bloomberg,true,0,speaker_disjoint_split,1,0.5011912991626045,1,0.5068543568298848
8329.json,saxby-chambliss,barely-true,1,speaker_disjoint_split,1,0.5920755394009667,1,0.6186971209530653
4387.json,chip-rogers,mostly-true,0,speaker_disjoint_split,1,0.5242018563904358,0,0.45029860333288746
8451.json,amardeep-kaleka,pants-fire,1,speaker_disjoint_split,0,0.498499145437456,0,0.48589462247279774
12504.json,blog-posting,pants-fire,1,speaker_disjoint_split,1,0.5515338768394604,1,0.643502579328635
11074.json,don-beyer,half-true,0,speaker_disjoint_split,1,0.6577905091301802,1,0.6526483806144251
8262.json,charlie-crist,barely-true,1,speaker_disjoint_split,0,0.4007556576434889,0,0.30877173965807353
13239.json,donald-trump,barely-true,1,speaker_disjoint_split,1,0.5674165512851246,1,0.5720123252324307
1592.json,david-axelrod,half-true,0,speaker_disjoint_split,1,0.5093082173850468,0,0.4261965180598032
5473.json,aclu-florida,mostly-true,0,speaker_disjoint_split,0,0.3247643079243094,0,0.4287778003519014
3408.json,alan-powell,mostly-true,0,speaker_disjoint_split,0,0.4347668374999933,0,0.41442538510017707
1155.json,michael-steele,pants-fire,1,speaker_disjoint_split,1,0.529704545665926,1,0.5569636912904027
1122.json,club-growth,false,1,speaker_disjoint_split,0,0.4989685737817144,1,0.5204436377695045
12803.json,tim-kaine,half-true,0,speaker_disjoint_split,1,0.5440308208845247,1,0.5282157739684822
5409.json,kathleen-vinehout,false,1,speaker_disjoint_split,0,0.471691508011461,0,0.49160846187961577
7313.json,steve-henson,half-true,0,speaker_disjoint_split,1,0.512570073520262,1,0.5599411890548833
4809.json,joe-biden,true,0,speaker_disjoint_split,1,0.5041328917282031,1,0.5142377020082474
12366.json,philadelphia-daily-news,half-true,0,speaker_disjoint_split,1,0.6243246550179872,1,0.6432726030242847
4778.json,lynn-westmoreland,true,0,speaker_disjoint_split,0,0.25893054557653283,0,0.31270654398058123
7908.json,peter-roskam,mostly-true,0,speaker_disjoint_split,0,0.3035130953789818,0,0.2720237442831607
9287.json,scott-walker,half-true,0,speaker_disjoint_split,1,0.7024748423309025,1,0.7285200369520942
4795.json,david-plouffe,mostly-true,0,speaker_disjoint_split,1,0.6022267820015683,1,0.6464500296404543
4534.json,john-kasich,true,0,speaker_disjoint_split,1,0.5588768395763394,1,0.5760275673434593
7738.json,scott-walker,false,1,speaker_disjoint_split,1,0.5524779542928417,0,0.4879916181650357
2755.json,john-kasich,half-true,0,speaker_disjoint_split,0,0.3777023727909118,0,0.37776531920055795
9949.json,scott-walker,half-true,0,speaker_disjoint_split,1,0.6661186617077038,1,0.6849818002921452
11069.json,allison-tant,barely-true,1,speaker_disjoint_split,1,0.5611154655603295,1,0.6883449961471241
12409.json,william-devereaux,true,0,speaker_disjoint_split,0,0.45395534025005035,0,0.40592186707626166
9898.json,angel-taveras,barely-true,1,speaker_disjoint_split,1,0.6535529756711943,1,0.5746744877732634
12400.json,donald-trump,barely-true,1,speaker_disjoint_split,0,0.4825844186080088,1,0.5143083693159562
6802.json,david-cicilline,barely-true,1,speaker_disjoint_split,1,0.6942631267077587,1,0.6182319814455166
2957.json,teresa-fedor,barely-true,1,speaker_disjoint_split,0,0.417813176242655,0,0.4882922627252299
1617.json,charlie-crist,half-true,0,speaker_disjoint_split,0,0.4209257751957377,0,0.2942166502212545
8930.json,jonathan-boucher,pants-fire,1,speaker_disjoint_split,0,0.47630538944788525,0,0.4541285163486045
5684.json,lenny-curry,barely-true,1,speaker_disjoint_split,1,0.5389220939743872,0,0.3869704922429229
13481.json,corey-stewart,false,1,speaker_disjoint_split,0,0.45201818779245756,1,0.5595718057021404
8386.json,bill-burton,mostly-true,0,speaker_disjoint_split,1,0.6474311990283542,1,0.654806389728611
8542.json,ken-detzner,false,1,speaker_disjoint_split,0,0.4770819480232228,0,0.48500531183948187
1026.json,richard-durbin,true,0,speaker_disjoint_split,0,0.2840188427938975,0,0.21747778544818375
7215.json,louie-gohmert,false,1,speaker_disjoint_split,1,0.6256764598262938,1,0.5432450440913927
6737.json,gary-johnson,mostly-true,0,speaker_disjoint_split,1,0.6544014392978652,1,0.547948033266392
11871.json,bernie-s,barely-true,1,speaker_disjoint_split,1,0.5683167984352423,1,0.5672094159936162
3473.json,armond-budish,mostly-true,0,speaker_disjoint_split,0,0.449913998976446,0,0.4256128716939421
3309.json,cliff-stearns,true,0,speaker_disjoint_split,0,0.4231739011912127,0,0.37679949192630685
1488.json,joe-biden,true,0,speaker_disjoint_split,0,0.4471256263662472,0,0.4008410096904838
9127.json,arian-foster,half-true,0,speaker_disjoint_split,1,0.6517778979664601,0,0.4869293534368482
3379.json,mike-huebsch,pants-fire,1,speaker_disjoint_split,1,0.6885921617352609,1,0.6944044596172889
8895.json,keith-ellison,mostly-true,0,speaker_disjoint_split,0,0.15363209147736676,0,0.10473263147909057
11167.json,donald-trump,false,1,speaker_disjoint_split,1,0.5679788286577068,1,0.5881691019276648
99.json,john-mccain,true,0,speaker_disjoint_split,1,0.5360521855499399,1,0.5278523027085669
1701.json,bill-clinton,true,0,speaker_disjoint_split,1,0.5306175396693181,1,0.5324352324824311
7503.json,dan-patrick,mostly-true,0,speaker_disjoint_split,1,0.5508372857428692,1,0.5723037023288557
13368.json,donald-trump,half-true,0,speaker_disjoint_split,0,0.34714253120895794,0,0.37995109121670295
12115.json,donald-trump,half-true,0,speaker_disjoint_split,0,0.45743022213847634,1,0.5207437094146325
10658.json,blog-posting,false,1,speaker_disjoint_split,1,0.5774192742536594,1,0.7199982478644656
8120.json,nancy-gordeuk,half-true,0,speaker_disjoint_split,0,0.463684583595089,0,0.46763562119047863
11260.json,blog-posting,pants-fire,1,speaker_disjoint_split,1,0.5115484235390915,1,0.7184391188648177
9722.json,blog-posting,pants-fire,1,speaker_disjoint_split,1,0.5917764724079003,1,0.768532730724244
11134.json,blog-posting,false,1,speaker_disjoint_split,1,0.7028318873324498,1,0.8010740794981613
11366.json,bernie-s,mostly-true,0,speaker_disjoint_split,1,0.5064650792867647,0,0.4247288375566303
13080.json,donald-trump,mostly-true,0,speaker_disjoint_split,1,0.5241018884547612,1,0.5495897462615404
1285.json,bill-oreilly,false,1,speaker_disjoint_split,1,0.6143754786909502,1,0.6147806633840912
11124.json,donald-trump,pants-fire,1,speaker_disjoint_split,0,0.4210601250163381,0,0.3979531610736068
10436.json,john-kasich,pants-fire,1,speaker_disjoint_split,1,0.5909052995383146,1,0.6077246180526449
11175.json,ben-carson,false,1,speaker_disjoint_split,1,0.6093432974144779,1,0.6307217300404345
10976.json,eugene-robinson,mostly-true,0,speaker_disjoint_split,0,0.45979506319586455,1,0.5226339552134894
11678.json,donald-trump,barely-true,1,speaker_disjoint_split,1,0.5294857343025251,1,0.5933058733903889
6342.json,tim-kaine,true,0,speaker_disjoint_split,0,0.46195735899840723,0,0.38308180416734977
8877.json,ann-coulter,pants-fire,1,speaker_disjoint_split,1,0.6529399666998582,1,0.7353422728159796
328.json,john-mccain,barely-true,1,speaker_disjoint_split,0,0.4808177731437386,1,0.5533243920587383
8867.json,charlie-crist,barely-true,1,speaker_disjoint_split,1,0.5940137545705535,0,0.4070748629195929
9145.json,scott-walker,false,1,speaker_disjoint_split,0,0.4557262073156406,0,0.4546823668564581
11797.json,bernie-s,mostly-true,0,speaker_disjoint_split,1,0.5301465986613574,1,0.5893583891663425
5135.json,angel-taveras,half-true,0,speaker_disjoint_split,0,0.40506284894766764,0,0.31720340395704366
712.json,john-mccain,pants-fire,1,speaker_disjoint_split,1,0.5830169927360352,1,0.6079943893783202
6074.json,samuel-wurzelbacher,mostly-true,0,speaker_disjoint_split,0,0.48524602753326623,1,0.6117928688875939
627.json,john-mccain,true,0,speaker_disjoint_split,1,0.5984929580188676,1,0.5542482882191453
11439.json,jason-villalba,pants-fire,1,speaker_disjoint_split,1,0.5623640523964795,1,0.655378969152534
12582.json,tim-kaine,mostly-true,0,speaker_disjoint_split,1,0.655513533227647,1,0.6382418036877796
10486.json,scott-walker,pants-fire,1,speaker_disjoint_split,1,0.6095040028651934,1,0.5632226422702811
12254.json,donald-trump,false,1,speaker_disjoint_split,0,0.4617380137734604,0,0.4294643821274435
2924.json,tom-coburn,false,1,speaker_disjoint_split,0,0.3582241656236685,0,0.4310335668325577
13496.json,blog-posting,false,1,speaker_disjoint_split,1,0.5015753480732483,1,0.700331676431182
8161.json,scott-walker,false,1,speaker_disjoint_split,1,0.5115961680321586,1,0.5182950133594872
3817.json,armond-budish,true,0,speaker_disjoint_split,1,0.5307596227427346,0,0.4951886857362303
2462.json,patrick-rose,barely-true,1,speaker_disjoint_split,0,0.42392253753852754,0,0.44816196597668506
9208.json,dan-patrick,mostly-true,0,speaker_disjoint_split,0,0.35450594999804597,0,0.33181094265367306
8465.json,diane-ravitch,barely-true,1,speaker_disjoint_split,0,0.40437579474139324,0,0.26190571131967966
8521.json,larry-elder,barely-true,1,speaker_disjoint_split,0,0.297046111324438,0,0.2986846855108856
6818.json,ohio-republican-party,false,1,speaker_disjoint_split,1,0.7639504844742672,1,0.7966304247603025
12273.json,ben-carson,mostly-true,0,speaker_disjoint_split,0,0.4773625946633678,1,0.5207100796197002
731.json,blog-posting,half-true,0,speaker_disjoint_split,1,0.5925437460612341,1,0.7000982206590033
4796.json,john-kasich,mostly-true,0,speaker_disjoint_split,0,0.4360047384912177,0,0.45492011593728715
12347.json,michael-oneill,mostly-true,0,speaker_disjoint_split,1,0.595424959155881,1,0.5703888645751829
7718.json,friends-miami-first,half-true,0,speaker_disjoint_split,0,0.37376176293829133,0,0.30504683681247285
5735.json,scott-walker,half-true,0,speaker_disjoint_split,1,0.6298397991109691,1,0.6133328211215417
2451.json,charlie-crist,pants-fire,1,speaker_disjoint_split,0,0.364835692508377,0,0.282219201530385
12555.json,donald-trump,false,1,speaker_disjoint_split,1,0.6548467876461846,1,0.7334694886417394
790.json,john-mccain,pants-fire,1,speaker_disjoint_split,1,0.5344864199576526,1,0.5380466280197218
9357.json,debbie-wasserman-schultz,mostly-true,0,speaker_disjoint_split,1,0.5978099680329279,1,0.5862298311380769
5639.json,bill-pascrell,half-true,0,speaker_disjoint_split,1,0.6013268475647324,1,0.640208008291363
2800.json,sonny-perdue,half-true,0,speaker_disjoint_split,0,0.33815071755159737,0,0.3285953492370009
4604.json,jon-huntsman,pants-fire,1,speaker_disjoint_split,1,0.7397710741809365,1,0.7086717298249777
11447.json,donald-trump,false,1,speaker_disjoint_split,0,0.2938968519078819,0,0.333676403651
6389.json,nathan-deal,barely-true,1,speaker_disjoint_split,1,0.6548454462963257,1,0.6063615978426999
2008.json,charlie-crist,mostly-true,0,speaker_disjoint_split,0,0.45217680503004626,0,0.361848263225196
10160.json,lloyd-doggett,half-true,0,speaker_disjoint_split,0,0.4457641714277832,0,0.3963054458725176
410.json,blog-posting,pants-fire,1,speaker_disjoint_split,1,0.6870388431589888,1,0.8157212008502838
12249.json,pat-mccrory,barely-true,1,speaker_disjoint_split,0,0.4591137971145516,0,0.3956927929928413
4281.json,ron-paul,half-true,0,speaker_disjoint_split,0,0.4696183499538284,0,0.4542718470638685
1537.json,republican-party-florida,mostly-true,0,speaker_disjoint_split,1,0.7241314508498746,1,0.7090242656737393
9068.json,karl-rove,barely-true,1,speaker_disjoint_split,0,0.38732766169240174,0,0.45388681489362154
11854.json,michael-m-crow,mostly-true,0,speaker_disjoint_split,0,0.2023891108624858,0,0.17850079744942446
8235.json,mayors-against-illegal-guns,half-true,0,speaker_disjoint_split,1,0.7130013290057226,1,0.695350955901033
13494.json,donald-trump,pants-fire,1,speaker_disjoint_split,0,0.48699440316807485,0,0.4570040349980682
7050.json,democratic-party-oregon,half-true,0,speaker_disjoint_split,1,0.7234958832314666,1,0.7433471308354084
1771.json,vern-buchanan,true,0,speaker_disjoint_split,0,0.303014696866801,0,0.3543425905840987
13196.json,tim-kaine,mostly-true,0,speaker_disjoint_split,1,0.6986454995848269,1,0.697885050345905
11359.json,john-kasich,barely-true,1,speaker_disjoint_split,0,0.4447495892301019,0,0.4760766959139562
9526.json,bill-clinton,half-true,0,speaker_disjoint_split,0,0.3758834601690617,0,0.46491196859397044
12072.json,john-kasich,false,1,speaker_disjoint_split,1,0.5757454022916727,1,0.5746283173426083
406.json,john-mccain,false,1,speaker_disjoint_split,1,0.6382146624182373,1,0.6319489897683502
7712.json,john-mccain,half-true,0,speaker_disjoint_split,0,0.4193029892105494,0,0.4809393069301128
10950.json,donald-trump,pants-fire,1,speaker_disjoint_split,0,0.438305131819486,0,0.46145355338163957
8200.json,janet-napolitano,barely-true,1,speaker_disjoint_split,1,0.5244330733823841,1,0.6640944419789779
10431.json,nathan-deal,mostly-true,0,speaker_disjoint_split,1,0.6520954372356799,1,0.6216516527857654
5350.json,wayne-lapierre,barely-true,1,speaker_disjoint_split,1,0.6355839363095448,1,0.6394512612298378
3906.json,debbie-wasserman-schultz,false,1,speaker_disjoint_split,1,0.5783531304890118,1,0.5382777100301388
5630.json,jimmie-t-smith,false,1,speaker_disjoint_split,1,0.5567736184499599,0,0.4824959919101926
9640.json,fresh-start-pa,mostly-true,0,speaker_disjoint_split,1,0.58818648497824,1,0.5191167751606761
6608.json,sam-olens,mostly-true,0,speaker_disjoint_split,1,0.6872392749420583,1,0.7584404264037552
13419.json,donald-trump,barely-true,1,speaker_disjoint_split,0,0.30206699033472934,0,0.31753595743838403
8215.json,cynthia-lummis,mostly-true,0,speaker_disjoint_split,0,0.377781813204356,0,0.49401200535830053
745.json,john-mccain,barely-true,1,speaker_disjoint_split,1,0.6293191535041589,1,0.6282470931180298
12375.json,blog-posting,pants-fire,1,speaker_disjoint_split,1,0.5006863889325499,1,0.6472209880968225
480.json,blog-posting,pants-fire,1,speaker_disjoint_split,1,0.5780623832999612,1,0.7456982077714982
5882.json,freedom-pac,half-true,0,speaker_disjoint_split,1,0.6847572116469856,1,0.6304329876610061
8649.json,bill-oreilly,mostly-true,0,speaker_disjoint_split,1,0.6150401376430826,1,0.6584142804597398
11248.json,bernie-s,mostly-true,0,speaker_disjoint_split,0,0.39667191377378225,0,0.37729218825337724
11908.json,donald-trump,false,1,speaker_disjoint_split,1,0.5127623435544031,1,0.5655256001325475
3041.json,debbie-wasserman-schultz,true,0,speaker_disjoint_split,1,0.638071073248406,1,0.6212234611618459
2095.json,blog-posting,false,1,speaker_disjoint_split,1,0.5885438188327937,1,0.7163932215294864
10084.json,charlie-crist,true,0,speaker_disjoint_split,1,0.5748857956149721,1,0.5306585857821221
2298.json,glenn-beck,true,0,speaker_disjoint_split,0,0.4861202332989649,1,0.5521486619483413
13468.json,americanpoliticnews,pants-fire,1,speaker_disjoint_split,0,0.463626110973966,1,0.690054495904353
2048.json,ron-paul,true,0,speaker_disjoint_split,0,0.38344838025134825,0,0.3895910880334002
13093.json,david-jolly,half-true,0,speaker_disjoint_split,0,0.4039078675841449,1,0.5250087895098163
7103.json,carolyn-medeiros,true,0,speaker_disjoint_split,0,0.4404860151904617,0,0.34876310169666846
3773.json,nathan-deal,false,1,speaker_disjoint_split,1,0.552591193651844,1,0.5195619660042117
10740.json,bernie-s,mostly-true,0,speaker_disjoint_split,0,0.3047795318333984,0,0.3343602926730003
11166.json,john-kasich,mostly-true,0,speaker_disjoint_split,1,0.5302143875836157,1,0.5158705281061624
6243.json,american-commitment,barely-true,1,speaker_disjoint_split,1,0.782668312572688,1,0.783469940657137
12176.json,donald-trump,half-true,0,speaker_disjoint_split,0,0.4036956377756766,0,0.4421877092214371
8541.json,scott-walker,true,0,speaker_disjoint_split,0,0.43048726194335163,0,0.338611754932578
2266.json,florida-first-initiative,false,1,speaker_disjoint_split,1,0.5899270207579278,1,0.5778816447575351
5175.json,nathan-deal,half-true,0,speaker_disjoint_split,1,0.6019269533013816,1,0.5714955371157794
10071.json,charlie-crist,true,0,speaker_disjoint_split,1,0.5425836306821905,0,0.49456776192779855
6146.json,david-plouffe,true,0,speaker_disjoint_split,0,0.44715964572802164,0,0.4802580298238812
6838.json,john-kasich,mostly-true,0,speaker_disjoint_split,0,0.4454875894134471,0,0.486813752961607
8712.json,kimberly-nelson,true,0,speaker_disjoint_split,1,0.5207933434616062,0,0.49888425106206336
7242.json,bill-pascrell,mostly-true,0,speaker_disjoint_split,1,0.5201862757244586,1,0.5501955413534498
8717.json,blog-posting,pants-fire,1,speaker_disjoint_split,1,0.8126442265733976,1,0.8980334803802464
1807.json,national-republican-congressional-committee,false,1,speaker_disjoint_split,1,0.8460179174826497,1,0.7972241190626385
5515.json,sam-adams,half-true,0,speaker_disjoint_split,0,0.3752701187736172,0,0.3149644986875048
9026.json,allen-peake,half-true,0,speaker_disjoint_split,0,0.46604758204330626,0,0.38296568086364585
11343.json,martin-shkreli,false,1,speaker_disjoint_split,1,0.5550827792746885,1,0.5582849152813641
10150.json,charlie-crist,barely-true,1,speaker_disjoint_split,1,0.5735998392334432,1,0.5449753241878842
4030.json,jeff-tittel,false,1,speaker_disjoint_split,1,0.5313099737628578,1,0.6603131728942483
301.json,bill-clinton,false,1,speaker_disjoint_split,1,0.5326183134369761,1,0.5357948679541148
11326.json,karl-rove,mostly-true,0,speaker_disjoint_split,0,0.2557820255271052,0,0.26889198107198964
6246.json,american-commitment,false,1,speaker_disjoint_split,1,0.7462713633022486,1,0.7745814412736074
717.json,joe-biden,half-true,0,speaker_disjoint_split,0,0.48418786522512286,0,0.4207223519344216
580.json,john-mccain,false,1,speaker_disjoint_split,1,0.5228122554208572,1,0.5539788786381176
12393.json,chris-sgro,false,1,speaker_disjoint_split,0,0.43489040607399543,0,0.352154575880038
8266.json,debbie-wasserman-schultz,pants-fire,1,speaker_disjoint_split,0,0.367906245000804,0,0.3597211154033631
10642.json,don-beyer,false,1,speaker_disjoint_split,0,0.35931954317057235,0,0.387138566349742
9290.json,tom-coburn,barely-true,1,speaker_disjoint_split,1,0.5550304326820521,1,0.5522507744160469
6860.json,laurie-monnes-anderson,false,1,speaker_disjoint_split,1,0.6024773888535394,1,0.6725246416285432
11574.json,bernie-s,mostly-true,0,speaker_disjoint_split,0,0.41861949595829495,0,0.4389485672294486
337.json,john-mccain,barely-true,1,speaker_disjoint_split,0,0.37227338951750244,0,0.328780017572234
3839.json,national-republican-congressional-committee,pants-fire,1,speaker_disjoint_split,1,0.5216657585537935,1,0.5143890513823224
4787.json,ron-paul,true,0,speaker_disjoint_split,1,0.5882406147040365,1,0.5506180711939416
12646.json,debbie-wasserman-schultz,mostly-true,0,speaker_disjoint_split,0,0.4905038964287268,0,0.46734448015601215
760.json,john-mccain,false,1,speaker_disjoint_split,1,0.5612733470905826,1,0.5760197028386964
641.json,john-mccain,mostly-true,0,speaker_disjoint_split,1,0.5738598846990774,1,0.6039228980896714
9858.json,mark-begich,pants-fire,1,speaker_disjoint_split,1,0.5100062168805124,0,0.4965954348170323
10541.json,joseph-yost,mostly-true,0,speaker_disjoint_split,1,0.5278614768947761,0,0.4652766403696222
733.json,john-mccain,barely-true,1,speaker_disjoint_split,0,0.41656481283391494,0,0.420578458969097
11857.json,bernie-s,false,1,speaker_disjoint_split,1,0.6292735127214975,1,0.5597245599787194
2634.json,democratic-congressional-campaign-committee,half-true,0,speaker_disjoint_split,1,0.6999832348860232,1,0.7176515851604993
8731.json,gus-bilirakis,false,1,speaker_disjoint_split,0,0.46402010352529993,0,0.34531242108551735
9878.json,jeff-merkley,half-true,0,speaker_disjoint_split,1,0.6082699064012886,1,0.5199337208462804
2139.json,donna-brazile,true,0,speaker_disjoint_split,0,0.2545243612142047,0,0.2933321784588702
5068.json,david-cicilline,mostly-true,0,speaker_disjoint_split,0,0.4105743063768177,0,0.3348160159415924
11801.json,bernie-s,false,1,speaker_disjoint_split,0,0.43296898595065497,0,0.45009280058612394
6652.json,bill-clinton,true,0,speaker_disjoint_split,1,0.6049098321024451,1,0.5474302062439868
399.json,campaign-defend-america,mostly-true,0,speaker_disjoint_split,0,0.4253301350665848,0,0.31629188659515484
12275.json,pat-mccrory,false,1,speaker_disjoint_split,0,0.4332095649166881,0,0.3217586713026622
13096.json,donald-trump,true,0,speaker_disjoint_split,0,0.3232576624558405,0,0.31603794225610776
428.json,bill-clinton,pants-fire,1,speaker_disjoint_split,0,0.496904102294663,1,0.5042236552094128
12042.json,bernie-s,mostly-true,0,speaker_disjoint_split,0,0.2688100430653391,0,0.28245459231620523
7839.json,oregon-pta,true,0,speaker_disjoint_split,0,0.4022913898130337,0,0.2974493106971525
10126.json,scott-walker,false,1,speaker_disjoint_split,0,0.4929011592737372,1,0.5132863743550967
7956.json,richard-durbin,half-true,0,speaker_disjoint_split,0,0.4836106308213596,0,0.40135363149325287
1335.json,orrin-hatch,barely-true,1,speaker_disjoint_split,1,0.5310597789204108,0,0.49604136028610646
5372.json,scott-walker,pants-fire,1,speaker_disjoint_split,0,0.48813447730143833,1,0.5096509103719671
4676.json,ron-paul,false,1,speaker_disjoint_split,0,0.4905815464355555,1,0.5057582501522611
1741.json,arlen-specter,true,0,speaker_disjoint_split,1,0.5925193450800945,1,0.6843807570768411
11047.json,ben-ferguson,barely-true,1,speaker_disjoint_split,0,0.33585369719999003,0,0.3538085748706851
12117.json,bernie-s,half-true,0,speaker_disjoint_split,1,0.5249233674642128,0,0.4862555988800483
3066.json,ohio-alliance-retired-americans,false,1,speaker_disjoint_split,1,0.689824462044237,1,0.7651141641354201
519.json,john-mccain,barely-true,1,speaker_disjoint_split,0,0.487734733407951,0,0.45716653490919207
6757.json,its-still-bad-idea,mostly-true,0,speaker_disjoint_split,0,0.4461798555576841,0,0.3318436489517667
1758.json,jan-brewer,barely-true,1,speaker_disjoint_split,1,0.5533909373811772,1,0.6512550562607207
4219.json,ash-williams,false,1,speaker_disjoint_split,1,0.5004859671687587,1,0.5266269437444654
12751.json,donald-trump,true,0,speaker_disjoint_split,0,0.4879085000584824,1,0.5028659385584736
5942.json,graeme-zielinski,pants-fire,1,speaker_disjoint_split,1,0.7170213225923379,1,0.5765287758897866
9999.json,dan-patrick,false,1,speaker_disjoint_split,1,0.7928784223566538,1,0.7271556360332927
5881.json,shaun-ireland,mostly-true,0,speaker_disjoint_split,1,0.5510724441755327,0,0.47105573728714917
3047.json,robert-hagan,half-true,0,speaker_disjoint_split,0,0.25854300460401186,0,0.26735212971414957
9705.json,scott-walker,pants-fire,1,speaker_disjoint_split,0,0.4631411653333804,0,0.4662756606215892
6039.json,new-jersey-democratic-state-committee,false,1,speaker_disjoint_split,1,0.5662171389642751,1,0.5564998962304467
4120.json,scott-walker,false,1,speaker_disjoint_split,1,0.5924144986430171,1,0.5807849637270893
3359.json,scott-mccown,true,0,speaker_disjoint_split,0,0.27175683278510443,0,0.32692477768657685
7820.json,bill-ratliff,barely-true,1,speaker_disjoint_split,1,0.5737904325220671,0,0.4920842336116888
7134.json,scott-walker,barely-true,1,speaker_disjoint_split,1,0.5248855386790752,0,0.49569508778038684
9534.json,debbie-wasserman-schultz,mostly-true,0,speaker_disjoint_split,0,0.2588734369535777,0,0.2997248160835104
5546.json,frank-wolf,true,0,speaker_disjoint_split,0,0.24520187362100934,0,0.2868375782572762
4304.json,state-democratic-party-wisconsin,barely-true,1,speaker_disjoint_split,1,0.7622989510775713,1,0.7923961278754025
1938.json,richard-durbin,false,1,speaker_disjoint_split,0,0.3880826817465299,0,0.37806135453570405
12157.json,pat-mccrory,half-true,0,speaker_disjoint_split,0,0.49111372072950227,0,0.3600836100546324
3653.json,donald-trump,pants-fire,1,speaker_disjoint_split,1,0.5430397758036697,1,0.610058785576464
11557.json,donald-trump,half-true,0,speaker_disjoint_split,1,0.5870481406284794,1,0.6318983087257418
5751.json,wayne-lapierre,mostly-true,0,speaker_disjoint_split,1,0.7624522592993557,1,0.7777999373008059
10607.json,joe-biden,half-true,0,speaker_disjoint_split,1,0.5180883831835007,1,0.5577473544401911
4874.json,greg-walden,half-true,0,speaker_disjoint_split,1,0.5615924719721448,1,0.6525957261104857
11180.json,heather-mcghee,true,0,speaker_disjoint_split,0,0.3872515425564236,0,0.36812758009292473
6917.json,marsha-blackburn,false,1,speaker_disjoint_split,1,0.5429038766793718,0,0.43370507660154056
6368.json,bill-clinton,half-true,0,speaker_disjoint_split,0,0.472308165170344,0,0.47598929547486907
7874.json,13th-district-gop-slate,half-true,0,speaker_disjoint_split,1,0.5270678135376187,1,0.5487612231115188
8583.json,lynn-westmoreland,half-true,0,speaker_disjoint_split,1,0.5018267836065036,1,0.5462959152310354
8242.json,georgia-campaign-liberty,false,1,speaker_disjoint_split,1,0.644253945845076,1,0.6354686781712233
2372.json,ann-coulter,half-true,0,speaker_disjoint_split,0,0.42812466055566145,1,0.5069854809309494
12197.json,bernie-s,barely-true,1,speaker_disjoint_split,1,0.7498100967623571,1,0.7275511253464074
7067.json,peoples-majority,pants-fire,1,speaker_disjoint_split,1,0.509292174980229,0,0.4356392520711274
9215.json,donald-trump,false,1,speaker_disjoint_split,1,0.7248927057705524,1,0.7665103122071236
10029.json,nathan-deal,true,0,speaker_disjoint_split,0,0.4603257870771137,0,0.4123508890530981
12637.json,pat-robertson,barely-true,1,speaker_disjoint_split,1,0.7953447434689453,1,0.7779638827743569
8361.json,steve-lonegan,half-true,0,speaker_disjoint_split,0,0.28711384661789463,0,0.25269380820891757
11883.json,donald-trump,barely-true,1,speaker_disjoint_split,0,0.4428141820863679,1,0.51755191084508
7935.json,ron-hood,pants-fire,1,speaker_disjoint_split,1,0.6048914370012937,1,0.6669056432905901
8077.json,republican-party-florida,mostly-true,0,speaker_disjoint_split,0,0.4549544217105665,0,0.39628678234903075
2904.json,kirk-watson,mostly-true,0,speaker_disjoint_split,0,0.4993601273302952,0,0.4400278160529843
1581.json,cathie-adams,barely-true,1,speaker_disjoint_split,0,0.3962183193777516,0,0.47783368833249323
2606.json,hank-gilbert,half-true,0,speaker_disjoint_split,0,0.3938285572024259,0,0.24637442077582408
7419.json,wayne-lapierre,barely-true,1,speaker_disjoint_split,1,0.6234125369263563,1,0.6300203679376044
13153.json,donald-trump,mostly-true,0,speaker_disjoint_split,1,0.5604839955783524,1,0.6046183527406359
13130.json,donald-trump,true,0,speaker_disjoint_split,0,0.46282569282135644,0,0.46823846799409896
8889.json,thomas-perez,mostly-true,0,speaker_disjoint_split,1,0.5275554478443737,1,0.5013598586598
3842.json,national-republican-congressional-committee,barely-true,1,speaker_disjoint_split,0,0.4734758481093824,0,0.4565424529176936
4252.json,daniel-mckee,half-true,0,speaker_disjoint_split,1,0.5363225364185136,0,0.39932727496548515
8300.json,dale-kooyenga,barely-true,1,speaker_disjoint_split,0,0.44359651240158904,0,0.3207032052093926
6414.json,john-kasich,true,0,speaker_disjoint_split,0,0.27374471512206905,0,0.2585682632144979
11957.json,donald-trump,pants-fire,1,speaker_disjoint_split,0,0.29033877478629916,0,0.3685241614750586
12509.json,donald-trump,mostly-true,0,speaker_disjoint_split,0,0.39327354450340013,0,0.4858712178237066
3349.json,scott-walker,barely-true,1,speaker_disjoint_split,1,0.5807240094173902,1,0.5565345528213227
4991.json,jon-huntsman,barely-true,1,speaker_disjoint_split,0,0.25326168106898167,0,0.2353772093644195
12766.json,donald-trump,false,1,speaker_disjoint_split,1,0.5227446961216867,1,0.5013920209618739
10127.json,nathan-deal,mostly-true,0,speaker_disjoint_split,1,0.5186990448881121,0,0.4419647364729725
13209.json,donald-trump,barely-true,1,speaker_disjoint_split,1,0.6118174429124001,1,0.6543550441965367
6695.json,democratic-congressional-campaign-committee,false,1,speaker_disjoint_split,0,0.4578986613284417,0,0.49788327430529505
12786.json,bill-clinton,half-true,0,speaker_disjoint_split,0,0.4817691196535385,0,0.4431544234130437
12196.json,john-kasich,mostly-true,0,speaker_disjoint_split,1,0.5245344143077362,1,0.5019199666254538
12121.json,donald-trump,pants-fire,1,speaker_disjoint_split,0,0.4881303912685204,0,0.4751504259285961
8630.json,scott-walker,mostly-true,0,speaker_disjoint_split,0,0.3419993229983619,0,0.338609607515274
12050.json,donald-trump,false,1,speaker_disjoint_split,1,0.6539257974097072,1,0.7135388236458984
1846.json,glenn-beck,mostly-true,0,speaker_disjoint_split,0,0.29410851953201983,0,0.30554746546463313
6655.json,charlie-crist,half-true,0,speaker_disjoint_split,1,0.5215664788808245,1,0.5890161356532939
1730.json,bill-oreilly,pants-fire,1,speaker_disjoint_split,1,0.6283636801035857,1,0.630595597178288
2899.json,jeff-fitzgerald,barely-true,1,speaker_disjoint_split,1,0.559411591489919,1,0.5650877277303127
10059.json,charlie-crist,mostly-true,0,speaker_disjoint_split,1,0.5410438451184661,1,0.5081124698915342
12450.json,pat-mccrory,barely-true,1,speaker_disjoint_split,1,0.636829066709266,1,0.5810343329135986
5869.json,saxby-chambliss,half-true,0,speaker_disjoint_split,1,0.7384484237148268,1,0.7007595659132262
1601.json,karl-rove,false,1,speaker_disjoint_split,1,0.5471556178123316,0,0.4692149945397759
7743.json,ken-cuccinelli,false,1,speaker_disjoint_split,0,0.4704796224747261,0,0.47890971494664814
12995.json,donald-trump,barely-true,1,speaker_disjoint_split,0,0.2870734157863512,0,0.2890591406395166
8636.json,debra-medina,true,0,speaker_disjoint_split,0,0.2711918774776366,0,0.23283550561466737
483.json,john-mccain,mostly-true,0,speaker_disjoint_split,0,0.3660080059974669,0,0.33700845466909707
1212.json,michael-steele,true,0,speaker_disjoint_split,1,0.5267100167093909,1,0.5392917095946796
3264.json,lloyd-doggett,mostly-true,0,speaker_disjoint_split,0,0.4676396918283952,0,0.44848805491482036
11330.json,donald-trump,mostly-true,0,speaker_disjoint_split,1,0.5389545973741707,1,0.5986644879252548
12595.json,donald-trump,false,1,speaker_disjoint_split,1,0.6522587071285619,1,0.630150593857169
9102.json,chris-chocola,half-true,0,speaker_disjoint_split,1,0.7008503653827537,1,0.5475202836488134
6299.json,scott-walker,false,1,speaker_disjoint_split,1,0.7968507262060548,1,0.7893581306140669
4210.json,joshua-henne,false,1,speaker_disjoint_split,0,0.45911370292039994,0,0.36257093843878074
6643.json,bill-clinton,mostly-true,0,speaker_disjoint_split,0,0.374130575542818,0,0.38498894421237523
4918.json,ron-paul,barely-true,1,speaker_disjoint_split,0,0.3383214657778577,0,0.34823398761931806
5041.json,steve-lonegan,false,1,speaker_disjoint_split,0,0.3741341199591616,0,0.3021364841845411
7508.json,ed-fallone,mostly-true,0,speaker_disjoint_split,1,0.5582524945106834,1,0.6037136473897827
9366.json,valarie-wilson,half-true,0,speaker_disjoint_split,1,0.5183516171935052,0,0.4571250045111936
7462.json,ken-cuccinelli,true,0,speaker_disjoint_split,0,0.48296946240542615,0,0.48570628802836
4791.json,debbie-wasserman-schultz,half-true,0,speaker_disjoint_split,0,0.44811902504822787,0,0.4723343174475016
813.json,john-mccain,false,1,speaker_disjoint_split,1,0.5836380656615693,1,0.5510833913942514
12760.json,donald-trump,mostly-true,0,speaker_disjoint_split,0,0.48630155574570383,1,0.5192211481285497
4511.json,john-sherman,false,1,speaker_disjoint_split,0,0.3335888415385706,0,0.29974561422154455
11598.json,donald-trump,half-true,0,speaker_disjoint_split,0,0.41915215943295586,1,0.5036567759468417
528.json,john-mccain,true,0,speaker_disjoint_split,0,0.46765787316612395,0,0.47970066103510195
13450.json,donald-trump,false,1,speaker_disjoint_split,0,0.40690511546429814,0,0.4030576595305462
121.json,john-mccain,false,1,speaker_disjoint_split,0,0.4032303310673934,0,0.47797804497087354
19.json,joe-biden,pants-fire,1,speaker_disjoint_split,1,0.7038439884435606,1,0.6558911450113037
801.json,john-mccain,half-true,0,speaker_disjoint_split,0,0.45339919129704415,0,0.44301497337063
6365.json,democratic-congressional-campaign-committee,pants-fire,1,speaker_disjoint_split,1,0.6024845075252435,1,0.5773170472890942
8177.json,blog-posting,pants-fire,1,speaker_disjoint_split,1,0.8230850400554269,1,0.8941801518442772
7469.json,carol-shea-porter,half-true,0,speaker_disjoint_split,0,0.4215837115832939,0,0.37366675993933296
9617.json,charlie-crist,mostly-true,0,speaker_disjoint_split,0,0.3604019410712,0,0.303934093028189
10537.json,trebor-banstetter,true,0,speaker_disjoint_split,1,0.5199181117941568,1,0.5298752105358757
4925.json,rob-cornilles,half-true,0,speaker_disjoint_split,0,0.3353508191786513,0,0.4242285179325344
2642.json,charlie-crist,barely-true,1,speaker_disjoint_split,0,0.4166618219686736,0,0.35808622147165653
8905.json,charlie-crist,false,1,speaker_disjoint_split,1,0.5996328489074199,1,0.5840734615037193
12031.json,john-kasich,barely-true,1,speaker_disjoint_split,0,0.3369841992721076,0,0.3503137463735334
1318.json,glenn-beck,pants-fire,1,speaker_disjoint_split,1,0.6009219267550031,1,0.630799424305618
9236.json,scott-walker,mostly-true,0,speaker_disjoint_split,0,0.3622425432883829,0,0.3953878981792327
8201.json,national-republican-congressional-committee,barely-true,1,speaker_disjoint_split,1,0.7748125499291811,1,0.7806164759456353
13052.json,donald-trump,true,0,speaker_disjoint_split,1,0.5459117411966364,1,0.5171911679500667
6440.json,tomorrows-vision-florida,false,1,speaker_disjoint_split,1,0.553855010851193,1,0.5430116103446258
633.json,jerome-corsi,false,1,speaker_disjoint_split,0,0.4997084710078095,1,0.5520659936134521
510.json,republican-party-florida,pants-fire,1,speaker_disjoint_split,1,0.7615535217579223,1,0.7136105579860331
12752.json,donald-trump,mostly-true,0,speaker_disjoint_split,0,0.16531870570079607,0,0.21038501861056824
3984.json,jon-huntsman,true,0,speaker_disjoint_split,0,0.4199343908799759,0,0.35474028505773075
1825.json,michael-steele,true,0,speaker_disjoint_split,0,0.4773709706611522,0,0.43769100011537615
11864.json,john-kasich,false,1,speaker_disjoint_split,0,0.49579939016519464,0,0.4485401056877867
278.json,john-mccain,false,1,speaker_disjoint_split,1,0.5088821073467789,1,0.5028717770434608
401.json,campaign-defend-america,true,0,speaker_disjoint_split,1,0.5384520057812632,0,0.4820493217150481
11096.json,donald-trump,false,1,speaker_disjoint_split,0,0.4735625562926859,1,0.543009534414042
5209.json,rob-cornilles,half-true,0,speaker_disjoint_split,1,0.6740499699950186,1,0.7566331188105384
9524.json,state-democratic-party-wisconsin,pants-fire,1,speaker_disjoint_split,1,0.7164477902548254,1,0.7373670893929984
9198.json,marsha-blackburn,half-true,0,speaker_disjoint_split,0,0.3693380634908059,0,0.2615211405668028
12169.json,chris-sgro,mostly-true,0,speaker_disjoint_split,1,0.5269404881577453,0,0.3987313025558457
12996.json,donald-trump,pants-fire,1,speaker_disjoint_split,0,0.49781560314623075,1,0.5272496090999764
10064.json,republican-party-florida,false,1,speaker_disjoint_split,1,0.649312952828689,1,0.5628199182225633
4161.json,cliff-stearns,mostly-true,0,speaker_disjoint_split,0,0.41302321636467426,0,0.37586439645647435
2646.json,democratic-congressional-campaign-committee,half-true,0,speaker_disjoint_split,0,0.3745609701089952,0,0.39940488461051327
12381.json,mamie-locke,true,0,speaker_disjoint_split,0,0.42248515047623947,0,0.41936254378812515
10055.json,jeanne-shaheen,mostly-true,0,speaker_disjoint_split,1,0.6685993160988601,1,0.6626552899496797
13251.json,donald-trump,pants-fire,1,speaker_disjoint_split,0,0.495419374484034,1,0.508564244059554
6239.json,robert-menendez,barely-true,1,speaker_disjoint_split,1,0.5812356709156694,1,0.5693936105748796
9612.json,republican-party-florida,half-true,0,speaker_disjoint_split,0,0.40189015118605115,0,0.33373254469009034
1087.json,joe-biden,mostly-true,0,speaker_disjoint_split,0,0.42519556638704026,0,0.4029023544846332
267.json,bill-richardson,true,0,speaker_disjoint_split,1,0.5362716555339477,1,0.5964599491377789
4272.json,lloyd-doggett,true,0,speaker_disjoint_split,0,0.29107707865695415,0,0.24724822533459873
2357.json,scott-walker,false,1,speaker_disjoint_split,1,0.6726702486837122,1,0.6335733188453835
12541.json,donald-trump,barely-true,1,speaker_disjoint_split,1,0.5200301550976841,1,0.5479302574736304
2854.json,carole-smith,pants-fire,1,speaker_disjoint_split,0,0.3867461100592395,0,0.3638794547765155
2072.json,david-cicilline,true,0,speaker_disjoint_split,0,0.2894579427441516,0,0.23561385057979892
1420.json,debra-medina,mostly-true,0,speaker_disjoint_split,1,0.5488163477428858,1,0.5556715539456647
6370.json,julian-castro,true,0,speaker_disjoint_split,1,0.5220497809886187,1,0.5167009596624098
10163.json,james-carr,true,0,speaker_disjoint_split,0,0.3693713243895834,0,0.4203775072026796
2796.json,safe-routes-schools,false,1,speaker_disjoint_split,1,0.587014807930557,1,0.6898120818416554
2679.json,charlie-crist,true,0,speaker_disjoint_split,0,0.39875928458545484,0,0.35871571672546726
10040.json,bill-oreilly,half-true,0,speaker_disjoint_split,1,0.6283232210562463,1,0.6587219817296833
8667.json,bob-schieffer,true,0,speaker_disjoint_split,1,0.5013011677403073,0,0.40287958642811694
9746.json,mark-emmert,half-true,0,speaker_disjoint_split,0,0.3861173638747166,0,0.28015136411881403
4698.json,americans-prosperity-new-jersey,false,1,speaker_disjoint_split,1,0.5106031534229054,1,0.5224912928061906
2585.json,christine-odonnell,barely-true,1,speaker_disjoint_split,1,0.5099420120039404,0,0.45669244420600286
6026.json,scott-walker,half-true,0,speaker_disjoint_split,1,0.5504401182752563,1,0.5752757488526814
13056.json,national-republican-congressional-committee,true,0,speaker_disjoint_split,1,0.5699175284763777,1,0.5363075484988838
1103.json,glenn-beck,pants-fire,1,speaker_disjoint_split,0,0.4973544312708743,1,0.5437031274405102
4105.json,shelly-moore,pants-fire,1,speaker_disjoint_split,1,0.6104831981968515,1,0.7856230337817914
8533.json,frank-fahrenkopf,barely-true,1,speaker_disjoint_split,1,0.5363052134929567,0,0.3954331626394545
13125.json,donald-trump,barely-true,1,speaker_disjoint_split,1,0.6330914994453997,1,0.7046196213731634
3107.json,dean-cannon,true,0,speaker_disjoint_split,0,0.3523788863187321,0,0.2643980849540622
6765.json,joaquin-castro,true,0,speaker_disjoint_split,0,0.4197735433881329,0,0.4796129840309356
4243.json,jon-huntsman,mostly-true,0,speaker_disjoint_split,0,0.42446903614933623,0,0.4283100635273145
7818.json,carolyn-tomei,mostly-true,0,speaker_disjoint_split,0,0.4243598743541115,0,0.3582647539423431
10871.json,gina-hinojosa,half-true,0,speaker_disjoint_split,0,0.431885021324976,0,0.4310786609659083
11324.json,dale-kooyenga,mostly-true,0,speaker_disjoint_split,1,0.5491031899392075,0,0.4069790168225587
3637.json,donald-trump,mostly-true,0,speaker_disjoint_split,0,0.35359598663036923,0,0.4151764477822576
6060.json,jeanne-shaheen,barely-true,1,speaker_disjoint_split,0,0.39660085345002,0,0.3829776613763425
603.json,john-mccain,false,1,speaker_disjoint_split,1,0.5342756548319312,1,0.5581514557338052
11545.json,bernie-s,mostly-true,0,speaker_disjoint_split,0,0.25454436760508475,0,0.25937163338651187
6684.json,its-still-bad-idea,pants-fire,1,speaker_disjoint_split,0,0.43850713520211915,0,0.3477064374379784
11711.json,donald-trump,true,0,speaker_disjoint_split,1,0.5187411754980206,1,0.5809182221337545
8869.json,scott-surovell,mostly-true,0,speaker_disjoint_split,0,0.218711379648665,0,0.17454473195486445
8320.json,charlie-crist,mostly-true,0,speaker_disjoint_split,0,0.4844496859368277,0,0.44583488680612393
5505.json,lenny-curry,true,0,speaker_disjoint_split,0,0.42893712982938564,0,0.33951026022248054
11778.json,donald-trump,barely-true,1,speaker_disjoint_split,0,0.4429458436897661,1,0.543255139574113
1251.json,jay-rockefeller,true,0,speaker_disjoint_split,1,0.5706365932957819,1,0.5872439563033484
6112.json,jeff-merkley,mostly-true,0,speaker_disjoint_split,0,0.25088670902281623,0,0.19178114728975834
2652.json,kathie-glass,pants-fire,1,speaker_disjoint_split,0,0.4811966686084645,1,0.5454089768837861
11764.json,state-democratic-party-wisconsin,pants-fire,1,speaker_disjoint_split,0,0.32983829976799145,0,0.3543193048978998
7692.json,dan-patrick,mostly-true,0,speaker_disjoint_split,1,0.503443665981564,1,0.5281146337443984
11185.json,carly-fiorina,barely-true,1,speaker_disjoint_split,1,0.5420311433753281,1,0.5045372898854058
2412.json,republican-party-florida,false,1,speaker_disjoint_split,1,0.5992650608635444,1,0.5161274118223321
592.json,john-mccain,barely-true,1,speaker_disjoint_split,0,0.4658113878255103,0,0.481174880742627
12745.json,donald-trump,half-true,0,speaker_disjoint_split,0,0.23180406372189363,0,0.2738590391983808
2547.json,lloyd-doggett,true,0,speaker_disjoint_split,1,0.6694961560866891,1,0.6155013997414633
6386.json,democratic-congressional-campaign-committee,barely-true,1,speaker_disjoint_split,1,0.5358897997235187,1,0.5743528942262266
4708.json,nina-turner,true,0,speaker_disjoint_split,0,0.43767646939351124,0,0.3562550039470422
12167.json,bernie-s,barely-true,1,speaker_disjoint_split,1,0.7219467470500609,1,0.7356881887658283
2876.json,john-kasich,mostly-true,0,speaker_disjoint_split,0,0.37229152560469453,0,0.3386424325710829
12943.json,donald-trump,half-true,0,speaker_disjoint_split,1,0.6491413407636438,1,0.6508978436187078
2777.json,michael-bloomberg,mostly-true,0,speaker_disjoint_split,0,0.2952275328280934,0,0.3057436392926288
7758.json,bill-richardson,mostly-true,0,speaker_disjoint_split,1,0.5598510907284122,1,0.5685079205248295
11796.json,donald-trump,half-true,0,speaker_disjoint_split,0,0.4921951000248173,0,0.43756753323231634
10208.json,anna-kooiman,barely-true,1,speaker_disjoint_split,1,0.6976159291000908,1,0.6993887191145212
805.json,john-mccain,mostly-true,0,speaker_disjoint_split,1,0.5150232719874813,1,0.5408649363818991
7461.json,arne-duncan,barely-true,1,speaker_disjoint_split,0,0.47223322394659933,0,0.3770003687373217
3575.json,scott-walker,true,0,speaker_disjoint_split,1,0.680111432663382,1,0.7069529593841126
384.json,votevetsorg,true,0,speaker_disjoint_split,0,0.4840656208858368,0,0.4545991245525157
729.json,john-mccain,half-true,0,speaker_disjoint_split,1,0.5391108443874013,1,0.5316072350211479
656.json,joe-biden,mostly-true,0,speaker_disjoint_split,0,0.4474812615069875,0,0.43411558455180366
6010.json,lenny-curry,half-true,0,speaker_disjoint_split,0,0.30765949566116996,0,0.19404935395417428
727.json,john-mccain,mostly-true,0,speaker_disjoint_split,0,0.42965171110698364,0,0.43155338776883523
6262.json,democratic-congressional-campaign-committee,pants-fire,1,speaker_disjoint_split,1,0.563361464111863,1,0.5344886214083278
12084.json,donald-trump,true,0,speaker_disjoint_split,0,0.47528821129098586,0,0.4467066686780586
12461.json,blog-posting,true,0,speaker_disjoint_split,1,0.5659394368606396,1,0.7152444168927771
11910.json,ben-carson,pants-fire,1,speaker_disjoint_split,1,0.5172566069611979,1,0.5619204809309855
10175.json,scott-walker,mostly-true,0,speaker_disjoint_split,1,0.5396178769991437,1,0.5502175313079104
1881.json,thomas-melsheimer,barely-true,1,speaker_disjoint_split,0,0.3251222053492751,0,0.35837842283418686
5536.json,stephen-sweeney,half-true,0,speaker_disjoint_split,1,0.6451136135787763,1,0.6141904801774499
12787.json,donald-trump,half-true,0,speaker_disjoint_split,1,0.5357989569152856,1,0.5743470205454384
2442.json,delia-lopez,pants-fire,1,speaker_disjoint_split,1,0.6329257912124562,1,0.73704122842846
2983.json,sam-adams,true,0,speaker_disjoint_split,0,0.41016787647519776,0,0.3390840782945784
6577.json,scott-walker,half-true,0,speaker_disjoint_split,0,0.36774566688632154,0,0.38925586599271084
4711.json,lloyd-doggett,mostly-true,0,speaker_disjoint_split,0,0.23955744166605467,0,0.19666857679237323
11865.json,adrian-garcia,barely-true,1,speaker_disjoint_split,1,0.5607026392152902,1,0.5612800938090394
3021.json,david-wyss,true,0,speaker_disjoint_split,1,0.5325593715919019,0,0.47612017905356263
5272.json,ron-paul,half-true,0,speaker_disjoint_split,0,0.4444675932890191,0,0.48569965592751535
3991.json,scott-walker,half-true,0,speaker_disjoint_split,0,0.42382077532729534,0,0.42575859562668333
6290.json,ohio-republican-party,half-true,0,speaker_disjoint_split,1,0.537508368625111,1,0.6147527433402649
1394.json,texas-democratic-party,false,1,speaker_disjoint_split,0,0.4590715510278848,1,0.5495117164112737
1052.json,john-mccain,true,0,speaker_disjoint_split,0,0.2614039476709013,0,0.21912986607908028
3700.json,stephen-ucci,false,1,speaker_disjoint_split,0,0.46338746159222566,0,0.4047966849938861
1999.json,charlie-crist,true,0,speaker_disjoint_split,0,0.31456251665229734,0,0.2453011510185654
9683.json,peter-lavelle,pants-fire,1,speaker_disjoint_split,1,0.5929360179573958,1,0.7325257913272308
2626.json,edwin-pacheco,false,1,speaker_disjoint_split,0,0.46347509499688316,1,0.5607223856436835
2814.json,john-kasich,half-true,0,speaker_disjoint_split,0,0.3343023262330261,0,0.2955655331276381
12448.json,donald-trump,barely-true,1,speaker_disjoint_split,0,0.43120741542324337,0,0.49225067050170723
8701.json,state-democratic-party-wisconsin,false,1,speaker_disjoint_split,1,0.6318764497932189,1,0.689604065097287
2371.json,john-mccain,barely-true,1,speaker_disjoint_split,1,0.6529677931258056,1,0.6892306304266479
12065.json,donald-trump,true,0,speaker_disjoint_split,1,0.5591832342936056,1,0.6077292903946695
13305.json,donald-trump,true,0,speaker_disjoint_split,1,0.5627343554546278,1,0.5479751987961737
2428.json,republican-governors-association,half-true,0,speaker_disjoint_split,0,0.33813427657491174,0,0.3104445791110376
4425.json,john-kasich,barely-true,1,speaker_disjoint_split,0,0.33940016566676184,0,0.37543256312497847
5551.json,dennis-richardson,half-true,0,speaker_disjoint_split,0,0.2998764113275185,0,0.31260840467320367
757.json,john-mccain,half-true,0,speaker_disjoint_split,0,0.4769189298430025,0,0.475712175612824
2284.json,glenn-beck,pants-fire,1,speaker_disjoint_split,1,0.5904021828377101,1,0.6172374361535264
12650.json,donald-trump,barely-true,1,speaker_disjoint_split,1,0.5638412375686135,1,0.6226139072371549
643.json,joe-biden,half-true,0,speaker_disjoint_split,0,0.2995256602475123,0,0.2621539476477823
11562.json,donald-trump,pants-fire,1,speaker_disjoint_split,1,0.5043068876325278,1,0.5287475706010764
12098.json,john-kasich,mostly-true,0,speaker_disjoint_split,1,0.5425607492935431,0,0.4928273978568451
1480.json,glenn-beck,barely-true,1,speaker_disjoint_split,0,0.30639349318439113,0,0.34515580468407986
10517.json,nathan-deal,half-true,0,speaker_disjoint_split,0,0.12453949356680702,0,0.13234826711910314
531.json,john-mccain,mostly-true,0,speaker_disjoint_split,0,0.30495982968392593,0,0.31554451526632726
126.json,joe-biden,mostly-true,0,speaker_disjoint_split,0,0.44476259768686893,0,0.3957967166749849
526.json,john-mccain,barely-true,1,speaker_disjoint_split,0,0.41877728014390764,0,0.43480027046651465
3.json,bill-richardson,mostly-true,0,speaker_disjoint_split,0,0.410458281174894,0,0.43473216714450846
1150.json,orrin-hatch,half-true,0,speaker_disjoint_split,0,0.36175119224755137,0,0.3512064014765141
4289.json,sam-adams,half-true,0,speaker_disjoint_split,0,0.3266816200833417,0,0.30272565448825484
4383.json,dennis-richardson,false,1,speaker_disjoint_split,1,0.5471589439437656,1,0.5532009088906509
2643.json,scott-walker,false,1,speaker_disjoint_split,1,0.5763814255394357,1,0.6647392381594815
13236.json,tim-kaine,barely-true,1,speaker_disjoint_split,0,0.49945609893407045,0,0.4966491515960401
1894.json,donna-brazile,half-true,0,speaker_disjoint_split,0,0.3975440607022205,0,0.37492925967281815
792.json,john-mccain,half-true,0,speaker_disjoint_split,0,0.44000231165653897,0,0.3900872968771125
12929.json,julian-castro,true,0,speaker_disjoint_split,0,0.30702139748842106,0,0.3134944069735336
12791.json,democratic-congressional-campaign-committee,barely-true,1,speaker_disjoint_split,1,0.5291152601476513,0,0.4552365779900697
10283.json,bernie-s,mostly-true,0,speaker_disjoint_split,0,0.3542930583602215,0,0.37321005835840426
2165.json,sam-olens,half-true,0,speaker_disjoint_split,0,0.47513354461555596,1,0.539791144256869
6455.json,warren-kampf,mostly-true,0,speaker_disjoint_split,0,0.3789107348750178,0,0.43886193936867596
211.json,john-mccain,true,0,speaker_disjoint_split,0,0.4255435732656575,0,0.4118937759483828
7676.json,michael-chippendale,barely-true,1,speaker_disjoint_split,1,0.6642706815242564,1,0.6606905295587138
2443.json,john-kasich,half-true,0,speaker_disjoint_split,0,0.3936181144238429,0,0.3358731744000408
12284.json,bernie-s,mostly-true,0,speaker_disjoint_split,1,0.5766798304216588,1,0.6043927647022461
3414.json,bernie-s,false,1,speaker_disjoint_split,0,0.40951613515356633,0,0.3725031855098883
1450.json,debra-medina,half-true,0,speaker_disjoint_split,1,0.6691066293505314,1,0.6514557567693622
2894.json,glenn-beck,pants-fire,1,speaker_disjoint_split,1,0.6851091658651502,1,0.7007395249924475
9301.json,blog-posting,pants-fire,1,speaker_disjoint_split,1,0.7173134973311308,1,0.8378719262257208
5486.json,silvestre-reyes,half-true,0,speaker_disjoint_split,1,0.6211923117433847,1,0.5679689591826071
13227.json,donald-trump,false,1,speaker_disjoint_split,1,0.7380637331568534,1,0.7844115976653891
2603.json,hank-gilbert,false,1,speaker_disjoint_split,0,0.33213435117450923,0,0.20445662699673106
788.json,john-mccain,mostly-true,0,speaker_disjoint_split,1,0.6737007352500062,1,0.6604152440874244
605.json,john-mccain,false,1,speaker_disjoint_split,1,0.502663276292388,0,0.48345730081243904
13186.json,tim-kaine,half-true,0,speaker_disjoint_split,0,0.3107637220713046,0,0.29157050901626846
3037.json,tim-kaine,half-true,0,speaker_disjoint_split,1,0.5902947434659301,1,0.6011910021972353
207.json,john-mccain,true,0,speaker_disjoint_split,1,0.5899387839510558,1,0.5997359475758571
10069.json,debbie-wasserman-schultz,false,1,speaker_disjoint_split,1,0.58529080816119,1,0.5145317686698317
13486.json,rush-limbaugh,half-true,0,speaker_disjoint_split,1,0.5454124180431145,1,0.6011604212613509
10633.json,glenn-beck,false,1,speaker_disjoint_split,1,0.5029503301763952,1,0.5747127440679752
10883.json,rebecca-quigley,false,1,speaker_disjoint_split,1,0.5060587210527292,0,0.36533761493918215
11307.json,donald-trump,barely-true,1,speaker_disjoint_split,0,0.46015132106362694,1,0.5067629566802827
4175.json,debbie-wasserman-schultz,half-true,0,speaker_disjoint_split,0,0.4051675367375624,0,0.44335168983170514
3987.json,democratic-congressional-campaign-committee,mostly-true,0,speaker_disjoint_split,1,0.5462190240637101,1,0.5092453101570943
12834.json,donald-trump,false,1,speaker_disjoint_split,1,0.5617304626293846,1,0.6281090239004842
386.json,john-mccain,mostly-true,0,speaker_disjoint_split,1,0.6342656722736036,1,0.6550650881504633
446.json,focus-family-action,barely-true,1,speaker_disjoint_split,1,0.6008098266104296,1,0.5730254291455432
10271.json,keisha-lance-bottoms,mostly-true,0,speaker_disjoint_split,1,0.5363566568831406,1,0.5416800028387575
317.json,bill-clinton,true,0,speaker_disjoint_split,0,0.26352020897429923,0,0.27373132439201925
5450.json,ron-paul,half-true,0,speaker_disjoint_split,1,0.5514124876895538,0,0.49221726340576016
3740.json,tim-kaine,half-true,0,speaker_disjoint_split,0,0.17290563496579728,0,0.19852557636903864
10543.json,scott-walker,false,1,speaker_disjoint_split,1,0.5474439833724977,1,0.5408932662320175
7904.json,scott-walker,barely-true,1,speaker_disjoint_split,1,0.5330615195260562,1,0.5494118869016232
12805.json,joe-biden,mostly-true,0,speaker_disjoint_split,0,0.37158109698584246,0,0.32280734079471296
9771.json,nextgen-climate,half-true,0,speaker_disjoint_split,1,0.5153928867977804,1,0.5281213866955886
2394.json,republican-governors-association,half-true,0,speaker_disjoint_split,1,0.6566060594341261,1,0.5432086739905857
3541.json,armond-budish,half-true,0,speaker_disjoint_split,0,0.29217007203532314,0,0.26332028782898065
12187.json,rick-scotts-starbucks-heckler,half-true,0,speaker_disjoint_split,1,0.7276326940617771,1,0.7614407089872135
6325.json,michael-bloomberg,half-true,0,speaker_disjoint_split,0,0.3313993091181249,0,0.34907957105938925
12855.json,richard-durbin,true,0,speaker_disjoint_split,0,0.3447709729721793,0,0.22712278909092956
11726.json,dan-patrick,barely-true,1,speaker_disjoint_split,0,0.4028992975088689,0,0.38031307719355417
699.json,john-mccain,half-true,0,speaker_disjoint_split,0,0.3964689337687477,0,0.4340866318599384
10041.json,dan-patrick,half-true,0,speaker_disjoint_split,1,0.5676046021729639,1,0.5166050105104358
4189.json,national-republican-congressional-committee,false,1,speaker_disjoint_split,1,0.6288264458544113,1,0.6128964408872037
1405.json,glenn-beck,barely-true,1,speaker_disjoint_split,0,0.46417615926782907,1,0.518497638735575
6919.json,tim-kaine,barely-true,1,speaker_disjoint_split,0,0.4906777941675357,0,0.435015029743164
9774.json,republican-party-florida,false,1,speaker_disjoint_split,1,0.7162413296875052,1,0.6883857841341043
2616.json,christine-odonnell,pants-fire,1,speaker_disjoint_split,1,0.6036930018376679,1,0.5530599706336616
1280.json,charlie-crist,barely-true,1,speaker_disjoint_split,0,0.45603908551047445,0,0.3638772977566286
6720.json,rob-zerban,false,1,speaker_disjoint_split,1,0.548028075741396,1,0.5359354823925119
4442.json,ron-paul,half-true,0,speaker_disjoint_split,0,0.4680505363083929,0,0.43838987358958253
7111.json,sam-adams,barely-true,1,speaker_disjoint_split,1,0.5491935651914505,0,0.44704334533498896
9235.json,blog-posting,pants-fire,1,speaker_disjoint_split,1,0.5684007414476926,1,0.6966199838728653
1243.json,barney-bishop,false,1,speaker_disjoint_split,1,0.5253602870886702,1,0.5267818508205456
3369.json,sam-adams,half-true,0,speaker_disjoint_split,0,0.44528488109465914,0,0.28694602152411597
12952.json,donald-trump,barely-true,1,speaker_disjoint_split,1,0.5426766821621236,1,0.6225500299096984
2187.json,michael-bloomberg,false,1,speaker_disjoint_split,0,0.4077338485108086,0,0.4417292136527911
2774.json,scott-walker,half-true,0,speaker_disjoint_split,1,0.5725836822507654,1,0.5690903215125329
6555.json,teresa-fedor,true,0,speaker_disjoint_split,0,0.4591703353233412,0,0.48513151563512125
5710.json,joe-biden,false,1,speaker_disjoint_split,0,0.45700111503411445,0,0.4106411523500343
12537.json,donald-trump,false,1,speaker_disjoint_split,0,0.4910700220716154,1,0.5462546551043065
4841.json,eileen-brady,mostly-true,0,speaker_disjoint_split,1,0.6283457376362321,1,0.6731183606962378
13512.json,blog-posting,pants-fire,1,speaker_disjoint_split,0,0.4613903870002179,1,0.6333235717675428
7329.json,mayors-against-illegal-guns,half-true,0,speaker_disjoint_split,0,0.37220534412693246,0,0.3535030736435466
13385.json,donald-trump,mostly-true,0,speaker_disjoint_split,1,0.6232672476679315,1,0.6277597528632418
9937.json,jeanne-shaheen,mostly-true,0,speaker_disjoint_split,0,0.4434726603363756,0,0.4504005681111367
5124.json,restore-our-future,pants-fire,1,speaker_disjoint_split,1,0.5310718468517429,1,0.5009475547946519
9437.json,scott-walker,half-true,0,speaker_disjoint_split,1,0.6160592307489549,1,0.5450404080970698
235.json,john-mccain,true,0,speaker_disjoint_split,0,0.3289081269625886,0,0.44645880910114494
9489.json,scott-walker,false,1,speaker_disjoint_split,1,0.5620164996963647,1,0.532494163304612
5836.json,mary-nolan,half-true,0,speaker_disjoint_split,1,0.5628629459209326,1,0.5165961480244589
13324.json,donald-trump,mostly-true,0,speaker_disjoint_split,1,0.6729684083836658,1,0.6844070785820358
5230.json,nathan-deal,true,0,speaker_disjoint_split,0,0.2759270118910793,0,0.23636684520135268
6900.json,karen-huber,half-true,0,speaker_disjoint_split,1,0.6232670869629328,1,0.6800787891677238
10524.json,lloyd-doggett,true,0,speaker_disjoint_split,1,0.612733876975961,1,0.5617482524167917
12599.json,thomas-perez,true,0,speaker_disjoint_split,0,0.4021016643874974,0,0.3698801138737537
7084.json,dan-patrick,true,0,speaker_disjoint_split,0,0.3537765060199715,0,0.38088382827713646
9323.json,julian-castro,true,0,speaker_disjoint_split,1,0.6254314493574742,1,0.58100550512125
7607.json,john-kasich,pants-fire,1,speaker_disjoint_split,0,0.45233935097709577,0,0.4644754270141864
1061.json,lynn-westmoreland,barely-true,1,speaker_disjoint_split,0,0.43330203957468844,0,0.44141309497051734
12321.json,pat-mccrory,true,0,speaker_disjoint_split,0,0.3934922868253048,0,0.35419353658559105
12546.json,blog-posting,false,1,speaker_disjoint_split,1,0.6059008957595977,1,0.7629058704953717
2877.json,scott-walker,false,1,speaker_disjoint_split,1,0.5396529987372269,1,0.5624288714175906
3885.json,new-jersey-sierra-club,half-true,0,speaker_disjoint_split,0,0.2911925996357014,0,0.35857021586571036
11150.json,centers-disease-control,true,0,speaker_disjoint_split,1,0.6254631130190637,1,0.5938438814766993
2316.json,charlie-crist,mostly-true,0,speaker_disjoint_split,0,0.42874725628148036,0,0.3689385205662277
1497.json,eve-schatelowitz-alcantar,false,1,speaker_disjoint_split,0,0.47279868117163476,0,0.46076440308357985
4543.json,bill-oreilly,barely-true,1,speaker_disjoint_split,1,0.5005134236372427,1,0.5103106628373636
5091.json,jon-huntsman,false,1,speaker_disjoint_split,1,0.672530713087484,1,0.6299540444639583
4212.json,john-kasich,true,0,speaker_disjoint_split,0,0.495328769629275,1,0.5111334659583062
1623.json,charlie-crist,true,0,speaker_disjoint_split,0,0.410136556506287,0,0.3519599299830939
11802.json,bernie-s,mostly-true,0,speaker_disjoint_split,1,0.6154849746965627,1,0.603772217647846
2581.json,julie-lassa,barely-true,1,speaker_disjoint_split,1,0.5701421222573251,1,0.5882005478031169
12179.json,blog-posting,pants-fire,1,speaker_disjoint_split,1,0.607980613355714,1,0.7742833422296806
9364.json,angel-taveras,barely-true,1,speaker_disjoint_split,0,0.3341964783414841,0,0.2766794890983463
544.json,joe-biden,barely-true,1,speaker_disjoint_split,0,0.40677955774872526,0,0.37175126097844974
3679.json,john-kasich,false,1,speaker_disjoint_split,1,0.5700502769577457,1,0.5405014331442385
1184.json,charles-boustany,barely-true,1,speaker_disjoint_split,1,0.6575891898522152,1,0.6901082603594901
13214.json,oxfam-america,mostly-true,0,speaker_disjoint_split,1,0.5529253009859872,1,0.5506101263436997
7268.json,scott-walker,mostly-true,0,speaker_disjoint_split,0,0.3615504082184808,0,0.38758727187283365
2252.json,tim-kaine,half-true,0,speaker_disjoint_split,1,0.5767518617783908,1,0.5651379234753483
3029.json,scott-walker,mostly-true,0,speaker_disjoint_split,1,0.5872577537561783,1,0.570870262520372
3710.json,nathan-deal,true,0,speaker_disjoint_split,0,0.35371278618588714,0,0.3124563654808355
13409.json,donald-trump,barely-true,1,speaker_disjoint_split,0,0.44175449286413543,0,0.47933719499625965
4568.json,new-jersey-democratic-state-committee,barely-true,1,speaker_disjoint_split,1,0.5596985954439967,1,0.5671553904102402
1849.json,john-oxendine,half-true,0,speaker_disjoint_split,0,0.45565240771450555,0,0.36634021748099044
10739.json,karl-rove,mostly-true,0,speaker_disjoint_split,0,0.48364152800163357,1,0.5098353711756838
13128.json,donald-trump,mostly-true,0,speaker_disjoint_split,1,0.5478121534072787,1,0.5945857087319368
7195.json,lenny-curry,barely-true,1,speaker_disjoint_split,1,0.546636892834936,0,0.4653796714137438
13047.json,donald-trump,half-true,0,speaker_disjoint_split,0,0.49420976447302656,1,0.5110580013843609
8352.json,blog-posting,pants-fire,1,speaker_disjoint_split,1,0.6284703766759037,1,0.7938532244620693
12749.json,donald-trump,half-true,0,speaker_disjoint_split,0,0.37907510339085193,0,0.397748487320286
12011.json,donald-trump,half-true,0,speaker_disjoint_split,0,0.43661490589040874,1,0.6127947007706411
13490.json,don-beyer,false,1,speaker_disjoint_split,1,0.5373935347439155,0,0.4800987407669802
180.json,bill-richardson,false,1,speaker_disjoint_split,1,0.5028041976203285,0,0.49269869904512553
12368.json,donald-trump,barely-true,1,speaker_disjoint_split,1,0.5658310745204905,1,0.600083414559032
5788.json,frank-wolf,true,0,speaker_disjoint_split,0,0.39922783059315187,0,0.4628182838566732
3522.json,jason-haas,false,1,speaker_disjoint_split,1,0.5509114207925055,1,0.5763529941108563
10846.json,scott-walker,false,1,speaker_disjoint_split,1,0.6736273766688611,1,0.6984155676747578
700.json,john-mccain,true,0,speaker_disjoint_split,0,0.35406445143402954,0,0.3914792045946978
12214.json,bernie-s,mostly-true,0,speaker_disjoint_split,0,0.43903860969857533,0,0.4549436752423723
6922.json,lois-frankel,barely-true,1,speaker_disjoint_split,0,0.498591199640672,1,0.5750720576131411
7416.json,david-plouffe,barely-true,1,speaker_disjoint_split,1,0.6381839959641747,1,0.6966825028749357
1262.json,glenn-beck,false,1,speaker_disjoint_split,1,0.5361120143516556,1,0.5673729052737487
1677.json,karen-sage,true,0,speaker_disjoint_split,0,0.49642917790288116,0,0.4389914395996622
13049.json,blog-posting,false,1,speaker_disjoint_split,0,0.3901592725637667,1,0.575147970016043
13423.json,donald-trump,false,1,speaker_disjoint_split,1,0.5760357801338614,1,0.5519535554534946
3087.json,brian-moran,pants-fire,1,speaker_disjoint_split,0,0.3501850843909879,0,0.40528353940754175
3460.json,john-kasich,half-true,0,speaker_disjoint_split,0,0.4776401375721214,0,0.402542420421724
9256.json,rush-limbaugh,false,1,speaker_disjoint_split,0,0.21670158295509792,0,0.2997436177719721
8104.json,don-lemon,mostly-true,0,speaker_disjoint_split,0,0.34184697068643627,0,0.4083126438208313
7970.json,todd-young,false,1,speaker_disjoint_split,0,0.4543369856719937,1,0.5069074730083062
3257.json,dan-patrick,true,0,speaker_disjoint_split,0,0.3735325976965935,0,0.44560089265914826
70.json,ron-paul,mostly-true,0,speaker_disjoint_split,0,0.33503076818836475,0,0.2740212504201542
10140.json,john-carlevale,false,1,speaker_disjoint_split,0,0.4501390993176974,0,0.3589412017573394
8595.json,ken-cuccinelli,barely-true,1,speaker_disjoint_split,1,0.7240645228004985,1,0.7651398438997469
4885.json,joe-biden,mostly-true,0,speaker_disjoint_split,0,0.33807685406645793,0,0.3135199206714985
11917.json,john-mccain,true,0,speaker_disjoint_split,1,0.5985707135685555,1,0.659668659460931
10978.json,don-beyer,true,0,speaker_disjoint_split,0,0.362627325191167,0,0.35217393466490177
7164.json,john-kasich,true,0,speaker_disjoint_split,1,0.5555487221566039,1,0.5690462140451965
5251.json,blog-posting,mostly-true,0,speaker_disjoint_split,0,0.2578153875113591,0,0.40737387187187507
4689.json,jeb-hensarling,false,1,speaker_disjoint_split,0,0.24245787635392824,0,0.2099933949133596
9227.json,charlie-crist,barely-true,1,speaker_disjoint_split,1,0.5797171978968982,1,0.517453387415639
12927.json,joaquin-castro,mostly-true,0,speaker_disjoint_split,1,0.6329795365282614,1,0.6825974977483453
340.json,john-mccain,true,0,speaker_disjoint_split,1,0.5290925964220099,1,0.5208105875449066
12924.json,gary-johnson,true,0,speaker_disjoint_split,0,0.3864780049908975,0,0.3235508900800688
13484.json,blog-posting,pants-fire,1,speaker_disjoint_split,0,0.43386095537743286,1,0.5825301641996619
11261.json,scott-walker,mostly-true,0,speaker_disjoint_split,0,0.4942472728155392,1,0.5171181994588544
8285.json,bill-foster,barely-true,1,speaker_disjoint_split,0,0.45577732126281595,0,0.261864507902859
9229.json,bob-cole,half-true,0,speaker_disjoint_split,0,0.4383873218550845,0,0.4605061160239139
8685.json,kathleen-sebelius,true,0,speaker_disjoint_split,0,0.1535411675271611,0,0.21586359185647283
9200.json,louie-gohmert,false,1,speaker_disjoint_split,0,0.49067038307442307,0,0.42573406347464365
2533.json,republican-party-florida,half-true,0,speaker_disjoint_split,1,0.5150573760126942,0,0.41951284030018293
9292.json,charlie-crist,half-true,0,speaker_disjoint_split,0,0.46091294194744914,0,0.4168970493644109
631.json,jerome-corsi,pants-fire,1,speaker_disjoint_split,1,0.6773288093302462,1,0.7468666373989826
5074.json,john-kasich,mostly-true,0,speaker_disjoint_split,0,0.463068209161997,0,0.4889379581260854
6795.json,bill-clinton,barely-true,1,speaker_disjoint_split,1,0.6170873501515735,1,0.5668211209332058
12511.json,donald-trump,false,1,speaker_disjoint_split,1,0.6669209586056841,1,0.7191736440974605
3186.json,john-kasich,barely-true,1,speaker_disjoint_split,1,0.5230239726457212,0,0.4710627503342854
