id,speaker,label,is_low_truth,setting,text_only_pred,text_only_score,text_plus_graph_pred,text_plus_graph_score
11972.json,rick-perry,true,0,fixed_split_train_test,1,0.7378144262003292,1,0.7794546577694808
11685.json,katrina-shankland,false,1,fixed_split_train_test,1,0.6340215088209212,0,0.6828694970112154
11096.json,donald-trump,false,1,fixed_split_train_test,1,0.6980489923833856,1,0.8081765300392528
5209.json,rob-cornilles,half-true,0,fixed_split_train_test,1,0.6822332511987256,1,0.7764320125236958
9524.json,state-democratic-party-wisconsin,pants-fire,1,fixed_split_train_test,1,0.7909767826546388,1,0.8195853932135629
5962.json,brendan-doherty,true,0,fixed_split_train_test,0,0.40322740947152114,0,0.6157616799497275
7070.json,stand-children-tennessee,true,0,fixed_split_train_test,0,0.47829331610355713,0,0.6353299050240583
1046.json,john-boehner,barely-true,1,fixed_split_train_test,1,0.6780475911545654,1,0.7480471829084956
12849.json,sean-patrick-maloney,true,0,fixed_split_train_test,1,0.5840209399460722,0,0.6592579192095712
13270.json,mike-pence,barely-true,1,fixed_split_train_test,0,0.48439400993695575,0,0.6464921642484714
6649.json,mike-berlon,barely-true,1,fixed_split_train_test,0,0.4524503998309834,0,0.623113950330686
2508.json,bill-flores,barely-true,1,fixed_split_train_test,1,0.7759334902807663,1,0.8466228164634597
11269.json,viral-image,pants-fire,1,fixed_split_train_test,1,0.8969995836155008,1,0.9076343023274475
11200.json,facebook-posts,false,1,fixed_split_train_test,0,0.534485361702077,1,0.689950550916861
8047.json,chris-abele,half-true,0,fixed_split_train_test,1,0.6320081227534978,1,0.7275921354683695
4888.json,rick-santorum,true,0,fixed_split_train_test,0,0.49444933124781765,0,0.669209597308674
3331.json,tom-niehaus,pants-fire,1,fixed_split_train_test,1,0.7257585986393913,1,0.8092175758788379
9198.json,marsha-blackburn,half-true,0,fixed_split_train_test,0,0.48005741218791487,0,0.5814633381867907
73.json,hillary-clinton,true,0,fixed_split_train_test,0,0.5536579603302295,0,0.659356694252476
1328.json,sarah-palin,false,1,fixed_split_train_test,0,0.5318116597100612,0,0.6820953649940341
12169.json,chris-sgro,mostly-true,0,fixed_split_train_test,1,0.6256161129265647,0,0.6318902745302337
5244.json,marco-rubio,half-true,0,fixed_split_train_test,1,0.600477598924063,1,0.7695012253110131
12996.json,donald-trump,pants-fire,1,fixed_split_train_test,0,0.35862352225771893,0,0.5987528798851766
8162.json,marijuana-policy-project,mostly-true,0,fixed_split_train_test,0,0.4843274141979015,0,0.6334552626504348
10064.json,republican-party-florida,false,1,fixed_split_train_test,1,0.936260039496302,1,0.910073711734534
1084.json,lindsey-graham,true,0,fixed_split_train_test,0,0.4263866422711057,0,0.6333737423038793
13231.json,hillary-clinton,barely-true,1,fixed_split_train_test,1,0.8440626813696552,1,0.8290271929196449
13089.json,republican-national-committee-republican,half-true,0,fixed_split_train_test,0,0.5122481068113305,0,0.6201955331381394
1051.json,mike-pence,true,0,fixed_split_train_test,1,0.7071758893919934,1,0.804711701527421
4161.json,cliff-stearns,mostly-true,0,fixed_split_train_test,0,0.4154415420653113,0,0.5862947981551627
11966.json,cory-gardner,false,1,fixed_split_train_test,0,0.49473691289730465,0,0.6424708879355222
9800.json,sarah-palin,false,1,fixed_split_train_test,1,0.6838185802670225,1,0.707112285214236
816.json,barack-obama,half-true,0,fixed_split_train_test,1,0.6465147136222141,1,0.6927164449125599
2646.json,democratic-congressional-campaign-committee,half-true,0,fixed_split_train_test,0,0.5560283212578053,1,0.6921925374827587
12381.json,mamie-locke,true,0,fixed_split_train_test,1,0.5728704198433786,0,0.6658825031192581
8567.json,herman-cain,half-true,0,fixed_split_train_test,1,0.726892786401908,1,0.8428992140064604
9092.json,rick-scott,barely-true,1,fixed_split_train_test,1,0.7309205410589802,1,0.7838268431242164
10055.json,jeanne-shaheen,mostly-true,0,fixed_split_train_test,1,0.7983999528811152,1,0.7796546217116828
4513.json,dennis-kucinich,true,0,fixed_split_train_test,0,0.5189679649778166,0,0.6100964914675054
10340.json,kevin-brady,true,0,fixed_split_train_test,0,0.44061233854222637,0,0.5774598562562306
6849.json,mitt-romney,barely-true,1,fixed_split_train_test,1,0.5975015448471597,1,0.6972354424199497
10971.json,doonesbury,half-true,0,fixed_split_train_test,1,0.6848713067243875,1,0.7177935580138479
13251.json,donald-trump,pants-fire,1,fixed_split_train_test,0,0.4738586472607075,0,0.6672003755884196
7545.json,drew-springer,barely-true,1,fixed_split_train_test,1,0.6416009601849493,1,0.7805807869210608
4929.json,michele-bachmann,mostly-true,0,fixed_split_train_test,0,0.526174503075912,0,0.6793790980452461
6239.json,robert-menendez,barely-true,1,fixed_split_train_test,0,0.4438432863680704,0,0.5533168113980323
266.json,hillary-clinton,half-true,0,fixed_split_train_test,1,0.6113543451194093,0,0.6412372590537992
8841.json,barack-obama,mostly-true,0,fixed_split_train_test,0,0.4395567720078527,0,0.6021250457987608
6313.json,steve-brown,false,1,fixed_split_train_test,1,0.6902763800310882,1,0.775621751566727
9550.json,hillary-clinton,barely-true,1,fixed_split_train_test,1,0.7795124094516012,1,0.7842331702293808
9612.json,republican-party-florida,half-true,0,fixed_split_train_test,1,0.7500157295339499,1,0.7756907817607357
13272.json,national-rifle-association,barely-true,1,fixed_split_train_test,1,0.699128875794979,1,0.775062171880184
7562.json,jeb-bush,mostly-true,0,fixed_split_train_test,0,0.43556707796456734,0,0.5737617423716577
3121.json,david-dewhurst,half-true,0,fixed_split_train_test,0,0.2990178265748061,0,0.5717821549266859
9578.json,jeff-flake,false,1,fixed_split_train_test,0,0.550730939762337,0,0.6832043534224893
4553.json,committee-our-childrens-future,half-true,0,fixed_split_train_test,0,0.5187242058951915,0,0.6579378868077199
2356.json,steven-costantino,mostly-true,0,fixed_split_train_test,0,0.521534094514595,0,0.6440475644652527
3453.json,hank-johnson,half-true,0,fixed_split_train_test,0,0.5078742628742346,0,0.6766319831783227
1066.json,michele-bachmann,pants-fire,1,fixed_split_train_test,1,0.6982149784759869,1,0.731209951119204
2092.json,russell-pearce,pants-fire,1,fixed_split_train_test,0,0.5629359229736706,1,0.7670129457964275
7442.json,barack-obama,barely-true,1,fixed_split_train_test,1,0.7536718799056662,1,0.7588870119684856
9910.json,chris-matthews,barely-true,1,fixed_split_train_test,1,0.7972355572513704,1,0.7375852477799884
11083.json,carlos-curbelo,true,0,fixed_split_train_test,1,0.6672091452984703,1,0.7521008898043896
11443.json,steven-costantino,false,1,fixed_split_train_test,1,0.7158781434946963,1,0.7571658836551961
11539.json,ezekiel-emanuel,half-true,0,fixed_split_train_test,1,0.6298024936669674,1,0.754977597858045
2966.json,sherrod-brown,false,1,fixed_split_train_test,1,0.5789303402075112,0,0.6404956735869639
13367.json,patrick-murphy,mostly-true,0,fixed_split_train_test,1,0.7492695710962713,1,0.8575603091241608
1087.json,joe-biden,mostly-true,0,fixed_split_train_test,0,0.5064848030406861,0,0.6208235603118545
267.json,bill-richardson,true,0,fixed_split_train_test,1,0.612061552772094,0,0.6700339064489093
4272.json,lloyd-doggett,true,0,fixed_split_train_test,0,0.15422954211297218,0,0.4137216641268868
8849.json,ian-prior,half-true,0,fixed_split_train_test,0,0.451799538535809,0,0.6282861598627757
12542.json,priorities-usa-action,half-true,0,fixed_split_train_test,0,0.5095470473247965,0,0.6320248790777289
8372.json,david-pennington,barely-true,1,fixed_split_train_test,1,0.6697395311561387,1,0.737905570099517
3518.json,tim-pawlenty,mostly-true,0,fixed_split_train_test,0,0.26591592166194117,0,0.5087222439828014
8340.json,ted-cruz,false,1,fixed_split_train_test,1,0.7204645667152486,1,0.7963113786695659
10218.json,friends-india-point-park,half-true,0,fixed_split_train_test,0,0.39498988050281514,0,0.49734620102995597
12698.json,reince-priebus,false,1,fixed_split_train_test,0,0.556896850485245,1,0.7207104405631491
2357.json,scott-walker,false,1,fixed_split_train_test,1,0.8321072114806878,1,0.8162047935897871
7823.json,barbara-buono,half-true,0,fixed_split_train_test,0,0.5537844313204379,0,0.673413095518994
12541.json,donald-trump,barely-true,1,fixed_split_train_test,1,0.6719380925396218,1,0.761239643289105
2854.json,carole-smith,pants-fire,1,fixed_split_train_test,0,0.5494130410802444,0,0.6552548543899493
4719.json,H204TEXAS-PAC,half-true,0,fixed_split_train_test,1,0.6324323148504415,1,0.7690196243583864
2072.json,david-cicilline,true,0,fixed_split_train_test,0,0.3260957631079988,0,0.5377190428308991
2885.json,bill-nelson,false,1,fixed_split_train_test,1,0.6338561982560008,1,0.712616994775031
13334.json,gerald-daugherty,half-true,0,fixed_split_train_test,0,0.43091810594960056,0,0.6835532470971016
4820.json,facebook-posts,half-true,0,fixed_split_train_test,0,0.2431955431899602,0,0.5223299000055067
12309.json,paul-ryan,barely-true,1,fixed_split_train_test,1,0.6155479733761943,1,0.7338646380759966
1420.json,debra-medina,mostly-true,0,fixed_split_train_test,0,0.48884355814200403,0,0.6770146939760141
8761.json,facebook-posts,false,1,fixed_split_train_test,0,0.4519085981613201,0,0.6036427480291349
2491.json,dave-yost,true,0,fixed_split_train_test,1,0.6057738646414896,1,0.7205393496973284
1075.json,democratic-national-committee,barely-true,1,fixed_split_train_test,0,0.4874488729471288,0,0.6466407425092635
9762.json,bob-donovan,true,0,fixed_split_train_test,0,0.5422395900171343,0,0.5721182230404013
5935.json,brett-bittner,barely-true,1,fixed_split_train_test,0,0.5607099359010853,0,0.6320683574320947
2821.json,george-allen,pants-fire,1,fixed_split_train_test,1,0.6259682254987635,1,0.7109353655834313
6370.json,julian-castro,true,0,fixed_split_train_test,0,0.5014682902474035,0,0.6653645052913122
3706.json,mike-bennett,pants-fire,1,fixed_split_train_test,0,0.4417134359103748,0,0.5901899296806451
10163.json,james-carr,true,0,fixed_split_train_test,1,0.6851297630771203,1,0.7121843560573864
2796.json,safe-routes-schools,false,1,fixed_split_train_test,1,0.5702132537247881,1,0.7641547762020393
6083.json,rick-scott,barely-true,1,fixed_split_train_test,0,0.25265388671936023,0,0.519910956202785
5913.json,conservative-renewal-pac,barely-true,1,fixed_split_train_test,1,0.6848946033904341,1,0.865931380825588
934.json,barack-obama,true,0,fixed_split_train_test,0,0.432115012551464,0,0.6269191970889032
2162.json,kasim-reed,barely-true,1,fixed_split_train_test,0,0.42543705389640596,0,0.572631532006371
3161.json,rachel-maddow,mostly-true,0,fixed_split_train_test,0,0.2664439493862152,0,0.49752909556141545
2679.json,charlie-crist,true,0,fixed_split_train_test,0,0.5568422767004643,0,0.634041684957367
8929.json,mark-pocan,true,0,fixed_split_train_test,0,0.563258387086579,1,0.732329597884317
10040.json,bill-oreilly,half-true,0,fixed_split_train_test,1,0.7656152167072449,1,0.8169523302597637
12398.json,priorities-usa-action,pants-fire,1,fixed_split_train_test,1,0.7062986064217872,1,0.7626643645064958
2690.json,kendrick-meek,pants-fire,1,fixed_split_train_test,0,0.3539837376594115,0,0.5544346159162225
8667.json,bob-schieffer,true,0,fixed_split_train_test,1,0.5800692472063518,0,0.6138516403585902
8941.json,wolf-blitzer,true,0,fixed_split_train_test,1,0.8169786480153194,1,0.84102867187962
6821.json,chris-christie,pants-fire,1,fixed_split_train_test,0,0.5664614266747628,0,0.6673060546216527
10631.json,william-obrien,false,1,fixed_split_train_test,1,0.9555907722585687,1,0.8796456382414151
6579.json,nikki-haley,half-true,0,fixed_split_train_test,1,0.7041314141682988,1,0.7047709133685338
11400.json,league-conservation-voters,mostly-true,0,fixed_split_train_test,1,0.6038890497817168,0,0.6450843068956291
3228.json,cenk-uygur,true,0,fixed_split_train_test,1,0.65627313396716,1,0.7267008096582028
9746.json,mark-emmert,half-true,0,fixed_split_train_test,0,0.31297214123633826,0,0.5256632552561296
1915.json,donna-campbell,false,1,fixed_split_train_test,1,0.7080338059734397,1,0.7428534430548912
12456.json,pat-toomey,barely-true,1,fixed_split_train_test,0,0.4391376599162798,0,0.6449691213178994
4856.json,democratic-national-committee,half-true,0,fixed_split_train_test,0,0.44557958936171377,0,0.6024963389089941
4698.json,americans-prosperity-new-jersey,false,1,fixed_split_train_test,1,0.679526544075212,1,0.7620636516252952
2585.json,christine-odonnell,barely-true,1,fixed_split_train_test,1,0.7058716014887292,1,0.7183639101323118
6604.json,crossroads-gps,barely-true,1,fixed_split_train_test,0,0.39930908281200295,0,0.5839941758100687
4495.json,michele-bachmann,pants-fire,1,fixed_split_train_test,0,0.5150606893579602,0,0.6776266264016605
8406.json,ted-cruz,barely-true,1,fixed_split_train_test,1,0.67617969964538,1,0.8071695730450806
10147.json,jason-carter,false,1,fixed_split_train_test,1,0.6381715703328273,0,0.6377372781267974
10623.json,mark-pocan,mostly-true,0,fixed_split_train_test,1,0.6883747931997948,1,0.7911484074846565
2277.json,roy-barnes,half-true,0,fixed_split_train_test,1,0.6436230659770414,0,0.6775654990268464
8146.json,al-sharpton,mostly-true,0,fixed_split_train_test,0,0.36383055766253536,0,0.5647734543212816
6026.json,scott-walker,half-true,0,fixed_split_train_test,1,0.6108805968564214,1,0.7183855755112485
13056.json,national-republican-congressional-committee,true,0,fixed_split_train_test,0,0.3664600417699801,0,0.5734140817724978
1103.json,glenn-beck,pants-fire,1,fixed_split_train_test,1,0.7176355016503772,1,0.7876020845119287
4444.json,gail-collins,mostly-true,0,fixed_split_train_test,1,0.6342391670782432,1,0.734689850456334
9269.json,matt-bevin,false,1,fixed_split_train_test,1,0.660224775735812,1,0.7775878787828405
4105.json,shelly-moore,pants-fire,1,fixed_split_train_test,1,0.7515797447396453,1,0.9135237057093116
8533.json,frank-fahrenkopf,barely-true,1,fixed_split_train_test,0,0.5158006002741807,0,0.6587169199536499
6950.json,connie-mack,mostly-true,0,fixed_split_train_test,0,0.43778210750728963,0,0.632654056859139
13125.json,donald-trump,barely-true,1,fixed_split_train_test,1,0.7555568363124374,1,0.848783283791345
8294.json,nan-rich,mostly-true,0,fixed_split_train_test,0,0.5267671114925521,0,0.657211514860887
9908.json,mike-wise,mostly-true,0,fixed_split_train_test,1,0.6456188883581958,1,0.6988447212225382
12424.json,todd-wilcox,false,1,fixed_split_train_test,1,0.7137883783922643,1,0.75399294601331
4309.json,democratic-party-virginia,false,1,fixed_split_train_test,0,0.4629859174521138,0,0.6455033121141253
110.json,fred-thompson,false,1,fixed_split_train_test,1,0.6977746045785479,1,0.7891149514902638
7677.json,ohio-public-defenders-office,mostly-true,0,fixed_split_train_test,0,0.5284276138750202,0,0.638329450980691
4780.json,jim-webb,true,0,fixed_split_train_test,0,0.32545978598603026,0,0.49490327758928226
715.json,sarah-palin,false,1,fixed_split_train_test,1,0.7502518768581768,1,0.8094667072944489
3107.json,dean-cannon,true,0,fixed_split_train_test,0,0.3345534156861443,0,0.4244825029879006
7565.json,steve-latourette,mostly-true,0,fixed_split_train_test,0,0.5599577259053056,0,0.6125303050341148
8606.json,ron-johnson,half-true,0,fixed_split_train_test,0,0.505803697065318,1,0.6986099658241605
3869.json,chris-christie,half-true,0,fixed_split_train_test,1,0.7411592120652655,1,0.7705467908521293
10948.json,occupy-democrats,false,1,fixed_split_train_test,1,0.6680369158309944,1,0.7289621310637017
12210.json,dan-forest,false,1,fixed_split_train_test,1,0.602023236254493,0,0.6680813569985364
4119.json,barack-obama,mostly-true,0,fixed_split_train_test,0,0.4379697422715603,0,0.599082034282584
7272.json,hank-johnson,barely-true,1,fixed_split_train_test,1,0.7440509151172063,1,0.8288277676470664
12236.json,hillary-clinton,half-true,0,fixed_split_train_test,0,0.30234658540770676,0,0.5091258729111017
4016.json,alberta-darling,false,1,fixed_split_train_test,1,0.7046070104065341,1,0.8501440424506181
6765.json,joaquin-castro,true,0,fixed_split_train_test,0,0.3884674303339675,0,0.5844675681354394
11867.json,ted-cruz,false,1,fixed_split_train_test,1,0.7427427890502316,1,0.7904454924733988
11777.json,paul-ryan,true,0,fixed_split_train_test,0,0.4480830749289479,0,0.6283376528869024
9051.json,chain-email,pants-fire,1,fixed_split_train_test,1,0.6114285547472827,1,0.7453183063120249
4243.json,jon-huntsman,mostly-true,0,fixed_split_train_test,0,0.5247153859884979,0,0.6443712630598827
7818.json,carolyn-tomei,mostly-true,0,fixed_split_train_test,0,0.5243986702474941,0,0.6103569578205207
10871.json,gina-hinojosa,half-true,0,fixed_split_train_test,0,0.3656392552334371,0,0.5772061936297584
4710.json,john-lee,half-true,0,fixed_split_train_test,0,0.42891958635508404,0,0.5978394453276988
9507.json,steve-doocy,pants-fire,1,fixed_split_train_test,1,0.6442378632905488,1,0.728653589019077
11324.json,dale-kooyenga,mostly-true,0,fixed_split_train_test,0,0.5099787454393709,0,0.6240669229411555
6046.json,jim-renacci,false,1,fixed_split_train_test,1,0.6670530799912694,1,0.7623597914533853
8434.json,mark-obenshain,barely-true,1,fixed_split_train_test,1,0.59293552506591,0,0.6660451291826259
3637.json,donald-trump,mostly-true,0,fixed_split_train_test,0,0.33405300792542914,0,0.6074167050027831
7744.json,george-lavender,mostly-true,0,fixed_split_train_test,1,0.625952320792979,0,0.6643121254760317
2897.json,lee-holloway,barely-true,1,fixed_split_train_test,0,0.4937706560532527,0,0.6082769068841934
6060.json,jeanne-shaheen,barely-true,1,fixed_split_train_test,0,0.3491973117363557,0,0.5345580165881759
603.json,john-mccain,false,1,fixed_split_train_test,1,0.5846639202817149,1,0.7156045501061715
11545.json,bernie-s,mostly-true,0,fixed_split_train_test,0,0.2557294455800384,0,0.5275726456217174
10448.json,florida-chamber-commerce,half-true,0,fixed_split_train_test,0,0.5266894868787485,1,0.7075842731643637
5461.json,newt-gingrich,true,0,fixed_split_train_test,1,0.64068956534311,1,0.7556517024347871
6684.json,its-still-bad-idea,pants-fire,1,fixed_split_train_test,0,0.47468484027278224,0,0.6515406198420718
450.json,hillary-clinton,barely-true,1,fixed_split_train_test,1,0.7820484448222362,1,0.8059966472747043
769.json,sarah-palin,true,0,fixed_split_train_test,0,0.4114875133723103,0,0.556740907079993
6425.json,eric-hovde,half-true,0,fixed_split_train_test,0,0.5408206082005801,0,0.6475757475765853
502.json,barack-obama,true,0,fixed_split_train_test,0,0.5156286952899221,0,0.6588026803105249
11711.json,donald-trump,true,0,fixed_split_train_test,1,0.59670822374101,1,0.747656333367265
5470.json,heather-fiorentino,true,0,fixed_split_train_test,0,0.22957627888332918,0,0.5246582347398404
8869.json,scott-surovell,mostly-true,0,fixed_split_train_test,0,0.352191747618644,0,0.45449801347439167
8159.json,wendy-davis,half-true,0,fixed_split_train_test,0,0.5257964647001117,0,0.647312476331026
6884.json,american-crossroads,half-true,0,fixed_split_train_test,0,0.4242797378706543,0,0.613921876951847
10250.json,david-hallock,false,1,fixed_split_train_test,0,0.46672428561655893,0,0.6189906942291515
10757.json,marco-rubio,false,1,fixed_split_train_test,1,0.7480716389249876,1,0.8765951783057926
8320.json,charlie-crist,mostly-true,0,fixed_split_train_test,0,0.5430050440953205,0,0.6503592505950733
5472.json,red-white-and-blue-fund,false,1,fixed_split_train_test,0,0.43150564949299924,0,0.6231094621494024
5505.json,lenny-curry,true,0,fixed_split_train_test,1,0.7126882589356914,1,0.744591975623665
12427.json,job-itkzkowitz,mostly-true,0,fixed_split_train_test,0,0.5513599776546287,0,0.0
11464.json,viral-image,barely-true,1,fixed_split_train_test,0,0.38790219759761085,0,0.6108799336670775
11778.json,donald-trump,barely-true,1,fixed_split_train_test,0,0.5352584887368532,1,0.7140206963256313
12961.json,reince-priebus,false,1,fixed_split_train_test,0,0.45647248243329935,0,0.6240157657975317
10269.json,facebook-posts,barely-true,1,fixed_split_train_test,1,0.5809105160338992,1,0.7508204532651684
2833.json,rick-perry,half-true,0,fixed_split_train_test,1,0.5768963295032531,1,0.7276163589868617
6110.json,rick-perry,half-true,0,fixed_split_train_test,1,0.7266586860930678,1,0.7487919394627887
13400.json,eric-greitens,barely-true,1,fixed_split_train_test,1,0.6890296874318926,1,0.7098969053491859
1251.json,jay-rockefeller,true,0,fixed_split_train_test,0,0.48151775969250055,0,0.6064888976809985
6112.json,jeff-merkley,mostly-true,0,fixed_split_train_test,0,0.27524493091201724,0,0.46657542598360663
6431.json,jay-carney,false,1,fixed_split_train_test,0,0.49924813695762144,0,0.6162565989906454
2615.json,rob-portman,false,1,fixed_split_train_test,0,0.48324973742288174,0,0.6311714093957679
3709.json,robert-watson,false,1,fixed_split_train_test,1,0.7695941244243376,1,0.8057935119763748
2652.json,kathie-glass,pants-fire,1,fixed_split_train_test,0,0.4901542873444172,1,0.7146844823125869
9146.json,linda-finn,mostly-true,0,fixed_split_train_test,0,0.32232877224666945,0,0.5488879571605685
184.json,barack-obama,false,1,fixed_split_train_test,1,0.6061790743489183,0,0.6660991918828445
11764.json,state-democratic-party-wisconsin,pants-fire,1,fixed_split_train_test,0,0.06681765484106196,0,0.4291773992058581
7692.json,dan-patrick,mostly-true,0,fixed_split_train_test,0,0.45083232972919884,0,0.654438340023644
7876.json,chain-email,pants-fire,1,fixed_split_train_test,1,0.6023542822151481,1,0.8263083500567637
5171.json,rick-santorum,false,1,fixed_split_train_test,1,0.6738868413321888,1,0.7418962793596111
12950.json,independent-voice-illinois-pac,barely-true,1,fixed_split_train_test,0,0.49249750139838255,0,0.6495348220401775
11185.json,carly-fiorina,barely-true,1,fixed_split_train_test,0,0.5349993114080589,1,0.6922676171498481
2412.json,republican-party-florida,false,1,fixed_split_train_test,1,0.6368054859744307,1,0.7125004597248293
3215.json,scott-suder,pants-fire,1,fixed_split_train_test,1,0.8213672134571732,1,0.8518744635888411
948.json,john-boehner,true,0,fixed_split_train_test,1,0.7106131813291441,1,0.7684284646962842
11766.json,wendy-davis,half-true,0,fixed_split_train_test,0,0.4110088565185099,0,0.5952333003817794
592.json,john-mccain,barely-true,1,fixed_split_train_test,1,0.8449202075105713,1,0.8185434727210438
5732.json,mitt-romney,barely-true,1,fixed_split_train_test,0,0.5386628344386909,1,0.6885744752438994
12745.json,donald-trump,half-true,0,fixed_split_train_test,0,0.33123475659485424,0,0.5773594286076882
5017.json,john-boehner,barely-true,1,fixed_split_train_test,1,0.7110716399648017,1,0.7552378995583855
12331.json,enterprise-florida,barely-true,1,fixed_split_train_test,0,0.49205522611802854,0,0.6465108304150771
10424.json,barack-obama,mostly-true,0,fixed_split_train_test,0,0.48280012236161307,0,0.6446896755322248
9091.json,facebook-posts,false,1,fixed_split_train_test,0,0.4567223274197951,0,0.6354369335989893
2547.json,lloyd-doggett,true,0,fixed_split_train_test,1,0.6319035138516188,0,0.6820150544650424
12571.json,paul-ryan,mostly-true,0,fixed_split_train_test,0,0.5420947471612327,0,0.6622632603241214
7810.json,rick-scott,mostly-true,0,fixed_split_train_test,0,0.33519096673774457,0,0.5763349668332739
10935.json,motion-picture-association-america,mostly-true,0,fixed_split_train_test,0,0.23978904291067224,0,0.4583686605186328
8433.json,milly-silva,mostly-true,0,fixed_split_train_test,0,0.36105926443137265,0,0.5430028137810098
7087.json,robin-vos,mostly-true,0,fixed_split_train_test,0,0.296055091174737,0,0.5131239966342321
1025.json,michele-bachmann,false,1,fixed_split_train_test,0,0.15248622805968626,0,0.45562931717652866
6386.json,democratic-congressional-campaign-committee,barely-true,1,fixed_split_train_test,1,0.6576415026884538,1,0.7587681044770058
2844.json,jeff-scrima,half-true,0,fixed_split_train_test,0,0.45529852177182883,0,0.6125018613955272
2392.json,george-will,barely-true,1,fixed_split_train_test,0,0.5407811578999613,0,0.6278799717860265
4708.json,nina-turner,true,0,fixed_split_train_test,0,0.30615503751176526,0,0.42725995741338185
8676.json,florida-democratic-party,barely-true,1,fixed_split_train_test,1,0.8462758818108262,1,0.8687723079524766
8809.json,jason-carter,true,0,fixed_split_train_test,0,0.18771213495782701,0,0.39116254367651865
4095.json,barack-obama,mostly-true,0,fixed_split_train_test,1,0.6510861057698781,1,0.7401220255613649
13102.json,hillary-clinton,half-true,0,fixed_split_train_test,1,0.6792058188472694,1,0.7198543467176425
12167.json,bernie-s,barely-true,1,fixed_split_train_test,1,0.5876639644320982,1,0.7044504127391796
2876.json,john-kasich,mostly-true,0,fixed_split_train_test,0,0.20061550065696587,0,0.4889518125096821
4769.json,john-birch-society,half-true,0,fixed_split_train_test,0,0.5538831359994222,0,0.6752287337139845
1760.json,rick-perry,barely-true,1,fixed_split_train_test,0,0.3614516840734247,0,0.5853193696184481
12943.json,donald-trump,half-true,0,fixed_split_train_test,1,0.8444812168781214,1,0.8623126141299136
6513.json,special-operations-opsec-education-fund,false,1,fixed_split_train_test,1,0.8771258542087619,1,0.8831416235988367
7780.json,barack-obama,barely-true,1,fixed_split_train_test,1,0.6248558119981685,1,0.6933301699916582
7418.json,jon-bramnick,mostly-true,0,fixed_split_train_test,0,0.490703617776119,0,0.6229600994251115
2777.json,michael-bloomberg,mostly-true,0,fixed_split_train_test,0,0.3214005568509586,0,0.5814973532819341
8853.json,rand-paul,false,1,fixed_split_train_test,1,0.6533478270871892,1,0.7733832260516676
7758.json,bill-richardson,mostly-true,0,fixed_split_train_test,0,0.46972355095719504,0,0.5512008253282168
11796.json,donald-trump,half-true,0,fixed_split_train_test,1,0.7913434789565733,1,0.8360131269940857
11573.json,hillary-clinton,half-true,0,fixed_split_train_test,1,0.5990366161056014,0,0.6842008957670257
9521.json,ted-cruz,half-true,0,fixed_split_train_test,1,0.6320394438995993,1,0.7267164439867022
10208.json,anna-kooiman,barely-true,1,fixed_split_train_test,1,0.610863317934472,1,0.7275323407551713
5756.json,barack-obama,half-true,0,fixed_split_train_test,0,0.44561964282239,0,0.6082987491589726
1569.json,george-will,mostly-true,0,fixed_split_train_test,0,0.41805613295656624,0,0.5773019350344998
11805.json,virginia-center-public-safety,true,0,fixed_split_train_test,0,0.32058042441310114,0,0.5487669184503557
805.json,john-mccain,mostly-true,0,fixed_split_train_test,1,0.6779155988664405,1,0.7489780285468096
8030.json,tweets,barely-true,1,fixed_split_train_test,0,0.5182950599954923,0,0.6221962472271098
7678.json,clean-water-portland,false,1,fixed_split_train_test,0,0.34114915858074596,0,0.6220334865485894
139.json,tom-tancredo,mostly-true,0,fixed_split_train_test,0,0.28987507681819896,0,0.6153859882738323
7271.json,john-kitzhaber,true,0,fixed_split_train_test,0,0.35096074459368815,0,0.5167706901421779
11409.json,dave-brat,false,1,fixed_split_train_test,1,0.5842125545310988,1,0.731798169289003
688.json,fred-thompson,false,1,fixed_split_train_test,1,0.5737105770110928,0,0.6867521685073108
3726.json,one-wisconsin-now,mostly-true,0,fixed_split_train_test,0,0.5125921941020337,0,0.6266774971018637
7461.json,arne-duncan,barely-true,1,fixed_split_train_test,1,0.7704719112176516,1,0.7189650188892486
5363.json,us-chamber-commerce,false,1,fixed_split_train_test,1,0.7064051929762144,1,0.7904615505152692
9942.json,george-will,true,0,fixed_split_train_test,0,0.4567486870902582,0,0.5573792320455652
3575.json,scott-walker,true,0,fixed_split_train_test,1,0.6294199852365643,1,0.7402545270843148
2205.json,gen-peter-chiarelli,true,0,fixed_split_train_test,0,0.45988748065155904,0,0.6218108814367294
7552.json,jeff-mullis,mostly-true,0,fixed_split_train_test,0,0.5508125544457623,0,0.6461906791711998
7135.json,association-mature-american-citizens,pants-fire,1,fixed_split_train_test,1,0.8545853062441447,1,0.9610347455038422
384.json,votevetsorg,true,0,fixed_split_train_test,1,0.6051359979694595,0,0.5852643585205595
13007.json,sean-hannity,true,0,fixed_split_train_test,0,0.29884835306737945,0,0.5391988372331364
12994.json,hilary-rosen,mostly-true,0,fixed_split_train_test,1,0.6254266198024683,0,0.6817419392782597
3436.json,matt-gaetz,false,1,fixed_split_train_test,1,0.7134833072899358,1,0.8134783589878211
5810.json,citizens-transportation-mobility,mostly-true,0,fixed_split_train_test,0,0.4464995352303736,0,0.6440474873113493
6141.json,tommy-thompson,pants-fire,1,fixed_split_train_test,1,0.7892006848756875,1,0.8452253188574279
6.json,chris-dodd,half-true,0,fixed_split_train_test,1,0.7206774835228372,0,0.6653934737412763
9891.json,ted-cruz,half-true,0,fixed_split_train_test,1,0.6026872611105762,0,0.6769947388100448
1971.json,john-albers,false,1,fixed_split_train_test,0,0.3334008263138788,0,0.5692424870399302
7008.json,mitt-romney,mostly-true,0,fixed_split_train_test,0,0.4829482479955888,0,0.6441568721252507
8963.json,matt-bevin,pants-fire,1,fixed_split_train_test,1,0.6591079631566088,1,0.7776483825105114
13040.json,russ-feingold,half-true,0,fixed_split_train_test,1,0.5819496354684222,0,0.6768312104103285
8151.json,rand-paul,false,1,fixed_split_train_test,0,0.35269320734346643,0,0.6082368300106191
6236.json,eric-hovde,barely-true,1,fixed_split_train_test,0,0.2481108755590931,0,0.4927459461407853
6974.json,tennessee-republican-party,false,1,fixed_split_train_test,1,0.7202282628248586,1,0.8103539569247232
6879.json,josh-mandel,barely-true,1,fixed_split_train_test,1,0.5784764412472714,1,0.7051180641421916
11639.json,jeb-bush,mostly-true,0,fixed_split_train_test,1,0.5839500916139847,0,0.6575349083110794
9343.json,dick-cheney,barely-true,1,fixed_split_train_test,1,0.6576386154528449,1,0.7232759223694446
422.json,hillary-clinton,half-true,0,fixed_split_train_test,1,0.5804033842225242,1,0.7232941405722337
1448.json,barack-obama,half-true,0,fixed_split_train_test,0,0.39452421201148574,0,0.5692779703648789
737.json,barack-obama,false,1,fixed_split_train_test,1,0.7218631529985223,1,0.7767346627336061
10516.json,dave-claunch,mostly-true,0,fixed_split_train_test,0,0.34013234764736366,0,0.5623838180892005
4750.json,allen-west,false,1,fixed_split_train_test,1,0.595960382640867,1,0.7644904230464431
8604.json,chain-email,false,1,fixed_split_train_test,1,0.6394079363529099,1,0.815179726908734
729.json,john-mccain,half-true,0,fixed_split_train_test,1,0.6992645716593823,1,0.7881038974551954
12702.json,mike-cernovich,pants-fire,1,fixed_split_train_test,1,0.725707519703441,0,0.6745944790390991
8901.json,van-jones,true,0,fixed_split_train_test,1,0.5721079842693962,0,0.6871758351743419
11546.json,richard-paglia,half-true,0,fixed_split_train_test,0,0.4559323117101754,0,0.5341221231237981
1353.json,john-murtha,barely-true,1,fixed_split_train_test,0,0.4078660977759467,0,0.5566909074572329
5938.json,mark-neumann,false,1,fixed_split_train_test,0,0.547865164185956,1,0.6979501652053077
12158.json,rick-scott,barely-true,1,fixed_split_train_test,1,0.6034949303712067,1,0.7298515026115729
656.json,joe-biden,mostly-true,0,fixed_split_train_test,0,0.39344088131391014,0,0.5060477507609937
10085.json,larry-pressler,false,1,fixed_split_train_test,1,0.6602702948208413,1,0.7790423576393413
5824.json,jennifer-carroll,false,1,fixed_split_train_test,1,0.7159434805829606,1,0.7562280950840423
5753.json,lisa-tomasso,true,0,fixed_split_train_test,0,0.34153875963693775,0,0.5163489404477346
5512.json,stephen-laffey,false,1,fixed_split_train_test,1,0.6095783365732655,1,0.7081333038204637
125.json,mitt-romney,mostly-true,0,fixed_split_train_test,0,0.5396542524492628,0,0.6346271683626491
6010.json,lenny-curry,half-true,0,fixed_split_train_test,0,0.411467066546686,0,0.6042314117500054
727.json,john-mccain,mostly-true,0,fixed_split_train_test,0,0.49276211312527524,0,0.6399953495701174
42.json,rudy-giuliani,barely-true,1,fixed_split_train_test,0,0.3746844595450291,0,0.5635904638253434
8511.json,sid-covington,half-true,0,fixed_split_train_test,0,0.5213214315992474,0,0.6823272233860024
6262.json,democratic-congressional-campaign-committee,pants-fire,1,fixed_split_train_test,1,0.8580047405483594,1,0.8495561915030955
9502.json,barack-obama,mostly-true,0,fixed_split_train_test,0,0.45270471025906533,0,0.6115726005006153
11351.json,jennifer-shilling,mostly-true,0,fixed_split_train_test,0,0.43381343857465793,0,0.5928154872110383
8558.json,kenneth-block,false,1,fixed_split_train_test,0,0.5403540996065861,0,0.6204700713957336
12084.json,donald-trump,true,0,fixed_split_train_test,1,0.7081871835673391,1,0.8201195896871498
568.json,barack-obama,true,0,fixed_split_train_test,1,0.7008456466554982,1,0.7187511874102672
7537.json,sean-duffy,half-true,0,fixed_split_train_test,0,0.44722973073771916,0,0.6156755221909955
9708.json,rick-perry,pants-fire,1,fixed_split_train_test,0,0.5007479944291771,0,0.6602670359026148
7524.json,jamie-radtke,half-true,0,fixed_split_train_test,1,0.6527255434451492,1,0.7350434425348347
4537.json,rick-perry,mostly-true,0,fixed_split_train_test,0,0.3571639741505805,0,0.5880991423189292
8549.json,city-austin,barely-true,1,fixed_split_train_test,0,0.35256446984655276,0,0.6644274842010482
11736.json,jeb-bush,half-true,0,fixed_split_train_test,0,0.50200904597208,0,0.6584025926401272
8062.json,barack-obama,half-true,0,fixed_split_train_test,0,0.4509161920607892,0,0.6181697868012571
3158.json,john-kitzhaber,mostly-true,0,fixed_split_train_test,1,0.6024321027659696,1,0.691740493802066
10794.json,robert-hurt,false,1,fixed_split_train_test,0,0.5340292418130029,1,0.6961018038926206
12461.json,blog-posting,true,0,fixed_split_train_test,1,0.5912870972255576,1,0.8100483484532944
8609.json,kurt-schrader,half-true,0,fixed_split_train_test,1,0.5783557315922684,1,0.6961868683738219
63.json,chris-dodd,mostly-true,0,fixed_split_train_test,0,0.3339032833497353,0,0.4661247367676762
6560.json,jeb-bush,true,0,fixed_split_train_test,0,0.36678703633759524,0,0.5698066783735246
3546.json,john-boehner,half-true,0,fixed_split_train_test,1,0.6113298018781501,1,0.6943007595501872
3036.json,national-federation-independent-business-wiscons,false,1,fixed_split_train_test,0,0.5349723680585532,0,0.6500437793693921
11910.json,ben-carson,pants-fire,1,fixed_split_train_test,1,0.6772473019282779,1,0.7594354695137263
4101.json,marco-rubio,mostly-true,0,fixed_split_train_test,0,0.5648189481399332,1,0.7157663549446022
10175.json,scott-walker,mostly-true,0,fixed_split_train_test,0,0.43384617764111727,0,0.6415430757955181
4593.json,edd-houck,false,1,fixed_split_train_test,1,0.7168662546633316,1,0.8403190856281324
5985.json,anastasia-williams,false,1,fixed_split_train_test,0,0.5363033256784158,0,0.6247012248814362
1881.json,thomas-melsheimer,barely-true,1,fixed_split_train_test,0,0.43706316087927743,0,0.6208757173334692
204.json,mitt-romney,false,1,fixed_split_train_test,1,0.640594641343741,1,0.6976654467605214
10091.json,Rhode_Island_Catholic,true,0,fixed_split_train_test,0,0.5436164113379811,0,0.6369999892087592
1409.json,kay-bailey-hutchison,false,1,fixed_split_train_test,0,0.49908974457978494,0,0.6528476984319167
2769.json,childrens-healthcare-atlanta,true,0,fixed_split_train_test,0,0.0,0,0.32810568176022115
2600.json,betty-sutton,mostly-true,0,fixed_split_train_test,0,0.46900626003814644,0,0.6389731547042461
4822.json,rebecca-kleefisch,half-true,0,fixed_split_train_test,1,0.6636206929835405,1,0.7809696320327559
5536.json,stephen-sweeney,half-true,0,fixed_split_train_test,1,0.8872336750421297,1,0.8721428410911393
2911.json,dennis-kucinich,false,1,fixed_split_train_test,0,0.563405605638857,0,0.613697855798617
12787.json,donald-trump,half-true,0,fixed_split_train_test,1,0.675913420159959,1,0.7190222753966489
2442.json,delia-lopez,pants-fire,1,fixed_split_train_test,1,0.7698738887535488,1,0.8646476573068842
3489.json,greater-wisconsin-political-fund,barely-true,1,fixed_split_train_test,1,0.7693169938341834,1,0.7573267072614708
12006.json,paul-ryan,false,1,fixed_split_train_test,0,0.4829300934943478,0,0.6504967681080995
9109.json,ed-schultz,barely-true,1,fixed_split_train_test,1,0.7329545684459383,1,0.7800088814564832
12661.json,cory-booker,mostly-true,0,fixed_split_train_test,0,0.4414337404232131,0,0.5395295428278243
6447.json,gail-collins,half-true,0,fixed_split_train_test,1,0.643357618837753,1,0.7881499295436566
2983.json,sam-adams,true,0,fixed_split_train_test,0,0.28996091655492057,0,0.4917048034677093
13467.json,political-insider,pants-fire,1,fixed_split_train_test,1,0.8042785969440355,1,1.0
921.json,barack-obama,false,1,fixed_split_train_test,1,0.7043911905384929,1,0.7798206101150456
9141.json,charles-krauthammer,barely-true,1,fixed_split_train_test,1,0.7672747119570014,1,0.7965648340824699
12648.json,freedom-partners-action-fund,barely-true,1,fixed_split_train_test,1,0.6327441577876723,1,0.7213443824644541
3674.json,troy-fraser,pants-fire,1,fixed_split_train_test,0,0.4999460038592928,0,0.556373148588813
6577.json,scott-walker,half-true,0,fixed_split_train_test,0,0.3856509209494115,0,0.5873403817223027
8240.json,james-oneil,false,1,fixed_split_train_test,1,0.7037052195897437,1,0.7442896509740256
9405.json,rick-scott,mostly-true,0,fixed_split_train_test,0,0.4783294433906288,0,0.6377442324967286
1892.json,john-boehner,true,0,fixed_split_train_test,0,0.4095002852468176,0,0.5880918712587324
2754.json,john-boccieri,half-true,0,fixed_split_train_test,1,0.7545102027151286,1,0.7992835884046375
31.json,tommy-thompson,true,0,fixed_split_train_test,0,0.5375169930132628,1,0.7273224335433078
4711.json,lloyd-doggett,mostly-true,0,fixed_split_train_test,0,0.43586753015821544,0,0.5595295660761864
664.json,hillary-clinton,false,1,fixed_split_train_test,1,0.6496821305498375,0,0.6623440093590883
1199.json,national-right-life-committee,true,0,fixed_split_train_test,1,0.6979203851676266,1,0.76031715886397
11865.json,adrian-garcia,barely-true,1,fixed_split_train_test,0,0.45381499640557865,0,0.5919341979181416
87.json,barack-obama,true,0,fixed_split_train_test,0,0.5546542341739626,0,0.6664143294937611
9312.json,rick-santorum,mostly-true,0,fixed_split_train_test,0,0.5186919295029451,0,0.6685184199909652
10638.json,tyrone-brooks,half-true,0,fixed_split_train_test,1,0.7075812724093002,1,0.709080026782907
3021.json,david-wyss,true,0,fixed_split_train_test,0,0.5672773249874036,0,0.6765012810679671
379.json,hillary-clinton,true,0,fixed_split_train_test,0,0.3968162448896132,0,0.5811621958503185
5272.json,ron-paul,half-true,0,fixed_split_train_test,1,0.6375037612643951,1,0.7189230940384083
683.json,rudy-giuliani,true,0,fixed_split_train_test,0,0.3929690262833284,0,0.5737849560092257
1781.json,linda-chavez-thompson,true,0,fixed_split_train_test,0,0.27975819219260245,0,0.5042679200477997
11687.json,jeb-bush,mostly-true,0,fixed_split_train_test,1,0.6881482067980684,1,0.7464986782310459
2975.json,kay-bailey-hutchison,half-true,0,fixed_split_train_test,0,0.3446469413780542,0,0.593116589264015
771.json,sarah-palin,barely-true,1,fixed_split_train_test,0,0.5405513190019786,0,0.6606754031191744
3991.json,scott-walker,half-true,0,fixed_split_train_test,1,0.6103738700694415,1,0.7123967393398125
11923.json,hillary-clinton,half-true,0,fixed_split_train_test,0,0.5657551111778261,0,0.6866621485887897
10749.json,gwyneth-paltrow,barely-true,1,fixed_split_train_test,0,0.3674424349082101,0,0.5787960431487216
3946.json,doug-whitsett,half-true,0,fixed_split_train_test,1,0.6671296925976333,1,0.7832160305120576
7834.json,mark-pocan,true,0,fixed_split_train_test,1,0.6293501958168689,1,0.7422654056095348
6290.json,ohio-republican-party,half-true,0,fixed_split_train_test,1,0.9140120896195416,1,0.9553082954349702
1477.json,chain-email,false,1,fixed_split_train_test,1,0.7920214016766975,1,0.8556839013908877
10881.json,chris-taylor,mostly-true,0,fixed_split_train_test,1,0.5849853590728485,1,0.7486160271297743
4396.json,george-allen,mostly-true,0,fixed_split_train_test,0,0.48334538483429,0,0.6408541201865767
6206.json,chris-christie,true,0,fixed_split_train_test,0,0.5162434370557397,0,0.6593563883804113
9970.json,jason-carter,true,0,fixed_split_train_test,0,0.36824069086218925,0,0.48240259739610936
4353.json,sherrod-brown,true,0,fixed_split_train_test,1,0.7907479925821934,1,0.8216215951247703
1394.json,texas-democratic-party,false,1,fixed_split_train_test,1,0.6057082543479192,1,0.7803661825128749
7695.json,johnny-isakson,true,0,fixed_split_train_test,0,0.5341824791259058,0,0.5571568854992309
4770.json,mitt-romney,barely-true,1,fixed_split_train_test,1,0.7113945592192281,1,0.7476695212299558
1052.json,john-mccain,true,0,fixed_split_train_test,1,0.6951923590662927,1,0.698248605030717
5249.json,donald-mceachin,false,1,fixed_split_train_test,1,0.8426519060489658,1,0.8256796723920922
3700.json,stephen-ucci,false,1,fixed_split_train_test,1,0.686823797295614,1,0.706345735348947
8683.json,peter-orszag,true,0,fixed_split_train_test,0,0.4663787157796703,0,0.641481413367598
12798.json,harry-reid,barely-true,1,fixed_split_train_test,1,0.6557486023393927,1,0.8046194487086007
4838.json,george-lemieux,half-true,0,fixed_split_train_test,1,0.5707883025223472,1,0.6928514119653282
7680.json,dianne-feinstein,mostly-true,0,fixed_split_train_test,0,0.4423753575720753,0,0.6650705218340562
1999.json,charlie-crist,true,0,fixed_split_train_test,0,0.4634796266986691,0,0.593557810450868
12873.json,viral-image,pants-fire,1,fixed_split_train_test,0,0.4117205658850972,0,0.6432870546557464
9683.json,peter-lavelle,pants-fire,1,fixed_split_train_test,1,0.69564536761664,1,0.7883079729235426
6660.json,barack-obama,mostly-true,0,fixed_split_train_test,0,0.4313882975339944,0,0.5665268919759786
13527.json,reince-priebus,false,1,fixed_split_train_test,1,0.7409284601277542,1,0.8501182309540392
2626.json,edwin-pacheco,false,1,fixed_split_train_test,1,0.6782861268872111,1,0.756529572360234
2814.json,john-kasich,half-true,0,fixed_split_train_test,0,0.507973460026299,0,0.6604768421990307
7598.json,john-lewis,half-true,0,fixed_split_train_test,1,0.6059144558440812,1,0.6897501604118301
2746.json,matt-wand,barely-true,1,fixed_split_train_test,1,0.6427790132254533,1,0.7562815321814246
12448.json,donald-trump,barely-true,1,fixed_split_train_test,1,0.7100667953751064,1,0.7972066324436202
3232.json,matt-lundy,true,0,fixed_split_train_test,1,0.6400973661001155,1,0.7203180870119963
11226.json,jim-webb,mostly-true,0,fixed_split_train_test,0,0.5485268923789387,0,0.6497241308289452
487.json,hillary-clinton,barely-true,1,fixed_split_train_test,1,0.6627665526363852,1,0.753739618507229
6858.json,dan-sebring,mostly-true,0,fixed_split_train_test,1,0.6434202035008862,1,0.7417839320272633
8701.json,state-democratic-party-wisconsin,false,1,fixed_split_train_test,0,0.5263517108191398,0,0.685584973131687
10606.json,jeb-bush,barely-true,1,fixed_split_train_test,0,0.48001820189541944,0,0.6680788271916641
9016.json,tom-graves,half-true,0,fixed_split_train_test,0,0.4405181912445151,0,0.6064042178216911
2371.json,john-mccain,barely-true,1,fixed_split_train_test,1,0.8576602401463195,1,0.9072080231437707
12065.json,donald-trump,true,0,fixed_split_train_test,1,0.6539737203064547,1,0.7541187483496685
2362.json,barack-obama,mostly-true,0,fixed_split_train_test,1,0.6408575705773405,1,0.716539000306856
2868.json,jim-doyle,false,1,fixed_split_train_test,1,0.5804492243288217,0,0.6835741372287407
13305.json,donald-trump,true,0,fixed_split_train_test,1,0.7021180315840575,1,0.7212677597631663
8503.json,jonathan-karl,true,0,fixed_split_train_test,0,0.47690164771143784,0,0.6056195662699119
2428.json,republican-governors-association,half-true,0,fixed_split_train_test,0,0.31624770844202416,0,0.541903549821829
636.json,barack-obama,true,0,fixed_split_train_test,1,0.6881199223107098,1,0.7176137529341432
5758.json,afscme,barely-true,1,fixed_split_train_test,1,0.7266387983498448,1,0.8193008819897828
2793.json,greg-abbott,mostly-true,0,fixed_split_train_test,0,0.44538865105090575,0,0.6145546547399416
9426.json,john-oliver,true,0,fixed_split_train_test,0,0.4979038559161984,1,0.6903726091682183
5898.json,george-lemieux,barely-true,1,fixed_split_train_test,1,0.818543967492663,1,0.8067725739782324
11218.json,marco-rubio,mostly-true,0,fixed_split_train_test,0,0.4240434698985306,0,0.6296431018932706
12703.json,unicef,mostly-true,0,fixed_split_train_test,0,0.5595969867535585,0,0.6271392326182949
5462.json,campaign-primary-accountability,false,1,fixed_split_train_test,1,0.8143518215927076,1,0.7875896788283978
1955.json,michael-j-gardiner,pants-fire,1,fixed_split_train_test,1,0.6264488870933793,1,0.6892658845680454
11647.json,george-will,mostly-true,0,fixed_split_train_test,0,0.4637887971857111,0,0.5810661733374212
11139.json,jeb-bush,mostly-true,0,fixed_split_train_test,0,0.2608442930909452,0,0.5039987716258397
1648.json,barack-obama,mostly-true,0,fixed_split_train_test,1,0.5930201576153746,1,0.7045826955348745
5371.json,rick-santorum,false,1,fixed_split_train_test,0,0.46572501546994743,0,0.6497607513559334
4425.json,john-kasich,barely-true,1,fixed_split_train_test,0,0.3612394318852223,0,0.5831328456380712
2498.json,bill-white,mostly-true,0,fixed_split_train_test,0,0.24128003978042828,0,0.5194698997207214
4131.json,brian-kemp,true,0,fixed_split_train_test,0,0.43508695928336094,0,0.5817538353348364
2341.json,mark-neumann,mostly-true,0,fixed_split_train_test,1,0.8486590821017342,1,0.8410392224390391
5551.json,dennis-richardson,half-true,0,fixed_split_train_test,0,0.4255164784544961,0,0.5704485549384124
757.json,john-mccain,half-true,0,fixed_split_train_test,1,0.6161152675945164,1,0.7437118876270686
11519.json,tammy-baldwin,true,0,fixed_split_train_test,0,0.2804405348535821,0,0.5434088072259314
5785.json,chain-email,pants-fire,1,fixed_split_train_test,1,0.6597857858050763,1,0.8277108088883459
2284.json,glenn-beck,pants-fire,1,fixed_split_train_test,1,0.7450172925579803,1,0.8046345310795967
12650.json,donald-trump,barely-true,1,fixed_split_train_test,1,0.628902571449452,1,0.7449828829447706
9480.json,erin-lynch,barely-true,1,fixed_split_train_test,0,0.5679374198312995,0,0.6724205808235995
643.json,joe-biden,half-true,0,fixed_split_train_test,0,0.32939192862141803,0,0.5337499873879112
11242.json,nicholas-kristof,true,0,fixed_split_train_test,0,0.23612017381969724,0,0.4977592156354706
7038.json,sherrod-brown,true,0,fixed_split_train_test,0,0.34306944241635906,0,0.5556274904304581
6772.json,Yes-on-79,pants-fire,1,fixed_split_train_test,0,0.48393909644333555,1,0.6890649765734033
7952.json,jeff-sessions,false,1,fixed_split_train_test,1,0.687733885458504,1,0.742569511615522
13134.json,hillary-clinton,half-true,0,fixed_split_train_test,0,0.5563923087939273,0,0.6225392399483244
2181.json,james-langevin,half-true,0,fixed_split_train_test,0,0.5228375365424057,0,0.6332151391221051
9629.json,john-kerry,mostly-true,0,fixed_split_train_test,0,0.5313052213055002,1,0.6980354315494774
3668.json,richard-saslaw,false,1,fixed_split_train_test,1,0.8296437105938623,1,0.8687727221530925
11327.json,marco-rubio,mostly-true,0,fixed_split_train_test,0,0.5055128088845298,1,0.7133345051914152
3818.json,adam-hasner,mostly-true,0,fixed_split_train_test,0,0.48634149640112695,0,0.6775546144695359
2218.json,todd-staples,half-true,0,fixed_split_train_test,0,0.519716125658774,0,0.6744938678452027
11562.json,donald-trump,pants-fire,1,fixed_split_train_test,1,0.6664833634436106,1,0.7730551733373882
9622.json,mitch-mcconnell,true,0,fixed_split_train_test,0,0.4700999475745363,0,0.6275174105612074
9995.json,mary-burke,mostly-true,0,fixed_split_train_test,0,0.41958595636281837,0,0.5869991428157555
7344.json,paul-ryan,barely-true,1,fixed_split_train_test,1,0.570378680745362,1,0.7034524128934142
5840.json,americans-prosperity,false,1,fixed_split_train_test,0,0.46819804343794075,0,0.5996168674392459
1576.json,americas-health-insurance-plans,true,0,fixed_split_train_test,1,0.5864388731347062,0,0.6732666678353766
13127.json,hillary-clinton,mostly-true,0,fixed_split_train_test,0,0.533206651971187,0,0.6338200075986755
12098.json,john-kasich,mostly-true,0,fixed_split_train_test,0,0.563974295114764,1,0.7139254726489342
12272.json,hillary-clinton,mostly-true,0,fixed_split_train_test,1,0.5740073694994513,0,0.6866820961892949
5993.json,conservative-voters-texas-pac,pants-fire,1,fixed_split_train_test,1,0.651602495993632,1,0.7892274111790919
9285.json,laura-ingraham,false,1,fixed_split_train_test,1,0.8178345729978074,1,0.8716564689216397
7165.json,libertarian-party-georgia,half-true,0,fixed_split_train_test,0,0.38726944815354664,1,0.7202940519002657
11025.json,maggie-hassan,false,1,fixed_split_train_test,0,0.4332390348869943,0,0.6177717224329018
7577.json,deborah-gist,mostly-true,0,fixed_split_train_test,0,0.4430760346082018,0,0.5471914007577278
2719.json,bill-white,barely-true,1,fixed_split_train_test,0,0.4942874338711153,0,0.6600744261841908
3631.json,kathleen-angelucci,barely-true,1,fixed_split_train_test,0,0.5619496346426319,0,0.636232706267995
7211.json,john-boehner,false,1,fixed_split_train_test,0,0.42662285493529856,0,0.5820800519008045
1480.json,glenn-beck,barely-true,1,fixed_split_train_test,0,0.48807031163535064,0,0.6797395696424325
1512.json,marco-rubio,half-true,0,fixed_split_train_test,0,0.5531092327176295,1,0.6901103203012123
10517.json,nathan-deal,half-true,0,fixed_split_train_test,0,0.2583384971287955,0,0.5547432781845378
5723.json,allen-west,pants-fire,1,fixed_split_train_test,1,0.5935513161130941,1,0.7172330800674216
7378.json,marco-rubio,half-true,0,fixed_split_train_test,1,0.7791957186556026,1,0.8540407429557869
531.json,john-mccain,mostly-true,0,fixed_split_train_test,0,0.338263223592481,0,0.5838351843041308
474.json,barack-obama,barely-true,1,fixed_split_train_test,1,0.7480739784951561,1,0.7770783638095128
2250.json,rick-scott,false,1,fixed_split_train_test,1,0.7252862926877504,1,0.757208346027385
126.json,joe-biden,mostly-true,0,fixed_split_train_test,1,0.685503936169199,1,0.712524242394441
10646.json,juda-engelmayer,pants-fire,1,fixed_split_train_test,0,0.49253264002655056,1,0.6924827293806591
1823.json,chris-matthews,true,0,fixed_split_train_test,0,0.4492350133251779,0,0.580270995492737
9731.json,rick-scott,barely-true,1,fixed_split_train_test,1,0.5796688162177379,1,0.6947000660780532
9594.json,facebook-posts,pants-fire,1,fixed_split_train_test,1,0.7095199438223778,1,0.7906494402123202
12026.json,jim-kenney,half-true,0,fixed_split_train_test,0,0.5476917082243504,0,0.5289117566048702
5971.json,cory-booker,false,1,fixed_split_train_test,1,0.5754802576628167,0,0.661520044466589
6857.json,mitt-romney,false,1,fixed_split_train_test,1,0.7149914718046922,1,0.7602952547234804
3112.json,mario-gallegos,half-true,0,fixed_split_train_test,0,0.5336994733097119,0,0.6463427380909386
11832.json,bob,pants-fire,1,fixed_split_train_test,1,0.7294650191920425,1,0.8830583155571902
2337.json,rick-scott,half-true,0,fixed_split_train_test,1,0.9020296711828907,1,0.8857733324386328
10853.json,hillary-clinton,false,1,fixed_split_train_test,0,0.4381278142102712,0,0.6078658731393932
9050.json,dan-pfeiffer,mostly-true,0,fixed_split_train_test,0,0.4770194232375565,1,0.7465855515339767
9427.json,robin-vos,mostly-true,0,fixed_split_train_test,1,0.5836490612990122,0,0.6599966113746513
2830.json,paul-krugman,half-true,0,fixed_split_train_test,1,0.5799336686813527,0,0.6573357767400687
9756.json,alison-lundergan-grimes,half-true,0,fixed_split_train_test,0,0.5341237462614313,0,0.6229456653709724
6532.json,barack-obama,mostly-true,0,fixed_split_train_test,0,0.5549420289251359,0,0.6451095017773161
4805.json,kurt-schuller,false,1,fixed_split_train_test,1,0.6644297092565076,1,0.6963922103102637
3648.json,miguel-diaz-de-la-portilla,false,1,fixed_split_train_test,0,0.5162068946214219,0,0.5682115375978132
4994.json,newt-gingrich,half-true,0,fixed_split_train_test,1,0.6106621792965504,1,0.726308218270031
4715.json,democratic-national-committee,half-true,0,fixed_split_train_test,1,0.7146579032422213,1,0.7513699203821209
526.json,john-mccain,barely-true,1,fixed_split_train_test,0,0.4841611235207522,0,0.6015472390884933
8673.json,pam-bondi,true,0,fixed_split_train_test,1,0.6075955091402745,0,0.6253999866408887
9273.json,brian-wilson,pants-fire,1,fixed_split_train_test,0,0.522939919419971,0,0.6834869299392385
9973.json,emma-watson,half-true,0,fixed_split_train_test,0,0.336959028677602,0,0.4252004879117894
3.json,bill-richardson,mostly-true,0,fixed_split_train_test,0,0.4231454849674322,0,0.5573342273325118
9197.json,jim-demint,false,1,fixed_split_train_test,0,0.3831549461591652,0,0.6145395488343005
9610.json,jack-kingston,false,1,fixed_split_train_test,0,0.4478241687887611,1,0.6952624004119252
1150.json,orrin-hatch,half-true,0,fixed_split_train_test,0,0.4083748958094557,0,0.5174860735300082
2087.json,dennis-kucinich,true,0,fixed_split_train_test,0,0.4704463905277068,0,0.5957282308662628
7051.json,betty-sutton,half-true,0,fixed_split_train_test,1,0.6247915725448532,1,0.7308434808695582
8035.json,robert-reich,false,1,fixed_split_train_test,1,0.7378316717991126,1,0.7447204643389623
1329.json,ed-rendell,barely-true,1,fixed_split_train_test,1,0.6795005795502302,1,0.7877485979886785
1574.json,americans-united-change,mostly-true,0,fixed_split_train_test,1,0.5904818063234158,1,0.6910378543200414
6745.json,mitt-romney,mostly-true,0,fixed_split_train_test,1,0.842397739104019,1,0.8293557178626334
4289.json,sam-adams,half-true,0,fixed_split_train_test,0,0.49763054467765716,0,0.6298037567891449
4383.json,dennis-richardson,false,1,fixed_split_train_test,0,0.559776296858503,0,0.6754729460970444
12089.json,katie-mcginty,mostly-true,0,fixed_split_train_test,0,0.36824718750114893,0,0.5621367925978897
12976.json,sean-hannity,false,1,fixed_split_train_test,1,0.6515962818694467,1,0.7355440543870211
5170.json,lou-greenwald,true,0,fixed_split_train_test,0,0.4456726403091654,0,0.6046524487803504
6976.json,george-allen,true,0,fixed_split_train_test,0,0.29637158049948314,0,0.537132914860823
7838.json,chain-email,pants-fire,1,fixed_split_train_test,1,0.7687442869371871,1,0.8524614278656906
2643.json,scott-walker,false,1,fixed_split_train_test,1,0.681656680665841,1,0.7833179875590749
1810.json,todd-staples,half-true,0,fixed_split_train_test,1,0.6562437391760951,1,0.7542051350217285
10097.json,Local-799-international-assoc-fire-fighters,pants-fire,1,fixed_split_train_test,1,0.9189783027458673,1,0.9764240548415302
13236.json,tim-kaine,barely-true,1,fixed_split_train_test,0,0.41861162870661106,0,0.5783155930586141
2568.json,doug-ainge,false,1,fixed_split_train_test,1,0.680489828150203,1,0.7475569837592241
12833.json,dave-brat,false,1,fixed_split_train_test,1,0.7848069227200792,1,0.8240442577569488
1894.json,donna-brazile,half-true,0,fixed_split_train_test,0,0.40882566459082675,0,0.5483722271502992
7881.json,kirsten-gillibrand,mostly-true,0,fixed_split_train_test,0,0.4834632086591019,0,0.6569960805461441
5603.json,glenn-grothman,true,0,fixed_split_train_test,0,0.4165194475975601,0,0.5561826898823751
5759.json,anonymous-flier,false,1,fixed_split_train_test,1,0.6049029100690391,1,0.7341707554846775
6207.json,chris-christie,half-true,0,fixed_split_train_test,0,0.39561460815783955,0,0.6062791674262908
2149.json,kendrick-meek,false,1,fixed_split_train_test,1,0.8656702495072618,1,0.8226326484729136
2445.json,mahmoud-ahmadinejad,false,1,fixed_split_train_test,0,0.5106072340907928,0,0.5453026346463867
5910.json,john-ludlow,half-true,0,fixed_split_train_test,0,0.49979176505040296,1,0.7329394059224615
2596.json,john-kitzhaber,half-true,0,fixed_split_train_test,1,0.6937336687202207,1,0.7037398057007181
10399.json,rand-paul,false,1,fixed_split_train_test,0,0.2932306073734025,0,0.578865383828516
792.json,john-mccain,half-true,0,fixed_split_train_test,1,0.6123162694250398,1,0.7430684355220486
12929.json,julian-castro,true,0,fixed_split_train_test,0,0.47631446844826847,0,0.6308460896761953
12791.json,democratic-congressional-campaign-committee,barely-true,1,fixed_split_train_test,1,0.6072411203606997,0,0.6275744355904181
9003.json,rick-scott,barely-true,1,fixed_split_train_test,0,0.3295704432875923,0,0.5796270312218813
3811.json,scott-fitzgerald,false,1,fixed_split_train_test,1,0.7380525145623952,1,0.8483984957735992
3399.json,morgan-griffith,false,1,fixed_split_train_test,1,0.6050327948540004,1,0.6933897959464955
11229.json,glen-sturtevant,true,0,fixed_split_train_test,0,0.36776467046883105,0,0.6171056455297252
3800.json,herman-cain,false,1,fixed_split_train_test,1,0.6479684400507587,1,0.8171500939002878
10283.json,bernie-s,mostly-true,0,fixed_split_train_test,0,0.3379146617019487,0,0.5591174148276175
352.json,hillary-clinton,mostly-true,0,fixed_split_train_test,0,0.4789293467112388,0,0.6721477810758205
4134.json,alan-hays,false,1,fixed_split_train_test,1,0.7987480719149753,1,0.8226354392322658
5278.json,jim-jordan,half-true,0,fixed_split_train_test,0,0.446969187766517,0,0.5963515875602247
2165.json,sam-olens,half-true,0,fixed_split_train_test,0,0.4970029471565557,0,0.6232135065378399
7448.json,kasim-reed,true,0,fixed_split_train_test,0,0.36683493411942775,0,0.5495682993303059
12987.json,jimmy-carter,true,0,fixed_split_train_test,1,0.754436412514728,1,0.8252974320020715
5132.json,georgia-democrats,half-true,0,fixed_split_train_test,1,0.7547398784794973,1,0.7742410078829532
13329.json,kellyanne-conway,barely-true,1,fixed_split_train_test,0,0.552481256276372,1,0.7296662925315534
4588.json,rick-perry,true,0,fixed_split_train_test,1,0.5933791684093894,1,0.7044094455195455
6455.json,warren-kampf,mostly-true,0,fixed_split_train_test,0,0.5087214555864564,0,0.6293897535246344
10282.json,jesse-ventura,pants-fire,1,fixed_split_train_test,1,0.7797368847459293,1,0.884279109277871
211.json,john-mccain,true,0,fixed_split_train_test,1,0.6553238834513672,1,0.7519620459709352
7676.json,michael-chippendale,barely-true,1,fixed_split_train_test,0,0.5245115459058234,1,0.6927796818928913
1873.json,chain-email,false,1,fixed_split_train_test,1,0.6067113890821377,1,0.7548500360998824
2443.json,john-kasich,half-true,0,fixed_split_train_test,0,0.5164791528995303,0,0.6497147618862598
3841.json,tim-pawlenty,half-true,0,fixed_split_train_test,0,0.4049228256724463,0,0.6288334065309452
12284.json,bernie-s,mostly-true,0,fixed_split_train_test,0,0.5667013301632956,0,0.6728811002652649
7197.json,john-kitzhaber,mostly-true,0,fixed_split_train_test,1,0.5821551911176195,0,0.6681905700724481
12858.json,barack-obama,half-true,0,fixed_split_train_test,1,0.5770724518151036,0,0.6678019990204106
2633.json,mark-kirk,half-true,0,fixed_split_train_test,1,0.5733377055463266,0,0.6556409170217794
6041.json,jack-latvala,half-true,0,fixed_split_train_test,0,0.48106573708148903,0,0.638231945811039
3414.json,bernie-s,false,1,fixed_split_train_test,0,0.4629962049676135,0,0.6234526501195287
4323.json,thaddeus-mccotter,mostly-true,0,fixed_split_train_test,0,0.3868422594185037,0,0.4277550773274816
1679.json,robert-gates,half-true,0,fixed_split_train_test,1,0.6721650033594813,1,0.7408151906973991
275.json,rudy-giuliani,barely-true,1,fixed_split_train_test,0,0.4277933443559016,0,0.6554211421997403
13208.json,jason-kander,mostly-true,0,fixed_split_train_test,0,0.5568845556482108,1,0.7147662416106396
5911.json,rob-portman,half-true,0,fixed_split_train_test,1,0.6589815594806626,1,0.7394708275598321
4277.json,reince-priebus,false,1,fixed_split_train_test,0,0.40154467649501446,0,0.621224446336292
752.json,barack-obama,half-true,0,fixed_split_train_test,1,0.6065990170734656,0,0.6714060499126518
2601.json,kurt-schrader,false,1,fixed_split_train_test,1,0.5694978902150933,1,0.6915396084568916
1450.json,debra-medina,half-true,0,fixed_split_train_test,1,0.7677554332850814,1,0.8288064115578404
5653.json,andrew-napolitano,pants-fire,1,fixed_split_train_test,1,0.7723954501074309,1,0.7333953931336425
13046.json,yes-55,barely-true,1,fixed_split_train_test,1,0.7529284938423202,1,0.7548809668089816
3103.json,jamie-radtke,true,0,fixed_split_train_test,0,0.3795086006052106,0,0.5945919436174929
2894.json,glenn-beck,pants-fire,1,fixed_split_train_test,1,0.613441087155319,1,0.7561304589359967
1012.json,nancy-pelosi,false,1,fixed_split_train_test,1,0.6999416993324178,1,0.7115977748989931
9112.json,facebook-posts,false,1,fixed_split_train_test,0,0.5318379795427408,1,0.6970073771760984
2945.json,jack-kingston,mostly-true,0,fixed_split_train_test,1,0.5921066238119437,1,0.7752594165338502
9944.json,bob-goodlatte,true,0,fixed_split_train_test,0,0.5025576660891564,1,0.700312913271745
6839.json,tammy-baldwin,barely-true,1,fixed_split_train_test,1,0.6526133096909439,1,0.7605211939631713
3673.json,chris-larson,barely-true,1,fixed_split_train_test,1,0.6756874981976827,1,0.8089532136091466
13058.json,barack-obama,true,0,fixed_split_train_test,1,0.5736299667491149,0,0.638707467661418
3941.json,rob-portman,half-true,0,fixed_split_train_test,0,0.5075172962570332,0,0.6220821429074515
10917.json,bobby-jindal,false,1,fixed_split_train_test,1,0.7004255713469616,1,0.7635272482209395
13155.json,russ-feingold,false,1,fixed_split_train_test,0,0.5221205425338377,0,0.6719675814131061
9301.json,blog-posting,pants-fire,1,fixed_split_train_test,1,0.7635667065054432,1,0.8774366390969732
5486.json,silvestre-reyes,half-true,0,fixed_split_train_test,1,0.8106952466574331,1,0.7822796288469822
4579.json,american-crossroads,false,1,fixed_split_train_test,1,0.808577371352347,1,0.7954511073268509
10943.json,austin-scott,true,0,fixed_split_train_test,0,0.47004993246742505,0,0.5867492128124144
12728.json,rick-scott,false,1,fixed_split_train_test,1,0.7415081123076483,1,0.799762553357398
92.json,mitt-romney,half-true,0,fixed_split_train_test,1,0.5932864456379684,1,0.7118003559181185
11230.json,bobby-jindal,half-true,0,fixed_split_train_test,1,0.6921227523796283,1,0.6934063539868192
2720.json,american-federation-children,pants-fire,1,fixed_split_train_test,1,0.6541664137855726,1,0.6886690468864365
582.json,barack-obama,true,0,fixed_split_train_test,0,0.3404342915289868,0,0.5168704270545214
13227.json,donald-trump,false,1,fixed_split_train_test,1,0.7484487058806792,1,0.840366904090965
12052.json,marco-rubio,true,0,fixed_split_train_test,0,0.4859687330289346,0,0.6795249265160288
1010.json,barack-obama,half-true,0,fixed_split_train_test,0,0.5568368647874357,0,0.6503169993642537
1333.json,chain-email,true,0,fixed_split_train_test,0,0.1657080070412373,0,0.5345319113243914
2603.json,hank-gilbert,false,1,fixed_split_train_test,1,0.5971774062145365,0,0.6281936537408123
2731.json,barack-obama,mostly-true,0,fixed_split_train_test,0,0.4976120799428333,0,0.6293556381231563
3434.json,rick-perry,mostly-true,0,fixed_split_train_test,0,0.4817054883462021,0,0.6466443897585175
788.json,john-mccain,mostly-true,0,fixed_split_train_test,0,0.5550683981798532,1,0.7217974500108922
1691.json,julian-assange,half-true,0,fixed_split_train_test,1,0.6308495384536954,1,0.7415776599051103
605.json,john-mccain,false,1,fixed_split_train_test,1,0.6150571521099181,1,0.7107312917257014
6195.json,dan-ramos,false,1,fixed_split_train_test,0,0.23662171335723292,0,0.5524912236153112
1350.json,mitch-mcconnell,true,0,fixed_split_train_test,1,0.6969603799484545,1,0.7503839454570828
7706.json,sheldon-whitehouse,half-true,0,fixed_split_train_test,0,0.47292874152475783,0,0.6231278549351367
12037.json,ron-johnson,half-true,0,fixed_split_train_test,1,0.6760246725754402,1,0.7494273646144457
8710.json,brett-smiley,mostly-true,0,fixed_split_train_test,0,0.2318841464883858,0,0.4980883869772431
960.json,chuck-grassley,half-true,0,fixed_split_train_test,0,0.5675064196440283,0,0.631316142581536
10544.json,rudy-giuliani,false,1,fixed_split_train_test,0,0.5161296800803993,0,0.6502368277923553
4391.json,kinky-friedman,barely-true,1,fixed_split_train_test,0,0.44919813256959856,0,0.6256220327612387
13186.json,tim-kaine,half-true,0,fixed_split_train_test,0,0.5412473444220247,0,0.5943494230361729
9692.json,ed-macdougall,barely-true,1,fixed_split_train_test,1,0.8645359014570572,1,0.798866280378617
7401.json,peter-courtney,mostly-true,0,fixed_split_train_test,0,0.4291374021795494,0,0.625018194011181
13405.json,mike-pence,half-true,0,fixed_split_train_test,0,0.46280829741944146,0,0.6389463511616799
230.json,hillary-clinton,true,0,fixed_split_train_test,1,0.6819042130484924,0,0.6627871928332826
3037.json,tim-kaine,half-true,0,fixed_split_train_test,0,0.4033356446251236,0,0.5929798269271409
207.json,john-mccain,true,0,fixed_split_train_test,0,0.5661568569981388,1,0.713960988376882
3608.json,mike-ford,false,1,fixed_split_train_test,1,0.7993415251176763,1,0.7993527412693453
3789.json,ameripac,barely-true,1,fixed_split_train_test,1,0.5908389667238397,0,0.6255683121229131
7775.json,ron-meyer,half-true,0,fixed_split_train_test,0,0.33609848602590475,0,0.5786793162438888
12160.json,viral-media-reports,barely-true,1,fixed_split_train_test,1,0.7295034692555878,1,0.8049714452402117
12870.json,america-rising-now,barely-true,1,fixed_split_train_test,0,0.43758705181177154,0,0.5438453391936623
10069.json,debbie-wasserman-schultz,false,1,fixed_split_train_test,1,0.8322602808687036,1,0.8528863861742858
3366.json,ward-armstrong,true,0,fixed_split_train_test,0,0.43240008995503537,0,0.586302257612481
10806.json,john-taylor-2,true,0,fixed_split_train_test,0,0.4803243247689526,1,0.7123390448237243
9681.json,bryan-fischer,pants-fire,1,fixed_split_train_test,1,0.7724275829343864,1,0.902888698899333
1015.json,newt-gingrich,barely-true,1,fixed_split_train_test,0,0.5289439105110084,0,0.6604492609936977
13486.json,rush-limbaugh,half-true,0,fixed_split_train_test,1,0.8772973318531292,1,0.865173738017252
8798.json,bob-terry,false,1,fixed_split_train_test,0,0.4729387790545601,0,0.6011948534648555
2514.json,phil-gingrey,false,1,fixed_split_train_test,1,0.6011255862356996,0,0.6870674070164572
10633.json,glenn-beck,false,1,fixed_split_train_test,1,0.6021903426685308,1,0.7316883148556685
10883.json,rebecca-quigley,false,1,fixed_split_train_test,0,0.41542635081641555,0,0.5664248356630864
13213.json,kamala-harris,half-true,0,fixed_split_train_test,0,0.5683819904956783,0,0.6214164306555741
5698.json,barack-obama,half-true,0,fixed_split_train_test,1,0.6343582256354616,1,0.7172428374096628
11701.json,lamar-smith,false,1,fixed_split_train_test,1,0.6290546529522191,1,0.8044907998625425
2315.json,blanche-lincoln,barely-true,1,fixed_split_train_test,1,0.7691489758558052,1,0.8505043401769973
4626.json,no-casinos,mostly-true,0,fixed_split_train_test,0,0.36102712287875105,0,0.5636274866677545
11307.json,donald-trump,barely-true,1,fixed_split_train_test,1,0.6618784284443956,1,0.7906721955064713
11925.json,tim-mcginty,true,0,fixed_split_train_test,0,0.5327023444715553,0,0.6445390429974128
4259.json,richard-codey,true,0,fixed_split_train_test,0,0.48043951903805976,1,0.7342446091633854
5061.json,chris-christie,pants-fire,1,fixed_split_train_test,0,0.4566169931877635,0,0.6416663342796218
4141.json,ann-marie-buerkle,half-true,0,fixed_split_train_test,1,0.5842468216740707,1,0.7411636776981697
4175.json,debbie-wasserman-schultz,half-true,0,fixed_split_train_test,0,0.504847552506526,0,0.6542583103858646
9462.json,florida-democratic-party,mostly-true,0,fixed_split_train_test,0,0.4726790095198082,0,0.604162183341614
3987.json,democratic-congressional-campaign-committee,mostly-true,0,fixed_split_train_test,1,0.7570712286282271,1,0.7976050961151476
293.json,vietnam-veterans-against-john-mccain,pants-fire,1,fixed_split_train_test,1,0.7569946968171616,1,0.8311368239577188
7728.json,chris-christie,mostly-true,0,fixed_split_train_test,0,0.49577250852181504,0,0.6365115899267388
2117.json,susana-martinez,half-true,0,fixed_split_train_test,1,0.6497244898170591,1,0.7779611309362324
4825.json,democratic-national-committee,half-true,0,fixed_split_train_test,1,0.7536573395975067,1,0.7510603445812167
9516.json,greg-abbott,barely-true,1,fixed_split_train_test,1,0.8837651816869557,1,0.8545535475888207
12834.json,donald-trump,false,1,fixed_split_train_test,1,0.7002917577952623,1,0.8070308685353726
3980.json,piers-morgan,false,1,fixed_split_train_test,1,0.573956392131538,1,0.6991706260836809
3231.json,herman-cain,half-true,0,fixed_split_train_test,0,0.36149284883846355,0,0.6269383451000784
386.json,john-mccain,mostly-true,0,fixed_split_train_test,1,0.586577810534367,1,0.7074622048139353
11288.json,reid-ribble,half-true,0,fixed_split_train_test,1,0.8576244247457521,1,0.7909054516530397
660.json,mark-warner,half-true,0,fixed_split_train_test,1,0.6134022309777624,1,0.7188213707041192
1106.json,chain-email,true,0,fixed_split_train_test,0,0.5651306987647844,1,0.746031296949484
2105.json,rick-perry,false,1,fixed_split_train_test,1,0.7907945451881347,1,0.8785402626730182
446.json,focus-family-action,barely-true,1,fixed_split_train_test,1,0.6525697617343328,1,0.7562042140598223
10271.json,keisha-lance-bottoms,mostly-true,0,fixed_split_train_test,1,0.6486159495060958,1,0.7738290903953693
4866.json,republican-national-committee-republican,half-true,0,fixed_split_train_test,0,0.44307992856811,0,0.5829885067408476
8419.json,ted-cruz,false,1,fixed_split_train_test,0,0.4978040778346908,1,0.6886671717722899
3136.json,peter-kilmartin,half-true,0,fixed_split_train_test,0,0.46066995228064095,0,0.6424104718672574
12093.json,mark-herring,barely-true,1,fixed_split_train_test,0,0.35216806912203125,0,0.5606121735515491
317.json,bill-clinton,true,0,fixed_split_train_test,0,0.2452507867011017,0,0.4971093220533242
6295.json,josh-mandel,pants-fire,1,fixed_split_train_test,1,0.6561668595176754,1,0.7004568723048274
6610.json,bob-buckhorn,mostly-true,0,fixed_split_train_test,0,0.4082097023848212,0,0.5765321532789234
5597.json,susan-cole,true,0,fixed_split_train_test,0,0.43207062631742316,0,0.5386762238813596
1234.json,michael-moore,false,1,fixed_split_train_test,1,0.7025237675842076,1,0.7631911725716766
4995.json,jim-sensenbrenner,true,0,fixed_split_train_test,0,0.3639734198995224,0,0.6455005716560982
9095.json,facebook-posts,pants-fire,1,fixed_split_train_test,0,0.5369664793176626,0,0.6470712925785929
10451.json,john-boehner,half-true,0,fixed_split_train_test,1,0.594424062778565,1,0.6965278337822423
4679.json,rick-perry,half-true,0,fixed_split_train_test,0,0.29200417987071575,0,0.5666109253807177
6011.json,caroline-casagrande,mostly-true,0,fixed_split_train_test,0,0.3859483132193831,0,0.5722118532216712
255.json,chris-dodd,mostly-true,0,fixed_split_train_test,0,0.555434857824545,0,0.62001462280429
3664.json,victoria-taft,false,1,fixed_split_train_test,1,0.7155909616043051,1,0.9524702082273847
11262.json,eric-bolling,false,1,fixed_split_train_test,0,0.3675448317650999,0,0.46877101174403757
9388.json,mike-collins,barely-true,1,fixed_split_train_test,1,0.6028308708532347,1,0.6903650205401762
12596.json,hillary-clinton,barely-true,1,fixed_split_train_test,0,0.49138412660625885,0,0.6302794743021611
8689.json,dennis-hastert,half-true,0,fixed_split_train_test,1,0.8763619982432047,1,0.8461356850902614
13420.json,hillary-clinton,true,0,fixed_split_train_test,1,0.6929297173622909,0,0.6598508534759072
11911.json,marco-rubio,barely-true,1,fixed_split_train_test,0,0.3688321552815739,0,0.6112198501491023
5450.json,ron-paul,half-true,0,fixed_split_train_test,1,0.6718382045790202,1,0.7692131445962619
2993.json,rick-perry,mostly-true,0,fixed_split_train_test,0,0.49976190869230613,1,0.6953608482473284
3740.json,tim-kaine,half-true,0,fixed_split_train_test,0,0.1923276280826157,0,0.48023858232035743
12720.json,chris-christie,half-true,0,fixed_split_train_test,1,0.7369481471607536,1,0.7663601747110139
1653.json,democratic-national-committee,half-true,0,fixed_split_train_test,1,0.6412566811929866,0,0.6836327659543407
3731.json,barack-obama,true,0,fixed_split_train_test,0,0.2831928765918152,0,0.48724751512575143
8103.json,rick-kriseman,half-true,0,fixed_split_train_test,0,0.5219984269465789,0,0.503550179800145
1439.json,democratic-national-committee,half-true,0,fixed_split_train_test,0,0.4276875340124572,0,0.5747662485221304
5779.json,michael-adams,half-true,0,fixed_split_train_test,0,0.24296980866944184,0,0.41269578093919995
10567.json,thomas-tobin,false,1,fixed_split_train_test,0,0.3864785265775811,0,0.5818409284605983
10111.json,rick-scott,false,1,fixed_split_train_test,0,0.39174190217968224,0,0.6117061941361905
11256.json,viral-image,mostly-true,0,fixed_split_train_test,1,0.6459094751957056,1,0.7335122608218765
10543.json,scott-walker,false,1,fixed_split_train_test,1,0.7683657686773092,1,0.820493145992829
7904.json,scott-walker,barely-true,1,fixed_split_train_test,0,0.35641688302133073,0,0.5808731333749555
4709.json,allen-west,barely-true,1,fixed_split_train_test,1,0.6205564973050463,1,0.8099117978395671
8854.json,mary-burke,half-true,0,fixed_split_train_test,0,0.2692024288715335,0,0.48963322774000273
4116.json,john-boehner,false,1,fixed_split_train_test,1,0.696146839269077,1,0.767792621591326
5131.json,kriner-cash,mostly-true,0,fixed_split_train_test,0,0.3186536158746463,0,0.5279736715510995
11861.json,sarah-palin,false,1,fixed_split_train_test,1,0.7087424990472027,1,0.7228421018861229
9435.json,hillary-clinton,mostly-true,0,fixed_split_train_test,0,0.43698192787465656,0,0.5848183056802586
12805.json,joe-biden,mostly-true,0,fixed_split_train_test,1,0.6015617643510166,0,0.6722932889338983
9801.json,gina-raimondo,true,0,fixed_split_train_test,0,0.5385599176571524,0,0.6729250972875405
2195.json,rick-perry,false,1,fixed_split_train_test,1,0.8411679754146227,1,0.8278494839868814
11370.json,espn,mostly-true,0,fixed_split_train_test,0,0.39929804944414216,0,0.5651517231406874
9771.json,nextgen-climate,half-true,0,fixed_split_train_test,1,0.5763477073584933,0,0.6519654072473551
3676.json,adam-hasner,mostly-true,0,fixed_split_train_test,1,0.718429914749926,1,0.760568247177136
4615.json,tom-kean-jr,half-true,0,fixed_split_train_test,0,0.4520150043877436,0,0.5811636686046577
7742.json,metro,false,1,fixed_split_train_test,0,0.5545762164944158,1,0.7158748378865192
2394.json,republican-governors-association,half-true,0,fixed_split_train_test,1,0.6839889718960156,1,0.7008163950761462
817.json,republican-national-committee-republican,pants-fire,1,fixed_split_train_test,1,0.742502142111704,1,0.7003846904219024
13051.json,paul-wolfowitz,barely-true,1,fixed_split_train_test,1,0.700156436587743,0,0.6352243510197896
11345.json,tammy-baldwin,half-true,0,fixed_split_train_test,1,0.5904687493554265,0,0.6838804127906443
7387.json,marco-rubio,barely-true,1,fixed_split_train_test,0,0.501497160426404,0,0.686973913332938
4400.json,new-hampshire-democratic-party,half-true,0,fixed_split_train_test,1,0.6304624302092375,1,0.7237645784057445
3541.json,armond-budish,half-true,0,fixed_split_train_test,0,0.4950182537212972,0,0.6348550353381689
12187.json,rick-scotts-starbucks-heckler,half-true,0,fixed_split_train_test,1,0.7385218422913903,1,0.8159173814216162
7340.json,barack-obama,true,0,fixed_split_train_test,0,0.48942974231919223,0,0.5623948632834479
10355.json,hank-huckaby,true,0,fixed_split_train_test,0,0.3529773964160595,0,0.5081424122927573
10467.json,rick-perry,half-true,0,fixed_split_train_test,0,0.44192387838267555,0,0.5948068794343612
8089.json,oregon-catalyst,false,1,fixed_split_train_test,1,0.773784268366448,1,0.7776695984768208
12526.json,larry-yarborough,mostly-true,0,fixed_split_train_test,1,0.6693061648845142,1,0.7760547276040908
10898.json,al-sharpton,barely-true,1,fixed_split_train_test,1,0.717404795606385,1,0.7629659002262925
7541.json,chris-christie,half-true,0,fixed_split_train_test,0,0.5468048147536211,0,0.6817103711705345
7136.json,john-kitzhaber,barely-true,1,fixed_split_train_test,0,0.5499930469532802,0,0.6594287664891609
6325.json,michael-bloomberg,half-true,0,fixed_split_train_test,0,0.46362383631911563,0,0.6465812276431094
12855.json,richard-durbin,true,0,fixed_split_train_test,0,0.21741855713642522,0,0.4297940825374199
10512.json,leonidas-raptakis,false,1,fixed_split_train_test,0,0.4797884776290131,0,0.633208291281057
12336.json,colorado-health-institute,mostly-true,0,fixed_split_train_test,0,0.4518134750796347,0,0.5626671515567949
11726.json,dan-patrick,barely-true,1,fixed_split_train_test,0,0.3694287274920117,0,0.5572910617675645
3904.json,brian-deese,half-true,0,fixed_split_train_test,0,0.48528935419678343,0,0.6283259772929951
6774.json,national-rifle-association,mostly-true,0,fixed_split_train_test,1,0.6002453372142957,1,0.7021731631877467
1324.json,rachel-maddow,barely-true,1,fixed_split_train_test,1,0.6637715957468188,1,0.7129813303509079
6813.json,paul-ryan,barely-true,1,fixed_split_train_test,1,0.6451151170604896,1,0.750127657138209
9737.json,dbanj,false,1,fixed_split_train_test,0,0.5507760441414096,1,0.7710943863924171
6366.json,scott-garrett,barely-true,1,fixed_split_train_test,1,0.7054391034821808,1,0.7709940612520674
9316.json,harry-reid,mostly-true,0,fixed_split_train_test,0,0.3032026138037619,0,0.5707620683788734
992.json,barack-obama,mostly-true,0,fixed_split_train_test,0,0.2699837397812674,0,0.4722321938058497
699.json,john-mccain,half-true,0,fixed_split_train_test,1,0.66731116690602,1,0.7922645510092269
9033.json,rob-portman,true,0,fixed_split_train_test,0,0.3518746426618549,0,0.5245732034087667
5950.json,mitt-romney,true,0,fixed_split_train_test,1,0.6336918347669944,0,0.6787809774072469
10041.json,dan-patrick,half-true,0,fixed_split_train_test,1,0.7110577450713468,1,0.7500018416096854
5528.json,paul-sadler,true,0,fixed_split_train_test,1,0.5771905548831212,0,0.6420175672432779
8414.json,rick-kriseman,false,1,fixed_split_train_test,0,0.46888491588315073,0,0.5798736387306254
4189.json,national-republican-congressional-committee,false,1,fixed_split_train_test,1,0.7736790301198705,1,0.8019745198262922
9333.json,sean-hannity,half-true,0,fixed_split_train_test,1,0.8754823481076839,1,0.8574418128184242
9052.json,david-dewhurst,mostly-true,0,fixed_split_train_test,1,0.6449604174576046,1,0.762385629565174
12478.json,sharron-angle,barely-true,1,fixed_split_train_test,0,0.37785903220414613,0,0.5822217905332108
1405.json,glenn-beck,barely-true,1,fixed_split_train_test,0,0.2875779417353785,0,0.5499564754546592
3235.json,barack-obama,false,1,fixed_split_train_test,1,0.7229862669955094,1,0.7494856157941723
1514.json,alex-sink,barely-true,1,fixed_split_train_test,1,0.6930252544467768,0,0.6626700552082675
6919.json,tim-kaine,barely-true,1,fixed_split_train_test,0,0.4470345306444382,0,0.5935466332023277
9774.json,republican-party-florida,false,1,fixed_split_train_test,1,0.7588176518765719,1,0.8337873724027473
5640.json,chain-email,barely-true,1,fixed_split_train_test,1,0.779663307589135,1,0.8798045281597393
9444.json,mary-burke,barely-true,1,fixed_split_train_test,1,0.6796944681852446,1,0.7301732849262189
12449.json,kelly-ayotte,mostly-true,0,fixed_split_train_test,0,0.5462706427797073,0,0.6602643670255453
4432.json,dan-ramos,mostly-true,0,fixed_split_train_test,0,0.5659103041451787,1,0.6920637755992698
5749.json,greg-abbott,half-true,0,fixed_split_train_test,0,0.5315728360775004,0,0.665427035613337
8192.json,rene-garcia,barely-true,1,fixed_split_train_test,0,0.3991506778591532,0,0.6480759600491438
7886.json,christine-whitman,mostly-true,0,fixed_split_train_test,0,0.5025597367100219,1,0.7042132845341162
9431.json,americans-safe-access,barely-true,1,fixed_split_train_test,1,0.6824671646375807,1,0.6981672798480063
7721.json,bob-goodlatte,half-true,0,fixed_split_train_test,0,0.5340694859410564,0,0.6731003141678259
2616.json,christine-odonnell,pants-fire,1,fixed_split_train_test,1,0.8103491908572751,1,0.8345873798318266
2122.json,americans-job-security,half-true,0,fixed_split_train_test,1,0.63705355752668,1,0.7348289520919195
1280.json,charlie-crist,barely-true,1,fixed_split_train_test,0,0.5007627554717271,0,0.6069443770594967
2477.json,steve-southerland,false,1,fixed_split_train_test,1,0.5736653130531678,1,0.7299251809431015
6123.json,eric-hovde,false,1,fixed_split_train_test,1,0.5983891059181022,0,0.6671584341549346
7814.json,new-jersey-state-afl-cio,mostly-true,0,fixed_split_train_test,1,0.5794652414957097,0,0.6589130923334292
901.json,spencer-bachus,false,1,fixed_split_train_test,0,0.4207052330461019,0,0.6369777236411024
6720.json,rob-zerban,false,1,fixed_split_train_test,1,0.572842781220743,0,0.650587848473176
4628.json,hank-johnson,mostly-true,0,fixed_split_train_test,0,0.30058742587748394,0,0.5960741810859733
11303.json,jay-nixon,mostly-true,0,fixed_split_train_test,0,0.22339130136297142,0,0.5412737792897535
2986.json,talgo-inc,true,0,fixed_split_train_test,1,0.7030894554439537,1,0.8155006502671674
10783.json,representus,mostly-true,0,fixed_split_train_test,0,0.47427466744701224,0,0.6591419835321038
13350.json,patrick-murphy,half-true,0,fixed_split_train_test,1,0.6455525893673839,1,0.7484897553736355
258.json,mitt-romney,true,0,fixed_split_train_test,1,0.6350887303730264,1,0.7089608706760266
1248.json,michael-moore,mostly-true,0,fixed_split_train_test,0,0.47000932364321796,0,0.6137692818870477
10450.json,rand-paul,half-true,0,fixed_split_train_test,0,0.43729971899508996,0,0.6284217065009207
8758.json,barack-obama,half-true,0,fixed_split_train_test,0,0.473284173575283,0,0.5925912107473518
4442.json,ron-paul,half-true,0,fixed_split_train_test,0,0.552212414806422,0,0.6741897978131273
7930.json,pete-gallego,true,0,fixed_split_train_test,0,0.51323411310606,0,0.6517192468466201
12122.json,paul-ryan,mostly-true,0,fixed_split_train_test,1,0.624479575849193,0,0.6879609077779101
6678.json,leonard-lance,true,0,fixed_split_train_test,0,0.4068432203045001,0,0.61378620988129
9957.json,facebook-posts,pants-fire,1,fixed_split_train_test,0,0.4937896507914649,1,0.7057746030871612
7111.json,sam-adams,barely-true,1,fixed_split_train_test,1,0.6096159544167029,0,0.6501962997391839
9235.json,blog-posting,pants-fire,1,fixed_split_train_test,1,0.9227285355576649,1,0.9872437576354022
1243.json,barney-bishop,false,1,fixed_split_train_test,0,0.5604974762452519,1,0.6970086529503438
5693.json,kathleen-falk,false,1,fixed_split_train_test,1,0.7216706165387813,1,0.73540878268612
2305.json,john-boehner,true,0,fixed_split_train_test,1,0.7189021348914455,1,0.7521743673265079
2040.json,george-will,barely-true,1,fixed_split_train_test,0,0.5181934180440289,0,0.6277692097022398
9192.json,progressive-choice,true,0,fixed_split_train_test,1,0.8533850680382029,1,0.8053389078332477
11375.json,glenn-hegar,true,0,fixed_split_train_test,0,0.5562293298483877,1,0.7012363765891185
9674.json,jeb-bush,mostly-true,0,fixed_split_train_test,0,0.5068080274266779,0,0.6412118131821001
3369.json,sam-adams,half-true,0,fixed_split_train_test,1,0.6464385868559911,1,0.6991011756474912
8855.json,wendy-davis,mostly-true,0,fixed_split_train_test,0,0.4583936534569526,0,0.631846517565
1641.json,michele-bachmann,false,1,fixed_split_train_test,1,0.7075190891958478,1,0.7822819901894609
9080.json,greg-morris,true,0,fixed_split_train_test,1,0.5878495894548309,1,0.6927668427322131
4233.json,jennifer-granholm,mostly-true,0,fixed_split_train_test,0,0.3806233499332876,0,0.5725332284802735
12952.json,donald-trump,barely-true,1,fixed_split_train_test,0,0.5638053132499651,1,0.7088711704667746
2135.json,lincoln-chafee,false,1,fixed_split_train_test,1,0.6652542117127943,1,0.7030144096952974
7696.json,mark-pocan,barely-true,1,fixed_split_train_test,0,0.4890397119149784,0,0.6817569320293947
11751.json,barack-obama,mostly-true,0,fixed_split_train_test,0,0.42277128333207187,0,0.598790196758092
2187.json,michael-bloomberg,false,1,fixed_split_train_test,0,0.3309758766173656,0,0.5916655284359444
3196.json,rick-scott,false,1,fixed_split_train_test,0,0.5273342062495838,0,0.6558474773601495
6263.json,ovide-lamontagne,half-true,0,fixed_split_train_test,0,0.3979705931051251,0,0.593093954691832
2774.json,scott-walker,half-true,0,fixed_split_train_test,1,0.7000870621166304,1,0.7723867635722803
6555.json,teresa-fedor,true,0,fixed_split_train_test,1,0.5867894350423499,0,0.6715366812605261
8961.json,david-brooks,half-true,0,fixed_split_train_test,0,0.4795177961913689,0,0.685308213693558
8011.json,elliott-naishtat,true,0,fixed_split_train_test,0,0.45607172118471423,0,0.5735772234220226
1290.json,ginny-brown-waite,barely-true,1,fixed_split_train_test,1,0.6291626672891134,1,0.6976712770158534
9151.json,michael-mccaul,true,0,fixed_split_train_test,0,0.5669257097054939,1,0.7062962390242157
11625.json,greg-abbott,mostly-true,0,fixed_split_train_test,0,0.389348405316017,0,0.5976612245823233
7426.json,bill-jackson,pants-fire,1,fixed_split_train_test,0,0.5256695038551378,1,0.689128903589425
1462.json,kay-bailey-hutchison,mostly-true,0,fixed_split_train_test,1,0.8141298134924922,1,0.8113088506457495
1777.json,john-cornyn,true,0,fixed_split_train_test,1,0.7571163724095257,1,0.7888873736547823
12982.json,reince-priebus,half-true,0,fixed_split_train_test,1,0.6618501630970128,1,0.7806220336771991
6015.json,reince-priebus,false,1,fixed_split_train_test,0,0.46924920851663887,0,0.6276167672092531
12520.json,hillary-clinton,true,0,fixed_split_train_test,0,0.4877306605179372,0,0.6239707849100118
8944.json,lawrence-odonnell,mostly-true,0,fixed_split_train_test,1,0.6660900515868431,0,0.6748015397751796
6035.json,eric-fehrnstrom,half-true,0,fixed_split_train_test,0,0.4933545315531512,0,0.6154119582770318
10309.json,michael-needham,mostly-true,0,fixed_split_train_test,0,0.5682368335008958,0,0.6789741847589629
7336.json,texas-federation-republican-women,barely-true,1,fixed_split_train_test,1,0.5801198375498292,1,0.7258836917323499
7726.json,ed-fitzgerald,false,1,fixed_split_train_test,1,0.7378412956818846,1,0.6991375203707432
12768.json,kirsten-gillibrand,mostly-true,0,fixed_split_train_test,0,0.5602659898017676,0,0.6432654467265901
12012.json,chris-koster,mostly-true,0,fixed_split_train_test,0,0.41436743514618246,0,0.589188554745817
5710.json,joe-biden,false,1,fixed_split_train_test,1,0.6493564180182567,1,0.7026406596071852
376.json,barack-obama,half-true,0,fixed_split_train_test,1,0.5859629602999685,0,0.6819140141291153
4198.json,ohio-democratic-party,pants-fire,1,fixed_split_train_test,1,0.6803178113448448,1,0.7312352181227951
4901.json,florida-democratic-party,barely-true,1,fixed_split_train_test,1,0.7290089033997582,1,0.7781079780859909
7806.json,leah-vukmir,false,1,fixed_split_train_test,1,0.6828701461740533,1,0.741711296096724
12537.json,donald-trump,false,1,fixed_split_train_test,1,0.5780764683700812,1,0.7092488599446395
3593.json,rick-scott,mostly-true,0,fixed_split_train_test,0,0.40875683483749137,0,0.5094215577321192
9779.json,occupy-democrats,pants-fire,1,fixed_split_train_test,1,0.6446349405549211,1,0.7233739168595108
8990.json,john-kerry,mostly-true,0,fixed_split_train_test,1,0.7579330486735074,1,0.7925369442808372
3979.json,george-allen,false,1,fixed_split_train_test,1,0.696533417516433,1,0.7644436167516684
10897.json,rick-perry,true,0,fixed_split_train_test,0,0.44904429101807253,0,0.6195044568093429
4841.json,eileen-brady,mostly-true,0,fixed_split_train_test,1,0.6301888647822463,1,0.7790549498723046
2570.json,russ-feingold,half-true,0,fixed_split_train_test,0,0.48941241465490093,0,0.6427844076255393
4068.json,lisa-hamler-fugitt,mostly-true,0,fixed_split_train_test,0,0.10145534881483309,0,0.4082267647324359
12301.json,john-oliver,mostly-true,0,fixed_split_train_test,0,0.49791554353129575,1,0.7183943958576408
7236.json,rick-scott,half-true,0,fixed_split_train_test,0,0.3207657376117764,0,0.5195657175997275
6571.json,chris-christie,half-true,0,fixed_split_train_test,0,0.4214154049979147,0,0.5805259646649472
2640.json,chuck-riley,false,1,fixed_split_train_test,1,0.7298706301187738,1,0.7435875598035561
13512.json,blog-posting,pants-fire,1,fixed_split_train_test,1,0.6235605415808434,1,0.8022915065378178
166.json,mitt-romney,half-true,0,fixed_split_train_test,0,0.5481576881353702,0,0.6768438305808245
7329.json,mayors-against-illegal-guns,half-true,0,fixed_split_train_test,0,0.42566171758396104,0,0.5997817896365132
13385.json,donald-trump,mostly-true,0,fixed_split_train_test,0,0.46509731768947365,0,0.6755507600000243
7827.json,meals-wheels-rhode-island,barely-true,1,fixed_split_train_test,0,0.48183050387948434,0,0.6462900080080201
11670.json,american-action-network,barely-true,1,fixed_split_train_test,0,0.4121696267425296,0,0.590714437887662
13029.json,national-republican-senatorial-committee,barely-true,1,fixed_split_train_test,1,0.6494981528211681,1,0.7133445014253887
9937.json,jeanne-shaheen,mostly-true,0,fixed_split_train_test,0,0.3084253648836565,0,0.538044469421587
2811.json,mark-warner,mostly-true,0,fixed_split_train_test,0,0.469013511423978,0,0.6160740292442587
6333.json,chris-christie,false,1,fixed_split_train_test,0,0.43855358772068853,0,0.6163044103673598
5124.json,restore-our-future,pants-fire,1,fixed_split_train_test,1,0.6788211334333502,1,0.7548397083394062
66.json,john-edwards,true,0,fixed_split_train_test,0,0.49466062385544396,0,0.5930757081380931
5403.json,bruce-starr,mostly-true,0,fixed_split_train_test,0,0.3682958249534883,0,0.6368451002342569
9437.json,scott-walker,half-true,0,fixed_split_train_test,1,0.7585517332651512,1,0.77832366743257
235.json,john-mccain,true,0,fixed_split_train_test,0,0.518271882788814,1,0.7069634963304046
793.json,barack-obama,half-true,0,fixed_split_train_test,1,0.6490193637943023,1,0.7358259269751571
11080.json,rick-perry,barely-true,1,fixed_split_train_test,0,0.2687453632869517,0,0.5436577244197892
9489.json,scott-walker,false,1,fixed_split_train_test,1,0.6855569979619331,1,0.7267926879023455
1444.json,barack-obama,mostly-true,0,fixed_split_train_test,0,0.4516357429997066,0,0.6121480339979962
2484.json,alan-grayson,half-true,0,fixed_split_train_test,1,0.661317692149208,1,0.7519180875822687
5836.json,mary-nolan,half-true,0,fixed_split_train_test,1,0.6074070569519575,1,0.7017438521326276
12.json,mike-huckabee,false,1,fixed_split_train_test,1,0.6411369079018903,0,0.6871472049078965
11588.json,viral-media-reports,false,1,fixed_split_train_test,1,0.651049757208416,1,0.7597490642326595
6264.json,eric-cantor,barely-true,1,fixed_split_train_test,0,0.5359105378622016,1,0.7140579442840638
13324.json,donald-trump,mostly-true,0,fixed_split_train_test,1,0.8116734883894777,1,0.8444253127902777
5230.json,nathan-deal,true,0,fixed_split_train_test,0,0.43724228498124634,0,0.5732993722767877
8519.json,americans-prosperity,false,1,fixed_split_train_test,1,0.6978964616744071,1,0.7279252640091693
6900.json,karen-huber,half-true,0,fixed_split_train_test,1,0.8286290009970241,1,0.853174906241164
10524.json,lloyd-doggett,true,0,fixed_split_train_test,1,0.6296581842970301,0,0.6399884367013824
12599.json,thomas-perez,true,0,fixed_split_train_test,0,0.42535939993046074,0,0.6293860796334607
917.json,eric-cantor,false,1,fixed_split_train_test,1,0.5898224868216071,1,0.7405831813382366
8336.json,grover-fugate,true,0,fixed_split_train_test,0,0.5061596139300204,1,0.6983405306571896
6811.json,barack-obama,mostly-true,0,fixed_split_train_test,0,0.5629014038575861,0,0.6529980288541717
7084.json,dan-patrick,true,0,fixed_split_train_test,0,0.4389173506086931,0,0.6345540772646561
7900.json,john-nygren,half-true,0,fixed_split_train_test,1,0.6383406326198583,1,0.7059486851870527
9323.json,julian-castro,true,0,fixed_split_train_test,1,0.7786500769480117,1,0.7500153904532944
1460.json,bill-white,true,0,fixed_split_train_test,0,0.29253760343937973,0,0.5716860857894058
7607.json,john-kasich,pants-fire,1,fixed_split_train_test,0,0.43451402898113395,0,0.5984778987618128
1061.json,lynn-westmoreland,barely-true,1,fixed_split_train_test,0,0.5619031655324832,0,0.6735504296388097
12321.json,pat-mccrory,true,0,fixed_split_train_test,0,0.15996985743263484,0,0.49320131188552924
6473.json,stephanie-cutter,true,0,fixed_split_train_test,0,0.46408815613846816,1,0.6923400075028929
12546.json,blog-posting,false,1,fixed_split_train_test,1,0.8315576020082627,1,0.9089845340503527
2877.json,scott-walker,false,1,fixed_split_train_test,1,0.7065665891701213,1,0.7685567427112788
9432.json,rachel-maddow,mostly-true,0,fixed_split_train_test,1,0.6189915997986541,0,0.6834337095785995
7145.json,john-kitzhaber,true,0,fixed_split_train_test,0,0.4090633512956932,0,0.5820916751547625
2760.json,sierra-club,barely-true,1,fixed_split_train_test,0,0.4446727986324303,0,0.6208993410429215
6945.json,crossroads-gps,barely-true,1,fixed_split_train_test,1,0.7517833258081559,1,0.7846837857570025
4899.json,newt-gingrich,false,1,fixed_split_train_test,1,0.5993015884801433,1,0.7621997982604057
10906.json,facebook-posts,pants-fire,1,fixed_split_train_test,1,0.6137178209060994,1,0.7245346101474882
3885.json,new-jersey-sierra-club,half-true,0,fixed_split_train_test,0,0.3385970525822328,0,0.4772190074840447
11150.json,centers-disease-control,true,0,fixed_split_train_test,1,0.6667627115634002,1,0.7931766515569847
6953.json,bill-nelson,half-true,0,fixed_split_train_test,1,0.7091015803758531,1,0.7443042438637081
5510.json,steve-rothman,mostly-true,0,fixed_split_train_test,0,0.36932300056846196,0,0.6095596056830335
3455.json,robin-wright,true,0,fixed_split_train_test,1,0.638037993480516,1,0.6902803072133403
10061.json,rick-scott,half-true,0,fixed_split_train_test,1,0.5998115537930054,1,0.7202286196560435
9927.json,julie-pace,mostly-true,0,fixed_split_train_test,1,0.6683786262560442,1,0.7297678311038273
2316.json,charlie-crist,mostly-true,0,fixed_split_train_test,0,0.31507815577106196,0,0.47518481937467516
11276.json,ron-bergeron,mostly-true,0,fixed_split_train_test,0,0.36168261411748165,0,0.636623370878715
1497.json,eve-schatelowitz-alcantar,false,1,fixed_split_train_test,0,0.4574052964237136,0,0.6377271662314293
4337.json,ron-kind,half-true,0,fixed_split_train_test,0,0.27912655066831715,0,0.5577024885726337
4543.json,bill-oreilly,barely-true,1,fixed_split_train_test,1,0.643206803623762,1,0.7940633971847555
5091.json,jon-huntsman,false,1,fixed_split_train_test,1,0.8074814769229618,1,0.8043347786066243
40.json,democratic-national-committee,true,0,fixed_split_train_test,1,0.5761429205925997,0,0.641247696715637
2852.json,sherrod-brown,mostly-true,0,fixed_split_train_test,0,0.35847655584155236,0,0.5284546591197193
2506.json,scott-bruun,barely-true,1,fixed_split_train_test,1,0.6401066049969594,1,0.7395793893603846
4212.json,john-kasich,true,0,fixed_split_train_test,1,0.7217848438700976,1,0.7631777402331994
10474.json,greg-abbott,half-true,0,fixed_split_train_test,0,0.43956821334292034,0,0.6680793709453188
10117.json,rick-scott,half-true,0,fixed_split_train_test,0,0.5074442754707125,0,0.6596871773022404
7877.json,john-lewis,mostly-true,0,fixed_split_train_test,0,0.3959012066834326,0,0.5502270931839698
12051.json,ted-cruz,mostly-true,0,fixed_split_train_test,1,0.6129383771705551,1,0.7474932757840423
3957.json,national-republican-senatorial-committee,false,1,fixed_split_train_test,1,0.6885840750229717,1,0.768975312363146
10893.json,jeb-bush,mostly-true,0,fixed_split_train_test,0,0.31097795838568737,0,0.5532413425138273
1623.json,charlie-crist,true,0,fixed_split_train_test,0,0.41513168217501434,0,0.5344032578701436
6428.json,salmon-all,half-true,0,fixed_split_train_test,1,0.6590415728512704,1,0.7235938638762508
4287.json,greater-wisconsin-political-fund,half-true,0,fixed_split_train_test,1,0.6220504631143068,0,0.6805281718725409
9793.json,ending-spending-action-fund,barely-true,1,fixed_split_train_test,1,0.6573402456833338,1,0.7493850927566652
2910.json,donald-carcieri,mostly-true,0,fixed_split_train_test,1,0.5722428615003182,0,0.6803605478793194
4653.json,barack-obama,true,0,fixed_split_train_test,1,0.6330221904101347,1,0.6973856175667523
12279.json,robby-mook,mostly-true,0,fixed_split_train_test,0,0.5469030300216036,0,0.6547627367642098
6982.json,barack-obama,half-true,0,fixed_split_train_test,1,0.5809662968701608,0,0.6781800862903429
11802.json,bernie-s,mostly-true,0,fixed_split_train_test,1,0.5960754918902464,1,0.7100379093542942
4609.json,mitt-romney,false,1,fixed_split_train_test,1,0.6217591685005883,1,0.7147264024316196
8115.json,michelle-nunn,true,0,fixed_split_train_test,0,0.4928834454190122,0,0.6015772398382998
11296.json,viral-image,false,1,fixed_split_train_test,1,0.5930252485011384,0,0.6535331821432435
9093.json,rick-scott,barely-true,1,fixed_split_train_test,1,0.689763812456304,1,0.7543308563938027
10799.json,anonymous-cyber-squatter,half-true,0,fixed_split_train_test,1,0.5807768308506622,0,0.6777317688976281
9383.json,dawson-hodgson,barely-true,1,fixed_split_train_test,1,0.6660113951041762,1,0.6971070307392851
12009.json,mitt-romney,false,1,fixed_split_train_test,0,0.5481019362827028,0,0.6316720751250199
7223.json,kenneth-block,mostly-true,0,fixed_split_train_test,0,0.4172729139996063,0,0.5969986766861205
11118.json,john-oliver,true,0,fixed_split_train_test,0,0.563874685382182,1,0.7250799857363014
3381.json,rick-scott,mostly-true,0,fixed_split_train_test,0,0.4518765866700399,0,0.6240450352629165
7244.json,dawson-hodgson,false,1,fixed_split_train_test,0,0.4602037376553718,0,0.5644227068135897
2581.json,julie-lassa,barely-true,1,fixed_split_train_test,1,0.6126790595472468,1,0.6997875117107513
2958.json,city-beaverton,false,1,fixed_split_train_test,0,0.29630618386225177,0,0.4833692018299706
12179.json,blog-posting,pants-fire,1,fixed_split_train_test,1,0.6905018334326896,1,0.8452054062219198
11373.json,viral-image,barely-true,1,fixed_split_train_test,1,0.6977082206885631,1,0.7367785140237937
2114.json,georgia-politicians,barely-true,1,fixed_split_train_test,1,0.5933816416453258,0,0.583439922535029
9588.json,david-perdue,half-true,0,fixed_split_train_test,1,0.5995735386637782,0,0.6848904488536731
3430.json,eric-cantor,half-true,0,fixed_split_train_test,1,0.7570498932246333,1,0.8232824426179219
9364.json,angel-taveras,barely-true,1,fixed_split_train_test,0,0.51616387288157,0,0.6359674737025686
10695.json,rick-santorum,true,0,fixed_split_train_test,0,0.4480016692270927,0,0.6333521796962831
1158.json,anthony-weiner,barely-true,1,fixed_split_train_test,1,0.5951804389869837,1,0.7202247544035402
5848.json,bill-johnson,false,1,fixed_split_train_test,1,0.7420800382223842,1,0.7728773772065315
10561.json,tom-graves,half-true,0,fixed_split_train_test,1,0.7773597300661577,1,0.8302317188741677
512.json,barack-obama,true,0,fixed_split_train_test,0,0.33154121917629364,0,0.5567378461566799
5815.json,steve-rothman,barely-true,1,fixed_split_train_test,0,0.4101196758519461,0,0.6294749724886116
12906.json,paul-manafort,half-true,0,fixed_split_train_test,0,0.5140622566960489,0,0.6393776156916157
7909.json,barry-bone,true,0,fixed_split_train_test,1,0.6354253964666069,0,0.6812449607877248
7044.json,voters-first-ohio,barely-true,1,fixed_split_train_test,1,0.6300950488560209,0,0.6501536370840375
11284.json,jeb-bush,half-true,0,fixed_split_train_test,0,0.35844879609044344,0,0.5695439422551489
11761.json,ted-cruz,true,0,fixed_split_train_test,0,0.5305813539574558,1,0.6887823099762064
13291.json,catherine-cortez-masto,half-true,0,fixed_split_train_test,1,0.862033829170555,1,0.935168100420205
6933.json,mitt-romney,half-true,0,fixed_split_train_test,0,0.5071058533972121,0,0.6608298471631845
9916.json,pam-bondi,mostly-true,0,fixed_split_train_test,1,0.59958445542547,0,0.6073685173551903
9248.json,alicia-menendez,true,0,fixed_split_train_test,0,0.2470885197751465,0,0.4629917707096185
544.json,joe-biden,barely-true,1,fixed_split_train_test,1,0.625310448008549,0,0.6512308370688604
3679.json,john-kasich,false,1,fixed_split_train_test,1,0.8142483220690965,1,0.788230626611976
11825.json,paul-saldana,half-true,0,fixed_split_train_test,0,0.5247429619844987,0,0.5897015557717662
7420.json,josh-mandel,mostly-true,0,fixed_split_train_test,1,0.7195428078700389,1,0.7716792982051123
2723.json,ted-strickland,pants-fire,1,fixed_split_train_test,1,0.6113148543833727,1,0.719278571971134
5530.json,johnny-isakson,barely-true,1,fixed_split_train_test,1,0.6099017466528837,0,0.6632103561840329
4617.json,michele-bachmann,half-true,0,fixed_split_train_test,0,0.35171885960304466,0,0.5584935711449724
4498.json,rush-holt,true,0,fixed_split_train_test,0,0.3899904461466386,0,0.5680996318600529
2994.json,boyd-richie,barely-true,1,fixed_split_train_test,1,0.6669483876406795,1,0.8005100594349494
1184.json,charles-boustany,barely-true,1,fixed_split_train_test,1,0.8605682820655668,1,0.8747166132747617
11169.json,marco-rubio,mostly-true,0,fixed_split_train_test,1,0.8030672252301863,1,0.8144190576398305
8924.json,david-perdue,mostly-true,0,fixed_split_train_test,0,0.27101445117873424,0,0.46975377512855115
3194.json,chris-abele,false,1,fixed_split_train_test,1,0.6012168532242497,1,0.7331853786639244
985.json,rachel-maddow,false,1,fixed_split_train_test,1,0.7617977993586009,1,0.7906505626229204
7379.json,barack-obama,mostly-true,0,fixed_split_train_test,0,0.5145756293573066,0,0.5880110813237692
2926.json,ted-poe,barely-true,1,fixed_split_train_test,0,0.44321181467896476,0,0.655965378202112
5283.json,phil-gingrey,half-true,0,fixed_split_train_test,0,0.5061518047046809,0,0.6748638291684828
4204.json,tom-leppert,false,1,fixed_split_train_test,1,0.9585338780191566,1,0.8902662547861044
7288.json,terry-mcauliffe,false,1,fixed_split_train_test,1,0.6827730134533515,1,0.7912638884892456
10223.json,russ-girling,false,1,fixed_split_train_test,1,0.6086500058317219,0,0.5981369676819982
4526.json,mike-mccabe,false,1,fixed_split_train_test,1,0.6769843008873792,1,0.8068956402418453
10493.json,ted-cruz,mostly-true,0,fixed_split_train_test,1,0.9378656151219197,1,0.921689948168705
6812.json,americans-tax-reform,barely-true,1,fixed_split_train_test,1,0.5883060604307799,1,0.7297329466900176
13214.json,oxfam-america,mostly-true,0,fixed_split_train_test,0,0.2834501912717177,0,0.5022692729768102
12662.json,charles-ramsey,mostly-true,0,fixed_split_train_test,0,0.43773899317667364,0,0.5892533160295182
3933.json,rick-santorum,false,1,fixed_split_train_test,0,0.513390571285271,0,0.6731762550501694
7268.json,scott-walker,mostly-true,0,fixed_split_train_test,0,0.1926124844815497,0,0.5064742041449236
2717.json,marco-rubio,half-true,0,fixed_split_train_test,0,0.2765277304798502,0,0.5292659730959469
2252.json,tim-kaine,half-true,0,fixed_split_train_test,1,0.5784247768211294,0,0.6851219065550552
3029.json,scott-walker,mostly-true,0,fixed_split_train_test,1,0.5820512861621282,1,0.7222028842462123
3471.json,jeff-stone,half-true,0,fixed_split_train_test,1,0.6129118739540453,1,0.8059437521885842
3710.json,nathan-deal,true,0,fixed_split_train_test,0,0.18751785002808144,0,0.4646346856133864
1855.json,bill-white,mostly-true,0,fixed_split_train_test,0,0.5554978200162226,1,0.7281114793965529
7771.json,joee-lindbeck,half-true,0,fixed_split_train_test,0,0.5579804276233715,0,0.646274479453788
13409.json,donald-trump,barely-true,1,fixed_split_train_test,0,0.5404667111159523,1,0.6916439619673419
5101.json,mitt-romney,half-true,0,fixed_split_train_test,0,0.45671009181886374,0,0.6297613209738285
7356.json,sherrod-brown,true,0,fixed_split_train_test,0,0.45998753453146096,0,0.5788590871216305
4568.json,new-jersey-democratic-state-committee,barely-true,1,fixed_split_train_test,0,0.5474231052294737,0,0.6824695036570789
2099.json,john-boehner,false,1,fixed_split_train_test,1,0.6264652256310368,1,0.6990419629634095
1849.json,john-oxendine,half-true,0,fixed_split_train_test,0,0.17360919813957285,0,0.451699097385012
7790.json,john-depetro,pants-fire,1,fixed_split_train_test,1,0.9016789060581996,1,0.912902800504379
6320.json,barack-obama,mostly-true,0,fixed_split_train_test,1,0.7528264477778162,1,0.7967074898051278
3500.json,greater-wisconsin-political-fund,half-true,0,fixed_split_train_test,1,0.8991010205531298,1,0.8882851424433464
2460.json,steve-kagen,pants-fire,1,fixed_split_train_test,1,0.9298924219862477,1,0.8636810793666979
1948.json,john-faulk,false,1,fixed_split_train_test,1,0.5812699218932829,0,0.681645053427275
10739.json,karl-rove,mostly-true,0,fixed_split_train_test,1,0.6482960310420853,1,0.7357582984803624
13020.json,catherine-cortez-masto,mostly-true,0,fixed_split_train_test,0,0.4988994822411586,1,0.6993657247010193
1119.json,barack-obama,false,1,fixed_split_train_test,0,0.42755999110897536,0,0.5992302659260703
13128.json,donald-trump,mostly-true,0,fixed_split_train_test,0,0.4879221423211895,0,0.6844310546722161
11050.json,generation-forward-pac,mostly-true,0,fixed_split_train_test,1,0.6662853842461075,1,0.7385339670159902
7195.json,lenny-curry,barely-true,1,fixed_split_train_test,1,0.7290203892437673,1,0.7238128790468765
13047.json,donald-trump,half-true,0,fixed_split_train_test,0,0.43240891728445513,0,0.6520443446997639
2560.json,future-pac-oregon-house-democrats,pants-fire,1,fixed_split_train_test,1,0.878002645466696,1,0.8503007609332563
8463.json,chris-abele,false,1,fixed_split_train_test,0,0.29541303569512684,0,0.6108071404913579
3458.json,morgan-griffith,barely-true,1,fixed_split_train_test,1,0.5827225808183283,0,0.6841449373019388
8352.json,blog-posting,pants-fire,1,fixed_split_train_test,1,0.726056187451712,1,0.8183869956776284
11847.json,national-republican-senatorial-committee,barely-true,1,fixed_split_train_test,1,0.6987394649172802,1,0.7217665912286393
8170.json,eric-cantor,pants-fire,1,fixed_split_train_test,1,0.8756879717382408,1,0.8422662509920286
10293.json,steve-adler,mostly-true,0,fixed_split_train_test,0,0.5591570187767657,0,0.670021429493414
5314.json,kathleen-clyde,true,0,fixed_split_train_test,0,0.17314559223463452,0,0.45136477814330445
2625.json,jack-conway,mostly-true,0,fixed_split_train_test,1,0.6981141426162701,1,0.8248817890981875
12749.json,donald-trump,half-true,0,fixed_split_train_test,0,0.2715219286983793,0,0.5059586873566752
6905.json,paul-ryan,mostly-true,0,fixed_split_train_test,0,0.5179074346019831,0,0.6529331468367312
10672.json,sally-kohn,false,1,fixed_split_train_test,0,0.40407805967115024,0,0.6220614321865497
2217.json,rachel-maddow,half-true,0,fixed_split_train_test,1,0.6242696716931876,1,0.7148435833195245
10232.json,mitch-mcconnell,barely-true,1,fixed_split_train_test,1,0.805953375325473,1,0.7790383167318379
7230.json,chris-christie,half-true,0,fixed_split_train_test,1,0.5729375682451748,0,0.6636256611310314
4993.json,maciver-institute,barely-true,1,fixed_split_train_test,1,0.6423829650229756,1,0.6981893683004469
794.json,barack-obama,half-true,0,fixed_split_train_test,0,0.5245187080691275,0,0.6732766578106553
12011.json,donald-trump,half-true,0,fixed_split_train_test,0,0.49284114108026794,1,0.7098784149979341
8946.json,rachel-maddow,true,0,fixed_split_train_test,0,0.5046257620982324,0,0.6456841862546127
3508.json,david-prosser,pants-fire,1,fixed_split_train_test,1,0.8064945350131442,1,0.8715271112601988
3306.json,rob-woodall,half-true,0,fixed_split_train_test,0,0.5200419568941066,0,0.6317596488780511
1189.json,tom-price,mostly-true,0,fixed_split_train_test,0,0.3055349480587114,0,0.5420848183564486
9107.json,alison-lundergan-grimes,true,0,fixed_split_train_test,0,0.508512189955073,0,0.614248747963526
809.json,barack-obama,true,0,fixed_split_train_test,1,0.5749914216231281,0,0.6672959625852344
171.json,rudy-giuliani,false,1,fixed_split_train_test,1,0.7085083100462267,1,0.7984367691774924
1739.json,kay-bailey-hutchison,half-true,0,fixed_split_train_test,1,0.7925270115653256,1,0.8192448839188207
9047.json,david-dewhurst,mostly-true,0,fixed_split_train_test,1,0.6384340357547061,1,0.7572334727182894
7685.json,linda-finn,half-true,0,fixed_split_train_test,1,0.5897787555437245,1,0.7144366539647915
13490.json,don-beyer,false,1,fixed_split_train_test,0,0.33960558363780324,0,0.5625959364389305
10962.json,sheldon-whitehouse,true,0,fixed_split_train_test,0,0.23787335314223643,0,0.5221761050266605
7845.json,chris-christie,half-true,0,fixed_split_train_test,0,0.5559832742370512,0,0.6592563871809022
10388.json,jonathan-turley,barely-true,1,fixed_split_train_test,1,0.6744649746405774,1,0.7848002660629224
180.json,bill-richardson,false,1,fixed_split_train_test,1,0.6203602740790068,0,0.6562265535954527
781.json,barack-obama,false,1,fixed_split_train_test,0,0.3862808919833053,0,0.584936365269945
12627.json,hillary-clinton,true,0,fixed_split_train_test,0,0.5348613833765052,0,0.6441341206328968
2594.json,joe-manchin,true,0,fixed_split_train_test,1,0.6111930950934421,1,0.7187866952093299
7543.json,michele-bachmann,pants-fire,1,fixed_split_train_test,1,0.6786400371065998,1,0.7222528917613548
7073.json,priorities-usa-action,barely-true,1,fixed_split_train_test,1,0.725151911738557,1,0.7826284173401099
12195.json,mark-pocan,true,0,fixed_split_train_test,0,0.4671559112619425,0,0.6199934976910485
13190.json,mike-pence,barely-true,1,fixed_split_train_test,1,0.7700793456520745,1,0.7803005658718583
7447.json,greg-abbott,true,0,fixed_split_train_test,0,0.55179062568944,1,0.7412842554491428
9472.json,oregon-department-agriculture,half-true,0,fixed_split_train_test,0,0.3906197203026755,0,0.669491784710243
12368.json,donald-trump,barely-true,1,fixed_split_train_test,1,0.5711213271299987,1,0.6939383842689937
5788.json,frank-wolf,true,0,fixed_split_train_test,1,0.6238143217091682,1,0.7596645248612796
6665.json,barack-obama,half-true,0,fixed_split_train_test,1,0.6448673930364909,1,0.6967588569190514
10858.json,facebook-posts,pants-fire,1,fixed_split_train_test,0,0.3764835359795555,0,0.643031078680205
3522.json,jason-haas,false,1,fixed_split_train_test,1,0.6603200037963846,1,0.7424616217794783
6469.json,americans-prosperity,false,1,fixed_split_train_test,1,0.617977548809876,1,0.6932059154389545
13502.json,sean-duffy,barely-true,1,fixed_split_train_test,1,0.8950710142609619,1,0.8213069783695209
9834.json,edward-flynn,mostly-true,0,fixed_split_train_test,0,0.3900370622748657,0,0.5954780576942685
7991.json,phil-burress,half-true,0,fixed_split_train_test,1,0.630481432182635,1,0.7522257728635137
7994.json,jonathan-stickland,barely-true,1,fixed_split_train_test,0,0.40067159391603485,0,0.5940550337232672
10846.json,scott-walker,false,1,fixed_split_train_test,1,0.8699900073224106,1,0.8394789290661883
8830.json,rick-scott,half-true,0,fixed_split_train_test,0,0.28237798236897643,0,0.546517994435062
6033.json,bill-nelson,true,0,fixed_split_train_test,0,0.5115584201494711,0,0.6372896898042584
700.json,john-mccain,true,0,fixed_split_train_test,1,0.602509212514899,0,0.6800194019990993
12214.json,bernie-s,mostly-true,0,fixed_split_train_test,0,0.46372506429518995,0,0.6107342437706942
11661.json,occupy-democrats,false,1,fixed_split_train_test,0,0.3609010652558182,0,0.6511588565495592
8986.json,barack-obama,mostly-true,0,fixed_split_train_test,0,0.3648505297196644,0,0.584710840725033
6922.json,lois-frankel,barely-true,1,fixed_split_train_test,1,0.6151872967235693,1,0.7474493579580372
2738.json,georgia-house-democratic-caucus-behalf-elena-paren,false,1,fixed_split_train_test,1,0.8262501344227475,1,0.8552332279290442
7416.json,david-plouffe,barely-true,1,fixed_split_train_test,1,0.7075542481761736,1,0.7979547588409858
9101.json,barbara-boxer,half-true,0,fixed_split_train_test,0,0.41485284692349955,0,0.6023246101699213
2494.json,mark-belling,pants-fire,1,fixed_split_train_test,1,0.8109318976063761,1,0.7959342545382774
553.json,wesley-clark,false,1,fixed_split_train_test,0,0.5401835832433818,0,0.6441010585076519
574.json,campaign-money-watch,true,0,fixed_split_train_test,0,0.4050566481986727,0,0.6303680616559829
1262.json,glenn-beck,false,1,fixed_split_train_test,0,0.4648844323957427,0,0.6639258012697493
9900.json,mark-harris,mostly-true,0,fixed_split_train_test,0,0.4650755107734401,0,0.6145607143896699
1677.json,karen-sage,true,0,fixed_split_train_test,0,0.45040474583728585,0,0.6106088187037351
575.json,campaign-money-watch,barely-true,1,fixed_split_train_test,0,0.5063397879434729,0,0.6802282768471758
447.json,barack-obama,false,1,fixed_split_train_test,0,0.563022692770623,0,0.629108351854822
13049.json,blog-posting,false,1,fixed_split_train_test,0,0.5356292926395705,1,0.7850518337380967
12168.json,your-choice-colorado,half-true,0,fixed_split_train_test,1,0.6400199024865062,1,0.7587027928956136
11308.json,hugh-hewitt,half-true,0,fixed_split_train_test,1,0.5791120537490188,0,0.6406465358348384
11212.json,matt-wuerker,mostly-true,0,fixed_split_train_test,0,0.4229060353452617,0,0.5314723716677192
3697.json,jim-renacci,mostly-true,0,fixed_split_train_test,0,0.28432220510552525,0,0.5228669417563698
12770.json,michelle-obama,true,0,fixed_split_train_test,1,0.5804557113589868,0,0.6459909297759068
11955.json,wisconsin-working-families-party,false,1,fixed_split_train_test,1,0.7135970147777966,1,0.7740125266438306
13423.json,donald-trump,false,1,fixed_split_train_test,1,0.8074025945170762,1,0.8896154226786102
3087.json,brian-moran,pants-fire,1,fixed_split_train_test,0,0.5539660717826335,0,0.6805188424330365
3046.json,jim-doyle,mostly-true,0,fixed_split_train_test,0,0.5027651888719882,0,0.6490917983458911
12203.json,tom-price,half-true,0,fixed_split_train_test,1,0.7060250872332753,1,0.7766623957404027
12734.json,mike-pence,barely-true,1,fixed_split_train_test,1,0.6302788558814104,1,0.7095688319543476
1515.json,americans-united-change,half-true,0,fixed_split_train_test,1,0.7606800623079806,1,0.7791423080989144
9553.json,ted-cruz,false,1,fixed_split_train_test,1,0.8280974774660619,1,0.850304279942426
8557.json,jan-schakowsky,true,0,fixed_split_train_test,0,0.3636640667726066,0,0.5445281115452496
4194.json,tim-pawlenty,mostly-true,0,fixed_split_train_test,1,0.7402453211206613,1,0.7907575799994195
13487.json,james-quintero,barely-true,1,fixed_split_train_test,1,0.6461303284895263,1,0.7653570506687191
11184.json,facebook-posts,false,1,fixed_split_train_test,1,0.6080172742926537,1,0.7722863030216666
12221.json,ted-cruz,mostly-true,0,fixed_split_train_test,0,0.477884884014612,0,0.6322568173916067
3460.json,john-kasich,half-true,0,fixed_split_train_test,0,0.4927235231940462,0,0.6396408491393533
7529.json,service-employees-international-union-committee-po,false,1,fixed_split_train_test,1,0.670612736018958,1,0.8207890112276939
10717.json,rick-perry,half-true,0,fixed_split_train_test,0,0.49575882606688765,0,0.654478319742124
4714.json,barack-obama,false,1,fixed_split_train_test,0,0.42068452128372447,0,0.5973282698720247
4017.json,newt-gingrich,mostly-true,0,fixed_split_train_test,1,0.6341505852804725,1,0.7626738692589929
9256.json,rush-limbaugh,false,1,fixed_split_train_test,0,0.4312786358666367,0,0.6629596160390869
6006.json,william-obrien,false,1,fixed_split_train_test,0,0.5609600437014581,1,0.6939590342013446
6197.json,sean-duffy,barely-true,1,fixed_split_train_test,1,0.725682815096421,1,0.7752070471290708
1187.json,paul-hipp,mostly-true,0,fixed_split_train_test,0,0.3476113617821799,0,0.5971247475481071
8104.json,don-lemon,mostly-true,0,fixed_split_train_test,0,0.29555842642725366,0,0.543677527789911
1556.json,bill-white,true,0,fixed_split_train_test,0,0.40214025502999934,0,0.6169216340480617
7970.json,todd-young,false,1,fixed_split_train_test,1,0.6064052852563794,1,0.7423235360756871
12487.json,joyce-beatty,barely-true,1,fixed_split_train_test,0,0.3827395233418727,0,0.554400960377728
1310.json,cw-bill-young,false,1,fixed_split_train_test,1,0.7109078947070548,1,0.7286561548399194
6163.json,shawn-lindsay,false,1,fixed_split_train_test,1,0.6584566041260949,1,0.737059344127431
7819.json,alberta-darling,true,0,fixed_split_train_test,1,0.59760731806344,1,0.754717393348547
814.json,barack-obama,mostly-true,0,fixed_split_train_test,1,0.6103815348011657,1,0.7122848482676166
8486.json,suzanne-somers,true,0,fixed_split_train_test,1,0.678224930999377,1,0.738682668513416
12141.json,roy-blunt,barely-true,1,fixed_split_train_test,1,0.6254732924164027,1,0.7267591097826864
3257.json,dan-patrick,true,0,fixed_split_train_test,0,0.5165031488414097,0,0.6675990962554507
3330.json,rick-scott,barely-true,1,fixed_split_train_test,0,0.4947856412004864,0,0.6617836704412614
6436.json,eric-hovde,half-true,0,fixed_split_train_test,1,0.6330482645949049,0,0.6783214242245572
70.json,ron-paul,mostly-true,0,fixed_split_train_test,0,0.3865346414394289,0,0.5962806299137281
10140.json,john-carlevale,false,1,fixed_split_train_test,0,0.5468912865563513,0,0.573162158417865
1120.json,john-boehner,false,1,fixed_split_train_test,1,0.723755655029923,1,0.7532247281893246
8595.json,ken-cuccinelli,barely-true,1,fixed_split_train_test,1,0.7686640019361335,1,0.8182823744207269
4885.json,joe-biden,mostly-true,0,fixed_split_train_test,0,0.5579804031097013,0,0.6480564032462817
11917.json,john-mccain,true,0,fixed_split_train_test,1,0.7683438384283593,1,0.8286419349088118
10773.json,marco-rubio,half-true,0,fixed_split_train_test,0,0.40580038385121847,0,0.6104519020492396
4718.json,ann-lininger,false,1,fixed_split_train_test,1,0.5966046282782704,0,0.6573708106651224
6616.json,george-lemieux,true,0,fixed_split_train_test,1,0.6780531485907764,1,0.7327865036156894
3284.json,bill-posey,mostly-true,0,fixed_split_train_test,1,0.6263305927845052,1,0.7433178022083842
2290.json,barack-obama,barely-true,1,fixed_split_train_test,1,0.7588876770972518,1,0.7493528543743116
10978.json,don-beyer,true,0,fixed_split_train_test,0,0.23046324991394765,0,0.49972940920069736
8764.json,marilinda-garcia,mostly-true,0,fixed_split_train_test,1,0.683763121315206,1,0.7591323662038144
2203.json,marco-rubio,mostly-true,0,fixed_split_train_test,0,0.41648178125645735,0,0.6486105122726337
7118.json,patricia-morgan,half-true,0,fixed_split_train_test,0,0.48466987383471194,0,0.6448097527228549
7164.json,john-kasich,true,0,fixed_split_train_test,0,0.45181562369829553,0,0.646216851685432
4208.json,allen-west,false,1,fixed_split_train_test,0,0.36553041625357274,0,0.676280667087994
714.json,sarah-palin,mostly-true,0,fixed_split_train_test,1,0.7929213821771186,1,0.7319613362465959
13437.json,maggie-hassan,barely-true,1,fixed_split_train_test,0,0.5628366896116836,1,0.6984100528395092
6401.json,american-bridge-21st-century,mostly-true,0,fixed_split_train_test,1,0.6705782594985821,1,0.7307555163460284
5251.json,blog-posting,mostly-true,0,fixed_split_train_test,0,0.4044387163840846,1,0.6937449473417141
378.json,hillary-clinton,half-true,0,fixed_split_train_test,0,0.5478180933200376,0,0.6609952544051508
5095.json,rick-perry,pants-fire,1,fixed_split_train_test,1,1.0,1,0.8877823416324298
11000.json,jim-steineke,false,1,fixed_split_train_test,0,0.539994296733182,1,0.7033757141181267
3741.json,sherrod-brown,barely-true,1,fixed_split_train_test,0,0.24290850604302966,0,0.44803736213912587
8979.json,mark-pryor,barely-true,1,fixed_split_train_test,1,0.6103342040778659,1,0.7718520127157071
3803.json,todd-staples,mostly-true,0,fixed_split_train_test,0,0.5265426795024483,1,0.6931363204863981
12087.json,hillary-clinton,barely-true,1,fixed_split_train_test,0,0.5033945200900876,0,0.6171089099208126
1712.json,tom-grady,false,1,fixed_split_train_test,1,0.653616050271108,1,0.8008755362893393
1093.json,sarah-palin,false,1,fixed_split_train_test,0,0.4532668201720622,0,0.6582444377539094
3027.json,gerry-connolly,half-true,0,fixed_split_train_test,1,0.5844267867685919,0,0.655588536702576
4977.json,marish-agana,barely-true,1,fixed_split_train_test,0,0.5157579851748196,0,0.652481826785595
4689.json,jeb-hensarling,false,1,fixed_split_train_test,0,0.4324544948100963,0,0.640111411299353
9227.json,charlie-crist,barely-true,1,fixed_split_train_test,1,0.6347434819575676,0,0.6655556418316818
12927.json,joaquin-castro,mostly-true,0,fixed_split_train_test,1,0.7355018330824222,1,0.7731555023639579
3997.json,martin-omalley,half-true,0,fixed_split_train_test,0,0.5158246233793535,0,0.651524702836194
13000.json,bruce-rauner,barely-true,1,fixed_split_train_test,0,0.40948892213189975,0,0.5268742031982183
11704.json,greg-abbott,barely-true,1,fixed_split_train_test,1,0.7144982732290118,1,0.7613807105790521
11654.json,kevin-russell,mostly-true,0,fixed_split_train_test,0,0.39233304457004725,0,0.6716160471708175
340.json,john-mccain,true,0,fixed_split_train_test,0,0.41669290452535807,0,0.6118356783803547
6485.json,barack-obama,half-true,0,fixed_split_train_test,1,0.5868934036084096,0,0.6861076295094853
9231.json,chain-email,false,1,fixed_split_train_test,0,0.3206987078982637,0,0.6351697793155535
10416.json,barack-obama,mostly-true,0,fixed_split_train_test,1,0.6213341611283815,1,0.7172189147621258
12924.json,gary-johnson,true,0,fixed_split_train_test,1,0.5966781590200257,0,0.671015034107855
6816.json,american-future-fund,barely-true,1,fixed_split_train_test,1,0.6027086619317683,1,0.7237644400616909
13172.json,chris-koster,half-true,0,fixed_split_train_test,1,0.5977352489518549,1,0.7409355719042915
13484.json,blog-posting,pants-fire,1,fixed_split_train_test,0,0.54499922362478,1,0.7919309641443713
10869.json,family-foundation,true,0,fixed_split_train_test,0,0.4479772844320119,0,0.5890157314637435
9823.json,senate-majority-pac,false,1,fixed_split_train_test,0,0.5604015272818307,0,0.6814543753204334
3738.json,newt-gingrich,false,1,fixed_split_train_test,0,0.4532598478374789,0,0.6483564664482574
8552.json,ellen-qualls,half-true,0,fixed_split_train_test,1,0.8789953398228022,1,0.8644708003783759
3044.json,allen-west,false,1,fixed_split_train_test,1,0.8323589858087831,1,0.9286191105091248
6121.json,chris-christie,barely-true,1,fixed_split_train_test,1,0.5859800297664653,0,0.6650229252216895
11261.json,scott-walker,mostly-true,0,fixed_split_train_test,0,0.535895043559417,0,0.6738945888412537
12392.json,alan-grayson,barely-true,1,fixed_split_train_test,0,0.4172395115475551,0,0.6421001028690337
4522.json,josh-mandel,barely-true,1,fixed_split_train_test,1,0.7695246262977716,1,0.7901675709109296
8285.json,bill-foster,barely-true,1,fixed_split_train_test,0,0.4877626409624362,0,0.4963211554793664
12244.json,hillary-clinton,true,0,fixed_split_train_test,1,0.5965095307503101,1,0.6977222292688904
7667.json,national-rifle-association,barely-true,1,fixed_split_train_test,0,0.561047019466129,1,0.7123735897577211
101.json,democratic-national-committee,barely-true,1,fixed_split_train_test,1,0.7962288443807807,1,0.7868914913801752
2775.json,eric-cantor,true,0,fixed_split_train_test,0,0.4642916078730525,0,0.6453942782100893
1909.json,barack-obama,half-true,0,fixed_split_train_test,1,0.5812057026133708,1,0.6937929030576605
13203.json,naral-pro-choice,false,1,fixed_split_train_test,1,0.6218237099252704,1,0.7178002360154763
8303.json,barbara-buono,half-true,0,fixed_split_train_test,0,0.3748876391438216,0,0.5730846301945813
10466.json,barack-obama,barely-true,1,fixed_split_train_test,1,0.6300133130769051,1,0.7136581452152557
9229.json,bob-cole,half-true,0,fixed_split_train_test,0,0.46163355104791026,0,0.6580804454852013
8498.json,gina-raimondo,mostly-true,0,fixed_split_train_test,0,0.31387292546029827,0,0.5515096932161015
11887.json,j-jacobs,true,0,fixed_split_train_test,1,0.659856895545552,1,0.7222643453316705
11895.json,tom-wolf,barely-true,1,fixed_split_train_test,1,0.6310134253581793,1,0.775292132383381
1385.json,farouk-shami,half-true,0,fixed_split_train_test,1,0.5839682393029353,0,0.6143409342159987
6097.json,stephen-simpson,mostly-true,0,fixed_split_train_test,1,0.7168601592339918,1,0.8079515476369423
1652.json,barack-obama,half-true,0,fixed_split_train_test,1,0.7035887193656593,1,0.7278336899766099
1950.json,vernon-jones,pants-fire,1,fixed_split_train_test,1,0.6086792747787267,1,0.7081235610861224
8685.json,kathleen-sebelius,true,0,fixed_split_train_test,0,0.1917340572793647,0,0.511170725049235
9200.json,louie-gohmert,false,1,fixed_split_train_test,0,0.4199696224010056,0,0.617550619367885
2374.json,jim-sensenbrenner,false,1,fixed_split_train_test,1,0.6027858260233426,1,0.749006330234925
2533.json,republican-party-florida,half-true,0,fixed_split_train_test,0,0.4542434535337811,0,0.6380398443010112
5416.json,alan-bates,true,0,fixed_split_train_test,0,0.5072415532973712,0,0.6170599918910322
2557.json,allen-boyd,false,1,fixed_split_train_test,1,0.6941940600500018,1,0.7526045589049929
5087.json,mitt-romney,false,1,fixed_split_train_test,1,0.5779864458797489,0,0.6872947878307835
8960.json,mark-obenshain,mostly-true,0,fixed_split_train_test,0,0.3729047805174963,0,0.5525390490513066
3362.json,phyllis-schlafly,false,1,fixed_split_train_test,1,0.6429717225714282,0,0.6613035052952457
9844.json,david-dewhurst,false,1,fixed_split_train_test,0,0.41143263522066553,0,0.629548381385886
9292.json,charlie-crist,half-true,0,fixed_split_train_test,0,0.3846404212440762,0,0.551347997613227
6119.json,jim-demint,barely-true,1,fixed_split_train_test,1,0.8943731935386444,1,0.8409555295345206
12371.json,ed-gillespie,true,0,fixed_split_train_test,0,0.203130610645341,0,0.487019416297262
7665.json,gabrielle-giffords,true,0,fixed_split_train_test,0,0.48822960819704175,0,0.5919527815980252
8576.json,city-austin,true,0,fixed_split_train_test,0,0.4533707432784261,0,0.6709204285642597
6637.json,jack-markell,false,1,fixed_split_train_test,0,0.4102909703424742,0,0.6550133276257885
9096.json,john-mccallum,mostly-true,0,fixed_split_train_test,0,0.5465000776996946,0,0.6513431644442231
7698.json,randy-forbes,true,0,fixed_split_train_test,0,0.4288775920381711,0,0.6852277780945054
10547.json,associated-press,true,0,fixed_split_train_test,0,0.3326583645459438,0,0.5916685815288026
187.json,hillary-clinton,half-true,0,fixed_split_train_test,0,0.33590559188737096,0,0.5326468918213471
2470.json,allen-west,pants-fire,1,fixed_split_train_test,0,0.5030204069380745,1,0.6942713166077267
6045.json,chain-email,pants-fire,1,fixed_split_train_test,1,0.8385129186758654,1,0.9132048760036994
339.json,hillary-clinton,true,0,fixed_split_train_test,1,0.570076145356346,0,0.6446896973935402
11004.json,hillary-clinton,true,0,fixed_split_train_test,0,0.5086390981260173,0,0.6388364017686204
11337.json,martin-omalley,mostly-true,0,fixed_split_train_test,1,0.8434858867051834,1,0.8143858323411922
4250.json,alberta-darling,pants-fire,1,fixed_split_train_test,1,0.6881495630939266,1,0.8289788529553742
631.json,jerome-corsi,pants-fire,1,fixed_split_train_test,1,0.5779611423986932,1,0.7174987761172628
9351.json,charles-van-zant,pants-fire,1,fixed_split_train_test,1,0.6634317467652693,1,0.7494472248767712
5746.json,clarence-thomas,true,0,fixed_split_train_test,0,0.40490985716039307,0,0.6542930706292752
4136.json,kris-jordan,half-true,0,fixed_split_train_test,0,0.2881368386058116,0,0.5505366133587849
1681.json,paul-ryan,barely-true,1,fixed_split_train_test,0,0.29375559141686314,0,0.5667781266959125
5074.json,john-kasich,mostly-true,0,fixed_split_train_test,0,0.27633714236259566,0,0.5259096187046546
4195.json,rick-santorum,barely-true,1,fixed_split_train_test,0,0.4366451319397345,0,0.6222196511806932
3931.json,adam-hasner,barely-true,1,fixed_split_train_test,1,0.6691213251685859,1,0.7038254393529003
4883.json,matt-mackowiak,true,0,fixed_split_train_test,1,0.6442740267917146,1,0.7294966916165775
6795.json,bill-clinton,barely-true,1,fixed_split_train_test,1,0.6847021080405066,1,0.7192783826095428
9818.json,michelle-nunn,barely-true,1,fixed_split_train_test,1,0.796465965827132,1,0.7478214709467798
8573.json,tom-cotton,half-true,0,fixed_split_train_test,1,0.8734391893161071,1,0.9101862836062198
13184.json,mike-pence,mostly-true,0,fixed_split_train_test,0,0.39882239647003936,0,0.5881048936065917
11559.json,rand-paul,mostly-true,0,fixed_split_train_test,1,0.6614825636813876,1,0.7221262739546632
9241.json,don-balfour,true,0,fixed_split_train_test,0,0.5193639608441372,1,0.712225097530394
8902.json,hugh-fitzsimons,mostly-true,0,fixed_split_train_test,1,0.6973819370733875,1,0.8585040057355856
12511.json,donald-trump,false,1,fixed_split_train_test,1,0.6713626956495331,1,0.7481019347129705
7285.json,barbara-buono,pants-fire,1,fixed_split_train_test,1,0.6292799746893134,1,0.690901154751118
1005.json,chain-email,pants-fire,1,fixed_split_train_test,1,0.709406148039974,1,0.8440983098317181
609.json,barack-obama,half-true,0,fixed_split_train_test,1,0.7160467690283511,1,0.7929009458723043
9436.json,hillary-clinton,barely-true,1,fixed_split_train_test,0,0.48128484065923055,0,0.6200074703804563
5671.json,rick-santorum,false,1,fixed_split_train_test,1,0.5774495151465393,1,0.7216856750557231
6699.json,menendez-facts,pants-fire,1,fixed_split_train_test,1,0.5782768699038645,0,0.6065427783844407
7334.json,rick-scott,half-true,0,fixed_split_train_test,0,0.2741977806344984,0,0.5604184233049011
9788.json,jay-nixon,barely-true,1,fixed_split_train_test,1,0.6240620486091039,0,0.677262455702596
10710.json,mackubin-thomas-owens,barely-true,1,fixed_split_train_test,1,0.7392011151716996,1,0.7640191894315668
3186.json,john-kasich,barely-true,1,fixed_split_train_test,1,0.6062960459663853,1,0.7076531962212783
6743.json,john-burzichelli,false,1,fixed_split_train_test,1,0.6373902838774009,1,0.7313290829195119
