id,speaker,label,is_low_truth,setting,text_only_pred,text_only_score,text_plus_graph_pred,text_plus_graph_score
10540.json,scott-surovell,half-true,0,speaker_disjoint_split,0,0.23688450372301154,0,0.27376784340063065
1123.json,blog-posting,false,1,speaker_disjoint_split,1,0.8335279322667221,1,0.9258838891115861
9028.json,charlie-crist,half-true,0,speaker_disjoint_split,0,0.33364195734062213,0,0.33522940548013047
7115.json,robert-menendez,mostly-true,0,speaker_disjoint_split,0,0.2371872806604462,0,0.1488711089880486
4148.json,bernie-s,half-true,0,speaker_disjoint_split,0,0.3211041356281254,0,0.3494030195239473
10683.json,bernie-s,half-true,0,speaker_disjoint_split,0,0.2035897958144953,0,0.15943129869117817
3863.json,national-republican-congressional-committee,barely-true,1,speaker_disjoint_split,1,0.5343932996787889,0,0.4779818566443257
10173.json,dennis-richardson,false,1,speaker_disjoint_split,0,0.5259782907320855,1,0.5579558848151447
11092.json,pamela-geller,false,1,speaker_disjoint_split,1,0.6616263046993135,1,0.7447761260480038
12163.json,peter-kinder,mostly-true,0,speaker_disjoint_split,0,0.3415546261155719,0,0.36381259245253905
1038.json,north-korea,true,0,speaker_disjoint_split,0,0.17115402442944344,0,0.2029001461033844
5210.json,national-republican-congressional-committee,pants-fire,1,speaker_disjoint_split,1,0.640702810221511,1,0.615892766826351
11418.json,bernie-s,half-true,0,speaker_disjoint_split,0,0.39629184151444335,0,0.38894778804594765
13503.json,blog-posting,true,0,speaker_disjoint_split,1,0.6604146935419976,1,0.7146541071802961
8187.json,ken-cuccinelli,false,1,speaker_disjoint_split,1,0.7511503082312578,1,0.7083830075628007
12981.json,donald-trump,barely-true,1,speaker_disjoint_split,1,0.6712369076251363,1,0.6138881751091797
812.json,john-mccain,false,1,speaker_disjoint_split,1,0.7258430974811432,1,0.5692366067936112
12056.json,donald-trump,false,1,speaker_disjoint_split,1,0.587349907720495,0,0.47816201982066536
1738.json,alfredo-gutierrez,mostly-true,0,speaker_disjoint_split,1,0.61196510376137,1,0.6094995609042624
3005.json,texas-veterans-commission,barely-true,1,speaker_disjoint_split,0,0.46208238510032423,0,0.4566319712388048
9165.json,republican-party-florida,false,1,speaker_disjoint_split,1,0.636996162824235,1,0.5546377960215311
10053.json,jeanne-shaheen,true,0,speaker_disjoint_split,1,0.8099198636172897,1,0.6945661024043912
9613.json,susan-happ,half-true,0,speaker_disjoint_split,0,0.43841497210148195,0,0.33519729322785896
8755.json,karl-rove,false,1,speaker_disjoint_split,1,0.7220352288034418,1,0.640659467340075
767.json,joe-biden,barely-true,1,speaker_disjoint_split,1,0.5870166602291598,1,0.5022575901607909
10263.json,jim-skaggs,false,1,speaker_disjoint_split,0,0.36429757139399566,0,0.24164945454221554
1969.json,john-mccain,false,1,speaker_disjoint_split,0,0.5247893731057236,0,0.467385848458687
2020.json,ralph-hudgens,mostly-true,0,speaker_disjoint_split,1,0.7590569326427452,1,0.7422090412629613
7258.json,mark-shields,true,0,speaker_disjoint_split,0,0.29210130885474067,0,0.27111897767769083
13142.json,donald-trump,false,1,speaker_disjoint_split,0,0.340572797775898,0,0.38054244279272964
7467.json,scott-walker,mostly-true,0,speaker_disjoint_split,1,0.6491488034775886,1,0.5526973031251031
9492.json,donna-brazile,half-true,0,speaker_disjoint_split,1,0.6685616310431971,1,0.6103725815957683
4357.json,blog-posting,pants-fire,1,speaker_disjoint_split,1,0.7561856358158543,1,0.7428936815123566
162.json,joe-biden,pants-fire,1,speaker_disjoint_split,0,0.3796266468695047,0,0.32555495379471056
8164.json,kathleen-sebelius,mostly-true,0,speaker_disjoint_split,0,0.22911668073116098,0,0.2544107741155849
9500.json,republican-party-florida,mostly-true,0,speaker_disjoint_split,0,0.4408183041421581,0,0.40601454876866505
7555.json,blog-posting,false,1,speaker_disjoint_split,0,0.41427810054354147,1,0.5198426483027622
325.json,john-mccain,mostly-true,0,speaker_disjoint_split,1,0.6226616083048541,0,0.4148937415857658
8985.json,david-jolly,true,0,speaker_disjoint_split,1,0.7069436841691531,1,0.7113260216892339
2932.json,oregon-right-life-pac,true,0,speaker_disjoint_split,1,0.797399643612086,1,0.7765750071116432
7324.json,rush-limbaugh,barely-true,1,speaker_disjoint_split,1,0.5407414730061433,1,0.4939337819590883
2257.json,john-robitaille,false,1,speaker_disjoint_split,1,0.5571803415930265,1,0.5422308694731571
3782.json,louie-gohmert,false,1,speaker_disjoint_split,1,0.6170797796424002,1,0.510801961377139
11536.json,donald-trump,barely-true,1,speaker_disjoint_split,1,0.5358126757053758,1,0.5514754476623925
5236.json,democratic-congressional-campaign-committee,barely-true,1,speaker_disjoint_split,1,0.6878926080529797,1,0.6805452742306316
2869.json,armond-budish,half-true,0,speaker_disjoint_split,1,0.5396519371472834,1,0.5035722650834938
11582.json,bernie-s,barely-true,1,speaker_disjoint_split,1,0.5904418724328047,1,0.552708846804357
10887.json,robert-puente,half-true,0,speaker_disjoint_split,0,0.3744798047800156,0,0.2944757719133174
4504.json,ron-paul,barely-true,1,speaker_disjoint_split,1,0.6329588308085163,1,0.5909817481815803
9561.json,blog-posting,false,1,speaker_disjoint_split,1,0.5993653661215245,1,0.7976383994304636
12683.json,gary-johnson,mostly-true,0,speaker_disjoint_split,0,0.2737186819659019,0,0.22233466970988383
7295.json,stephen-sweeney,half-true,0,speaker_disjoint_split,0,0.3543085139839209,0,0.36082044542226077
6969.json,david-cicilline,false,1,speaker_disjoint_split,0,0.08509914783998249,0,0.10006759164567232
11886.json,bernie-s,false,1,speaker_disjoint_split,1,0.7450013241913167,1,0.6372395562178845
11844.json,bernie-s,half-true,0,speaker_disjoint_split,0,0.21322073966445604,0,0.2434442481846412
13370.json,john-skvarla,barely-true,1,speaker_disjoint_split,1,0.5614600588668934,1,0.4995927931812504
11636.json,ben-carson,false,1,speaker_disjoint_split,1,0.6719876061352903,1,0.6430245892869126
9837.json,nextgen-climate,half-true,0,speaker_disjoint_split,1,0.5836224573097347,0,0.4720079829358487
4267.json,john-kasich,half-true,0,speaker_disjoint_split,0,0.4157795893130605,0,0.3963575075163126
827.json,joe-biden,half-true,0,speaker_disjoint_split,0,0.24372201269200489,0,0.18621138891985795
3806.json,agenda-project,mostly-true,0,speaker_disjoint_split,1,0.7119906250795552,1,0.6375950104471529
9133.json,kesha-rogers,barely-true,1,speaker_disjoint_split,1,0.6453349520962871,1,0.5596207588927283
4327.json,jeff-merkley,mostly-true,0,speaker_disjoint_split,1,0.6537069457382058,1,0.5465303938818228
13026.json,donald-trump,barely-true,1,speaker_disjoint_split,1,0.5826782294173602,1,0.5565817235214414
240.json,bill-richardson,barely-true,1,speaker_disjoint_split,0,0.39158297879360526,0,0.36686348442799804
7884.json,rush-limbaugh,barely-true,1,speaker_disjoint_split,1,0.7743525075410197,1,0.7313372011097881
8489.json,ken-cuccinelli,false,1,speaker_disjoint_split,1,0.6981968862345592,1,0.6674845034518915
12446.json,donald-trump,half-true,0,speaker_disjoint_split,1,0.5331625406634559,1,0.5350892219178885
534.json,john-mccain,half-true,0,speaker_disjoint_split,0,0.46789598144465383,0,0.456692758960877
5387.json,doug-thomas,half-true,0,speaker_disjoint_split,1,0.6582867363414525,0,0.4553089584678806
10356.json,scott-walker,barely-true,1,speaker_disjoint_split,0,0.38413030929442304,0,0.40714676900007524
12497.json,scott-walker,true,0,speaker_disjoint_split,0,0.4399310285222612,0,0.46496722519737244
4893.json,thomas-brown,mostly-true,0,speaker_disjoint_split,0,0.44757772686284086,0,0.3875558006277484
6627.json,julian-castro,mostly-true,0,speaker_disjoint_split,1,0.7481828383913361,1,0.7382746380571187
10580.json,dan-patrick,pants-fire,1,speaker_disjoint_split,0,0.0981975268148448,0,0.11593077706602739
8004.json,rachel-campos-duffy,false,1,speaker_disjoint_split,0,0.514023874990901,0,0.45953814374711466
256.json,ron-paul,mostly-true,0,speaker_disjoint_split,0,0.3958971733730693,0,0.3537309282348088
2722.json,national-republican-congressional-committee,barely-true,1,speaker_disjoint_split,1,0.7026971405582781,1,0.5294820759920243
1171.json,rush-limbaugh,barely-true,1,speaker_disjoint_split,1,0.9986284074858154,1,0.8977731653216731
8794.json,republican-party-florida,false,1,speaker_disjoint_split,1,0.5589734278830686,1,0.5318045674836013
2060.json,joe-biden,mostly-true,0,speaker_disjoint_split,0,0.39136952596982694,0,0.30053897947707214
7210.json,nathan-deal,half-true,0,speaker_disjoint_split,1,0.5873061597700617,1,0.6038032190263916
12185.json,bill-clinton,mostly-true,0,speaker_disjoint_split,0,0.1607917427828978,0,0.20395631081578436
4332.json,chip-rogers,half-true,0,speaker_disjoint_split,0,0.26340843944398534,0,0.2867940553861181
2925.json,john-kasich,half-true,0,speaker_disjoint_split,1,0.6526815880691575,1,0.5995872789796685
9838.json,bernie-s,mostly-true,0,speaker_disjoint_split,0,0.07112193680463327,0,0.13232925115759442
11407.json,ben-carson,pants-fire,1,speaker_disjoint_split,1,0.784985042634351,1,0.7646261551796935
35.json,joe-biden,true,0,speaker_disjoint_split,0,0.3912681721409883,0,0.31945250583391355
10663.json,bernie-s,half-true,0,speaker_disjoint_split,0,0.4031954772170703,0,0.4036294214882872
8147.json,bill-foster,half-true,0,speaker_disjoint_split,1,0.6202354620191414,0,0.41784894755526214
3443.json,organizing-america,half-true,0,speaker_disjoint_split,0,0.4904892336354202,1,0.5040301483478258
11291.json,lloyd-doggett,mostly-true,0,speaker_disjoint_split,0,0.4281487570169194,0,0.40795345632725866
5110.json,rob-cornilles,pants-fire,1,speaker_disjoint_split,0,0.5077159005710052,1,0.5265488199976888
12754.json,donald-trump,barely-true,1,speaker_disjoint_split,0,0.2835849839022972,0,0.31439964062408143
9853.json,larry-elder,false,1,speaker_disjoint_split,1,0.6076572051235536,1,0.6093447017387247
10931.json,dale-kooyenga,half-true,0,speaker_disjoint_split,0,0.42262579360694275,0,0.3594239443706551
6014.json,mary-nolan,true,0,speaker_disjoint_split,0,0.3251396903105358,0,0.2660488785852214
3695.json,joe-gibbons,barely-true,1,speaker_disjoint_split,1,0.6832981679704407,1,0.6058125935262499
5047.json,david-cicilline,half-true,0,speaker_disjoint_split,0,0.5298573468817531,0,0.4162873955583009
8910.json,charlie-crist,half-true,0,speaker_disjoint_split,0,0.4375677024164047,0,0.39156973970830106
12285.json,bob-graham,half-true,0,speaker_disjoint_split,1,0.6447695978908579,1,0.541340276477244
8677.json,kathleen-vinehout,barely-true,1,speaker_disjoint_split,1,0.6911534032844577,1,0.602718139845282
9434.json,republican-governors-association,barely-true,1,speaker_disjoint_split,1,0.7400971977257232,1,0.6717425041349822
549.json,ralph-nader,mostly-true,0,speaker_disjoint_split,0,0.44117973107849967,0,0.2769321388771876
4366.json,blog-posting,pants-fire,1,speaker_disjoint_split,1,0.6726535119277067,1,0.7043482345211199
11363.json,donald-trump,pants-fire,1,speaker_disjoint_split,0,0.44428406304763435,1,0.5067011589243096
12499.json,donald-trump,pants-fire,1,speaker_disjoint_split,1,0.6118334819844904,1,0.5792338692280163
12023.json,bernie-s,mostly-true,0,speaker_disjoint_split,0,0.5006706304911364,0,0.4626758842921095
8347.json,bernie-s,false,1,speaker_disjoint_split,1,0.7391631649581608,1,0.6138997047017455
5750.json,joe-biden,half-true,0,speaker_disjoint_split,1,0.5918643816798661,1,0.518315135937953
13159.json,democratic-congressional-campaign-committee,barely-true,1,speaker_disjoint_split,0,0.5280817400827981,1,0.5096555675793737
2699.json,michael-steele,false,1,speaker_disjoint_split,1,0.6274695623488676,1,0.5459087166429799
3485.json,dennis-richardson,false,1,speaker_disjoint_split,0,0.2999862377639298,0,0.31171276386885793
11453.json,claire-mccaskill,false,1,speaker_disjoint_split,0,0.47639891596833356,0,0.36360769046621405
5031.json,tim-kaine,half-true,0,speaker_disjoint_split,0,0.47656661871073047,0,0.48028591365725426
7976.json,debbie-wasserman-schultz,half-true,0,speaker_disjoint_split,1,0.6444884895588217,1,0.5569734242766222
11906.json,joanne-kloppenburg,mostly-true,0,speaker_disjoint_split,1,0.6650281692193002,1,0.6335988641500423
9652.json,debbie-wasserman-schultz,barely-true,1,speaker_disjoint_split,0,0.45774662728546567,0,0.41192379869626355
13228.json,donald-trump,pants-fire,1,speaker_disjoint_split,1,0.6353736835840766,1,0.6414874153694246
4373.json,scott-walker,pants-fire,1,speaker_disjoint_split,0,0.39098748387425525,0,0.392295270412367
8214.json,bookerfail,half-true,0,speaker_disjoint_split,0,0.518914209216871,0,0.4729207898044404
6462.json,debbie-wasserman-schultz,false,1,speaker_disjoint_split,0,0.3659021181568503,0,0.3539271353684211
5870.json,mike-foley,mostly-true,0,speaker_disjoint_split,0,0.5172138299310416,1,0.510868571066966
6903.json,rob-zerban,pants-fire,1,speaker_disjoint_split,1,0.7569582862600758,1,0.6740693234086343
6308.json,jackie-cilley,true,0,speaker_disjoint_split,0,0.33924675268082793,0,0.3228779327083773
13145.json,national-republican-congressional-committee,barely-true,1,speaker_disjoint_split,0,0.45765018214416253,0,0.4085600438632013
11617.json,arsalan-iftikhar,false,1,speaker_disjoint_split,1,0.599110177363558,1,0.5436887369333593
12246.json,john-pagliarini,half-true,0,speaker_disjoint_split,0,0.49951439173073225,0,0.39358928361082574
10286.json,diego-arene-morley,true,0,speaker_disjoint_split,0,0.42189319103351824,0,0.2691183425556557
12813.json,donald-trump,mostly-true,0,speaker_disjoint_split,1,0.5577504122657765,1,0.5245587178692555
10192.json,delia-garza,false,1,speaker_disjoint_split,1,0.6636402926767971,1,0.589883955449667
2464.json,john-kasich,barely-true,1,speaker_disjoint_split,0,0.47215864801981866,0,0.4092279647536659
4552.json,david-axelrod,mostly-true,0,speaker_disjoint_split,1,0.5799551697506266,1,0.5149567355753975
5897.json,joe-biden,false,1,speaker_disjoint_split,1,0.612494628793425,1,0.5431896486277534
9831.json,blog-posting,true,0,speaker_disjoint_split,1,0.6958869164897924,1,0.7609881001746389
1445.json,charlie-crist,mostly-true,0,speaker_disjoint_split,0,0.35235770608313144,0,0.2978430010301492
4064.json,scott-walker,false,1,speaker_disjoint_split,1,0.7149844549330914,1,0.6690735611617651
12201.json,david-jolly,barely-true,1,speaker_disjoint_split,1,0.643281487855264,1,0.7880451355203444
4807.json,rob-cornilles,true,0,speaker_disjoint_split,0,0.4610347832597064,1,0.4895014908224971
8333.json,steve-lonegan,true,0,speaker_disjoint_split,0,0.42806416952505466,0,0.36802810001044584
9199.json,anissa-naouai,half-true,0,speaker_disjoint_split,0,0.0,0,0.0
13262.json,donald-trump,barely-true,1,speaker_disjoint_split,1,0.7096293008152292,1,0.6487543941998521
1603.json,karl-rove,mostly-true,0,speaker_disjoint_split,0,0.5304525651157006,1,0.49267764646221246
5702.json,nathan-deal,mostly-true,0,speaker_disjoint_split,1,0.5439866107707916,0,0.48054869808643325
3795.json,angel-taveras,false,1,speaker_disjoint_split,1,0.5579272250262808,0,0.43244977105578764
10828.json,david-cicilline,true,0,speaker_disjoint_split,0,0.22581994375447045,0,0.2052927023460813
6116.json,terry-lawler,barely-true,1,speaker_disjoint_split,1,0.7237102795307923,1,0.640841730154628
1283.json,blog-posting,pants-fire,1,speaker_disjoint_split,1,0.6808315700224344,1,0.7245539082626804
11915.json,centre-research-globalization,false,1,speaker_disjoint_split,1,0.547156772655145,0,0.3960455867099311
4340.json,club-growth,false,1,speaker_disjoint_split,1,0.7193900461647268,1,0.5755780256544335
12822.json,joaquin-castro,half-true,0,speaker_disjoint_split,0,0.43357514548863446,1,0.5541845352262442
11501.json,carly-fiorina,false,1,speaker_disjoint_split,0,0.4525047441240392,0,0.40238593456751326
9067.json,kesha-rogers,half-true,0,speaker_disjoint_split,1,0.7102794586607126,1,0.626432590114279
239.json,ron-paul,true,0,speaker_disjoint_split,0,0.4999495732684689,1,0.49416181937982695
9247.json,neera-tanden,mostly-true,0,speaker_disjoint_split,0,0.29781371584116156,0,0.27901778095812185
9873.json,chuck-todd,true,0,speaker_disjoint_split,0,0.2947046850513167,0,0.27046280147552726
11713.json,bernie-s,barely-true,1,speaker_disjoint_split,1,0.6385513634352112,1,0.5627556170437455
1919.json,debbie-wasserman-schultz,half-true,0,speaker_disjoint_split,0,0.44071068312278,0,0.4474623111623468
1294.json,keith-olbermann,mostly-true,0,speaker_disjoint_split,0,0.45109412970201196,0,0.4401120068631956
7278.json,jennette-gayer,mostly-true,0,speaker_disjoint_split,1,0.6185408917161322,1,0.629513936931015
13382.json,donald-trump,false,1,speaker_disjoint_split,1,0.5326159053979758,1,0.5780201240303999
13464.json,donald-trump,false,1,speaker_disjoint_split,1,0.6985210725524845,1,0.6023947828234802
13218.json,rush-limbaugh,pants-fire,1,speaker_disjoint_split,1,0.6782079906484866,1,0.6796668502557702
7142.json,dan-micciche,mostly-true,0,speaker_disjoint_split,0,0.2796954245264221,0,0.30990506125958234
6016.json,joe-biden,mostly-true,0,speaker_disjoint_split,0,0.3439259629396203,0,0.2924507855122074
11995.json,donald-trump,false,1,speaker_disjoint_split,0,0.47036890420173866,1,0.577493280493637
1630.json,tom-coburn,mostly-true,0,speaker_disjoint_split,1,0.9724071774321679,1,0.874516865754511
12938.json,donald-trump,mostly-true,0,speaker_disjoint_split,0,0.37035143453256264,0,0.34655154429149937
5716.json,robert-menendez,true,0,speaker_disjoint_split,0,0.1598315903767162,0,0.17064079903055715
11079.json,blog-posting,pants-fire,1,speaker_disjoint_split,1,0.6605503276056388,1,0.6965505702218109
13039.json,donald-trump,false,1,speaker_disjoint_split,1,0.6020395788873169,1,0.5553705887679838
1149.json,bernie-s,false,1,speaker_disjoint_split,0,0.3231576187349225,0,0.3414161277368882
8473.json,joe-barton,false,1,speaker_disjoint_split,1,0.7169793892379193,1,0.5928073957347825
3749.json,david-cicilline,barely-true,1,speaker_disjoint_split,0,0.27873799886750733,0,0.1346061463260095
5734.json,bettylou-decroce,half-true,0,speaker_disjoint_split,0,0.2818512269337353,0,0.24047358951563036
12922.json,pat-mccrory,barely-true,1,speaker_disjoint_split,1,0.6302164307890656,1,0.5034200367580942
1506.json,charlie-crist,true,0,speaker_disjoint_split,0,0.5193086760282097,0,0.42855233827064054
2828.json,marvin-pratt,false,1,speaker_disjoint_split,1,0.5528358516092071,1,0.4909593901523975
5145.json,rob-cornilles,barely-true,1,speaker_disjoint_split,0,0.3869524786485152,0,0.40270183423980654
11283.json,reader-email,mostly-true,0,speaker_disjoint_split,0,0.4106589365038404,0,0.2569699581759781
10185.json,sean-spicer,true,0,speaker_disjoint_split,0,0.30353833775701416,0,0.2711377570186935
12267.json,lee-camp,half-true,0,speaker_disjoint_split,0,0.4883321739293614,1,0.5372468631355541
10579.json,scott-walker,mostly-true,0,speaker_disjoint_split,0,0.3965424457396278,0,0.3686446798189387
12307.json,bernie-s,mostly-true,0,speaker_disjoint_split,0,0.36819722535053073,0,0.37392074692618793
6344.json,lou-ann-zelenik,false,1,speaker_disjoint_split,1,0.8561748018655669,1,0.7557474166413786
8021.json,karl-rove,mostly-true,0,speaker_disjoint_split,1,0.6425206247304825,1,0.5567013439888643
11314.json,carly-fiorina,true,0,speaker_disjoint_split,1,0.5857037180214197,0,0.4278558343739808
2851.json,joe-barton,barely-true,1,speaker_disjoint_split,1,0.6555110865661966,1,0.5348716577719222
12570.json,donald-trump,pants-fire,1,speaker_disjoint_split,1,0.5487874909581832,1,0.5445191356690412
828.json,john-mccain,false,1,speaker_disjoint_split,1,0.698763529666777,1,0.6573086837424245
1861.json,carly-fiorina,pants-fire,1,speaker_disjoint_split,1,0.8003391921348748,1,0.6214628344315215
5337.json,nickie-antonio,barely-true,1,speaker_disjoint_split,0,0.2646938549097275,0,0.2732902616132775
3023.json,john-kasich,false,1,speaker_disjoint_split,0,0.2029040233013949,0,0.2603531134632321
11577.json,bernie-s,true,0,speaker_disjoint_split,0,0.33790088564542564,0,0.32856396393839704
12844.json,donald-trump,mostly-true,0,speaker_disjoint_split,0,0.22357329330914125,0,0.23001260330921816
11576.json,bernie-s,half-true,0,speaker_disjoint_split,0,0.4269322771810427,0,0.4525434987377196
2827.json,republican-state-senators,pants-fire,1,speaker_disjoint_split,1,0.6446099195080656,1,0.6167835325101548
10609.json,scott-walker,false,1,speaker_disjoint_split,1,0.6493604394846529,1,0.608770998903506
4166.json,debbie-wasserman-schultz,true,0,speaker_disjoint_split,1,0.5824687906939282,0,0.4667296554238009
1186.json,blog-posting,pants-fire,1,speaker_disjoint_split,1,0.7126351853559224,1,0.8745029985797832
12784.json,bill-clinton,half-true,0,speaker_disjoint_split,0,0.40504422773878557,0,0.3932610552105606
97.json,bill-richardson,mostly-true,0,speaker_disjoint_split,0,0.5044552722549978,0,0.4314918591136904
11788.json,scott-walker,mostly-true,0,speaker_disjoint_split,0,0.30443285266651354,0,0.30380077348262263
4828.json,armond-budish,false,1,speaker_disjoint_split,1,0.6924434327184752,1,0.5941989007224152
1868.json,blog-posting,pants-fire,1,speaker_disjoint_split,1,0.827800771420742,1,0.8418287465591892
9121.json,rush-limbaugh,false,1,speaker_disjoint_split,1,0.6088148485891905,1,0.5630918530258817
8335.json,deadspin,true,0,speaker_disjoint_split,0,0.4863247605700563,0,0.448951117080928
10612.json,nancy-devaney,false,1,speaker_disjoint_split,1,0.5331775991691851,0,0.42326402591754386
5143.json,rob-cornilles,mostly-true,0,speaker_disjoint_split,1,0.6855059307377506,1,0.6907322998980505
9922.json,donald-trump,mostly-true,0,speaker_disjoint_split,0,0.36997707216889575,0,0.28018885668670435
2421.json,scott-walker,half-true,0,speaker_disjoint_split,0,0.4487264569694821,0,0.43395848141253973
3350.json,glenn-beck,pants-fire,1,speaker_disjoint_split,1,0.57212723303481,1,0.5212456791319524
10116.json,scott-walker,barely-true,1,speaker_disjoint_split,0,0.49981378989703723,0,0.4658516185945228
786.json,john-mccain,false,1,speaker_disjoint_split,1,0.5891590993680056,1,0.5784373443985321
10725.json,addicting-information,false,1,speaker_disjoint_split,0,0.29555461000998196,0,0.2910261176918249
9713.json,charlotte-nash,half-true,0,speaker_disjoint_split,1,0.6259187837804889,1,0.5610144755676001
9318.json,miami-seaport-alliance,false,1,speaker_disjoint_split,1,0.5682347741054362,1,0.4900620034913757
4395.json,state-democratic-party-wisconsin,pants-fire,1,speaker_disjoint_split,0,0.5000282263261453,1,0.5167477513702518
4532.json,mary-nolan,half-true,0,speaker_disjoint_split,1,0.7804818408554337,1,0.6124273791085001
4909.json,tim-kaine,true,0,speaker_disjoint_split,0,0.3679914386585841,0,0.34165178949731695
13081.json,donald-trump,false,1,speaker_disjoint_split,1,0.552993550752114,1,0.5130550885693193
7290.json,coalition-stop-gun-violence,pants-fire,1,speaker_disjoint_split,1,0.5530968040581735,1,0.5061129495736992
1163.json,republican-party-florida,pants-fire,1,speaker_disjoint_split,1,0.5883368154670051,1,0.5542348538823142
3155.json,scott-walker,false,1,speaker_disjoint_split,0,0.39684047613808626,0,0.4060171528337363
8882.json,charlie-crist,half-true,0,speaker_disjoint_split,1,0.8963153090630346,1,0.772666684040251
12689.json,donald-trump,false,1,speaker_disjoint_split,1,0.5373127665990809,1,0.502296546897551
834.json,john-mccain,true,0,speaker_disjoint_split,1,0.5997912376656067,1,0.5757364203585322
7307.json,nathan-deal,mostly-true,0,speaker_disjoint_split,0,0.36790864687917646,0,0.3786792276527846
5651.json,marsha-blackburn,false,1,speaker_disjoint_split,1,0.8988118669647984,1,0.7699605660827931
10709.json,scott-walker,half-true,0,speaker_disjoint_split,1,0.6273731762919461,1,0.49894784083464
10008.json,republican-governors-association,false,1,speaker_disjoint_split,0,0.5250669873789141,0,0.45701900805244683
11423.json,bernie-s,barely-true,1,speaker_disjoint_split,1,0.6306084567106018,1,0.5542140593942599
8578.json,debbie-wasserman-schultz,half-true,0,speaker_disjoint_split,1,0.5591099685452257,1,0.5534694494446468
12750.json,donald-trump,half-true,0,speaker_disjoint_split,0,0.51973017028608,0,0.47582205266848865
2884.json,oregon-healthy-kids,mostly-true,0,speaker_disjoint_split,1,0.6616058881811049,1,0.525856775875993
2373.json,david-porter,half-true,0,speaker_disjoint_split,0,0.4153805802856418,0,0.3833145205682347
4810.json,dekalb-county,mostly-true,0,speaker_disjoint_split,0,0.39383231493851684,0,0.3893908900975834
3760.json,steve-oelrich,true,0,speaker_disjoint_split,1,0.548793675676528,1,0.5600865067397468
630.json,john-mccain,true,0,speaker_disjoint_split,1,0.7804470941657017,1,0.6748179359481014
2587.json,national-republican-congressional-committee,pants-fire,1,speaker_disjoint_split,1,0.651059908649822,1,0.5603530597868656
8988.json,americans-prosperity-georgia-chapter,mostly-true,0,speaker_disjoint_split,0,0.34980149251246856,0,0.2439757669190882
5816.json,national-republican-congressional-committee,barely-true,1,speaker_disjoint_split,0,0.3638142793085325,0,0.37531390389087993
8872.json,mr-conservative,false,1,speaker_disjoint_split,1,0.9013994070087719,1,0.7539189478397257
9415.json,scott-walker,mostly-true,0,speaker_disjoint_split,0,0.4664354397666481,1,0.4921987517361236
8991.json,david-ignatius,true,0,speaker_disjoint_split,0,0.44494669563471495,0,0.44965787709186544
13217.json,donald-trump,false,1,speaker_disjoint_split,0,0.47568549605300076,0,0.4495670437775681
5013.json,restore-our-future,mostly-true,0,speaker_disjoint_split,1,0.5493978692294116,1,0.5411255029466028
5114.json,scott-walker,false,1,speaker_disjoint_split,1,0.5698204643351242,1,0.5532582519056866
2609.json,nathan-deal,half-true,0,speaker_disjoint_split,1,0.6426005179864199,1,0.5447045786355452
8536.json,scott-walker,mostly-true,0,speaker_disjoint_split,0,0.527544226268829,1,0.5196261792569842
6085.json,julian-castro,half-true,0,speaker_disjoint_split,0,0.3473757674022087,0,0.3649665725557629
3540.json,tim-kaine,true,0,speaker_disjoint_split,0,0.2712711429036948,0,0.25038136109487763
1194.json,keith-olbermann,half-true,0,speaker_disjoint_split,0,0.5142205798019992,0,0.48004231503040623
5704.json,republican-governors-association,half-true,0,speaker_disjoint_split,1,0.5825825118655632,0,0.452647488584443
6820.json,ann-coulter,true,0,speaker_disjoint_split,1,0.610876740446272,1,0.5821406648775648
1859.json,nathan-deal,barely-true,1,speaker_disjoint_split,1,0.7161163713945395,1,0.5073044388734773
13131.json,donald-trump,false,1,speaker_disjoint_split,0,0.29605631401457216,0,0.37012050002199665
8384.json,ken-cuccinelli,false,1,speaker_disjoint_split,1,0.5734587007210749,1,0.5620174560705834
13511.json,heather-mcghee,half-true,0,speaker_disjoint_split,0,0.41118321926713214,0,0.3676268482313101
13103.json,donald-trump,false,1,speaker_disjoint_split,1,0.6942840335146042,1,0.5557397649449186
8823.json,mark-schlereth,mostly-true,0,speaker_disjoint_split,0,0.3232979223668614,0,0.3401366474219394
735.json,john-mccain,barely-true,1,speaker_disjoint_split,1,0.8193469304109187,1,0.7093248544933245
9090.json,kathleen-sebelius,mostly-true,0,speaker_disjoint_split,0,0.3881747161011922,0,0.3694188113465997
4249.json,club-growth,barely-true,1,speaker_disjoint_split,1,0.803121148378147,1,0.6705089259292023
12771.json,bernie-s,mostly-true,0,speaker_disjoint_split,0,0.28534807113948707,0,0.3121637300802264
12029.json,donald-trump,half-true,0,speaker_disjoint_split,1,0.6362066242157474,1,0.6691653675729868
7273.json,keith-faber,true,0,speaker_disjoint_split,1,0.6013717572149765,1,0.5995847352883482
11328.json,bernie-s,mostly-true,0,speaker_disjoint_split,0,0.16659168972451727,0,0.1988648659528864
7579.json,ed-fallone,half-true,0,speaker_disjoint_split,1,0.6492908794758181,1,0.6181973808864748
9659.json,dan-patrick,false,1,speaker_disjoint_split,0,0.254711353313336,0,0.3552380442384419
7844.json,harry-alford,pants-fire,1,speaker_disjoint_split,1,0.768416133349711,1,0.7257873908228775
349.json,bill-clinton,false,1,speaker_disjoint_split,0,0.47743727242598477,0,0.38682246311165835
12041.json,bernie-s,mostly-true,0,speaker_disjoint_split,1,0.5991201290203185,1,0.5146689524078988
4521.json,jim-whelan,half-true,0,speaker_disjoint_split,0,0.29605711811103613,0,0.22748388510277218
6170.json,sam-adams,mostly-true,0,speaker_disjoint_split,0,0.4504238327850668,0,0.34462771923907076
2176.json,nathan-deal,mostly-true,0,speaker_disjoint_split,0,0.4058858574961756,0,0.36504466475561914
2116.json,bill-oreilly,false,1,speaker_disjoint_split,1,0.7333212110139564,1,0.6679499602312868
4019.json,new-jersey-democratic-state-committee,false,1,speaker_disjoint_split,0,0.3485085492916011,0,0.31870498213018805
1531.json,charles-rangel,pants-fire,1,speaker_disjoint_split,0,0.528767767575334,1,0.508056598784369
5365.json,greg-walden,true,0,speaker_disjoint_split,0,0.4195658646883836,0,0.39913590333043314
3768.json,terry-moulton,false,1,speaker_disjoint_split,0,0.523873965100859,1,0.4914563137382195
13126.json,donald-trump,false,1,speaker_disjoint_split,0,0.4892307915639431,1,0.49728335134073953
13299.json,donald-trump,barely-true,1,speaker_disjoint_split,1,0.8152927262309745,1,0.715147282668586
698.json,john-mccain,false,1,speaker_disjoint_split,1,0.569823867229784,1,0.5353508453476978
9586.json,jeff-merkley,false,1,speaker_disjoint_split,1,0.6186057402307347,1,0.5489165649745771
4128.json,national-republican-congressional-committee,false,1,speaker_disjoint_split,1,0.7295354795347774,1,0.6922308384672219
12276.json,jerry-jones,pants-fire,1,speaker_disjoint_split,0,0.3519502662483488,0,0.34186989035543924
12001.json,donald-trump,false,1,speaker_disjoint_split,1,0.6761726734463578,1,0.7092199473885192
3312.json,scott-walker,false,1,speaker_disjoint_split,1,0.6622999923171012,1,0.6062751842104538
13151.json,blog-posting,pants-fire,1,speaker_disjoint_split,1,0.6269619530874718,1,0.6804047613772165
13187.json,tim-kaine,half-true,0,speaker_disjoint_split,1,0.6410269404726977,1,0.5277625501884933
11916.json,john-kasich,mostly-true,0,speaker_disjoint_split,0,0.43654835644292694,0,0.3990124267734665
12464.json,scott-walker,half-true,0,speaker_disjoint_split,1,0.5945251049130403,1,0.6018718246779775
1606.json,charlie-crist,mostly-true,0,speaker_disjoint_split,1,0.5924041391604006,0,0.4749469883565594
12268.json,donald-trump,mostly-true,0,speaker_disjoint_split,1,0.6898117695931567,1,0.6047825971683742
4891.json,alan-simpson,true,0,speaker_disjoint_split,0,0.14439526769887778,0,0.1664611775724068
8793.json,florida-all,barely-true,1,speaker_disjoint_split,0,0.5115609736389545,0,0.45923533623644147
5495.json,david-axelrod,false,1,speaker_disjoint_split,0,0.5181920717661395,0,0.37750789463742485
516.json,john-mccain,true,0,speaker_disjoint_split,1,0.5778933220185372,1,0.4943003455132201
11063.json,donald-trump,false,1,speaker_disjoint_split,1,0.6321387740890051,1,0.5631930057851328
113.json,john-mccain,half-true,0,speaker_disjoint_split,0,0.31704610914707004,0,0.305418419653336
11992.json,donald-trump,pants-fire,1,speaker_disjoint_split,1,0.6655109735472011,1,0.6052843877993974
8769.json,chris-murphy,true,0,speaker_disjoint_split,1,0.53445834838327,1,0.5189889119849788
10370.json,chris-coons,barely-true,1,speaker_disjoint_split,1,0.6359982717253961,0,0.4645560846949042
991.json,gus-bilirakis,barely-true,1,speaker_disjoint_split,1,0.6798549304826489,1,0.5619400795150292
507.json,john-mccain,barely-true,1,speaker_disjoint_split,0,0.47082058340603855,0,0.39952499181758977
7747.json,blog-posting,barely-true,1,speaker_disjoint_split,1,0.7556788666164789,1,0.7442428089445385
10968.json,bill-clinton,mostly-true,0,speaker_disjoint_split,1,0.6415646590280185,1,0.5592431156817417
12682.json,donald-trump,true,0,speaker_disjoint_split,1,0.5511567543654806,1,0.5614869199750683
10190.json,ben-cardin,barely-true,1,speaker_disjoint_split,0,0.47471071989779884,0,0.4816550979605904
13060.json,blog-posting,pants-fire,1,speaker_disjoint_split,1,0.7294444153300859,1,0.7668673164978113
12443.json,vicki-martin,mostly-true,0,speaker_disjoint_split,0,0.34819546037062404,0,0.29176753884855494
6210.json,bill-weimer,true,0,speaker_disjoint_split,1,0.7248855409507154,1,0.818008204366227
3590.json,peter-defazio,false,1,speaker_disjoint_split,1,0.7755669797425176,1,0.813424420302546
4625.json,fred-karger,pants-fire,1,speaker_disjoint_split,0,0.4591276482308076,1,0.614663189621273
1932.json,bill-lynch,pants-fire,1,speaker_disjoint_split,1,0.6927424445357591,1,0.6840791287345372
10984.json,scott-walker,half-true,0,speaker_disjoint_split,0,0.4341946823475654,0,0.4557020040321518
13041.json,donald-trump,pants-fire,1,speaker_disjoint_split,1,0.6085488978431226,1,0.5402913628896401
9955.json,blog-posting,pants-fire,1,speaker_disjoint_split,1,0.8014666649127679,1,0.9186806224192823
3533.json,charles-rangel,half-true,0,speaker_disjoint_split,0,0.5103339699375131,0,0.4452368133874421
4671.json,ron-paul,mostly-true,0,speaker_disjoint_split,0,0.43940726969604377,0,0.42027056491628567
701.json,john-mccain,barely-true,1,speaker_disjoint_split,1,0.6933062594872873,1,0.57484237011191
9894.json,john-mccain,mostly-true,0,speaker_disjoint_split,1,0.6535104760468887,1,0.5163581863463044
2955.json,state-democratic-party-wisconsin,pants-fire,1,speaker_disjoint_split,1,0.8588422355973394,1,0.7991683883401584
8724.json,carol-shea-porter,true,0,speaker_disjoint_split,1,0.5844998148218135,0,0.48014079107612306
11224.json,se-cupp,true,0,speaker_disjoint_split,0,0.35998115335193387,0,0.3794304648293619
12890.json,donald-trump,barely-true,1,speaker_disjoint_split,0,0.48557178254548095,1,0.4931432218256971
3683.json,saxby-chambliss,false,1,speaker_disjoint_split,1,0.7965498037666267,1,0.7379924326651447
12983.json,tim-kaine,false,1,speaker_disjoint_split,1,0.7088782877949394,1,0.65353505550209
1302.json,charlie-crist,pants-fire,1,speaker_disjoint_split,1,0.7873189569266483,1,0.7062782414387893
6676.json,gilberto-hinojosa,false,1,speaker_disjoint_split,1,0.6847084090858985,1,0.604183140616278
12212.json,bernie-s,half-true,0,speaker_disjoint_split,0,0.4400217871208238,0,0.3972691226768819
4179.json,jessica-king,barely-true,1,speaker_disjoint_split,1,0.5592572731809634,0,0.4750542591118185
12814.json,bill-clinton,half-true,0,speaker_disjoint_split,0,0.5066896229661212,0,0.47374400679207024
3057.json,greg-walden,barely-true,1,speaker_disjoint_split,0,0.3601371858825352,0,0.2866548005459249
3371.json,andy-brown,false,1,speaker_disjoint_split,1,0.5521931779944093,0,0.4579886167980505
8319.json,state-democratic-party-wisconsin,half-true,0,speaker_disjoint_split,0,0.5106056843815164,1,0.5087695305468137
598.json,john-mccain,barely-true,1,speaker_disjoint_split,1,0.867083086988823,1,0.7688130399353827
8509.json,charlie-crist,true,0,speaker_disjoint_split,1,0.6110025712264012,1,0.5545385941375388
8803.json,scott-walker,mostly-true,0,speaker_disjoint_split,1,0.5814076469008558,1,0.5649009975367724
9653.json,angel-taveras,half-true,0,speaker_disjoint_split,0,0.3517660462790905,0,0.302740529261947
13002.json,donald-trump,mostly-true,0,speaker_disjoint_split,0,0.16078620990045797,0,0.21080389975485786
12126.json,stephen-zappala,half-true,0,speaker_disjoint_split,1,0.5798920108933592,0,0.4155960688098868
8487.json,republican-party-florida,half-true,0,speaker_disjoint_split,0,0.502704787064509,0,0.43069453027442955
1510.json,republican-governors-association,mostly-true,0,speaker_disjoint_split,1,0.5760706135526059,1,0.500701385555979
5798.json,scott-walker,barely-true,1,speaker_disjoint_split,1,0.7561276882980157,1,0.6741310353523936
546.json,john-mccain,true,0,speaker_disjoint_split,1,0.5825138307675635,1,0.5314612261488437
1544.json,charlie-crist,true,0,speaker_disjoint_split,0,0.409558329319513,0,0.38138067662035635
8045.json,tom-cole,true,0,speaker_disjoint_split,1,0.6169039056072615,1,0.5448275296930507
10508.json,scott-walker,false,1,speaker_disjoint_split,0,0.3367190036849426,0,0.3129422052313744
11550.json,donald-trump,barely-true,1,speaker_disjoint_split,0,0.4356643682828041,0,0.46292524871690505
1686.json,charlie-crist,half-true,0,speaker_disjoint_split,0,0.4992739324884906,0,0.4401618014291846
12216.json,donald-trump,false,1,speaker_disjoint_split,1,0.6833719718288426,1,0.6389150980968038
5028.json,kyleen-wright,barely-true,1,speaker_disjoint_split,1,0.6190772989543736,0,0.4782725695930615
5014.json,national-republican-congressional-committee,true,0,speaker_disjoint_split,0,0.5012024455508398,0,0.46760563950489525
1746.json,charlie-crist,false,1,speaker_disjoint_split,1,0.6723804149882294,1,0.5210722632929031
120.json,joe-biden,true,0,speaker_disjoint_split,0,0.4063219070474194,0,0.39399309350536016
7849.json,national-republican-congressional-committee,mostly-true,0,speaker_disjoint_split,1,0.7326813623665469,1,0.6847065569435938
3567.json,donald-trump,false,1,speaker_disjoint_split,0,0.4658327517116222,0,0.48865427806853384
515.json,john-mccain,half-true,0,speaker_disjoint_split,0,0.33080382846419876,0,0.2912362651682273
7431.json,john-kasich,mostly-true,0,speaker_disjoint_split,0,0.5136258427561243,1,0.503560683134358
1396.json,david-axelrod,mostly-true,0,speaker_disjoint_split,0,0.22963904900343177,0,0.20841438853907635
6305.json,robert-dimuccio,true,0,speaker_disjoint_split,0,0.27152649669635204,0,0.3040625511698572
831.json,john-mccain,mostly-true,0,speaker_disjoint_split,1,0.6278868040876171,1,0.56227889248881
8248.json,karl-rove,mostly-true,0,speaker_disjoint_split,0,0.3461698742987002,0,0.36739063917635256
12802.json,tim-kaine,half-true,0,speaker_disjoint_split,0,0.4233974391001159,0,0.4061819724874052
646.json,joe-biden,false,1,speaker_disjoint_split,1,0.6910899803419741,1,0.5548021087347212
2627.json,alexi-giannoulias,barely-true,1,speaker_disjoint_split,1,0.6667374114359571,1,0.6135818719169802
3463.json,glenn-beck,half-true,0,speaker_disjoint_split,1,0.7136683847646745,1,0.6723863629965532
8528.json,charlotte-nash,true,0,speaker_disjoint_split,1,0.5680154182502453,1,0.509278600649949
9065.json,nathan-deal,true,0,speaker_disjoint_split,0,0.20399372896319792,0,0.22256148439916884
5217.json,robert-hagan,half-true,0,speaker_disjoint_split,1,0.6312756508925987,1,0.5015090739196371
1412.json,rush-limbaugh,pants-fire,1,speaker_disjoint_split,1,0.6154910394248264,1,0.5990857344244865
13384.json,donald-trump,pants-fire,1,speaker_disjoint_split,1,0.6629702060159067,1,0.5907276106373966
617.json,john-mccain,barely-true,1,speaker_disjoint_split,1,0.7389398974048812,1,0.6505737697035987
3723.json,john-kasich,barely-true,1,speaker_disjoint_split,0,0.5151788319334847,0,0.445241185895583
5937.json,lloyd-doggett,mostly-true,0,speaker_disjoint_split,0,0.41578841743705647,0,0.29222601996777253
13016.json,donald-trump,half-true,0,speaker_disjoint_split,1,0.6741021264029543,1,0.5969112775490552
12920.json,vote-no-2,barely-true,1,speaker_disjoint_split,0,0.526857391706251,0,0.385603548610197
6245.json,american-commitment,pants-fire,1,speaker_disjoint_split,1,0.7615199111536919,1,0.6970480104787544
10292.json,allen-peake,true,0,speaker_disjoint_split,1,0.5907730431277737,1,0.5194750246745247
2915.json,vern-buchanan,false,1,speaker_disjoint_split,1,0.5414726682587528,1,0.5414705586786592
11361.json,tom-cole,true,0,speaker_disjoint_split,1,0.9232084644891069,1,0.9119774586694618
8018.json,gilberto-hinojosa,pants-fire,1,speaker_disjoint_split,1,0.6709507715025543,1,0.6530738116326558
8678.json,blog-posting,barely-true,1,speaker_disjoint_split,1,0.7275217902568066,1,0.7971742378791372
10819.json,carly-fiorina,mostly-true,0,speaker_disjoint_split,0,0.4226039102726637,0,0.3530404176244197
9303.json,joaquin-castro,true,0,speaker_disjoint_split,0,0.3410007238179526,0,0.3944479948470396
928.json,fidelis,mostly-true,0,speaker_disjoint_split,1,0.6958060634190929,1,0.5859204812858781
11909.json,donald-trump,barely-true,1,speaker_disjoint_split,1,0.5325239650959954,0,0.4822397553205055
11367.json,ben-carson,barely-true,1,speaker_disjoint_split,1,0.7077815287152346,1,0.6227159491326716
4852.json,john-kasich,true,0,speaker_disjoint_split,0,0.42934770429302543,0,0.4137371223712677
8400.json,michael-thurmond,barely-true,1,speaker_disjoint_split,1,0.6757615554295734,1,0.607958557446628
3961.json,blog-posting,false,1,speaker_disjoint_split,1,0.5733458868034611,1,0.609811607372676
5428.json,alissa-keny-guyer,true,0,speaker_disjoint_split,1,0.5714419250213647,1,0.4971626364038178
6582.json,david-cicilline,mostly-true,0,speaker_disjoint_split,0,0.352697705258959,0,0.2988142191668337
3857.json,robert-brown,barely-true,1,speaker_disjoint_split,1,0.7533825890723134,1,0.6023109531027584
9580.json,republican-party-florida,mostly-true,0,speaker_disjoint_split,1,0.6314605815352006,1,0.5277928794920297
742.json,john-mccain,barely-true,1,speaker_disjoint_split,0,0.4928564128612529,0,0.45241545846220343
10201.json,greta-van-susteren,mostly-true,0,speaker_disjoint_split,0,0.1352038795974743,0,0.21021380381832164
8750.json,david-jolly,barely-true,1,speaker_disjoint_split,0,0.4681388191672662,1,0.6092195961942816
9136.json,mike-collier,false,1,speaker_disjoint_split,1,0.8319562715007862,1,0.7530879936696686
3898.json,elijah-cummings,true,0,speaker_disjoint_split,0,0.4498060447540023,0,0.3841675111648082
11103.json,chuck-baldwin,pants-fire,1,speaker_disjoint_split,0,0.4514820682564134,1,0.511800445143591
9811.json,john-carlevale,half-true,0,speaker_disjoint_split,0,0.40596676727143216,0,0.36978140428611966
8471.json,david-axelrod,mostly-true,0,speaker_disjoint_split,0,0.5014393340791491,0,0.4261720089466155
3825.json,debbie-wasserman-schultz,half-true,0,speaker_disjoint_split,1,0.6788663530733042,1,0.6127521578525507
8706.json,david-jolly,barely-true,1,speaker_disjoint_split,1,0.5974759542948584,1,0.6699682942395381
458.json,john-mccain,pants-fire,1,speaker_disjoint_split,0,0.5002210872243879,0,0.4709482592337497
140.json,bill-richardson,half-true,0,speaker_disjoint_split,1,0.6147918719694652,1,0.5517639153153241
2961.json,tom-coburn,mostly-true,0,speaker_disjoint_split,0,0.3935370692088107,0,0.34642097287251483
4278.json,ken-plum,false,1,speaker_disjoint_split,0,0.44970476452093655,0,0.4424889792959735
9673.json,nathan-deal,false,1,speaker_disjoint_split,1,0.7187782367540813,1,0.5948345650340955
12871.json,tim-kaine,half-true,0,speaker_disjoint_split,1,0.6167000919546225,1,0.539378693592442
12149.json,donald-trump,barely-true,1,speaker_disjoint_split,0,0.3890563542786817,0,0.39790728728904434
12959.json,donald-trump,barely-true,1,speaker_disjoint_split,0,0.34169111981110445,0,0.35976875303339695
12777.json,bernie-s,half-true,0,speaker_disjoint_split,0,0.2916859974960248,0,0.28488497784647765
12584.json,thomas-perez,barely-true,1,speaker_disjoint_split,0,0.5139580333800104,1,0.5142893810776398
7866.json,bernie-s,true,0,speaker_disjoint_split,0,0.2574992189368778,0,0.28652054188883314
7962.json,debbie-wasserman-schultz,mostly-true,0,speaker_disjoint_split,0,0.4325853644156036,0,0.3926965858499892
12710.json,donald-trump,false,1,speaker_disjoint_split,0,0.5025683551166535,0,0.4307372806057265
13191.json,tim-kaine,barely-true,1,speaker_disjoint_split,1,0.6782353477175612,1,0.5613428333338046
12251.json,don-beyer,barely-true,1,speaker_disjoint_split,0,0.49917223554526885,0,0.43446431926571066
1980.json,jan-brewer,false,1,speaker_disjoint_split,0,0.4153834563838299,1,0.49075274218192555
9678.json,rush-limbaugh,mostly-true,0,speaker_disjoint_split,0,0.4619059177490119,0,0.4760727583032727
2111.json,bob-gibbs,true,0,speaker_disjoint_split,0,0.5311966773437131,1,0.5587622395970734
9251.json,julian-castro,mostly-true,0,speaker_disjoint_split,0,0.473577998954201,0,0.429038372493624
2692.json,tim-kaine,barely-true,1,speaker_disjoint_split,0,0.47213124531221823,0,0.4725125001185046
11368.json,scott-walker,half-true,0,speaker_disjoint_split,0,0.4522018538690446,0,0.48291137086582336
13520.json,blog-posting,mostly-true,0,speaker_disjoint_split,0,0.4261423677163516,1,0.49067544491837356
662.json,john-mccain,false,1,speaker_disjoint_split,1,0.698763529666777,1,0.6573086837424245
7822.json,nathan-deal,half-true,0,speaker_disjoint_split,0,0.20304754468301145,0,0.19592056742524558
2158.json,bill-lynch,barely-true,1,speaker_disjoint_split,0,0.4554827556497186,0,0.4158836697396347
10497.json,scott-walker,mostly-true,0,speaker_disjoint_split,0,0.19883978195202284,0,0.23330301126559724
1542.json,charlie-crist,true,0,speaker_disjoint_split,0,0.5139665811418989,0,0.44143201497969564
4667.json,sam-adams,barely-true,1,speaker_disjoint_split,1,0.7427974838062875,1,0.6036604468361892
11512.json,carly-fiorina,half-true,0,speaker_disjoint_split,0,0.3410356859193391,0,0.29482702614381007
10698.json,foundation-secure-and-prosperous-america,barely-true,1,speaker_disjoint_split,1,0.7586553591177481,1,0.7082706855961948
13224.json,donald-trump,barely-true,1,speaker_disjoint_split,1,0.5827055802713627,1,0.6713934105510196
1754.json,lamar-mckay,barely-true,1,speaker_disjoint_split,0,0.46609235355847545,0,0.46187480306104217
1454.json,david-axelrod,true,0,speaker_disjoint_split,0,0.46069339994500275,0,0.38219436045123617
11273.json,donald-trump,false,1,speaker_disjoint_split,1,0.568674785495939,1,0.6066870702853817
7846.json,dale-kooyenga,mostly-true,0,speaker_disjoint_split,0,0.4761653424443637,0,0.3673301290947868
10993.json,stanley-mcchrystal,half-true,0,speaker_disjoint_split,0,0.39571715882500874,0,0.24944580756082935
12097.json,joanne-kloppenburg,false,1,speaker_disjoint_split,0,0.4730976911568344,0,0.4623972080205134
6464.json,david-cicilline,false,1,speaker_disjoint_split,1,0.6740551979073351,1,0.538070300480213
8553.json,goldie-taylor,false,1,speaker_disjoint_split,0,0.24018811215000505,0,0.13365435517282992
9961.json,catherine-taylor,true,0,speaker_disjoint_split,0,0.4954889489220814,1,0.5173374411709322
2545.json,debbie-jackow,false,1,speaker_disjoint_split,1,0.5406202838791226,0,0.48391409096006494
4142.json,dominick-marino,half-true,0,speaker_disjoint_split,0,0.4747861805721018,1,0.6855878610998909
3213.json,peter-defazio,mostly-true,0,speaker_disjoint_split,1,0.6044469436229131,1,0.6733065704503496
12801.json,chris-murphy,true,0,speaker_disjoint_split,0,0.33705786521432163,0,0.38200656839450897
10867.json,scott-walker,mostly-true,0,speaker_disjoint_split,0,0.31046863225268123,0,0.35369531381521757
6101.json,tim-kaine,mostly-true,0,speaker_disjoint_split,1,0.5911627373017585,1,0.5607613446062312
11422.json,bernie-s,mostly-true,0,speaker_disjoint_split,0,0.3259983971949412,0,0.27829796166986154
13185.json,tim-kaine,half-true,0,speaker_disjoint_split,0,0.4899022051868288,0,0.4690747396570321
10574.json,bill-oreilly,half-true,0,speaker_disjoint_split,0,0.4240409453162563,0,0.4723433079837459
6852.json,robert-menendez,true,0,speaker_disjoint_split,0,0.33384735035065566,0,0.31284344224833055
6044.json,gary-johnson,barely-true,1,speaker_disjoint_split,1,0.5801955112930444,1,0.5019719882371838
5148.json,democratic-congressional-campaign-committee,pants-fire,1,speaker_disjoint_split,0,0.3869016320886984,0,0.37182936559586693
12239.json,bernie-s,mostly-true,0,speaker_disjoint_split,0,0.40193816398587817,0,0.3536562703407462
1255.json,carl-levin,true,0,speaker_disjoint_split,1,0.5784141633122685,1,0.49203332705217406
9887.json,charlie-crist,mostly-true,0,speaker_disjoint_split,1,0.7423831960304608,1,0.5981108233312982
12971.json,donald-trump,false,1,speaker_disjoint_split,1,0.5705477952726787,1,0.5271896483375891
10584.json,ben-carson,false,1,speaker_disjoint_split,1,0.5650185241396668,1,0.5012300155125402
3295.json,tim-kaine,mostly-true,0,speaker_disjoint_split,0,0.469577962295773,0,0.43823465995867966
4052.json,united-fair-economy,mostly-true,0,speaker_disjoint_split,0,0.25866290765693706,0,0.30859260172967773
10619.json,rush-limbaugh,false,1,speaker_disjoint_split,1,0.8467978493670391,1,0.8465640883452373
9604.json,rush-limbaugh,half-true,0,speaker_disjoint_split,1,0.5502626095450914,0,0.4780626367801824
1721.json,debbie-wasserman-schultz,barely-true,1,speaker_disjoint_split,1,0.7202300064329549,1,0.6841867761764368
5437.json,national-republican-congressional-committee,barely-true,1,speaker_disjoint_split,0,0.4483677998784532,0,0.4428992666022639
3833.json,national-republican-congressional-committee,barely-true,1,speaker_disjoint_split,1,0.6095552922451883,1,0.5294396730009768
1062.json,keith-olbermann,false,1,speaker_disjoint_split,1,0.7489345515298053,1,0.6656235884694504
13396.json,blog-posting,pants-fire,1,speaker_disjoint_split,1,0.6513756392161624,1,0.7041375260835968
3299.json,scott-walker,false,1,speaker_disjoint_split,1,0.7370875710028171,1,0.6666213128383562
6719.json,national-republican-congressional-committee,half-true,0,speaker_disjoint_split,1,0.5611308323160701,1,0.5918183214573456
8918.json,dan-patrick,false,1,speaker_disjoint_split,1,0.6857150475433547,1,0.5939317156238778
13011.json,donald-trump,half-true,0,speaker_disjoint_split,0,0.3863388583735496,0,0.33319603939157616
1296.json,rush-limbaugh,half-true,0,speaker_disjoint_split,0,0.3598663560983422,0,0.4376640080417719
4448.json,debbie-wasserman-schultz,barely-true,1,speaker_disjoint_split,0,0.49117649078938724,0,0.4307337222263746
10875.json,sarah-silverman,true,0,speaker_disjoint_split,1,0.7049098137854715,1,0.556950239671765
11044.json,donald-trump,pants-fire,1,speaker_disjoint_split,0,0.48651892375348416,1,0.49755073147123446
10805.json,danny-porter,half-true,0,speaker_disjoint_split,1,0.5732478237092543,0,0.439709401080366
4772.json,kathleen-connell,false,1,speaker_disjoint_split,0,0.461151618490622,1,0.5737324305965283
9855.json,blog-posting,pants-fire,1,speaker_disjoint_split,1,0.650013423533794,1,0.7510727471505654
12984.json,donald-trump,pants-fire,1,speaker_disjoint_split,0,0.4502706949380156,1,0.4988583790523911
3328.json,bill-oreilly,mostly-true,0,speaker_disjoint_split,0,0.33145669771520647,0,0.29239784130546465
9972.json,scott-walker,mostly-true,0,speaker_disjoint_split,1,0.5493310308942457,1,0.5341059306009778
10476.json,celine-gounder,true,0,speaker_disjoint_split,0,0.38472030746597363,0,0.35614485291250864
8132.json,bill-foster,half-true,0,speaker_disjoint_split,1,0.6250110231669356,0,0.48852173125310494
6172.json,rush-limbaugh,pants-fire,1,speaker_disjoint_split,1,0.6857564451863049,1,0.6647169337082183
12892.json,donald-trump,pants-fire,1,speaker_disjoint_split,1,0.7073642270898671,1,0.6582919641505951
10094.json,scott-walker,mostly-true,0,speaker_disjoint_split,0,0.4170000198959782,0,0.44514204156200526
514.json,john-mccain,true,0,speaker_disjoint_split,1,0.5485592823981126,0,0.4757266128386782
2586.json,john-kasich,mostly-true,0,speaker_disjoint_split,1,0.5716274385694499,1,0.5472893008862557
1923.json,orrin-hatch,barely-true,1,speaker_disjoint_split,0,0.27685386045504107,0,0.21508896749780534
5301.json,debbie-wasserman-schultz,false,1,speaker_disjoint_split,0,0.27191479663618573,0,0.26091392576056543
1291.json,tom-mcclintock,false,1,speaker_disjoint_split,0,0.3979125703766723,0,0.3360932905002515
9903.json,national-republican-congressional-committee,barely-true,1,speaker_disjoint_split,0,0.4599259898081819,0,0.4602148722717172
12796.json,donald-trump,mostly-true,0,speaker_disjoint_split,1,0.651003276464807,1,0.6251841389237688
7180.json,sam-adams,false,1,speaker_disjoint_split,0,0.38289835252616583,0,0.2911632877758013
3716.json,ron-paul,half-true,0,speaker_disjoint_split,1,0.649457664329197,1,0.5895872765901863
9654.json,dennis-richardson,mostly-true,0,speaker_disjoint_split,0,0.2980525324341993,0,0.3577152718618434
2836.json,john-pistole,true,0,speaker_disjoint_split,1,0.6723367711560202,1,0.6975194203943753
9697.json,lenar-whitney,pants-fire,1,speaker_disjoint_split,1,0.8900532151086784,1,0.7573245465738315
4405.json,daniel-mckee,mostly-true,0,speaker_disjoint_split,0,0.5012739717117453,0,0.3182486752051774
3515.json,donald-trump,false,1,speaker_disjoint_split,0,0.380431294048485,0,0.4143704914152364
11745.json,dan-patrick,half-true,0,speaker_disjoint_split,0,0.39203705871657996,0,0.4738527579172222
9700.json,charlie-crist,barely-true,1,speaker_disjoint_split,1,0.6598691938655673,1,0.5854808610853732
10515.json,scott-walker,half-true,0,speaker_disjoint_split,1,0.7007770652953665,1,0.6087186875140695
9753.json,scott-walker,true,0,speaker_disjoint_split,0,0.4010091928643222,0,0.4296880488694714
11098.json,rush-limbaugh,half-true,0,speaker_disjoint_split,0,0.42537535187972125,0,0.40911838356562097
7600.json,blog-posting,mostly-true,0,speaker_disjoint_split,1,0.5486226055612947,1,0.6325642662556825
13139.json,donald-trump,barely-true,1,speaker_disjoint_split,1,0.6698079300090225,1,0.6359904391482992
718.json,john-mccain,mostly-true,0,speaker_disjoint_split,0,0.4674336847194705,0,0.42614054331097684
5516.json,scott-walker,half-true,0,speaker_disjoint_split,0,0.5303772047498178,1,0.5239769770894713
13308.json,donald-trump,barely-true,1,speaker_disjoint_split,1,0.765403823512837,1,0.7047217558155182
3298.json,scott-walker,true,0,speaker_disjoint_split,1,0.7749378329754633,1,0.696490951290086
8063.json,instagram-posts,false,1,speaker_disjoint_split,1,0.5686008511027923,0,0.4469328436019956
4280.json,ron-paul,false,1,speaker_disjoint_split,0,0.4618161500224879,0,0.4141204481245801
476.json,john-mccain,half-true,0,speaker_disjoint_split,0,0.4464965709821289,0,0.4390013192165065
1870.json,fulton-county-government,true,0,speaker_disjoint_split,0,0.44890981982372385,0,0.3424264090057835
5745.json,joe-biden,half-true,0,speaker_disjoint_split,0,0.39019217497292796,0,0.3215842184307792
3486.json,larry-ahern,false,1,speaker_disjoint_split,0,0.4285975279348778,0,0.3454042021454737
8565.json,saxby-chambliss,mostly-true,0,speaker_disjoint_split,0,0.47763223899437046,0,0.4577602305218236
1899.json,john-mccain,true,0,speaker_disjoint_split,0,0.5321270616905402,0,0.42700375230448573
3775.json,ken-cuccinelli,true,0,speaker_disjoint_split,1,0.7310197583153397,1,0.7109467044807248
2895.json,michael-steele,half-true,0,speaker_disjoint_split,0,0.4000484386439456,0,0.3004881976592237
665.json,joe-biden,half-true,0,speaker_disjoint_split,0,0.4378223773998287,0,0.34752448981905515
11733.json,donald-trump,false,1,speaker_disjoint_split,0,0.5184995223371417,0,0.45921979199296586
12369.json,donald-trump,false,1,speaker_disjoint_split,1,0.7835136489108094,1,0.6809743219407687
11220.json,julian-castro,true,0,speaker_disjoint_split,0,0.2742599381856302,0,0.2647648506243143
13475.json,blog-posting,pants-fire,1,speaker_disjoint_split,0,0.40381538092200525,1,0.558618010057047
668.json,joe-biden,barely-true,1,speaker_disjoint_split,0,0.47255608949405653,0,0.3983930474656984
6347.json,robert-menendez,true,0,speaker_disjoint_split,0,0.4173093155049574,0,0.33730846949594645
8273.json,eddie-bernice-johnson,false,1,speaker_disjoint_split,1,0.5548891453227881,1,0.6193754885368938
2382.json,austan-goolsbee,mostly-true,0,speaker_disjoint_split,0,0.43774567691581373,0,0.40092154246511713
2389.json,jb-van-hollen,mostly-true,0,speaker_disjoint_split,0,0.434635856067704,0,0.39636849784231437
2365.json,maryellen-oshaughnessy,false,1,speaker_disjoint_split,0,0.3657005849409716,0,0.3109921276930086
90.json,joe-biden,false,1,speaker_disjoint_split,0,0.43283036798362734,0,0.43991169764250854
9108.json,gilberto-hinojosa,false,1,speaker_disjoint_split,1,0.7645908315344564,1,0.7320893645599476
8184.json,steve-lonegan,half-true,0,speaker_disjoint_split,0,0.3959065307733219,0,0.3455943465717722
9649.json,republican-party-florida,barely-true,1,speaker_disjoint_split,1,0.5937005467241225,1,0.5625762644044495
10480.json,rush-limbaugh,pants-fire,1,speaker_disjoint_split,1,0.6918498568993973,1,0.652517510659339
11631.json,ben-carson,false,1,speaker_disjoint_split,1,0.5750443950683916,1,0.6313944017256516
9387.json,aclu-florida,half-true,0,speaker_disjoint_split,0,0.45338289798355036,0,0.4889044214401317
1596.json,cliff-stearns,half-true,0,speaker_disjoint_split,1,0.7055264994691329,1,0.6378755857157694
2028.json,alexi-giannoulias,true,0,speaker_disjoint_split,0,0.43376714019147583,0,0.4048182931403088
11237.json,scott-walker,true,0,speaker_disjoint_split,0,0.5048935976049034,0,0.4777763474556376
744.json,john-mccain,false,1,speaker_disjoint_split,0,0.39760565231967226,0,0.3529041258313883
559.json,john-mccain,false,1,speaker_disjoint_split,0,0.4759996755871096,0,0.4085658876948833
667.json,joe-biden,true,0,speaker_disjoint_split,0,0.1736003399458226,0,0.1490442496294387
1007.json,rush-limbaugh,mostly-true,0,speaker_disjoint_split,1,0.6232708422030342,1,0.5901556597409259
12935.json,donald-trump,false,1,speaker_disjoint_split,1,0.7301699983672967,1,0.7019874681969321
10214.json,lynda-rife,barely-true,1,speaker_disjoint_split,0,0.3888090225988615,0,0.21933724839078178
9767.json,scott-walker,mostly-true,0,speaker_disjoint_split,0,0.5228847406089426,1,0.5008764598461639
766.json,joe-biden,mostly-true,0,speaker_disjoint_split,0,0.45407328764515986,0,0.4224550376300868
570.json,john-mccain,half-true,0,speaker_disjoint_split,1,0.6870538054201462,1,0.5866576283145523
11942.json,donald-trump,barely-true,1,speaker_disjoint_split,1,0.624852377371182,1,0.6247702171805714
9952.json,republican-governors-association,mostly-true,0,speaker_disjoint_split,1,0.5501150731891575,0,0.487364257115572
806.json,john-mccain,true,0,speaker_disjoint_split,1,0.6389960487715024,1,0.5388180729830095
4829.json,scott-walker,false,1,speaker_disjoint_split,0,0.22459173025700915,0,0.2747589069110175
8220.json,ken-cuccinelli,false,1,speaker_disjoint_split,1,0.6363337511042688,1,0.6267618285515015
3832.json,charlotte-nash,mostly-true,0,speaker_disjoint_split,0,0.09166113519808278,0,0.16941668795754858
12119.json,donald-trump,false,1,speaker_disjoint_split,0,0.4796731896234381,1,0.5316937781189589
8155.json,bill-foster,true,0,speaker_disjoint_split,1,0.5631196799741403,0,0.3903871114623977
11533.json,ben-carson,pants-fire,1,speaker_disjoint_split,1,0.7197157298433742,1,0.7434526447995472
8138.json,jeb-hensarling,half-true,0,speaker_disjoint_split,1,0.6356508525422924,1,0.5256550474609392
7209.json,robert-menendez,true,0,speaker_disjoint_split,1,0.6077386620484315,0,0.4353170149989276
4078.json,stephen-sweeney,barely-true,1,speaker_disjoint_split,1,0.675953392331259,1,0.6218966625847724
11853.json,bernie-s,false,1,speaker_disjoint_split,1,0.6844798837899886,1,0.5818955421529609
773.json,joe-biden,true,0,speaker_disjoint_split,0,0.3170140284018769,0,0.2572119156731252
13530.json,donald-trump,false,1,speaker_disjoint_split,1,0.5741012976486466,1,0.5080891921548751
13426.json,donald-trump,mostly-true,0,speaker_disjoint_split,1,0.6566195693407892,1,0.6488876502901827
2415.json,steve-munisteri,half-true,0,speaker_disjoint_split,0,0.477585676886355,0,0.48621955151528845
4055.json,nina-turner,true,0,speaker_disjoint_split,0,0.47730808170930156,0,0.374144598255578
188.json,bill-richardson,false,1,speaker_disjoint_split,0,0.4061516830631598,0,0.4187659291262094
2229.json,esquire-magazine,true,0,speaker_disjoint_split,0,0.4775113253789093,0,0.47148659606266546
3618.json,democratic-congressional-campaign-committee,pants-fire,1,speaker_disjoint_split,1,0.7518380708727636,1,0.6743897382291045
12659.json,donald-trump,half-true,0,speaker_disjoint_split,0,0.5085731242837652,0,0.47643662280002996
10953.json,donald-trump,false,1,speaker_disjoint_split,0,0.49974870873784155,1,0.4995872118593663
11336.json,ben-carson,false,1,speaker_disjoint_split,1,0.5364976269150243,1,0.49116687899912825
6855.json,sam-adams,true,0,speaker_disjoint_split,0,0.48562630712765426,0,0.4259949473108705
2907.json,nfl-players-association,false,1,speaker_disjoint_split,0,0.2991068085895496,0,0.4033026124330227
3988.json,vern-buchanan,barely-true,1,speaker_disjoint_split,1,0.6514375409819625,1,0.6277909903401399
3579.json,donald-trump,false,1,speaker_disjoint_split,0,0.49084300080539345,0,0.45008921599095236
4159.json,bruce-hanna,barely-true,1,speaker_disjoint_split,0,0.42182743752594914,0,0.3034275137856489
252.json,joe-biden,barely-true,1,speaker_disjoint_split,1,0.5702774037894391,1,0.5154604423949256
5035.json,restore-our-future,half-true,0,speaker_disjoint_split,1,0.7276968869954007,1,0.6347405717863203
8890.json,state-democratic-party-wisconsin,false,1,speaker_disjoint_split,1,0.740065951032225,1,0.7182539647796097
9852.json,tim-kaine,mostly-true,0,speaker_disjoint_split,1,0.5981697424249862,0,0.47380284581385573
4980.json,lloyd-doggett,barely-true,1,speaker_disjoint_split,0,0.3887469388605884,0,0.3177535671548212
3370.json,ken-cuccinelli,half-true,0,speaker_disjoint_split,1,0.5945695808770459,1,0.5676864436679724
12062.json,culinary-workers-union,mostly-true,0,speaker_disjoint_split,1,0.570399992097877,1,0.6412075544129238
10392.json,nathan-deal,mostly-true,0,speaker_disjoint_split,0,0.1809633389505863,0,0.15518930823037164
1040.json,michael-steele,true,0,speaker_disjoint_split,0,0.4630124357325022,0,0.427732769025171
13065.json,bob-duffy,mostly-true,0,speaker_disjoint_split,0,0.2477492797498595,0,0.21913576882608993
12040.json,bernie-s,mostly-true,0,speaker_disjoint_split,1,0.6369565291321264,1,0.537408859762836
1002.json,wayne-lapierre,half-true,0,speaker_disjoint_split,1,0.7994866563494193,1,0.6377334478763445
9530.json,rush-limbaugh,pants-fire,1,speaker_disjoint_split,1,0.8698384808666412,1,0.7508176101045962
3265.json,club-growth,barely-true,1,speaker_disjoint_split,1,0.5617770100671983,0,0.46004881662338487
7923.json,joe-biden,true,0,speaker_disjoint_split,0,0.5004781028607337,0,0.4416175796027347
12094.json,donald-trump,false,1,speaker_disjoint_split,1,0.7261163709973516,1,0.6810161157104042
3547.json,donald-trump,half-true,0,speaker_disjoint_split,0,0.5128651448025275,0,0.46543442943054936
10043.json,morgan-brittany,pants-fire,1,speaker_disjoint_split,1,0.8517097784552684,1,0.8023852414205082
10973.json,scott-walker,half-true,0,speaker_disjoint_split,0,0.3737434530730136,0,0.34763538380878145
697.json,john-mccain,half-true,0,speaker_disjoint_split,1,0.5363908780307879,0,0.4778387442917152
2300.json,ron-klein,mostly-true,0,speaker_disjoint_split,1,0.5468951560558654,1,0.5103425813303366
5861.json,eileen-brady,false,1,speaker_disjoint_split,1,0.7668145983533751,1,0.6862036071930115
8668.json,sam-houston,half-true,0,speaker_disjoint_split,0,0.326814750214825,0,0.41797574010267163
7068.json,republican-governors-association,half-true,0,speaker_disjoint_split,1,0.6183216154043254,1,0.5177263540675443
5888.json,bill-spelman,false,1,speaker_disjoint_split,1,0.5792741584314278,1,0.6155586881422199
13388.json,arizonans-responsible-drug-policy,half-true,0,speaker_disjoint_split,0,0.46023881491962193,0,0.2513897484960659
6549.json,charlie-crist,half-true,0,speaker_disjoint_split,1,0.6248324390273603,1,0.5768588122026965
4059.json,better-austin-today-political-action-committee,false,1,speaker_disjoint_split,0,0.2913072346551824,0,0.14905767090645605
1590.json,citizens-lower-taxes-and-stronger-economy,true,0,speaker_disjoint_split,1,0.572445601354278,0,0.40773880351479264
365.json,blog-posting,pants-fire,1,speaker_disjoint_split,1,0.8482488370153367,1,1.0
8325.json,bernie-s,half-true,0,speaker_disjoint_split,0,0.48381323498189993,0,0.4662860516821663
12911.json,donald-trump,pants-fire,1,speaker_disjoint_split,1,0.6160174981852287,1,0.5537254653725413
10368.json,jerry-jones,false,1,speaker_disjoint_split,1,0.597114091859854,1,0.5192030551064423
721.json,john-mccain,barely-true,1,speaker_disjoint_split,1,0.7504449355769657,1,0.6687774434536293
2022.json,jan-brewer,half-true,0,speaker_disjoint_split,0,0.4782929850048661,1,0.5381743896328943
4762.json,blog-posting,barely-true,1,speaker_disjoint_split,1,0.9255760376033214,1,0.9251860123332047
12872.json,tim-kaine,false,1,speaker_disjoint_split,1,0.6560003247883972,1,0.5634094669788614
1546.json,charlie-crist,mostly-true,0,speaker_disjoint_split,0,0.3176106450157859,0,0.32550702817140575
408.json,bill-clinton,true,0,speaker_disjoint_split,0,0.4266548884893682,0,0.3681970267405681
9895.json,dan-patrick,true,0,speaker_disjoint_split,0,0.37682721109027933,0,0.32533543514739965
4747.json,jon-huntsman,half-true,0,speaker_disjoint_split,0,0.38568527326049284,0,0.3498108935606242
9105.json,charlie-crist,mostly-true,0,speaker_disjoint_split,0,0.502562995657237,0,0.468640237479002
2446.json,bill-clinton,half-true,0,speaker_disjoint_split,0,0.23504115534272074,0,0.2521150816484155
3669.json,dan-boren,half-true,0,speaker_disjoint_split,0,0.16985829068920175,0,0.14358375358244435
4385.json,blog-posting,pants-fire,1,speaker_disjoint_split,1,0.8115748337072205,1,0.7717114922909591
8211.json,jeffrey-grybowski,mostly-true,0,speaker_disjoint_split,1,0.5945141956820762,1,0.5478920550374703
146.json,bill-richardson,half-true,0,speaker_disjoint_split,0,0.5160841157708332,0,0.43571264446906627
5476.json,charlotte-nash,mostly-true,0,speaker_disjoint_split,0,0.5045987289702923,1,0.5545421308991484
12329.json,donald-trump,false,1,speaker_disjoint_split,0,0.2637990476250769,0,0.2601318700012216
9647.json,club-growth,false,1,speaker_disjoint_split,0,0.48904841931287624,0,0.4599660565334179
6752.json,marsha-blackburn,true,0,speaker_disjoint_split,1,0.80026170843427,1,0.7070500764122396
6619.json,david-cicilline,false,1,speaker_disjoint_split,0,0.34098079358201977,0,0.2677405248735646
10660.json,state-democratic-party-wisconsin,pants-fire,1,speaker_disjoint_split,0,0.38268053676525293,0,0.4030605390623307
12406.json,national-republican-congressional-committee,pants-fire,1,speaker_disjoint_split,1,0.5982568749981428,1,0.4965063473008183
1157.json,tom-coburn,half-true,0,speaker_disjoint_split,0,0.5222658455481771,1,0.5227763171016049
3373.json,democratic-congressional-campaign-committee,barely-true,1,speaker_disjoint_split,1,0.5355270309285604,1,0.5085107449817994
1447.json,jeb-hensarling,false,1,speaker_disjoint_split,0,0.44050043692678104,0,0.38268338802451907
1317.json,bob-beckel,half-true,0,speaker_disjoint_split,1,0.5773221354032956,1,0.506129870755853
11206.json,bernie-s,false,1,speaker_disjoint_split,0,0.3077568392004158,0,0.3309463499588467
6613.json,democratic-party-oregon,half-true,0,speaker_disjoint_split,1,0.7412630619240448,1,0.6465427066796143
12641.json,colorado-citizens-accountable-government,pants-fire,1,speaker_disjoint_split,1,0.5882593848228356,0,0.39828715385236874
10323.json,scott-walker,true,0,speaker_disjoint_split,0,0.18689684080712804,0,0.2341531507470593
743.json,john-mccain,mostly-true,0,speaker_disjoint_split,0,0.42312850509093597,0,0.40036842998917666
12413.json,david-miliband,mostly-true,0,speaker_disjoint_split,0,0.3135946983088496,0,0.3925129080892795
13318.json,donald-trump,half-true,0,speaker_disjoint_split,0,0.522037027643203,1,0.518006637945606
9170.json,john-e-sununu,false,1,speaker_disjoint_split,0,0.5064206663930959,0,0.45071127553691864
11688.json,carly-fiorina,barely-true,1,speaker_disjoint_split,1,0.6441790278224203,1,0.4965710784181322
3273.json,scott-walker,pants-fire,1,speaker_disjoint_split,0,0.47704068905684727,0,0.42940618894413246
10465.json,nathan-deal,true,0,speaker_disjoint_split,0,0.32473057621976176,0,0.33253531034457406
6804.json,national-republican-congressional-committee,pants-fire,1,speaker_disjoint_split,1,0.7942386237808843,1,0.7277623084078314
129.json,joe-biden,true,0,speaker_disjoint_split,0,0.4445375588354711,0,0.3332623640779496
7219.json,sam-adams,half-true,0,speaker_disjoint_split,0,0.3016292758034449,0,0.2873948749105539
13436.json,chris-sununu,pants-fire,1,speaker_disjoint_split,1,0.5500199550856387,0,0.43932403407533915
9665.json,city-brookhaven,half-true,0,speaker_disjoint_split,0,0.41870215022027246,1,0.50212643909116
8362.json,ken-cuccinelli,mostly-true,0,speaker_disjoint_split,0,0.4365109365967991,0,0.4057589574811075
7995.json,americans-prosperity-georgia-chapter,half-true,0,speaker_disjoint_split,0,0.37117698904883467,0,0.33584276521341155
12262.json,bernie-s,barely-true,1,speaker_disjoint_split,1,0.6283723098357348,1,0.5762899314334949
7252.json,kirk-watson,true,0,speaker_disjoint_split,0,0.3048127305233077,0,0.2811785792234769
12462.json,donald-trump,half-true,0,speaker_disjoint_split,0,0.24475774992854477,0,0.27414575141142916
5103.json,nina-turner,barely-true,1,speaker_disjoint_split,1,0.6198387896861056,0,0.4749930286871464
8660.json,generation-opportunity,half-true,0,speaker_disjoint_split,1,0.7915581924257904,1,0.661314270556071
10558.json,kurt-bauer,barely-true,1,speaker_disjoint_split,1,0.5591346074347402,1,0.5779884833068106
10790.json,van-taylor,barely-true,1,speaker_disjoint_split,0,0.453285261595885,1,0.51340064544136
11362.json,chuck-todd,true,0,speaker_disjoint_split,1,0.6368118959165942,1,0.5443681582745571
5600.json,blog-posting,false,1,speaker_disjoint_split,1,0.6702935441851243,1,0.7328000301566746
6078.json,scott-walker,barely-true,1,speaker_disjoint_split,1,0.7730438929345335,1,0.7393703977850719
3830.json,john-kasich,mostly-true,0,speaker_disjoint_split,0,0.43247410267656433,0,0.41798491500512763
1368.json,charlie-crist,true,0,speaker_disjoint_split,0,0.4144937953273795,0,0.36623409312904537
1456.json,debra-medina,false,1,speaker_disjoint_split,1,0.5671551414200311,1,0.5084970700292258
602.json,john-mccain,true,0,speaker_disjoint_split,1,0.8495422420212279,1,0.7454572803788492
13024.json,donald-trump,false,1,speaker_disjoint_split,0,0.489296507498818,0,0.46768037516917477
4773.json,rob-cornilles,false,1,speaker_disjoint_split,1,0.651259336960989,1,0.659448940365953
11667.json,donald-trump,barely-true,1,speaker_disjoint_split,0,0.39782642167565957,0,0.3986933238724922
13456.json,ann-coulter,false,1,speaker_disjoint_split,1,0.6312774453319552,1,0.7018554134260307
10797.json,scott-walker,barely-true,1,speaker_disjoint_split,1,0.5594796713002944,1,0.5316030100443582
7486.json,scott-walker,mostly-true,0,speaker_disjoint_split,0,0.41596899308365914,0,0.4347223306685652
12762.json,donald-trump,pants-fire,1,speaker_disjoint_split,1,0.7558688694800727,1,0.6904184331699631
6893.json,coalition-bring-jobs-ri,barely-true,1,speaker_disjoint_split,1,0.6898362677557566,1,0.6683758926665386
10345.json,patrick-lynch,barely-true,1,speaker_disjoint_split,1,0.7520667932914505,0,0.466335321677352
11498.json,donald-trump,pants-fire,1,speaker_disjoint_split,1,0.6672926696826935,1,0.591822041324423
802.json,john-mccain,false,1,speaker_disjoint_split,1,0.7805875662881819,1,0.7046084922844914
5930.json,bill-pascrell,mostly-true,0,speaker_disjoint_split,0,0.38482032127946136,0,0.35036694866407003
7567.json,carlos-trujillo,false,1,speaker_disjoint_split,1,0.8196485833950304,1,0.7311219535794885
12495.json,state-democratic-party-wisconsin,mostly-true,0,speaker_disjoint_split,1,0.5426390244913522,1,0.5346335343998777
12451.json,bernie-s,mostly-true,0,speaker_disjoint_split,0,0.34704313001499604,0,0.36228173365525473
3605.json,jim-keffer,true,0,speaker_disjoint_split,0,0.4985068466888325,1,0.5040994378534485
116.json,john-mccain,half-true,0,speaker_disjoint_split,0,0.38763038422650536,0,0.402477701944409
9959.json,ryan-lizza,true,0,speaker_disjoint_split,1,0.6781552612260116,1,0.629538770080589
12337.json,bernie-s,barely-true,1,speaker_disjoint_split,0,0.4234425200895296,0,0.42680723366138645
12208.json,jorge-ramos,half-true,0,speaker_disjoint_split,0,0.515540792070084,0,0.4748716331800005
5827.json,democratic-congressional-campaign-committee,barely-true,1,speaker_disjoint_split,1,0.634506847790217,1,0.5820873412953931
11812.json,fox-news-channel,half-true,0,speaker_disjoint_split,0,0.5309821411587655,0,0.3112155848556045
821.json,john-mccain,false,1,speaker_disjoint_split,0,0.3500943229778689,0,0.3412854397200063
4199.json,bill-oreilly,false,1,speaker_disjoint_split,0,0.26978709298099574,0,0.3142801931368225
11614.json,bernie-s,half-true,0,speaker_disjoint_split,1,0.6030143371361345,1,0.5819703112695902
3199.json,bill-oreilly,half-true,0,speaker_disjoint_split,1,0.5837518028632656,1,0.5652214987903813
12532.json,donald-trump,pants-fire,1,speaker_disjoint_split,1,0.751905899508393,1,0.6826586993329946
2370.json,ron-paul,half-true,0,speaker_disjoint_split,0,0.2101006734441453,0,0.171688622843371
4177.json,ron-paul,true,0,speaker_disjoint_split,1,0.7163569700159406,1,0.6291015150126056
2228.json,rebecca-bell-metereau,barely-true,1,speaker_disjoint_split,1,0.9539986731001475,1,0.7664307301337332
7025.json,george-flinn,false,1,speaker_disjoint_split,1,0.5647017449464725,1,0.5237582679307118
9158.json,bob-beckel,true,0,speaker_disjoint_split,1,0.6123515993290727,1,0.5098895818695846
7636.json,caddy-mckeown,true,0,speaker_disjoint_split,0,0.45139411450355504,0,0.3705557829797831
1841.json,cathie-adams,half-true,0,speaker_disjoint_split,1,0.7717306007612945,1,0.8008736195467587
10168.json,megyn-kelly,false,1,speaker_disjoint_split,1,0.5551017224813772,0,0.3585080851384847
6902.json,robert-menendez,false,1,speaker_disjoint_split,0,0.370451185760235,0,0.29224062750797253
10951.json,donald-trump,false,1,speaker_disjoint_split,1,0.5920662750145098,1,0.5266768250683976
9571.json,blog-posting,pants-fire,1,speaker_disjoint_split,1,0.6681868951392117,1,0.6847368492924665
9732.json,charlie-crist,half-true,0,speaker_disjoint_split,1,0.5744170470934524,0,0.47506583371291755
8091.json,blog-posting,barely-true,1,speaker_disjoint_split,0,0.43878664154013786,1,0.5849130438906572
9899.json,john-mccain,mostly-true,0,speaker_disjoint_split,1,0.6877420934856028,1,0.62289585891042
8554.json,lynn-westmoreland,true,0,speaker_disjoint_split,0,0.35126673699005834,0,0.398534504230452
2637.json,ohio-republican-party,false,1,speaker_disjoint_split,1,0.6676302597432596,1,0.7392713398902807
12973.json,republican-party-florida,barely-true,1,speaker_disjoint_split,1,0.5908285556213173,1,0.49705287915568
542.json,john-mccain,true,0,speaker_disjoint_split,0,0.35566608778903397,0,0.32286986815689656
5455.json,ron-paul,half-true,0,speaker_disjoint_split,1,0.6887941690142969,1,0.6119023783481387
7053.json,majority-pac,half-true,0,speaker_disjoint_split,0,0.4848010526763317,0,0.4850457343605025
4452.json,scott-walker,barely-true,1,speaker_disjoint_split,1,0.8557689276956727,1,0.7377484123992778
3654.json,joe-biden,mostly-true,0,speaker_disjoint_split,0,0.42098729295094844,0,0.3936535499053145
4394.json,joe-biden,false,1,speaker_disjoint_split,1,0.6942262569131399,1,0.5794474470427048
1583.json,cathie-adams,false,1,speaker_disjoint_split,1,0.7824191744394635,1,0.6906723381704158
11549.json,ben-carson,false,1,speaker_disjoint_split,1,0.5826434650931293,1,0.5608640277064053
4320.json,jon-huntsman,half-true,0,speaker_disjoint_split,0,0.5182421854850219,0,0.448001394920223
7282.json,mike-polensek,true,0,speaker_disjoint_split,1,0.6236408212267441,0,0.4303747788634812
12129.json,democratic-congressional-campaign-committee,barely-true,1,speaker_disjoint_split,1,0.8654862843551334,1,0.7285168347943725
12979.json,donald-trump,false,1,speaker_disjoint_split,1,0.6882565099342528,1,0.6024567792247166
12466.json,donald-trump,false,1,speaker_disjoint_split,0,0.41755818705063785,0,0.39749486783407534
272.json,joe-biden,mostly-true,0,speaker_disjoint_split,0,0.5075493433419901,0,0.4151262289265492
8816.json,state-democratic-party-wisconsin,true,0,speaker_disjoint_split,0,0.30128893121248146,0,0.3088889399359867
3053.json,jeff-fitzgerald,barely-true,1,speaker_disjoint_split,1,0.7315572882400332,1,0.7155579371857171
11785.json,bernie-s,mostly-true,0,speaker_disjoint_split,0,0.500030946390368,0,0.4711335124556585
1961.json,dubose-porter,true,0,speaker_disjoint_split,0,0.3367422590789205,0,0.32305151567593177
10801.json,bill-clinton,true,0,speaker_disjoint_split,0,0.39282218578726963,0,0.4281839611827949
3437.json,georgia-state-senators,false,1,speaker_disjoint_split,0,0.43857956054878494,0,0.4670223917172832
1423.json,dick-armey,false,1,speaker_disjoint_split,1,0.5926184953230922,1,0.5194547713834273
7612.json,scott-walker,half-true,0,speaker_disjoint_split,0,0.442369810821524,0,0.43823348113754856
10152.json,scott-walker,mostly-true,0,speaker_disjoint_split,1,0.5597671154274495,1,0.5615911723382419
13295.json,donald-trump,pants-fire,1,speaker_disjoint_split,1,0.6772561019997636,1,0.6000801130422314
535.json,john-mccain,true,0,speaker_disjoint_split,1,0.5874563571878288,1,0.5469089983348504
407.json,john-mccain,false,1,speaker_disjoint_split,1,0.8747510532690871,1,0.6650956558488826
4455.json,debbie-wasserman-schultz,false,1,speaker_disjoint_split,0,0.49098281569480906,0,0.41383901767493914
4672.json,scott-walker,false,1,speaker_disjoint_split,1,0.5388061239326168,1,0.5520643739206145
3678.json,donald-trump,half-true,0,speaker_disjoint_split,1,0.6266243764878475,1,0.5470042210200777
8134.json,scott-walker,true,0,speaker_disjoint_split,1,0.6370615738228755,1,0.5911871830134854
3868.json,austan-goolsbee,mostly-true,0,speaker_disjoint_split,0,0.41667290283233904,0,0.4343935067772869
11948.json,samir-chachoua,pants-fire,1,speaker_disjoint_split,1,0.7255937495902149,1,0.6243850683006652
206.json,ron-paul,true,0,speaker_disjoint_split,0,0.33104944030765615,0,0.30695788003783575
8297.json,ken-cuccinelli,false,1,speaker_disjoint_split,1,0.7387231367842472,1,0.7148140789704139
7801.json,david-cicilline,barely-true,1,speaker_disjoint_split,0,0.3453953486861743,0,0.2644156883802785
11775.json,bernie-s,barely-true,1,speaker_disjoint_split,0,0.2696860034727506,0,0.2743491655899549
2515.json,david-cicilline,half-true,0,speaker_disjoint_split,1,0.7134935371863192,1,0.5325254465359686
6224.json,julian-castro,half-true,0,speaker_disjoint_split,1,0.5575641679527988,1,0.5231552664364526
2485.json,david-axelrod,barely-true,1,speaker_disjoint_split,1,0.6192456626185691,1,0.5217432748596293
12430.json,donald-trump,false,1,speaker_disjoint_split,0,0.3357078810376615,0,0.3542283176504314
11122.json,donald-trump,barely-true,1,speaker_disjoint_split,1,0.5751859478261813,1,0.539013070251389
2579.json,armond-budish,mostly-true,0,speaker_disjoint_split,0,0.41344365468418026,0,0.3712970984479515
3427.json,bill-kristol,mostly-true,0,speaker_disjoint_split,0,0.41070702142865356,0,0.4047959820308974
2549.json,susan-b-anthony-list,false,1,speaker_disjoint_split,1,0.7772663386012241,1,0.6275956005243185
748.json,john-mccain,barely-true,1,speaker_disjoint_split,0,0.38088526210183915,0,0.33457800511939245
9869.json,scott-walker,mostly-true,0,speaker_disjoint_split,1,0.6824195121252374,1,0.6025268931740189
5490.json,gary-johnson,mostly-true,0,speaker_disjoint_split,0,0.35769136857629286,0,0.23485301408924666
12644.json,donald-trump,mostly-true,0,speaker_disjoint_split,1,0.5887997058637537,1,0.5308767789256705
6794.json,jon-husted,mostly-true,0,speaker_disjoint_split,0,0.45593227941230174,0,0.4453647658229244
7143.json,anne-goodman,true,0,speaker_disjoint_split,1,0.5434755874020418,1,0.49411969145877654
13242.json,donald-trump,false,1,speaker_disjoint_split,1,0.6344118537732717,1,0.5772066480231598
8160.json,mark-kelly,true,0,speaker_disjoint_split,0,0.24134299187377922,0,0.21487665416130727
12153.json,pat-mccrory,false,1,speaker_disjoint_split,1,0.5515528781037436,0,0.395301936842424
13449.json,donald-trump,half-true,0,speaker_disjoint_split,1,0.5710413525129125,1,0.5811329881451175
1172.json,glenn-beck,half-true,0,speaker_disjoint_split,1,0.6964611761981349,1,0.6536794518160586
9912.json,rhue-reis,false,1,speaker_disjoint_split,0,0.22103901211351862,0,0.1945651297645356
4417.json,donna-shalala,barely-true,1,speaker_disjoint_split,0,0.4862736554969328,0,0.3959517931967651
11313.json,donald-trump,false,1,speaker_disjoint_split,0,0.46326141606662447,0,0.4141846491589321
1272.json,christopher-monckton,pants-fire,1,speaker_disjoint_split,1,0.8431862770406453,1,0.7445069461118848
1356.json,glenn-beck,false,1,speaker_disjoint_split,1,0.6267033649336613,1,0.5556772193751429
3787.json,frank-wolf,barely-true,1,speaker_disjoint_split,0,0.34754487630746805,0,0.3884624561103843
5323.json,joe-biden,mostly-true,0,speaker_disjoint_split,0,0.33258336165096924,0,0.3065474204848169
1642.json,liberty-institute,half-true,0,speaker_disjoint_split,0,0.5147528764171654,0,0.4491871403800908
11489.json,reader-email,pants-fire,1,speaker_disjoint_split,1,0.6507829527893966,1,0.5665559074053869
9296.json,defending-main-street,barely-true,1,speaker_disjoint_split,0,0.49762883203794267,1,0.5433986541876425
3279.json,donna-brazile,half-true,0,speaker_disjoint_split,1,0.7905868355926251,1,0.7378308837237606
284.json,bill-clinton,half-true,0,speaker_disjoint_split,1,0.5758932556775023,1,0.4957209698420737
11611.json,donald-trump,pants-fire,1,speaker_disjoint_split,0,0.4146008594487983,0,0.40884384674273805
3223.json,get-equal-texas,half-true,0,speaker_disjoint_split,1,0.6066282504803081,1,0.49890030720455153
9191.json,new-hampshire-republican-party,mostly-true,0,speaker_disjoint_split,1,0.5810707437863755,1,0.6255172957833588
5968.json,gilberto-hinojosa,false,1,speaker_disjoint_split,1,0.6711202347442644,1,0.6048790257416591
12152.json,donald-trump,pants-fire,1,speaker_disjoint_split,1,0.7667823113991147,1,0.6466418125433246
6792.json,stefani-carter,half-true,0,speaker_disjoint_split,0,0.4091114536111375,0,0.3672186735272068
7289.json,lloyd-doggett,half-true,0,speaker_disjoint_split,1,0.5918969998377279,1,0.5057321186142636
9733.json,michael-bloomberg,false,1,speaker_disjoint_split,0,0.2471313146720437,0,0.3130314280588472
12000.json,john-kasich,mostly-true,0,speaker_disjoint_split,0,0.38485410522444946,0,0.45744288247537696
5614.json,new-hampshire-republican-party,barely-true,1,speaker_disjoint_split,1,0.6301538601016834,1,0.6312966549066562
12217.json,bernie-s,true,0,speaker_disjoint_split,1,0.6887026075257332,1,0.5934583872775934
8389.json,jeanne-shaheen,true,0,speaker_disjoint_split,0,0.32042371333591035,0,0.2703109496966884
1609.json,charlie-crist,barely-true,1,speaker_disjoint_split,0,0.3979245192302552,0,0.3401045913308824
8274.json,ken-cuccinelli,half-true,0,speaker_disjoint_split,1,0.7871641058517795,1,0.6798929365947604
5233.json,scott-walker,mostly-true,0,speaker_disjoint_split,1,0.7144918648631401,1,0.6737791344986174
1663.json,john-mccain,pants-fire,1,speaker_disjoint_split,1,0.8157533078368551,1,0.6754951244492675
7199.json,terry-russell,true,0,speaker_disjoint_split,0,0.5185290464263381,1,0.5255223938579364
9523.json,james-buchal,false,1,speaker_disjoint_split,0,0.4620955076346178,1,0.5186625878920942
11738.json,donald-trump,false,1,speaker_disjoint_split,1,0.5438252930930096,1,0.49540741577856506
1752.json,rush-limbaugh,false,1,speaker_disjoint_split,1,0.6674900390435875,1,0.6033645631202214
8143.json,ken-cuccinelli,false,1,speaker_disjoint_split,1,0.6830929328108675,1,0.6615178277086159
10589.json,julie-lassa,half-true,0,speaker_disjoint_split,0,0.3362823040548522,0,0.34749516900939603
4183.json,chip-rogers,true,0,speaker_disjoint_split,0,0.07332569024779749,0,0.11851675887755907
11148.json,jack-hanna,mostly-true,0,speaker_disjoint_split,0,0.3577260555010939,0,0.38323999533879577
6422.json,protect-your-vote-ohio-protect-your-vote-ohio,mostly-true,0,speaker_disjoint_split,1,0.5858235656890806,1,0.49359915774010127
4752.json,debbie-wasserman-schultz,mostly-true,0,speaker_disjoint_split,1,0.5451814577631878,0,0.473330709776956
69.json,ron-paul,true,0,speaker_disjoint_split,0,0.5005275482993214,0,0.42916073690966455
6036.json,david-axelrod,half-true,0,speaker_disjoint_split,0,0.2819077925051901,0,0.2708970964251985
3725.json,silvestre-reyes,mostly-true,0,speaker_disjoint_split,0,0.19566381106250066,0,0.2108248636689379
8407.json,debbie-wasserman-schultz,barely-true,1,speaker_disjoint_split,0,0.5316744819740231,1,0.49367580131090766
12340.json,joe-biden,mostly-true,0,speaker_disjoint_split,1,0.613611106250911,1,0.5334067920377448
6887.json,jon-husted,false,1,speaker_disjoint_split,1,0.606551792416175,1,0.5370037012721774
11885.json,bernie-s,mostly-true,0,speaker_disjoint_split,1,0.563475855228232,1,0.5715188356526152
9904.json,national-republican-congressional-committee,half-true,0,speaker_disjoint_split,0,0.465057372129133,0,0.46692410820506364
11609.json,carly-fiorina,false,1,speaker_disjoint_split,0,0.5182326064195159,0,0.4362447401203879
3834.json,debbie-wasserman-schultz,false,1,speaker_disjoint_split,1,0.6940703635808589,1,0.6530720058329903
7853.json,ken-cuccinelli,false,1,speaker_disjoint_split,0,0.4303854541010484,0,0.4589691034964583
10400.json,claire-suggs,mostly-true,0,speaker_disjoint_split,0,0.22108895658088626,0,0.2200632007384918
2743.json,taxpayer-association-oregon,half-true,0,speaker_disjoint_split,1,0.6406162665812772,1,0.5166392756234922
13076.json,john-fleming,false,1,speaker_disjoint_split,1,0.6251102346439625,1,0.5554723142673492
12241.json,bernie-s,half-true,0,speaker_disjoint_split,0,0.262402750259982,0,0.26227408845526273
4678.json,joe-biden,half-true,0,speaker_disjoint_split,0,0.28188598319466157,0,0.261373215849645
4000.json,nathan-deal,barely-true,1,speaker_disjoint_split,0,0.33338969540002006,0,0.34310355861139824
2148.json,jeb-hensarling,true,0,speaker_disjoint_split,0,0.3551173138974234,0,0.3147438341152048
12300.json,david-jolly,true,0,speaker_disjoint_split,1,0.5940862776185879,1,0.7169954549827531
11274.json,jorge-ramos,half-true,0,speaker_disjoint_split,0,0.4131200743916561,1,0.5237689457807714
9829.json,mike-collier,true,0,speaker_disjoint_split,1,0.5630185800981066,1,0.5676553753896513
7294.json,scott-walker,pants-fire,1,speaker_disjoint_split,1,0.5911692974455068,1,0.5497043741704329
3238.json,scott-walker,false,1,speaker_disjoint_split,0,0.3199480238009204,0,0.2752472984919711
13120.json,donald-trump,half-true,0,speaker_disjoint_split,1,0.6497948386607796,1,0.6533334214660375
6650.json,anthony-gemma,mostly-true,0,speaker_disjoint_split,0,0.34361291326380994,0,0.3824710031007542
1487.json,joe-biden,half-true,0,speaker_disjoint_split,0,0.4097709039620136,0,0.3246198185296508
6360.json,bernie-s,true,0,speaker_disjoint_split,0,0.4925019953243415,0,0.4545408270800959
12327.json,bernie-s,mostly-true,0,speaker_disjoint_split,1,0.6861103169523413,1,0.5521432271292281
13162.json,arizonans-responsible-drug-policy,barely-true,1,speaker_disjoint_split,1,0.5635212479131192,0,0.37523619417789916
2172.json,republican-governors-association,half-true,0,speaker_disjoint_split,1,0.5923620330282432,1,0.5412186173969906
5701.json,republican-governors-association,half-true,0,speaker_disjoint_split,1,0.5523252179508967,1,0.5214560269493175
4038.json,robert-brown,false,1,speaker_disjoint_split,0,0.43826188910150804,0,0.4545274250150802
1761.json,progress-florida,true,0,speaker_disjoint_split,1,0.6633783483311808,1,0.5493123667960891
2588.json,christine-odonnell,mostly-true,0,speaker_disjoint_split,1,0.5939681720564359,0,0.46385369056483916
12934.json,donald-trump,barely-true,1,speaker_disjoint_split,0,0.44169813514487727,0,0.41700281267407235
7159.json,jeanne-shaheen,barely-true,1,speaker_disjoint_split,1,0.5636123763990722,0,0.4625381830706565
1851.json,votevetsorg,half-true,0,speaker_disjoint_split,1,0.5543293393152724,1,0.497247100304545
7464.json,trey-martinez-fischer,half-true,0,speaker_disjoint_split,0,0.36681238445157666,0,0.2997667854582689
13493.json,donald-trump,pants-fire,1,speaker_disjoint_split,1,0.5859717522757376,1,0.5340921512366166
13332.json,donald-trump,half-true,0,speaker_disjoint_split,0,0.4609682296002979,0,0.4536429896782296
11783.json,debbie-wasserman-schultz,false,1,speaker_disjoint_split,1,0.5428761971413141,1,0.498085102594546
7977.json,debbie-wasserman-schultz,true,0,speaker_disjoint_split,0,0.49210180680310833,0,0.3979237014714521
10211.json,scott-walker,true,0,speaker_disjoint_split,0,0.46312746075178235,0,0.4035515895395796
5687.json,scott-walker,false,1,speaker_disjoint_split,1,0.8069053146446952,1,0.6905352265813047
13232.json,donald-trump,false,1,speaker_disjoint_split,0,0.42857693260656865,0,0.46268884974197
6904.json,joe-biden,barely-true,1,speaker_disjoint_split,1,0.6195373107710149,1,0.532147594855439
9325.json,karl-rove,false,1,speaker_disjoint_split,0,0.32865076303417856,0,0.2724058087670931
4736.json,taxpayer-association-oregon,false,1,speaker_disjoint_split,1,0.6495481019227103,0,0.43851531970354557
9830.json,john-mccain,mostly-true,0,speaker_disjoint_split,0,0.33408112447179805,0,0.32343246078563753
9078.json,jim-moore,true,0,speaker_disjoint_split,0,0.41685908683963385,1,0.4925903448945161
8738.json,rush-limbaugh,pants-fire,1,speaker_disjoint_split,1,0.8674177908060423,1,0.7888477727056015
4419.json,michael-bloomberg,true,0,speaker_disjoint_split,0,0.11343071270843871,0,0.14131240893645972
11293.json,donald-trump,mostly-true,0,speaker_disjoint_split,1,0.5538230036250406,1,0.5213711629533485
12467.json,nfederation-o-independent-business-virginia,half-true,0,speaker_disjoint_split,0,0.3615523291522871,0,0.3731274965627797
2084.json,joe-biden,barely-true,1,speaker_disjoint_split,1,0.6187093387059902,1,0.5241600490768531
6968.json,david-cicilline,true,0,speaker_disjoint_split,0,0.25910317069480365,0,0.19172733001419684
13365.json,donald-trump,half-true,0,speaker_disjoint_split,0,0.3259970788431955,0,0.34497748313499604
9392.json,jeff-merkley,half-true,0,speaker_disjoint_split,1,0.706265189426333,1,0.5971038917618293
8280.json,blog-posting,pants-fire,1,speaker_disjoint_split,1,0.7977368792327713,1,0.8428781990732814
8424.json,ken-cuccinelli,false,1,speaker_disjoint_split,0,0.516063372138536,1,0.5102101520206836
2219.json,bob-gibbs,pants-fire,1,speaker_disjoint_split,1,0.6214020080152703,1,0.6171097115649495
10096.json,nathan-deal,false,1,speaker_disjoint_split,1,0.5877883433662225,1,0.5599120866354382
6148.json,david-cicilline,barely-true,1,speaker_disjoint_split,0,0.5066900929447582,0,0.4308857084731346
7681.json,carlos-gimenez,false,1,speaker_disjoint_split,0,0.3733920910367969,0,0.2961857637568037
8537.json,steve-israel,true,0,speaker_disjoint_split,1,0.6855206979049705,1,0.72042540615752
12175.json,donald-trump,half-true,0,speaker_disjoint_split,1,0.5949241381863748,1,0.5894031585465177
9529.json,gilberto-hinojosa,false,1,speaker_disjoint_split,1,0.8373583048581427,1,0.7312649312642857
13140.json,afscme-people,mostly-true,0,speaker_disjoint_split,0,0.4604686084822095,0,0.48159052202955827
13337.json,donald-trump,false,1,speaker_disjoint_split,0,0.38206887554276237,0,0.3443701791612193
4849.json,susan-combs,false,1,speaker_disjoint_split,0,0.5235957658362398,1,0.5637289406429687
4725.json,john-kasich,pants-fire,1,speaker_disjoint_split,0,0.47899065045482697,0,0.42332988230494917
9002.json,republican-governors-association,barely-true,1,speaker_disjoint_split,1,0.6036373779822144,1,0.5428831741465546
11114.json,scott-walker,mostly-true,0,speaker_disjoint_split,0,0.41385256000859155,0,0.4207187107075495
6790.json,carol-shea-porter,barely-true,1,speaker_disjoint_split,1,0.5934552591442215,0,0.4498835383020193
12831.json,james-woods,pants-fire,1,speaker_disjoint_split,0,0.47703224831018265,0,0.27904369848742566
509.json,john-mccain,true,0,speaker_disjoint_split,0,0.39757630663275967,0,0.3490029986056397
8237.json,dan-patrick,half-true,0,speaker_disjoint_split,1,0.58566300849373,1,0.5571138508703024
3805.json,agenda-project,false,1,speaker_disjoint_split,1,0.7174371886478139,1,0.6368592578961727
11031.json,gus-bilirakis,mostly-true,0,speaker_disjoint_split,0,0.2688057171479869,0,0.19335124960825245
10180.json,jeanne-shaheen,half-true,0,speaker_disjoint_split,1,0.7518719246628561,1,0.6353937387586908
3431.json,charles-reed,false,1,speaker_disjoint_split,1,0.5955308529623149,1,0.5027859715307663
4740.json,john-klenke,false,1,speaker_disjoint_split,0,0.2616730101711425,0,0.24811114770380455
7741.json,david-cicilline,true,0,speaker_disjoint_split,0,0.48330296950903695,0,0.35372624963725624
5115.json,ron-paul,half-true,0,speaker_disjoint_split,1,0.5323040050308934,0,0.47968480353125464
473.json,john-mccain,mostly-true,0,speaker_disjoint_split,0,0.41167945412722634,0,0.42796725951935977
3893.json,janice-hahn,half-true,0,speaker_disjoint_split,1,0.6646593624469478,1,0.6178086167349112
398.json,campaign-defend-america,mostly-true,0,speaker_disjoint_split,0,0.46389620657956915,0,0.30883885350357404
4802.json,philip-keefe,false,1,speaker_disjoint_split,1,0.604928356689284,1,0.6805651893656175
11355.json,jim-gilmore,true,0,speaker_disjoint_split,0,0.45580903524524413,0,0.4404850811738869
242.json,club-growth,half-true,0,speaker_disjoint_split,0,0.4896775762977622,0,0.44372921713038804
11306.json,club-growth,mostly-true,0,speaker_disjoint_split,1,0.583553952034411,1,0.5899938341516103
8741.json,tom-coburn,barely-true,1,speaker_disjoint_split,1,0.7595530124881325,1,0.6630804241684637
2663.json,citizens-lower-taxes-and-stronger-economy,pants-fire,1,speaker_disjoint_split,1,0.6968540945052049,0,0.396439871216846
8470.json,john-fleming,true,0,speaker_disjoint_split,1,0.5471457505122101,0,0.4699427599790272
10033.json,democratic-congressional-campaign-committee,pants-fire,1,speaker_disjoint_split,1,0.6215221136522237,1,0.5543010601534389
429.json,focus-family-action,true,0,speaker_disjoint_split,0,0.5138486210035248,0,0.42762822709322007
12271.json,bernie-s,mostly-true,0,speaker_disjoint_split,0,0.4255153991716289,0,0.3949180585365154
8439.json,maria-bartiromo,false,1,speaker_disjoint_split,1,0.6607271360006208,1,0.6509328880731814
8772.json,bill-post,pants-fire,1,speaker_disjoint_split,1,0.6012258368799657,1,0.5757614331393324
461.json,john-mccain,mostly-true,0,speaker_disjoint_split,0,0.47149027053476467,0,0.394488867333138
7092.json,big-gamble-nj,mostly-true,0,speaker_disjoint_split,0,0.5204463315912417,0,0.43887170178367174
550.json,ralph-nader,barely-true,1,speaker_disjoint_split,1,0.7024550750800099,1,0.5357468839303487
11974.json,huey-rey-fischer,mostly-true,0,speaker_disjoint_split,0,0.3224862788730415,0,0.2821685693601999
13082.json,donald-trump,pants-fire,1,speaker_disjoint_split,1,0.6641954529331702,1,0.5620268917318381
8927.json,national-republican-congressional-committee,barely-true,1,speaker_disjoint_split,1,0.7717148273675808,1,0.670511060204927
13003.json,james-woods,true,0,speaker_disjoint_split,0,0.468626781879058,0,0.4425257688246667
7635.json,eva-marie-mancuso,half-true,0,speaker_disjoint_split,0,0.3702684263818119,0,0.31499851675371016
5831.json,saxby-chambliss,true,0,speaker_disjoint_split,0,0.50136304856178,0,0.47246233029365603
3376.json,scott-walker,mostly-true,0,speaker_disjoint_split,1,0.7158058879160832,1,0.6027002698007984
12932.json,joe-biden,barely-true,1,speaker_disjoint_split,0,0.4158306152661028,0,0.3033033047310081
6390.json,jeff-fitzgerald,mostly-true,0,speaker_disjoint_split,0,0.3748260399988448,0,0.38531160645074314
4001.json,david-cicilline,pants-fire,1,speaker_disjoint_split,0,0.45616778799941043,0,0.35482556816862443
12399.json,bernie-s,half-true,0,speaker_disjoint_split,0,0.4851169833767544,0,0.44561710702685825
8598.json,lloyd-doggett,mostly-true,0,speaker_disjoint_split,0,0.2558775444587772,0,0.14963353206823674
5016.json,national-republican-congressional-committee,barely-true,1,speaker_disjoint_split,1,0.7010652496516699,1,0.5158865023739118
4488.json,gary-johnson,half-true,0,speaker_disjoint_split,0,0.1574311893886802,0,0.15135942264044186
9789.json,blog-posting,pants-fire,1,speaker_disjoint_split,1,0.6883699366344996,1,0.7267529726231611
12304.json,donald-trump,false,1,speaker_disjoint_split,1,0.597789352246022,1,0.5963807789979424
11491.json,peter-kinder,true,0,speaker_disjoint_split,1,0.5796235879801074,1,0.5074909794393463
13345.json,nathan-deal,mostly-true,0,speaker_disjoint_split,0,0.12025836583407241,0,0.1895271399267388
933.json,michael-steele,pants-fire,1,speaker_disjoint_split,1,0.6036341450550877,1,0.5809522270331413
3001.json,dekalb-county,barely-true,1,speaker_disjoint_split,1,0.7006992082133348,1,0.6172262339049807
4581.json,jose-rodriguez,barely-true,1,speaker_disjoint_split,0,0.3018489165705317,0,0.30959530039976946
12510.json,scott-walker,half-true,0,speaker_disjoint_split,0,0.5194843776096079,0,0.485751116098124
5063.json,ron-paul,false,1,speaker_disjoint_split,0,0.4817236645276008,0,0.4796018058367335
10961.json,donald-trump,false,1,speaker_disjoint_split,1,0.6385521438484774,1,0.608469908837681
11870.json,donald-trump,false,1,speaker_disjoint_split,0,0.45844750826994274,0,0.4446107301417696
1563.json,hank-gilbert,barely-true,1,speaker_disjoint_split,1,0.7344006250480966,1,0.5308215418911432
5022.json,restore-our-future,half-true,0,speaker_disjoint_split,1,0.7449531867998924,1,0.6700561296520615
10090.json,glenn-beck,half-true,0,speaker_disjoint_split,1,0.868549890569996,1,0.8140000461157448
1608.json,todd-tiahrt,half-true,0,speaker_disjoint_split,1,0.668849823202146,1,0.5792937054147211
10440.json,nathan-deal,true,0,speaker_disjoint_split,0,0.3106656604617318,0,0.2948964338633837
7198.json,steve-lonegan,barely-true,1,speaker_disjoint_split,1,0.5983939709609495,1,0.5185085245513059
1153.json,dick-armey,half-true,0,speaker_disjoint_split,1,0.6435289403147039,1,0.5751461603796054
11161.json,scott-walker,true,0,speaker_disjoint_split,0,0.5074115569196284,1,0.4974104933511571
6923.json,mary-nolan,true,0,speaker_disjoint_split,1,0.6551294177513021,1,0.5379404351544882
3661.json,joanne-kloppenburg,barely-true,1,speaker_disjoint_split,1,0.6022514972654162,1,0.590604692082038
3978.json,national-republican-congressional-committee,false,1,speaker_disjoint_split,1,0.6028877053806961,0,0.4628923836737738
3901.json,armond-budish,mostly-true,0,speaker_disjoint_split,0,0.28269611161582275,0,0.26768729574874867
4483.json,ron-paul,pants-fire,1,speaker_disjoint_split,0,0.5069144744823799,0,0.43943593102697776
3819.json,tim-kaine,half-true,0,speaker_disjoint_split,1,0.8714614834831896,1,0.6618837868233207
5139.json,club-growth,mostly-true,0,speaker_disjoint_split,1,0.7156595449290079,1,0.6331118655699
8972.json,andy-brown,mostly-true,0,speaker_disjoint_split,0,0.3685258534314879,0,0.27851673387164244
6240.json,john-robitaille,half-true,0,speaker_disjoint_split,1,0.5347425391941817,1,0.5269680695887241
12207.json,hilary-treadwell,pants-fire,1,speaker_disjoint_split,0,0.508281405806622,1,0.5982115229831747
2678.json,charlie-crist,true,0,speaker_disjoint_split,0,0.4828201123616167,0,0.41497616139885346
8582.json,david-axelrod,mostly-true,0,speaker_disjoint_split,0,0.4606097781287684,0,0.4419319430391786
1636.json,charlie-crist,false,1,speaker_disjoint_split,1,0.5856836556855822,1,0.5058556323372023
2870.json,joe-barton,barely-true,1,speaker_disjoint_split,0,0.43727118956962097,0,0.37652896603647096
34.json,john-mccain,mostly-true,0,speaker_disjoint_split,1,0.5365093319825851,0,0.4247405073667698
12949.json,donald-trump,barely-true,1,speaker_disjoint_split,1,0.5698824836138663,1,0.5290997955005899
13092.json,charlie-crist,true,0,speaker_disjoint_split,0,0.2997451805355142,0,0.273030169239576
12902.json,dana-wachs,true,0,speaker_disjoint_split,1,0.98195990042508,1,0.8834185934813559
9724.json,james-woods,false,1,speaker_disjoint_split,1,0.6407653182214929,0,0.43491523194916903
161.json,john-mccain,half-true,0,speaker_disjoint_split,1,0.5600437472235885,1,0.5169499415136212
7306.json,nathan-deal,true,0,speaker_disjoint_split,0,0.24649538231440826,0,0.2154760266408284
11316.json,carly-fiorina,barely-true,1,speaker_disjoint_split,1,0.6095432068751374,1,0.5060156569863535
2056.json,david-cicilline,false,1,speaker_disjoint_split,1,0.571845331876356,0,0.4818866823501428
12740.json,donald-trump,false,1,speaker_disjoint_split,1,0.7339132239852977,1,0.6487197111088838
11480.json,donald-trump,half-true,0,speaker_disjoint_split,0,0.47210880405169725,1,0.4923031994013386
10110.json,bill-oreilly,mostly-true,0,speaker_disjoint_split,1,0.6751345964325929,1,0.5608672974716303
9816.json,don-beyer,mostly-true,0,speaker_disjoint_split,0,0.4037277928772387,0,0.3466866055881908
13194.json,citizens-michael-mcauliffe-and-house-republican-or,barely-true,1,speaker_disjoint_split,0,0.46736414733135767,0,0.46286559345759554
4263.json,ron-paul,false,1,speaker_disjoint_split,1,0.6481438488698595,1,0.5436810003297609
11178.json,john-kasich,mostly-true,0,speaker_disjoint_split,0,0.4443053974908376,0,0.41740804564129735
7515.json,joseph-levy,barely-true,1,speaker_disjoint_split,0,0.4683791453118802,0,0.4167573619382691
12861.json,donald-trump,pants-fire,1,speaker_disjoint_split,0,0.3383165237852556,0,0.40572381558300674
11199.json,state-democratic-party-wisconsin,mostly-true,0,speaker_disjoint_split,0,0.3470694796942493,0,0.3390200797714234
4786.json,state-democratic-party-wisconsin,false,1,speaker_disjoint_split,1,0.7417811352856358,1,0.7011626077990172
7719.json,republican-governors-association,pants-fire,1,speaker_disjoint_split,0,0.5005903915058284,0,0.4503479994089885
3915.json,roberto-dasilva,barely-true,1,speaker_disjoint_split,0,0.39326722476548037,0,0.43527792612947963
10277.json,bill-oreilly,barely-true,1,speaker_disjoint_split,1,0.5764120661965872,1,0.5082562879993205
10452.json,debbie-wasserman-schultz,barely-true,1,speaker_disjoint_split,0,0.5044215506317161,0,0.4175034237566274
8780.json,rhode-island-senate,mostly-true,0,speaker_disjoint_split,0,0.39025089930010526,0,0.3694501588292681
6145.json,pat-kreitlow,pants-fire,1,speaker_disjoint_split,1,0.7233786963339298,1,0.7247292341673135
7948.json,blog-posting,pants-fire,1,speaker_disjoint_split,1,0.708054196342865,1,0.7169513259886869
12235.json,donald-trump,false,1,speaker_disjoint_split,0,0.43627876480596156,1,0.5096757030082534
970.json,cynthia-lummis,pants-fire,1,speaker_disjoint_split,1,0.6932695492718293,1,0.7254316169565114
11466.json,emanuel-cleaver,barely-true,1,speaker_disjoint_split,0,0.3085563424912092,0,0.3001083713870759
1471.json,bill-oreilly,true,0,speaker_disjoint_split,0,0.49552738164906207,0,0.4111422404923418
5397.json,richard-morrison,half-true,0,speaker_disjoint_split,0,0.4559439477609005,0,0.4002996726256768
10938.json,bernie-s,mostly-true,0,speaker_disjoint_split,0,0.47094660141999023,0,0.4644603625052063
12701.json,tim-kaine,barely-true,1,speaker_disjoint_split,0,0.4546395984818048,0,0.4499773286574648
13015.json,gary-johnson,mostly-true,0,speaker_disjoint_split,1,0.5612547798295711,0,0.45158362904036814
2062.json,david-axelrod,half-true,0,speaker_disjoint_split,0,0.3837255226951971,0,0.34595439112011545
409.json,bill-clinton,true,0,speaker_disjoint_split,0,0.5032414720387646,0,0.461005303764645
12776.json,state-democratic-party-wisconsin,half-true,0,speaker_disjoint_split,0,0.40066956129457987,0,0.45433184390334813
11188.json,donald-trump,half-true,0,speaker_disjoint_split,0,0.5142201997055854,1,0.5461465535451854
8722.json,neera-tanden,true,0,speaker_disjoint_split,0,0.4356658004296093,0,0.23975004992342427
10075.json,no-tax-tracks,half-true,0,speaker_disjoint_split,1,0.743429434442704,1,0.6793734966180347
4167.json,wisconsin-family-action,true,0,speaker_disjoint_split,1,0.6932598756723141,1,0.7383243156777366
6287.json,club-growth,barely-true,1,speaker_disjoint_split,0,0.40926925927340996,0,0.3819521326398213
10505.json,rush-limbaugh,barely-true,1,speaker_disjoint_split,0,0.49286079896492485,1,0.5040664212042318
3698.json,blog-posting,half-true,0,speaker_disjoint_split,1,0.6342584975783361,1,0.697802949890934
782.json,john-mccain,half-true,0,speaker_disjoint_split,1,0.6352568193641195,1,0.5675869549918797
10138.json,nathan-deal,barely-true,1,speaker_disjoint_split,0,0.32111220655035916,0,0.2740497059596847
2622.json,charlie-crist,false,1,speaker_disjoint_split,1,0.7947446973439716,1,0.6192948692879557
2017.json,john-mccain,mostly-true,0,speaker_disjoint_split,1,0.6645373035445774,1,0.5588264332950925
4061.json,bill-kristol,mostly-true,0,speaker_disjoint_split,1,0.5443694143562774,0,0.4715595634851273
12883.json,debbie-wasserman-schultz,barely-true,1,speaker_disjoint_split,0,0.4821159502900866,0,0.4670913448693324
5708.json,gary-black,mostly-true,0,speaker_disjoint_split,1,0.6180161957058163,1,0.7314514259453574
9929.json,blog-posting,half-true,0,speaker_disjoint_split,1,0.5876977237817854,1,0.6780160397649154
10062.json,john-mccain,false,1,speaker_disjoint_split,1,0.8402510855633512,1,0.758801157917755
6108.json,marsha-blackburn,barely-true,1,speaker_disjoint_split,1,0.5985888721096941,1,0.5167398541643462
11500.json,ben-carson,false,1,speaker_disjoint_split,1,0.6567195419569439,1,0.5977182850994708
6642.json,bill-clinton,half-true,0,speaker_disjoint_split,0,0.5129856654686573,1,0.49488914753288804
5.json,bill-richardson,mostly-true,0,speaker_disjoint_split,0,0.3653830884813701,0,0.34554932825553786
1541.json,charlie-crist,false,1,speaker_disjoint_split,0,0.4900489218534088,0,0.4539007587216793
7911.json,saxby-chambliss,pants-fire,1,speaker_disjoint_split,0,0.4909135777887194,1,0.5081396463336123
367.json,john-mccain,pants-fire,1,speaker_disjoint_split,1,0.8513315482734067,1,0.7697309615165376
4082.json,jim-whelan,half-true,0,speaker_disjoint_split,1,0.536817958488005,0,0.4716186588959055
6952.json,linda-mcmahon,false,1,speaker_disjoint_split,1,0.6339238959443303,1,0.6385214869608816
2180.json,randy-neugebauer,pants-fire,1,speaker_disjoint_split,0,0.5133959693898612,0,0.41475796406801424
7138.json,saxby-chambliss,true,0,speaker_disjoint_split,1,0.5690257373375357,1,0.5221005903426487
6677.json,kal-penn,mostly-true,0,speaker_disjoint_split,1,0.6926567007937788,1,0.6221615828819255
2595.json,christine-odonnell,pants-fire,1,speaker_disjoint_split,1,0.8512258647760197,1,0.6969275945873084
1351.json,glenn-beck,false,1,speaker_disjoint_split,0,0.5015597879595568,1,0.5160009577312977
9847.json,burger-king,half-true,0,speaker_disjoint_split,1,0.8808908101848022,1,0.7543508361984234
12551.json,bernie-s,mostly-true,0,speaker_disjoint_split,1,0.7789569979454773,1,0.6584875253880508
9175.json,republican-party-florida,true,0,speaker_disjoint_split,1,0.6455417951839522,1,0.5177371899832414
1278.json,charlie-crist,false,1,speaker_disjoint_split,0,0.32003293540385147,0,0.27468540824864
9634.json,kate-obenshain,barely-true,1,speaker_disjoint_split,1,0.7166845098619306,1,0.6278101473209987
12200.json,donald-trump,half-true,0,speaker_disjoint_split,0,0.3734891703332047,0,0.34629399385601656
8098.json,david-cicilline,true,0,speaker_disjoint_split,1,0.5992264765369734,0,0.4459764215894237
9689.json,charlie-crist,mostly-true,0,speaker_disjoint_split,1,0.5415366649452662,1,0.512669827438165
5797.json,mary-nolan,half-true,0,speaker_disjoint_split,0,0.3573921386636517,0,0.3470527443021304
10588.json,doug-collins,mostly-true,0,speaker_disjoint_split,1,0.7409892538602937,1,0.761566905356647
4225.json,jon-husted,mostly-true,0,speaker_disjoint_split,0,0.5207244965891424,1,0.5585296763517894
579.json,john-mccain,mostly-true,0,speaker_disjoint_split,0,0.4604228973470918,0,0.39717013298170983
1661.json,silvestre-reyes,pants-fire,1,speaker_disjoint_split,0,0.3883954977003456,0,0.2728289425842194
5442.json,jon-husted,half-true,0,speaker_disjoint_split,1,0.6156072232769203,1,0.5844234697392873
6028.json,memphis-police-association,false,1,speaker_disjoint_split,1,0.7275988472355971,1,0.5366535090051288
5294.json,nathan-deal,true,0,speaker_disjoint_split,0,0.46208473842480846,0,0.3945191179309874
3972.json,nina-perales,mostly-true,0,speaker_disjoint_split,0,0.4690216768167479,0,0.35689391774659324
1348.json,keith-olbermann,half-true,0,speaker_disjoint_split,1,0.6403114024072047,1,0.6528762773930482
1740.json,keith-olbermann,half-true,0,speaker_disjoint_split,1,0.6973087741237022,1,0.555130254228686
10851.json,akbar-al-baker,barely-true,1,speaker_disjoint_split,0,0.4093023776204606,0,0.43545780304719084
13250.json,pat-mccrory,barely-true,1,speaker_disjoint_split,1,0.6462300961810991,1,0.5556894771390434
10926.json,blog-posting,mostly-true,0,speaker_disjoint_split,1,0.8062557583637292,1,0.777051997254751
11097.json,atlanta-neighborhood-association,true,0,speaker_disjoint_split,0,0.4980427173078035,0,0.371627958913998
9278.json,tom-corbett,barely-true,1,speaker_disjoint_split,1,0.5838862022769011,1,0.49542988578793956
5001.json,tim-kaine,false,1,speaker_disjoint_split,1,0.575623629074343,1,0.557185976200768
11454.json,ben-carson,false,1,speaker_disjoint_split,1,0.6812106605678334,1,0.6612342756127078
3765.json,jay-goyal,barely-true,1,speaker_disjoint_split,0,0.301667724777508,0,0.4054898949615028
11231.json,donald-trump,half-true,0,speaker_disjoint_split,1,0.6676719375324469,1,0.6103849022811939
11130.json,scott-walker,false,1,speaker_disjoint_split,0,0.44078762399959104,0,0.41093011766886167
13104.json,tom-nelson,half-true,0,speaker_disjoint_split,1,0.6800046229142404,1,0.7734778698387536
9618.json,mark-begich,mostly-true,0,speaker_disjoint_split,0,0.5313607872263763,0,0.46957671802636386
11921.json,bernie-s,mostly-true,0,speaker_disjoint_split,0,0.31668534913599783,0,0.3012821316627758
10980.json,bill-clinton,half-true,0,speaker_disjoint_split,1,0.7533837607233078,1,0.7261852907730868
13325.json,tim-kaine,mostly-true,0,speaker_disjoint_split,1,0.5714362211224921,1,0.6114198752601074
12583.json,david-miliband,true,0,speaker_disjoint_split,1,0.5459777457859918,1,0.5007765793219835
307.json,john-mccain,half-true,0,speaker_disjoint_split,1,0.6599690162846095,1,0.5753306864979534
11387.json,scott-walker,mostly-true,0,speaker_disjoint_split,0,0.43090242820895674,0,0.42707958921956446
10652.json,jerry-falwell,true,0,speaker_disjoint_split,0,0.5096902719869605,1,0.49341016170221563
4110.json,gary-johnson,half-true,0,speaker_disjoint_split,0,0.3530478260682527,0,0.330541235888291
7856.json,karl-rove,mostly-true,0,speaker_disjoint_split,0,0.3766926691107399,0,0.35196847919593205
8106.json,kari-chisholm,false,1,speaker_disjoint_split,1,0.5511539372671652,0,0.4800916014464251
13021.json,donald-trump,false,1,speaker_disjoint_split,0,0.45542175565851206,0,0.4445566089855906
12150.json,donald-trump,false,1,speaker_disjoint_split,1,0.5569313238848618,1,0.5363193821634484
9414.json,democratic-congressional-campaign-committee,false,1,speaker_disjoint_split,0,0.47352707252044196,0,0.443728660529621
434.json,focus-family-action,false,1,speaker_disjoint_split,0,0.5160961682272696,1,0.5267143025986063
7585.json,dennis-richardson,mostly-true,0,speaker_disjoint_split,1,0.5498071517852091,1,0.5289086798771214
8377.json,dan-patrick,false,1,speaker_disjoint_split,1,0.6901614049594966,1,0.6031259182205888
8962.json,bill-kristol,false,1,speaker_disjoint_split,0,0.5243441114607942,1,0.5402539711199337
7551.json,john-kasich,true,0,speaker_disjoint_split,0,0.4756068382142796,0,0.4766138915825948
9268.json,dan-patrick,half-true,0,speaker_disjoint_split,0,0.5203714589252519,1,0.5227360157189762
543.json,john-mccain,mostly-true,0,speaker_disjoint_split,0,0.3923368296737505,0,0.4033860518922201
10134.json,charlie-crist,false,1,speaker_disjoint_split,1,0.6009007754379949,1,0.5008595579045626
6667.json,joe-biden,mostly-true,0,speaker_disjoint_split,0,0.3946788527039306,0,0.3666439226749804
11143.json,rush-limbaugh,pants-fire,1,speaker_disjoint_split,0,0.509755275039914,1,0.4927761444987222
2512.json,we-love-usa-pac,false,1,speaker_disjoint_split,1,0.7671379708522101,1,0.7694584695470853
11396.json,debbie-wasserman-schultz,half-true,0,speaker_disjoint_split,0,0.46164087881230614,0,0.4210454056473764
690.json,john-mccain,true,0,speaker_disjoint_split,0,0.4036256335632012,0,0.3407976039257071
11819.json,ben-carson,barely-true,1,speaker_disjoint_split,0,0.4551514887851901,0,0.42408113958053345
4808.json,john-stemberger,barely-true,1,speaker_disjoint_split,0,0.2216797338225377,0,0.2353872365584895
7615.json,b-heath-mitchell,half-true,0,speaker_disjoint_split,0,0.45237262344099294,0,0.33227650569400763
6066.json,lamar-alexander,half-true,0,speaker_disjoint_split,1,0.6182486338297632,1,0.5770206978544672
11868.json,donald-trump,barely-true,1,speaker_disjoint_split,0,0.5051917995166619,0,0.48120777029640754
4913.json,jon-huntsman,barely-true,1,speaker_disjoint_split,0,0.31473447801738835,0,0.3180199935307375
10027.json,gloria-steinem,true,0,speaker_disjoint_split,0,0.2438863724168434,0,0.2394818452518255
8535.json,jay-leno,barely-true,1,speaker_disjoint_split,1,0.5933102730355245,1,0.6130848787668381
10990.json,scott-walker,barely-true,1,speaker_disjoint_split,1,0.8593411899816883,1,0.7655175411229456
3635.json,nathan-deal,half-true,0,speaker_disjoint_split,0,0.3106429868880269,0,0.2787882013222451
12013.json,bill-clinton,half-true,0,speaker_disjoint_split,0,0.29673228350078745,0,0.29278706367382007
6856.json,joe-biden,barely-true,1,speaker_disjoint_split,0,0.4971215978912888,0,0.3857451540687465
13079.json,donald-trump,false,1,speaker_disjoint_split,1,0.7046580557430449,1,0.6047890477974475
10428.json,gsu-alumni-association,true,0,speaker_disjoint_split,0,0.329798334651908,0,0.2978741239106634
3019.json,lloyd-doggett,mostly-true,0,speaker_disjoint_split,0,0.3525633534654893,0,0.29012968713679893
6666.json,bill-clinton,mostly-true,0,speaker_disjoint_split,0,0.28399473313806867,0,0.27820673129057794
6143.json,nathan-deal,barely-true,1,speaker_disjoint_split,0,0.30953086851304734,0,0.2611981532708105
6960.json,ohio-republican-party,half-true,0,speaker_disjoint_split,1,0.6291668440599391,1,0.6769484579395147
597.json,votevetsorg,false,1,speaker_disjoint_split,0,0.4735026851718076,0,0.3854989264903958
11727.json,will-kraus,half-true,0,speaker_disjoint_split,0,0.4656188354521114,0,0.46283375741810767
7192.json,larry-kilgore,false,1,speaker_disjoint_split,0,0.3235556462289082,0,0.28607479172093353
5595.json,bill-pascrell,false,1,speaker_disjoint_split,0,0.18586413549982958,0,0.21812436184408926
1197.json,lamar-alexander,false,1,speaker_disjoint_split,1,0.6228904505946528,1,0.518618447691659
13115.json,donald-trump,false,1,speaker_disjoint_split,1,0.6388711403739272,1,0.5488064994606027
6021.json,scott-walker,mostly-true,0,speaker_disjoint_split,0,0.38135394629656705,0,0.41960327657352664
5879.json,national-republican-congressional-committee,pants-fire,1,speaker_disjoint_split,1,0.5652563729176474,1,0.533879488864934
1110.json,bill-pascrell,mostly-true,0,speaker_disjoint_split,0,0.5256088036799339,1,0.5415215697138633
1258.json,glenn-beck,barely-true,1,speaker_disjoint_split,1,0.6724427564059715,1,0.6848690657244292
7213.json,scott-walker,true,0,speaker_disjoint_split,0,0.4138917053114939,0,0.3900193736587305
7760.json,tom-coburn,false,1,speaker_disjoint_split,0,0.46874056573883666,1,0.5153718466807159
7370.json,jeff-merkley,true,0,speaker_disjoint_split,0,0.28541800610896356,0,0.3617914165387385
2064.json,nathan-deal,half-true,0,speaker_disjoint_split,1,0.6059328874950485,0,0.4610861015572903
13391.json,austin-board-realtors-pac,false,1,speaker_disjoint_split,0,0.516329684918944,0,0.44227726347005397
9621.json,glenn-beck,half-true,0,speaker_disjoint_split,0,0.4347154415436403,0,0.44899103602626217
11572.json,megyn-kelly,half-true,0,speaker_disjoint_split,0,0.527465538297112,0,0.41393773318224286
8671.json,eugene-yu,mostly-true,0,speaker_disjoint_split,0,0.4137350474714531,0,0.4676926520400532
8203.json,scott-walker,half-true,0,speaker_disjoint_split,1,0.726785353294675,1,0.6984340502641635
4727.json,corey-stewart,false,1,speaker_disjoint_split,1,0.6450840092276369,1,0.6205809446029348
5916.json,samuel-wurzelbacher,pants-fire,1,speaker_disjoint_split,1,0.6179548111408479,1,0.6147023568746299
10010.json,republican-party-florida,half-true,0,speaker_disjoint_split,0,0.4571773569587951,0,0.455358957335756
524.json,john-mccain,false,1,speaker_disjoint_split,1,0.654423869651989,1,0.5799323817466103
400.json,campaign-defend-america,false,1,speaker_disjoint_split,0,0.3698105216795549,0,0.2686658017492559
2535.json,charlie-crist,half-true,0,speaker_disjoint_split,1,0.5653585138415179,0,0.38229715337757597
12377.json,scott-walker,pants-fire,1,speaker_disjoint_split,0,0.3449139512316612,0,0.319736497544943
3267.json,wesley-smith,half-true,0,speaker_disjoint_split,1,0.5993342608918273,1,0.616571215383916
9750.json,libre-initiative,half-true,0,speaker_disjoint_split,0,0.30846902572383067,0,0.356668045314421
593.json,john-mccain,barely-true,1,speaker_disjoint_split,1,0.5669491318243262,1,0.4922571254738962
7305.json,nathan-deal,true,0,speaker_disjoint_split,0,0.3031171758566281,0,0.29340685819734635
6581.json,anthony-gemma,false,1,speaker_disjoint_split,0,0.4546079749469306,1,0.4934557981201033
12707.json,mark-geist,barely-true,1,speaker_disjoint_split,1,0.7160800747702296,1,0.6435127663292161
10389.json,john-mccain,barely-true,1,speaker_disjoint_split,0,0.3140472650409785,0,0.3284266830655096
8787.json,nathan-deal,true,0,speaker_disjoint_split,0,0.33223122471387223,0,0.3172486419958713
11567.json,ben-carson,false,1,speaker_disjoint_split,0,0.5066912132801061,0,0.4556455137509621
7221.json,john-kasich,half-true,0,speaker_disjoint_split,0,0.4956995482956676,1,0.5155607038578313
3867.json,john-kasich,false,1,speaker_disjoint_split,0,0.3637934185393468,0,0.36351210361580794
2398.json,ron-klein,false,1,speaker_disjoint_split,1,0.679378053564087,1,0.5894916815572199
12138.json,joanne-kloppenburg,mostly-true,0,speaker_disjoint_split,1,0.7115570732386182,1,0.6886095001077409
2472.json,bob-hackworth,false,1,speaker_disjoint_split,0,0.49562584701479123,0,0.41178747304634206
2938.json,organizing-america,half-true,0,speaker_disjoint_split,1,0.5449153485491045,0,0.48244870680699764
11514.json,donald-trump,false,1,speaker_disjoint_split,0,0.37607074992137735,0,0.38289152055226716
3033.json,pat-mullins,true,0,speaker_disjoint_split,0,0.49020415862514577,1,0.5303195654340968
9660.json,charlie-crist,half-true,0,speaker_disjoint_split,1,0.5652447464339071,1,0.5328523765627629
1253.json,blog-posting,mostly-true,0,speaker_disjoint_split,1,0.8844074038390453,1,0.9039185771727027
13165.json,basil-seggos,false,1,speaker_disjoint_split,1,0.7371473117757731,1,0.661015081685612
3874.json,charlotte-nash,barely-true,1,speaker_disjoint_split,0,0.395312275603729,0,0.4723641079499981
13491.json,javier-m-gonzales,half-true,0,speaker_disjoint_split,0,0.4592967547945937,1,0.6086866227886556
9710.json,greta-van-susteren,false,1,speaker_disjoint_split,1,0.547921921443354,1,0.5718063695469927
2480.json,david-axelrod,half-true,0,speaker_disjoint_split,0,0.3256176441642298,0,0.2847406742556949
11331.json,scott-walker,half-true,0,speaker_disjoint_split,1,0.7289443602418797,1,0.6484772623170372
6476.json,aclu-florida,false,1,speaker_disjoint_split,1,0.5469673594360509,1,0.5425287061424124
7584.json,joe-barton,barely-true,1,speaker_disjoint_split,0,0.4243941448782899,0,0.39159165028464143
2207.json,john-mccain,half-true,0,speaker_disjoint_split,1,0.5694335693929772,0,0.4439393595475066
11470.json,centers-disease-control,mostly-true,0,speaker_disjoint_split,0,0.3976858840163433,0,0.36984181242617403
6651.json,david-cicilline,barely-true,1,speaker_disjoint_split,0,0.4789465630757312,0,0.40102109157472304
11155.json,scott-walker,half-true,0,speaker_disjoint_split,0,0.4675521933577145,0,0.44987064119574804
9614.json,blog-posting,barely-true,1,speaker_disjoint_split,1,0.7530978521924276,1,0.7686192325288377
555.json,john-mccain,half-true,0,speaker_disjoint_split,0,0.45746443361316813,0,0.3969747606204248
10262.json,chuck-todd,true,0,speaker_disjoint_split,0,0.4285298426035144,0,0.4273916730513857
9288.json,nathan-deal,mostly-true,0,speaker_disjoint_split,0,0.14614026123630466,0,0.11955623756542012
11253.json,donald-trump,false,1,speaker_disjoint_split,0,0.36566590982975894,0,0.4209595584871157
961.json,elijah-cummings,true,0,speaker_disjoint_split,0,0.4907284826748471,0,0.4414303481157192
11205.json,donald-trump,half-true,0,speaker_disjoint_split,0,0.5043299203792037,1,0.5336536545985365
13253.json,donald-trump,barely-true,1,speaker_disjoint_split,1,0.5667547917031172,1,0.5136646386810699
13462.json,donald-trump,false,1,speaker_disjoint_split,1,0.6697726650248225,1,0.6797629594187731
11515.json,donald-trump,barely-true,1,speaker_disjoint_split,0,0.39077446013336925,0,0.38349546691427117
7000.json,diane-hurley,true,0,speaker_disjoint_split,0,0.42153445351628527,0,0.4042486033447806
2282.json,anthony-gemma,mostly-true,0,speaker_disjoint_split,1,0.6876690893730923,1,0.6010378488037502
503.json,john-mccain,true,0,speaker_disjoint_split,1,0.5798293071536498,0,0.4728550530334601
10174.json,charlie-crist,half-true,0,speaker_disjoint_split,1,0.6403375630318957,0,0.4640435459792279
5979.json,corey-stewart,barely-true,1,speaker_disjoint_split,0,0.4560771692717514,1,0.49100386777908217
10755.json,scott-walker,half-true,0,speaker_disjoint_split,0,0.37685294966364336,0,0.37736392396850726
6808.json,tim-kaine,mostly-true,0,speaker_disjoint_split,0,0.4159279357825034,0,0.4311948244192195
8659.json,blog-posting,pants-fire,1,speaker_disjoint_split,1,0.7049953765309556,1,0.7585403886288964
8417.json,louie-gohmert,barely-true,1,speaker_disjoint_split,0,0.4055475957075376,0,0.3977274261058819
4758.json,state-democratic-party-wisconsin,barely-true,1,speaker_disjoint_split,1,0.671699822826181,1,0.5958243479350389
12198.json,blog-posting,false,1,speaker_disjoint_split,1,0.6428607171447566,1,0.6586831057338227
12843.json,joe-biden,false,1,speaker_disjoint_split,1,0.7713711791657737,1,0.6350333796797906
118.json,john-mccain,true,0,speaker_disjoint_split,1,0.5839615914371353,1,0.5403769456501524
1706.json,bill-clinton,barely-true,1,speaker_disjoint_split,0,0.38588850345044867,0,0.33919493004546025
12018.json,bernie-s,barely-true,1,speaker_disjoint_split,1,0.5368924342553587,0,0.48400198569099645
1646.json,cliff-stearns,half-true,0,speaker_disjoint_split,1,0.6302448607454835,1,0.5406024559310317
3532.json,tim-kaine,half-true,0,speaker_disjoint_split,1,0.6697496106703641,1,0.5507040879337182
3862.json,national-republican-congressional-committee,barely-true,1,speaker_disjoint_split,0,0.4772930206289101,0,0.42672958599022065
5064.json,democratic-congressional-campaign-committee,false,1,speaker_disjoint_split,1,0.6379003833023402,1,0.6165314841149676
13156.json,donald-trump,barely-true,1,speaker_disjoint_split,0,0.528230753018536,1,0.5237135304438438
11767.json,bernie-s,half-true,0,speaker_disjoint_split,1,0.643810917845262,1,0.6055942385588069
2120.json,richard-cordray,half-true,0,speaker_disjoint_split,1,0.6386251079384915,1,0.5888855563942844
13422.json,richard-burr,mostly-true,0,speaker_disjoint_split,1,0.5425207031786001,1,0.5559190582596857
10719.json,nathan-deal,half-true,0,speaker_disjoint_split,0,0.30205402188472724,0,0.2929563892113785
12211.json,glenn-beck,true,0,speaker_disjoint_split,0,0.42011120224135257,0,0.46457755429686937
8796.json,nathan-deal,half-true,0,speaker_disjoint_split,0,0.3540208905953321,0,0.34849674476852227
12047.json,donald-trump,barely-true,1,speaker_disjoint_split,0,0.40745337032179113,0,0.4094384628751684
10194.json,bill-clinton,barely-true,1,speaker_disjoint_split,0,0.3258130754728992,0,0.30385095893469566
2941.json,blog-posting,false,1,speaker_disjoint_split,0,0.5140440310181928,1,0.5149847899067276
8751.json,scott-walker,false,1,speaker_disjoint_split,0,0.34739506882885685,0,0.37398731319797335
12554.json,donald-trump,false,1,speaker_disjoint_split,0,0.4616583594256397,0,0.42399507096853284
11962.json,donald-trump,pants-fire,1,speaker_disjoint_split,1,0.5373682900916078,1,0.5538209477576306
4895.json,david-axelrod,half-true,0,speaker_disjoint_split,1,0.7713678439344027,1,0.7158310380918511
12162.json,californians-lower-drug-prices,half-true,0,speaker_disjoint_split,0,0.25396707810572466,0,0.25616944337220565
3355.json,state-democratic-party-wisconsin,pants-fire,1,speaker_disjoint_split,1,0.7627472678563131,1,0.6961206227259207
9796.json,rush-limbaugh,false,1,speaker_disjoint_split,1,0.6691193163241705,1,0.65254515265576
1591.json,rush-limbaugh,pants-fire,1,speaker_disjoint_split,1,0.6977290632822166,1,0.6487258986891897
13137.json,donald-trump,false,1,speaker_disjoint_split,1,0.8101492930563073,1,0.7417920793172471
8696.json,scott-walker,false,1,speaker_disjoint_split,1,0.6776810149594625,1,0.609684318689101
13183.json,tim-kaine,half-true,0,speaker_disjoint_split,1,0.5607550840554821,1,0.5047940109383591
12317.json,amy-schumer,half-true,0,speaker_disjoint_split,0,0.40827289124165655,0,0.4057546208912004
11002.json,scott-walker,mostly-true,0,speaker_disjoint_split,0,0.3291341203467638,0,0.3106887951412811
10459.json,rhode-island-center-freedom-and-prosperity,barely-true,1,speaker_disjoint_split,0,0.5170460082267094,0,0.4350876816139956
3457.json,ann-coulter,barely-true,1,speaker_disjoint_split,1,0.6171461118316478,1,0.6216731819773775
7172.json,scott-walker,pants-fire,1,speaker_disjoint_split,0,0.4668100187372261,0,0.46371972929989724
11247.json,donald-trump,false,1,speaker_disjoint_split,0,0.42807978184396867,0,0.414682531309221
7248.json,national-republican-congressional-committee,true,0,speaker_disjoint_split,0,0.4060157576755741,0,0.43032540002466807
6670.json,cnsnews,false,1,speaker_disjoint_split,1,0.6104537746018618,1,0.6312987490598518
9982.json,jane-harman,false,1,speaker_disjoint_split,1,0.7310254350099483,1,0.6159588363744989
6354.json,tim-kaine,mostly-true,0,speaker_disjoint_split,0,0.43215111791699745,0,0.42996852357035603
10369.json,chuck-todd,half-true,0,speaker_disjoint_split,0,0.5182852579716339,0,0.47198340100392744
7321.json,wayne-lapierre,half-true,0,speaker_disjoint_split,0,0.24446285157376968,0,0.2617110289637382
3797.json,amy-hanauer,true,0,speaker_disjoint_split,0,0.19339163995540992,0,0.14033507580203233
13459.json,pat-robertson,pants-fire,1,speaker_disjoint_split,1,0.9393692927622935,1,0.8053396080558728
12869.json,richard-burr,half-true,0,speaker_disjoint_split,1,0.8652646295549755,1,0.8044463559516463
2730.json,nathan-deal-and-roy-barnes,pants-fire,1,speaker_disjoint_split,1,0.5542771940691457,0,0.3661536282699388
8416.json,gilberto-hinojosa,mostly-true,0,speaker_disjoint_split,0,0.5022592958939086,1,0.4963498144253641
10781.json,ben-carson,barely-true,1,speaker_disjoint_split,0,0.26176347649585685,0,0.30424581265081296
1079.json,rush-limbaugh,barely-true,1,speaker_disjoint_split,1,0.5973811762000342,1,0.561186105745839
10876.json,glenn-beck,barely-true,1,speaker_disjoint_split,0,0.31157886223278425,0,0.3488817746028067
10778.json,nation-islam-research-group,pants-fire,1,speaker_disjoint_split,1,0.8199192672237678,1,0.7671862365944326
8479.json,scott-walker,barely-true,1,speaker_disjoint_split,0,0.41146453404017075,0,0.450844734885078
3589.json,saxby-chambliss,half-true,0,speaker_disjoint_split,0,0.2809343459339571,0,0.2819540754473796
6065.json,jeff-fitzgerald,half-true,0,speaker_disjoint_split,0,0.4355853243032137,0,0.43004051838100554
4326.json,bob-ryan,mostly-true,0,speaker_disjoint_split,1,0.8647742525642039,1,0.7006156515703884
10701.json,bernie-s,mostly-true,0,speaker_disjoint_split,0,0.33694153685413175,0,0.3261150401650771
6382.json,national-republican-congressional-committee,false,1,speaker_disjoint_split,1,0.8489772953539095,1,0.7336413452817784
11927.json,gary-cobb,barely-true,1,speaker_disjoint_split,1,0.6774521086336833,1,0.6098162416084064
10615.json,scott-walker,half-true,0,speaker_disjoint_split,1,0.6593042297089408,1,0.6493965499386599
2295.json,nathan-deal,true,0,speaker_disjoint_split,1,0.9220371594668828,1,0.7006329214005728
417.json,john-mccain,false,1,speaker_disjoint_split,1,0.6269023610698783,1,0.5950570055710652
6286.json,rush-limbaugh,pants-fire,1,speaker_disjoint_split,1,0.7859102040612274,1,0.7452692249299623
6151.json,lamar-alexander,true,0,speaker_disjoint_split,0,0.2923413858255813,0,0.2745560630228858
8108.json,dan-patrick,barely-true,1,speaker_disjoint_split,1,0.5366076673088269,0,0.4859674414034626
2801.json,allen-alley,mostly-true,0,speaker_disjoint_split,0,0.3987412531077949,0,0.4476109701507295
8075.json,louie-gohmert,barely-true,1,speaker_disjoint_split,1,0.6880242408400463,1,0.5008628953959128
3850.json,janet-napolitano,half-true,0,speaker_disjoint_split,0,0.20453811696342414,0,0.3251649449579003
8612.json,saxby-chambliss,half-true,0,speaker_disjoint_split,0,0.21956624963251442,0,0.23800449768314386
2395.json,john-kasich,half-true,0,speaker_disjoint_split,0,0.5188980442021695,0,0.43572076035729956
11525.json,scott-walker,half-true,0,speaker_disjoint_split,1,0.5643046066635722,0,0.4530649092906869
11071.json,donald-trump,false,1,speaker_disjoint_split,0,0.46787738696402004,0,0.421368337576055
1543.json,charlie-crist,barely-true,1,speaker_disjoint_split,0,0.35873924445627714,0,0.3331520029885661
10972.json,scott-walker,false,1,speaker_disjoint_split,1,0.8236779539472718,1,0.7307928515006538
11057.json,carly-fiorina,half-true,0,speaker_disjoint_split,0,0.41148848472971106,0,0.35016669916783144
11210.json,donald-trump,half-true,0,speaker_disjoint_split,1,0.6456558204692862,1,0.5642115136332059
6630.json,julian-castro,true,0,speaker_disjoint_split,0,0.32354769483503937,0,0.32251900839948294
9138.json,charlie-crist,mostly-true,0,speaker_disjoint_split,0,0.5078121229059579,0,0.477715465771978
9406.json,claire-mccaskill,barely-true,1,speaker_disjoint_split,1,0.7356490659132309,1,0.6766094737387266
5011.json,restore-our-future,true,0,speaker_disjoint_split,1,0.7939331133231793,1,0.6945105486079881
11317.json,scott-walker,barely-true,1,speaker_disjoint_split,1,0.7065591298153382,1,0.6514427931121811
2703.json,nathan-deal,barely-true,1,speaker_disjoint_split,0,0.5033250742458916,0,0.4717861276487562
12193.json,new-day-america,false,1,speaker_disjoint_split,0,0.4427102362682703,0,0.44986823925605646
6635.json,joe-biden,half-true,0,speaker_disjoint_split,1,0.5377046030315284,0,0.42750021610981215
4276.json,jon-huntsman,mostly-true,0,speaker_disjoint_split,0,0.5149448292940337,0,0.40694113239052804
12759.json,donald-trump,pants-fire,1,speaker_disjoint_split,1,0.5819929856404309,1,0.5703563841999445
2345.json,kevin-boyce,pants-fire,1,speaker_disjoint_split,0,0.40816957533286746,0,0.40214265887395384
10070.json,donald-trump,pants-fire,1,speaker_disjoint_split,1,0.7012793388853356,1,0.5873039527561087
3837.json,sam-adams,false,1,speaker_disjoint_split,0,0.26420329799885295,0,0.1409215122107096
2396.json,julie-lassa,half-true,0,speaker_disjoint_split,1,0.6564211129883889,1,0.5982447061384216
7349.json,dan-becker,false,1,speaker_disjoint_split,1,0.6280755685421443,1,0.5227729605942577
8228.json,debbie-wasserman-schultz,mostly-true,0,speaker_disjoint_split,0,0.5279381454224025,1,0.5999518046357909
7683.json,louie-gohmert,false,1,speaker_disjoint_split,1,0.6214360329864563,1,0.5373900869941334
10602.json,state-democratic-party-wisconsin,false,1,speaker_disjoint_split,1,0.8777866771900198,1,0.8185650306255355
2146.json,gordon-quan,half-true,0,speaker_disjoint_split,0,0.3437916585016022,0,0.454985156390046
1560.json,glenn-beck,true,0,speaker_disjoint_split,0,0.42847573409174533,0,0.46603647172064355
9885.json,charlie-crist,mostly-true,0,speaker_disjoint_split,0,0.48825336620543314,0,0.41409787942365534
9619.json,whoopi-goldberg,barely-true,1,speaker_disjoint_split,1,0.7082342424259856,1,0.6395532807600414
8704.json,bill-kristol,mostly-true,0,speaker_disjoint_split,1,0.5763908177101852,1,0.5719636587040939
10840.json,donald-trump,half-true,0,speaker_disjoint_split,0,0.4733062123127443,1,0.5190347827732564
10989.json,ann-coulter,pants-fire,1,speaker_disjoint_split,1,0.799983924325759,1,0.7621311474253575
9987.json,charlie-crist,false,1,speaker_disjoint_split,1,0.8019803180229351,1,0.7306549881582171
8643.json,scott-walker,false,1,speaker_disjoint_split,0,0.3998433660116914,0,0.43918915397224567
13234.json,donald-trump,mostly-true,0,speaker_disjoint_split,0,0.5054373761654198,1,0.4928023073542292
10317.json,matthew-cooke,barely-true,1,speaker_disjoint_split,0,0.14888361075893788,0,0.13002352695035954
12839.json,donald-trump,pants-fire,1,speaker_disjoint_split,0,0.4628175165487773,1,0.5146886944877181
6103.json,nathan-deal,false,1,speaker_disjoint_split,1,0.6446149053658992,1,0.5548319935793108
12988.json,donald-trump,mostly-true,0,speaker_disjoint_split,0,0.38463238142526385,0,0.3750575130252671
569.json,john-mccain,half-true,0,speaker_disjoint_split,1,0.5721655144633291,0,0.4634525497503104
6137.json,michael-chippendale,true,0,speaker_disjoint_split,0,0.2382622113896808,0,0.24059629464144455
13300.json,donald-trump,half-true,0,speaker_disjoint_split,1,0.7646054054591084,1,0.7087634600376452
13431.json,tim-kaine,true,0,speaker_disjoint_split,0,0.362402376044562,0,0.3436149173576406
1587.json,citizens-lower-taxes-and-stronger-economy,half-true,0,speaker_disjoint_split,1,0.6520188155322701,0,0.41589202172072937
9297.json,madison-action-fund,pants-fire,1,speaker_disjoint_split,1,0.6758193744143327,1,0.5928137098689172
12955.json,club-growth,half-true,0,speaker_disjoint_split,1,0.6404582651844689,1,0.583785360019128
8943.json,brad-avakian,mostly-true,0,speaker_disjoint_split,0,0.4600978522112118,0,0.3786347880334125
10204.json,breitbart,pants-fire,1,speaker_disjoint_split,1,0.7644370203152777,1,0.7026919207475418
12256.json,bernie-s,barely-true,1,speaker_disjoint_split,1,0.5448896307705625,0,0.47955508675323777
12428.json,donald-trump,pants-fire,1,speaker_disjoint_split,0,0.45519679242156247,0,0.43306689202649296
1491.json,joe-biden,mostly-true,0,speaker_disjoint_split,0,0.4016835554716174,0,0.38853968926423577
11578.json,bernie-s,barely-true,1,speaker_disjoint_split,0,0.17409317960381315,0,0.21016975909545732
6806.json,our-portland-our-schools,half-true,0,speaker_disjoint_split,1,0.6457579788229182,1,0.5579548673425466
3689.json,dick-armey,false,1,speaker_disjoint_split,0,0.3533855781996233,0,0.3713812545483556
8874.json,bill-oreilly,barely-true,1,speaker_disjoint_split,1,0.8318877449140951,1,0.7263148104226117
10082.json,charlie-crist,half-true,0,speaker_disjoint_split,0,0.4412553698098124,0,0.41795410361053953
6288.json,jeff-fitzgerald,pants-fire,1,speaker_disjoint_split,1,0.7907291132004155,1,0.7481045304526311
2807.json,state-democratic-party-wisconsin,barely-true,1,speaker_disjoint_split,1,0.8189447861816931,1,0.7633643427575392
11377.json,ora-houston,false,1,speaker_disjoint_split,1,0.5870050306511816,0,0.4338845510054717
3892.json,janice-hahn,true,0,speaker_disjoint_split,1,0.7971102565275751,1,0.771914021914693
7657.json,lenny-curry,half-true,0,speaker_disjoint_split,0,0.32013461749047223,0,0.2711983232400297
11349.json,scott-walker,false,1,speaker_disjoint_split,1,0.7374900703682035,1,0.6927218099849872
11292.json,david-cicilline,half-true,0,speaker_disjoint_split,0,0.4478373227014969,0,0.36334783229638595
13319.json,donald-trump,half-true,0,speaker_disjoint_split,1,0.7035732400487814,1,0.616733972024002
6124.json,democratic-congressional-campaign-committee,false,1,speaker_disjoint_split,1,0.6068906396972064,1,0.539920323691493
8970.json,blog-posting,pants-fire,1,speaker_disjoint_split,0,0.454480883676743,1,0.6026985539558739
12353.json,donald-trump,false,1,speaker_disjoint_split,0,0.4845714997565706,0,0.4588963624754257
4144.json,club-growth,true,0,speaker_disjoint_split,1,0.5352531141952893,0,0.46157120188521605
8085.json,don-lemon,true,0,speaker_disjoint_split,0,0.4357015478173829,0,0.41123229083741925
2325.json,nathan-deal,half-true,0,speaker_disjoint_split,0,0.3881586070371491,0,0.3748997992327566
12850.json,donald-trump,mostly-true,0,speaker_disjoint_split,1,0.6415034521025829,1,0.6020594881348881
5781.json,ron-oakley,barely-true,1,speaker_disjoint_split,0,0.4434076514695082,0,0.4047213123961959
7443.json,ohio-republican-party,mostly-true,0,speaker_disjoint_split,1,0.674154375149615,1,0.6890126303148545
11522.json,donald-trump,false,1,speaker_disjoint_split,1,0.6283281772678944,1,0.5932171783496617
10182.json,david-cicilline,true,0,speaker_disjoint_split,0,0.28467269942204965,0,0.22024769681124406
12378.json,solar-energy-fairness,half-true,0,speaker_disjoint_split,1,0.6617461663259331,1,0.5203262510914839
2361.json,democratic-congressional-campaign-committee,pants-fire,1,speaker_disjoint_split,1,0.6957481852001276,1,0.5644407088679243
13097.json,john-mccain,half-true,0,speaker_disjoint_split,1,0.6748260118746131,1,0.6195320201844025
6446.json,multnomah-county-library-foundation,false,1,speaker_disjoint_split,1,0.7246681519344383,1,0.5123881728886414
12880.json,donald-trump,false,1,speaker_disjoint_split,0,0.5293823822895464,0,0.48354444970921356
5427.json,scott-walker,true,0,speaker_disjoint_split,0,0.5184842782097674,1,0.5034752899686336
12804.json,tim-kaine,half-true,0,speaker_disjoint_split,1,0.5461776538606494,0,0.4535860850459197
8415.json,bill-foster,mostly-true,0,speaker_disjoint_split,1,0.562411617514457,0,0.406197095953449
7397.json,brian-patrick-kennedy,barely-true,1,speaker_disjoint_split,1,0.7018551013940302,1,0.5968011080297385
6248.json,democratic-congressional-campaign-committee,pants-fire,1,speaker_disjoint_split,1,0.6254860913773133,1,0.600438315303952
11950.json,bill-clinton,pants-fire,1,speaker_disjoint_split,1,0.773777539204984,1,0.6757209754036314
5939.json,jeff-fitzgerald,mostly-true,0,speaker_disjoint_split,1,0.5368823081495424,0,0.4859902819733624
10455.json,scott-walker,half-true,0,speaker_disjoint_split,1,0.6650760804247219,1,0.5842769240156228
12422.json,george-holding,half-true,0,speaker_disjoint_split,1,0.8090804164512629,1,0.7065755239291075
2943.json,bernie-s,true,0,speaker_disjoint_split,0,0.1308909635809898,0,0.15713810081645124
2696.json,scott-walker,barely-true,1,speaker_disjoint_split,1,0.6524221859156941,1,0.5475186385778665
8906.json,sly-james,false,1,speaker_disjoint_split,1,0.6273122354243107,1,0.5646008525206031
13032.json,donald-trump,barely-true,1,speaker_disjoint_split,1,0.5967216210843234,1,0.5449701932257974
12114.json,gina-hinojosa,mostly-true,0,speaker_disjoint_split,0,0.33571136249234984,0,0.2863853441510463
4021.json,stephen-sweeney,true,0,speaker_disjoint_split,0,0.529046616015647,1,0.553466571791912
2558.json,hank-gilbert,true,0,speaker_disjoint_split,0,0.3948287802281641,0,0.34777183481660934
1045.json,bill-oreilly,false,1,speaker_disjoint_split,0,0.4956886671986075,0,0.45222420412122133
1885.json,glenn-beck,half-true,0,speaker_disjoint_split,1,0.537745800001425,0,0.48083879485429293
9866.json,bob-beckel,false,1,speaker_disjoint_split,0,0.10905155279094299,0,0.1598808490351307
2240.json,john-kasich,false,1,speaker_disjoint_split,1,0.5359958063470586,1,0.5024901691388287
11350.json,ben-carson,barely-true,1,speaker_disjoint_split,0,0.46368751547832426,0,0.42643302780710973
8947.json,republican-party-florida,barely-true,1,speaker_disjoint_split,1,0.6248297866927731,1,0.5333115127198474
22.json,joe-biden,mostly-true,0,speaker_disjoint_split,0,0.3129334800036041,0,0.25641951687522146
13327.json,gary-johnson,half-true,0,speaker_disjoint_split,1,0.7923703628035219,1,0.6608683295237606
9909.json,dan-patrick,pants-fire,1,speaker_disjoint_split,0,0.392717423791566,0,0.3543412868873886
11164.json,donald-trump,pants-fire,1,speaker_disjoint_split,1,0.6591098513717265,1,0.5994939821993323
7873.json,bob-gibbs,mostly-true,0,speaker_disjoint_split,1,0.6899206459838787,1,0.7093824406168279
11144.json,donald-trump,false,1,speaker_disjoint_split,1,0.5885560851401709,1,0.5899733868639746
2110.json,yvette-mcgee-brown,true,0,speaker_disjoint_split,0,0.2803162878016336,0,0.31466738164666097
8965.json,richard-durbin,pants-fire,1,speaker_disjoint_split,0,0.37754388741110756,0,0.287848264924127
2985.json,john-mccain,true,0,speaker_disjoint_split,1,0.5348917541432596,0,0.47391853093307384
4286.json,democratic-congressional-campaign-committee,false,1,speaker_disjoint_split,0,0.324658787159679,0,0.3903090400565572
4447.json,hetty-rosenstein,half-true,0,speaker_disjoint_split,0,0.40397528119433906,1,0.5542188860582249
11566.json,carly-fiorina,half-true,0,speaker_disjoint_split,1,0.8076046241905604,1,0.6818747885362152
8824.json,ann-coulter,half-true,0,speaker_disjoint_split,1,0.6662042396371507,1,0.6583815491725455
453.json,john-mccain,half-true,0,speaker_disjoint_split,1,0.7268789165811304,1,0.6684760679990782
9748.json,blog-posting,pants-fire,1,speaker_disjoint_split,1,0.8617521302741441,1,0.8918118791709668
8703.json,glenn-beck,mostly-true,0,speaker_disjoint_split,1,0.7750936673881541,1,0.7310050339932269
13378.json,chris-malone,pants-fire,1,speaker_disjoint_split,0,0.4539582566529717,0,0.4496767166927091
920.json,national-republican-congressional-committee,mostly-true,0,speaker_disjoint_split,1,0.7741520260246609,1,0.7507085686495201
8615.json,charlie-crist,mostly-true,0,speaker_disjoint_split,1,0.5628310206524316,0,0.46604092183831636
1820.json,michael-steele,true,0,speaker_disjoint_split,1,0.6327824275023156,1,0.5182471971659923
8204.json,kathleen-vinehout,half-true,0,speaker_disjoint_split,0,0.4680587779799991,0,0.473360499356468
7332.json,keith-faber,half-true,0,speaker_disjoint_split,0,0.29007271131574536,0,0.2943287810095069
2672.json,scott-walker,barely-true,1,speaker_disjoint_split,0,0.5236091183733635,1,0.5155848109418543
4402.json,democratic-congressional-campaign-committee,barely-true,1,speaker_disjoint_split,1,0.6162086664455073,1,0.5683066870103949
10513.json,lori-haas,half-true,0,speaker_disjoint_split,0,0.35430207348758175,0,0.280779702631704
11399.json,club-growth,true,0,speaker_disjoint_split,1,0.6040467988963921,1,0.5337542808387408
8903.json,charlie-crist,false,1,speaker_disjoint_split,1,0.9655147718691607,1,0.7477586046108078
3599.json,joaquin-castro,barely-true,1,speaker_disjoint_split,0,0.5140235003836938,1,0.5227597409262781
1895.json,florida-first-initiative,barely-true,1,speaker_disjoint_split,1,0.8432359286673901,1,0.703420448925663
10353.json,naha-daily,pants-fire,1,speaker_disjoint_split,1,0.8530250699207492,1,0.656843793713096
8765.json,carly-fiorina,false,1,speaker_disjoint_split,0,0.45252726714360275,0,0.4051907245758526
7422.json,wayne-lapierre,barely-true,1,speaker_disjoint_split,1,0.6097313167926286,1,0.5304787611520377
12022.json,bernie-s,false,1,speaker_disjoint_split,1,0.6745665971561687,1,0.6166846972492143
613.json,john-mccain,mostly-true,0,speaker_disjoint_split,0,0.43106323066141267,0,0.41718668928095376
6481.json,national-republican-congressional-committee,pants-fire,1,speaker_disjoint_split,1,0.8226071448768735,1,0.710166966880094
573.json,john-mccain,false,1,speaker_disjoint_split,0,0.3030745504197351,0,0.3123240664950215
822.json,republican-party-florida,false,1,speaker_disjoint_split,0,0.4448346559506003,0,0.29384505246773035
12560.json,donald-trump,pants-fire,1,speaker_disjoint_split,0,0.5256374750545866,0,0.45875568958445356
12743.json,donald-trump,barely-true,1,speaker_disjoint_split,1,0.588865129281011,1,0.5572781965712713
1377.json,hank-gilbert,half-true,0,speaker_disjoint_split,1,0.6051949631719322,0,0.38567317369560394
9605.json,angel-taveras,mostly-true,0,speaker_disjoint_split,0,0.4331983454963069,0,0.37374984761422103
13149.json,donald-trump,barely-true,1,speaker_disjoint_split,0,0.5048722033178423,0,0.4785486443582213
10233.json,enough-already-wisconsin-inc,false,1,speaker_disjoint_split,0,0.41085529540484655,0,0.35660301989824805
164.json,bill-richardson,half-true,0,speaker_disjoint_split,0,0.3640634477182815,0,0.3440490176561344
551.json,ralph-nader,true,0,speaker_disjoint_split,1,0.7019170735572319,1,0.5306430344497564
10566.json,texas-democratic-party,mostly-true,0,speaker_disjoint_split,0,0.4198107295414715,0,0.47427277785878114
11315.json,donald-trump,mostly-true,0,speaker_disjoint_split,0,0.3321118900634237,0,0.3219685960016774
4551.json,john-fleming,false,1,speaker_disjoint_split,1,0.6431609215890779,1,0.5302475442175094
6394.json,steve-doell,mostly-true,0,speaker_disjoint_split,0,0.32138018594723605,0,0.3436628176294281
4449.json,valerie-vainieri-huttle,barely-true,1,speaker_disjoint_split,0,0.4465581774100626,0,0.3633723699540538
7500.json,national-republican-congressional-committee,pants-fire,1,speaker_disjoint_split,1,0.5540802718634859,1,0.520782759866096
10044.json,scott-walker,false,1,speaker_disjoint_split,0,0.44720985495931687,0,0.4520125757969236
10161.json,dan-patrick,barely-true,1,speaker_disjoint_split,1,0.6546641028852261,1,0.5721733609108977
9926.json,lois-frankel,pants-fire,1,speaker_disjoint_split,1,0.5403391368914858,1,0.5257783194044586
7489.json,debbie-wasserman-schultz,true,0,speaker_disjoint_split,1,0.6527060731932808,1,0.5635647553611112
13389.json,michelle-mosby,half-true,0,speaker_disjoint_split,1,0.8680839782199331,1,0.844096971916359
1159.json,rush-limbaugh,pants-fire,1,speaker_disjoint_split,1,0.7082679989722815,1,0.6831744723960531
4464.json,ted-piccolo,false,1,speaker_disjoint_split,1,0.6774241438451035,1,0.7568893232753168
719.json,john-mccain,false,1,speaker_disjoint_split,1,0.6974894018700194,1,0.6370363119833911
11460.json,dan-patrick,pants-fire,1,speaker_disjoint_split,1,0.7858419509204985,1,0.724553884563968
5889.json,scott-walker,barely-true,1,speaker_disjoint_split,1,0.6022023823984429,1,0.6052526207826401
798.json,john-mccain,half-true,0,speaker_disjoint_split,1,0.6582849804617141,1,0.5698231301858502
1366.json,karl-rove,mostly-true,0,speaker_disjoint_split,0,0.48532229998010407,1,0.5081466639493138
2397.json,national-republican-congressional-committee,barely-true,1,speaker_disjoint_split,1,0.6687096322894714,1,0.5463609977170871
12206.json,bill-clinton,barely-true,1,speaker_disjoint_split,0,0.1890469845558947,0,0.18777300030727742
13404.json,donald-trump,false,1,speaker_disjoint_split,1,0.6149258573436742,1,0.6082845682663535
710.json,john-mccain,barely-true,1,speaker_disjoint_split,1,0.5524400096786367,1,0.540917818485608
1882.json,nathan-deal,mostly-true,0,speaker_disjoint_split,1,0.5909216999870897,0,0.48230428081934357
1548.json,charlie-crist,barely-true,1,speaker_disjoint_split,0,0.37404061997382854,0,0.2744194225585642
1643.json,charlie-crist,true,0,speaker_disjoint_split,1,0.5574053343463973,0,0.43305297616123617
10590.json,scott-walker,false,1,speaker_disjoint_split,0,0.5195457594387783,0,0.4876980671348342
6048.json,bill-clinton,mostly-true,0,speaker_disjoint_split,0,0.24318626233181892,0,0.2456218794715051
8380.json,chris-latvala,true,0,speaker_disjoint_split,0,0.38296176069366417,0,0.34135136622055756
3392.json,john-mccain,false,1,speaker_disjoint_split,0,0.4074128779767909,0,0.3826502178373094
12915.json,gary-johnson,barely-true,1,speaker_disjoint_split,0,0.5243942512940626,0,0.43789424630472684
2093.json,joe-biden,true,0,speaker_disjoint_split,0,0.4673048718136776,0,0.383942246906196
12658.json,donald-trump,mostly-true,0,speaker_disjoint_split,0,0.3503117242186769,0,0.39505322937386567
1625.json,charlie-crist,half-true,0,speaker_disjoint_split,1,0.5999462379734324,1,0.5757660076931108
9275.json,wilton-gregory,mostly-true,0,speaker_disjoint_split,1,0.7162770659882887,1,0.8261671493738268
1459.json,ron-paul,barely-true,1,speaker_disjoint_split,0,0.46509484714156785,0,0.44934266912130644
10267.json,tim-kaine,mostly-true,0,speaker_disjoint_split,1,0.7035460793239771,1,0.6694862802502174
9496.json,joe-biden,half-true,0,speaker_disjoint_split,1,0.5383957950801632,0,0.4406935845502919
5943.json,beth-harwell,half-true,0,speaker_disjoint_split,0,0.49684268794753134,0,0.4556030474231146
10850.json,megyn-kelly,half-true,0,speaker_disjoint_split,0,0.4048467779715127,0,0.23537523121395743
11390.json,ben-carson,false,1,speaker_disjoint_split,1,0.8296339793655344,1,0.6929047281174752
6819.json,ann-coulter,false,1,speaker_disjoint_split,0,0.4034576700273161,0,0.35618281065342366
4290.json,sam-olens,true,0,speaker_disjoint_split,1,0.7347854740135805,1,0.7330950281470082
13492.json,donald-trump,pants-fire,1,speaker_disjoint_split,1,0.5587905158285686,0,0.48624803558150637
7595.json,mark-kelly,true,0,speaker_disjoint_split,0,0.46433258150352813,0,0.37883603121644843
9563.json,scott-walker,mostly-true,0,speaker_disjoint_split,0,0.3670412620582727,0,0.41398623920341954
8641.json,james-carville,mostly-true,0,speaker_disjoint_split,1,0.7607632681306685,1,0.6373904052180249
5261.json,scott-walker,half-true,0,speaker_disjoint_split,1,0.618125365497075,1,0.5686897816820894
2780.json,robert-brown,true,0,speaker_disjoint_split,0,0.4344304158168889,0,0.3695080006365448
2996.json,louie-gohmert,false,1,speaker_disjoint_split,1,0.7296640576120615,1,0.5441841201402631
13394.json,donald-trump,half-true,0,speaker_disjoint_split,0,0.43808617822967083,0,0.487163991425595
3335.json,scott-walker,true,0,speaker_disjoint_split,0,0.4920680626232011,0,0.4381374172988178
8940.json,lauren-kane,half-true,0,speaker_disjoint_split,1,0.6543782324946548,0,0.48760064771188677
12352.json,donald-trump,false,1,speaker_disjoint_split,0,0.46927762771536885,0,0.4261551420322232
13263.json,bernie-s,half-true,0,speaker_disjoint_split,1,0.7430846784559888,1,0.6263056426935106
12622.json,michael-cohen,pants-fire,1,speaker_disjoint_split,1,0.6471436418908374,1,0.648581201688611
3675.json,jon-husted,pants-fire,1,speaker_disjoint_split,0,0.49543575512703364,0,0.4690790571722768
12907.json,tim-kaine,half-true,0,speaker_disjoint_split,1,0.8870579059053013,1,0.7716442692852784
11627.json,bernie-s,true,0,speaker_disjoint_split,0,0.5098669540248963,1,0.49242231058993663
10960.json,breitbart,pants-fire,1,speaker_disjoint_split,1,0.7683533484019974,1,0.7862668297091674
3965.json,chris-widener,barely-true,1,speaker_disjoint_split,0,0.4733455761638413,1,0.5095756749787368
12905.json,donald-trump,half-true,0,speaker_disjoint_split,1,0.7585600253992134,1,0.6595391106273651
1221.json,patients-first,barely-true,1,speaker_disjoint_split,1,0.7024616489309723,1,0.5767283912943922
11520.json,ben-carson,false,1,speaker_disjoint_split,1,0.6192588581033734,1,0.5978656750530572
8048.json,bill-foster,mostly-true,0,speaker_disjoint_split,0,0.2397064953775721,0,0.12215634706734607
7854.json,national-republican-congressional-committee,barely-true,1,speaker_disjoint_split,1,0.7932566397670314,1,0.7061606898467633
3592.json,online-petition,mostly-true,0,speaker_disjoint_split,1,0.7272932994638167,1,0.6741169926253203
13259.json,national-republican-congressional-committee,mostly-true,0,speaker_disjoint_split,1,0.7848052890400872,1,0.5704684899160322
5232.json,ohio-republican-party,true,0,speaker_disjoint_split,1,0.587027206146353,1,0.6763126645489892
13240.json,donald-trump,false,1,speaker_disjoint_split,1,0.8539489012574556,1,0.7851090595856324
4334.json,donna-brazile,mostly-true,0,speaker_disjoint_split,0,0.4938210584498036,1,0.5177337999536931
4493.json,gary-johnson,false,1,speaker_disjoint_split,1,0.5864589251093524,1,0.5155871356574769
4906.json,scott-walker,false,1,speaker_disjoint_split,0,0.4912756119492028,0,0.44910413263912385
13261.json,donald-trump,pants-fire,1,speaker_disjoint_split,0,0.4939400133983658,1,0.5990224052683035
1137.json,david-axelrod,mostly-true,0,speaker_disjoint_split,1,0.759202381189067,1,0.653025191664961
1413.json,joe-biden,false,1,speaker_disjoint_split,0,0.4456685647274729,0,0.3374633262884659
838.json,john-mccain,half-true,0,speaker_disjoint_split,0,0.5309637910308799,0,0.4621081200260424
12674.json,mike-turzai,half-true,0,speaker_disjoint_split,0,0.5244248207043155,1,0.5636577833658094
13212.json,donald-trump,mostly-true,0,speaker_disjoint_split,1,0.571882112471419,1,0.5456913806466676
3964.json,michael-cutler,true,0,speaker_disjoint_split,0,0.3085246526874498,0,0.32595534302726725
6920.json,joe-biden,half-true,0,speaker_disjoint_split,0,0.5090058478329957,0,0.4507003454907723
11756.json,donald-trump,false,1,speaker_disjoint_split,0,0.37659409144381223,0,0.3905902241699075
9817.json,republican-party-florida,half-true,0,speaker_disjoint_split,1,0.640184947734136,1,0.5388987939252762
11039.json,bernie-s,barely-true,1,speaker_disjoint_split,0,0.24072731690157656,0,0.27213988616884327
2007.json,john-mccain,barely-true,1,speaker_disjoint_split,0,0.44103365830568547,0,0.4764450337881467
12513.json,donald-trump,mostly-true,0,speaker_disjoint_split,1,0.5522956662262737,0,0.48275514456710067
3294.json,scott-walker,false,1,speaker_disjoint_split,1,0.5874656790304347,1,0.5363708217527756
13111.json,donald-trump,half-true,0,speaker_disjoint_split,0,0.4268783473519012,0,0.4172045906024189
3729.json,nina-turner,true,0,speaker_disjoint_split,0,0.4223044056160815,0,0.3140109990727948
1249.json,jay-rockefeller,half-true,0,speaker_disjoint_split,0,0.44020924425454316,0,0.4349002178449005
9505.json,scott-walker,false,1,speaker_disjoint_split,1,0.7592525030780246,1,0.6900537708823183
13257.json,katherine-cloonen,pants-fire,1,speaker_disjoint_split,1,0.6731019614583209,1,0.7511965521878033
5154.json,restore-our-future,half-true,0,speaker_disjoint_split,0,0.42182547211569127,0,0.358677566368035
4620.json,david-axelrod,mostly-true,0,speaker_disjoint_split,1,0.5334784238648658,0,0.4368232989672094
12124.json,bill-clinton,mostly-true,0,speaker_disjoint_split,0,0.3230556340355319,0,0.3157955782795272
12053.json,donald-trump,false,1,speaker_disjoint_split,0,0.44845371600684353,0,0.4664697795458886
11378.json,carly-fiorina,mostly-true,0,speaker_disjoint_split,1,0.6330771172610237,1,0.5168284006812428
3630.json,state-democratic-party-wisconsin,false,1,speaker_disjoint_split,1,0.6739006317814294,1,0.6143495528424932
12944.json,tim-kaine,true,0,speaker_disjoint_split,0,0.313813466371965,0,0.3464678875978347
7682.json,texas-state-employees-union,true,0,speaker_disjoint_split,0,0.4608245544747356,0,0.47076340232026354
12302.json,shawn-oconnor,pants-fire,1,speaker_disjoint_split,1,0.5499746810915285,1,0.5833702000642657
4154.json,victoria-jackson,pants-fire,1,speaker_disjoint_split,1,0.6813801019648761,1,0.606889890043335
11204.json,ben-carson,half-true,0,speaker_disjoint_split,1,0.5759912629292205,1,0.5739276064651362
8802.json,scott-walker,mostly-true,0,speaker_disjoint_split,0,0.44378426012755134,0,0.42546860651012947
557.json,john-mccain,false,1,speaker_disjoint_split,1,0.5823711510079266,1,0.5244261448001676
7513.json,bob-bennett,mostly-true,0,speaker_disjoint_split,0,0.47819269268055636,0,0.4287127770807389
5366.json,stephen-sweeney,false,1,speaker_disjoint_split,0,0.43396196476581644,0,0.3321868953397677
12782.json,bill-clinton,mostly-true,0,speaker_disjoint_split,1,0.6378503418874991,1,0.5946473402812873
12491.json,donald-trump,barely-true,1,speaker_disjoint_split,1,0.5791534787148753,1,0.49876867088107674
7576.json,charles-cooper,half-true,0,speaker_disjoint_split,1,0.5826257624063523,0,0.4800919764886165
134.json,john-mccain,true,0,speaker_disjoint_split,1,0.6262776386873107,1,0.5551714636958591
9173.json,nathan-deal,half-true,0,speaker_disjoint_split,0,0.3625373390289428,0,0.38846475169719424
988.json,keith-olbermann,mostly-true,0,speaker_disjoint_split,1,0.5512369898189121,1,0.5067469174470265
11225.json,ben-carson,half-true,0,speaker_disjoint_split,0,0.445169469027337,0,0.397998174293511
619.json,john-mccain,false,1,speaker_disjoint_split,1,0.6639360631057466,1,0.5971442754833479
9159.json,republican-party-florida,mostly-true,0,speaker_disjoint_split,1,0.6297757396628105,1,0.505661860415211
12339.json,pat-mccrory,pants-fire,1,speaker_disjoint_split,0,0.47775829754899224,0,0.3389965121287121
11800.json,glenn-beck,true,0,speaker_disjoint_split,1,0.6342362104123842,1,0.7386918397400998
13497.json,donald-trump,pants-fire,1,speaker_disjoint_split,1,0.7077378766840856,1,0.6315345705154828
7265.json,scott-walker,half-true,0,speaker_disjoint_split,1,0.7016547205719831,1,0.6213487454748855
11700.json,donald-trump,false,1,speaker_disjoint_split,1,0.6179702609127473,1,0.6072838240301104
6111.json,debbie-wasserman-schultz,false,1,speaker_disjoint_split,1,0.6085309018890913,1,0.5738836650275058
5133.json,marsha-blackburn,barely-true,1,speaker_disjoint_split,1,0.7964119588144334,1,0.6582281577495458
334.json,john-mccain,mostly-true,0,speaker_disjoint_split,1,0.5818716201718547,1,0.5177595472945388
7365.json,david-cicilline,half-true,0,speaker_disjoint_split,0,0.45436712032732895,0,0.34411017088975987
943.json,john-mccain,true,0,speaker_disjoint_split,1,0.5708015082709641,1,0.5023889744438295
5675.json,republican-governors-association,barely-true,1,speaker_disjoint_split,1,0.6867473753313093,1,0.6154297653529048
12566.json,donald-trump,false,1,speaker_disjoint_split,1,0.7809305515240287,1,0.7149719589160584
12308.json,donald-trump,half-true,0,speaker_disjoint_split,1,0.6862797520068227,1,0.644127527317124
2239.json,john-stemberger,false,1,speaker_disjoint_split,0,0.5290084445991817,0,0.34496549476467064
11451.json,elton-john,mostly-true,0,speaker_disjoint_split,1,0.5895567256891392,1,0.553671058453244
1401.json,debra-medina,half-true,0,speaker_disjoint_split,0,0.5127373555693087,0,0.4447452114129582
1611.json,bob-schieffer,false,1,speaker_disjoint_split,0,0.4506028874881368,0,0.3852322388227149
5157.json,judy-manning,pants-fire,1,speaker_disjoint_split,0,0.3101232590379177,0,0.21319125202651837
2408.json,republican-governors-association,barely-true,1,speaker_disjoint_split,1,0.5747570135930863,0,0.4851620493130774
671.json,joe-biden,true,0,speaker_disjoint_split,0,0.513700138107256,0,0.42284128766445955
7277.json,bernie-s,barely-true,1,speaker_disjoint_split,0,0.4053729482606604,0,0.40985639475009533
10118.json,charlie-crist,false,1,speaker_disjoint_split,0,0.483316488099642,0,0.4670557951767709
12228.json,jan-brewer,barely-true,1,speaker_disjoint_split,1,0.558296039161495,1,0.6042360821958036
11771.json,bernie-s,barely-true,1,speaker_disjoint_split,1,0.843366885488384,1,0.8150857076517056
12281.json,unbreakable-kimmy-schmidt,false,1,speaker_disjoint_split,1,0.5831371610609534,1,0.665740495915205
10169.json,color-change,barely-true,1,speaker_disjoint_split,1,0.781491932895152,1,0.8245623184081177
914.json,joe-barton,true,0,speaker_disjoint_split,1,0.6152678928447941,1,0.5429945143187722
286.json,john-mccain,half-true,0,speaker_disjoint_split,1,0.6456173689980566,1,0.5457744416778164
780.json,john-mccain,true,0,speaker_disjoint_split,1,0.5765183945686836,1,0.5070186993585435
4637.json,stephen-sweeney,half-true,0,speaker_disjoint_split,0,0.3530219182059644,0,0.3761524528533522
9340.json,campaign-liberty,barely-true,1,speaker_disjoint_split,1,0.8768252603954837,1,0.8103071341863282
7102.json,lamar-alexander,false,1,speaker_disjoint_split,0,0.3623011980959492,0,0.32036240071261457
3269.json,lynn-westmoreland,half-true,0,speaker_disjoint_split,1,0.5884306566769506,0,0.4695221874164489
3487.json,karl-rove,false,1,speaker_disjoint_split,0,0.45166470392680247,0,0.47437369546066416
7460.json,nancy-devaney,mostly-true,0,speaker_disjoint_split,0,0.32850156847290773,0,0.3157640851382152
6050.json,nathan-deal,false,1,speaker_disjoint_split,1,0.7093858058067536,1,0.6296175928654854
11319.json,ben-carson,pants-fire,1,speaker_disjoint_split,0,0.33881125016838687,0,0.3299466940686629
11085.json,donald-trump,false,1,speaker_disjoint_split,1,0.6296783336465004,1,0.5312243257476527
2213.json,kevin-boyce,true,0,speaker_disjoint_split,0,0.3914256853102148,0,0.3431318057186947
5722.json,susan-combs,pants-fire,1,speaker_disjoint_split,1,0.5506777802879483,1,0.6059540536679567
12242.json,bernie-s,mostly-true,0,speaker_disjoint_split,0,0.49612914406591746,0,0.4778546963857636
7766.json,gilberto-hinojosa,mostly-true,0,speaker_disjoint_split,0,0.47380779789837724,0,0.48702279900064477
12825.json,tim-kaine,true,0,speaker_disjoint_split,1,0.5577093084929187,0,0.4878844774243915
8034.json,scott-walker,mostly-true,0,speaker_disjoint_split,0,0.5176592412302281,0,0.4892285021785417
1306.json,glenn-beck,false,1,speaker_disjoint_split,0,0.49342201851189504,0,0.4724609356069077
2320.json,debbie-wasserman-schultz,barely-true,1,speaker_disjoint_split,1,0.5548134795909343,0,0.46101574818393004
7253.json,club-growth,false,1,speaker_disjoint_split,0,0.37400368310880544,0,0.3049022465517196
2670.json,david-cicilline,mostly-true,0,speaker_disjoint_split,1,0.7413231388054624,1,0.6304415315954663
8430.json,florida-stop-common-core-coalition,pants-fire,1,speaker_disjoint_split,1,0.7989338430561658,1,0.7608180805355611
6025.json,scott-walker,half-true,0,speaker_disjoint_split,1,0.5446256797672583,1,0.5193948091283656
5706.json,john-kasich,true,0,speaker_disjoint_split,0,0.48532201916227513,1,0.49060590678719096
4335.json,jonathan-steitz,false,1,speaker_disjoint_split,1,0.6071720161551724,1,0.6519633347782048
7861.json,derek-ryan,true,0,speaker_disjoint_split,0,0.3759690430573181,0,0.33497427860053897
5747.json,peter-defazio,true,0,speaker_disjoint_split,1,0.6270220169142122,1,0.6704056478973768
12514.json,nevada-assembly-republican-candidates,false,1,speaker_disjoint_split,1,0.5782422904351966,0,0.44725358052589087
4297.json,susan-combs,false,1,speaker_disjoint_split,1,0.8462320948891816,1,0.8438122998913833
10526.json,joe-biden,pants-fire,1,speaker_disjoint_split,0,0.5098992410802362,0,0.4254570593424582
13071.json,donald-trump,pants-fire,1,speaker_disjoint_split,1,0.5944918219089892,1,0.6014787880304343
5391.json,texas-democratic-party,true,0,speaker_disjoint_split,1,0.5757759193656421,1,0.5443628111568825
10357.json,louie-gohmert,false,1,speaker_disjoint_split,1,0.7299710028755367,1,0.6492359286588593
11709.json,bernie-s,true,0,speaker_disjoint_split,0,0.18661076761521234,0,0.21785297202007012
6915.json,ohio-republican-party,barely-true,1,speaker_disjoint_split,1,0.7933075793667032,1,0.8443652688274965
8952.json,david-cicilline,mostly-true,0,speaker_disjoint_split,0,0.3760986370601245,0,0.29718948556769204
10475.json,megyn-kelly,true,0,speaker_disjoint_split,1,0.7255695555200354,1,0.522831800185238
12289.json,bernie-s,true,0,speaker_disjoint_split,0,0.5020748287747195,1,0.4994704798112492
8911.json,oregon-citizens-lobby,false,1,speaker_disjoint_split,1,0.6038791122245527,1,0.5424002133935347
589.json,john-mccain,half-true,0,speaker_disjoint_split,1,0.5876570191474941,1,0.5155436811931348
12664.json,firearms-policy-coalition,barely-true,1,speaker_disjoint_split,1,0.7149743008121524,1,0.6598995452571907
1896.json,donna-brazile,false,1,speaker_disjoint_split,0,0.5154917710469695,1,0.5407337365096851
7553.json,scott-walker,half-true,0,speaker_disjoint_split,0,0.42175734855458225,0,0.42974301969935247
8222.json,libertarian-party-broward-county,false,1,speaker_disjoint_split,0,0.41827355222800183,0,0.40880387602394025
12544.json,donald-trump,barely-true,1,speaker_disjoint_split,0,0.4100910518244814,0,0.43306258893670546
5464.json,ron-paul,mostly-true,0,speaker_disjoint_split,0,0.4042136611137974,0,0.40743933975549995
6864.json,jim-kyle,false,1,speaker_disjoint_split,1,0.6443941504112459,1,0.5606850647702677
11642.json,donald-trump,pants-fire,1,speaker_disjoint_split,1,0.5337261772377946,1,0.48979044856727677
9352.json,major-garrett,true,0,speaker_disjoint_split,1,0.6031056383902778,1,0.5868776736045892
9371.json,charlie-crist,half-true,0,speaker_disjoint_split,1,0.6131834400808007,1,0.5351220441794736
5804.json,tom-rooney,barely-true,1,speaker_disjoint_split,0,0.472722137921586,1,0.5711812600638524
6636.json,debbie-wasserman-schultz,pants-fire,1,speaker_disjoint_split,1,0.6482421090961262,1,0.5949156997706593
10154.json,scott-walker,mostly-true,0,speaker_disjoint_split,1,0.5819098411943825,1,0.5883737676951314
13201.json,tim-kaine,half-true,0,speaker_disjoint_split,0,0.5037564401804929,0,0.4665127600936713
12746.json,donald-trump,half-true,0,speaker_disjoint_split,0,0.38693659244904005,0,0.35770948054121315
4914.json,club-growth,half-true,0,speaker_disjoint_split,1,0.55232007184737,1,0.513558458533824
3822.json,anti-defamation-league,half-true,0,speaker_disjoint_split,0,0.22479515072785003,0,0.40427337126536667
8009.json,larry-elder,false,1,speaker_disjoint_split,1,0.7576360844417788,1,0.6311247232895868
11136.json,bill-oreilly,mostly-true,0,speaker_disjoint_split,0,0.5059469208538457,1,0.5279639433645215
13050.json,william-weld,half-true,0,speaker_disjoint_split,1,0.543360146266751,1,0.6097085060076032
4463.json,new-jersey-sierra-club,half-true,0,speaker_disjoint_split,0,0.45036324982286213,0,0.41198899182356413
13282.json,donald-trump,barely-true,1,speaker_disjoint_split,1,0.5807869003328213,1,0.5587018879911742
6996.json,promote-oregon-leadership-pac-oregon-house-republi,barely-true,1,speaker_disjoint_split,1,0.6834804185844179,1,0.6450978885883224
2697.json,jeff-merkley,half-true,0,speaker_disjoint_split,1,0.6839346190235058,1,0.5349218786752332
12333.json,donald-trump,pants-fire,1,speaker_disjoint_split,1,0.780571477116529,1,0.7864618960515577
2521.json,bob-gibbs,false,1,speaker_disjoint_split,1,0.6779284201738067,1,0.6437983926135401
1316.json,rush-limbaugh,half-true,0,speaker_disjoint_split,1,0.6237799323359099,1,0.5759380991716452
436.json,john-mccain,barely-true,1,speaker_disjoint_split,0,0.3845223372323115,0,0.40944012448991174
4415.json,bill-pascrell,mostly-true,0,speaker_disjoint_split,0,0.4198017474919747,0,0.4458883979842932
4707.json,robert-menendez,false,1,speaker_disjoint_split,0,0.33238320244110925,0,0.285126732919343
10826.json,scott-walker,false,1,speaker_disjoint_split,1,0.6202637684600935,1,0.5306130148200822
3403.json,john-kasich,true,0,speaker_disjoint_split,0,0.49464083481988363,0,0.41940177937253026
6430.json,american-commitment,barely-true,1,speaker_disjoint_split,1,0.6726805669374067,1,0.5949426496839922
13062.json,donald-trump,mostly-true,0,speaker_disjoint_split,0,0.23025472468168012,0,0.24859101739396028
12091.json,new-hampshire-republican-party,mostly-true,0,speaker_disjoint_split,0,0.49190338700989106,1,0.49968199151439124
6349.json,lights-liberty,barely-true,1,speaker_disjoint_split,1,0.5860382989657268,1,0.6210638432370758
13248.json,william-ruto,false,1,speaker_disjoint_split,0,0.4758470927725075,0,0.46624703339620105
4652.json,eileen-brady,false,1,speaker_disjoint_split,1,0.6772351688815174,1,0.607830054463994
5411.json,ron-paul,pants-fire,1,speaker_disjoint_split,0,0.43197361138953555,0,0.44394728877650896
1533.json,lamar-alexander,half-true,0,speaker_disjoint_split,0,0.47410739354937553,0,0.4131668787817377
13072.json,tim-kaine,true,0,speaker_disjoint_split,1,0.5624050182066322,1,0.635702037635134
12941.json,tim-kaine,barely-true,1,speaker_disjoint_split,1,0.5773178321123488,1,0.538076423420779
9531.json,state-democratic-party-wisconsin,barely-true,1,speaker_disjoint_split,0,0.47630062323112116,1,0.518591836965343
3872.json,democratic-congressional-campaign-committee,false,1,speaker_disjoint_split,1,0.8569527418672833,1,0.760810680280025
2632.json,john-kasich,false,1,speaker_disjoint_split,1,0.5918646137728751,1,0.4980014139461232
11591.json,donald-trump,pants-fire,1,speaker_disjoint_split,1,0.8156043192714262,1,0.6974669809830796
1050.json,karl-rove,false,1,speaker_disjoint_split,1,0.5480743281485632,1,0.5554296353346947
8513.json,scott-walker,pants-fire,1,speaker_disjoint_split,1,0.5664511139112292,1,0.5454074204738122
634.json,john-mccain,mostly-true,0,speaker_disjoint_split,1,0.5981073710878844,0,0.4163769196054367
12404.json,vote-no-2,half-true,0,speaker_disjoint_split,0,0.486235079707342,0,0.299493850974727
13297.json,colorado-citizens-accountable-government,pants-fire,1,speaker_disjoint_split,1,0.5643141726582566,0,0.3807645606491871
5009.json,michael-chippendale,false,1,speaker_disjoint_split,1,0.6970782217536506,1,0.6136948119606155
11213.json,bill-clinton,mostly-true,0,speaker_disjoint_split,1,0.6545288850378386,1,0.6082511367060413
9870.json,jeanne-shaheen,half-true,0,speaker_disjoint_split,1,0.7389360229432179,1,0.6679079687505693
1770.json,michael-bloomberg,true,0,speaker_disjoint_split,1,0.6167877787632217,1,0.5513549351011986
2648.json,maryellen-oshaughnessy,true,0,speaker_disjoint_split,0,0.2837157783199193,0,0.26215722506378747
9439.json,chuck-todd,true,0,speaker_disjoint_split,1,0.6099947749679249,0,0.48152106620016216
751.json,john-mccain,true,0,speaker_disjoint_split,0,0.3030428439103069,0,0.33194427469802323
4028.json,yard-sign,true,0,speaker_disjoint_split,0,0.4648018936852405,0,0.4657093872298294
1173.json,glenn-beck,barely-true,1,speaker_disjoint_split,1,0.788236154534276,1,0.674577668100255
2592.json,chris-coons,true,0,speaker_disjoint_split,0,0.49942627830015635,0,0.39458436684502673
4610.json,john-driscoll,barely-true,1,speaker_disjoint_split,1,0.6430963241090438,1,0.5796273084676402
1699.json,charlie-crist,half-true,0,speaker_disjoint_split,1,0.6354246682688814,1,0.5512841164844066
11038.json,chuck-todd,mostly-true,0,speaker_disjoint_split,0,0.21037821813968427,0,0.20290171779269156
11682.json,donald-trump,barely-true,1,speaker_disjoint_split,0,0.5178244154558524,1,0.49777302549262376
2404.json,patrick-lynch,half-true,0,speaker_disjoint_split,1,0.6132489643765398,0,0.378566479214998
3420.json,nathan-deal,true,0,speaker_disjoint_split,0,0.28764721214400213,0,0.3103150138960893
3407.json,patti-doyle,mostly-true,0,speaker_disjoint_split,0,0.30818217609854065,0,0.2425736911498689
5046.json,judy-shiprack-diane-mckeel,half-true,0,speaker_disjoint_split,0,0.5038357361779018,0,0.460071751870152
1170.json,arne-duncan,false,1,speaker_disjoint_split,1,0.5973876273794582,1,0.49262821342285884
7075.json,robert-menendez,half-true,0,speaker_disjoint_split,0,0.4603338473440907,0,0.38749183192776626
1655.json,lloyd-doggett,true,0,speaker_disjoint_split,1,0.5770275000758661,1,0.5204285308882661
460.json,john-mccain,barely-true,1,speaker_disjoint_split,1,0.6336281904360735,0,0.4773557961476451
7150.json,ken-detzner,mostly-true,0,speaker_disjoint_split,0,0.3891934951522174,0,0.39196841238294555
8956.json,americans-prosperity-georgia-chapter,half-true,0,speaker_disjoint_split,1,0.6149783246617971,1,0.5257142684478554
11650.json,heather-moore,barely-true,1,speaker_disjoint_split,0,0.49281385658061416,1,0.5626243810263802
36.json,john-mccain,barely-true,1,speaker_disjoint_split,0,0.4923185457202676,0,0.40896400855781073
11899.json,bernie-s,true,0,speaker_disjoint_split,1,0.5863803606148956,1,0.5332570173729325
3324.json,scott-walker,mostly-true,0,speaker_disjoint_split,0,0.32775529412206783,0,0.2915135099770653
11452.json,donald-trump,pants-fire,1,speaker_disjoint_split,1,0.6547107787879547,1,0.6129412115047487
10656.json,jess-mcintosh,true,0,speaker_disjoint_split,1,0.6442942870329125,1,0.5547760341689847
11027.json,donald-trump,barely-true,1,speaker_disjoint_split,1,0.6435611854345412,1,0.5633722063051403
11413.json,lynn-westmoreland,false,1,speaker_disjoint_split,1,0.7243835110008722,1,0.711650399421826
2006.json,jorge-ramos,mostly-true,0,speaker_disjoint_split,1,0.576043255798103,1,0.5644862696084186
11649.json,joe-donald,mostly-true,0,speaker_disjoint_split,0,0.23842992535437096,0,0.2039534788429399
5477.json,laurie-monnes-anderson,true,0,speaker_disjoint_split,0,0.41334861844808696,0,0.42234344081057873
2546.json,jon-husted,false,1,speaker_disjoint_split,1,0.7976658210198501,1,0.6398531416829972
8682.json,charlie-crist,barely-true,1,speaker_disjoint_split,1,0.67763601341925,1,0.5888962502910724
572.json,john-mccain,barely-true,1,speaker_disjoint_split,0,0.5065019401773532,1,0.5360473493849095
13273.json,donald-trump,false,1,speaker_disjoint_split,1,0.549164828825135,1,0.5395399552427086
8517.json,charlie-crist,half-true,0,speaker_disjoint_split,0,0.4832268091156193,0,0.4495069120031016
12231.json,bernie-s,mostly-true,0,speaker_disjoint_split,1,0.5873667982246263,1,0.4943546125117882
6840.json,robert-menendez,mostly-true,0,speaker_disjoint_split,1,0.6298517840193417,1,0.539837994155123
8647.json,rush-limbaugh,false,1,speaker_disjoint_split,1,0.6936445813666947,1,0.6386000047498162
3564.json,david-pepper,mostly-true,0,speaker_disjoint_split,0,0.2531990150211532,0,0.35821742543266194
7882.json,wisconsin-institute-law-liberty,true,0,speaker_disjoint_split,1,0.7218070323649298,1,0.6455843154113381
7829.json,greg-walden,barely-true,1,speaker_disjoint_split,0,0.3263646545500618,0,0.3945179611669107
583.json,john-mccain,half-true,0,speaker_disjoint_split,1,0.569753342222933,1,0.5400989054762814
4582.json,scott-walker,half-true,0,speaker_disjoint_split,1,0.6429014616316047,1,0.6221295860543687
3069.json,scott-walker,false,1,speaker_disjoint_split,0,0.4842235076992389,0,0.4357731289888006
13143.json,donald-trump,false,1,speaker_disjoint_split,1,0.693371706570301,1,0.6674867221841354
10586.json,scott-walker,false,1,speaker_disjoint_split,1,0.5938338438387492,1,0.5223713530804642
941.json,john-mccain,mostly-true,0,speaker_disjoint_split,1,0.6449198969318967,1,0.5671563779440068
4409.json,jon-huntsman,half-true,0,speaker_disjoint_split,0,0.30247643554333065,0,0.24708373470668762
12755.json,donald-trump,true,0,speaker_disjoint_split,1,0.823214424384902,1,0.7306032452078788
11976.json,bernie-s,half-true,0,speaker_disjoint_split,0,0.4671706829813978,0,0.4565931060821554
10675.json,trebor-banstetter,mostly-true,0,speaker_disjoint_split,0,0.33791818243092786,0,0.36423291127050283
12815.json,donald-trump,false,1,speaker_disjoint_split,1,0.621939328378715,1,0.5953738411555737
10907.json,nathan-deal,true,0,speaker_disjoint_split,0,0.525345803884636,0,0.44223933083904654
628.json,john-mccain,barely-true,1,speaker_disjoint_split,1,0.8830842717544448,1,0.766674767241883
601.json,john-mccain,half-true,0,speaker_disjoint_split,1,0.627139286195782,1,0.5979616225181739
1181.json,joe-wilson,false,1,speaker_disjoint_split,1,0.8423477095623433,1,0.8551111484509475
6595.json,callista-gingrich,barely-true,1,speaker_disjoint_split,0,0.4976783790459575,0,0.47260953451772664
283.json,john-mccain,true,0,speaker_disjoint_split,1,0.6907381194162365,1,0.581037534170818
9824.json,don-lemon,false,1,speaker_disjoint_split,0,0.5128082193709638,1,0.4902331559357624
12315.json,john-kasich,true,0,speaker_disjoint_split,0,0.2769837757896857,0,0.29582093950423105
3973.json,david-axelrod,half-true,0,speaker_disjoint_split,0,0.1518532308863777,0,0.14494384320748094
4065.json,scott-walker,false,1,speaker_disjoint_split,0,0.5099525278342438,0,0.42893686837232453
13121.json,donald-trump,false,1,speaker_disjoint_split,1,0.7392421277590047,1,0.7011376699023767
5208.json,ken-cuccinelli,pants-fire,1,speaker_disjoint_split,1,0.8106738712451597,1,0.7303122696252481
12066.json,pat-mccrory,half-true,0,speaker_disjoint_split,1,0.6653272186610479,1,0.583615528507335
11340.json,common-sense-kids-action,mostly-true,0,speaker_disjoint_split,0,0.435514102248048,0,0.43399026279117114
1275.json,ann-coulter,half-true,0,speaker_disjoint_split,0,0.3803191821393659,0,0.45714762289846594
11203.json,israel-oquinn,false,1,speaker_disjoint_split,1,0.5395671790597216,0,0.4733170885395606
7267.json,scott-walker,half-true,0,speaker_disjoint_split,1,0.5924674349909117,1,0.5626451386937069
12660.json,state-democratic-party-wisconsin,barely-true,1,speaker_disjoint_split,1,0.6160354783373815,1,0.5535054225657619
254.json,john-mccain,mostly-true,0,speaker_disjoint_split,0,0.49506080676665687,0,0.4764668777532974
1298.json,debbie-wasserman-schultz,mostly-true,0,speaker_disjoint_split,1,0.601115864017121,1,0.5809421241868542
1117.json,donna-brazile,half-true,0,speaker_disjoint_split,0,0.33039125416962006,0,0.36110518383636775
12502.json,john-mccain,mostly-true,0,speaker_disjoint_split,1,0.5505900733336792,1,0.5286489869552997
7774.json,mike-foley,mostly-true,0,speaker_disjoint_split,0,0.4639634120397025,1,0.49021411554629835
1360.json,rush-limbaugh,false,1,speaker_disjoint_split,0,0.4905725428349583,0,0.46721720243668935
4877.json,scott-walker,false,1,speaker_disjoint_split,1,0.5516649396259384,1,0.5677808140331504
11440.json,scott-walker,false,1,speaker_disjoint_split,1,0.7540429952512324,1,0.636987968059061
484.json,john-mccain,false,1,speaker_disjoint_split,1,0.9074605042834228,1,0.7605551568609312
8633.json,heritage-foundation,half-true,0,speaker_disjoint_split,1,0.721810390278191,1,0.6577361171511156
9826.json,truth-accounting,barely-true,1,speaker_disjoint_split,0,0.4068822661956438,0,0.43815326304230545
10643.json,ken-plum,mostly-true,0,speaker_disjoint_split,0,0.4339769446490136,0,0.42646859363723166
5767.json,jim-cooper,true,0,speaker_disjoint_split,0,0.350536934076538,0,0.36889503081686437
1604.json,barbara-cargill,barely-true,1,speaker_disjoint_split,0,0.3292170390683593,0,0.27702292639478227
1757.json,janet-napolitano,mostly-true,0,speaker_disjoint_split,0,0.35250439161622293,0,0.4121109790533891
530.json,john-mccain,mostly-true,0,speaker_disjoint_split,1,0.6029490298477354,1,0.5496471458899258
10520.json,peter-defazio,half-true,0,speaker_disjoint_split,1,0.5442597669443467,1,0.608380664928022
12102.json,club-growth,false,1,speaker_disjoint_split,1,0.7761177500103089,1,0.646283649776866
12266.json,donald-trump,false,1,speaker_disjoint_split,0,0.37013525195037206,0,0.479794945176226
12747.json,donald-trump,mostly-true,0,speaker_disjoint_split,1,0.7464360093701067,1,0.6523042248257922
8524.json,charlie-crist,mostly-true,0,speaker_disjoint_split,0,0.380616572739842,0,0.3400879077782575
2351.json,jan-brewer,pants-fire,1,speaker_disjoint_split,1,0.7811902420937166,1,0.7675082529163536
9764.json,scott-walker,mostly-true,0,speaker_disjoint_split,1,0.6118832254826946,1,0.6033091681987243
11457.json,donald-trump,false,1,speaker_disjoint_split,1,0.7956667834283754,1,0.7161701442038491
11250.json,bernie-s,true,0,speaker_disjoint_split,0,0.31649074136123445,0,0.29096229784878713
4889.json,ron-paul,barely-true,1,speaker_disjoint_split,1,0.6046814836445561,0,0.48273235572327455
6443.json,peter-defazio,mostly-true,0,speaker_disjoint_split,1,0.7731214404976269,1,0.7333942391482484
1463.json,john-mccain,false,1,speaker_disjoint_split,1,0.7171984276191957,1,0.536991579992176
11534.json,donald-trump,half-true,0,speaker_disjoint_split,0,0.3696772714916558,0,0.42834616191655567
10490.json,susan-shapiro,true,0,speaker_disjoint_split,0,0.23971433994948765,0,0.19866244328434407
6062.json,john-kasich,mostly-true,0,speaker_disjoint_split,0,0.5170918506572947,1,0.49120072100664264
7074.json,steve-lonegan,true,0,speaker_disjoint_split,0,0.45352611891699,0,0.37008145743046517
2074.json,john-mccain,mostly-true,0,speaker_disjoint_split,1,0.7477147081856225,1,0.5720358071354414
23.json,obama-girl,true,0,speaker_disjoint_split,1,0.7207849033824093,1,0.7329128512647805
3310.json,john-kasich,barely-true,1,speaker_disjoint_split,0,0.4637241174042903,0,0.3934244605739567
8410.json,ann-coulter,pants-fire,1,speaker_disjoint_split,1,0.854864499058745,1,0.7540123886295401
3545.json,roberto-dasilva,mostly-true,0,speaker_disjoint_split,0,0.4409650113682752,0,0.42101484836712155
3521.json,citizens-strong-america,pants-fire,1,speaker_disjoint_split,1,0.6649573469196741,1,0.669261718471058
2241.json,eddie-bernice-johnson,true,0,speaker_disjoint_split,0,0.34455154183594605,0,0.42274268280286614
12111.json,debbie-wasserman-schultz,mostly-true,0,speaker_disjoint_split,1,0.7242858722766823,1,0.619101779576954
4311.json,jon-huntsman,mostly-true,0,speaker_disjoint_split,0,0.4002460909313261,0,0.37099395032142557
1392.json,hector-uribe,pants-fire,1,speaker_disjoint_split,1,0.6730941418697596,1,0.5751474495382999
10985.json,athens-banner-herald,true,0,speaker_disjoint_split,0,0.2673868702836346,0,0.2631326120461297
12459.json,donald-trump,half-true,0,speaker_disjoint_split,1,0.6382789770290083,1,0.630303187805609
9980.json,republican-party-florida,barely-true,1,speaker_disjoint_split,0,0.3470309283857404,0,0.3446887996073539
2529.json,john-robitaille,true,0,speaker_disjoint_split,0,0.28645572979708184,0,0.3217479810832102
13235.json,donald-trump,barely-true,1,speaker_disjoint_split,1,0.897809383170864,1,0.7506400603721106
2383.json,david-axelrod,barely-true,1,speaker_disjoint_split,0,0.438872695191127,0,0.3866066916656421
9988.json,charlie-crist,half-true,0,speaker_disjoint_split,1,0.8141384850753894,1,0.723832292333325
4384.json,blog-posting,pants-fire,1,speaker_disjoint_split,1,0.6827755200620711,1,0.7000211514541097
2080.json,joe-biden,half-true,0,speaker_disjoint_split,1,0.5740791971890841,0,0.48809293135395687
8599.json,grady-judd,mostly-true,0,speaker_disjoint_split,0,0.5155066068651636,0,0.4438121366917048
12088.json,bill-oreilly,false,1,speaker_disjoint_split,1,0.9997541918073187,1,0.863437786533878
8812.json,louie-gohmert,pants-fire,1,speaker_disjoint_split,1,0.5496744616083782,1,0.5185309726497168
8825.json,national-republican-congressional-committee,mostly-true,0,speaker_disjoint_split,1,0.53397651518661,0,0.475510068144879
11889.json,donald-trump,half-true,0,speaker_disjoint_split,1,0.7332621691339932,1,0.6389949981168785
10477.json,scott-walker,half-true,0,speaker_disjoint_split,1,0.5938338438387492,1,0.5223713530804642
2088.json,john-kasich,true,0,speaker_disjoint_split,0,0.2584610546956867,0,0.30860839843417615
8844.json,nathan-deal,barely-true,1,speaker_disjoint_split,1,0.7546958857464842,1,0.6688600754635159
11507.json,ben-carson,half-true,0,speaker_disjoint_split,0,0.3356746978390332,0,0.3193889616706986
9321.json,ralph-nader,false,1,speaker_disjoint_split,0,0.41239232283750066,0,0.31842178601548254
7076.json,charlie-crist,barely-true,1,speaker_disjoint_split,1,0.6572785483192238,1,0.5162145539218853
4509.json,john-kasich,barely-true,1,speaker_disjoint_split,1,0.7237146612855155,1,0.6304922462478555
4269.json,sam-olens,true,0,speaker_disjoint_split,0,0.40639591400095876,0,0.44265515507606923
9564.json,sean-spicer,pants-fire,1,speaker_disjoint_split,0,0.50024780422974,0,0.4679703160849323
4730.json,joe-biden,mostly-true,0,speaker_disjoint_split,0,0.26633950860939776,0,0.20861233084021277
9350.json,larry-pratt,false,1,speaker_disjoint_split,1,0.5662038266630316,1,0.5074199909591738
10494.json,don-beyer,mostly-true,0,speaker_disjoint_split,0,0.4532092893477198,0,0.39940297447538836
4788.json,tim-kaine,false,1,speaker_disjoint_split,1,0.5511683086173153,0,0.4785586162691395
7616.json,john-kasich,true,0,speaker_disjoint_split,0,0.40311497912488037,0,0.37166534064472284
677.json,john-mccain,true,0,speaker_disjoint_split,0,0.42430049178308477,0,0.38552524691405327
7522.json,jeff-tittel,half-true,0,speaker_disjoint_split,0,0.41707804301248047,0,0.43202863744019243
12519.json,bernie-s,half-true,0,speaker_disjoint_split,1,0.6630185185831365,1,0.567793982099251
11999.json,donald-trump,mostly-true,0,speaker_disjoint_split,0,0.2899485239561472,0,0.3611976070746006
8494.json,rush-limbaugh,barely-true,1,speaker_disjoint_split,1,0.8012607377046373,1,0.7332310155757297
10877.json,john-mccain,true,0,speaker_disjoint_split,0,0.33729003559167625,0,0.3274778187185782
10426.json,carly-fiorina,barely-true,1,speaker_disjoint_split,1,0.666164892700211,1,0.5740209445137432
11202.json,scott-walker,mostly-true,0,speaker_disjoint_split,0,0.5041719391332236,0,0.4878991368540718
12590.json,donald-trump,barely-true,1,speaker_disjoint_split,1,0.5595849778747252,1,0.5435557855116163
2216.json,john-kasich,half-true,0,speaker_disjoint_split,1,0.6166311437027031,1,0.5475371308486777
8462.json,nick-gillespie,mostly-true,0,speaker_disjoint_split,1,0.5713155640865807,1,0.5821475551924403
3853.json,bob-graham,barely-true,1,speaker_disjoint_split,1,0.6134733487394544,1,0.5711861339650749
8686.json,republican-party-florida,barely-true,1,speaker_disjoint_split,0,0.29923376315271977,0,0.30184753097757255
12865.json,donald-trump,false,1,speaker_disjoint_split,1,0.6279097161368143,1,0.6225797894505117
11483.json,donald-trump,false,1,speaker_disjoint_split,0,0.41202974295351963,0,0.3959014852596157
4164.json,mike-males,mostly-true,0,speaker_disjoint_split,0,0.44357737467360836,0,0.47073570359613215
12918.json,gary-johnson,half-true,0,speaker_disjoint_split,0,0.5032994747906124,0,0.3903624351320172
2952.json,debbie-wasserman-schultz,true,0,speaker_disjoint_split,0,0.4889599573311557,0,0.43838826220210253
12123.json,bernie-s,mostly-true,0,speaker_disjoint_split,0,0.28303876204438255,0,0.2513346317977488
1586.json,charlie-crist,mostly-true,0,speaker_disjoint_split,0,0.5256202990084844,0,0.4713651459379311
11784.json,carly-fiorina,false,1,speaker_disjoint_split,0,0.42051967308569127,0,0.3374689139951601
452.json,bill-clinton,pants-fire,1,speaker_disjoint_split,1,0.5989720623393787,1,0.49143233123372676
12629.json,donald-trump,false,1,speaker_disjoint_split,1,0.6280675867464857,1,0.5479184894972657
8107.json,tom-cole,mostly-true,0,speaker_disjoint_split,1,0.5896562163452945,1,0.5651444369329224
12874.json,donald-trump,true,0,speaker_disjoint_split,1,0.6851505949571896,1,0.6161887409682117
6075.json,sam-adams,true,0,speaker_disjoint_split,0,0.4772212758972979,0,0.42460862818656264
9684.json,scott-walker,false,1,speaker_disjoint_split,1,0.7028183019961521,1,0.6348764241147751
8665.json,larry-pratt,half-true,0,speaker_disjoint_split,0,0.43912851722030694,0,0.3797767227267765
7898.json,stephen-sweeney,false,1,speaker_disjoint_split,0,0.48666791194835174,0,0.35889718139456234
12531.json,donald-trump,mostly-true,0,speaker_disjoint_split,0,0.3666824219545698,0,0.40410297682598956
8281.json,mayors-against-illegal-guns,half-true,0,speaker_disjoint_split,0,0.3303279650054446,0,0.32114293449197556
4470.json,nathan-deal,true,0,speaker_disjoint_split,0,0.2668315464881042,0,0.271780134177281
12452.json,bernie-s,mostly-true,0,speaker_disjoint_split,1,0.6599462997696117,1,0.5812203732887409
12568.json,donald-trump,false,1,speaker_disjoint_split,1,0.8429692935095555,1,0.7400170251854993
4478.json,scott-walker,pants-fire,1,speaker_disjoint_split,0,0.5136567598066387,0,0.4820928565284355
11821.json,john-mccain,mostly-true,0,speaker_disjoint_split,0,0.5101578865035903,0,0.43426074817727006
1193.json,karl-rove,half-true,0,speaker_disjoint_split,1,0.7305742081800539,1,0.6490411499995371
11045.json,blog-posting,pants-fire,1,speaker_disjoint_split,1,0.6909486763174094,1,0.8745801936269253
4377.json,blog-posting,pants-fire,1,speaker_disjoint_split,1,0.7800671098978368,1,0.800762397016255
10845.json,alex-mcmurtrie-jr,false,1,speaker_disjoint_split,1,0.5932303531569666,1,0.5504055592319282
11095.json,scott-walker,barely-true,1,speaker_disjoint_split,1,0.6851643958399297,1,0.6680434871252527
8783.json,lloyd-doggett,true,0,speaker_disjoint_split,1,0.6648374554523473,1,0.5354838820795043
5858.json,eileen-brady,true,0,speaker_disjoint_split,1,0.6675074524263446,1,0.5992023841456023
13476.json,blog-posting,false,1,speaker_disjoint_split,1,0.6639454720449012,1,0.6985558669622418
13307.json,donald-trump,false,1,speaker_disjoint_split,1,0.6590002992214585,1,0.6586929503367512
12772.json,bernie-s,mostly-true,0,speaker_disjoint_split,0,0.35827019086578754,0,0.33013041147576416
7262.json,college-presidents,mostly-true,0,speaker_disjoint_split,0,0.36009316967783306,0,0.3420868528351222
9474.json,rush-limbaugh,false,1,speaker_disjoint_split,1,0.5933347336374241,1,0.6877096478952318
2456.json,scott-walker,half-true,0,speaker_disjoint_split,0,0.5161154331309283,0,0.4829500725499303
2896.json,angel-taveras,mostly-true,0,speaker_disjoint_split,1,0.6826771858897983,1,0.592366157471983
12081.json,donald-trump,false,1,speaker_disjoint_split,1,0.6328404873368246,1,0.6408051246281821
11896.json,donald-trump,pants-fire,1,speaker_disjoint_split,0,0.38954356913320237,0,0.4239061211217074
10771.json,tim-kaine,barely-true,1,speaker_disjoint_split,0,0.40226227860280633,0,0.377008447985699
3178.json,ron-paul,pants-fire,1,speaker_disjoint_split,1,0.779924987928503,1,0.5932126161938213
273.json,john-mccain,false,1,speaker_disjoint_split,1,0.7130234162400416,1,0.6375830098458811
8142.json,jeff-merkley,mostly-true,0,speaker_disjoint_split,0,0.21869026944790673,0,0.19422985402068055
564.json,john-mccain,mostly-true,0,speaker_disjoint_split,1,0.5357230472282863,1,0.5677175451864871
4675.json,new-jersey-democratic-state-committee,barely-true,1,speaker_disjoint_split,1,0.6827927148134931,1,0.5807167175876963
11535.json,ben-carson,mostly-true,0,speaker_disjoint_split,0,0.5225253772995376,0,0.48357992329690985
8980.json,scott-walker,false,1,speaker_disjoint_split,1,0.6035222731402096,1,0.5660166347602733
10364.json,peter-feigin,false,1,speaker_disjoint_split,0,0.5275890657170272,0,0.4105273959303846
13276.json,donald-trump,pants-fire,1,speaker_disjoint_split,1,0.5457351111984634,1,0.5940524771270261
1597.json,citizens-lower-taxes-and-stronger-economy,half-true,0,speaker_disjoint_split,1,0.7761987792683337,1,0.5418440370958086
13427.json,donald-trump,false,1,speaker_disjoint_split,1,0.5583984342086891,1,0.5713241933325129
10958.json,bernie-s,mostly-true,0,speaker_disjoint_split,0,0.4079094566171028,0,0.4115054818084582
3198.json,bill-oreilly,true,0,speaker_disjoint_split,1,0.7215604113699983,1,0.6417637060580165
11979.json,bernie-s,barely-true,1,speaker_disjoint_split,0,0.40491710820957544,0,0.3734790948865512
11022.json,donna-brazile,mostly-true,0,speaker_disjoint_split,0,0.23886265137873483,0,0.29037872898075495
3247.json,whoopi-goldberg,half-true,0,speaker_disjoint_split,0,0.44423949201924245,0,0.47482707069288105
11309.json,donald-trump,barely-true,1,speaker_disjoint_split,1,0.6702503810840454,1,0.6543113089467943
10934.json,pamela-geller,half-true,0,speaker_disjoint_split,1,0.7727143972711356,1,0.6831645716764119
448.json,john-mccain,barely-true,1,speaker_disjoint_split,1,0.5406898483463103,0,0.48511278144718667
5359.json,restore-our-future,pants-fire,1,speaker_disjoint_split,1,0.5401234305402067,1,0.53951766434666
1987.json,ron-klein,false,1,speaker_disjoint_split,1,0.6563606525424703,1,0.6205531302261506
6825.json,promote-oregon-leadership-pac-oregon-house-republi,half-true,0,speaker_disjoint_split,1,0.6447973735012903,1,0.6052082090974722
127.json,joe-biden,half-true,0,speaker_disjoint_split,0,0.37850453802308226,0,0.29543678856934236
5173.json,arne-duncan,mostly-true,0,speaker_disjoint_split,0,0.4674664046146011,0,0.3867958938345336
12232.json,john-kasich,mostly-true,0,speaker_disjoint_split,0,0.429554312637413,0,0.412284747447124
946.json,john-mccain,false,1,speaker_disjoint_split,0,0.35440092681142266,0,0.3196829205008382
6961.json,oregon-senate-republicans,mostly-true,0,speaker_disjoint_split,1,0.6756991428784881,1,0.7281667481575564
6631.json,kathleen-sebelius,half-true,0,speaker_disjoint_split,1,0.5892511339644461,1,0.5526064616674814
2285.json,sam-rashid,barely-true,1,speaker_disjoint_split,1,0.5756993440826529,1,0.55085103474737
12536.json,david-beckham,true,0,speaker_disjoint_split,1,0.5546566467197426,1,0.4950417228240507
7860.json,keith-faber,true,0,speaker_disjoint_split,0,0.2027891923798232,0,0.30579929222745855
1949.json,vern-buchanan,true,0,speaker_disjoint_split,0,0.42619457841277625,1,0.4949724744553229
3602.json,jeff-cogen,half-true,0,speaker_disjoint_split,0,0.37175302269029686,0,0.341850292531315
12299.json,john-kirby,false,1,speaker_disjoint_split,1,0.6786161189598344,1,0.6113986917521949
7400.json,ed-fallone,false,1,speaker_disjoint_split,0,0.4911615211831844,0,0.4601095390395317
783.json,john-mccain,true,0,speaker_disjoint_split,1,0.6709438306372435,1,0.5943968055921897
3549.json,donald-trump,false,1,speaker_disjoint_split,1,0.7719751618576725,1,0.6419204712587313
10006.json,republican-party-florida,barely-true,1,speaker_disjoint_split,1,0.5652004840825899,0,0.4609117396357144
13353.json,donald-trump,barely-true,1,speaker_disjoint_split,0,0.5203127140987769,1,0.5360599254791146
12173.json,don-beyer,mostly-true,0,speaker_disjoint_split,0,0.4830151424632468,0,0.4646532239373342
3353.json,john-kasich,true,0,speaker_disjoint_split,0,0.3273559793831153,0,0.37498754520968597
1614.json,orrin-hatch,true,0,speaker_disjoint_split,0,0.5160478991616573,0,0.44141063799921093
6569.json,artur-davis,barely-true,1,speaker_disjoint_split,1,0.7763025747501999,1,0.7314786303309424
9205.json,gary-peters,half-true,0,speaker_disjoint_split,1,0.5659459136870758,1,0.5001768236702755
7883.json,dave-joyce,true,0,speaker_disjoint_split,1,0.6806424744201899,1,0.5708089847692308
7205.json,deepwater-wind,true,0,speaker_disjoint_split,1,0.5565649962345756,0,0.3879737535792585
9397.json,john-mccain,mostly-true,0,speaker_disjoint_split,1,0.5904005957099554,1,0.5488275134022584
8515.json,republican-party-florida,barely-true,1,speaker_disjoint_split,0,0.5229418374103793,0,0.47908868368147806
6954.json,democratic-congressional-campaign-committee,barely-true,1,speaker_disjoint_split,1,0.6797316045105655,1,0.6274322280158052
1602.json,annise-parker,half-true,0,speaker_disjoint_split,0,0.19718662477648882,0,0.19495310166820554
11673.json,charlotte-nash,true,0,speaker_disjoint_split,0,0.5146245236715056,0,0.44966326454406225
9611.json,blog-posting,pants-fire,1,speaker_disjoint_split,1,0.6140611447573617,1,0.7648476524819181
11107.json,club-growth,true,0,speaker_disjoint_split,1,0.6968721990222212,1,0.6195087538144277
8284.json,se-cupp,half-true,0,speaker_disjoint_split,1,0.590343894924306,1,0.6440995815396529
12059.json,bernie-s,true,0,speaker_disjoint_split,0,0.44268936174258905,0,0.4284506095553903
12386.json,minka-kelly,half-true,0,speaker_disjoint_split,1,0.7270411363675995,1,0.6557796721511031
676.json,john-mccain,false,1,speaker_disjoint_split,1,0.6523027715713479,1,0.5646120552797947
12753.json,donald-trump,mostly-true,0,speaker_disjoint_split,1,0.5870534757963424,1,0.536380307460255
3248.json,john-kasich,mostly-true,0,speaker_disjoint_split,1,0.5617687283878143,0,0.4615492729962901
2336.json,scott-walker,barely-true,1,speaker_disjoint_split,0,0.42613369589142386,0,0.4224237795163993
5446.json,national-republican-congressional-committee,half-true,0,speaker_disjoint_split,1,0.5404712105415691,1,0.49084659958149074
7020.json,republican-governors-association,barely-true,1,speaker_disjoint_split,1,0.8329295009209723,1,0.7121395684062768
950.json,tom-coburn,false,1,speaker_disjoint_split,1,0.9326900511018253,1,0.8631682819166168
2927.json,randy-leonard,barely-true,1,speaker_disjoint_split,1,0.5978271190491691,1,0.6558200049753219
12139.json,pat-mccrory,half-true,0,speaker_disjoint_split,1,0.6433955378500901,1,0.508540543180528
11179.json,donald-trump,false,1,speaker_disjoint_split,0,0.5038480215657216,1,0.5237445544638004
4459.json,david-cicilline,true,0,speaker_disjoint_split,1,0.5637989214854231,1,0.4910825017869233
3655.json,donald-trump,pants-fire,1,speaker_disjoint_split,1,0.6392266626233928,1,0.6539156297737124
5537.json,john-kasich,half-true,0,speaker_disjoint_split,0,0.23121273588168167,0,0.21312740760945842
12711.json,tim-kaine,barely-true,1,speaker_disjoint_split,0,0.48349517035247264,0,0.4566699331874838
9134.json,heather-mcghee,barely-true,1,speaker_disjoint_split,0,0.25341114630508293,0,0.1900247018837891
10195.json,leonard-pitts-jr,half-true,0,speaker_disjoint_split,0,0.40025291145256325,0,0.37253052149728927
1397.json,karl-rove,half-true,0,speaker_disjoint_split,0,0.27467475419774673,0,0.3258816009080785
11329.json,carly-fiorina,mostly-true,0,speaker_disjoint_split,0,0.3049308159372225,0,0.2558989207340492
4015.json,democratic-congressional-campaign-committee,barely-true,1,speaker_disjoint_split,1,0.7453546100965175,1,0.7159519165133273
5298.json,armond-budish,true,0,speaker_disjoint_split,0,0.31173636016153394,0,0.3144094047434152
45.json,bill-richardson,pants-fire,1,speaker_disjoint_split,0,0.39601207794099563,0,0.3043425802377108
10752.json,texas-organizing-project,true,0,speaker_disjoint_split,0,0.3615888820184497,0,0.2758987136310871
12032.json,john-kasich,half-true,0,speaker_disjoint_split,0,0.44109956864718336,0,0.4386057846118234
10775.json,rush-limbaugh,barely-true,1,speaker_disjoint_split,0,0.4732937201675463,0,0.4497016788506028
1030.json,colin-powell,half-true,0,speaker_disjoint_split,0,0.4233869554675723,0,0.3805134739456912
5711.json,elizabeth-ames-jones,barely-true,1,speaker_disjoint_split,1,0.560773830051694,1,0.5766364743710958
11397.json,john-stemberger,false,1,speaker_disjoint_split,1,0.715603558910868,1,0.6248042654628284
11790.json,john-cortes,true,0,speaker_disjoint_split,1,0.6493393541996312,1,0.6603097298722843
9792.json,john-padgett,true,0,speaker_disjoint_split,1,0.5982728176169596,1,0.4950179885246013
1058.json,ann-coulter,barely-true,1,speaker_disjoint_split,1,0.8201839320592097,1,0.7115043174561498
8912.json,charlie-crist,true,0,speaker_disjoint_split,1,0.5898644280818819,0,0.47052125814734364
824.json,john-mccain,half-true,0,speaker_disjoint_split,1,0.7443389470397824,1,0.6642935281234705
10792.json,jim-lampley,pants-fire,1,speaker_disjoint_split,0,0.2800368583259314,0,0.25777831250940264
5407.json,bill-pascrell,false,1,speaker_disjoint_split,0,0.3451691581205355,0,0.3407336148750291
11991.json,bernie-s,mostly-true,0,speaker_disjoint_split,0,0.31262687529131294,0,0.2372033432190294
7457.json,carolyn-medeiros,barely-true,1,speaker_disjoint_split,0,0.30318186413719656,0,0.2943602011604564
13348.json,debbie-wasserman-schultz,false,1,speaker_disjoint_split,0,0.4052650996657681,0,0.4303486072925061
13461.json,blog-posting,pants-fire,1,speaker_disjoint_split,0,0.37967270409325576,0,0.46945833465025105
1188.json,thomas-sowell,false,1,speaker_disjoint_split,0,0.5214616846202687,0,0.4799773127102407
797.json,john-mccain,false,1,speaker_disjoint_split,1,0.7512129673125517,1,0.6711241172591261
2304.json,arne-duncan,half-true,0,speaker_disjoint_split,0,0.13110814699048395,0,0.10382855827193435
7609.json,jeff-tittel,pants-fire,1,speaker_disjoint_split,1,0.7136547696751974,1,0.675539676677048
9085.json,matt-damon,half-true,0,speaker_disjoint_split,0,0.4919591218492446,0,0.43589634923943227
8221.json,john-mccain,true,0,speaker_disjoint_split,0,0.5093616302321163,0,0.46383215057949717
4775.json,bill-clinton,half-true,0,speaker_disjoint_split,1,0.7267341950101072,1,0.6191209605452823
8522.json,steve-leslie,mostly-true,0,speaker_disjoint_split,0,0.36807747918107814,0,0.2514373699624849
12974.json,gary-johnson,false,1,speaker_disjoint_split,0,0.4060119944360029,0,0.374986094969206
13018.json,alex-castellanos,barely-true,1,speaker_disjoint_split,1,0.633528747488912,1,0.7137434220987167
1832.json,carly-fiorina,false,1,speaker_disjoint_split,1,0.5858012651923431,0,0.3865000768480391
3290.json,florida-department-corrections-worker,mostly-true,0,speaker_disjoint_split,0,0.5189734671885998,1,0.5609070493659268
6020.json,lisa-blais,barely-true,1,speaker_disjoint_split,1,0.7219903853818571,1,0.6070786726930767
10836.json,thomas-perez,half-true,0,speaker_disjoint_split,0,0.4215375565306185,0,0.44282140132986275
11067.json,scott-walker,mostly-true,0,speaker_disjoint_split,0,0.49868470503373585,1,0.4991040865845521
8007.json,robert-menendez,mostly-true,0,speaker_disjoint_split,1,0.5965901169965769,1,0.5096760149501501
3193.json,scott-walker,true,0,speaker_disjoint_split,0,0.3831376332038192,0,0.3707680563299234
3756.json,janet-napolitano,pants-fire,1,speaker_disjoint_split,0,0.3603450447741,0,0.3630138154520393
3140.json,oregon-senate-republicans,barely-true,1,speaker_disjoint_split,0,0.5200779270025351,1,0.5307617845683781
6082.json,john-kasich,mostly-true,0,speaker_disjoint_split,0,0.36150143404405854,0,0.4091809701083343
12767.json,corey-stewart,barely-true,1,speaker_disjoint_split,1,0.8082595605626938,1,0.6825235870581303
8657.json,daniel-mckee,mostly-true,0,speaker_disjoint_split,0,0.2043770344768434,0,0.17274983846818628
6278.json,debbie-wasserman-schultz,mostly-true,0,speaker_disjoint_split,0,0.45956713711233516,0,0.47815884210270787
2839.json,atlanta-sports-council,false,1,speaker_disjoint_split,0,0.44580965826040037,0,0.42875647928920235
2471.json,susan-latvala,false,1,speaker_disjoint_split,0,0.2915874343042919,0,0.3790665896189987
3707.json,gary-johnson,mostly-true,0,speaker_disjoint_split,0,0.33321114418502107,0,0.301063468463495
4.json,bill-richardson,mostly-true,0,speaker_disjoint_split,0,0.3969457228193221,0,0.3823758913244961
3344.json,scott-walker,false,1,speaker_disjoint_split,0,0.5093466713019301,0,0.48608174301402995
10651.json,blog-posting,barely-true,1,speaker_disjoint_split,1,0.7550872730170024,1,0.8487938480402626
13105.json,gary-johnson,mostly-true,0,speaker_disjoint_split,0,0.3926543713665883,0,0.32098912283327663
2532.json,scott-walker,true,0,speaker_disjoint_split,0,0.5263538513696525,0,0.46393398202546393
7028.json,tim-kaine,mostly-true,0,speaker_disjoint_split,0,0.4795592630269977,0,0.4373142033563399
3936.json,wisconsin-humane-society,mostly-true,0,speaker_disjoint_split,1,0.6998211506104394,1,0.7469622520147301
9901.json,connie-stokes,half-true,0,speaker_disjoint_split,0,0.3960069569208736,0,0.31239567051567435
13088.json,tim-kaine,mostly-true,0,speaker_disjoint_split,0,0.39603622285412604,0,0.32848725726633576
11007.json,bernie-s,half-true,0,speaker_disjoint_split,0,0.48447150904438013,0,0.48457457149741934
9066.json,kathleen-sebelius,barely-true,1,speaker_disjoint_split,0,0.46035064893107214,0,0.4820794662696933
495.json,john-mccain,true,0,speaker_disjoint_split,1,0.8129402941315405,1,0.7091246408733595
10395.json,scott-walker,half-true,0,speaker_disjoint_split,1,0.7013891106223767,1,0.5943570966399327
1709.json,charlie-crist,half-true,0,speaker_disjoint_split,1,0.7099092532476146,1,0.6073573355720372
2452.json,republican-governors-association,pants-fire,1,speaker_disjoint_split,1,0.6549807309222886,1,0.5326400694620933
13266.json,donald-trump,barely-true,1,speaker_disjoint_split,0,0.454892807726565,0,0.44538946158473586
3543.json,stefani-carter,half-true,0,speaker_disjoint_split,1,0.5371309842807936,1,0.4961675401930431
11803.json,donald-trump,false,1,speaker_disjoint_split,0,0.5079721981516633,0,0.460839793856096
12188.json,bernie-s,false,1,speaker_disjoint_split,0,0.5226909751705501,0,0.4849299461777672
13393.json,national-republican-congressional-committee,barely-true,1,speaker_disjoint_split,1,0.5452913357382859,1,0.5303268081996445
6815.json,lois-frankel,barely-true,1,speaker_disjoint_split,0,0.31825647667118256,0,0.3226455116307118
9839.json,scott-walker,mostly-true,0,speaker_disjoint_split,0,0.43757580424746173,1,0.5218924984305181
2077.json,yvette-mcgee-brown,true,0,speaker_disjoint_split,0,0.4237017717034208,0,0.44810947070702384
8298.json,dennis-richardson,false,1,speaker_disjoint_split,0,0.431802279759073,0,0.4486300301274129
11354.json,ben-carson,barely-true,1,speaker_disjoint_split,0,0.5164530906080395,0,0.477204464707623
8767.json,kathleen-vinehout,mostly-true,0,speaker_disjoint_split,0,0.40321820962645794,0,0.38200158728236466
44.json,bill-richardson,mostly-true,0,speaker_disjoint_split,1,0.6452301925892736,1,0.5330098319696416
11763.json,david-sweetser,true,0,speaker_disjoint_split,0,0.40083501281143474,0,0.4469107482302159
987.json,rush-limbaugh,false,1,speaker_disjoint_split,1,1.0,1,0.8121752288540204
9579.json,charlie-crist,mostly-true,0,speaker_disjoint_split,1,0.6790013282817448,1,0.5963724972918591
6746.json,restore-our-future,barely-true,1,speaker_disjoint_split,0,0.39642580657205967,0,0.38289022539003986
9331.json,dan-patrick,false,1,speaker_disjoint_split,1,0.6690608354066618,1,0.5843902815681092
10109.json,no-tax-tracks,false,1,speaker_disjoint_split,0,0.5142161527587541,1,0.5007839025735812
6364.json,club-growth,barely-true,1,speaker_disjoint_split,1,0.7873647542504416,1,0.7077906023099599
11739.json,donald-trump,barely-true,1,speaker_disjoint_split,0,0.32421963786867125,0,0.37811373451973307
10045.json,nik-kovac,false,1,speaker_disjoint_split,1,0.6478150647926234,1,0.6499487193318362
4697.json,blog-posting,false,1,speaker_disjoint_split,1,0.8153859336075431,1,0.8532693753951913
7832.json,bryan-long,half-true,0,speaker_disjoint_split,0,0.31537188771390534,0,0.32109911522133827
5648.json,lynn-westmoreland,half-true,0,speaker_disjoint_split,0,0.4050294535494462,0,0.30057175714261664
7672.json,blog-posting,false,1,speaker_disjoint_split,1,0.6374253569707515,1,0.6811080570556843
9027.json,scott-walker,true,0,speaker_disjoint_split,1,0.5482381390814839,1,0.5012946213716614
6641.json,bill-clinton,true,0,speaker_disjoint_split,0,0.36407739496622055,0,0.3770832246098719
7932.json,blog-posting,false,1,speaker_disjoint_split,0,0.0716317300520836,0,0.28216051909608897
11961.json,donald-trump,false,1,speaker_disjoint_split,1,0.9145372336602928,1,0.839912391562838
2463.json,tom-nelson,false,1,speaker_disjoint_split,1,0.6960056586743611,1,0.8299467896500592
430.json,focus-family-action,false,1,speaker_disjoint_split,1,0.8125749114415515,1,0.667606949359906
974.json,arlen-specter,mostly-true,0,speaker_disjoint_split,1,0.8443599895666695,1,0.8170369093929144
7870.json,scott-walker,half-true,0,speaker_disjoint_split,0,0.22792291141590942,0,0.26297252081955513
425.json,john-mccain,false,1,speaker_disjoint_split,1,0.5912258922079516,1,0.547836578523578
10802.json,ben-carson,false,1,speaker_disjoint_split,0,0.33206190849963535,0,0.3665790037830025
9070.json,no-tax-tracks,false,1,speaker_disjoint_split,1,0.6223515111977348,1,0.5621683532550824
10026.json,charlie-crist,mostly-true,0,speaker_disjoint_split,1,0.7402821776980113,1,0.6520626937425704
3556.json,saxby-chambliss,mostly-true,0,speaker_disjoint_split,0,0.29764568993490564,0,0.30841174775779384
11392.json,dan-patrick,pants-fire,1,speaker_disjoint_split,0,0.22318180215634914,0,0.27787017546860016
12161.json,donald-trump,false,1,speaker_disjoint_split,1,0.6882751349793733,1,0.588394692532126
13091.json,libre-initiative,mostly-true,0,speaker_disjoint_split,1,0.6449444129450835,1,0.7037143371969531
4785.json,robert-hagan,mostly-true,0,speaker_disjoint_split,0,0.30852830609231535,0,0.2250561925571617
2260.json,national-republican-congressional-committee,half-true,0,speaker_disjoint_split,0,0.5270983000571777,0,0.3978722567653764
9011.json,john-bolton,mostly-true,0,speaker_disjoint_split,1,0.597750857664237,1,0.5892979698895852
2998.json,dean-cannon,true,0,speaker_disjoint_split,0,0.48460766482943646,0,0.28481128963948543
11953.json,donald-trump,false,1,speaker_disjoint_split,1,0.6384342530575458,1,0.5943964525425952
5296.json,democratic-congressional-campaign-committee,pants-fire,1,speaker_disjoint_split,0,0.4588253264160237,0,0.4362655071341826
1605.json,republican-party-florida,pants-fire,1,speaker_disjoint_split,1,0.682208468938366,1,0.6101230871895251
3315.json,christopher-peace,false,1,speaker_disjoint_split,1,0.6900147097108696,1,0.6284382790199394
7710.json,susan-b-anthony-list,pants-fire,1,speaker_disjoint_split,1,0.6716562440162839,1,0.6533696451919285
8349.json,debbie-wasserman-schultz,mostly-true,0,speaker_disjoint_split,0,0.3450423457255343,0,0.38193828740939706
10684.json,scott-walker,true,0,speaker_disjoint_split,1,0.7813666289774565,1,0.6866095839250989
4324.json,arne-duncan,false,1,speaker_disjoint_split,0,0.41437841733492714,0,0.3688692824087863
12458.json,donald-trump,pants-fire,1,speaker_disjoint_split,1,0.7388526946621535,1,0.6957563627676983
807.json,john-mccain,mostly-true,0,speaker_disjoint_split,0,0.3949924530922947,0,0.3699354734164882
8954.json,dan-branch,half-true,0,speaker_disjoint_split,1,0.6867203754203962,1,0.7040624523308721
13193.json,tim-kaine,true,0,speaker_disjoint_split,0,0.32109442293978013,0,0.348041654655791
3077.json,john-kasich,true,0,speaker_disjoint_split,1,0.6148053621330605,1,0.5552571173378422
6441.json,new-jersey-democratic-state-committee,half-true,0,speaker_disjoint_split,0,0.37126501086437297,0,0.37529253428172105
9772.json,republican-party-florida,true,0,speaker_disjoint_split,0,0.5088115542755116,0,0.4179188539618223
1311.json,charlie-crist,false,1,speaker_disjoint_split,0,0.35759439725887765,0,0.32099175634232685
7079.json,saxby-chambliss,mostly-true,0,speaker_disjoint_split,0,0.08719049827102167,0,0.14219660802569747
11977.json,donald-trump,false,1,speaker_disjoint_split,0,0.3968362315253846,0,0.45569454613396065
11936.json,donald-trump,mostly-true,0,speaker_disjoint_split,0,0.22909112246341434,0,0.20123002763463638
706.json,john-mccain,pants-fire,1,speaker_disjoint_split,1,0.7317918605585165,1,0.5987519030454167
11190.json,scott-walker,mostly-true,0,speaker_disjoint_split,1,0.58755272509447,1,0.5246938787770936
11531.json,bernie-s,false,1,speaker_disjoint_split,0,0.4273634431243781,0,0.35945518378118535
6611.json,anthony-gemma,pants-fire,1,speaker_disjoint_split,0,0.30275822352552284,0,0.30196699696868706
12380.json,ken-cuccinelli,mostly-true,0,speaker_disjoint_split,0,0.45535388557481915,0,0.42915005418607005
10737.json,charlie-bethel,half-true,0,speaker_disjoint_split,0,0.16652219776401225,0,0.2287710241137278
13312.json,donald-trump,false,1,speaker_disjoint_split,0,0.5141626627055204,0,0.43757513706072027
26.json,john-mccain,mostly-true,0,speaker_disjoint_split,1,0.6537336361816803,1,0.6433236742348583
9664.json,scott-walker,mostly-true,0,speaker_disjoint_split,0,0.4402753694245626,0,0.3830577927526848
13446.json,ohio-republican-party,barely-true,1,speaker_disjoint_split,1,0.6009619429315431,1,0.6258099782539471
4569.json,steve-lonegan,false,1,speaker_disjoint_split,1,0.7280179745154496,1,0.5435340854068587
8581.json,pat-mccrory,barely-true,1,speaker_disjoint_split,0,0.4520717537053923,0,0.360926151017076
13518.json,donald-trump,half-true,0,speaker_disjoint_split,1,0.5899396074273919,1,0.5275617862503306
11008.json,donald-trump,false,1,speaker_disjoint_split,1,0.5651161350478514,1,0.5852961144341536
10545.json,blog-posting,barely-true,1,speaker_disjoint_split,1,0.7683974403328859,1,0.833830529307681
3446.json,david-cicilline,barely-true,1,speaker_disjoint_split,0,0.25547972300239474,0,0.18675194838370085
3086.json,nathan-deal,mostly-true,0,speaker_disjoint_split,1,0.6646295174848335,1,0.6427156669481269
10955.json,donald-trump,barely-true,1,speaker_disjoint_split,0,0.47796888951738636,0,0.48819228810863124
10441.json,scott-walker,pants-fire,1,speaker_disjoint_split,1,0.6049220802945322,1,0.5661041928755727
10047.json,jeanne-shaheen,barely-true,1,speaker_disjoint_split,1,0.7764151146688723,1,0.6759521142241302
9544.json,no-tax-tracks,half-true,0,speaker_disjoint_split,1,0.5699694138718574,1,0.50999861144785
9064.json,karl-rove,mostly-true,0,speaker_disjoint_split,1,0.5573314109507554,1,0.5068035951136505
11088.json,donald-trump,barely-true,1,speaker_disjoint_split,0,0.3237495203852117,0,0.29512214442034856
3509.json,joanne-kloppenburg,pants-fire,1,speaker_disjoint_split,1,0.7567965015414766,1,0.7163153117449822
1112.json,bill-pascrell,half-true,0,speaker_disjoint_split,0,0.5266619941714816,1,0.5216438135644308
8652.json,bill-oreilly,false,1,speaker_disjoint_split,1,0.8936656046038661,1,0.748496398322193
2942.json,scott-walker,barely-true,1,speaker_disjoint_split,1,0.7030531718723622,1,0.6249580300023995
9840.json,megyn-kelly,true,0,speaker_disjoint_split,1,0.7506312483314825,1,0.50595519446584
7597.json,kirk-watson,true,0,speaker_disjoint_split,1,0.7707028011831337,1,0.6525269483586142
6093.json,robert-menendez,false,1,speaker_disjoint_split,0,0.4389581371878546,0,0.3922231281661828
768.json,joe-biden,barely-true,1,speaker_disjoint_split,0,0.32904554674390196,0,0.307708918664456
11897.json,bernie-s,mostly-true,0,speaker_disjoint_split,0,0.37576216701990983,0,0.4380532357658377
12306.json,donald-trump,false,1,speaker_disjoint_split,0,0.48476783012005703,1,0.4928480907331283
1453.json,franklin-sands,half-true,0,speaker_disjoint_split,0,0.2383084709795587,0,0.17197195070642507
11558.json,carly-fiorina,pants-fire,1,speaker_disjoint_split,1,0.9009998470838325,1,0.7883153143168972
13447.json,donald-trump,mostly-true,0,speaker_disjoint_split,0,0.47601385463260054,0,0.4622849916871382
3317.json,tim-kaine,mostly-true,0,speaker_disjoint_split,0,0.202427519804368,0,0.2053116013067896
1057.json,glenn-beck,false,1,speaker_disjoint_split,0,0.4152435473658427,0,0.3926343106581786
12969.json,donald-trump,barely-true,1,speaker_disjoint_split,1,0.6285662530345395,1,0.6027503022621042
5899.json,tim-kaine,true,0,speaker_disjoint_split,0,0.3192247167239622,0,0.30296714619792026
10112.json,scott-walker,false,1,speaker_disjoint_split,0,0.29649807524921895,0,0.30012425092234907
6959.json,rob-moshein,half-true,0,speaker_disjoint_split,0,0.33128125390304436,0,0.3096760826655842
3944.json,john-kasich,barely-true,1,speaker_disjoint_split,0,0.4743517575530359,0,0.45921907395242056
13465.json,donald-trump,half-true,0,speaker_disjoint_split,0,0.33553806785137447,0,0.3030801009790129
8642.json,jorge-ramos,barely-true,1,speaker_disjoint_split,0,0.5272477070100485,1,0.5426570072684571
3992.json,better-austin-today-political-action-committee,barely-true,1,speaker_disjoint_split,0,0.31762931445982323,0,0.21150402775215005
4247.json,alberto-carvalho,half-true,0,speaker_disjoint_split,0,0.4002064648324807,0,0.3298379332439167
1521.json,charles-boustany,mostly-true,0,speaker_disjoint_split,1,0.5509295916436449,1,0.5508057620609903
11408.json,debbie-wasserman-schultz,mostly-true,0,speaker_disjoint_split,0,0.4449803955386866,0,0.4484181488251219
6480.json,arne-duncan,mostly-true,0,speaker_disjoint_split,0,0.4450557237247122,0,0.3775579793259736
1714.json,lamar-alexander,true,0,speaker_disjoint_split,1,0.628786056203774,1,0.6149279851120245
13452.json,amy-schumer,half-true,0,speaker_disjoint_split,1,0.5423000962362259,0,0.44864469580627037
5685.json,vern-buchanan,half-true,0,speaker_disjoint_split,1,0.6809795472222958,1,0.5773900785902223
8181.json,carly-fiorina,half-true,0,speaker_disjoint_split,0,0.47305171305579446,0,0.38154160421693073
622.json,john-mccain,half-true,0,speaker_disjoint_split,1,0.7509830827453463,1,0.606581920839459
13054.json,chris-sununu,half-true,0,speaker_disjoint_split,0,0.3683323555199775,0,0.3342251062954387
703.json,john-mccain,mostly-true,0,speaker_disjoint_split,0,0.4047492076640419,0,0.47896866216301337
270.json,joe-biden,false,1,speaker_disjoint_split,0,0.40738530132732453,0,0.3242442436449945
319.json,john-mccain,true,0,speaker_disjoint_split,0,0.5083248655670798,0,0.43673625940473504
4040.json,scott-walker,false,1,speaker_disjoint_split,0,0.46885749810038274,0,0.45323007458914305
7745.json,allison-tant,false,1,speaker_disjoint_split,1,0.6327234067522906,1,0.701550071469093
11983.json,donald-trump,false,1,speaker_disjoint_split,1,0.6092283827096353,1,0.5280805943108775
2610.json,john-robitaille,true,0,speaker_disjoint_split,0,0.3771350136303869,0,0.38520154237664206
11441.json,bill-oreilly,barely-true,1,speaker_disjoint_split,0,0.24357557069203872,0,0.2562875663463936
7980.json,lynn-westmoreland,true,0,speaker_disjoint_split,1,0.5452847302603773,1,0.5332957601575993
3612.json,john-kasich,half-true,0,speaker_disjoint_split,1,0.6615916693846469,1,0.5200089029717868
8546.json,scott-walker,half-true,0,speaker_disjoint_split,0,0.3528725892021206,0,0.36017264634266005
9607.json,bill-oreilly,mostly-true,0,speaker_disjoint_split,0,0.35444556797103255,0,0.2661220570364599
496.json,john-mccain,false,1,speaker_disjoint_split,1,0.7169069588302326,1,0.6891682013146587
2386.json,austan-goolsbee,false,1,speaker_disjoint_split,1,0.706498130122255,1,0.6244705755281807
7270.json,protect-families-first,false,1,speaker_disjoint_split,0,0.34548343896597267,0,0.3420100339818148
578.json,john-mccain,mostly-true,0,speaker_disjoint_split,1,0.6298582393211462,1,0.5936738799037615
8283.json,scott-walker,barely-true,1,speaker_disjoint_split,0,0.45751740206276703,0,0.4718163682026969
13225.json,donald-trump,half-true,0,speaker_disjoint_split,0,0.45997146674067574,0,0.4877666135030837
13256.json,national-republican-congressional-committee,true,0,speaker_disjoint_split,1,0.6727993904057558,1,0.5265247490041194
12556.json,donald-trump,true,0,speaker_disjoint_split,1,0.5521146236828204,1,0.5753761096037007
12539.json,joaquin-castro,mostly-true,0,speaker_disjoint_split,1,0.6519501553619873,1,0.5304537038589574
71.json,ron-paul,false,1,speaker_disjoint_split,1,0.6498727208819797,0,0.48563482266565616
4244.json,saxby-chambliss,mostly-true,0,speaker_disjoint_split,0,0.3931553353409613,0,0.3867052511157986
1887.json,john-oxendine,true,0,speaker_disjoint_split,0,0.184991355847906,0,0.08755144461026004
567.json,john-mccain,true,0,speaker_disjoint_split,1,0.6659618436740214,1,0.5997792189044425
271.json,joe-biden,false,1,speaker_disjoint_split,1,0.654813900502962,1,0.5025920439789123
12120.json,bernie-s,true,0,speaker_disjoint_split,0,0.39644501622746153,0,0.36832171320113727
1001.json,arlen-specter,false,1,speaker_disjoint_split,1,0.7419859200750641,1,0.7340052687467019
4723.json,jon-huntsman,mostly-true,0,speaker_disjoint_split,0,0.46606223109606204,0,0.43475709113353234
3395.json,dan-patrick,barely-true,1,speaker_disjoint_split,0,0.3967347474457741,0,0.40357117013294036
9935.json,charlie-crist,barely-true,1,speaker_disjoint_split,1,0.5629845028215135,1,0.4991280718615578
68.json,joe-biden,half-true,0,speaker_disjoint_split,1,0.5449146969495108,0,0.41301227804428475
2567.json,citizens-lower-taxes-and-stronger-economy,barely-true,1,speaker_disjoint_split,0,0.46989120402033274,0,0.2901243481502311
11357.json,bernie-s,barely-true,1,speaker_disjoint_split,0,0.5148895278279952,0,0.48543980381523655
952.json,joe-biden,half-true,0,speaker_disjoint_split,0,0.2208657866183868,0,0.21906923476794926
224.json,joe-biden,true,0,speaker_disjoint_split,1,0.7017575528601835,1,0.5944119235743659
2795.json,tim-kaine,mostly-true,0,speaker_disjoint_split,1,0.6117659050330999,1,0.5552951725269131
1371.json,karl-rove,barely-true,1,speaker_disjoint_split,1,0.5694711534647756,1,0.5514917813045407
9645.json,jamie-weinstein,half-true,0,speaker_disjoint_split,0,0.3410415621327116,0,0.32598202841235263
577.json,john-mccain,half-true,0,speaker_disjoint_split,1,0.5909511731792225,1,0.5133136039086093
8964.json,republican-party-florida,barely-true,1,speaker_disjoint_split,1,0.6529494383175943,1,0.5628329130226214
6355.json,george-flinn,pants-fire,1,speaker_disjoint_split,1,0.5899911975281463,1,0.5740874084437173
9924.json,blog-posting,pants-fire,1,speaker_disjoint_split,1,0.6465947774955193,1,0.7047282990441867
6388.json,francisco-quico-canseco,half-true,0,speaker_disjoint_split,1,0.6245607673432708,1,0.606598273592565
3882.json,tom-rooney,mostly-true,0,speaker_disjoint_split,0,0.5283907105755584,1,0.5239159243242985
4158.json,john-kasich,mostly-true,0,speaker_disjoint_split,0,0.3964660039218856,0,0.44587571270688586
12989.json,donald-trump,false,1,speaker_disjoint_split,1,0.5796257001414289,1,0.5485922544753777
2751.json,democratic-congressional-campaign-committee,half-true,0,speaker_disjoint_split,0,0.4927736704366919,1,0.5899201608306786
8539.json,mr-conservative,pants-fire,1,speaker_disjoint_split,1,0.7492404994742661,1,0.6895564259722172
8478.json,kathleen-sebelius,pants-fire,1,speaker_disjoint_split,1,0.6235938438474934,1,0.6015192489211615
7558.json,bruce-hanna,false,1,speaker_disjoint_split,0,0.4372693057378333,0,0.4244235002874107
11240.json,donald-trump,half-true,0,speaker_disjoint_split,0,0.4199950719352803,0,0.433132967914965
12616.json,donald-trump,barely-true,1,speaker_disjoint_split,1,0.541010070414027,1,0.5699126611276013
10247.json,scott-walker,barely-true,1,speaker_disjoint_split,0,0.41189460781504117,0,0.42447218157922145
791.json,john-mccain,half-true,0,speaker_disjoint_split,1,0.7422505026739783,1,0.7129092980656848
11341.json,donald-trump,false,1,speaker_disjoint_split,1,0.6819599403873979,1,0.6143873911593242
11702.json,scott-walker,true,0,speaker_disjoint_split,0,0.49449671742364293,0,0.4836262855602999
12564.json,tim-kaine,mostly-true,0,speaker_disjoint_split,0,0.36788414305007894,0,0.41057369627694196
12346.json,joe-biden,false,1,speaker_disjoint_split,0,0.3631650246047129,0,0.3387555955229979
12742.json,donald-trump,half-true,0,speaker_disjoint_split,1,0.620067372469839,1,0.5511854263226676
2799.json,kathie-glass,pants-fire,1,speaker_disjoint_split,0,0.31667428184967067,0,0.4082320618451043
12297.json,new-day-america,half-true,0,speaker_disjoint_split,1,0.6814176405917023,1,0.693095301964068
10636.json,florida-students-concealed-carry,barely-true,1,speaker_disjoint_split,0,0.5149338795828946,1,0.5105284014653927
3297.json,state-democratic-party-wisconsin,false,1,speaker_disjoint_split,0,0.3743100107036254,0,0.3738012923783838
3770.json,ron-paul,mostly-true,0,speaker_disjoint_split,0,0.35969467602955,0,0.3259254693075532
8661.json,michael-chippendale,mostly-true,0,speaker_disjoint_split,0,0.41457914494905207,0,0.43319143165901247
12263.json,donald-trump,false,1,speaker_disjoint_split,1,0.5904077089220008,1,0.5515177565833003
159.json,joe-biden,barely-true,1,speaker_disjoint_split,1,0.5826007384355968,0,0.44510636202210113
11651.json,scott-walker,barely-true,1,speaker_disjoint_split,0,0.41559741581959286,0,0.37609267138603225
11613.json,peter-kinder,pants-fire,1,speaker_disjoint_split,1,0.6666621141231082,1,0.5949156726990777
8784.json,robert-puente,false,1,speaker_disjoint_split,0,0.2860481819958553,0,0.2408490490266648
10582.json,david-jolly,mostly-true,0,speaker_disjoint_split,1,0.8242467260237368,1,0.7770461755492938
4265.json,state-democratic-party-wisconsin,pants-fire,1,speaker_disjoint_split,0,0.3792882498009835,0,0.36305076520947355
6927.json,nathan-deal,half-true,0,speaker_disjoint_split,0,0.2695158801871403,0,0.2798415330570198
547.json,john-mccain,pants-fire,1,speaker_disjoint_split,1,0.737398530558334,1,0.6660748683818786
11419.json,bernie-s,mostly-true,0,speaker_disjoint_split,0,0.08297035279813163,0,0.12682764822280418
3234.json,glenn-beck,false,1,speaker_disjoint_split,1,0.6328355963660993,1,0.5863356819036706
12476.json,rush-limbaugh,false,1,speaker_disjoint_split,1,0.7489932548419653,1,0.7096092085338835
3715.json,scott-walker,true,0,speaker_disjoint_split,1,0.6589765195491664,1,0.5331129158231609
7611.json,susan-yoshihara,false,1,speaker_disjoint_split,1,0.6585727574020572,1,0.604847663979729
8923.json,national-republican-congressional-committee,half-true,0,speaker_disjoint_split,1,0.7470849201639956,1,0.6158685292663305
8786.json,national-republican-congressional-committee,half-true,0,speaker_disjoint_split,1,0.6257175823114587,1,0.5331791168758434
318.json,john-mccain,barely-true,1,speaker_disjoint_split,0,0.4542160504526854,0,0.38424840136252486
10776.json,richard-clarke,barely-true,1,speaker_disjoint_split,1,0.6518148405624904,1,0.5157348923046362
2718.json,lloyd-doggett,mostly-true,0,speaker_disjoint_split,1,0.617234222926542,1,0.5327952268895348
12501.json,gary-johnson,barely-true,1,speaker_disjoint_split,0,0.40331798900768356,0,0.3920186955332534
6894.json,joe-biden,half-true,0,speaker_disjoint_split,1,0.7209804582232733,1,0.6151230393717876
12852.json,donald-trump,pants-fire,1,speaker_disjoint_split,1,0.6093852715395985,1,0.5455881246713967
11618.json,donald-trump,pants-fire,1,speaker_disjoint_split,1,0.5523370037880129,1,0.52198279096578
4176.json,sam-olens,false,1,speaker_disjoint_split,0,0.511104925324879,1,0.521099846836462
7058.json,taxpayer-association-oregon,half-true,0,speaker_disjoint_split,0,0.5102787527405196,0,0.4141014320587829
2454.json,republican-party-florida,barely-true,1,speaker_disjoint_split,1,0.7020932805458071,1,0.5672654089557541
5726.json,sara-stevenson,barely-true,1,speaker_disjoint_split,0,0.3325734759556669,0,0.25556179837203485
3015.json,mike-polensek,half-true,0,speaker_disjoint_split,0,0.3779357332478897,0,0.1660059473824617
5901.json,oregon-league-conservation-voters,barely-true,1,speaker_disjoint_split,1,0.7727140466801262,1,0.8174892173222658
11882.json,carly-fiorina,true,0,speaker_disjoint_split,0,0.25904624532445636,0,0.15679099556794007
8227.json,bill-clinton,true,0,speaker_disjoint_split,0,0.4005846700018765,0,0.3790810529576884
3138.json,ken-cuccinelli,true,0,speaker_disjoint_split,1,0.6087249937400746,1,0.576167694662175
2301.json,michael-thurmond,true,0,speaker_disjoint_split,0,0.4199557896079095,0,0.32405283989234585
5809.json,samuel-wurzelbacher,false,1,speaker_disjoint_split,1,0.8685726692764552,1,0.7366951465383896
7761.json,charlie-crist,false,1,speaker_disjoint_split,1,0.7937774519218599,1,0.6026170963301265
2488.json,sam-adams,half-true,0,speaker_disjoint_split,1,0.5341459673807664,0,0.4864703841690776
3947.json,ted-ferrioli,half-true,0,speaker_disjoint_split,0,0.493362397260857,1,0.6272599410383222
12862.json,donald-trump,pants-fire,1,speaker_disjoint_split,1,0.6932203446618386,1,0.6444534511253145
1004.json,joe-biden,pants-fire,1,speaker_disjoint_split,1,0.6864116436215371,1,0.5467230965902014
1466.json,debra-medina,half-true,0,speaker_disjoint_split,0,0.4774386624267596,0,0.42474645439149317
2343.json,yvette-mcgee-brown,true,0,speaker_disjoint_split,0,0.20997401847595584,0,0.13693239119984985
2951.json,democratic-congressional-campaign-committee,half-true,0,speaker_disjoint_split,1,0.682133952881535,1,0.5981007737635833
2156.json,catherine-taylor,false,1,speaker_disjoint_split,0,0.49412663980681504,1,0.5190224515882458
13414.json,donald-trump,half-true,0,speaker_disjoint_split,0,0.49397294035366124,0,0.4596516356505489
11597.json,ben-carson,barely-true,1,speaker_disjoint_split,1,0.746353791481911,1,0.6355098851147517
9795.json,republican-party-florida,pants-fire,1,speaker_disjoint_split,1,0.6985268350568774,1,0.588830897909899
5295.json,joseph-trillo,half-true,0,speaker_disjoint_split,1,0.547328051832518,1,0.5172791348015442
48.json,ron-paul,mostly-true,0,speaker_disjoint_split,0,0.22363349085595297,0,0.21770897521748134
4587.json,jon-huntsman,half-true,0,speaker_disjoint_split,0,0.3943118202151074,0,0.30038361421580806
2583.json,rob-cornilles,half-true,0,speaker_disjoint_split,1,0.6514937252487353,1,0.607788805060801
13406.json,donald-trump,true,0,speaker_disjoint_split,1,0.6510593611196109,1,0.5807278852798888
12357.json,david-jolly,barely-true,1,speaker_disjoint_split,1,0.6513549282350368,1,0.6541035540802168
3184.json,glenn-beck,half-true,0,speaker_disjoint_split,1,0.5990839651774466,1,0.5814735898520116
11530.json,republican-party-florida,mostly-true,0,speaker_disjoint_split,0,0.2865491701091395,0,0.2822994277173476
5267.json,nathan-deal,false,1,speaker_disjoint_split,0,0.5315549464193668,1,0.509361894595323
5088.json,jon-huntsman,half-true,0,speaker_disjoint_split,0,0.3495519167846283,0,0.27599946722401786
8346.json,jeb-hensarling,pants-fire,1,speaker_disjoint_split,1,0.777532904530585,1,0.6525566188387888
10629.json,james-carville,false,1,speaker_disjoint_split,0,0.41649377587365066,0,0.3967253763583333
2118.json,melanie-crozier,pants-fire,1,speaker_disjoint_split,1,0.6690118254037769,1,0.6349373560552715
3812.json,rush-limbaugh,barely-true,1,speaker_disjoint_split,0,0.4598414635857479,0,0.43792011691748567
3042.json,new-georgia-encyclopedia,true,0,speaker_disjoint_split,1,0.6301802130819703,1,0.6595872744228045
2694.json,promote-oregon-leadership-pac-oregon-house-republi,true,0,speaker_disjoint_split,1,0.5715150641917446,1,0.5162253689946553
3383.json,blog-posting,false,1,speaker_disjoint_split,1,0.8847511834755899,1,0.8902269053363902
5823.json,nathan-deal,barely-true,1,speaker_disjoint_split,0,0.2862310778561969,0,0.31552472743989735
12470.json,donald-trump,barely-true,1,speaker_disjoint_split,1,0.6242518484460147,1,0.6278340957482837
666.json,joe-biden,half-true,0,speaker_disjoint_split,0,0.4792512759949239,0,0.4093790331786493
2937.json,john-kasich,true,0,speaker_disjoint_split,0,0.3443010122166298,0,0.38128648111847047
138.json,ron-paul,mostly-true,0,speaker_disjoint_split,1,0.7788158153007823,1,0.7080909907782604
4720.json,jon-huntsman,true,0,speaker_disjoint_split,1,0.5606708966709987,1,0.5016385966721979
1111.json,bill-pascrell,half-true,0,speaker_disjoint_split,0,0.2999729689134998,0,0.3371200548885096
7105.json,paul-levesque,mostly-true,0,speaker_disjoint_split,0,0.4239504275588441,0,0.4179587202934375
8605.json,donna-brazile,mostly-true,0,speaker_disjoint_split,1,0.764207683385583,1,0.7207737330144552
330.json,john-mccain,half-true,0,speaker_disjoint_split,0,0.297886946005594,0,0.2965339389921461
12693.json,joe-biden,half-true,0,speaker_disjoint_split,0,0.46553748241244175,0,0.3837069640832084
819.json,republican-party-florida,half-true,0,speaker_disjoint_split,1,0.8236155548449197,1,0.6215994229144057
7934.json,stephen-sweeney,mostly-true,0,speaker_disjoint_split,1,0.5928209275241483,1,0.524686288533533
614.json,john-mccain,barely-true,1,speaker_disjoint_split,1,0.6578990586260298,1,0.5826370852763355
7208.json,american-international-group,mostly-true,0,speaker_disjoint_split,0,0.46512587786239695,0,0.3653579291356282
642.json,joe-biden,true,0,speaker_disjoint_split,0,0.20888101982504478,0,0.22180039269087232
12166.json,donald-trump,pants-fire,1,speaker_disjoint_split,1,0.6260890872052686,1,0.5438184473869231
6793.json,yes-82-and-83-campaign,half-true,0,speaker_disjoint_split,0,0.38920101419315106,0,0.3901687148113062
9565.json,charlie-crist,half-true,0,speaker_disjoint_split,1,0.558142225313838,1,0.49337084869093495
13376.json,dan-patrick,true,0,speaker_disjoint_split,1,0.5840531265214396,1,0.5171832953633573
11061.json,jan-brewer,barely-true,1,speaker_disjoint_split,1,0.6787825414027048,1,0.6971099957134163
12434.json,donald-trump,pants-fire,1,speaker_disjoint_split,1,0.6895300041471433,1,0.6345540449223456
1703.json,bill-clinton,half-true,0,speaker_disjoint_split,1,0.6153312720584833,1,0.5727268670095321
4443.json,ron-paul,mostly-true,0,speaker_disjoint_split,0,0.2903968718422937,0,0.28361100086707647
9918.json,scott-walker,true,0,speaker_disjoint_split,0,0.46977172560628466,0,0.4450954771837339
10319.json,tom-coburn,half-true,0,speaker_disjoint_split,0,0.5115978308119682,1,0.4951640556641778
9057.json,nathan-deal,barely-true,1,speaker_disjoint_split,0,0.17146382762472093,0,0.1639576779065859
1457.json,glenn-beck,half-true,0,speaker_disjoint_split,1,0.6329469611656705,1,0.5326973523227616
4163.json,ron-paul,true,0,speaker_disjoint_split,0,0.4030522900473628,0,0.3041218166340028
3183.json,democratic-congressional-campaign-committee,pants-fire,1,speaker_disjoint_split,1,0.6076405370559215,1,0.5672886700637035
2038.json,john-oxendine,half-true,0,speaker_disjoint_split,1,0.6673218805546933,1,0.5832076622504867
1837.json,colin-powell,true,0,speaker_disjoint_split,0,0.0732720399145369,0,0.10027699527672182
6296.json,bill-pascrell,false,1,speaker_disjoint_split,1,0.6544666438361607,1,0.5968536301372579
3448.json,sam-adams,mostly-true,0,speaker_disjoint_split,0,0.5099726542996628,0,0.3924578629407791
3292.json,donna-brazile,mostly-true,0,speaker_disjoint_split,1,0.6121973010780825,1,0.5883690071350322
12828.json,bike-austin,barely-true,1,speaker_disjoint_split,0,0.25031307649746704,0,0.27511008980139035
10596.json,john-fredericks,false,1,speaker_disjoint_split,0,0.5281117562441902,1,0.5065492165314552
4942.json,jon-huntsman,barely-true,1,speaker_disjoint_split,0,0.20643356116084008,0,0.18969249537325644
6718.json,jeanne-shaheen,half-true,0,speaker_disjoint_split,0,0.35222441799390586,0,0.3286432773215554
6796.json,val-demings,barely-true,1,speaker_disjoint_split,1,0.5948016650477702,1,0.5394070165521102
3479.json,joanne-kloppenburg,barely-true,1,speaker_disjoint_split,1,0.797774228087914,1,0.7220503956270529
6997.json,tim-kaine,mostly-true,0,speaker_disjoint_split,0,0.42216775029611003,0,0.3892820293639716
8398.json,national-republican-congressional-committee,barely-true,1,speaker_disjoint_split,1,0.6151055566085554,1,0.5579723271827517
11003.json,blog-posting,false,1,speaker_disjoint_split,1,0.6604946885516166,1,0.8006595936765377
4674.json,iowans-some-semblance-christian-decency,false,1,speaker_disjoint_split,0,0.5178547065969824,1,0.510748060122865
2025.json,keith-olbermann,false,1,speaker_disjoint_split,0,0.19273550583081187,0,0.23604531176894283
11041.json,bernie-s,mostly-true,0,speaker_disjoint_split,0,0.44128481334480024,0,0.42589263734240573
1374.json,charlie-crist,true,0,speaker_disjoint_split,1,0.8407800643384449,1,0.687325081823183
8144.json,ken-cuccinelli,half-true,0,speaker_disjoint_split,1,0.6266519307566779,1,0.5784311683426996
4441.json,debbie-wasserman-schultz,mostly-true,0,speaker_disjoint_split,0,0.26967765448857317,0,0.2585148708491232
5504.json,lenny-curry,false,1,speaker_disjoint_split,1,0.7082529648070678,1,0.5768287671705645
6646.json,bill-clinton,true,0,speaker_disjoint_split,1,0.6688658324661602,1,0.6175827069334693
13349.json,donald-trump,pants-fire,1,speaker_disjoint_split,1,0.6615772771786217,1,0.6738893404319084
11556.json,ben-carson,barely-true,1,speaker_disjoint_split,1,0.7758756785112788,1,0.6979757914767892
1795.json,charlie-crist,mostly-true,0,speaker_disjoint_split,0,0.4447914911317795,0,0.33627731391268845
8256.json,steve-munisteri,half-true,0,speaker_disjoint_split,0,0.42159484602930336,0,0.3826016857320895
10052.json,sarah-silverman,half-true,0,speaker_disjoint_split,0,0.3152444435140146,0,0.25030384145768697
9651.json,debbie-wasserman-schultz,mostly-true,0,speaker_disjoint_split,1,0.562883571044119,1,0.571279475152169
12277.json,donald-trump,mostly-true,0,speaker_disjoint_split,0,0.16016240861478978,0,0.2412644105372631
12326.json,donald-trump,pants-fire,1,speaker_disjoint_split,0,0.4089130567588617,0,0.47836541671210947
8715.json,donna-brazile,mostly-true,0,speaker_disjoint_split,0,0.48727547142972394,0,0.48465423398974244
2150.json,chris-carpenter,pants-fire,1,speaker_disjoint_split,1,0.8423390101462873,1,0.7707080850358715
5030.json,jeff-merkley,true,0,speaker_disjoint_split,1,0.6412853964602176,1,0.5061718356544851
11734.json,carly-fiorina,barely-true,1,speaker_disjoint_split,0,0.37933086194374205,0,0.3462050255409905
616.json,john-mccain,barely-true,1,speaker_disjoint_split,1,0.6040529297344374,1,0.5301363062721905
1901.json,james-carville,barely-true,1,speaker_disjoint_split,1,0.6163207692622037,0,0.4346500262987466
13373.json,chris-sununu,false,1,speaker_disjoint_split,1,0.6425714907705933,1,0.5706804372731734
1637.json,charlie-crist,false,1,speaker_disjoint_split,0,0.39688766372080925,0,0.3721841772468838
5255.json,john-kasich,true,0,speaker_disjoint_split,0,0.3995953995854087,0,0.40331177812387337
11104.json,donald-trump,false,1,speaker_disjoint_split,1,0.5840416942926928,1,0.544789931593106
13233.json,donald-trump,barely-true,1,speaker_disjoint_split,1,0.6867609184831445,1,0.6023629921708676
2306.json,donna-brazile,mostly-true,0,speaker_disjoint_split,0,0.3628421106483034,0,0.38823980831148236
9677.json,joe-biden,half-true,0,speaker_disjoint_split,0,0.3445405634070629,0,0.35113182093905315
11975.json,john-mccain,barely-true,1,speaker_disjoint_split,1,0.6720907592141748,1,0.6443131736494188
2310.json,chip-rogers,barely-true,1,speaker_disjoint_split,0,0.17781841807576834,0,0.163109021610215
12876.json,bill-clinton,mostly-true,0,speaker_disjoint_split,1,0.6199661630237396,1,0.5737487172417308
6005.json,scott-walker,half-true,0,speaker_disjoint_split,0,0.3694179072808834,0,0.4015015373154494
6798.json,yg-action-fund,half-true,0,speaker_disjoint_split,1,0.6314375951857091,1,0.6668249426449637
2350.json,blog-posting,pants-fire,1,speaker_disjoint_split,0,0.5223121069245654,1,0.5651886348394388
5969.json,scott-walker,false,1,speaker_disjoint_split,0,0.5321912414874183,1,0.5289043532129636
9086.json,mark-begich,mostly-true,0,speaker_disjoint_split,1,0.7621119785409516,1,0.6310519167284498
2886.json,blog-posting,pants-fire,1,speaker_disjoint_split,1,0.5539772913927873,1,0.6876794094306269
9188.json,james-carville,barely-true,1,speaker_disjoint_split,1,0.855379275203431,1,0.7774561905059978
7875.json,abel-collins,mostly-true,0,speaker_disjoint_split,0,0.43905215043410317,0,0.3504682538753146
3925.json,debbie-wasserman-schultz,mostly-true,0,speaker_disjoint_split,0,0.37204508840783923,0,0.373421448840038
4196.json,jon-huntsman,barely-true,1,speaker_disjoint_split,0,0.35904498610195534,0,0.26271365331822066
2119.json,john-robitaille,half-true,0,speaker_disjoint_split,1,0.5898082058661961,1,0.5094950175184636
13501.json,blog-posting,pants-fire,1,speaker_disjoint_split,1,0.6855458167288121,1,0.7616352914213161
13195.json,donald-trump,false,1,speaker_disjoint_split,0,0.5069915080110785,1,0.5060555266092273
3347.json,brian-moran,half-true,0,speaker_disjoint_split,1,0.7225997899280041,1,0.727288042149762
10979.json,bill-clinton,mostly-true,0,speaker_disjoint_split,1,0.7682363916705515,1,0.7454010950132824
12726.json,donald-trump,false,1,speaker_disjoint_split,0,0.4938629590170353,0,0.45722350851893545
3569.json,john-kasich,false,1,speaker_disjoint_split,1,0.7382898624826653,1,0.6843793968334229
4577.json,occupied-wall-street-journal,half-true,0,speaker_disjoint_split,0,0.30624682377411233,0,0.3469045611209407
13008.json,donald-trump,barely-true,1,speaker_disjoint_split,1,0.6659629060455426,1,0.5621776745436672
11856.json,bernie-s,half-true,0,speaker_disjoint_split,0,0.27652632538239047,0,0.29199809246957786
8579.json,mike-plant,mostly-true,0,speaker_disjoint_split,0,0.4952142359566198,0,0.40282949160330933
5291.json,jim-whelan,mostly-true,0,speaker_disjoint_split,0,0.23079008287930738,0,0.23661556041319132
12421.json,scott-walker,mostly-true,0,speaker_disjoint_split,0,0.3741399522688552,0,0.3765422952885216
7391.json,keith-faber,true,0,speaker_disjoint_split,0,0.18074299625226514,0,0.18210252300538793
632.json,jerome-corsi,false,1,speaker_disjoint_split,1,0.8750322068322619,1,0.8276858535285806
13189.json,tim-kaine,true,0,speaker_disjoint_split,1,0.6325275941429375,1,0.5691836632145985
7996.json,ken-cuccinelli,false,1,speaker_disjoint_split,1,0.6436174694997929,1,0.560240990106308
3924.json,gary-black,half-true,0,speaker_disjoint_split,1,0.5352844785621368,1,0.6724376769154113
3467.json,nathan-deal,mostly-true,0,speaker_disjoint_split,0,0.4616797808457395,0,0.4847301594489254
11508.json,david-cicilline,half-true,0,speaker_disjoint_split,0,0.29552409212361763,0,0.22048423436889872
2497.json,mark-hinkle,true,0,speaker_disjoint_split,0,0.45874563310053845,0,0.4245916489456925
12785.json,bill-clinton,mostly-true,0,speaker_disjoint_split,0,0.5130402254231891,0,0.4834980614523066
3690.json,national-republican-congressional-committee,mostly-true,0,speaker_disjoint_split,0,0.3807524497160119,0,0.36964827043263854
1402.json,donna-brazile,mostly-true,0,speaker_disjoint_split,1,0.5927381805274583,1,0.5566031005575436
13243.json,donald-trump,barely-true,1,speaker_disjoint_split,1,0.6540998482350171,1,0.6026462870191828
7409.json,dave-joyce,true,0,speaker_disjoint_split,0,0.3814314076321106,0,0.367353395796569
2129.json,jeanne-shaheen,half-true,0,speaker_disjoint_split,0,0.45488559696342207,0,0.4515238023046686
3530.json,bob-graham,mostly-true,0,speaker_disjoint_split,0,0.36686034761658953,0,0.3323628216781108
320.json,john-mccain,true,0,speaker_disjoint_split,0,0.4488065958107175,0,0.3860500757526037
7078.json,kirk-watson,mostly-true,0,speaker_disjoint_split,0,0.4118738499092055,0,0.3776130171580863
696.json,john-mccain,false,1,speaker_disjoint_split,1,0.6588224396872348,1,0.5742255816294874
4648.json,phil-kent,false,1,speaker_disjoint_split,1,0.674305987816857,1,0.7605092950835712
10736.json,mike-huebsch,false,1,speaker_disjoint_split,1,0.7740604883572499,1,0.7593294417768278
12857.json,donald-trump,false,1,speaker_disjoint_split,1,0.57500041561728,1,0.5780725845010412
11671.json,debbie-wasserman-schultz,pants-fire,1,speaker_disjoint_split,1,0.6949163642657277,1,0.5504449096377272
1.json,barbara-ann-radnofsky,pants-fire,1,speaker_disjoint_split,0,0.43522812436967495,0,0.3533470208985938
8135.json,dubose-porter,mostly-true,0,speaker_disjoint_split,0,0.11462406524075458,0,0.09124352163075629
4469.json,brad-avakian,false,1,speaker_disjoint_split,0,0.33788336177487943,0,0.23874910972318258
6993.json,democratic-congressional-campaign-committee,false,1,speaker_disjoint_split,0,0.4807651084657839,0,0.4867042160756393
8700.json,gilberto-hinojosa,half-true,0,speaker_disjoint_split,0,0.386901071610535,0,0.420244950472024
5641.json,graeme-zielinski,pants-fire,1,speaker_disjoint_split,1,0.6738027465219593,1,0.5266005173591392
2479.json,scott-walker,barely-true,1,speaker_disjoint_split,1,0.8029206347412338,1,0.7231654279250893
9447.json,democratic-congressional-campaign-committee,false,1,speaker_disjoint_split,1,0.5676569573719327,1,0.5467705205281693
311.json,john-mccain,false,1,speaker_disjoint_split,0,0.3538342852466518,0,0.2754363116812746
2735.json,charlie-crist,barely-true,1,speaker_disjoint_split,0,0.3641313971287982,0,0.3771844177632057
477.json,john-mccain,mostly-true,0,speaker_disjoint_split,1,0.7084342961414318,1,0.6265243970105572
12144.json,tim-finchem,mostly-true,0,speaker_disjoint_split,0,0.3166169540839556,0,0.25333791063797795
11110.json,scott-walker,barely-true,1,speaker_disjoint_split,0,0.4687184399488825,0,0.4584887131266943
8190.json,michael-bloomberg,mostly-true,0,speaker_disjoint_split,0,0.41369292414429165,0,0.37845005684257427
13246.json,national-republican-congressional-committee,false,1,speaker_disjoint_split,1,0.5946118423495131,1,0.5490134291873113
2049.json,charlie-crist,true,0,speaker_disjoint_split,1,0.6775715331641102,1,0.5473450785067431
1135.json,david-axelrod,true,0,speaker_disjoint_split,1,0.8101549516615361,1,0.6793802502660391
1898.json,charlie-crist,mostly-true,0,speaker_disjoint_split,1,0.5685133779647054,0,0.45260740073053213
2840.json,dean-cannon,barely-true,1,speaker_disjoint_split,1,0.6565857931440301,0,0.4222453460230574
9341.json,miami-seaport-alliance,mostly-true,0,speaker_disjoint_split,0,0.5116166380103738,1,0.5072271886729708
3670.json,david-cicilline,barely-true,1,speaker_disjoint_split,1,0.6811264645144707,1,0.5422767437719183
10892.json,ann-coulter,pants-fire,1,speaker_disjoint_split,0,0.41146021829964574,0,0.39993892821346555
8194.json,bookerfail,barely-true,1,speaker_disjoint_split,0,0.4576650717540105,0,0.44000512616981813
2226.json,debbie-wasserman-schultz,half-true,0,speaker_disjoint_split,1,0.7826082315529606,1,0.6928259284013214
8926.json,national-republican-congressional-committee,half-true,0,speaker_disjoint_split,1,0.7180907693009815,1,0.6523464278670726
5118.json,democratic-party-oregon,barely-true,1,speaker_disjoint_split,1,0.6388396911494195,1,0.6415987253299522
8548.json,jeff-merkley,true,0,speaker_disjoint_split,1,0.6623028569908332,1,0.5423853230675111
1359.json,eugene-robinson,mostly-true,0,speaker_disjoint_split,1,0.5721879299504943,1,0.5417786605354288
8431.json,larry-elder,false,1,speaker_disjoint_split,1,0.7348986422965484,1,0.7065151436772257
1036.json,rush-limbaugh,barely-true,1,speaker_disjoint_split,1,0.7198578953201566,1,0.7316030625333716
2530.json,national-republican-congressional-committee,false,1,speaker_disjoint_split,1,0.6486601233404495,1,0.5011447514333838
6622.json,julian-castro,true,0,speaker_disjoint_split,0,0.3476706886109359,0,0.39445902268496436
7564.json,wayne-lapierre,half-true,0,speaker_disjoint_split,1,0.578799524269436,1,0.5180549980710507
4518.json,gary-johnson,half-true,0,speaker_disjoint_split,0,0.5054593398574426,0,0.4500123091531573
3858.json,jeff-merkley,mostly-true,0,speaker_disjoint_split,0,0.4161063299903283,0,0.38796249809104777
5527.json,state-democratic-party-wisconsin,false,1,speaker_disjoint_split,1,0.6677551765875427,1,0.6073470454996838
8702.json,jeff-merkley,true,0,speaker_disjoint_split,0,0.28857214183339774,0,0.2641970873775273
12264.json,bernie-s,barely-true,1,speaker_disjoint_split,1,0.6086653172527926,1,0.5452309686495151
4271.json,nicholas-scutari,true,0,speaker_disjoint_split,0,0.4854123601350451,0,0.43681586563232916
11804.json,dale-kooyenga,false,1,speaker_disjoint_split,0,0.42825448356141205,0,0.3392164503427583
12030.json,bernie-s,mostly-true,0,speaker_disjoint_split,0,0.24235159622989932,0,0.3096302412944517
4097.json,joseph-trillo,pants-fire,1,speaker_disjoint_split,0,0.3681107098031163,0,0.30998799553078576
11294.json,scott-walker,true,0,speaker_disjoint_split,1,0.7600436450874201,1,0.6784930574227029
532.json,john-mccain,false,1,speaker_disjoint_split,1,0.5478143546840347,1,0.5179944367713235
8810.json,ron-paul,false,1,speaker_disjoint_split,1,0.5987033196615467,1,0.5851424240982612
9088.json,florida-stop-common-core-coalition,half-true,0,speaker_disjoint_split,1,0.5399642730478735,1,0.5280116869604736
1365.json,charlie-crist,half-true,0,speaker_disjoint_split,0,0.2884164003702898,0,0.2571883555313411
5842.json,jana-duty,barely-true,1,speaker_disjoint_split,0,0.3960772750964671,0,0.3308380510163486
12878.json,democratic-congressional-campaign-committee,barely-true,1,speaker_disjoint_split,1,0.6355495646992616,1,0.6337127671684536
8315.json,carol-shea-porter,mostly-true,0,speaker_disjoint_split,1,0.6430565144545347,1,0.5250467664834045
91.json,bill-richardson,mostly-true,0,speaker_disjoint_split,0,0.32125003609096514,0,0.3352977118728002
12916.json,donald-trump,false,1,speaker_disjoint_split,0,0.40700349010968745,0,0.4103401058736488
13442.json,donald-trump,pants-fire,1,speaker_disjoint_split,1,0.6814348383890461,1,0.5738846282304897
13309.json,donald-trump,pants-fire,1,speaker_disjoint_split,0,0.4492110178627432,1,0.5015225921215707
1383.json,michael-bloomberg,half-true,0,speaker_disjoint_split,0,0.34600190829802085,0,0.3552554056796659
117.json,john-mccain,false,1,speaker_disjoint_split,0,0.3407984840874441,0,0.3445079763670102
7560.json,robert-kando,half-true,0,speaker_disjoint_split,0,0.39412202645609723,0,0.4045338221810738
5049.json,ron-paul,false,1,speaker_disjoint_split,0,0.39152418863200356,0,0.3568985214167318
11216.json,alliance-defending-freedom,half-true,0,speaker_disjoint_split,1,0.6651926654698331,1,0.6569013926113727
6216.json,stephen-sweeney,true,0,speaker_disjoint_split,1,0.5665995672616868,1,0.5994231129454319
4246.json,tom-coburn,half-true,0,speaker_disjoint_split,0,0.39277779852706873,0,0.3751775482840606
7955.json,raymond-gallison,half-true,0,speaker_disjoint_split,0,0.35320327204073204,0,0.3376945653848079
12035.json,arnold-schwarzenegger,mostly-true,0,speaker_disjoint_split,0,0.3095041364178114,0,0.3345834271798662
2745.json,national-republican-congressional-committee,false,1,speaker_disjoint_split,1,0.8708123084522047,1,0.7151639553755001
5508.json,texas-democratic-party,mostly-true,0,speaker_disjoint_split,0,0.3735672099182479,0,0.37743590348723627
1717.json,house-natural-resources-committee-republicans,barely-true,1,speaker_disjoint_split,0,0.5082412301911174,0,0.46532872468323294
1865.json,thurbert-baker,half-true,0,speaker_disjoint_split,0,0.354325016129641,0,0.3560263674133467
11537.json,tim-echols,mostly-true,0,speaker_disjoint_split,1,0.6586667930485206,1,0.5009560517706488
1081.json,ann-coulter,false,1,speaker_disjoint_split,1,0.8944313513614883,1,0.8281703441020518
8512.json,glenn-beck,pants-fire,1,speaker_disjoint_split,1,0.725907603399553,1,0.6896201254902259
5376.json,elizabeth-ames-jones,false,1,speaker_disjoint_split,1,0.7155558827579703,1,0.6458548658110117
5141.json,rob-cornilles,true,0,speaker_disjoint_split,1,0.6687671321093508,1,0.6622515094209226
9572.json,scott-walker,mostly-true,0,speaker_disjoint_split,1,0.687331596551333,1,0.6274434438332114
2478.json,jeff-merkley,mostly-true,0,speaker_disjoint_split,0,0.33149300498531525,0,0.3131707354696797
10563.json,scott-walker,true,0,speaker_disjoint_split,0,0.40379144573315445,0,0.4148853471692913
12181.json,bernie-s,half-true,0,speaker_disjoint_split,1,0.5809326497172623,1,0.5313545607987986
10077.json,mark-shields,barely-true,1,speaker_disjoint_split,1,0.6019282596904219,1,0.5096195053661179
5404.json,frank-niceley,pants-fire,1,speaker_disjoint_split,0,0.5116385012762237,1,0.6293097373764117
5989.json,bob-gibbs,true,0,speaker_disjoint_split,0,0.42750437193634355,1,0.5029930202692864
12525.json,louie-gohmert,half-true,0,speaker_disjoint_split,0,0.40741417678400305,0,0.350236372213138
2766.json,democratic-party-oregon,false,1,speaker_disjoint_split,0,0.4776461110913531,1,0.5038034075466717
4360.json,club-growth,half-true,0,speaker_disjoint_split,1,0.7375905064208375,1,0.6229743461477777
4618.json,sam-adams,barely-true,1,speaker_disjoint_split,1,0.5828315281866637,0,0.4489788501068753
6395.json,steve-doell,true,0,speaker_disjoint_split,0,0.391720354317683,0,0.3679606773297462
5977.json,scott-walker,barely-true,1,speaker_disjoint_split,1,0.5861119825478327,1,0.5872996527010115
12748.json,donald-trump,true,0,speaker_disjoint_split,0,0.44596395450756715,0,0.3487843943803387
5067.json,bill-pascrell,half-true,0,speaker_disjoint_split,1,0.5734904934959019,1,0.5312282570657217
2220.json,courtney-combs,pants-fire,1,speaker_disjoint_split,0,0.5180874895484262,1,0.5887360572529132
12799.json,michael-bloomberg,mostly-true,0,speaker_disjoint_split,0,0.4464372839564603,0,0.3963948006739108
7805.json,tim-echols,half-true,0,speaker_disjoint_split,0,0.485295965361135,0,0.341770841522976
12576.json,donald-trump,pants-fire,1,speaker_disjoint_split,1,0.6804547535156185,1,0.5180619713632661
5622.json,peter-defazio,barely-true,1,speaker_disjoint_split,0,0.4285516385828686,1,0.5186856607846474
11728.json,donald-trump,pants-fire,1,speaker_disjoint_split,0,0.5120224625789769,0,0.460307221040799
9039.json,rush-limbaugh,false,1,speaker_disjoint_split,1,0.7079741820164595,1,0.6497657121482794
5748.json,lamar-alexander,barely-true,1,speaker_disjoint_split,0,0.48353079360944806,0,0.4303970030846902
2959.json,bernie-s,true,0,speaker_disjoint_split,1,0.5436659439818744,1,0.5203956409718858
2045.json,david-axelrod,mostly-true,0,speaker_disjoint_split,1,0.7461578113408176,1,0.602947357109469
7031.json,david-cicilline,true,0,speaker_disjoint_split,0,0.4746597266992495,0,0.3999287208861454
6507.json,friends-democracy,barely-true,1,speaker_disjoint_split,1,0.5459577606501107,1,0.5124879784660017
561.json,john-mccain,false,1,speaker_disjoint_split,1,0.6172696603520224,1,0.5431874026211971
639.json,john-mccain,pants-fire,1,speaker_disjoint_split,1,0.7031383719176836,1,0.6309786217604241
1582.json,cathie-adams,pants-fire,1,speaker_disjoint_split,1,0.7295970185894305,1,0.6673393884635275
513.json,john-mccain,true,0,speaker_disjoint_split,0,0.38893758192660166,0,0.3721754302279308
747.json,john-mccain,mostly-true,0,speaker_disjoint_split,0,0.45846194819796676,0,0.43009770013313836
3873.json,austan-goolsbee,mostly-true,0,speaker_disjoint_split,0,0.26605990976038785,0,0.30446772135872857
3214.json,joe-biden,barely-true,1,speaker_disjoint_split,0,0.37537151967448656,0,0.24296051040004854
5818.json,ron-paul,false,1,speaker_disjoint_split,0,0.5093736399620051,0,0.39846127774021944
3680.json,kathleen-sebelius,mostly-true,0,speaker_disjoint_split,1,0.6249998551354868,1,0.608595062682791
12956.json,donald-trump,barely-true,1,speaker_disjoint_split,1,0.7950624455493156,1,0.7049192270712383
12320.json,julian-castro,half-true,0,speaker_disjoint_split,0,0.4933209667160325,0,0.4715421254541722
10136.json,national-republican-congressional-committee,barely-true,1,speaker_disjoint_split,1,0.7361811134432932,1,0.6694273220187958
3742.json,john-kasich,true,0,speaker_disjoint_split,0,0.28104466090950647,0,0.33616368831435395
5686.json,john-kasich,true,0,speaker_disjoint_split,1,0.533084676459938,1,0.5200676191270099
2100.json,john-mccain,barely-true,1,speaker_disjoint_split,0,0.37033900598343383,0,0.2726080279940556
7451.json,greg-walden,barely-true,1,speaker_disjoint_split,1,0.6780653057569974,1,0.6729353169139815
158.json,joe-biden,false,1,speaker_disjoint_split,0,0.29824685203513873,0,0.2579897312781499
2548.json,national-republican-congressional-committee,barely-true,1,speaker_disjoint_split,1,0.5445365512232215,0,0.44442320652958134
11222.json,rhode-island-center-freedom-and-prosperity,half-true,0,speaker_disjoint_split,1,0.5420107944635413,0,0.446028977432157
12614.json,charlie-crist,barely-true,1,speaker_disjoint_split,1,0.6864823125385838,1,0.590806373341502
12597.json,arizona-house-democrats,mostly-true,0,speaker_disjoint_split,1,0.6052904657813848,1,0.5547968186595327
10772.json,scott-walker,false,1,speaker_disjoint_split,0,0.41763233961389573,1,0.4976085833121422
2031.json,anthony-gemma,false,1,speaker_disjoint_split,1,0.5685314296906437,1,0.5790444028564574
1946.json,fair-districts-florida,true,0,speaker_disjoint_split,0,0.3221193378976784,0,0.11120080994514588
6672.json,julian-castro,mostly-true,0,speaker_disjoint_split,0,0.4912132374546683,1,0.49396613409341733
3824.json,ej-finocchio,false,1,speaker_disjoint_split,0,0.5031032209183522,0,0.4884006805050984
8806.json,democratic-congressional-campaign-committee,half-true,0,speaker_disjoint_split,0,0.46719249699028026,1,0.5394683172672865
12607.json,donald-trump,half-true,0,speaker_disjoint_split,0,0.417812486827246,0,0.40923644745283366
687.json,john-mccain,barely-true,1,speaker_disjoint_split,0,0.5310945742339459,0,0.4535388259348447
182.json,bill-richardson,true,0,speaker_disjoint_split,0,0.36526728184644747,0,0.2847549759614826
10862.json,eric-turner,pants-fire,1,speaker_disjoint_split,0,0.4126952604721057,0,0.2701023534577607
7863.json,republican-governors-association,mostly-true,0,speaker_disjoint_split,0,0.4221555854023598,0,0.372021649645916
6196.json,majority-pac,barely-true,1,speaker_disjoint_split,0,0.4982256765098707,0,0.45969386145385155
11866.json,bernie-s,half-true,0,speaker_disjoint_split,1,0.5806091126698469,0,0.4839422912422218
2281.json,michael-bloomberg,true,0,speaker_disjoint_split,1,0.7885658681762375,1,0.5808578578083271
7813.json,lynn-derbyshire,mostly-true,0,speaker_disjoint_split,1,0.6211013418079145,1,0.5368788955057752
778.json,john-mccain,false,1,speaker_disjoint_split,0,0.31538996429852495,0,0.31894255726621196
9131.json,republican-governors-association,mostly-true,0,speaker_disjoint_split,1,0.5552844153939968,0,0.4828595696160277
1281.json,claire-mccaskill,true,0,speaker_disjoint_split,0,0.4653186012702642,0,0.4833646146997508
9715.json,dennis-richardson,true,0,speaker_disjoint_split,0,0.4753318601083625,1,0.49044529754209537
3230.json,donald-trump,pants-fire,1,speaker_disjoint_split,1,0.7350865271682117,1,0.6562620714163605
6105.json,ron-paul,barely-true,1,speaker_disjoint_split,0,0.37198979288355605,0,0.3388497002579527
9846.json,charlie-crist,false,1,speaker_disjoint_split,1,0.5986389707297655,0,0.4818176312043255
6907.json,joe-biden,true,0,speaker_disjoint_split,1,0.6747910738274804,1,0.5495884216069946
4341.json,regina-benjamin,true,0,speaker_disjoint_split,0,0.2750214961371625,0,0.25975184941760343
1536.json,debbie-wasserman-schultz,mostly-true,0,speaker_disjoint_split,0,0.4269512649376907,0,0.44341596336567585
12978.json,david-plouffe,mostly-true,0,speaker_disjoint_split,0,0.506547991028804,1,0.501027152560967
13107.json,donald-trump,pants-fire,1,speaker_disjoint_split,1,0.5342368549036988,1,0.5900552514862356
2949.json,bernie-s,false,1,speaker_disjoint_split,0,0.3665999399797126,0,0.3887499870281908
13158.json,vote-no-2,half-true,0,speaker_disjoint_split,1,0.6500097144411682,0,0.44972348335539863
12700.json,scott-walker,true,0,speaker_disjoint_split,0,0.1618503813852905,0,0.2365278849110947
4046.json,national-republican-congressional-committee,false,1,speaker_disjoint_split,1,0.5578285635280752,0,0.4884116896185333
62.json,bill-richardson,mostly-true,0,speaker_disjoint_split,1,0.59847923607545,1,0.49571889849357204
5207.json,silvestre-reyes,half-true,0,speaker_disjoint_split,0,0.46968471615480123,0,0.4613654119447609
7480.json,al-cardenas,false,1,speaker_disjoint_split,0,0.47129367198297145,0,0.41399944935278876
3412.json,jeff-merkley,mostly-true,0,speaker_disjoint_split,0,0.42492560927200235,0,0.4271994953947933
11382.json,donald-trump,false,1,speaker_disjoint_split,0,0.38099085567738167,0,0.4108076399154419
4520.json,jennette-gayer,half-true,0,speaker_disjoint_split,0,0.3946197987501221,0,0.4601296708923411
2510.json,promote-oregon-leadership-pac-oregon-house-republi,false,1,speaker_disjoint_split,1,0.5959642704944619,1,0.5450172998379099
1808.json,charlie-crist,false,1,speaker_disjoint_split,1,0.611119239534729,1,0.5028567110411625
4039.json,jeff-fitzgerald,pants-fire,1,speaker_disjoint_split,1,0.6423739651146182,1,0.6009483594918648
7190.json,don-pridemore,true,0,speaker_disjoint_split,0,0.4978299894854767,0,0.3521325231890659
8861.json,national-republican-congressional-committee,half-true,0,speaker_disjoint_split,1,0.7860568037852865,1,0.6941833707763665
5111.json,jon-huntsman,barely-true,1,speaker_disjoint_split,1,0.5635071546754363,1,0.5237002232349689
12440.json,dale-kooyenga,half-true,0,speaker_disjoint_split,0,0.1082169516743866,0,0.06624412535822582
4555.json,bernie-s,true,0,speaker_disjoint_split,0,0.029057009251362672,0,0.014010418477731804
1821.json,tim-kaine,half-true,0,speaker_disjoint_split,0,0.4924368596634623,0,0.43162314424635445
7973.json,ken-cuccinelli,false,1,speaker_disjoint_split,1,0.645877083082999,1,0.5605519078292734
3799.json,evan-longoria,pants-fire,1,speaker_disjoint_split,1,0.5845611098351736,1,0.5150342737767406
7413.json,wayne-lapierre,false,1,speaker_disjoint_split,1,0.5518458615386156,0,0.4549128716410264
11042.json,ron-paul,true,0,speaker_disjoint_split,0,0.4400740189426869,0,0.3811922684502765
7099.json,health-first-wisconsin,false,1,speaker_disjoint_split,1,0.580617821031235,1,0.539399067162609
7835.json,republican-party-florida,barely-true,1,speaker_disjoint_split,1,0.6637633623111279,1,0.5435445689516281
9963.json,charlie-crist,half-true,0,speaker_disjoint_split,1,0.5860414698400903,1,0.5233725930197299
13141.json,stop-57-campaign,barely-true,1,speaker_disjoint_split,1,0.5983723757836623,1,0.4973810230683166
9755.json,nextgen-climate,half-true,0,speaker_disjoint_split,1,0.8260206146195812,1,0.7063332769517258
11129.json,bernie-s,mostly-true,0,speaker_disjoint_split,0,0.19088833086126378,0,0.2136827084364304
13504.json,dan-patrick,mostly-true,0,speaker_disjoint_split,0,0.38225705127207754,0,0.3570939253899174
1164.json,organizing-america,pants-fire,1,speaker_disjoint_split,1,0.6601266734325762,1,0.6212149938151434
11818.json,donald-trump,false,1,speaker_disjoint_split,0,0.5268436069274272,1,0.5213627350517901
12744.json,donald-trump,mostly-true,0,speaker_disjoint_split,0,0.5287898261127221,1,0.5275170999858436
12574.json,scott-walker,mostly-true,0,speaker_disjoint_split,1,0.6349788319162996,1,0.6169946046763748
10692.json,scott-walker,barely-true,1,speaker_disjoint_split,1,0.7113360157490575,1,0.5550676207485762
11381.json,mark-kelly,half-true,0,speaker_disjoint_split,1,0.5524901023936192,1,0.49214319631466574
6897.json,joe-biden,half-true,0,speaker_disjoint_split,0,0.26186324415687695,0,0.21097112949208532
12757.json,donald-trump,mostly-true,0,speaker_disjoint_split,1,0.6722693885040563,1,0.5947470395213991
5299.json,susan-combs,false,1,speaker_disjoint_split,1,0.6528567839193531,1,0.6738012507495875
7563.json,michael-bloomberg,true,0,speaker_disjoint_split,1,0.6713718137152354,1,0.6127658604605186
8329.json,saxby-chambliss,barely-true,1,speaker_disjoint_split,1,0.5949335110795625,1,0.558971804046501
4387.json,chip-rogers,mostly-true,0,speaker_disjoint_split,1,0.6018333251049837,1,0.5087368326124477
8451.json,amardeep-kaleka,pants-fire,1,speaker_disjoint_split,1,0.6458817799797453,1,0.5766284386016011
12504.json,blog-posting,pants-fire,1,speaker_disjoint_split,1,0.5627636558424757,1,0.5958618117967387
11074.json,don-beyer,half-true,0,speaker_disjoint_split,0,0.4087069958171499,0,0.38685224242311694
8262.json,charlie-crist,barely-true,1,speaker_disjoint_split,0,0.3155189660340246,0,0.23361601700104737
13239.json,donald-trump,barely-true,1,speaker_disjoint_split,0,0.4500504172676997,0,0.37346292059701636
1592.json,david-axelrod,half-true,0,speaker_disjoint_split,1,0.6139466620191714,1,0.5273242942070796
5473.json,aclu-florida,mostly-true,0,speaker_disjoint_split,1,0.559084847298113,1,0.6029263770820901
3408.json,alan-powell,mostly-true,0,speaker_disjoint_split,1,0.689911927507468,1,0.5918643820272652
1155.json,michael-steele,pants-fire,1,speaker_disjoint_split,1,0.6054553671317333,1,0.5879092203457642
1122.json,club-growth,false,1,speaker_disjoint_split,1,0.6405014530321375,1,0.5884075033308828
12803.json,tim-kaine,half-true,0,speaker_disjoint_split,0,0.43381654364307226,0,0.4517676526890283
5409.json,kathleen-vinehout,false,1,speaker_disjoint_split,0,0.4056341590867254,0,0.3933379978391273
7313.json,steve-henson,half-true,0,speaker_disjoint_split,0,0.40186911190771096,0,0.4446707001224934
4809.json,joe-biden,true,0,speaker_disjoint_split,0,0.3389746155014841,0,0.29698934623315193
12366.json,philadelphia-daily-news,half-true,0,speaker_disjoint_split,1,0.7137568313286872,1,0.660013702193845
4778.json,lynn-westmoreland,true,0,speaker_disjoint_split,0,0.28204875376178157,0,0.31110684259149013
7908.json,peter-roskam,mostly-true,0,speaker_disjoint_split,0,0.3436983966426214,0,0.29738011419928173
9287.json,scott-walker,half-true,0,speaker_disjoint_split,1,0.6638680103540309,1,0.6306927898620132
4795.json,david-plouffe,mostly-true,0,speaker_disjoint_split,1,0.6011756225794962,1,0.5696611634209393
4534.json,john-kasich,true,0,speaker_disjoint_split,1,0.7048574622726769,1,0.6617398040071008
7738.json,scott-walker,false,1,speaker_disjoint_split,1,0.722733027400332,1,0.589727317052013
2755.json,john-kasich,half-true,0,speaker_disjoint_split,0,0.3953543125175032,0,0.362987251090473
9949.json,scott-walker,half-true,0,speaker_disjoint_split,1,0.8620768402488754,1,0.7870974157494708
11069.json,allison-tant,barely-true,1,speaker_disjoint_split,1,0.6927904544552373,1,0.7346105049143804
12409.json,william-devereaux,true,0,speaker_disjoint_split,0,0.38431950025443146,0,0.2928027662916846
9898.json,angel-taveras,barely-true,1,speaker_disjoint_split,1,0.5610112552993374,0,0.46872882886882544
12400.json,donald-trump,barely-true,1,speaker_disjoint_split,1,0.6795856844686642,1,0.6330007629804006
6802.json,david-cicilline,barely-true,1,speaker_disjoint_split,1,0.8569879157318798,1,0.7113171256485104
2957.json,teresa-fedor,barely-true,1,speaker_disjoint_split,0,0.48846531347134486,1,0.49411622489105167
1617.json,charlie-crist,half-true,0,speaker_disjoint_split,0,0.42459896203130104,0,0.3280305597494574
8930.json,jonathan-boucher,pants-fire,1,speaker_disjoint_split,0,0.478491683451914,0,0.4278944554904703
5684.json,lenny-curry,barely-true,1,speaker_disjoint_split,1,0.600560797458586,0,0.4852614681112405
13481.json,corey-stewart,false,1,speaker_disjoint_split,1,0.6201704517038797,1,0.676240750465003
8386.json,bill-burton,mostly-true,0,speaker_disjoint_split,1,0.7060672706366321,1,0.6337893146792014
8542.json,ken-detzner,false,1,speaker_disjoint_split,0,0.49440712795491815,0,0.4484428990120547
1026.json,richard-durbin,true,0,speaker_disjoint_split,1,0.5518384921893795,0,0.4508725684388599
7215.json,louie-gohmert,false,1,speaker_disjoint_split,1,0.8940400638205078,1,0.6770496316861938
6737.json,gary-johnson,mostly-true,0,speaker_disjoint_split,0,0.4137657393501355,0,0.3301546673185981
11871.json,bernie-s,barely-true,1,speaker_disjoint_split,1,0.6429850060474832,1,0.5766790865466954
3473.json,armond-budish,mostly-true,0,speaker_disjoint_split,1,0.5808736560031889,1,0.5509487527765263
3309.json,cliff-stearns,true,0,speaker_disjoint_split,0,0.4777384318165449,0,0.41935804633128543
1488.json,joe-biden,true,0,speaker_disjoint_split,0,0.36776276637236566,0,0.29406989638026004
9127.json,arian-foster,half-true,0,speaker_disjoint_split,0,0.37419243673300795,0,0.3033730657019269
3379.json,mike-huebsch,pants-fire,1,speaker_disjoint_split,1,0.8161920669526257,1,0.755187419969236
8895.json,keith-ellison,mostly-true,0,speaker_disjoint_split,0,0.2107949936018229,0,0.1853956811801664
11167.json,donald-trump,false,1,speaker_disjoint_split,1,0.8363708887727007,1,0.7464184964373309
99.json,john-mccain,true,0,speaker_disjoint_split,0,0.33756432145791815,0,0.2964730416863192
1701.json,bill-clinton,true,0,speaker_disjoint_split,1,0.5780504518238606,1,0.524805054355167
7503.json,dan-patrick,mostly-true,0,speaker_disjoint_split,0,0.36537582046328754,0,0.4255135055604141
13368.json,donald-trump,half-true,0,speaker_disjoint_split,0,0.4925533994095181,0,0.4774666153492924
12115.json,donald-trump,half-true,0,speaker_disjoint_split,0,0.17190115549421425,0,0.2540837830077602
10658.json,blog-posting,false,1,speaker_disjoint_split,1,0.797522964858328,1,0.8073317939844898
8120.json,nancy-gordeuk,half-true,0,speaker_disjoint_split,0,0.5051644458792321,0,0.4756422345648436
11260.json,blog-posting,pants-fire,1,speaker_disjoint_split,1,0.6577108775142361,1,0.7498512432565807
9722.json,blog-posting,pants-fire,1,speaker_disjoint_split,1,0.8137076162731091,1,0.8454486876484603
11134.json,blog-posting,false,1,speaker_disjoint_split,1,0.7788699946529918,1,0.8278728183234981
11366.json,bernie-s,mostly-true,0,speaker_disjoint_split,1,0.5570691768297742,0,0.4521137851105898
13080.json,donald-trump,mostly-true,0,speaker_disjoint_split,1,0.5907966970523962,1,0.5351111733951635
1285.json,bill-oreilly,false,1,speaker_disjoint_split,1,0.7376229225714466,1,0.6177956929357792
11124.json,donald-trump,pants-fire,1,speaker_disjoint_split,0,0.2658815135268328,0,0.23636597668276796
10436.json,john-kasich,pants-fire,1,speaker_disjoint_split,0,0.4819123797789024,0,0.4743697180318385
11175.json,ben-carson,false,1,speaker_disjoint_split,1,0.6525443875347815,1,0.6122707075614713
10976.json,eugene-robinson,mostly-true,0,speaker_disjoint_split,1,0.5739476094981824,1,0.5771671617409235
11678.json,donald-trump,barely-true,1,speaker_disjoint_split,1,0.658975527868985,1,0.6619670095266984
6342.json,tim-kaine,true,0,speaker_disjoint_split,0,0.35976369122034285,0,0.3264188343009104
8877.json,ann-coulter,pants-fire,1,speaker_disjoint_split,1,0.8951407772054987,1,0.8600392367942957
328.json,john-mccain,barely-true,1,speaker_disjoint_split,0,0.35597940338311723,0,0.3749091462770952
8867.json,charlie-crist,barely-true,1,speaker_disjoint_split,1,0.7145572878282064,0,0.4230638321654778
9145.json,scott-walker,false,1,speaker_disjoint_split,0,0.30354153639227244,0,0.32498202694949146
11797.json,bernie-s,mostly-true,0,speaker_disjoint_split,1,0.6969603280495692,1,0.5990598977548505
5135.json,angel-taveras,half-true,0,speaker_disjoint_split,0,0.3627714535272471,0,0.26401833264038843
712.json,john-mccain,pants-fire,1,speaker_disjoint_split,0,0.5236298758663923,1,0.5248949340881098
6074.json,samuel-wurzelbacher,mostly-true,0,speaker_disjoint_split,1,0.5917692955737622,1,0.6445814338244544
627.json,john-mccain,true,0,speaker_disjoint_split,1,0.6492786234002071,1,0.5521928557692393
11439.json,jason-villalba,pants-fire,1,speaker_disjoint_split,1,0.7337484736622248,1,0.6998651959410529
12582.json,tim-kaine,mostly-true,0,speaker_disjoint_split,0,0.34420052414749686,0,0.3371695971761177
10486.json,scott-walker,pants-fire,1,speaker_disjoint_split,1,0.6052286520564698,1,0.50735485860225
12254.json,donald-trump,false,1,speaker_disjoint_split,0,0.497844785186153,0,0.4261557178404708
2924.json,tom-coburn,false,1,speaker_disjoint_split,0,0.38825350330319786,0,0.4391080737050352
13496.json,blog-posting,false,1,speaker_disjoint_split,1,0.5508360575320088,1,0.6794630563596152
8161.json,scott-walker,false,1,speaker_disjoint_split,0,0.3623322431380717,0,0.3977244028950916
3817.json,armond-budish,true,0,speaker_disjoint_split,0,0.36712503044626016,0,0.3616570275912061
2462.json,patrick-rose,barely-true,1,speaker_disjoint_split,1,0.5451012414072146,0,0.48004400921587254
9208.json,dan-patrick,mostly-true,0,speaker_disjoint_split,0,0.406983375856747,0,0.36644989126986827
8465.json,diane-ravitch,barely-true,1,speaker_disjoint_split,0,0.40253015614513427,0,0.2669154698930728
8521.json,larry-elder,barely-true,1,speaker_disjoint_split,0,0.32802002366468436,0,0.3250196391455267
6818.json,ohio-republican-party,false,1,speaker_disjoint_split,1,0.5354677379423965,1,0.565972222987482
12273.json,ben-carson,mostly-true,0,speaker_disjoint_split,0,0.37442020211149457,0,0.4058572268857769
731.json,blog-posting,half-true,0,speaker_disjoint_split,1,0.5560234882770854,1,0.6089235188295088
4796.json,john-kasich,mostly-true,0,speaker_disjoint_split,0,0.4327010649044581,0,0.4525698698634672
12347.json,michael-oneill,mostly-true,0,speaker_disjoint_split,1,0.6656154202680084,1,0.5777794722155934
7718.json,friends-miami-first,half-true,0,speaker_disjoint_split,0,0.38502537884908333,0,0.31920756934198696
5735.json,scott-walker,half-true,0,speaker_disjoint_split,1,0.5921002876244359,1,0.5252757446532601
2451.json,charlie-crist,pants-fire,1,speaker_disjoint_split,0,0.40407473443886666,0,0.30652780809999675
12555.json,donald-trump,false,1,speaker_disjoint_split,0,0.4558815007987831,0,0.48784098035328943
790.json,john-mccain,pants-fire,1,speaker_disjoint_split,1,0.704313640351813,1,0.5087571532586808
9357.json,debbie-wasserman-schultz,mostly-true,0,speaker_disjoint_split,1,0.5766700726015453,0,0.4876519911668805
5639.json,bill-pascrell,half-true,0,speaker_disjoint_split,1,0.5607694752348994,1,0.6044239478143745
2800.json,sonny-perdue,half-true,0,speaker_disjoint_split,0,0.27349847094562607,0,0.27338934310760016
4604.json,jon-huntsman,pants-fire,1,speaker_disjoint_split,1,0.7311444823686395,1,0.6058831821135217
11447.json,donald-trump,false,1,speaker_disjoint_split,0,0.39962019596909737,0,0.4193201550597978
6389.json,nathan-deal,barely-true,1,speaker_disjoint_split,1,0.6101771691575328,1,0.5379005720823165
2008.json,charlie-crist,mostly-true,0,speaker_disjoint_split,1,0.6520893528114281,1,0.5343543084430679
10160.json,lloyd-doggett,half-true,0,speaker_disjoint_split,1,0.5914534683194103,1,0.5088946092225721
410.json,blog-posting,pants-fire,1,speaker_disjoint_split,1,0.6115391828324553,1,0.6480839122849446
12249.json,pat-mccrory,barely-true,1,speaker_disjoint_split,1,0.5774795704491016,0,0.416425940107783
4281.json,ron-paul,half-true,0,speaker_disjoint_split,0,0.4993020099853717,0,0.42455837295862636
1537.json,republican-party-florida,mostly-true,0,speaker_disjoint_split,1,0.675451072335683,1,0.62146278976939
9068.json,karl-rove,barely-true,1,speaker_disjoint_split,1,0.6224585517658773,1,0.6113318949286064
11854.json,michael-m-crow,mostly-true,0,speaker_disjoint_split,0,0.14266552247930722,0,0.1520516508209031
8235.json,mayors-against-illegal-guns,half-true,0,speaker_disjoint_split,1,0.8767004891331133,1,0.7297613149011646
13494.json,donald-trump,pants-fire,1,speaker_disjoint_split,1,0.7641113393765918,1,0.669390571138868
7050.json,democratic-party-oregon,half-true,0,speaker_disjoint_split,1,0.790056449563859,1,0.770364843715331
1771.json,vern-buchanan,true,0,speaker_disjoint_split,0,0.30700201369765057,0,0.32021336364708447
13196.json,tim-kaine,mostly-true,0,speaker_disjoint_split,1,0.6454128862767654,1,0.611461430768677
11359.json,john-kasich,barely-true,1,speaker_disjoint_split,0,0.4619160484433643,0,0.4464369258081592
9526.json,bill-clinton,half-true,0,speaker_disjoint_split,0,0.24982136790860074,0,0.3272295500243953
12072.json,john-kasich,false,1,speaker_disjoint_split,1,0.5981048367805699,1,0.5360532633041891
406.json,john-mccain,false,1,speaker_disjoint_split,1,0.643244426425559,1,0.5207405723762331
7712.json,john-mccain,half-true,0,speaker_disjoint_split,0,0.3917838796330864,0,0.3698194335730151
10950.json,donald-trump,pants-fire,1,speaker_disjoint_split,0,0.3920574744222272,0,0.4279650536602416
8200.json,janet-napolitano,barely-true,1,speaker_disjoint_split,1,0.6400196349547824,1,0.6874296887604807
10431.json,nathan-deal,mostly-true,0,speaker_disjoint_split,1,0.5633582267492708,1,0.5250421020702303
5350.json,wayne-lapierre,barely-true,1,speaker_disjoint_split,1,0.5701477203606158,1,0.5245087655676244
3906.json,debbie-wasserman-schultz,false,1,speaker_disjoint_split,1,0.6519105568069637,1,0.5385151218290999
5630.json,jimmie-t-smith,false,1,speaker_disjoint_split,1,0.5564773557925435,0,0.44147386407946604
9640.json,fresh-start-pa,mostly-true,0,speaker_disjoint_split,0,0.3018924239627124,0,0.2822416668773363
6608.json,sam-olens,mostly-true,0,speaker_disjoint_split,1,0.5709690997233766,1,0.6125336455102175
13419.json,donald-trump,barely-true,1,speaker_disjoint_split,0,0.2538959849822892,0,0.3100639011702069
8215.json,cynthia-lummis,mostly-true,0,speaker_disjoint_split,0,0.35665500186919713,0,0.38310825791350894
745.json,john-mccain,barely-true,1,speaker_disjoint_split,1,0.7094058293469067,1,0.6646480370508995
12375.json,blog-posting,pants-fire,1,speaker_disjoint_split,0,0.4303538532363778,1,0.49466674424381235
480.json,blog-posting,pants-fire,1,speaker_disjoint_split,1,0.7100591832917621,1,0.7086744075595776
5882.json,freedom-pac,half-true,0,speaker_disjoint_split,1,0.7623192332969311,1,0.6062841599651301
8649.json,bill-oreilly,mostly-true,0,speaker_disjoint_split,1,0.75380652061236,1,0.712016993139947
11248.json,bernie-s,mostly-true,0,speaker_disjoint_split,0,0.43178658593146624,0,0.43027197370758785
11908.json,donald-trump,false,1,speaker_disjoint_split,1,0.5325057510164503,1,0.5002684769862187
3041.json,debbie-wasserman-schultz,true,0,speaker_disjoint_split,1,0.8214098411634554,1,0.7523586857344805
2095.json,blog-posting,false,1,speaker_disjoint_split,1,0.6915654702274584,1,0.6972527094323155
10084.json,charlie-crist,true,0,speaker_disjoint_split,1,0.724973228008433,1,0.5951902758742591
2298.json,glenn-beck,true,0,speaker_disjoint_split,0,0.4752220733214097,0,0.46168554336488943
13468.json,americanpoliticnews,pants-fire,1,speaker_disjoint_split,1,0.8294851362593874,1,0.9345935465113123
2048.json,ron-paul,true,0,speaker_disjoint_split,0,0.49715116739973203,0,0.44794863657628287
13093.json,david-jolly,half-true,0,speaker_disjoint_split,1,0.691942075178279,1,0.6732017305527426
7103.json,carolyn-medeiros,true,0,speaker_disjoint_split,0,0.3809002075539209,0,0.29279877568569607
3773.json,nathan-deal,false,1,speaker_disjoint_split,0,0.488013422474482,0,0.4301327348697137
10740.json,bernie-s,mostly-true,0,speaker_disjoint_split,0,0.3860463425564107,0,0.385181659403495
11166.json,john-kasich,mostly-true,0,speaker_disjoint_split,0,0.37442936202809984,0,0.383240665908934
6243.json,american-commitment,barely-true,1,speaker_disjoint_split,1,0.725412620730005,1,0.6698572535400822
12176.json,donald-trump,half-true,0,speaker_disjoint_split,0,0.3907780301308535,0,0.4175952988401286
8541.json,scott-walker,true,0,speaker_disjoint_split,0,0.48512826030846945,0,0.37236362816381274
2266.json,florida-first-initiative,false,1,speaker_disjoint_split,1,0.7580939874896151,1,0.6319101740901784
5175.json,nathan-deal,half-true,0,speaker_disjoint_split,1,0.6997474286958414,1,0.6398606592365002
10071.json,charlie-crist,true,0,speaker_disjoint_split,0,0.5023091677225928,0,0.47373025986408523
6146.json,david-plouffe,true,0,speaker_disjoint_split,1,0.5829628521876846,1,0.5413481314614323
6838.json,john-kasich,mostly-true,0,speaker_disjoint_split,0,0.17391550221449062,0,0.2399789884134685
8712.json,kimberly-nelson,true,0,speaker_disjoint_split,1,0.7035871108480112,1,0.5708239450178573
7242.json,bill-pascrell,mostly-true,0,speaker_disjoint_split,0,0.3528487403678283,0,0.3923166825584079
8717.json,blog-posting,pants-fire,1,speaker_disjoint_split,1,0.8607467462590948,1,0.8628485235337874
1807.json,national-republican-congressional-committee,false,1,speaker_disjoint_split,1,0.8542210441247432,1,0.6939936806704973
5515.json,sam-adams,half-true,0,speaker_disjoint_split,0,0.48586423993024624,0,0.3877536074426292
9026.json,allen-peake,half-true,0,speaker_disjoint_split,0,0.4332743908292739,0,0.35428577262490923
11343.json,martin-shkreli,false,1,speaker_disjoint_split,0,0.43204912143958457,0,0.39721152507493185
10150.json,charlie-crist,barely-true,1,speaker_disjoint_split,0,0.5057330747536042,0,0.48166552726148115
4030.json,jeff-tittel,false,1,speaker_disjoint_split,1,0.7695744000580786,1,0.7351976944825933
301.json,bill-clinton,false,1,speaker_disjoint_split,1,0.7106431024473246,1,0.6293407727423084
11326.json,karl-rove,mostly-true,0,speaker_disjoint_split,0,0.26052929985938134,0,0.3034607667515191
6246.json,american-commitment,false,1,speaker_disjoint_split,1,0.7408563147103414,1,0.7021877651073297
717.json,joe-biden,half-true,0,speaker_disjoint_split,1,0.6498704987753775,1,0.5277288467827501
580.json,john-mccain,false,1,speaker_disjoint_split,1,0.7508724716259114,1,0.6638288875106642
12393.json,chris-sgro,false,1,speaker_disjoint_split,0,0.4208965367450499,0,0.3320299165559768
8266.json,debbie-wasserman-schultz,pants-fire,1,speaker_disjoint_split,0,0.4261188064216855,0,0.3760550288231876
10642.json,don-beyer,false,1,speaker_disjoint_split,0,0.45017765044827557,0,0.40959846018159946
9290.json,tom-coburn,barely-true,1,speaker_disjoint_split,1,0.5949242466192275,1,0.5476890870256248
6860.json,laurie-monnes-anderson,false,1,speaker_disjoint_split,1,0.7370324946229629,1,0.7047083240109175
11574.json,bernie-s,mostly-true,0,speaker_disjoint_split,0,0.26737262249534,0,0.31270853639555296
337.json,john-mccain,barely-true,1,speaker_disjoint_split,0,0.33573757738983734,0,0.29391813718445026
3839.json,national-republican-congressional-committee,pants-fire,1,speaker_disjoint_split,1,0.6348123370272456,1,0.5563068107630188
4787.json,ron-paul,true,0,speaker_disjoint_split,1,0.6521773335510239,1,0.5696116150729551
12646.json,debbie-wasserman-schultz,mostly-true,0,speaker_disjoint_split,0,0.4463794992753789,0,0.4236441269212954
760.json,john-mccain,false,1,speaker_disjoint_split,1,0.6314892769079562,1,0.5631220836975932
641.json,john-mccain,mostly-true,0,speaker_disjoint_split,0,0.5238995864479503,0,0.4885105767715627
9858.json,mark-begich,pants-fire,1,speaker_disjoint_split,1,0.5604711611031631,1,0.5463285045196952
10541.json,joseph-yost,mostly-true,0,speaker_disjoint_split,0,0.41640708815731264,0,0.37473727902244774
733.json,john-mccain,barely-true,1,speaker_disjoint_split,1,0.6098873888478442,1,0.5618907244504773
11857.json,bernie-s,false,1,speaker_disjoint_split,1,0.7210487219769466,1,0.6034412860218072
2634.json,democratic-congressional-campaign-committee,half-true,0,speaker_disjoint_split,1,0.566204959762859,1,0.5038410758031435
8731.json,gus-bilirakis,false,1,speaker_disjoint_split,1,0.6379256132336997,0,0.4744100822675023
9878.json,jeff-merkley,half-true,0,speaker_disjoint_split,1,0.6168387148403781,0,0.4785137556928213
2139.json,donna-brazile,true,0,speaker_disjoint_split,0,0.3112836177122034,0,0.3286817174995292
5068.json,david-cicilline,mostly-true,0,speaker_disjoint_split,0,0.40959093942053176,0,0.35908127578535187
11801.json,bernie-s,false,1,speaker_disjoint_split,0,0.5018081338891368,1,0.5303490754354129
6652.json,bill-clinton,true,0,speaker_disjoint_split,1,0.6033828593594343,0,0.41505693927653114
399.json,campaign-defend-america,mostly-true,0,speaker_disjoint_split,0,0.24733735869706022,0,0.1478021013319868
12275.json,pat-mccrory,false,1,speaker_disjoint_split,1,0.5996484260066256,0,0.47319534872744407
13096.json,donald-trump,true,0,speaker_disjoint_split,0,0.09063791712444348,0,0.1265554687447856
428.json,bill-clinton,pants-fire,1,speaker_disjoint_split,0,0.39592734685207875,0,0.38890975808740047
12042.json,bernie-s,mostly-true,0,speaker_disjoint_split,0,0.46201478134754476,0,0.43925069036207215
7839.json,oregon-pta,true,0,speaker_disjoint_split,0,0.4329510992625525,0,0.3233476726331863
10126.json,scott-walker,false,1,speaker_disjoint_split,0,0.39298329064920007,0,0.41491647862160896
7956.json,richard-durbin,half-true,0,speaker_disjoint_split,1,0.6898619182097128,1,0.5182362389799543
1335.json,orrin-hatch,barely-true,1,speaker_disjoint_split,1,0.6033256537107565,1,0.5386424435520302
5372.json,scott-walker,pants-fire,1,speaker_disjoint_split,0,0.41874236402283993,0,0.4145140460684562
4676.json,ron-paul,false,1,speaker_disjoint_split,0,0.5045843261388986,0,0.4531827158885882
1741.json,arlen-specter,true,0,speaker_disjoint_split,1,0.6725335399783412,1,0.6803212511231708
11047.json,ben-ferguson,barely-true,1,speaker_disjoint_split,0,0.2412662382691989,0,0.2708929680759578
12117.json,bernie-s,half-true,0,speaker_disjoint_split,1,0.5882484483376239,1,0.49022434867166503
3066.json,ohio-alliance-retired-americans,false,1,speaker_disjoint_split,1,0.6263204123961931,1,0.650418989698907
519.json,john-mccain,barely-true,1,speaker_disjoint_split,1,0.6702280417947715,1,0.5980566993577363
6757.json,its-still-bad-idea,mostly-true,0,speaker_disjoint_split,0,0.5050029904398092,0,0.4728476554527268
1758.json,jan-brewer,barely-true,1,speaker_disjoint_split,1,0.5751368791138269,1,0.6120243190259724
4219.json,ash-williams,false,1,speaker_disjoint_split,1,0.5676183601241888,1,0.5202396253940564
12751.json,donald-trump,true,0,speaker_disjoint_split,0,0.4707038782013609,0,0.4666891169191242
5942.json,graeme-zielinski,pants-fire,1,speaker_disjoint_split,1,0.7181703912577131,1,0.5408117543580594
9999.json,dan-patrick,false,1,speaker_disjoint_split,1,0.9177592403572064,1,0.757162336533983
5881.json,shaun-ireland,mostly-true,0,speaker_disjoint_split,1,0.582235167314158,0,0.45005788797067986
3047.json,robert-hagan,half-true,0,speaker_disjoint_split,1,0.5689468206688855,0,0.47758677349666445
9705.json,scott-walker,pants-fire,1,speaker_disjoint_split,0,0.3463769130320347,0,0.37581819097390884
6039.json,new-jersey-democratic-state-committee,false,1,speaker_disjoint_split,1,0.547328072852458,1,0.5240967906620484
4120.json,scott-walker,false,1,speaker_disjoint_split,1,0.6149444292614233,1,0.589946122637565
3359.json,scott-mccown,true,0,speaker_disjoint_split,0,0.23446589685829225,0,0.30365186393768595
7820.json,bill-ratliff,barely-true,1,speaker_disjoint_split,0,0.4479749043217217,0,0.40715809387704743
7134.json,scott-walker,barely-true,1,speaker_disjoint_split,1,0.6898678376375038,1,0.5937021052490922
9534.json,debbie-wasserman-schultz,mostly-true,0,speaker_disjoint_split,0,0.4385071792274469,0,0.44340544614443644
5546.json,frank-wolf,true,0,speaker_disjoint_split,0,0.21230830325094358,0,0.24212265964102087
4304.json,state-democratic-party-wisconsin,barely-true,1,speaker_disjoint_split,1,0.7780810084225526,1,0.754447797304529
1938.json,richard-durbin,false,1,speaker_disjoint_split,0,0.31242749745223575,0,0.2961992938314681
12157.json,pat-mccrory,half-true,0,speaker_disjoint_split,0,0.5312023206007401,0,0.366591560963938
3653.json,donald-trump,pants-fire,1,speaker_disjoint_split,1,0.5349462021921482,1,0.565462655240674
11557.json,donald-trump,half-true,0,speaker_disjoint_split,1,0.5853577996514365,1,0.6014971062462746
5751.json,wayne-lapierre,mostly-true,0,speaker_disjoint_split,1,0.5336044301019446,1,0.5467267287158247
10607.json,joe-biden,half-true,0,speaker_disjoint_split,1,0.6793058652482307,1,0.6287962027019051
4874.json,greg-walden,half-true,0,speaker_disjoint_split,1,0.5542327317424661,1,0.620223869269456
11180.json,heather-mcghee,true,0,speaker_disjoint_split,1,0.5353160592623305,1,0.5008963200511163
6917.json,marsha-blackburn,false,1,speaker_disjoint_split,1,0.7056567469388603,1,0.5428815719852154
6368.json,bill-clinton,half-true,0,speaker_disjoint_split,0,0.4398111535264002,0,0.4218814314890635
7874.json,13th-district-gop-slate,half-true,0,speaker_disjoint_split,1,0.5749687923751385,1,0.6041467670568427
8583.json,lynn-westmoreland,half-true,0,speaker_disjoint_split,0,0.4788654133587532,0,0.43643533778221916
8242.json,georgia-campaign-liberty,false,1,speaker_disjoint_split,1,0.588283488304406,1,0.5627965789419977
2372.json,ann-coulter,half-true,0,speaker_disjoint_split,1,0.5593990203539962,1,0.5206195568110332
12197.json,bernie-s,barely-true,1,speaker_disjoint_split,0,0.47542377441438516,0,0.4106009085242268
7067.json,peoples-majority,pants-fire,1,speaker_disjoint_split,1,0.7340506167534679,1,0.5721249171508332
9215.json,donald-trump,false,1,speaker_disjoint_split,1,0.6408978732449512,1,0.6048128738811696
10029.json,nathan-deal,true,0,speaker_disjoint_split,0,0.2908319809349801,0,0.28247303946669355
12637.json,pat-robertson,barely-true,1,speaker_disjoint_split,1,0.80703646231633,1,0.6621516125960796
8361.json,steve-lonegan,half-true,0,speaker_disjoint_split,0,0.3316885056804806,0,0.34503873773999466
11883.json,donald-trump,barely-true,1,speaker_disjoint_split,0,0.4437395208093406,0,0.4882808203926874
7935.json,ron-hood,pants-fire,1,speaker_disjoint_split,1,0.7617262454124785,1,0.720933522789798
8077.json,republican-party-florida,mostly-true,0,speaker_disjoint_split,1,0.7518866387921335,1,0.6378792736693891
2904.json,kirk-watson,mostly-true,0,speaker_disjoint_split,0,0.4179507150231434,0,0.3604168965104695
1581.json,cathie-adams,barely-true,1,speaker_disjoint_split,0,0.5052634288494998,1,0.5243173434354347
2606.json,hank-gilbert,half-true,0,speaker_disjoint_split,0,0.503739685685947,0,0.329449387723033
7419.json,wayne-lapierre,barely-true,1,speaker_disjoint_split,1,0.737803662755187,1,0.6229143895683011
13153.json,donald-trump,mostly-true,0,speaker_disjoint_split,1,0.5713840205179435,1,0.5208043494610594
13130.json,donald-trump,true,0,speaker_disjoint_split,0,0.4422468950848833,0,0.4241445887400151
8889.json,thomas-perez,mostly-true,0,speaker_disjoint_split,1,0.5766999457575303,1,0.518309399385823
3842.json,national-republican-congressional-committee,barely-true,1,speaker_disjoint_split,1,0.6031713288788604,1,0.5350278445916142
4252.json,daniel-mckee,half-true,0,speaker_disjoint_split,1,0.6235671053540971,0,0.4548021579842455
8300.json,dale-kooyenga,barely-true,1,speaker_disjoint_split,0,0.4835814502201982,0,0.34127659731060395
6414.json,john-kasich,true,0,speaker_disjoint_split,0,0.19032820092811983,0,0.2189572610180479
11957.json,donald-trump,pants-fire,1,speaker_disjoint_split,1,0.5683095054804632,1,0.5755301459085941
12509.json,donald-trump,mostly-true,0,speaker_disjoint_split,0,0.3928043642596351,0,0.39008735610135675
3349.json,scott-walker,barely-true,1,speaker_disjoint_split,1,0.6593901572194325,1,0.5665524781514296
4991.json,jon-huntsman,barely-true,1,speaker_disjoint_split,0,0.3047071577726817,0,0.28835973298416123
12766.json,donald-trump,false,1,speaker_disjoint_split,1,0.6700918000071657,1,0.5853745839407646
10127.json,nathan-deal,mostly-true,0,speaker_disjoint_split,1,0.6279175656031227,1,0.4966803307898383
13209.json,donald-trump,barely-true,1,speaker_disjoint_split,0,0.4883157476893628,1,0.5161230268389938
6695.json,democratic-congressional-campaign-committee,false,1,speaker_disjoint_split,0,0.4904657108494388,1,0.5138382857961004
12786.json,bill-clinton,half-true,0,speaker_disjoint_split,0,0.3151430901308997,0,0.3046086635461478
12196.json,john-kasich,mostly-true,0,speaker_disjoint_split,1,0.6275576266460058,1,0.537947142581628
12121.json,donald-trump,pants-fire,1,speaker_disjoint_split,0,0.29547072613503533,0,0.2872789592569037
8630.json,scott-walker,mostly-true,0,speaker_disjoint_split,1,0.630030330428757,1,0.5426861807263857
12050.json,donald-trump,false,1,speaker_disjoint_split,1,0.8063373603071626,1,0.7795258487399774
1846.json,glenn-beck,mostly-true,0,speaker_disjoint_split,0,0.31357573708073166,0,0.3136983113103291
6655.json,charlie-crist,half-true,0,speaker_disjoint_split,0,0.468121600558728,0,0.4865617184821231
1730.json,bill-oreilly,pants-fire,1,speaker_disjoint_split,1,0.6633019928479432,1,0.5733930441697269
2899.json,jeff-fitzgerald,barely-true,1,speaker_disjoint_split,1,0.6506365310279485,1,0.6363554776424953
10059.json,charlie-crist,mostly-true,0,speaker_disjoint_split,1,0.7498009151453564,1,0.6989109217060269
12450.json,pat-mccrory,barely-true,1,speaker_disjoint_split,1,0.648907509523581,1,0.5519330751904482
5869.json,saxby-chambliss,half-true,0,speaker_disjoint_split,1,0.6109097545743207,1,0.5034699357036496
1601.json,karl-rove,false,1,speaker_disjoint_split,1,0.7534870132779856,1,0.6038513238581981
7743.json,ken-cuccinelli,false,1,speaker_disjoint_split,0,0.520128484116568,1,0.5014193787142363
12995.json,donald-trump,barely-true,1,speaker_disjoint_split,1,0.571415654864258,1,0.5089797526015708
8636.json,debra-medina,true,0,speaker_disjoint_split,0,0.2413701167746214,0,0.16834166491169905
483.json,john-mccain,mostly-true,0,speaker_disjoint_split,1,0.543426902848721,0,0.459961868008165
1212.json,michael-steele,true,0,speaker_disjoint_split,1,0.669330007766536,1,0.6079451723845214
3264.json,lloyd-doggett,mostly-true,0,speaker_disjoint_split,0,0.35866287619630455,0,0.36439705481119883
11330.json,donald-trump,mostly-true,0,speaker_disjoint_split,0,0.3769162326094872,0,0.3765576061546907
12595.json,donald-trump,false,1,speaker_disjoint_split,1,0.7131150661606065,1,0.6151508197699518
9102.json,chris-chocola,half-true,0,speaker_disjoint_split,0,0.5073645297867672,0,0.36027979974236063
6299.json,scott-walker,false,1,speaker_disjoint_split,1,0.8531611378651082,1,0.7480864137824027
4210.json,joshua-henne,false,1,speaker_disjoint_split,0,0.32799184680519616,0,0.2587757699495802
6643.json,bill-clinton,mostly-true,0,speaker_disjoint_split,0,0.36083604275791703,0,0.35022820674701616
4918.json,ron-paul,barely-true,1,speaker_disjoint_split,0,0.4765390650999682,0,0.4635010532044573
5041.json,steve-lonegan,false,1,speaker_disjoint_split,0,0.45072101141760984,0,0.357136509206932
7508.json,ed-fallone,mostly-true,0,speaker_disjoint_split,1,0.575994334232671,1,0.5171536293909005
9366.json,valarie-wilson,half-true,0,speaker_disjoint_split,1,0.567964471550756,1,0.5199003960167256
7462.json,ken-cuccinelli,true,0,speaker_disjoint_split,1,0.6260655408669861,1,0.5672061379233858
4791.json,debbie-wasserman-schultz,half-true,0,speaker_disjoint_split,0,0.43736770454961693,0,0.4282184608110044
813.json,john-mccain,false,1,speaker_disjoint_split,1,0.7501686577539427,1,0.6318500522094892
12760.json,donald-trump,mostly-true,0,speaker_disjoint_split,1,0.5647024010168269,1,0.5065696349280409
4511.json,john-sherman,false,1,speaker_disjoint_split,0,0.4625397019622189,0,0.398578373804369
11598.json,donald-trump,half-true,0,speaker_disjoint_split,1,0.6204335860105515,1,0.5745909608547282
528.json,john-mccain,true,0,speaker_disjoint_split,1,0.7234799691437701,1,0.5953960184765406
13450.json,donald-trump,false,1,speaker_disjoint_split,0,0.4997277465601519,0,0.43599951380296187
121.json,john-mccain,false,1,speaker_disjoint_split,0,0.41409358028735643,0,0.4048094138167793
19.json,joe-biden,pants-fire,1,speaker_disjoint_split,1,0.6684276626878933,1,0.5510336899130176
801.json,john-mccain,half-true,0,speaker_disjoint_split,0,0.41085009540047795,0,0.37844354557973753
6365.json,democratic-congressional-campaign-committee,pants-fire,1,speaker_disjoint_split,1,0.6299475713246021,1,0.5722357046626768
8177.json,blog-posting,pants-fire,1,speaker_disjoint_split,1,0.9289772314845134,1,0.9109385889217382
7469.json,carol-shea-porter,half-true,0,speaker_disjoint_split,0,0.38918696710132894,0,0.28328770302335743
9617.json,charlie-crist,mostly-true,0,speaker_disjoint_split,0,0.41185254188299597,0,0.3476399994434489
10537.json,trebor-banstetter,true,0,speaker_disjoint_split,1,0.5856982140756527,1,0.5715964102679746
4925.json,rob-cornilles,half-true,0,speaker_disjoint_split,0,0.5132378421161394,1,0.5541987410773194
2642.json,charlie-crist,barely-true,1,speaker_disjoint_split,0,0.504646905995076,0,0.43617667929723564
8905.json,charlie-crist,false,1,speaker_disjoint_split,1,0.7240412550411374,1,0.6397670468686606
12031.json,john-kasich,barely-true,1,speaker_disjoint_split,0,0.42633337714639613,0,0.3975847809268835
1318.json,glenn-beck,pants-fire,1,speaker_disjoint_split,1,0.7295793528235762,1,0.6711607317903187
9236.json,scott-walker,mostly-true,0,speaker_disjoint_split,0,0.285654751672616,0,0.3439538884911659
8201.json,national-republican-congressional-committee,barely-true,1,speaker_disjoint_split,1,0.8824025636200828,1,0.7735100799171624
13052.json,donald-trump,true,0,speaker_disjoint_split,1,0.533519657168951,0,0.4622014229124481
6440.json,tomorrows-vision-florida,false,1,speaker_disjoint_split,0,0.5133921133301165,0,0.44124654124221036
633.json,jerome-corsi,false,1,speaker_disjoint_split,1,0.5782450491982917,1,0.5551062815542946
510.json,republican-party-florida,pants-fire,1,speaker_disjoint_split,1,0.8813553808787195,1,0.773745011809812
12752.json,donald-trump,mostly-true,0,speaker_disjoint_split,0,0.2736845225699826,0,0.34361840153328277
3984.json,jon-huntsman,true,0,speaker_disjoint_split,0,0.37031415847276206,0,0.30077307982086593
1825.json,michael-steele,true,0,speaker_disjoint_split,0,0.3968541776186428,0,0.3287606960088441
11864.json,john-kasich,false,1,speaker_disjoint_split,0,0.3611937581423816,0,0.347451743520072
278.json,john-mccain,false,1,speaker_disjoint_split,1,0.6605486304037826,1,0.5540931897317721
401.json,campaign-defend-america,true,0,speaker_disjoint_split,1,0.727683773864841,1,0.563315593154033
11096.json,donald-trump,false,1,speaker_disjoint_split,0,0.5017058434428732,1,0.526690403773033
5209.json,rob-cornilles,half-true,0,speaker_disjoint_split,1,0.647314216504397,1,0.6537006121941459
9524.json,state-democratic-party-wisconsin,pants-fire,1,speaker_disjoint_split,1,0.6851969574201318,1,0.6347377315000907
9198.json,marsha-blackburn,half-true,0,speaker_disjoint_split,1,0.5863268578271632,0,0.4731388615648257
12169.json,chris-sgro,mostly-true,0,speaker_disjoint_split,1,0.6137966154273278,0,0.4688338949279196
12996.json,donald-trump,pants-fire,1,speaker_disjoint_split,0,0.3228948134842282,0,0.3290555602308986
10064.json,republican-party-florida,false,1,speaker_disjoint_split,1,0.6086920095654013,1,0.5276253087452906
4161.json,cliff-stearns,mostly-true,0,speaker_disjoint_split,0,0.42300098246980367,0,0.3998645924018033
2646.json,democratic-congressional-campaign-committee,half-true,0,speaker_disjoint_split,0,0.31589837169332563,0,0.3424897594052194
12381.json,mamie-locke,true,0,speaker_disjoint_split,0,0.35085897783901326,0,0.3363146966513297
10055.json,jeanne-shaheen,mostly-true,0,speaker_disjoint_split,1,0.8813426020943138,1,0.763588272344811
13251.json,donald-trump,pants-fire,1,speaker_disjoint_split,0,0.4370653773168701,0,0.42249289901910025
6239.json,robert-menendez,barely-true,1,speaker_disjoint_split,0,0.5269325973448794,0,0.462213674202318
9612.json,republican-party-florida,half-true,0,speaker_disjoint_split,1,0.5551496512879616,0,0.4887137554874973
1087.json,joe-biden,mostly-true,0,speaker_disjoint_split,0,0.33398478119552855,0,0.3106096018868173
267.json,bill-richardson,true,0,speaker_disjoint_split,1,0.6033353771179364,1,0.5798806280675813
4272.json,lloyd-doggett,true,0,speaker_disjoint_split,0,0.20820639148796974,0,0.16680190193670205
2357.json,scott-walker,false,1,speaker_disjoint_split,1,0.752710332491409,1,0.6434791793005735
12541.json,donald-trump,barely-true,1,speaker_disjoint_split,1,0.6455334246929766,1,0.6047078669817116
2854.json,carole-smith,pants-fire,1,speaker_disjoint_split,0,0.44427834226643087,0,0.42011110943074187
2072.json,david-cicilline,true,0,speaker_disjoint_split,0,0.23617265334069046,0,0.20265313896784162
1420.json,debra-medina,mostly-true,0,speaker_disjoint_split,1,0.5700564891090341,1,0.5339406408784387
6370.json,julian-castro,true,0,speaker_disjoint_split,0,0.34767079844458326,0,0.394459097597583
10163.json,james-carr,true,0,speaker_disjoint_split,0,0.4661198615468236,0,0.43543378148992457
2796.json,safe-routes-schools,false,1,speaker_disjoint_split,0,0.46158756845792165,1,0.5511596641597742
2679.json,charlie-crist,true,0,speaker_disjoint_split,0,0.48942108211049384,0,0.43062345590927714
10040.json,bill-oreilly,half-true,0,speaker_disjoint_split,1,0.6504871142370279,1,0.5708788610534761
8667.json,bob-schieffer,true,0,speaker_disjoint_split,0,0.3554956691673982,0,0.25643643211611483
9746.json,mark-emmert,half-true,0,speaker_disjoint_split,0,0.28147233774816516,0,0.23497612256629935
4698.json,americans-prosperity-new-jersey,false,1,speaker_disjoint_split,1,0.54027392787179,0,0.4768710709350034
2585.json,christine-odonnell,barely-true,1,speaker_disjoint_split,1,0.6187109629963256,1,0.5077136348158533
6026.json,scott-walker,half-true,0,speaker_disjoint_split,0,0.5019197557923817,0,0.4835057491697135
13056.json,national-republican-congressional-committee,true,0,speaker_disjoint_split,1,0.5440118704349637,1,0.48970968251688224
1103.json,glenn-beck,pants-fire,1,speaker_disjoint_split,1,0.7127311893042038,1,0.6690739742283742
4105.json,shelly-moore,pants-fire,1,speaker_disjoint_split,1,0.7819514463184286,1,0.8466983832760686
8533.json,frank-fahrenkopf,barely-true,1,speaker_disjoint_split,0,0.34066447702488895,0,0.29505445791908896
13125.json,donald-trump,barely-true,1,speaker_disjoint_split,1,0.7063048637749154,1,0.6559307037540558
3107.json,dean-cannon,true,0,speaker_disjoint_split,0,0.27186970352740847,0,0.144186796371971
6765.json,joaquin-castro,true,0,speaker_disjoint_split,0,0.4574173428096296,0,0.4729866530654055
4243.json,jon-huntsman,mostly-true,0,speaker_disjoint_split,0,0.47004076126740585,0,0.4445631437606772
7818.json,carolyn-tomei,mostly-true,0,speaker_disjoint_split,1,0.6069130923860733,1,0.4932264233391977
10871.json,gina-hinojosa,half-true,0,speaker_disjoint_split,0,0.3709591693682023,0,0.3559072357328534
11324.json,dale-kooyenga,mostly-true,0,speaker_disjoint_split,0,0.43969892314819453,0,0.3018987837207234
3637.json,donald-trump,mostly-true,0,speaker_disjoint_split,0,0.3676243572666769,0,0.43838898972310525
6060.json,jeanne-shaheen,barely-true,1,speaker_disjoint_split,0,0.36104841704737345,0,0.36207948194343553
603.json,john-mccain,false,1,speaker_disjoint_split,1,0.6147257958649596,1,0.5633232473165071
11545.json,bernie-s,mostly-true,0,speaker_disjoint_split,0,0.4146815491221397,0,0.41405158822191646
6684.json,its-still-bad-idea,pants-fire,1,speaker_disjoint_split,0,0.3775699984790056,0,0.39410916576476196
11711.json,donald-trump,true,0,speaker_disjoint_split,0,0.43781436036030075,0,0.4628635922230574
8869.json,scott-surovell,mostly-true,0,speaker_disjoint_split,1,0.5601907508352801,0,0.4755549542000997
8320.json,charlie-crist,mostly-true,0,speaker_disjoint_split,1,0.5804191166288332,1,0.5654159491274108
5505.json,lenny-curry,true,0,speaker_disjoint_split,1,0.6007296126200958,0,0.4833041378693191
11778.json,donald-trump,barely-true,1,speaker_disjoint_split,0,0.262666131875095,0,0.36421513005932693
1251.json,jay-rockefeller,true,0,speaker_disjoint_split,0,0.5013217643178952,0,0.45088233032342295
6112.json,jeff-merkley,mostly-true,0,speaker_disjoint_split,0,0.28168022550029675,0,0.2405071059378004
2652.json,kathie-glass,pants-fire,1,speaker_disjoint_split,0,0.3794155284761759,0,0.45388679582154867
11764.json,state-democratic-party-wisconsin,pants-fire,1,speaker_disjoint_split,0,0.4633073726771094,0,0.43098856700146987
7692.json,dan-patrick,mostly-true,0,speaker_disjoint_split,0,0.2697622323574425,0,0.3487025765842799
11185.json,carly-fiorina,barely-true,1,speaker_disjoint_split,0,0.4972839540705416,0,0.4526550913937353
2412.json,republican-party-florida,false,1,speaker_disjoint_split,1,0.5922179335706788,0,0.4883838591143194
592.json,john-mccain,barely-true,1,speaker_disjoint_split,1,0.5831705140911647,0,0.4733381573754858
12745.json,donald-trump,half-true,0,speaker_disjoint_split,0,0.4637104785702599,0,0.42821911120639755
2547.json,lloyd-doggett,true,0,speaker_disjoint_split,1,0.6356452785304073,1,0.5480066572077118
6386.json,democratic-congressional-campaign-committee,barely-true,1,speaker_disjoint_split,1,0.5387725338724486,1,0.5274091871405212
4708.json,nina-turner,true,0,speaker_disjoint_split,0,0.3892954803754477,0,0.33815755951389537
12167.json,bernie-s,barely-true,1,speaker_disjoint_split,1,0.6690131207224901,1,0.6213783728243372
2876.json,john-kasich,mostly-true,0,speaker_disjoint_split,0,0.3466522993901796,0,0.33223321864686006
12943.json,donald-trump,half-true,0,speaker_disjoint_split,1,0.7489272325525352,1,0.6618861093544428
2777.json,michael-bloomberg,mostly-true,0,speaker_disjoint_split,0,0.30279240434913024,0,0.3155077228676947
7758.json,bill-richardson,mostly-true,0,speaker_disjoint_split,1,0.6207236592138008,1,0.5519556216980257
11796.json,donald-trump,half-true,0,speaker_disjoint_split,0,0.5301037957071054,0,0.44985337690845045
10208.json,anna-kooiman,barely-true,1,speaker_disjoint_split,1,0.7949114104185292,1,0.7169054041885328
805.json,john-mccain,mostly-true,0,speaker_disjoint_split,1,0.699440361960049,1,0.6257585416996526
7461.json,arne-duncan,barely-true,1,speaker_disjoint_split,1,0.6184205422107399,0,0.48464461134629094
3575.json,scott-walker,true,0,speaker_disjoint_split,1,0.8211863975314861,1,0.7751960611017314
384.json,votevetsorg,true,0,speaker_disjoint_split,0,0.41936707865248896,0,0.35378520199065305
729.json,john-mccain,half-true,0,speaker_disjoint_split,1,0.7717126933929752,1,0.7015298290452301
656.json,joe-biden,mostly-true,0,speaker_disjoint_split,0,0.4379194414631568,0,0.3221036721286704
6010.json,lenny-curry,half-true,0,speaker_disjoint_split,0,0.3192612664942093,0,0.22246784715795237
727.json,john-mccain,mostly-true,0,speaker_disjoint_split,1,0.5958130371062696,1,0.5147120216465497
6262.json,democratic-congressional-campaign-committee,pants-fire,1,speaker_disjoint_split,1,0.6264962645888543,1,0.5568989433867879
12084.json,donald-trump,true,0,speaker_disjoint_split,0,0.4992869900583599,0,0.4169360100648673
12461.json,blog-posting,true,0,speaker_disjoint_split,1,0.6082442749929496,1,0.6374369497085638
11910.json,ben-carson,pants-fire,1,speaker_disjoint_split,0,0.47043119452729626,0,0.46090601390268304
10175.json,scott-walker,mostly-true,0,speaker_disjoint_split,0,0.2523288115524759,0,0.3008689566200152
1881.json,thomas-melsheimer,barely-true,1,speaker_disjoint_split,1,0.5532074890738152,0,0.4729913638539434
5536.json,stephen-sweeney,half-true,0,speaker_disjoint_split,1,0.6199789881827208,1,0.5711712598267558
12787.json,donald-trump,half-true,0,speaker_disjoint_split,0,0.4185589702111599,0,0.34312608997084776
2442.json,delia-lopez,pants-fire,1,speaker_disjoint_split,1,0.6835315924884554,1,0.6574417570711949
2983.json,sam-adams,true,0,speaker_disjoint_split,0,0.5103357333009363,0,0.44127377074887897
6577.json,scott-walker,half-true,0,speaker_disjoint_split,0,0.27853127269229067,0,0.2875065727621166
4711.json,lloyd-doggett,mostly-true,0,speaker_disjoint_split,0,0.42302078856425307,0,0.3557496386502341
11865.json,adrian-garcia,barely-true,1,speaker_disjoint_split,0,0.49631667539709656,0,0.4376298533710158
3021.json,david-wyss,true,0,speaker_disjoint_split,1,0.6669180722697982,1,0.6126106098409091
5272.json,ron-paul,half-true,0,speaker_disjoint_split,0,0.49152128688073976,0,0.47824283795534894
3991.json,scott-walker,half-true,0,speaker_disjoint_split,0,0.3843159676506484,0,0.37686707121502233
6290.json,ohio-republican-party,half-true,0,speaker_disjoint_split,1,0.6971124032327162,1,0.6983080641113066
1394.json,texas-democratic-party,false,1,speaker_disjoint_split,0,0.43458074791228707,0,0.48596374086496996
1052.json,john-mccain,true,0,speaker_disjoint_split,1,0.7681736685514478,1,0.6065572886735127
3700.json,stephen-ucci,false,1,speaker_disjoint_split,0,0.46646151572670475,0,0.4161262179468982
1999.json,charlie-crist,true,0,speaker_disjoint_split,0,0.48018020568392084,0,0.3386863450719174
9683.json,peter-lavelle,pants-fire,1,speaker_disjoint_split,1,0.725784065714465,1,0.7568701433853384
2626.json,edwin-pacheco,false,1,speaker_disjoint_split,0,0.5086564168033197,1,0.5318552152893015
2814.json,john-kasich,half-true,0,speaker_disjoint_split,0,0.26167514195795905,0,0.2312457805694958
12448.json,donald-trump,barely-true,1,speaker_disjoint_split,1,0.6234323166528282,1,0.5834674176406494
8701.json,state-democratic-party-wisconsin,false,1,speaker_disjoint_split,1,0.5899787309610216,1,0.5958838948181282
2371.json,john-mccain,barely-true,1,speaker_disjoint_split,1,0.7245352800107996,1,0.693793175383929
12065.json,donald-trump,true,0,speaker_disjoint_split,0,0.41918307982680214,0,0.4193541112280059
13305.json,donald-trump,true,0,speaker_disjoint_split,1,0.5984518260521708,1,0.5281015829518173
2428.json,republican-governors-association,half-true,0,speaker_disjoint_split,1,0.5377984141279205,0,0.44480777587294923
4425.json,john-kasich,barely-true,1,speaker_disjoint_split,0,0.301473899306299,0,0.36281817291923585
5551.json,dennis-richardson,half-true,0,speaker_disjoint_split,0,0.48502488534524163,0,0.44202295331964414
757.json,john-mccain,half-true,0,speaker_disjoint_split,0,0.5047673620385486,1,0.49486367338715204
2284.json,glenn-beck,pants-fire,1,speaker_disjoint_split,1,0.7424725964673825,1,0.6837915379268867
12650.json,donald-trump,barely-true,1,speaker_disjoint_split,0,0.3970933692831977,0,0.4368712316211631
643.json,joe-biden,half-true,0,speaker_disjoint_split,0,0.272339004694106,0,0.2540334556896464
11562.json,donald-trump,pants-fire,1,speaker_disjoint_split,1,0.6272268627380665,1,0.6020518975966217
12098.json,john-kasich,mostly-true,0,speaker_disjoint_split,1,0.5969007422014675,1,0.5120189559696218
1480.json,glenn-beck,barely-true,1,speaker_disjoint_split,0,0.3934739848432624,0,0.3905494150143526
10517.json,nathan-deal,half-true,0,speaker_disjoint_split,0,0.09935684968720933,0,0.15919102140411048
531.json,john-mccain,mostly-true,0,speaker_disjoint_split,0,0.36405950970610934,0,0.3341169721548412
126.json,joe-biden,mostly-true,0,speaker_disjoint_split,1,0.7123009456517984,1,0.578997653227562
526.json,john-mccain,barely-true,1,speaker_disjoint_split,0,0.3727144296246769,0,0.32867914427972306
3.json,bill-richardson,mostly-true,0,speaker_disjoint_split,1,0.5348171701139064,1,0.5081497135331908
1150.json,orrin-hatch,half-true,0,speaker_disjoint_split,1,0.5398872803904892,0,0.4830904659859985
4289.json,sam-adams,half-true,0,speaker_disjoint_split,0,0.34867188272469424,0,0.3233458633195848
4383.json,dennis-richardson,false,1,speaker_disjoint_split,1,0.5979924603975728,1,0.5254223546642062
2643.json,scott-walker,false,1,speaker_disjoint_split,1,0.6028336177594463,1,0.6306604096240224
13236.json,tim-kaine,barely-true,1,speaker_disjoint_split,0,0.48016034854466255,0,0.4390151743468174
1894.json,donna-brazile,half-true,0,speaker_disjoint_split,0,0.34821839649928277,0,0.34004774827550605
792.json,john-mccain,half-true,0,speaker_disjoint_split,1,0.666772115378855,1,0.6280137335642821
12929.json,julian-castro,true,0,speaker_disjoint_split,0,0.49147619532331277,0,0.47945203877514214
12791.json,democratic-congressional-campaign-committee,barely-true,1,speaker_disjoint_split,1,0.6487457473293894,1,0.4897388013080965
10283.json,bernie-s,mostly-true,0,speaker_disjoint_split,0,0.23678877133864337,0,0.3042869143508877
2165.json,sam-olens,half-true,0,speaker_disjoint_split,1,0.8045789605117841,1,0.6751058642542647
6455.json,warren-kampf,mostly-true,0,speaker_disjoint_split,0,0.43003832603735476,0,0.47040255942721465
211.json,john-mccain,true,0,speaker_disjoint_split,1,0.6181546994050312,1,0.5041091115840833
7676.json,michael-chippendale,barely-true,1,speaker_disjoint_split,1,0.5926905809570311,1,0.5865800921923199
2443.json,john-kasich,half-true,0,speaker_disjoint_split,0,0.3544363348475042,0,0.3051772261282395
12284.json,bernie-s,mostly-true,0,speaker_disjoint_split,0,0.42558403062925404,0,0.43858071393160414
3414.json,bernie-s,false,1,speaker_disjoint_split,1,0.5536037008242677,0,0.46833044316270767
1450.json,debra-medina,half-true,0,speaker_disjoint_split,1,0.6479014728092756,1,0.5789930999169514
2894.json,glenn-beck,pants-fire,1,speaker_disjoint_split,1,0.6798903569623325,1,0.6290254648775017
9301.json,blog-posting,pants-fire,1,speaker_disjoint_split,1,0.6762040284948381,1,0.720468227286175
5486.json,silvestre-reyes,half-true,0,speaker_disjoint_split,1,0.6263878493295092,1,0.5737121900085793
13227.json,donald-trump,false,1,speaker_disjoint_split,1,0.7227587852175091,1,0.6807881125138884
2603.json,hank-gilbert,false,1,speaker_disjoint_split,1,0.5470019633744846,0,0.38623120995555377
788.json,john-mccain,mostly-true,0,speaker_disjoint_split,1,0.5599639315138524,1,0.5425828487774633
605.json,john-mccain,false,1,speaker_disjoint_split,0,0.39832086636280023,0,0.3461134404646305
13186.json,tim-kaine,half-true,0,speaker_disjoint_split,1,0.5602206806397485,0,0.459948125699347
3037.json,tim-kaine,half-true,0,speaker_disjoint_split,0,0.48042646966862507,0,0.4856693766738363
207.json,john-mccain,true,0,speaker_disjoint_split,0,0.4906282484803015,0,0.4883733001854143
10069.json,debbie-wasserman-schultz,false,1,speaker_disjoint_split,1,0.5473677884198067,0,0.4884720756048529
13486.json,rush-limbaugh,half-true,0,speaker_disjoint_split,1,0.7768036849743694,1,0.7377519016090266
10633.json,glenn-beck,false,1,speaker_disjoint_split,1,0.71843198080258,1,0.6888908482655266
10883.json,rebecca-quigley,false,1,speaker_disjoint_split,0,0.45151018944269394,0,0.35263898718130277
11307.json,donald-trump,barely-true,1,speaker_disjoint_split,0,0.443583635381987,0,0.4605898138423418
4175.json,debbie-wasserman-schultz,half-true,0,speaker_disjoint_split,0,0.4043108850973988,0,0.4006185102816737
3987.json,democratic-congressional-campaign-committee,mostly-true,0,speaker_disjoint_split,1,0.5358564756741964,0,0.4734082319701816
12834.json,donald-trump,false,1,speaker_disjoint_split,1,0.665070896777101,1,0.6585663782761043
386.json,john-mccain,mostly-true,0,speaker_disjoint_split,1,0.5670642308196521,1,0.5224303714534758
446.json,focus-family-action,barely-true,1,speaker_disjoint_split,1,0.7447048310250716,1,0.6469736324460504
10271.json,keisha-lance-bottoms,mostly-true,0,speaker_disjoint_split,1,0.5786994208555692,1,0.5159914364217084
317.json,bill-clinton,true,0,speaker_disjoint_split,0,0.30517950821843637,0,0.33850600629090627
5450.json,ron-paul,half-true,0,speaker_disjoint_split,1,0.5834334819788138,0,0.4729613025014099
3740.json,tim-kaine,half-true,0,speaker_disjoint_split,0,0.12045754552401668,0,0.2012883161935565
10543.json,scott-walker,false,1,speaker_disjoint_split,1,0.649375238067787,1,0.606970473874986
7904.json,scott-walker,barely-true,1,speaker_disjoint_split,0,0.45429460840635527,0,0.46453666851213027
12805.json,joe-biden,mostly-true,0,speaker_disjoint_split,0,0.46745115740773546,0,0.3790794363644993
9771.json,nextgen-climate,half-true,0,speaker_disjoint_split,0,0.525310088040958,1,0.5046997612872208
2394.json,republican-governors-association,half-true,0,speaker_disjoint_split,1,0.8162294621845919,1,0.612187077584781
3541.json,armond-budish,half-true,0,speaker_disjoint_split,0,0.41779085796941345,0,0.3836441164370295
12187.json,rick-scotts-starbucks-heckler,half-true,0,speaker_disjoint_split,1,0.8033918601297841,1,0.737374277932795
6325.json,michael-bloomberg,half-true,0,speaker_disjoint_split,0,0.4770106625476658,0,0.4642699165852439
12855.json,richard-durbin,true,0,speaker_disjoint_split,0,0.22516073111544255,0,0.10194338696212153
11726.json,dan-patrick,barely-true,1,speaker_disjoint_split,0,0.20169166168471775,0,0.22160483326462935
699.json,john-mccain,half-true,0,speaker_disjoint_split,1,0.836368453423115,1,0.7383361754005381
10041.json,dan-patrick,half-true,0,speaker_disjoint_split,1,0.7300343977538787,1,0.6259230091441842
4189.json,national-republican-congressional-committee,false,1,speaker_disjoint_split,1,0.7620454876429877,1,0.6874725878466356
1405.json,glenn-beck,barely-true,1,speaker_disjoint_split,0,0.07981859085829013,0,0.17395991684381498
6919.json,tim-kaine,barely-true,1,speaker_disjoint_split,0,0.5093091996664552,0,0.3748305443276477
9774.json,republican-party-florida,false,1,speaker_disjoint_split,1,0.6993435569969135,1,0.5682326549073643
2616.json,christine-odonnell,pants-fire,1,speaker_disjoint_split,1,0.5855200472248023,0,0.4759161350472158
1280.json,charlie-crist,barely-true,1,speaker_disjoint_split,0,0.41638944265227096,0,0.3776760477597927
6720.json,rob-zerban,false,1,speaker_disjoint_split,0,0.37657303666024194,0,0.33820399617762015
4442.json,ron-paul,half-true,0,speaker_disjoint_split,0,0.3975847627384923,0,0.3387752580554913
7111.json,sam-adams,barely-true,1,speaker_disjoint_split,0,0.30642059142351047,0,0.22148675120396846
9235.json,blog-posting,pants-fire,1,speaker_disjoint_split,1,0.665577113487994,1,0.690550856408309
1243.json,barney-bishop,false,1,speaker_disjoint_split,1,0.6024489207345439,1,0.5579818214635677
3369.json,sam-adams,half-true,0,speaker_disjoint_split,0,0.4328423878702771,0,0.2588851648683673
12952.json,donald-trump,barely-true,1,speaker_disjoint_split,1,0.640068358006574,1,0.6410608126635042
2187.json,michael-bloomberg,false,1,speaker_disjoint_split,0,0.4459632429412213,0,0.39627967702801375
2774.json,scott-walker,half-true,0,speaker_disjoint_split,1,0.6861587159018089,1,0.6290592577611916
6555.json,teresa-fedor,true,0,speaker_disjoint_split,1,0.6285534014402983,1,0.599768837241429
5710.json,joe-biden,false,1,speaker_disjoint_split,0,0.2891045568347755,0,0.29494775736025675
12537.json,donald-trump,false,1,speaker_disjoint_split,1,0.6381408860630509,1,0.5141841954981908
4841.json,eileen-brady,mostly-true,0,speaker_disjoint_split,1,0.7261071488268832,1,0.6443620686422217
13512.json,blog-posting,pants-fire,1,speaker_disjoint_split,1,0.6223709452664328,1,0.655965294563111
7329.json,mayors-against-illegal-guns,half-true,0,speaker_disjoint_split,0,0.32860618731745883,0,0.2923959341070108
13385.json,donald-trump,mostly-true,0,speaker_disjoint_split,0,0.49824256547196255,1,0.4909855281901667
9937.json,jeanne-shaheen,mostly-true,0,speaker_disjoint_split,1,0.622922382992506,1,0.5900753729597704
5124.json,restore-our-future,pants-fire,1,speaker_disjoint_split,1,0.5525790205242277,0,0.4827729859986545
9437.json,scott-walker,half-true,0,speaker_disjoint_split,1,0.7258909187254681,1,0.6327124471081141
235.json,john-mccain,true,0,speaker_disjoint_split,0,0.490293597011692,1,0.5838546536943532
9489.json,scott-walker,false,1,speaker_disjoint_split,1,0.5469247439423336,1,0.4987102829107021
5836.json,mary-nolan,half-true,0,speaker_disjoint_split,1,0.7665419711519522,1,0.6443789452469317
13324.json,donald-trump,mostly-true,0,speaker_disjoint_split,1,0.558407940493192,1,0.5376515280212601
5230.json,nathan-deal,true,0,speaker_disjoint_split,0,0.30822243064640137,0,0.28044470478524536
6900.json,karen-huber,half-true,0,speaker_disjoint_split,1,0.7159617765783645,1,0.7072837035708793
10524.json,lloyd-doggett,true,0,speaker_disjoint_split,1,0.5904001463542713,0,0.4728878717047307
12599.json,thomas-perez,true,0,speaker_disjoint_split,0,0.4174786406689595,0,0.35147951955687523
7084.json,dan-patrick,true,0,speaker_disjoint_split,0,0.3401891639734994,0,0.401063925792971
9323.json,julian-castro,true,0,speaker_disjoint_split,1,0.6877426013414066,1,0.5815190128690579
7607.json,john-kasich,pants-fire,1,speaker_disjoint_split,0,0.3869689649626859,0,0.3639424421412247
1061.json,lynn-westmoreland,barely-true,1,speaker_disjoint_split,0,0.2958788490110063,0,0.2669612928670989
12321.json,pat-mccrory,true,0,speaker_disjoint_split,0,0.3142640890529678,0,0.31038869604171976
12546.json,blog-posting,false,1,speaker_disjoint_split,1,0.5873454482159367,1,0.6796700819837114
2877.json,scott-walker,false,1,speaker_disjoint_split,1,0.9239956370469761,1,0.8104830769292377
3885.json,new-jersey-sierra-club,half-true,0,speaker_disjoint_split,0,0.36075462972985195,0,0.34780070070497565
11150.json,centers-disease-control,true,0,speaker_disjoint_split,0,0.5312422412905833,1,0.5180378402546804
2316.json,charlie-crist,mostly-true,0,speaker_disjoint_split,0,0.19726432498138483,0,0.17005867385524223
1497.json,eve-schatelowitz-alcantar,false,1,speaker_disjoint_split,1,0.5941836930726722,1,0.5609556121530839
4543.json,bill-oreilly,barely-true,1,speaker_disjoint_split,1,0.6931788621789398,1,0.6093402612931315
5091.json,jon-huntsman,false,1,speaker_disjoint_split,1,0.8216602368245205,1,0.6685684896600627
4212.json,john-kasich,true,0,speaker_disjoint_split,0,0.4873212692425047,0,0.4857864828769126
1623.json,charlie-crist,true,0,speaker_disjoint_split,0,0.46151269287400337,0,0.38416337180631327
11802.json,bernie-s,mostly-true,0,speaker_disjoint_split,1,0.7344634423824042,1,0.6581781101269625
2581.json,julie-lassa,barely-true,1,speaker_disjoint_split,1,0.6150754674286811,1,0.5656767637401117
12179.json,blog-posting,pants-fire,1,speaker_disjoint_split,1,0.7061573383311026,1,0.7672787645958903
9364.json,angel-taveras,barely-true,1,speaker_disjoint_split,0,0.43800699783444036,0,0.3407144774000329
544.json,joe-biden,barely-true,1,speaker_disjoint_split,0,0.3739141172565663,0,0.3195966952109867
3679.json,john-kasich,false,1,speaker_disjoint_split,1,0.654088583903271,1,0.5722707458640175
1184.json,charles-boustany,barely-true,1,speaker_disjoint_split,1,0.5598320178184507,1,0.5338278688678536
13214.json,oxfam-america,mostly-true,0,speaker_disjoint_split,0,0.37279037159658135,0,0.3705975188875981
7268.json,scott-walker,mostly-true,0,speaker_disjoint_split,0,0.28329077945511394,0,0.33066897288057884
2252.json,tim-kaine,half-true,0,speaker_disjoint_split,1,0.580308713512659,1,0.5374122748551143
3029.json,scott-walker,mostly-true,0,speaker_disjoint_split,0,0.4325967376162434,0,0.3878296361353517
3710.json,nathan-deal,true,0,speaker_disjoint_split,0,0.2079500759260146,0,0.2560086130348677
13409.json,donald-trump,barely-true,1,speaker_disjoint_split,0,0.3832702059511921,0,0.38145847220838447
4568.json,new-jersey-democratic-state-committee,barely-true,1,speaker_disjoint_split,1,0.5649794082186752,1,0.5301788974315874
1849.json,john-oxendine,half-true,0,speaker_disjoint_split,0,0.3213992411437963,0,0.18161112760901507
10739.json,karl-rove,mostly-true,0,speaker_disjoint_split,0,0.5269139948112727,1,0.5117242006123212
13128.json,donald-trump,mostly-true,0,speaker_disjoint_split,1,0.5618908707179318,1,0.5715638679407631
7195.json,lenny-curry,barely-true,1,speaker_disjoint_split,1,0.6933907905748731,1,0.549346896206175
13047.json,donald-trump,half-true,0,speaker_disjoint_split,0,0.48549656730156693,1,0.49562627913928464
8352.json,blog-posting,pants-fire,1,speaker_disjoint_split,1,0.7456699976400094,1,0.7234841180556988
12749.json,donald-trump,half-true,0,speaker_disjoint_split,0,0.23075292052936125,0,0.26348866339580307
12011.json,donald-trump,half-true,0,speaker_disjoint_split,1,0.683243241367154,1,0.7227924754229332
13490.json,don-beyer,false,1,speaker_disjoint_split,0,0.17977374486246314,0,0.1531938949057085
180.json,bill-richardson,false,1,speaker_disjoint_split,0,0.38450666484598184,0,0.36783521114826606
12368.json,donald-trump,barely-true,1,speaker_disjoint_split,0,0.5316879346760998,1,0.4962256773745144
5788.json,frank-wolf,true,0,speaker_disjoint_split,1,0.6138518114754808,1,0.61227021551395
3522.json,jason-haas,false,1,speaker_disjoint_split,1,0.6712241841129292,1,0.6548372354500707
10846.json,scott-walker,false,1,speaker_disjoint_split,0,0.4258236689913644,0,0.4036965810089839
700.json,john-mccain,true,0,speaker_disjoint_split,1,0.6212184378597201,1,0.5067539475226547
12214.json,bernie-s,mostly-true,0,speaker_disjoint_split,0,0.28135146842314834,0,0.3039555851745466
6922.json,lois-frankel,barely-true,1,speaker_disjoint_split,0,0.4331646871720095,0,0.45647501742336594
7416.json,david-plouffe,barely-true,1,speaker_disjoint_split,1,0.7111098787846079,1,0.6739772527464328
1262.json,glenn-beck,false,1,speaker_disjoint_split,1,0.5654314931522078,1,0.5247952769395512
1677.json,karen-sage,true,0,speaker_disjoint_split,0,0.3130147280424982,0,0.2889741688725938
13049.json,blog-posting,false,1,speaker_disjoint_split,1,0.538074865560122,1,0.6252770734853919
13423.json,donald-trump,false,1,speaker_disjoint_split,1,0.7129048101249085,1,0.621549883642007
3087.json,brian-moran,pants-fire,1,speaker_disjoint_split,1,0.5622039756836299,1,0.5707107339739388
3460.json,john-kasich,half-true,0,speaker_disjoint_split,1,0.5692293447587761,0,0.48056623428455325
9256.json,rush-limbaugh,false,1,speaker_disjoint_split,1,0.6420314188896024,1,0.6705147056314504
8104.json,don-lemon,mostly-true,0,speaker_disjoint_split,0,0.24559515579283403,0,0.2946365358130293
7970.json,todd-young,false,1,speaker_disjoint_split,0,0.49012097030217405,0,0.485324477460556
3257.json,dan-patrick,true,0,speaker_disjoint_split,0,0.46168323263382016,1,0.5003605375063136
70.json,ron-paul,mostly-true,0,speaker_disjoint_split,0,0.3853809526975453,0,0.3087198880459111
10140.json,john-carlevale,false,1,speaker_disjoint_split,0,0.5234637407813073,0,0.3880630920845714
8595.json,ken-cuccinelli,barely-true,1,speaker_disjoint_split,1,0.8554513040326581,1,0.8130974891937328
4885.json,joe-biden,mostly-true,0,speaker_disjoint_split,0,0.24978859908941145,0,0.28019462714755505
11917.json,john-mccain,true,0,speaker_disjoint_split,1,0.5954619215460885,1,0.5947408095590637
10978.json,don-beyer,true,0,speaker_disjoint_split,0,0.4167208108417474,0,0.37262491606924086
7164.json,john-kasich,true,0,speaker_disjoint_split,0,0.4333213064144114,0,0.45305784855966136
5251.json,blog-posting,mostly-true,0,speaker_disjoint_split,0,0.37054234579267675,0,0.47863749550032636
4689.json,jeb-hensarling,false,1,speaker_disjoint_split,0,0.3519592215010566,0,0.32649496543159223
9227.json,charlie-crist,barely-true,1,speaker_disjoint_split,1,0.5625114403610895,0,0.462378263784744
12927.json,joaquin-castro,mostly-true,0,speaker_disjoint_split,1,0.85957133544555,1,0.8656916126209754
340.json,john-mccain,true,0,speaker_disjoint_split,0,0.3156653476621863,0,0.2810691483360577
12924.json,gary-johnson,true,0,speaker_disjoint_split,0,0.37224919996061384,0,0.3171233183553633
13484.json,blog-posting,pants-fire,1,speaker_disjoint_split,0,0.5306311277480427,1,0.6255681761029478
11261.json,scott-walker,mostly-true,0,speaker_disjoint_split,1,0.54832684005032,1,0.5118529714696767
8285.json,bill-foster,barely-true,1,speaker_disjoint_split,0,0.4662134359079028,0,0.2556902398791825
9229.json,bob-cole,half-true,0,speaker_disjoint_split,1,0.5766208619172567,1,0.5256692354973547
8685.json,kathleen-sebelius,true,0,speaker_disjoint_split,0,0.16662981181002162,0,0.2599278917405037
9200.json,louie-gohmert,false,1,speaker_disjoint_split,1,0.7239822326903574,1,0.6085856768400479
2533.json,republican-party-florida,half-true,0,speaker_disjoint_split,1,0.5928946357633257,0,0.47130811588419963
9292.json,charlie-crist,half-true,0,speaker_disjoint_split,0,0.4133870942208744,0,0.358623421649208
631.json,jerome-corsi,pants-fire,1,speaker_disjoint_split,1,0.7579728309316862,1,0.7102541622183177
5074.json,john-kasich,mostly-true,0,speaker_disjoint_split,0,0.48493054099745914,1,0.4988642594377828
6795.json,bill-clinton,barely-true,1,speaker_disjoint_split,1,0.6236291963699468,1,0.5379247961114797
12511.json,donald-trump,false,1,speaker_disjoint_split,1,0.7250710842091914,1,0.6387870407818388
3186.json,john-kasich,barely-true,1,speaker_disjoint_split,1,0.6137170965546723,1,0.5320385828986663
