id,speaker,label,is_low_truth,setting,text_only_pred,text_only_score,text_plus_graph_pred,text_plus_graph_score
10540.json,scott-surovell,half-true,0,speaker_disjoint_split,0,0.4763210145764784,0,0.46431618080072856
1123.json,blog-posting,false,1,speaker_disjoint_split,1,0.6971196943351033,1,0.6959054668675774
9028.json,charlie-crist,half-true,0,speaker_disjoint_split,0,0.4541036126668812,0,0.4257228947081037
7115.json,robert-menendez,mostly-true,0,speaker_disjoint_split,0,0.3734082509181891,0,0.35135662770426845
4148.json,bernie-s,half-true,0,speaker_disjoint_split,0,0.3838856934367296,0,0.3465081328863539
10683.json,bernie-s,half-true,0,speaker_disjoint_split,0,0.2549047313357139,0,0.2746106577836332
3863.json,national-republican-congressional-committee,barely-true,1,speaker_disjoint_split,1,0.5345381302783594,1,0.5250505354599313
10173.json,dennis-richardson,false,1,speaker_disjoint_split,0,0.44824336052804775,0,0.3972942583811433
11092.json,pamela-geller,false,1,speaker_disjoint_split,0,0.37401079027286355,1,0.5069274338965557
12163.json,peter-kinder,mostly-true,0,speaker_disjoint_split,0,0.37784479953255656,0,0.4104608489384728
1038.json,north-korea,true,0,speaker_disjoint_split,0,0.42612609515153393,0,0.4070152204966035
5210.json,national-republican-congressional-committee,pants-fire,1,speaker_disjoint_split,1,0.5517132349713523,1,0.5805064198365977
11418.json,bernie-s,half-true,0,speaker_disjoint_split,0,0.37570779066689275,0,0.38554133913648303
13503.json,blog-posting,true,0,speaker_disjoint_split,1,0.5849476059954767,1,0.6298576580371403
8187.json,ken-cuccinelli,false,1,speaker_disjoint_split,1,0.574042740818783,1,0.5747538285012359
12981.json,donald-trump,barely-true,1,speaker_disjoint_split,0,0.4916640901406088,1,0.5572294792335296
812.json,john-mccain,false,1,speaker_disjoint_split,1,0.5235316606243631,0,0.45810677763584207
12056.json,donald-trump,false,1,speaker_disjoint_split,0,0.42885202383799303,0,0.4549043930516979
1738.json,alfredo-gutierrez,mostly-true,0,speaker_disjoint_split,1,0.5069744103847417,0,0.4794462031011979
3005.json,texas-veterans-commission,barely-true,1,speaker_disjoint_split,0,0.4432058531880159,0,0.4691421800641126
9165.json,republican-party-florida,false,1,speaker_disjoint_split,0,0.4626510110727975,1,0.5121722040501849
10053.json,jeanne-shaheen,true,0,speaker_disjoint_split,1,0.7023429097560759,1,0.6229434736088245
9613.json,susan-happ,half-true,0,speaker_disjoint_split,0,0.486313038450014,0,0.4175987073161071
8755.json,karl-rove,false,1,speaker_disjoint_split,0,0.453135552571282,0,0.49813084097011695
767.json,joe-biden,barely-true,1,speaker_disjoint_split,1,0.5480795929740153,0,0.4386562516228494
10263.json,jim-skaggs,false,1,speaker_disjoint_split,0,0.38692969946002553,0,0.3763802060504952
1969.json,john-mccain,false,1,speaker_disjoint_split,0,0.40059861565160076,0,0.4445876487729565
2020.json,ralph-hudgens,mostly-true,0,speaker_disjoint_split,0,0.48445936382347354,1,0.5518913506277386
7258.json,mark-shields,true,0,speaker_disjoint_split,0,0.35304022738780816,0,0.3055506196201929
13142.json,donald-trump,false,1,speaker_disjoint_split,1,0.5016503373187808,1,0.531468664374655
7467.json,scott-walker,mostly-true,0,speaker_disjoint_split,0,0.39310359185721894,0,0.4496220541527211
9492.json,donna-brazile,half-true,0,speaker_disjoint_split,1,0.5933239794269373,0,0.49674722643758573
4357.json,blog-posting,pants-fire,1,speaker_disjoint_split,1,0.5077690031946974,1,0.5681172196675505
162.json,joe-biden,pants-fire,1,speaker_disjoint_split,0,0.475403014853231,0,0.41491209373164367
8164.json,kathleen-sebelius,mostly-true,0,speaker_disjoint_split,0,0.40616152106335823,0,0.4475258703835451
9500.json,republican-party-florida,mostly-true,0,speaker_disjoint_split,0,0.40353957961402204,0,0.3989367348377481
7555.json,blog-posting,false,1,speaker_disjoint_split,1,0.6973094758835,1,0.7028274015696723
325.json,john-mccain,mostly-true,0,speaker_disjoint_split,0,0.4758734796908818,0,0.384485575193838
8985.json,david-jolly,true,0,speaker_disjoint_split,1,0.5266490959449485,1,0.5004552514082524
2932.json,oregon-right-life-pac,true,0,speaker_disjoint_split,1,0.5412880051930112,1,0.5035038296717768
7324.json,rush-limbaugh,barely-true,1,speaker_disjoint_split,0,0.45487218716561856,0,0.4778196366912129
2257.json,john-robitaille,false,1,speaker_disjoint_split,0,0.4261081226400543,0,0.4544706925223609
3782.json,louie-gohmert,false,1,speaker_disjoint_split,0,0.43862514119240187,0,0.4321491131807244
11536.json,donald-trump,barely-true,1,speaker_disjoint_split,1,0.5436499445056182,1,0.6063546051690026
5236.json,democratic-congressional-campaign-committee,barely-true,1,speaker_disjoint_split,1,0.6830722722644593,1,0.6404438397513945
2869.json,armond-budish,half-true,0,speaker_disjoint_split,0,0.4573321288234691,0,0.4443041261065533
11582.json,bernie-s,barely-true,1,speaker_disjoint_split,1,0.5660540498963589,1,0.557776475944368
10887.json,robert-puente,half-true,0,speaker_disjoint_split,0,0.49155202953047045,0,0.38231187016680884
4504.json,ron-paul,barely-true,1,speaker_disjoint_split,0,0.4944587366253391,0,0.4810768761412069
9561.json,blog-posting,false,1,speaker_disjoint_split,0,0.37308094727800295,1,0.5015341614864112
12683.json,gary-johnson,mostly-true,0,speaker_disjoint_split,0,0.38342193858600554,0,0.4115773065695729
7295.json,stephen-sweeney,half-true,0,speaker_disjoint_split,0,0.4246633828010489,0,0.4233661776737177
6969.json,david-cicilline,false,1,speaker_disjoint_split,0,0.3153830900112533,0,0.3173885558676116
11886.json,bernie-s,false,1,speaker_disjoint_split,0,0.42329923948280773,0,0.45140178909927064
11844.json,bernie-s,half-true,0,speaker_disjoint_split,0,0.2892349171286168,0,0.36187417520266074
13370.json,john-skvarla,barely-true,1,speaker_disjoint_split,1,0.5101740349839371,0,0.4642495907267192
11636.json,ben-carson,false,1,speaker_disjoint_split,1,0.627787800039326,1,0.5923191700709322
9837.json,nextgen-climate,half-true,0,speaker_disjoint_split,1,0.5456906872824049,1,0.5016515385083848
4267.json,john-kasich,half-true,0,speaker_disjoint_split,0,0.4625323400968467,0,0.47563615517419977
827.json,joe-biden,half-true,0,speaker_disjoint_split,0,0.2972898883909505,0,0.3812382735158847
3806.json,agenda-project,mostly-true,0,speaker_disjoint_split,0,0.4499373266695552,1,0.5502268640880604
9133.json,kesha-rogers,barely-true,1,speaker_disjoint_split,0,0.43106623488229884,0,0.4733066536448146
4327.json,jeff-merkley,mostly-true,0,speaker_disjoint_split,1,0.5603032080368638,0,0.4757206815949623
13026.json,donald-trump,barely-true,1,speaker_disjoint_split,1,0.574758752902678,1,0.5294536413381765
240.json,bill-richardson,barely-true,1,speaker_disjoint_split,0,0.334632448687017,0,0.36299357258693293
7884.json,rush-limbaugh,barely-true,1,speaker_disjoint_split,0,0.4932443493883332,0,0.4841154103966712
8489.json,ken-cuccinelli,false,1,speaker_disjoint_split,1,0.527147715205585,1,0.5115805321744622
12446.json,donald-trump,half-true,0,speaker_disjoint_split,0,0.4821479155686505,1,0.5102163918922502
534.json,john-mccain,half-true,0,speaker_disjoint_split,0,0.43553919723183115,0,0.4311337113234387
5387.json,doug-thomas,half-true,0,speaker_disjoint_split,0,0.42827117328792214,0,0.35515117959592574
10356.json,scott-walker,barely-true,1,speaker_disjoint_split,0,0.4517191856212146,0,0.4304926973044628
12497.json,scott-walker,true,0,speaker_disjoint_split,0,0.36530191935504486,0,0.371732891386463
4893.json,thomas-brown,mostly-true,0,speaker_disjoint_split,0,0.3727434171136711,0,0.40949062327757135
6627.json,julian-castro,mostly-true,0,speaker_disjoint_split,1,0.5703208295727671,1,0.5408931593468808
10580.json,dan-patrick,pants-fire,1,speaker_disjoint_split,0,0.38132929105449703,0,0.4025396701562349
8004.json,rachel-campos-duffy,false,1,speaker_disjoint_split,0,0.3928764477397527,0,0.3601776645132713
256.json,ron-paul,mostly-true,0,speaker_disjoint_split,0,0.30684601415562657,0,0.38707427927761046
2722.json,national-republican-congressional-committee,barely-true,1,speaker_disjoint_split,1,0.5146778010513892,1,0.5262110988174671
1171.json,rush-limbaugh,barely-true,1,speaker_disjoint_split,1,0.5263991087122742,1,0.528134693213053
8794.json,republican-party-florida,false,1,speaker_disjoint_split,1,0.5568049940118572,0,0.49301712473362486
2060.json,joe-biden,mostly-true,0,speaker_disjoint_split,0,0.34820780857438266,0,0.33925302327967777
7210.json,nathan-deal,half-true,0,speaker_disjoint_split,0,0.4012491531774415,0,0.3748511095509215
12185.json,bill-clinton,mostly-true,0,speaker_disjoint_split,0,0.3525263281886569,0,0.32868815507050253
4332.json,chip-rogers,half-true,0,speaker_disjoint_split,1,0.5591945378755923,0,0.4682862044910376
2925.json,john-kasich,half-true,0,speaker_disjoint_split,1,0.5360907876858235,1,0.5600058213197534
9838.json,bernie-s,mostly-true,0,speaker_disjoint_split,0,0.2869835335212912,0,0.30231024731238576
11407.json,ben-carson,pants-fire,1,speaker_disjoint_split,0,0.36416232980973073,0,0.42414208258078195
35.json,joe-biden,true,0,speaker_disjoint_split,0,0.4236253963392207,0,0.3621101064378405
10663.json,bernie-s,half-true,0,speaker_disjoint_split,0,0.36782191195800584,0,0.3525304108777309
8147.json,bill-foster,half-true,0,speaker_disjoint_split,0,0.4550331656614263,0,0.38991079359775205
3443.json,organizing-america,half-true,0,speaker_disjoint_split,0,0.4363482319768165,0,0.4668059743754467
11291.json,lloyd-doggett,mostly-true,0,speaker_disjoint_split,0,0.4388786381701701,0,0.48580971431532555
5110.json,rob-cornilles,pants-fire,1,speaker_disjoint_split,1,0.5003975726178652,0,0.4930716901046187
12754.json,donald-trump,barely-true,1,speaker_disjoint_split,0,0.2962481507896909,0,0.40647383392655634
9853.json,larry-elder,false,1,speaker_disjoint_split,0,0.37304256199875185,0,0.3689158509775065
10931.json,dale-kooyenga,half-true,0,speaker_disjoint_split,0,0.2657011271116751,0,0.32398625121335867
6014.json,mary-nolan,true,0,speaker_disjoint_split,0,0.28703609462147656,0,0.34272781128124336
3695.json,joe-gibbons,barely-true,1,speaker_disjoint_split,0,0.4970450650054301,0,0.4963756031087135
5047.json,david-cicilline,half-true,0,speaker_disjoint_split,1,0.5856950696311042,0,0.48054327706245153
8910.json,charlie-crist,half-true,0,speaker_disjoint_split,0,0.36131151910612647,0,0.38821132793447527
12285.json,bob-graham,half-true,0,speaker_disjoint_split,1,0.5335268785787012,1,0.5792762757316593
8677.json,kathleen-vinehout,barely-true,1,speaker_disjoint_split,1,0.6076144450488962,0,0.49893294078834294
9434.json,republican-governors-association,barely-true,1,speaker_disjoint_split,1,0.6153283983239041,1,0.6405403697310931
549.json,ralph-nader,mostly-true,0,speaker_disjoint_split,0,0.43893298663437563,0,0.42490967839062393
4366.json,blog-posting,pants-fire,1,speaker_disjoint_split,0,0.4193688375998575,1,0.5153929976803944
11363.json,donald-trump,pants-fire,1,speaker_disjoint_split,0,0.38861366459761393,0,0.450774736625094
12499.json,donald-trump,pants-fire,1,speaker_disjoint_split,1,0.6405394977747982,1,0.5812246699106042
12023.json,bernie-s,mostly-true,0,speaker_disjoint_split,0,0.3657417686229948,0,0.3558791563338838
8347.json,bernie-s,false,1,speaker_disjoint_split,1,0.518436588147697,1,0.5193660686795986
5750.json,joe-biden,half-true,0,speaker_disjoint_split,0,0.4196480809235733,0,0.37816841427608716
13159.json,democratic-congressional-campaign-committee,barely-true,1,speaker_disjoint_split,1,0.5747712179178944,1,0.6207344563930889
2699.json,michael-steele,false,1,speaker_disjoint_split,0,0.4506323920769584,0,0.42809393810553
3485.json,dennis-richardson,false,1,speaker_disjoint_split,0,0.3665148226900925,0,0.369191444765932
11453.json,claire-mccaskill,false,1,speaker_disjoint_split,0,0.4793248976888655,0,0.4883206606225761
5031.json,tim-kaine,half-true,0,speaker_disjoint_split,0,0.38256951622686947,0,0.3771461974417476
7976.json,debbie-wasserman-schultz,half-true,0,speaker_disjoint_split,0,0.46738596262441606,0,0.448992674057684
11906.json,joanne-kloppenburg,mostly-true,0,speaker_disjoint_split,1,0.5760762885564404,1,0.5282228082305942
9652.json,debbie-wasserman-schultz,barely-true,1,speaker_disjoint_split,0,0.4606072726756021,1,0.5151600510680637
13228.json,donald-trump,pants-fire,1,speaker_disjoint_split,0,0.4873896310547466,0,0.4666393629753764
4373.json,scott-walker,pants-fire,1,speaker_disjoint_split,0,0.44633688936219373,0,0.43209556090442247
8214.json,bookerfail,half-true,0,speaker_disjoint_split,1,0.6232306064019655,1,0.5515526260471983
6462.json,debbie-wasserman-schultz,false,1,speaker_disjoint_split,0,0.4078637440823452,0,0.45438455863369304
5870.json,mike-foley,mostly-true,0,speaker_disjoint_split,1,0.5078374176485059,1,0.508131211613601
6903.json,rob-zerban,pants-fire,1,speaker_disjoint_split,1,0.5453359967807875,1,0.5174906859390727
6308.json,jackie-cilley,true,0,speaker_disjoint_split,0,0.38726979470677003,0,0.40053819657185236
13145.json,national-republican-congressional-committee,barely-true,1,speaker_disjoint_split,0,0.39212112951473516,0,0.3691094885174071
11617.json,arsalan-iftikhar,false,1,speaker_disjoint_split,0,0.433638660024551,0,0.436193096539946
12246.json,john-pagliarini,half-true,0,speaker_disjoint_split,0,0.3633923760454802,0,0.32651270407369437
10286.json,diego-arene-morley,true,0,speaker_disjoint_split,0,0.3424029419522714,0,0.3053600228761349
12813.json,donald-trump,mostly-true,0,speaker_disjoint_split,0,0.39439933751884576,0,0.4635983852314063
10192.json,delia-garza,false,1,speaker_disjoint_split,1,0.523651122184228,0,0.44290695885137077
2464.json,john-kasich,barely-true,1,speaker_disjoint_split,0,0.3612010200821164,0,0.39369434852165086
4552.json,david-axelrod,mostly-true,0,speaker_disjoint_split,0,0.38333300291802663,0,0.3448648976190266
5897.json,joe-biden,false,1,speaker_disjoint_split,0,0.4823585358091475,0,0.4370653930161186
9831.json,blog-posting,true,0,speaker_disjoint_split,0,0.4919239460064069,0,0.4785794340305058
1445.json,charlie-crist,mostly-true,0,speaker_disjoint_split,0,0.4168031492159837,0,0.4076227343260207
4064.json,scott-walker,false,1,speaker_disjoint_split,1,0.6244100065694813,1,0.579492857127431
12201.json,david-jolly,barely-true,1,speaker_disjoint_split,0,0.423097133366844,0,0.4859042130141792
4807.json,rob-cornilles,true,0,speaker_disjoint_split,0,0.3854102169248667,0,0.3898594242690869
8333.json,steve-lonegan,true,0,speaker_disjoint_split,0,0.35691804212714445,0,0.3958499118163255
9199.json,anissa-naouai,half-true,0,speaker_disjoint_split,0,0.33874807519889794,0,0.3487660913872444
13262.json,donald-trump,barely-true,1,speaker_disjoint_split,1,0.6976471509367569,1,0.7142785512953848
1603.json,karl-rove,mostly-true,0,speaker_disjoint_split,0,0.4782684474908075,0,0.4888988529341773
5702.json,nathan-deal,mostly-true,0,speaker_disjoint_split,0,0.38999301267576614,0,0.35711169477754956
3795.json,angel-taveras,false,1,speaker_disjoint_split,0,0.3206458311482411,0,0.34452894864093636
10828.json,david-cicilline,true,0,speaker_disjoint_split,0,0.3315426530705405,0,0.34421202037375737
6116.json,terry-lawler,barely-true,1,speaker_disjoint_split,0,0.49611491469695884,1,0.513026196349314
1283.json,blog-posting,pants-fire,1,speaker_disjoint_split,1,0.5183342366630443,1,0.5714139155601973
11915.json,centre-research-globalization,false,1,speaker_disjoint_split,0,0.4951679544865798,0,0.38970636834926803
4340.json,club-growth,false,1,speaker_disjoint_split,0,0.4551793028826809,0,0.4019787867948863
12822.json,joaquin-castro,half-true,0,speaker_disjoint_split,0,0.29677234102139044,0,0.4163158993136789
11501.json,carly-fiorina,false,1,speaker_disjoint_split,0,0.4225756655260045,0,0.389181118627784
9067.json,kesha-rogers,half-true,0,speaker_disjoint_split,1,0.6012901904833983,1,0.539645870906076
239.json,ron-paul,true,0,speaker_disjoint_split,0,0.3264606881608734,0,0.37293766093240444
9247.json,neera-tanden,mostly-true,0,speaker_disjoint_split,0,0.25075511150671237,0,0.3356579063016924
9873.json,chuck-todd,true,0,speaker_disjoint_split,0,0.3486440469447445,0,0.3163419557220409
11713.json,bernie-s,barely-true,1,speaker_disjoint_split,0,0.4861873126213676,0,0.4657635066673737
1919.json,debbie-wasserman-schultz,half-true,0,speaker_disjoint_split,0,0.38443160407533783,0,0.4296430242417162
1294.json,keith-olbermann,mostly-true,0,speaker_disjoint_split,0,0.3972204161901141,0,0.4573979473304173
7278.json,jennette-gayer,mostly-true,0,speaker_disjoint_split,0,0.3432108361041237,0,0.44409955646273425
13382.json,donald-trump,false,1,speaker_disjoint_split,0,0.4087279094553308,1,0.5044429009101846
13464.json,donald-trump,false,1,speaker_disjoint_split,0,0.48840915830626735,0,0.4485324675778292
13218.json,rush-limbaugh,pants-fire,1,speaker_disjoint_split,0,0.4721239892225933,0,0.49732423935869585
7142.json,dan-micciche,mostly-true,0,speaker_disjoint_split,0,0.3464211363032619,0,0.339267516414038
6016.json,joe-biden,mostly-true,0,speaker_disjoint_split,0,0.4323540154465367,0,0.39501434393967416
11995.json,donald-trump,false,1,speaker_disjoint_split,0,0.41619763185055547,0,0.48982482834986274
1630.json,tom-coburn,mostly-true,0,speaker_disjoint_split,1,0.5223461483012898,1,0.5909570287839263
12938.json,donald-trump,mostly-true,0,speaker_disjoint_split,0,0.41900359898073414,1,0.5005793103481119
5716.json,robert-menendez,true,0,speaker_disjoint_split,0,0.3318852743716757,0,0.36059620160710865
11079.json,blog-posting,pants-fire,1,speaker_disjoint_split,1,0.5825920244860845,1,0.6662249406184922
13039.json,donald-trump,false,1,speaker_disjoint_split,0,0.3809639575526619,0,0.41390137034756774
1149.json,bernie-s,false,1,speaker_disjoint_split,0,0.40997902055881796,0,0.45656580274550346
8473.json,joe-barton,false,1,speaker_disjoint_split,1,0.5022721132422511,1,0.5140311499131576
3749.json,david-cicilline,barely-true,1,speaker_disjoint_split,0,0.4172364484246045,0,0.3248573002922933
5734.json,bettylou-decroce,half-true,0,speaker_disjoint_split,0,0.44992929492181566,0,0.4083792987098402
12922.json,pat-mccrory,barely-true,1,speaker_disjoint_split,1,0.514728323314892,1,0.5277381984948064
1506.json,charlie-crist,true,0,speaker_disjoint_split,0,0.33167922216368045,0,0.34685903078030783
2828.json,marvin-pratt,false,1,speaker_disjoint_split,0,0.41579905216161733,0,0.3843763567632609
5145.json,rob-cornilles,barely-true,1,speaker_disjoint_split,0,0.4084201933533839,0,0.48387594981262505
11283.json,reader-email,mostly-true,0,speaker_disjoint_split,0,0.4047437676439204,0,0.35964929880082397
10185.json,sean-spicer,true,0,speaker_disjoint_split,0,0.31715640620745134,0,0.39483607156233186
12267.json,lee-camp,half-true,0,speaker_disjoint_split,0,0.43708801824497995,0,0.4585234573371306
10579.json,scott-walker,mostly-true,0,speaker_disjoint_split,0,0.3004079325481127,0,0.32112974481610124
12307.json,bernie-s,mostly-true,0,speaker_disjoint_split,0,0.45130898925888097,0,0.41922524584182674
6344.json,lou-ann-zelenik,false,1,speaker_disjoint_split,1,0.6673476258516517,0,0.4928697206142246
8021.json,karl-rove,mostly-true,0,speaker_disjoint_split,0,0.2418197244478068,0,0.3470959383225514
11314.json,carly-fiorina,true,0,speaker_disjoint_split,0,0.39906244231617366,0,0.39300988166077944
2851.json,joe-barton,barely-true,1,speaker_disjoint_split,0,0.4892559437131297,1,0.5031371945311743
12570.json,donald-trump,pants-fire,1,speaker_disjoint_split,0,0.4511611049132091,0,0.4947465300370608
828.json,john-mccain,false,1,speaker_disjoint_split,1,0.6696021529940204,1,0.5659940186976439
1861.json,carly-fiorina,pants-fire,1,speaker_disjoint_split,1,0.5450663327632396,0,0.49312122590232543
5337.json,nickie-antonio,barely-true,1,speaker_disjoint_split,1,0.5030093458459312,0,0.4928424951237125
3023.json,john-kasich,false,1,speaker_disjoint_split,0,0.34504071994080027,0,0.29876646743510266
11577.json,bernie-s,true,0,speaker_disjoint_split,0,0.3807544958725544,0,0.37670628406250745
12844.json,donald-trump,mostly-true,0,speaker_disjoint_split,0,0.4021425408500454,0,0.3816815882686974
11576.json,bernie-s,half-true,0,speaker_disjoint_split,0,0.43143494788950365,0,0.4473627379119551
2827.json,republican-state-senators,pants-fire,1,speaker_disjoint_split,1,0.5085796529034238,1,0.5031051612354819
10609.json,scott-walker,false,1,speaker_disjoint_split,1,0.5641651724664861,0,0.46946136087958057
4166.json,debbie-wasserman-schultz,true,0,speaker_disjoint_split,1,0.6104727887956283,1,0.5599564433597374
1186.json,blog-posting,pants-fire,1,speaker_disjoint_split,1,0.6244435814409129,1,0.6734478540090195
12784.json,bill-clinton,half-true,0,speaker_disjoint_split,0,0.39474960412118876,0,0.3822643188839483
97.json,bill-richardson,mostly-true,0,speaker_disjoint_split,0,0.3695852120178524,0,0.41432096930967804
11788.json,scott-walker,mostly-true,0,speaker_disjoint_split,0,0.3456676755904229,0,0.36485188190720985
4828.json,armond-budish,false,1,speaker_disjoint_split,1,0.5786913425084983,1,0.5212024730159446
1868.json,blog-posting,pants-fire,1,speaker_disjoint_split,1,0.5099088902163355,1,0.557247809519501
9121.json,rush-limbaugh,false,1,speaker_disjoint_split,0,0.42589610354211016,0,0.45127778444024746
8335.json,deadspin,true,0,speaker_disjoint_split,0,0.36392133125470166,0,0.3419693974738619
10612.json,nancy-devaney,false,1,speaker_disjoint_split,1,0.502558322877935,0,0.4432867287396343
5143.json,rob-cornilles,mostly-true,0,speaker_disjoint_split,0,0.4707452792521988,1,0.5032136272282648
9922.json,donald-trump,mostly-true,0,speaker_disjoint_split,0,0.29713246483453015,0,0.36643541280193703
2421.json,scott-walker,half-true,0,speaker_disjoint_split,0,0.2902875940699007,0,0.33576968704484983
3350.json,glenn-beck,pants-fire,1,speaker_disjoint_split,0,0.49409242971840134,0,0.48943975799811695
10116.json,scott-walker,barely-true,1,speaker_disjoint_split,1,0.5064103967502739,0,0.4800355193673834
786.json,john-mccain,false,1,speaker_disjoint_split,0,0.4981881599138437,1,0.5362322937020355
10725.json,addicting-information,false,1,speaker_disjoint_split,0,0.3891106150646002,0,0.4713257098662835
9713.json,charlotte-nash,half-true,0,speaker_disjoint_split,0,0.42803075280649744,0,0.4438181551848851
9318.json,miami-seaport-alliance,false,1,speaker_disjoint_split,0,0.4511347509070346,0,0.422672216300084
4395.json,state-democratic-party-wisconsin,pants-fire,1,speaker_disjoint_split,1,0.5247052846239896,1,0.5383342214198791
4532.json,mary-nolan,half-true,0,speaker_disjoint_split,0,0.47373968716594755,0,0.45947869587970025
4909.json,tim-kaine,true,0,speaker_disjoint_split,0,0.3242202536936102,0,0.3264265900563551
13081.json,donald-trump,false,1,speaker_disjoint_split,0,0.49803180304910305,0,0.4738391731101633
7290.json,coalition-stop-gun-violence,pants-fire,1,speaker_disjoint_split,0,0.4852271716701451,0,0.45615637717996443
1163.json,republican-party-florida,pants-fire,1,speaker_disjoint_split,1,0.526484485163667,0,0.48986654422511267
3155.json,scott-walker,false,1,speaker_disjoint_split,0,0.43351524138532693,0,0.4619807744863425
8882.json,charlie-crist,half-true,0,speaker_disjoint_split,1,0.7229137519545996,1,0.5160975491115275
12689.json,donald-trump,false,1,speaker_disjoint_split,0,0.49230496410700675,1,0.5187737181864821
834.json,john-mccain,true,0,speaker_disjoint_split,0,0.38546019100185575,0,0.39581695554505314
7307.json,nathan-deal,mostly-true,0,speaker_disjoint_split,0,0.30611710882836546,0,0.30957608812575343
5651.json,marsha-blackburn,false,1,speaker_disjoint_split,1,0.5402556492793846,1,0.5739980683731267
10709.json,scott-walker,half-true,0,speaker_disjoint_split,1,0.6051189546748365,1,0.6018814562721332
10008.json,republican-governors-association,false,1,speaker_disjoint_split,1,0.5736637378436202,1,0.5586548530462173
11423.json,bernie-s,barely-true,1,speaker_disjoint_split,0,0.36507891816752647,0,0.40107488063715524
8578.json,debbie-wasserman-schultz,half-true,0,speaker_disjoint_split,0,0.49185595273883265,1,0.5162431224891416
12750.json,donald-trump,half-true,0,speaker_disjoint_split,0,0.43551904164977245,1,0.5085346106166271
2884.json,oregon-healthy-kids,mostly-true,0,speaker_disjoint_split,1,0.666308117685265,1,0.593829835464769
2373.json,david-porter,half-true,0,speaker_disjoint_split,0,0.38943667621298445,0,0.4170459016519563
4810.json,dekalb-county,mostly-true,0,speaker_disjoint_split,1,0.5836314502580153,0,0.4283687386280415
3760.json,steve-oelrich,true,0,speaker_disjoint_split,1,0.5091823947038968,0,0.4427198896193317
630.json,john-mccain,true,0,speaker_disjoint_split,0,0.36440005524331376,1,0.5558607092054152
2587.json,national-republican-congressional-committee,pants-fire,1,speaker_disjoint_split,0,0.48397182657914123,1,0.5166147592858196
8988.json,americans-prosperity-georgia-chapter,mostly-true,0,speaker_disjoint_split,0,0.38198400895127427,0,0.4316526676426161
5816.json,national-republican-congressional-committee,barely-true,1,speaker_disjoint_split,0,0.3376190249144551,0,0.42151703864366946
8872.json,mr-conservative,false,1,speaker_disjoint_split,1,0.5166635455317836,0,0.4970241955532195
9415.json,scott-walker,mostly-true,0,speaker_disjoint_split,0,0.3625772160628172,0,0.3464678420126346
8991.json,david-ignatius,true,0,speaker_disjoint_split,1,0.5111091681487651,1,0.5591931577164417
13217.json,donald-trump,false,1,speaker_disjoint_split,0,0.46013924547346585,0,0.4361252078596711
5013.json,restore-our-future,mostly-true,0,speaker_disjoint_split,1,0.5112454464587476,1,0.5571117687151673
5114.json,scott-walker,false,1,speaker_disjoint_split,0,0.43626483872331945,0,0.439633811600623
2609.json,nathan-deal,half-true,0,speaker_disjoint_split,1,0.5611415858110346,1,0.5404576128942061
8536.json,scott-walker,mostly-true,0,speaker_disjoint_split,0,0.37139630733746803,0,0.413461157321862
6085.json,julian-castro,half-true,0,speaker_disjoint_split,0,0.3933369657095232,0,0.4323641375792815
3540.json,tim-kaine,true,0,speaker_disjoint_split,0,0.4388476050485181,0,0.4610649459375785
1194.json,keith-olbermann,half-true,0,speaker_disjoint_split,0,0.39154002198496324,0,0.44964339358467825
5704.json,republican-governors-association,half-true,0,speaker_disjoint_split,1,0.6220605760247875,1,0.5309767544510409
6820.json,ann-coulter,true,0,speaker_disjoint_split,0,0.48806851489340486,0,0.4899260651948248
1859.json,nathan-deal,barely-true,1,speaker_disjoint_split,1,0.5168868276418731,0,0.35954847256083133
13131.json,donald-trump,false,1,speaker_disjoint_split,0,0.4218336932969008,0,0.46979377762028435
8384.json,ken-cuccinelli,false,1,speaker_disjoint_split,1,0.5241631488165247,1,0.5214391665946598
13511.json,heather-mcghee,half-true,0,speaker_disjoint_split,0,0.3714305415466437,0,0.3267572595725658
13103.json,donald-trump,false,1,speaker_disjoint_split,1,0.508580804809715,1,0.5330993386061738
8823.json,mark-schlereth,mostly-true,0,speaker_disjoint_split,0,0.3388646498455506,0,0.33638933975022234
735.json,john-mccain,barely-true,1,speaker_disjoint_split,1,0.526189959357913,1,0.5126761149069027
9090.json,kathleen-sebelius,mostly-true,0,speaker_disjoint_split,0,0.4060178138711637,0,0.4516986131597105
4249.json,club-growth,barely-true,1,speaker_disjoint_split,1,0.5310300598623935,1,0.5098624791815958
12771.json,bernie-s,mostly-true,0,speaker_disjoint_split,0,0.2865900294960524,0,0.3244253312258423
12029.json,donald-trump,half-true,0,speaker_disjoint_split,0,0.45916987382909463,1,0.5604386999800408
7273.json,keith-faber,true,0,speaker_disjoint_split,0,0.4371689715388568,0,0.46238806420988665
11328.json,bernie-s,mostly-true,0,speaker_disjoint_split,0,0.3036430861646176,0,0.35753439003872933
7579.json,ed-fallone,half-true,0,speaker_disjoint_split,1,0.7235229173079428,1,0.5415358573149673
9659.json,dan-patrick,false,1,speaker_disjoint_split,0,0.2993586716554628,0,0.37750385906586686
7844.json,harry-alford,pants-fire,1,speaker_disjoint_split,1,0.5208678091214884,1,0.5687925113800657
349.json,bill-clinton,false,1,speaker_disjoint_split,1,0.5341764310171883,0,0.4923355598217401
12041.json,bernie-s,mostly-true,0,speaker_disjoint_split,0,0.45242405093561694,0,0.461490312750966
4521.json,jim-whelan,half-true,0,speaker_disjoint_split,0,0.4135958960364562,0,0.35358782638920333
6170.json,sam-adams,mostly-true,0,speaker_disjoint_split,0,0.459608899175173,0,0.42767575039511596
2176.json,nathan-deal,mostly-true,0,speaker_disjoint_split,0,0.3822878054642135,0,0.38362553422805523
2116.json,bill-oreilly,false,1,speaker_disjoint_split,0,0.43922369814449846,0,0.4775658238067107
4019.json,new-jersey-democratic-state-committee,false,1,speaker_disjoint_split,0,0.4702235025187443,0,0.4192335824575684
1531.json,charles-rangel,pants-fire,1,speaker_disjoint_split,1,0.5142923907671526,0,0.48232056709351995
5365.json,greg-walden,true,0,speaker_disjoint_split,0,0.4716448764037395,0,0.45356365679153915
3768.json,terry-moulton,false,1,speaker_disjoint_split,0,0.3306781651757682,0,0.41301121769675314
13126.json,donald-trump,false,1,speaker_disjoint_split,0,0.42274480452839747,1,0.502448244639583
13299.json,donald-trump,barely-true,1,speaker_disjoint_split,0,0.4805252227287201,1,0.5063242867659477
698.json,john-mccain,false,1,speaker_disjoint_split,1,0.622987897379923,1,0.5409652557237052
9586.json,jeff-merkley,false,1,speaker_disjoint_split,1,0.515215522335678,0,0.4865690924702564
4128.json,national-republican-congressional-committee,false,1,speaker_disjoint_split,0,0.4478154172953812,1,0.5111967189378234
12276.json,jerry-jones,pants-fire,1,speaker_disjoint_split,1,0.6460263456842824,1,0.5489815745514076
12001.json,donald-trump,false,1,speaker_disjoint_split,1,0.5029421524359102,1,0.5792369316453814
3312.json,scott-walker,false,1,speaker_disjoint_split,1,0.5086996660044426,0,0.49581274044790713
13151.json,blog-posting,pants-fire,1,speaker_disjoint_split,1,0.5194848926084764,1,0.5718259737296768
13187.json,tim-kaine,half-true,0,speaker_disjoint_split,0,0.3833968186185912,0,0.4428473517813767
11916.json,john-kasich,mostly-true,0,speaker_disjoint_split,0,0.39109037621690357,0,0.4152015414463729
12464.json,scott-walker,half-true,0,speaker_disjoint_split,1,0.5326549988875695,1,0.5247268748428039
1606.json,charlie-crist,mostly-true,0,speaker_disjoint_split,0,0.42072090427820685,0,0.44966123519646956
12268.json,donald-trump,mostly-true,0,speaker_disjoint_split,1,0.5394902805718274,1,0.5106232500799875
4891.json,alan-simpson,true,0,speaker_disjoint_split,0,0.3770380108728504,0,0.3279510225903992
8793.json,florida-all,barely-true,1,speaker_disjoint_split,0,0.4456909773628569,0,0.40871554959525236
5495.json,david-axelrod,false,1,speaker_disjoint_split,0,0.44337677274627907,0,0.38466923337571196
516.json,john-mccain,true,0,speaker_disjoint_split,0,0.40734384854635897,0,0.4030442262762838
11063.json,donald-trump,false,1,speaker_disjoint_split,1,0.5279819910504071,1,0.5076257437932378
113.json,john-mccain,half-true,0,speaker_disjoint_split,0,0.39251753790694255,0,0.4032594435954538
11992.json,donald-trump,pants-fire,1,speaker_disjoint_split,1,0.5458021171784663,1,0.5085682928712927
8769.json,chris-murphy,true,0,speaker_disjoint_split,0,0.36229524958451775,0,0.4626982273157594
10370.json,chris-coons,barely-true,1,speaker_disjoint_split,1,0.6328394891464176,1,0.5807838182596992
991.json,gus-bilirakis,barely-true,1,speaker_disjoint_split,0,0.46997153345026405,0,0.4623906778588124
507.json,john-mccain,barely-true,1,speaker_disjoint_split,0,0.44322061928700324,0,0.4151933467580775
7747.json,blog-posting,barely-true,1,speaker_disjoint_split,1,0.5697866582003221,1,0.6530232727419799
10968.json,bill-clinton,mostly-true,0,speaker_disjoint_split,1,0.519104915661809,1,0.5446623933558236
12682.json,donald-trump,true,0,speaker_disjoint_split,0,0.3410492143363254,0,0.42065344300171437
10190.json,ben-cardin,barely-true,1,speaker_disjoint_split,0,0.3085256323182085,0,0.37132741209210934
13060.json,blog-posting,pants-fire,1,speaker_disjoint_split,0,0.47030727656391746,1,0.5772996353637533
12443.json,vicki-martin,mostly-true,0,speaker_disjoint_split,0,0.3807894351496076,0,0.3289737998625762
6210.json,bill-weimer,true,0,speaker_disjoint_split,0,0.4729279545975251,0,0.45276338705309427
3590.json,peter-defazio,false,1,speaker_disjoint_split,0,0.4601199162264498,0,0.4897428889910032
4625.json,fred-karger,pants-fire,1,speaker_disjoint_split,0,0.4934010115055842,1,0.5841316890974844
1932.json,bill-lynch,pants-fire,1,speaker_disjoint_split,0,0.44118166280465926,1,0.5177026288518601
10984.json,scott-walker,half-true,0,speaker_disjoint_split,0,0.4002011723587614,0,0.38376168082541295
13041.json,donald-trump,pants-fire,1,speaker_disjoint_split,0,0.4606741844693509,0,0.43834215056001213
9955.json,blog-posting,pants-fire,1,speaker_disjoint_split,1,0.52921234626761,1,0.5308579839217298
3533.json,charles-rangel,half-true,0,speaker_disjoint_split,1,0.5187010942490613,0,0.47787507962616466
4671.json,ron-paul,mostly-true,0,speaker_disjoint_split,0,0.41246612473621097,0,0.3864764525745866
701.json,john-mccain,barely-true,1,speaker_disjoint_split,1,0.657515268020732,1,0.5723947332224234
9894.json,john-mccain,mostly-true,0,speaker_disjoint_split,0,0.4953551730380209,0,0.48830703953444315
2955.json,state-democratic-party-wisconsin,pants-fire,1,speaker_disjoint_split,0,0.4987536443205452,0,0.49572147614404516
8724.json,carol-shea-porter,true,0,speaker_disjoint_split,1,0.5259771813569996,1,0.5853553613368091
11224.json,se-cupp,true,0,speaker_disjoint_split,0,0.42112288532679243,1,0.5497116736806487
12890.json,donald-trump,barely-true,1,speaker_disjoint_split,0,0.4167174576994902,0,0.448574107358426
3683.json,saxby-chambliss,false,1,speaker_disjoint_split,1,0.5600393110285333,1,0.5129191834090056
12983.json,tim-kaine,false,1,speaker_disjoint_split,1,0.5465715577329621,1,0.5330853365834696
1302.json,charlie-crist,pants-fire,1,speaker_disjoint_split,1,0.5393003640833302,1,0.5749155802382149
6676.json,gilberto-hinojosa,false,1,speaker_disjoint_split,1,0.5157029309828068,0,0.4618774884654253
12212.json,bernie-s,half-true,0,speaker_disjoint_split,0,0.4394353327159036,0,0.3967973356144709
4179.json,jessica-king,barely-true,1,speaker_disjoint_split,1,0.5244479162050574,0,0.4830826127902671
12814.json,bill-clinton,half-true,0,speaker_disjoint_split,1,0.5182358012831475,1,0.5436250437941103
3057.json,greg-walden,barely-true,1,speaker_disjoint_split,0,0.39036272443203773,0,0.40316440401553505
3371.json,andy-brown,false,1,speaker_disjoint_split,0,0.4649791122001915,0,0.4351599417984774
8319.json,state-democratic-party-wisconsin,half-true,0,speaker_disjoint_split,1,0.6208883776039397,1,0.5683214273873777
598.json,john-mccain,barely-true,1,speaker_disjoint_split,1,0.50536587186766,0,0.4849905074251437
8509.json,charlie-crist,true,0,speaker_disjoint_split,0,0.42388363113502303,0,0.4241774472560968
8803.json,scott-walker,mostly-true,0,speaker_disjoint_split,0,0.4094529347924595,0,0.399816002353882
9653.json,angel-taveras,half-true,0,speaker_disjoint_split,0,0.33757993315187745,0,0.3194181808065995
13002.json,donald-trump,mostly-true,0,speaker_disjoint_split,0,0.4644893561988636,1,0.5274770362612168
12126.json,stephen-zappala,half-true,0,speaker_disjoint_split,0,0.4226938323226647,0,0.40341556446393123
8487.json,republican-party-florida,half-true,0,speaker_disjoint_split,0,0.432732989059807,0,0.4161702704113335
1510.json,republican-governors-association,mostly-true,0,speaker_disjoint_split,0,0.47745696100859997,1,0.5087373225648706
5798.json,scott-walker,barely-true,1,speaker_disjoint_split,1,0.5266398036477979,1,0.5953834005036552
546.json,john-mccain,true,0,speaker_disjoint_split,1,0.5731331915356419,1,0.5256013232503132
1544.json,charlie-crist,true,0,speaker_disjoint_split,0,0.49963499190782235,0,0.44425742732502327
8045.json,tom-cole,true,0,speaker_disjoint_split,1,0.5163445378593988,1,0.5005361507836783
10508.json,scott-walker,false,1,speaker_disjoint_split,1,0.5175226154008374,0,0.48731481327927556
11550.json,donald-trump,barely-true,1,speaker_disjoint_split,0,0.4296352327402601,0,0.48933288670687125
1686.json,charlie-crist,half-true,0,speaker_disjoint_split,0,0.3905452436035677,0,0.3942671565070308
12216.json,donald-trump,false,1,speaker_disjoint_split,1,0.6735117800489507,1,0.583275944839622
5028.json,kyleen-wright,barely-true,1,speaker_disjoint_split,1,0.5809167754418256,0,0.47587114178586015
5014.json,national-republican-congressional-committee,true,0,speaker_disjoint_split,0,0.4351778542064698,0,0.4974790339062891
1746.json,charlie-crist,false,1,speaker_disjoint_split,1,0.5219838035974405,0,0.47460782722180006
120.json,joe-biden,true,0,speaker_disjoint_split,0,0.41258528805856365,0,0.39411837932478055
7849.json,national-republican-congressional-committee,mostly-true,0,speaker_disjoint_split,0,0.31431473866088006,0,0.3891365366661297
3567.json,donald-trump,false,1,speaker_disjoint_split,0,0.48298330917026633,1,0.5618561289949437
515.json,john-mccain,half-true,0,speaker_disjoint_split,0,0.3527304566931894,0,0.3571376890206339
7431.json,john-kasich,mostly-true,0,speaker_disjoint_split,0,0.4995432131843918,1,0.5102682569111665
1396.json,david-axelrod,mostly-true,0,speaker_disjoint_split,0,0.40797979993755973,0,0.42623575294166094
6305.json,robert-dimuccio,true,0,speaker_disjoint_split,0,0.3225863700008081,0,0.3432539542302824
831.json,john-mccain,mostly-true,0,speaker_disjoint_split,0,0.39045029650924834,0,0.42153474861187484
8248.json,karl-rove,mostly-true,0,speaker_disjoint_split,0,0.45040203057823697,1,0.5008012951828275
12802.json,tim-kaine,half-true,0,speaker_disjoint_split,0,0.45164856478508386,0,0.413567309764111
646.json,joe-biden,false,1,speaker_disjoint_split,1,0.5179197386905119,0,0.41592290526502995
2627.json,alexi-giannoulias,barely-true,1,speaker_disjoint_split,1,0.5163449973816119,0,0.48018455856434444
3463.json,glenn-beck,half-true,0,speaker_disjoint_split,1,0.5148113268627958,0,0.4422488290079258
8528.json,charlotte-nash,true,0,speaker_disjoint_split,0,0.42327132830643643,0,0.39616665119161987
9065.json,nathan-deal,true,0,speaker_disjoint_split,0,0.3912847275102027,0,0.39062583235221693
5217.json,robert-hagan,half-true,0,speaker_disjoint_split,0,0.4672683337470048,0,0.46178993563881643
1412.json,rush-limbaugh,pants-fire,1,speaker_disjoint_split,1,0.5060102978856769,0,0.49971668258457913
13384.json,donald-trump,pants-fire,1,speaker_disjoint_split,0,0.464799509532548,0,0.4441046113312838
617.json,john-mccain,barely-true,1,speaker_disjoint_split,1,0.5658307575456444,1,0.506926238970136
3723.json,john-kasich,barely-true,1,speaker_disjoint_split,0,0.4705896548218314,0,0.480296772602095
5937.json,lloyd-doggett,mostly-true,0,speaker_disjoint_split,0,0.4222201479710286,0,0.4309441838753797
13016.json,donald-trump,half-true,0,speaker_disjoint_split,1,0.5515216328175594,1,0.5063424088512977
12920.json,vote-no-2,barely-true,1,speaker_disjoint_split,0,0.48555018481420803,0,0.47555126511023493
6245.json,american-commitment,pants-fire,1,speaker_disjoint_split,1,0.5712257323202535,1,0.5134456963223483
10292.json,allen-peake,true,0,speaker_disjoint_split,0,0.4761984851300123,0,0.4442348508634666
2915.json,vern-buchanan,false,1,speaker_disjoint_split,0,0.4006726216203175,0,0.4219350870466061
11361.json,tom-cole,true,0,speaker_disjoint_split,0,0.42102587350776494,0,0.4578443453516358
8018.json,gilberto-hinojosa,pants-fire,1,speaker_disjoint_split,1,0.5250574730562597,1,0.618911770946867
8678.json,blog-posting,barely-true,1,speaker_disjoint_split,1,0.5589841907074831,1,0.6106978319696619
10819.json,carly-fiorina,mostly-true,0,speaker_disjoint_split,1,0.5401433771048643,0,0.45076490992379986
9303.json,joaquin-castro,true,0,speaker_disjoint_split,0,0.3848102007707776,0,0.4498241406067098
928.json,fidelis,mostly-true,0,speaker_disjoint_split,1,0.5491484522433644,1,0.5431037723241291
11909.json,donald-trump,barely-true,1,speaker_disjoint_split,0,0.48548879149304036,0,0.47085988861821965
11367.json,ben-carson,barely-true,1,speaker_disjoint_split,0,0.48250633778769675,0,0.4186653551297569
4852.json,john-kasich,true,0,speaker_disjoint_split,1,0.5009300316948401,0,0.473618683210113
8400.json,michael-thurmond,barely-true,1,speaker_disjoint_split,0,0.4866980519337083,0,0.4606365900257625
3961.json,blog-posting,false,1,speaker_disjoint_split,1,0.6846597352775311,1,0.6386033916142617
5428.json,alissa-keny-guyer,true,0,speaker_disjoint_split,0,0.4092612896554971,0,0.40651205293582665
6582.json,david-cicilline,mostly-true,0,speaker_disjoint_split,0,0.44010271507529597,0,0.4326088606694934
3857.json,robert-brown,barely-true,1,speaker_disjoint_split,0,0.41143147137908187,0,0.4197791770264535
9580.json,republican-party-florida,mostly-true,0,speaker_disjoint_split,0,0.4553149869662838,0,0.3975743434180687
742.json,john-mccain,barely-true,1,speaker_disjoint_split,0,0.37242701045711646,0,0.3967832244819999
10201.json,greta-van-susteren,mostly-true,0,speaker_disjoint_split,0,0.35123555031292114,0,0.41594767729573284
8750.json,david-jolly,barely-true,1,speaker_disjoint_split,0,0.3876157103569958,0,0.4606946529092583
9136.json,mike-collier,false,1,speaker_disjoint_split,1,0.6912006879084618,1,0.5602741759554406
3898.json,elijah-cummings,true,0,speaker_disjoint_split,0,0.3575887752414012,0,0.3413392372819776
11103.json,chuck-baldwin,pants-fire,1,speaker_disjoint_split,0,0.4078271223701852,0,0.4746787069909011
9811.json,john-carlevale,half-true,0,speaker_disjoint_split,0,0.37751555436815454,0,0.38959985708187306
8471.json,david-axelrod,mostly-true,0,speaker_disjoint_split,0,0.3645944188749478,0,0.3613576952948867
3825.json,debbie-wasserman-schultz,half-true,0,speaker_disjoint_split,1,0.64374572857276,1,0.6338396582863992
8706.json,david-jolly,barely-true,1,speaker_disjoint_split,1,0.7544159413447447,1,0.7085389955566387
458.json,john-mccain,pants-fire,1,speaker_disjoint_split,0,0.4329136059177287,0,0.48806649614831316
140.json,bill-richardson,half-true,0,speaker_disjoint_split,0,0.4714661722389916,1,0.5022317571587765
2961.json,tom-coburn,mostly-true,0,speaker_disjoint_split,0,0.3273361933486572,0,0.4153736969016952
4278.json,ken-plum,false,1,speaker_disjoint_split,0,0.3565835724423879,0,0.3123918978464768
9673.json,nathan-deal,false,1,speaker_disjoint_split,1,0.5778511677429489,1,0.5014129423241418
12871.json,tim-kaine,half-true,0,speaker_disjoint_split,1,0.5872820708301856,1,0.5073429007599524
12149.json,donald-trump,barely-true,1,speaker_disjoint_split,0,0.4730278840166402,0,0.46635377262491085
12959.json,donald-trump,barely-true,1,speaker_disjoint_split,0,0.3695421534019436,0,0.3640498680963173
12777.json,bernie-s,half-true,0,speaker_disjoint_split,0,0.2535859370330149,0,0.2714596390577698
12584.json,thomas-perez,barely-true,1,speaker_disjoint_split,0,0.4786041485524378,0,0.4508764095842052
7866.json,bernie-s,true,0,speaker_disjoint_split,0,0.40698025279079675,0,0.3257877472472979
7962.json,debbie-wasserman-schultz,mostly-true,0,speaker_disjoint_split,0,0.4285937420750557,0,0.4813344960092769
12710.json,donald-trump,false,1,speaker_disjoint_split,1,0.5279079755679111,1,0.5059370384511175
13191.json,tim-kaine,barely-true,1,speaker_disjoint_split,1,0.5301731767102916,1,0.5527171103814755
12251.json,don-beyer,barely-true,1,speaker_disjoint_split,0,0.4722703157301533,0,0.44539372146504586
1980.json,jan-brewer,false,1,speaker_disjoint_split,0,0.3641878952939348,0,0.4124132480445497
9678.json,rush-limbaugh,mostly-true,0,speaker_disjoint_split,0,0.34891936936014245,0,0.39730812132875043
2111.json,bob-gibbs,true,0,speaker_disjoint_split,1,0.5126674199826433,1,0.5050373547695819
9251.json,julian-castro,mostly-true,0,speaker_disjoint_split,0,0.3618419013954876,0,0.44438427282185544
2692.json,tim-kaine,barely-true,1,speaker_disjoint_split,0,0.3875448601956047,0,0.35630068185320285
11368.json,scott-walker,half-true,0,speaker_disjoint_split,1,0.5260179040834841,1,0.5068976468451432
13520.json,blog-posting,mostly-true,0,speaker_disjoint_split,0,0.36741542198886284,0,0.466096189870862
662.json,john-mccain,false,1,speaker_disjoint_split,1,0.6696021529940204,1,0.5659940186976439
7822.json,nathan-deal,half-true,0,speaker_disjoint_split,0,0.3143395429304346,0,0.3609677513341403
2158.json,bill-lynch,barely-true,1,speaker_disjoint_split,0,0.4871401693480173,0,0.4971390794188457
10497.json,scott-walker,mostly-true,0,speaker_disjoint_split,0,0.35340549669337323,0,0.4167944919668382
1542.json,charlie-crist,true,0,speaker_disjoint_split,0,0.48675262069722003,0,0.38760912737335723
4667.json,sam-adams,barely-true,1,speaker_disjoint_split,1,0.5229789060157072,0,0.4742030999844991
11512.json,carly-fiorina,half-true,0,speaker_disjoint_split,0,0.47336493346302555,0,0.42263448132942794
10698.json,foundation-secure-and-prosperous-america,barely-true,1,speaker_disjoint_split,1,0.5930927093243935,1,0.6057263970638568
13224.json,donald-trump,barely-true,1,speaker_disjoint_split,1,0.5001371868469925,1,0.5114677606800847
1754.json,lamar-mckay,barely-true,1,speaker_disjoint_split,1,0.5591621785437727,1,0.5093031614218706
1454.json,david-axelrod,true,0,speaker_disjoint_split,0,0.4307839354348964,0,0.453073037456193
11273.json,donald-trump,false,1,speaker_disjoint_split,1,0.5016166922992976,1,0.5217113227300508
7846.json,dale-kooyenga,mostly-true,0,speaker_disjoint_split,0,0.34959427938257404,0,0.35311603078216924
10993.json,stanley-mcchrystal,half-true,0,speaker_disjoint_split,0,0.46342409111805305,0,0.3904040659804325
12097.json,joanne-kloppenburg,false,1,speaker_disjoint_split,0,0.3912942636576159,0,0.4135816193824305
6464.json,david-cicilline,false,1,speaker_disjoint_split,0,0.4914965523555929,0,0.4516303551044304
8553.json,goldie-taylor,false,1,speaker_disjoint_split,0,0.37298388866349813,0,0.34342169672757633
9961.json,catherine-taylor,true,0,speaker_disjoint_split,0,0.4678587173217615,0,0.4549841612042194
2545.json,debbie-jackow,false,1,speaker_disjoint_split,1,0.5741392014619181,1,0.5476236655528848
4142.json,dominick-marino,half-true,0,speaker_disjoint_split,1,0.5016574811382997,0,0.4790374442925153
3213.json,peter-defazio,mostly-true,0,speaker_disjoint_split,0,0.42785543918931673,1,0.5199561892835313
12801.json,chris-murphy,true,0,speaker_disjoint_split,0,0.30528996249616136,0,0.35907991654396
10867.json,scott-walker,mostly-true,0,speaker_disjoint_split,0,0.4576537338982963,0,0.4106484785031782
6101.json,tim-kaine,mostly-true,0,speaker_disjoint_split,0,0.47677121549938223,0,0.42436846513002124
11422.json,bernie-s,mostly-true,0,speaker_disjoint_split,0,0.4056354613239661,0,0.3992502766600286
13185.json,tim-kaine,half-true,0,speaker_disjoint_split,0,0.4413863569201954,0,0.4646630901278674
10574.json,bill-oreilly,half-true,0,speaker_disjoint_split,1,0.5450465769114169,0,0.4815721823729311
6852.json,robert-menendez,true,0,speaker_disjoint_split,0,0.48464503916449436,0,0.43453401121355206
6044.json,gary-johnson,barely-true,1,speaker_disjoint_split,0,0.35991271328667795,0,0.3864343292377877
5148.json,democratic-congressional-campaign-committee,pants-fire,1,speaker_disjoint_split,0,0.4494974626348687,0,0.47606380619002864
12239.json,bernie-s,mostly-true,0,speaker_disjoint_split,0,0.3280216623235625,0,0.38567741231824715
1255.json,carl-levin,true,0,speaker_disjoint_split,1,0.5490333120302509,1,0.5473300515664817
9887.json,charlie-crist,mostly-true,0,speaker_disjoint_split,1,0.544881952166432,1,0.5166433234966041
12971.json,donald-trump,false,1,speaker_disjoint_split,0,0.39838829347455723,0,0.40573538546943283
10584.json,ben-carson,false,1,speaker_disjoint_split,0,0.4175607031461632,0,0.464623066307555
3295.json,tim-kaine,mostly-true,0,speaker_disjoint_split,0,0.33728965275390244,0,0.40226529619592555
4052.json,united-fair-economy,mostly-true,0,speaker_disjoint_split,0,0.4734205997208346,0,0.4576719900949469
10619.json,rush-limbaugh,false,1,speaker_disjoint_split,0,0.4435245766658734,1,0.5240144935923747
9604.json,rush-limbaugh,half-true,0,speaker_disjoint_split,1,0.564008623089877,1,0.5126468368576841
1721.json,debbie-wasserman-schultz,barely-true,1,speaker_disjoint_split,0,0.43062745596012286,0,0.4908033086028819
5437.json,national-republican-congressional-committee,barely-true,1,speaker_disjoint_split,0,0.33642054377095504,0,0.37246404832165786
3833.json,national-republican-congressional-committee,barely-true,1,speaker_disjoint_split,1,0.5445644212247721,1,0.5615768420987225
1062.json,keith-olbermann,false,1,speaker_disjoint_split,0,0.4566600841203762,0,0.44917401383089617
13396.json,blog-posting,pants-fire,1,speaker_disjoint_split,0,0.47376612543401286,1,0.5455987342053339
3299.json,scott-walker,false,1,speaker_disjoint_split,0,0.4788898557505786,1,0.5094450322117925
6719.json,national-republican-congressional-committee,half-true,0,speaker_disjoint_split,1,0.5363464494592409,1,0.5927844800527606
8918.json,dan-patrick,false,1,speaker_disjoint_split,1,0.8747498828401186,1,0.6737903759062358
13011.json,donald-trump,half-true,0,speaker_disjoint_split,0,0.43314993209428115,0,0.47462883614682966
1296.json,rush-limbaugh,half-true,0,speaker_disjoint_split,0,0.34744345023113415,0,0.4409229938166211
4448.json,debbie-wasserman-schultz,barely-true,1,speaker_disjoint_split,0,0.4224544965117713,0,0.41595388444798453
10875.json,sarah-silverman,true,0,speaker_disjoint_split,1,0.539051157366602,1,0.5219592346949995
11044.json,donald-trump,pants-fire,1,speaker_disjoint_split,0,0.4514144450019847,0,0.4914221556279127
10805.json,danny-porter,half-true,0,speaker_disjoint_split,1,0.6210877587346717,1,0.5580156484968306
4772.json,kathleen-connell,false,1,speaker_disjoint_split,0,0.33362519910530497,0,0.40941751556678974
9855.json,blog-posting,pants-fire,1,speaker_disjoint_split,0,0.4795625600573989,1,0.560064169091244
12984.json,donald-trump,pants-fire,1,speaker_disjoint_split,1,0.5589963269707698,0,0.4912048859656941
3328.json,bill-oreilly,mostly-true,0,speaker_disjoint_split,0,0.3110521058051337,0,0.3827808928869503
9972.json,scott-walker,mostly-true,0,speaker_disjoint_split,1,0.536292927621586,1,0.5028733673614746
10476.json,celine-gounder,true,0,speaker_disjoint_split,0,0.47469569315998983,0,0.4649218393279073
8132.json,bill-foster,half-true,0,speaker_disjoint_split,0,0.410466972104476,0,0.3790422083735913
6172.json,rush-limbaugh,pants-fire,1,speaker_disjoint_split,1,0.5599604214419833,0,0.48243108482684294
12892.json,donald-trump,pants-fire,1,speaker_disjoint_split,1,0.5536407034464594,1,0.527696450237584
10094.json,scott-walker,mostly-true,0,speaker_disjoint_split,0,0.3180641017493565,0,0.29996398271364205
514.json,john-mccain,true,0,speaker_disjoint_split,0,0.49836449174733666,0,0.44638320796658504
2586.json,john-kasich,mostly-true,0,speaker_disjoint_split,0,0.46126107329509025,0,0.4563515531453753
1923.json,orrin-hatch,barely-true,1,speaker_disjoint_split,0,0.27687954485683874,0,0.3418267788171165
5301.json,debbie-wasserman-schultz,false,1,speaker_disjoint_split,0,0.4217637065524892,0,0.49212324025180487
1291.json,tom-mcclintock,false,1,speaker_disjoint_split,0,0.37642117527312335,0,0.3984183397136962
9903.json,national-republican-congressional-committee,barely-true,1,speaker_disjoint_split,0,0.2727152287213812,0,0.3303890323477805
12796.json,donald-trump,mostly-true,0,speaker_disjoint_split,1,0.5090421274416026,0,0.46098967816022346
7180.json,sam-adams,false,1,speaker_disjoint_split,0,0.3160271908790227,0,0.3335924558677881
3716.json,ron-paul,half-true,0,speaker_disjoint_split,0,0.41852231111842036,0,0.4227988747132747
9654.json,dennis-richardson,mostly-true,0,speaker_disjoint_split,0,0.3617260916367215,0,0.359938148787611
2836.json,john-pistole,true,0,speaker_disjoint_split,0,0.4548478520033567,0,0.4855144145864791
9697.json,lenar-whitney,pants-fire,1,speaker_disjoint_split,1,0.668347479060939,1,0.6472257480831035
4405.json,daniel-mckee,mostly-true,0,speaker_disjoint_split,0,0.30602306934578594,0,0.3483181054373115
3515.json,donald-trump,false,1,speaker_disjoint_split,0,0.4066636652087544,0,0.4736806458143778
11745.json,dan-patrick,half-true,0,speaker_disjoint_split,0,0.39168224438553795,0,0.36085996696808065
9700.json,charlie-crist,barely-true,1,speaker_disjoint_split,0,0.44311093136899465,0,0.4417717269795905
10515.json,scott-walker,half-true,0,speaker_disjoint_split,0,0.48997445439500936,0,0.4516875298193039
9753.json,scott-walker,true,0,speaker_disjoint_split,0,0.4598152201439305,0,0.41638783714739597
11098.json,rush-limbaugh,half-true,0,speaker_disjoint_split,0,0.44802447329173667,0,0.48111775748457347
7600.json,blog-posting,mostly-true,0,speaker_disjoint_split,1,0.6302731561495416,1,0.5781483638137326
13139.json,donald-trump,barely-true,1,speaker_disjoint_split,0,0.4106656908658514,0,0.4452463701123186
718.json,john-mccain,mostly-true,0,speaker_disjoint_split,0,0.35765697560745074,0,0.3722558256940346
5516.json,scott-walker,half-true,0,speaker_disjoint_split,0,0.4201202185985462,0,0.43322030765266745
13308.json,donald-trump,barely-true,1,speaker_disjoint_split,1,0.5074030476357251,0,0.4995334159070546
3298.json,scott-walker,true,0,speaker_disjoint_split,0,0.47667374291830344,0,0.4451538187826726
8063.json,instagram-posts,false,1,speaker_disjoint_split,0,0.386493688296079,0,0.3837176996301161
4280.json,ron-paul,false,1,speaker_disjoint_split,1,0.6627473223377908,1,0.6165812096891409
476.json,john-mccain,half-true,0,speaker_disjoint_split,0,0.41787880913292375,0,0.4662749769261108
1870.json,fulton-county-government,true,0,speaker_disjoint_split,0,0.43095812971756375,0,0.3619113060239856
5745.json,joe-biden,half-true,0,speaker_disjoint_split,0,0.4483145438133199,0,0.4087060953601977
3486.json,larry-ahern,false,1,speaker_disjoint_split,1,0.6267821108908258,0,0.4827085687161148
8565.json,saxby-chambliss,mostly-true,0,speaker_disjoint_split,1,0.5029603350020522,0,0.4914990733181311
1899.json,john-mccain,true,0,speaker_disjoint_split,0,0.4442595319762084,0,0.49278661331268125
3775.json,ken-cuccinelli,true,0,speaker_disjoint_split,1,0.5160391843281055,0,0.46986682630168497
2895.json,michael-steele,half-true,0,speaker_disjoint_split,0,0.261744987956092,0,0.28834523227717074
665.json,joe-biden,half-true,0,speaker_disjoint_split,1,0.5296416414553223,0,0.45791969308258296
11733.json,donald-trump,false,1,speaker_disjoint_split,0,0.40803624793783383,0,0.49674247821779116
12369.json,donald-trump,false,1,speaker_disjoint_split,1,0.5627208742554793,1,0.5039939206082982
11220.json,julian-castro,true,0,speaker_disjoint_split,0,0.3207448809070295,0,0.3315270954275526
13475.json,blog-posting,pants-fire,1,speaker_disjoint_split,0,0.413211482293856,1,0.5106067528512329
668.json,joe-biden,barely-true,1,speaker_disjoint_split,1,0.5493854756387833,1,0.5318605064754601
6347.json,robert-menendez,true,0,speaker_disjoint_split,0,0.41350983355079757,0,0.37446433640359894
8273.json,eddie-bernice-johnson,false,1,speaker_disjoint_split,0,0.49576562113209444,0,0.43145902310866385
2382.json,austan-goolsbee,mostly-true,0,speaker_disjoint_split,0,0.3560657793319874,0,0.3386913254712215
2389.json,jb-van-hollen,mostly-true,0,speaker_disjoint_split,1,0.5103518982380336,0,0.42242381291369285
2365.json,maryellen-oshaughnessy,false,1,speaker_disjoint_split,0,0.39766290455656766,0,0.39056212981511385
90.json,joe-biden,false,1,speaker_disjoint_split,0,0.30621353143191604,0,0.35536813785039295
9108.json,gilberto-hinojosa,false,1,speaker_disjoint_split,1,0.5325349130185374,1,0.5322435180406572
8184.json,steve-lonegan,half-true,0,speaker_disjoint_split,0,0.42616874457254583,0,0.38013269852724546
9649.json,republican-party-florida,barely-true,1,speaker_disjoint_split,0,0.41150698799025975,0,0.38258255292930954
10480.json,rush-limbaugh,pants-fire,1,speaker_disjoint_split,0,0.3648875183180847,0,0.417059386051503
11631.json,ben-carson,false,1,speaker_disjoint_split,1,0.6583914226698974,1,0.5968128977901752
9387.json,aclu-florida,half-true,0,speaker_disjoint_split,0,0.4298328348247875,0,0.4345880588550057
1596.json,cliff-stearns,half-true,0,speaker_disjoint_split,0,0.4667953499752679,1,0.5611178816650215
2028.json,alexi-giannoulias,true,0,speaker_disjoint_split,1,0.5587243561932886,1,0.572907399552361
11237.json,scott-walker,true,0,speaker_disjoint_split,0,0.40276172608834493,0,0.4244137249822904
744.json,john-mccain,false,1,speaker_disjoint_split,0,0.4263868181527695,0,0.3916667753305905
559.json,john-mccain,false,1,speaker_disjoint_split,1,0.516598882922182,1,0.5045079628909519
667.json,joe-biden,true,0,speaker_disjoint_split,0,0.4012001093870331,0,0.3831243922682602
1007.json,rush-limbaugh,mostly-true,0,speaker_disjoint_split,0,0.48351684753319885,1,0.5388462195594923
12935.json,donald-trump,false,1,speaker_disjoint_split,1,0.5156808289062432,1,0.5215217768948583
10214.json,lynda-rife,barely-true,1,speaker_disjoint_split,1,0.5175243664304005,0,0.439659278703455
9767.json,scott-walker,mostly-true,0,speaker_disjoint_split,1,0.500194506864361,1,0.5002060114183594
766.json,joe-biden,mostly-true,0,speaker_disjoint_split,0,0.40816170097278837,0,0.39595132945532086
570.json,john-mccain,half-true,0,speaker_disjoint_split,1,0.6010922330820996,1,0.578065600086054
11942.json,donald-trump,barely-true,1,speaker_disjoint_split,0,0.45762633359343496,1,0.5274689657218345
9952.json,republican-governors-association,mostly-true,0,speaker_disjoint_split,0,0.3208363601031345,0,0.31401184500980595
806.json,john-mccain,true,0,speaker_disjoint_split,0,0.44224900078198437,0,0.45887921111073693
4829.json,scott-walker,false,1,speaker_disjoint_split,0,0.4087220458909787,0,0.4536424498241034
8220.json,ken-cuccinelli,false,1,speaker_disjoint_split,1,0.5292016788290163,1,0.5080703816465426
3832.json,charlotte-nash,mostly-true,0,speaker_disjoint_split,0,0.284576986427181,0,0.33836167645227905
12119.json,donald-trump,false,1,speaker_disjoint_split,0,0.43584995557089223,0,0.4853786093167951
8155.json,bill-foster,true,0,speaker_disjoint_split,0,0.45102467171578825,0,0.33558578744906664
11533.json,ben-carson,pants-fire,1,speaker_disjoint_split,0,0.43454145444730435,0,0.4157987925352462
8138.json,jeb-hensarling,half-true,0,speaker_disjoint_split,0,0.4591036234503232,1,0.5218590384406769
7209.json,robert-menendez,true,0,speaker_disjoint_split,0,0.3944572453541841,0,0.4073160760408933
4078.json,stephen-sweeney,barely-true,1,speaker_disjoint_split,0,0.4189223104627428,0,0.3295854282924122
11853.json,bernie-s,false,1,speaker_disjoint_split,1,0.5060785613933547,0,0.49576638220125574
773.json,joe-biden,true,0,speaker_disjoint_split,0,0.41216572103166216,0,0.405956136284962
13530.json,donald-trump,false,1,speaker_disjoint_split,0,0.3755692772471476,0,0.36355799779533476
13426.json,donald-trump,mostly-true,0,speaker_disjoint_split,1,0.5381808622601247,1,0.6045841423607546
2415.json,steve-munisteri,half-true,0,speaker_disjoint_split,0,0.3743556927378487,0,0.3885861849283854
4055.json,nina-turner,true,0,speaker_disjoint_split,0,0.4904639712065268,0,0.39055450293709604
188.json,bill-richardson,false,1,speaker_disjoint_split,0,0.47408431030287984,0,0.442706463112987
2229.json,esquire-magazine,true,0,speaker_disjoint_split,0,0.39015736405140566,0,0.4794739064283252
3618.json,democratic-congressional-campaign-committee,pants-fire,1,speaker_disjoint_split,1,0.6324833867876094,1,0.5681587727390871
12659.json,donald-trump,half-true,0,speaker_disjoint_split,1,0.5968211223269236,0,0.4641046645160042
10953.json,donald-trump,false,1,speaker_disjoint_split,0,0.3859289805407801,0,0.4528317732454345
11336.json,ben-carson,false,1,speaker_disjoint_split,0,0.428112344305639,0,0.4045940140711062
6855.json,sam-adams,true,0,speaker_disjoint_split,0,0.4393660931556327,0,0.36321588932749743
2907.json,nfl-players-association,false,1,speaker_disjoint_split,0,0.4308030539851229,0,0.425743354893
3988.json,vern-buchanan,barely-true,1,speaker_disjoint_split,0,0.46973755623990326,0,0.4756342639308512
3579.json,donald-trump,false,1,speaker_disjoint_split,1,0.5424227568696834,0,0.4960049790063209
4159.json,bruce-hanna,barely-true,1,speaker_disjoint_split,0,0.4431043322399518,0,0.4518689488848153
252.json,joe-biden,barely-true,1,speaker_disjoint_split,1,0.5498641679508441,1,0.5619030306372902
5035.json,restore-our-future,half-true,0,speaker_disjoint_split,0,0.49951633249451655,1,0.5106171899948936
8890.json,state-democratic-party-wisconsin,false,1,speaker_disjoint_split,1,0.5349253771724326,1,0.5550830206820243
9852.json,tim-kaine,mostly-true,0,speaker_disjoint_split,1,0.5103004987216547,0,0.45223676615489444
4980.json,lloyd-doggett,barely-true,1,speaker_disjoint_split,1,0.5253260978257388,0,0.43796143973435064
3370.json,ken-cuccinelli,half-true,0,speaker_disjoint_split,0,0.4653965121314449,0,0.4640421840297244
12062.json,culinary-workers-union,mostly-true,0,speaker_disjoint_split,0,0.41930240729852253,1,0.535983914824858
10392.json,nathan-deal,mostly-true,0,speaker_disjoint_split,0,0.3855818268764947,0,0.3807786907104564
1040.json,michael-steele,true,0,speaker_disjoint_split,0,0.3824111967158619,0,0.38701648571043235
13065.json,bob-duffy,mostly-true,0,speaker_disjoint_split,0,0.3331722190806532,0,0.3316985735763556
12040.json,bernie-s,mostly-true,0,speaker_disjoint_split,0,0.47591016785278434,0,0.47357670643762667
1002.json,wayne-lapierre,half-true,0,speaker_disjoint_split,1,0.5370206411133666,0,0.49279785470868936
9530.json,rush-limbaugh,pants-fire,1,speaker_disjoint_split,0,0.4586829345327404,0,0.4261317832242456
3265.json,club-growth,barely-true,1,speaker_disjoint_split,0,0.4812756366655304,1,0.5274815117279337
7923.json,joe-biden,true,0,speaker_disjoint_split,0,0.37061472348088104,0,0.32565210353258367
12094.json,donald-trump,false,1,speaker_disjoint_split,0,0.3574470443501518,0,0.4343748544961208
3547.json,donald-trump,half-true,0,speaker_disjoint_split,0,0.48151019037308324,1,0.5403886299409272
10043.json,morgan-brittany,pants-fire,1,speaker_disjoint_split,1,0.5178998691272182,0,0.46697999201661383
10973.json,scott-walker,half-true,0,speaker_disjoint_split,0,0.4971815702246788,1,0.5036728455541544
697.json,john-mccain,half-true,0,speaker_disjoint_split,0,0.4781439543945898,0,0.4316222945989472
2300.json,ron-klein,mostly-true,0,speaker_disjoint_split,0,0.4951396224673554,1,0.5206303883823358
5861.json,eileen-brady,false,1,speaker_disjoint_split,0,0.45596259055275623,0,0.41788273410219284
8668.json,sam-houston,half-true,0,speaker_disjoint_split,1,0.5005169417835034,1,0.5906129703598403
7068.json,republican-governors-association,half-true,0,speaker_disjoint_split,1,0.5574908278842884,0,0.49780202089022324
5888.json,bill-spelman,false,1,speaker_disjoint_split,0,0.4291034467501102,0,0.4862685236899217
13388.json,arizonans-responsible-drug-policy,half-true,0,speaker_disjoint_split,0,0.319310301188646,0,0.36259208060292364
6549.json,charlie-crist,half-true,0,speaker_disjoint_split,0,0.4174251787983939,0,0.4580619033408073
4059.json,better-austin-today-political-action-committee,false,1,speaker_disjoint_split,0,0.3361783498391302,0,0.2993696543343207
1590.json,citizens-lower-taxes-and-stronger-economy,true,0,speaker_disjoint_split,0,0.388859030658129,0,0.3892159255869142
365.json,blog-posting,pants-fire,1,speaker_disjoint_split,1,0.5351699359887718,1,0.5707312615822003
8325.json,bernie-s,half-true,0,speaker_disjoint_split,0,0.3455611693730931,0,0.39004349117049797
12911.json,donald-trump,pants-fire,1,speaker_disjoint_split,1,0.5623875639808679,1,0.5288419196707145
10368.json,jerry-jones,false,1,speaker_disjoint_split,0,0.29412801347903395,0,0.39706496629631893
721.json,john-mccain,barely-true,1,speaker_disjoint_split,0,0.44772609656365214,0,0.4153777249516677
2022.json,jan-brewer,half-true,0,speaker_disjoint_split,0,0.4040137545510604,0,0.4285401309950826
4762.json,blog-posting,barely-true,1,speaker_disjoint_split,1,0.599193840317071,1,0.6806101152239559
12872.json,tim-kaine,false,1,speaker_disjoint_split,0,0.36661246880752246,0,0.4883856405374661
1546.json,charlie-crist,mostly-true,0,speaker_disjoint_split,0,0.3578278568009956,0,0.3178735921807079
408.json,bill-clinton,true,0,speaker_disjoint_split,0,0.32631575186638956,0,0.39876162743245536
9895.json,dan-patrick,true,0,speaker_disjoint_split,0,0.41287083447147027,0,0.3591179617975318
4747.json,jon-huntsman,half-true,0,speaker_disjoint_split,0,0.340215833232203,0,0.37049218458195154
9105.json,charlie-crist,mostly-true,0,speaker_disjoint_split,1,0.5403600041683823,1,0.5000168200226445
2446.json,bill-clinton,half-true,0,speaker_disjoint_split,0,0.3280941828261879,0,0.3828855478888553
3669.json,dan-boren,half-true,0,speaker_disjoint_split,0,0.33421282662002083,0,0.3784540818573266
4385.json,blog-posting,pants-fire,1,speaker_disjoint_split,0,0.45587127608596,1,0.5894702079289599
8211.json,jeffrey-grybowski,mostly-true,0,speaker_disjoint_split,0,0.4376435670153579,1,0.5145154948965864
146.json,bill-richardson,half-true,0,speaker_disjoint_split,0,0.4747464012895253,0,0.45180169632310646
5476.json,charlotte-nash,mostly-true,0,speaker_disjoint_split,0,0.3260165328705275,0,0.3539396639340305
12329.json,donald-trump,false,1,speaker_disjoint_split,0,0.345221565990133,0,0.3741723721473761
9647.json,club-growth,false,1,speaker_disjoint_split,0,0.40235488752925747,0,0.40278616129487754
6752.json,marsha-blackburn,true,0,speaker_disjoint_split,0,0.4706804086655815,0,0.4528314925650121
6619.json,david-cicilline,false,1,speaker_disjoint_split,0,0.40282466553080964,0,0.4218653218482574
10660.json,state-democratic-party-wisconsin,pants-fire,1,speaker_disjoint_split,1,0.6162672492085463,1,0.6036115888788113
12406.json,national-republican-congressional-committee,pants-fire,1,speaker_disjoint_split,1,0.5948983466853822,1,0.5661854405873934
1157.json,tom-coburn,half-true,0,speaker_disjoint_split,0,0.38796481396929705,0,0.4605496072278932
3373.json,democratic-congressional-campaign-committee,barely-true,1,speaker_disjoint_split,1,0.618205336671523,1,0.5848238879634508
1447.json,jeb-hensarling,false,1,speaker_disjoint_split,0,0.48625489824577384,1,0.5168775466547859
1317.json,bob-beckel,half-true,0,speaker_disjoint_split,0,0.43695430829740933,0,0.4216305763826182
11206.json,bernie-s,false,1,speaker_disjoint_split,0,0.35653769422412146,0,0.4522757112937385
6613.json,democratic-party-oregon,half-true,0,speaker_disjoint_split,1,0.6135748968240096,1,0.5067967510021618
12641.json,colorado-citizens-accountable-government,pants-fire,1,speaker_disjoint_split,1,0.5736834514120802,0,0.42596015952049776
10323.json,scott-walker,true,0,speaker_disjoint_split,0,0.4058284979988354,0,0.38279857850255344
743.json,john-mccain,mostly-true,0,speaker_disjoint_split,0,0.3304605467788847,0,0.38921325127962997
12413.json,david-miliband,mostly-true,0,speaker_disjoint_split,0,0.3579485203200062,0,0.4023100786495336
13318.json,donald-trump,half-true,0,speaker_disjoint_split,1,0.5002811120843947,1,0.5901731222907367
9170.json,john-e-sununu,false,1,speaker_disjoint_split,0,0.46280350413064403,1,0.5039421455693472
11688.json,carly-fiorina,barely-true,1,speaker_disjoint_split,0,0.48139221461493376,0,0.4657475581377065
3273.json,scott-walker,pants-fire,1,speaker_disjoint_split,1,0.6987644318768677,1,0.6319468802447856
10465.json,nathan-deal,true,0,speaker_disjoint_split,0,0.3708074053521669,0,0.34671513218778327
6804.json,national-republican-congressional-committee,pants-fire,1,speaker_disjoint_split,1,0.5643699586221562,1,0.6668632132781752
129.json,joe-biden,true,0,speaker_disjoint_split,0,0.35309849921678976,0,0.35530225847691227
7219.json,sam-adams,half-true,0,speaker_disjoint_split,0,0.40959004523127196,0,0.39427409337650127
13436.json,chris-sununu,pants-fire,1,speaker_disjoint_split,0,0.44709750064376164,0,0.39645527208326425
9665.json,city-brookhaven,half-true,0,speaker_disjoint_split,0,0.43605568666191125,0,0.400236175723353
8362.json,ken-cuccinelli,mostly-true,0,speaker_disjoint_split,0,0.4580699134976398,0,0.3648903222368324
7995.json,americans-prosperity-georgia-chapter,half-true,0,speaker_disjoint_split,0,0.3543135086644201,0,0.39242149614047844
12262.json,bernie-s,barely-true,1,speaker_disjoint_split,0,0.48850234006673693,1,0.5032183711344895
7252.json,kirk-watson,true,0,speaker_disjoint_split,0,0.4366272174424804,0,0.43065969498708007
12462.json,donald-trump,half-true,0,speaker_disjoint_split,0,0.3045904976907905,0,0.3747991193847605
5103.json,nina-turner,barely-true,1,speaker_disjoint_split,1,0.5977521505074777,1,0.5301175925645986
8660.json,generation-opportunity,half-true,0,speaker_disjoint_split,1,0.5264276835853863,0,0.46144595347271583
10558.json,kurt-bauer,barely-true,1,speaker_disjoint_split,0,0.3445235750420385,0,0.4650656220536368
10790.json,van-taylor,barely-true,1,speaker_disjoint_split,0,0.3608931385296222,0,0.4157135635768303
11362.json,chuck-todd,true,0,speaker_disjoint_split,0,0.41423202762208233,0,0.45870112437133065
5600.json,blog-posting,false,1,speaker_disjoint_split,1,0.5481769076605681,1,0.6248717590743664
6078.json,scott-walker,barely-true,1,speaker_disjoint_split,0,0.45636005776896715,0,0.4575103638907386
3830.json,john-kasich,mostly-true,0,speaker_disjoint_split,0,0.30567651336270474,0,0.382516032274005
1368.json,charlie-crist,true,0,speaker_disjoint_split,0,0.388801909131463,0,0.337459597391779
1456.json,debra-medina,false,1,speaker_disjoint_split,0,0.47137106129255557,0,0.43715739052396607
602.json,john-mccain,true,0,speaker_disjoint_split,1,0.6733748103855969,1,0.5247371472953626
13024.json,donald-trump,false,1,speaker_disjoint_split,0,0.33086979641733477,0,0.39526134330945917
4773.json,rob-cornilles,false,1,speaker_disjoint_split,0,0.494615014520235,1,0.569783295121048
11667.json,donald-trump,barely-true,1,speaker_disjoint_split,0,0.4019371906023617,0,0.4372406852915931
13456.json,ann-coulter,false,1,speaker_disjoint_split,0,0.4244669195070876,0,0.4804054671116241
10797.json,scott-walker,barely-true,1,speaker_disjoint_split,0,0.4398236978086743,0,0.4233662307142336
7486.json,scott-walker,mostly-true,0,speaker_disjoint_split,0,0.42912165763811777,0,0.44240630382288126
12762.json,donald-trump,pants-fire,1,speaker_disjoint_split,1,0.5398564906072725,1,0.5346079744178326
6893.json,coalition-bring-jobs-ri,barely-true,1,speaker_disjoint_split,1,0.5873287715968281,1,0.5462641784373037
10345.json,patrick-lynch,barely-true,1,speaker_disjoint_split,0,0.44874915106769964,0,0.4303962060986134
11498.json,donald-trump,pants-fire,1,speaker_disjoint_split,0,0.48221378432176026,0,0.46909393913306396
802.json,john-mccain,false,1,speaker_disjoint_split,0,0.4945235068706129,1,0.5461748823633379
5930.json,bill-pascrell,mostly-true,0,speaker_disjoint_split,0,0.36829891540233645,0,0.4348892310189044
7567.json,carlos-trujillo,false,1,speaker_disjoint_split,1,0.5506209666055742,0,0.449794317658634
12495.json,state-democratic-party-wisconsin,mostly-true,0,speaker_disjoint_split,0,0.4575986280959898,1,0.5125633547589258
12451.json,bernie-s,mostly-true,0,speaker_disjoint_split,0,0.4406800262741345,0,0.4465002391203071
3605.json,jim-keffer,true,0,speaker_disjoint_split,0,0.424518198842713,1,0.5248293147818565
116.json,john-mccain,half-true,0,speaker_disjoint_split,0,0.2665868815760396,0,0.3231121523450829
9959.json,ryan-lizza,true,0,speaker_disjoint_split,1,0.5343307615561677,0,0.4935717939825068
12337.json,bernie-s,barely-true,1,speaker_disjoint_split,1,0.513498522680806,0,0.4015672615311988
12208.json,jorge-ramos,half-true,0,speaker_disjoint_split,0,0.3925531949491654,0,0.3944194771879614
5827.json,democratic-congressional-campaign-committee,barely-true,1,speaker_disjoint_split,1,0.6185350809916487,1,0.5557575445779773
11812.json,fox-news-channel,half-true,0,speaker_disjoint_split,1,0.7040733869848533,1,0.5372024210182239
821.json,john-mccain,false,1,speaker_disjoint_split,0,0.4646258377631133,0,0.41541075721151716
4199.json,bill-oreilly,false,1,speaker_disjoint_split,0,0.342430282253596,0,0.47634267896101173
11614.json,bernie-s,half-true,0,speaker_disjoint_split,0,0.39746503283310375,0,0.350013850162457
3199.json,bill-oreilly,half-true,0,speaker_disjoint_split,0,0.4000948603940662,0,0.44845377646542545
12532.json,donald-trump,pants-fire,1,speaker_disjoint_split,1,0.5764682152372379,1,0.6185041353908829
2370.json,ron-paul,half-true,0,speaker_disjoint_split,0,0.3595453985470586,0,0.3638478396461734
4177.json,ron-paul,true,0,speaker_disjoint_split,1,0.5144561945211543,0,0.4739102567025074
2228.json,rebecca-bell-metereau,barely-true,1,speaker_disjoint_split,1,0.6131631979071623,0,0.49502327672614355
7025.json,george-flinn,false,1,speaker_disjoint_split,0,0.31355616442103673,0,0.3490667085423222
9158.json,bob-beckel,true,0,speaker_disjoint_split,0,0.3247927038068488,0,0.3415831089007603
7636.json,caddy-mckeown,true,0,speaker_disjoint_split,0,0.4568259653667648,0,0.415848929122028
1841.json,cathie-adams,half-true,0,speaker_disjoint_split,1,0.6710508163546034,1,0.5949749582870112
10168.json,megyn-kelly,false,1,speaker_disjoint_split,1,0.7036733645608387,1,0.5067794286641226
6902.json,robert-menendez,false,1,speaker_disjoint_split,0,0.36069351344316175,0,0.35253747376716243
10951.json,donald-trump,false,1,speaker_disjoint_split,1,0.5255576505626336,1,0.6116035585017656
9571.json,blog-posting,pants-fire,1,speaker_disjoint_split,1,0.5039343598539832,1,0.6021763163265413
9732.json,charlie-crist,half-true,0,speaker_disjoint_split,0,0.3939430951216189,0,0.4348069906113918
8091.json,blog-posting,barely-true,1,speaker_disjoint_split,0,0.4313582267081697,1,0.5321535222602565
9899.json,john-mccain,mostly-true,0,speaker_disjoint_split,1,0.5014645600748225,1,0.5296644412641295
8554.json,lynn-westmoreland,true,0,speaker_disjoint_split,0,0.4080200715833479,0,0.434766434251559
2637.json,ohio-republican-party,false,1,speaker_disjoint_split,1,0.652817697457428,1,0.5650550792154561
12973.json,republican-party-florida,barely-true,1,speaker_disjoint_split,0,0.4709232221466501,0,0.435186600483445
542.json,john-mccain,true,0,speaker_disjoint_split,0,0.4771319978114854,0,0.42172673772287167
5455.json,ron-paul,half-true,0,speaker_disjoint_split,0,0.4950118436558876,0,0.4955102942142671
7053.json,majority-pac,half-true,0,speaker_disjoint_split,1,0.5027824192839815,1,0.5391377342017889
4452.json,scott-walker,barely-true,1,speaker_disjoint_split,0,0.3778593099980085,0,0.4555506212255749
3654.json,joe-biden,mostly-true,0,speaker_disjoint_split,0,0.35936817807638993,0,0.2929816770675022
4394.json,joe-biden,false,1,speaker_disjoint_split,0,0.46635055774275413,0,0.46998723982970775
1583.json,cathie-adams,false,1,speaker_disjoint_split,1,0.5947828546221704,0,0.49494232737956034
11549.json,ben-carson,false,1,speaker_disjoint_split,0,0.3596482443682282,0,0.34545345636607366
4320.json,jon-huntsman,half-true,0,speaker_disjoint_split,0,0.38809046431542027,0,0.391714275280491
7282.json,mike-polensek,true,0,speaker_disjoint_split,0,0.49959034286264936,0,0.3809276264039628
12129.json,democratic-congressional-campaign-committee,barely-true,1,speaker_disjoint_split,0,0.48180701025422906,1,0.5237070707833215
12979.json,donald-trump,false,1,speaker_disjoint_split,0,0.44167873585813683,0,0.4610131006451187
12466.json,donald-trump,false,1,speaker_disjoint_split,0,0.4238983588404696,0,0.4366885600745429
272.json,joe-biden,mostly-true,0,speaker_disjoint_split,1,0.5382463166652994,0,0.4830194767022117
8816.json,state-democratic-party-wisconsin,true,0,speaker_disjoint_split,0,0.3585571495656725,0,0.36127566431513236
3053.json,jeff-fitzgerald,barely-true,1,speaker_disjoint_split,1,0.5322805715452502,1,0.5696740744020523
11785.json,bernie-s,mostly-true,0,speaker_disjoint_split,0,0.4209780483651637,0,0.40429186938256206
1961.json,dubose-porter,true,0,speaker_disjoint_split,0,0.4118060786207625,0,0.3676656128102264
10801.json,bill-clinton,true,0,speaker_disjoint_split,0,0.4183054327073314,0,0.3866909616657855
3437.json,georgia-state-senators,false,1,speaker_disjoint_split,1,0.5880034127137755,0,0.4231919685836985
1423.json,dick-armey,false,1,speaker_disjoint_split,0,0.3662491099355357,0,0.3868830600154982
7612.json,scott-walker,half-true,0,speaker_disjoint_split,0,0.42295220608767964,0,0.45486023051453195
10152.json,scott-walker,mostly-true,0,speaker_disjoint_split,0,0.364271397394841,0,0.3650453479292116
13295.json,donald-trump,pants-fire,1,speaker_disjoint_split,0,0.4868329988427821,1,0.5344550648817844
535.json,john-mccain,true,0,speaker_disjoint_split,0,0.4178526940865553,1,0.5224605786610713
407.json,john-mccain,false,1,speaker_disjoint_split,1,0.6213097383877948,1,0.6217699771107137
4455.json,debbie-wasserman-schultz,false,1,speaker_disjoint_split,0,0.3130494588146566,0,0.3806751201423299
4672.json,scott-walker,false,1,speaker_disjoint_split,0,0.38353640573653097,0,0.4030407080355463
3678.json,donald-trump,half-true,0,speaker_disjoint_split,0,0.45397258951357444,0,0.4390745449793592
8134.json,scott-walker,true,0,speaker_disjoint_split,1,0.5165147713765902,1,0.5099516483806898
3868.json,austan-goolsbee,mostly-true,0,speaker_disjoint_split,0,0.4400229782973854,0,0.40870327027290976
11948.json,samir-chachoua,pants-fire,1,speaker_disjoint_split,0,0.42326116833093513,0,0.44276179226446877
206.json,ron-paul,true,0,speaker_disjoint_split,1,0.5077272937692254,0,0.4651051298741705
8297.json,ken-cuccinelli,false,1,speaker_disjoint_split,1,0.5305290439876271,1,0.5528855840460631
7801.json,david-cicilline,barely-true,1,speaker_disjoint_split,0,0.44048118835151767,0,0.36204353215242413
11775.json,bernie-s,barely-true,1,speaker_disjoint_split,0,0.3013265940202036,0,0.33551718488197013
2515.json,david-cicilline,half-true,0,speaker_disjoint_split,0,0.4828564286064281,1,0.5511223112157038
6224.json,julian-castro,half-true,0,speaker_disjoint_split,1,0.5080879645228964,0,0.49699619941834217
2485.json,david-axelrod,barely-true,1,speaker_disjoint_split,1,0.6750064992026412,1,0.5382179582853488
12430.json,donald-trump,false,1,speaker_disjoint_split,0,0.3470718350395834,0,0.3600435015185405
11122.json,donald-trump,barely-true,1,speaker_disjoint_split,1,0.5520686784655608,0,0.49722030544008433
2579.json,armond-budish,mostly-true,0,speaker_disjoint_split,0,0.3796251302268326,0,0.38803750159210926
3427.json,bill-kristol,mostly-true,0,speaker_disjoint_split,0,0.32459383532866254,0,0.3978965757323036
2549.json,susan-b-anthony-list,false,1,speaker_disjoint_split,1,0.515687928225731,1,0.5040128784081983
748.json,john-mccain,barely-true,1,speaker_disjoint_split,0,0.34513382936776116,0,0.45611973326931116
9869.json,scott-walker,mostly-true,0,speaker_disjoint_split,0,0.39101209756313665,0,0.4494239610137083
5490.json,gary-johnson,mostly-true,0,speaker_disjoint_split,0,0.32704048676777925,0,0.4073844570893008
12644.json,donald-trump,mostly-true,0,speaker_disjoint_split,1,0.5539314567143124,1,0.5399717648046211
6794.json,jon-husted,mostly-true,0,speaker_disjoint_split,1,0.5342527056814077,0,0.4507818106562248
7143.json,anne-goodman,true,0,speaker_disjoint_split,0,0.46725358151262525,0,0.3655102086344389
13242.json,donald-trump,false,1,speaker_disjoint_split,0,0.45643230159532805,1,0.5245324587466287
8160.json,mark-kelly,true,0,speaker_disjoint_split,0,0.29513946663144563,0,0.3384021311788253
12153.json,pat-mccrory,false,1,speaker_disjoint_split,1,0.5186515935169503,0,0.47288795928905075
13449.json,donald-trump,half-true,0,speaker_disjoint_split,0,0.46023917528212616,1,0.5716052957275746
1172.json,glenn-beck,half-true,0,speaker_disjoint_split,0,0.44347666398307034,0,0.3961488415268281
9912.json,rhue-reis,false,1,speaker_disjoint_split,0,0.37007458753918704,0,0.3721207415054465
4417.json,donna-shalala,barely-true,1,speaker_disjoint_split,0,0.38938769393873024,0,0.35805658959744024
11313.json,donald-trump,false,1,speaker_disjoint_split,0,0.4008700134090229,1,0.505598541099134
1272.json,christopher-monckton,pants-fire,1,speaker_disjoint_split,1,0.5542314193094885,1,0.5030070821146635
1356.json,glenn-beck,false,1,speaker_disjoint_split,0,0.4469345690510571,0,0.46146805604963914
3787.json,frank-wolf,barely-true,1,speaker_disjoint_split,0,0.4078040366339796,0,0.42680776721454533
5323.json,joe-biden,mostly-true,0,speaker_disjoint_split,0,0.4122373226584128,0,0.44087864648762276
1642.json,liberty-institute,half-true,0,speaker_disjoint_split,0,0.4564207621938865,0,0.4295414596742278
11489.json,reader-email,pants-fire,1,speaker_disjoint_split,1,0.6907690613681625,1,0.5838463222029425
9296.json,defending-main-street,barely-true,1,speaker_disjoint_split,0,0.4408053430714012,0,0.45742108021440664
3279.json,donna-brazile,half-true,0,speaker_disjoint_split,0,0.4802036601768759,1,0.5324431253752419
284.json,bill-clinton,half-true,0,speaker_disjoint_split,0,0.4854664602932647,0,0.4205458734263719
11611.json,donald-trump,pants-fire,1,speaker_disjoint_split,0,0.3619793206913106,0,0.4521319751058346
3223.json,get-equal-texas,half-true,0,speaker_disjoint_split,0,0.44580721031765547,0,0.4230202076748651
9191.json,new-hampshire-republican-party,mostly-true,0,speaker_disjoint_split,0,0.2009083535964561,0,0.31225784420019204
5968.json,gilberto-hinojosa,false,1,speaker_disjoint_split,1,0.5413353806986467,1,0.5249075353546581
12152.json,donald-trump,pants-fire,1,speaker_disjoint_split,0,0.45715119313907976,0,0.4889563836746039
6792.json,stefani-carter,half-true,0,speaker_disjoint_split,1,0.5230211148911519,0,0.45098486031549156
7289.json,lloyd-doggett,half-true,0,speaker_disjoint_split,0,0.40763540608601845,0,0.3813192573118683
9733.json,michael-bloomberg,false,1,speaker_disjoint_split,0,0.3503023335483533,0,0.3527332403786873
12000.json,john-kasich,mostly-true,0,speaker_disjoint_split,0,0.4446539391703964,0,0.46073204710717985
5614.json,new-hampshire-republican-party,barely-true,1,speaker_disjoint_split,1,0.5144776115823706,0,0.4741396265409451
12217.json,bernie-s,true,0,speaker_disjoint_split,0,0.3629631344487755,0,0.35858463273048635
8389.json,jeanne-shaheen,true,0,speaker_disjoint_split,0,0.4417319656017428,0,0.3786947599541067
1609.json,charlie-crist,barely-true,1,speaker_disjoint_split,0,0.3819332002382753,0,0.3899157224866201
8274.json,ken-cuccinelli,half-true,0,speaker_disjoint_split,0,0.48019604456628506,0,0.48819134809898657
5233.json,scott-walker,mostly-true,0,speaker_disjoint_split,1,0.610007981052005,1,0.5552479932154691
1663.json,john-mccain,pants-fire,1,speaker_disjoint_split,1,0.547479302387857,1,0.5292905748623853
7199.json,terry-russell,true,0,speaker_disjoint_split,0,0.3490503411299251,0,0.4021332652154024
9523.json,james-buchal,false,1,speaker_disjoint_split,0,0.3902142054472996,0,0.4209164023063688
11738.json,donald-trump,false,1,speaker_disjoint_split,1,0.5656150972499485,1,0.5476063763839704
1752.json,rush-limbaugh,false,1,speaker_disjoint_split,1,0.5179628201739863,1,0.5300566203511196
8143.json,ken-cuccinelli,false,1,speaker_disjoint_split,0,0.4759617057696551,0,0.43347173444821957
10589.json,julie-lassa,half-true,0,speaker_disjoint_split,0,0.40087890134450604,0,0.38897880741898855
4183.json,chip-rogers,true,0,speaker_disjoint_split,0,0.34993331026767266,0,0.41556729258892455
11148.json,jack-hanna,mostly-true,0,speaker_disjoint_split,0,0.3831901444494412,0,0.3861195012641198
6422.json,protect-your-vote-ohio-protect-your-vote-ohio,mostly-true,0,speaker_disjoint_split,1,0.5798573246279797,0,0.49667694437043913
4752.json,debbie-wasserman-schultz,mostly-true,0,speaker_disjoint_split,0,0.38901869618239365,1,0.5015356779146356
69.json,ron-paul,true,0,speaker_disjoint_split,1,0.5058652229793332,0,0.4521355428974569
6036.json,david-axelrod,half-true,0,speaker_disjoint_split,0,0.399397390887482,0,0.4261056354166473
3725.json,silvestre-reyes,mostly-true,0,speaker_disjoint_split,0,0.3933989170907817,0,0.4655086371023077
8407.json,debbie-wasserman-schultz,barely-true,1,speaker_disjoint_split,0,0.44454800036664077,1,0.5037992091549939
12340.json,joe-biden,mostly-true,0,speaker_disjoint_split,1,0.5563286488673156,1,0.5240480178074001
6887.json,jon-husted,false,1,speaker_disjoint_split,0,0.45688762242944747,0,0.43307843843192795
11885.json,bernie-s,mostly-true,0,speaker_disjoint_split,0,0.3942193844278962,0,0.36235141012624944
9904.json,national-republican-congressional-committee,half-true,0,speaker_disjoint_split,0,0.28539966764824615,0,0.32527413771502195
11609.json,carly-fiorina,false,1,speaker_disjoint_split,0,0.4357405549931012,0,0.45909121361058075
3834.json,debbie-wasserman-schultz,false,1,speaker_disjoint_split,0,0.4706503506109344,1,0.5766787314626045
7853.json,ken-cuccinelli,false,1,speaker_disjoint_split,1,0.6639991450375298,1,0.6368055559587278
10400.json,claire-suggs,mostly-true,0,speaker_disjoint_split,0,0.3655356058156485,0,0.3467724403761629
2743.json,taxpayer-association-oregon,half-true,0,speaker_disjoint_split,0,0.4600201767996161,0,0.38318411985421585
13076.json,john-fleming,false,1,speaker_disjoint_split,0,0.47823350903980577,0,0.4978042195444582
12241.json,bernie-s,half-true,0,speaker_disjoint_split,0,0.2814709502306738,0,0.35840784520604124
4678.json,joe-biden,half-true,0,speaker_disjoint_split,0,0.3898302749648858,0,0.3722648269982016
4000.json,nathan-deal,barely-true,1,speaker_disjoint_split,0,0.4595942320952166,0,0.4628721289743754
2148.json,jeb-hensarling,true,0,speaker_disjoint_split,0,0.3773517097694456,0,0.41062173527186047
12300.json,david-jolly,true,0,speaker_disjoint_split,0,0.45812550588558254,0,0.43748554888020835
11274.json,jorge-ramos,half-true,0,speaker_disjoint_split,0,0.31818619144660365,0,0.39992810051472466
9829.json,mike-collier,true,0,speaker_disjoint_split,0,0.48392840124588454,0,0.4256761616592993
7294.json,scott-walker,pants-fire,1,speaker_disjoint_split,0,0.4827340603490673,0,0.4247157138224552
3238.json,scott-walker,false,1,speaker_disjoint_split,0,0.49086013863546113,1,0.5139447250673244
13120.json,donald-trump,half-true,0,speaker_disjoint_split,0,0.48541367610389213,1,0.5131605274297446
6650.json,anthony-gemma,mostly-true,0,speaker_disjoint_split,0,0.3546333133025215,0,0.3481717000337017
1487.json,joe-biden,half-true,0,speaker_disjoint_split,0,0.37316036509271205,0,0.39067535431060435
6360.json,bernie-s,true,0,speaker_disjoint_split,0,0.23017321577624414,0,0.24783652121710517
12327.json,bernie-s,mostly-true,0,speaker_disjoint_split,1,0.7417122593825711,1,0.5677970147097742
13162.json,arizonans-responsible-drug-policy,barely-true,1,speaker_disjoint_split,1,0.5552565158567585,0,0.49625556340715704
2172.json,republican-governors-association,half-true,0,speaker_disjoint_split,0,0.4674385120126842,0,0.46393995426491375
5701.json,republican-governors-association,half-true,0,speaker_disjoint_split,0,0.408988810406386,0,0.37597715597495207
4038.json,robert-brown,false,1,speaker_disjoint_split,0,0.4473253177189347,1,0.5033982906134128
1761.json,progress-florida,true,0,speaker_disjoint_split,1,0.5420976999392778,0,0.41384062743121774
2588.json,christine-odonnell,mostly-true,0,speaker_disjoint_split,0,0.4367430746973987,0,0.4358598604334816
12934.json,donald-trump,barely-true,1,speaker_disjoint_split,1,0.5260468471232499,1,0.5155525761443895
7159.json,jeanne-shaheen,barely-true,1,speaker_disjoint_split,0,0.4561114870273874,0,0.48549149464604036
1851.json,votevetsorg,half-true,0,speaker_disjoint_split,0,0.42024447276191834,0,0.4365443065403401
7464.json,trey-martinez-fischer,half-true,0,speaker_disjoint_split,0,0.4825593478273143,0,0.4499000435303085
13493.json,donald-trump,pants-fire,1,speaker_disjoint_split,0,0.4416935299067078,0,0.4724937050598804
13332.json,donald-trump,half-true,0,speaker_disjoint_split,1,0.5548645059120116,1,0.6565216153439377
11783.json,debbie-wasserman-schultz,false,1,speaker_disjoint_split,1,0.5485475524379775,1,0.6376822578330956
7977.json,debbie-wasserman-schultz,true,0,speaker_disjoint_split,0,0.3390148880386274,0,0.44738438653648155
10211.json,scott-walker,true,0,speaker_disjoint_split,0,0.39791773400433195,0,0.4263918082506074
5687.json,scott-walker,false,1,speaker_disjoint_split,0,0.4071415443839357,0,0.4813718024792617
13232.json,donald-trump,false,1,speaker_disjoint_split,1,0.517875784120756,0,0.4976847007309132
6904.json,joe-biden,barely-true,1,speaker_disjoint_split,1,0.5535027650137175,1,0.5356234999456589
9325.json,karl-rove,false,1,speaker_disjoint_split,0,0.4344875159650019,0,0.4560630541037678
4736.json,taxpayer-association-oregon,false,1,speaker_disjoint_split,0,0.40067643716621754,0,0.3458318823858971
9830.json,john-mccain,mostly-true,0,speaker_disjoint_split,0,0.46580999271243007,0,0.47233891468200334
9078.json,jim-moore,true,0,speaker_disjoint_split,0,0.3393880900635925,0,0.4639896965186868
8738.json,rush-limbaugh,pants-fire,1,speaker_disjoint_split,0,0.46202926735343586,0,0.4474840323121317
4419.json,michael-bloomberg,true,0,speaker_disjoint_split,0,0.3140489532880878,0,0.3548275160050208
11293.json,donald-trump,mostly-true,0,speaker_disjoint_split,0,0.3993420770954921,0,0.47480296045014514
12467.json,nfederation-o-independent-business-virginia,half-true,0,speaker_disjoint_split,0,0.36299911087315256,0,0.3170300843706573
2084.json,joe-biden,barely-true,1,speaker_disjoint_split,1,0.6338683609445593,1,0.5091954075669579
6968.json,david-cicilline,true,0,speaker_disjoint_split,0,0.3678018511014568,0,0.3351084152210493
13365.json,donald-trump,half-true,0,speaker_disjoint_split,0,0.4205003852918411,0,0.4954582855454352
9392.json,jeff-merkley,half-true,0,speaker_disjoint_split,0,0.4213438700412479,1,0.5096196120309368
8280.json,blog-posting,pants-fire,1,speaker_disjoint_split,1,0.5942890103666615,1,0.5964275629262352
8424.json,ken-cuccinelli,false,1,speaker_disjoint_split,0,0.4161227624706064,0,0.40909166443672335
2219.json,bob-gibbs,pants-fire,1,speaker_disjoint_split,0,0.43804254636912715,0,0.4665378765506252
10096.json,nathan-deal,false,1,speaker_disjoint_split,0,0.465078421401002,0,0.3931610246274279
6148.json,david-cicilline,barely-true,1,speaker_disjoint_split,0,0.3483859392208046,0,0.3500964048867518
7681.json,carlos-gimenez,false,1,speaker_disjoint_split,0,0.4479732578615883,0,0.3893899467697403
8537.json,steve-israel,true,0,speaker_disjoint_split,0,0.4680641967932941,1,0.5329749085392279
12175.json,donald-trump,half-true,0,speaker_disjoint_split,1,0.5113467640753777,0,0.49374564325206266
9529.json,gilberto-hinojosa,false,1,speaker_disjoint_split,0,0.3576634802124384,0,0.48740877079845857
13140.json,afscme-people,mostly-true,0,speaker_disjoint_split,0,0.42532261469043037,0,0.42323680763560145
13337.json,donald-trump,false,1,speaker_disjoint_split,0,0.2934987498564627,0,0.3080917575536168
4849.json,susan-combs,false,1,speaker_disjoint_split,1,0.5105063638770833,1,0.5730154244681936
4725.json,john-kasich,pants-fire,1,speaker_disjoint_split,1,0.5180690003901494,1,0.5450174409616002
9002.json,republican-governors-association,barely-true,1,speaker_disjoint_split,1,0.5229754811434058,0,0.44721128306964836
11114.json,scott-walker,mostly-true,0,speaker_disjoint_split,0,0.3766370568033106,0,0.3493235276241038
6790.json,carol-shea-porter,barely-true,1,speaker_disjoint_split,1,0.6172343041427005,1,0.6195830961641101
12831.json,james-woods,pants-fire,1,speaker_disjoint_split,1,0.5373892200446784,1,0.5073620207473629
509.json,john-mccain,true,0,speaker_disjoint_split,0,0.400402212225308,0,0.34487333302890955
8237.json,dan-patrick,half-true,0,speaker_disjoint_split,1,0.5390463505911772,0,0.470376341748799
3805.json,agenda-project,false,1,speaker_disjoint_split,0,0.39322368612178893,0,0.466938553103162
11031.json,gus-bilirakis,mostly-true,0,speaker_disjoint_split,0,0.2668092904868667,0,0.3996105917687758
10180.json,jeanne-shaheen,half-true,0,speaker_disjoint_split,1,0.6286195309080908,1,0.5851642715745379
3431.json,charles-reed,false,1,speaker_disjoint_split,0,0.43512970901707176,0,0.4761416659418483
4740.json,john-klenke,false,1,speaker_disjoint_split,0,0.4050278785183975,0,0.3618769338268279
7741.json,david-cicilline,true,0,speaker_disjoint_split,1,0.507819688889902,0,0.47010263664666774
5115.json,ron-paul,half-true,0,speaker_disjoint_split,0,0.39679402504922373,0,0.36146140390302195
473.json,john-mccain,mostly-true,0,speaker_disjoint_split,0,0.3812047854477947,0,0.39450860356675127
3893.json,janice-hahn,half-true,0,speaker_disjoint_split,0,0.45102999641924674,1,0.5155939099937564
398.json,campaign-defend-america,mostly-true,0,speaker_disjoint_split,0,0.38143047883820563,0,0.40193025047384223
4802.json,philip-keefe,false,1,speaker_disjoint_split,0,0.46767819145987405,0,0.44999745007500047
11355.json,jim-gilmore,true,0,speaker_disjoint_split,0,0.4675962280029268,1,0.5273750697362245
242.json,club-growth,half-true,0,speaker_disjoint_split,0,0.40373271301143204,0,0.41714432123181483
11306.json,club-growth,mostly-true,0,speaker_disjoint_split,0,0.42070777677819615,0,0.47469640954013437
8741.json,tom-coburn,barely-true,1,speaker_disjoint_split,0,0.49544536924767035,0,0.4639004899938186
2663.json,citizens-lower-taxes-and-stronger-economy,pants-fire,1,speaker_disjoint_split,1,0.5434281208727313,0,0.4525957518817816
8470.json,john-fleming,true,0,speaker_disjoint_split,0,0.412306991876086,0,0.49168330845404457
10033.json,democratic-congressional-campaign-committee,pants-fire,1,speaker_disjoint_split,1,0.5964571658543381,1,0.5763236244137874
429.json,focus-family-action,true,0,speaker_disjoint_split,0,0.48653693809986015,1,0.5458932199549781
12271.json,bernie-s,mostly-true,0,speaker_disjoint_split,0,0.4526686388099803,0,0.45054006209321146
8439.json,maria-bartiromo,false,1,speaker_disjoint_split,0,0.41469876288679935,0,0.44006999537472924
8772.json,bill-post,pants-fire,1,speaker_disjoint_split,1,0.5243229430858536,0,0.4414411166512842
461.json,john-mccain,mostly-true,0,speaker_disjoint_split,0,0.44800858582932707,0,0.4392811110978162
7092.json,big-gamble-nj,mostly-true,0,speaker_disjoint_split,0,0.40567002369524635,0,0.4058003090907031
550.json,ralph-nader,barely-true,1,speaker_disjoint_split,1,0.5365914476342265,0,0.48638683885067235
11974.json,huey-rey-fischer,mostly-true,0,speaker_disjoint_split,0,0.29745994812796733,0,0.3826821286385426
13082.json,donald-trump,pants-fire,1,speaker_disjoint_split,1,0.6297970143077749,1,0.5821167513966399
8927.json,national-republican-congressional-committee,barely-true,1,speaker_disjoint_split,1,0.5100252274116895,1,0.5532645838947321
13003.json,james-woods,true,0,speaker_disjoint_split,1,0.5034753814291149,0,0.406263691528645
7635.json,eva-marie-mancuso,half-true,0,speaker_disjoint_split,0,0.447166624444818,0,0.39386737217912005
5831.json,saxby-chambliss,true,0,speaker_disjoint_split,1,0.6134159251473144,1,0.5387916936161009
3376.json,scott-walker,mostly-true,0,speaker_disjoint_split,0,0.39061543377493174,0,0.4491176057580942
12932.json,joe-biden,barely-true,1,speaker_disjoint_split,0,0.44320132166860915,0,0.4233969862445906
6390.json,jeff-fitzgerald,mostly-true,0,speaker_disjoint_split,0,0.41321304517765856,0,0.4330926951403722
4001.json,david-cicilline,pants-fire,1,speaker_disjoint_split,0,0.2763649449816499,0,0.31137856852190704
12399.json,bernie-s,half-true,0,speaker_disjoint_split,0,0.42202558413030816,0,0.37262467228553753
8598.json,lloyd-doggett,mostly-true,0,speaker_disjoint_split,0,0.3014401102571763,0,0.3574900446416855
5016.json,national-republican-congressional-committee,barely-true,1,speaker_disjoint_split,1,0.6568134026170996,1,0.6364563862105749
4488.json,gary-johnson,half-true,0,speaker_disjoint_split,0,0.2942463245106364,0,0.35696847551583355
9789.json,blog-posting,pants-fire,1,speaker_disjoint_split,1,0.6340690675714267,1,0.678645392434698
12304.json,donald-trump,false,1,speaker_disjoint_split,0,0.45224862902174906,1,0.5402277812531526
11491.json,peter-kinder,true,0,speaker_disjoint_split,0,0.4205700817843349,0,0.3322583077167957
13345.json,nathan-deal,mostly-true,0,speaker_disjoint_split,0,0.44898253678175876,0,0.3816207109521319
933.json,michael-steele,pants-fire,1,speaker_disjoint_split,0,0.37898784994176793,0,0.41875391354182057
3001.json,dekalb-county,barely-true,1,speaker_disjoint_split,0,0.4053531698951474,0,0.37421549993661907
4581.json,jose-rodriguez,barely-true,1,speaker_disjoint_split,0,0.47892216084475625,0,0.4702548040159361
12510.json,scott-walker,half-true,0,speaker_disjoint_split,0,0.4163276418191352,0,0.40593127769254694
5063.json,ron-paul,false,1,speaker_disjoint_split,0,0.39288391016767,0,0.436977771090279
10961.json,donald-trump,false,1,speaker_disjoint_split,0,0.47865837680411105,1,0.509866241451892
11870.json,donald-trump,false,1,speaker_disjoint_split,0,0.30233250320878163,0,0.3506999200458676
1563.json,hank-gilbert,barely-true,1,speaker_disjoint_split,1,0.552427405478683,0,0.49410828082401875
5022.json,restore-our-future,half-true,0,speaker_disjoint_split,0,0.4825053194847627,1,0.502874302750919
10090.json,glenn-beck,half-true,0,speaker_disjoint_split,0,0.42354263022791516,0,0.4422494865853711
1608.json,todd-tiahrt,half-true,0,speaker_disjoint_split,0,0.49124086741146333,1,0.5346047980945959
10440.json,nathan-deal,true,0,speaker_disjoint_split,0,0.4011406919313136,0,0.3573352957281147
7198.json,steve-lonegan,barely-true,1,speaker_disjoint_split,0,0.42416011500630396,0,0.3782892225949079
1153.json,dick-armey,half-true,0,speaker_disjoint_split,0,0.45664177056319055,1,0.5032513912373077
11161.json,scott-walker,true,0,speaker_disjoint_split,0,0.40470092839311556,0,0.41635192144572597
6923.json,mary-nolan,true,0,speaker_disjoint_split,1,0.5280880263405148,0,0.4575015332799685
3661.json,joanne-kloppenburg,barely-true,1,speaker_disjoint_split,0,0.4006377829793743,0,0.4296163014144978
3978.json,national-republican-congressional-committee,false,1,speaker_disjoint_split,1,0.5911152650041158,1,0.571391230034394
3901.json,armond-budish,mostly-true,0,speaker_disjoint_split,0,0.37493566835232434,0,0.38230021772937045
4483.json,ron-paul,pants-fire,1,speaker_disjoint_split,1,0.503127593681578,0,0.42611776879124286
3819.json,tim-kaine,half-true,0,speaker_disjoint_split,1,0.5243733053745706,1,0.5139557058302513
5139.json,club-growth,mostly-true,0,speaker_disjoint_split,1,0.6204307306686988,1,0.5920948400685924
8972.json,andy-brown,mostly-true,0,speaker_disjoint_split,0,0.36094508137007997,0,0.2798896072851036
6240.json,john-robitaille,half-true,0,speaker_disjoint_split,0,0.40540042592715847,0,0.3694571717321092
12207.json,hilary-treadwell,pants-fire,1,speaker_disjoint_split,0,0.34930305068128037,0,0.3762519291539486
2678.json,charlie-crist,true,0,speaker_disjoint_split,0,0.42297543920276304,0,0.456611613262326
8582.json,david-axelrod,mostly-true,0,speaker_disjoint_split,0,0.48352973436779584,1,0.5377104507302384
1636.json,charlie-crist,false,1,speaker_disjoint_split,0,0.4290278903420804,0,0.4610206548407313
2870.json,joe-barton,barely-true,1,speaker_disjoint_split,0,0.34374020805305777,0,0.37686796858903304
34.json,john-mccain,mostly-true,0,speaker_disjoint_split,0,0.38846833021162025,0,0.41086750225861496
12949.json,donald-trump,barely-true,1,speaker_disjoint_split,1,0.5485197971346883,0,0.4997658035495273
13092.json,charlie-crist,true,0,speaker_disjoint_split,0,0.359252787358443,0,0.3599646357936759
12902.json,dana-wachs,true,0,speaker_disjoint_split,1,0.5805932229532326,1,0.509243528363629
9724.json,james-woods,false,1,speaker_disjoint_split,0,0.48932725835210383,0,0.497079988304386
161.json,john-mccain,half-true,0,speaker_disjoint_split,0,0.37794309027949025,0,0.39728847978125115
7306.json,nathan-deal,true,0,speaker_disjoint_split,0,0.31406077750664535,0,0.30223290847806267
11316.json,carly-fiorina,barely-true,1,speaker_disjoint_split,0,0.41909189321078216,1,0.5107592054283974
2056.json,david-cicilline,false,1,speaker_disjoint_split,0,0.4087983457018109,0,0.3932382848931364
12740.json,donald-trump,false,1,speaker_disjoint_split,0,0.4892326211339089,0,0.49346101231906736
11480.json,donald-trump,half-true,0,speaker_disjoint_split,0,0.4976387420074914,0,0.48764339284209746
10110.json,bill-oreilly,mostly-true,0,speaker_disjoint_split,0,0.4016778148971294,0,0.4559228802052022
9816.json,don-beyer,mostly-true,0,speaker_disjoint_split,0,0.3830811232184501,0,0.38106139822813284
13194.json,citizens-michael-mcauliffe-and-house-republican-or,barely-true,1,speaker_disjoint_split,1,0.5518433070478038,1,0.5018976129116537
4263.json,ron-paul,false,1,speaker_disjoint_split,0,0.39492493924798366,0,0.43744217049796885
11178.json,john-kasich,mostly-true,0,speaker_disjoint_split,0,0.39686222722606873,0,0.41000855524052027
7515.json,joseph-levy,barely-true,1,speaker_disjoint_split,0,0.38256395184281444,0,0.37498938864454545
12861.json,donald-trump,pants-fire,1,speaker_disjoint_split,1,0.5777206867220791,1,0.5928839219086659
11199.json,state-democratic-party-wisconsin,mostly-true,0,speaker_disjoint_split,0,0.49095211454141996,1,0.5576676479502285
4786.json,state-democratic-party-wisconsin,false,1,speaker_disjoint_split,1,0.6248516193151897,1,0.502361533950876
7719.json,republican-governors-association,pants-fire,1,speaker_disjoint_split,1,0.5159011138798346,1,0.5439160032623844
3915.json,roberto-dasilva,barely-true,1,speaker_disjoint_split,0,0.3590406476801256,0,0.3685511144847883
10277.json,bill-oreilly,barely-true,1,speaker_disjoint_split,0,0.44346042182527967,0,0.43502138389978184
10452.json,debbie-wasserman-schultz,barely-true,1,speaker_disjoint_split,0,0.3836942019110291,0,0.4626094733943
8780.json,rhode-island-senate,mostly-true,0,speaker_disjoint_split,0,0.4431508958359235,0,0.3644667455011259
6145.json,pat-kreitlow,pants-fire,1,speaker_disjoint_split,1,0.6605781385319405,1,0.5926945358881442
7948.json,blog-posting,pants-fire,1,speaker_disjoint_split,1,0.5179330767418747,1,0.5397246309985793
12235.json,donald-trump,false,1,speaker_disjoint_split,0,0.4046039702783357,0,0.4370029339422294
970.json,cynthia-lummis,pants-fire,1,speaker_disjoint_split,1,0.5435371442295032,1,0.5264530377706074
11466.json,emanuel-cleaver,barely-true,1,speaker_disjoint_split,0,0.3671260374934818,0,0.3423751584216608
1471.json,bill-oreilly,true,0,speaker_disjoint_split,0,0.4012244960897189,0,0.44090515404919095
5397.json,richard-morrison,half-true,0,speaker_disjoint_split,0,0.46148829287009474,0,0.41358533172900197
10938.json,bernie-s,mostly-true,0,speaker_disjoint_split,0,0.4263584868999926,0,0.42245095865573856
12701.json,tim-kaine,barely-true,1,speaker_disjoint_split,0,0.420130436895825,1,0.5191970400130101
13015.json,gary-johnson,mostly-true,0,speaker_disjoint_split,1,0.5001401396185932,0,0.47040598733211686
2062.json,david-axelrod,half-true,0,speaker_disjoint_split,0,0.3058112530881637,0,0.29736447718110126
409.json,bill-clinton,true,0,speaker_disjoint_split,1,0.5120808521336164,0,0.49015514302602337
12776.json,state-democratic-party-wisconsin,half-true,0,speaker_disjoint_split,0,0.46305706868054936,0,0.46870647001727206
11188.json,donald-trump,half-true,0,speaker_disjoint_split,0,0.46864884572908744,1,0.5467668227508028
8722.json,neera-tanden,true,0,speaker_disjoint_split,0,0.3453969705367326,0,0.41551828334374913
10075.json,no-tax-tracks,half-true,0,speaker_disjoint_split,1,0.5117352566511032,0,0.4939011150740998
4167.json,wisconsin-family-action,true,0,speaker_disjoint_split,1,0.6594711653113997,1,0.6020717278027717
6287.json,club-growth,barely-true,1,speaker_disjoint_split,0,0.43435987994664954,0,0.43857095716300054
10505.json,rush-limbaugh,barely-true,1,speaker_disjoint_split,0,0.41558477256939974,0,0.4586794375062461
3698.json,blog-posting,half-true,0,speaker_disjoint_split,1,0.5619259506745194,1,0.6505503829288246
782.json,john-mccain,half-true,0,speaker_disjoint_split,1,0.5517139383818599,1,0.5122570201069035
10138.json,nathan-deal,barely-true,1,speaker_disjoint_split,0,0.3258158019465372,0,0.30844070206395596
2622.json,charlie-crist,false,1,speaker_disjoint_split,1,0.5092999911625983,1,0.5580576221426236
2017.json,john-mccain,mostly-true,0,speaker_disjoint_split,1,0.5957096776440018,1,0.5741793151854452
4061.json,bill-kristol,mostly-true,0,speaker_disjoint_split,0,0.295000927536969,0,0.42475252482091297
12883.json,debbie-wasserman-schultz,barely-true,1,speaker_disjoint_split,0,0.4134967895183357,0,0.46556520139163204
5708.json,gary-black,mostly-true,0,speaker_disjoint_split,1,0.5758974230503062,1,0.5137318769746259
9929.json,blog-posting,half-true,0,speaker_disjoint_split,0,0.3946046859978329,1,0.5118589170276777
10062.json,john-mccain,false,1,speaker_disjoint_split,0,0.40388124223047017,0,0.41857577685029557
6108.json,marsha-blackburn,barely-true,1,speaker_disjoint_split,1,0.5055072413259344,1,0.5131317752579685
11500.json,ben-carson,false,1,speaker_disjoint_split,0,0.4118308293080561,1,0.5049163326130457
6642.json,bill-clinton,half-true,0,speaker_disjoint_split,0,0.3091816163128833,0,0.3597901650078239
5.json,bill-richardson,mostly-true,0,speaker_disjoint_split,0,0.3730467603918576,0,0.4153724623615631
1541.json,charlie-crist,false,1,speaker_disjoint_split,0,0.3539605545474976,0,0.3827564325825795
7911.json,saxby-chambliss,pants-fire,1,speaker_disjoint_split,0,0.4280585606157254,0,0.4022992464661293
367.json,john-mccain,pants-fire,1,speaker_disjoint_split,1,0.7595319639747724,1,0.6843093333025526
4082.json,jim-whelan,half-true,0,speaker_disjoint_split,0,0.40206767036529095,0,0.34280526714631804
6952.json,linda-mcmahon,false,1,speaker_disjoint_split,0,0.42960611303246304,0,0.4833853640399461
2180.json,randy-neugebauer,pants-fire,1,speaker_disjoint_split,0,0.4524325446327737,0,0.38765164684810643
7138.json,saxby-chambliss,true,0,speaker_disjoint_split,0,0.48229119369611057,0,0.4966589518254431
6677.json,kal-penn,mostly-true,0,speaker_disjoint_split,1,0.5342473124359192,0,0.4369935785034269
2595.json,christine-odonnell,pants-fire,1,speaker_disjoint_split,0,0.4871134507886923,0,0.48824122965710126
1351.json,glenn-beck,false,1,speaker_disjoint_split,0,0.404972495364483,0,0.3436841733876586
9847.json,burger-king,half-true,0,speaker_disjoint_split,0,0.413167379535063,0,0.3984968269018266
12551.json,bernie-s,mostly-true,0,speaker_disjoint_split,1,0.626445930239463,1,0.5272365153620363
9175.json,republican-party-florida,true,0,speaker_disjoint_split,0,0.4925260518659249,0,0.4818800245812488
1278.json,charlie-crist,false,1,speaker_disjoint_split,0,0.4582072366647012,0,0.4950198724768184
9634.json,kate-obenshain,barely-true,1,speaker_disjoint_split,1,0.5035217153858048,0,0.49881910292124876
12200.json,donald-trump,half-true,0,speaker_disjoint_split,0,0.42315868793230677,0,0.4389204968261912
8098.json,david-cicilline,true,0,speaker_disjoint_split,0,0.45256942440682074,0,0.4134111915717558
9689.json,charlie-crist,mostly-true,0,speaker_disjoint_split,0,0.2525711936519947,0,0.31715633528239456
5797.json,mary-nolan,half-true,0,speaker_disjoint_split,0,0.32944363264450827,0,0.36998835852482875
10588.json,doug-collins,mostly-true,0,speaker_disjoint_split,0,0.4811620001149333,1,0.5332344461080991
4225.json,jon-husted,mostly-true,0,speaker_disjoint_split,1,0.528282700991522,0,0.49567976763556865
579.json,john-mccain,mostly-true,0,speaker_disjoint_split,1,0.5141584278851972,0,0.4954183261667716
1661.json,silvestre-reyes,pants-fire,1,speaker_disjoint_split,0,0.3490393253125294,0,0.40638214208714507
5442.json,jon-husted,half-true,0,speaker_disjoint_split,0,0.40701670327723605,0,0.4066162465087113
6028.json,memphis-police-association,false,1,speaker_disjoint_split,1,0.616942354944398,0,0.45334264226327425
5294.json,nathan-deal,true,0,speaker_disjoint_split,0,0.4407506881840591,0,0.39557484719611474
3972.json,nina-perales,mostly-true,0,speaker_disjoint_split,0,0.32742849140221153,0,0.37276458042833427
1348.json,keith-olbermann,half-true,0,speaker_disjoint_split,0,0.37229832224613935,0,0.4567417902299368
1740.json,keith-olbermann,half-true,0,speaker_disjoint_split,1,0.5036077521846144,1,0.5404122298413294
10851.json,akbar-al-baker,barely-true,1,speaker_disjoint_split,0,0.35121221668739183,0,0.3825300193854968
13250.json,pat-mccrory,barely-true,1,speaker_disjoint_split,0,0.4992880274385458,0,0.47544049002706457
10926.json,blog-posting,mostly-true,0,speaker_disjoint_split,1,0.6815517065574778,1,0.739901400827915
11097.json,atlanta-neighborhood-association,true,0,speaker_disjoint_split,0,0.4397619893485886,0,0.42340119553734135
9278.json,tom-corbett,barely-true,1,speaker_disjoint_split,0,0.41551321573017086,0,0.42804798822764845
5001.json,tim-kaine,false,1,speaker_disjoint_split,0,0.46014522861356516,0,0.45375655364293754
11454.json,ben-carson,false,1,speaker_disjoint_split,1,0.512446236347616,0,0.47522884625545003
3765.json,jay-goyal,barely-true,1,speaker_disjoint_split,0,0.34211632842791223,0,0.3968910077874076
11231.json,donald-trump,half-true,0,speaker_disjoint_split,1,0.5187114352037463,0,0.49530380202561747
11130.json,scott-walker,false,1,speaker_disjoint_split,0,0.48576973589550854,0,0.4934897816283976
13104.json,tom-nelson,half-true,0,speaker_disjoint_split,0,0.41578935124066,0,0.49326372962317244
9618.json,mark-begich,mostly-true,0,speaker_disjoint_split,0,0.2896313598106028,0,0.3453552298455424
11921.json,bernie-s,mostly-true,0,speaker_disjoint_split,0,0.3428452963477786,0,0.3469348700342888
10980.json,bill-clinton,half-true,0,speaker_disjoint_split,0,0.3810930358225056,0,0.44550275780976073
13325.json,tim-kaine,mostly-true,0,speaker_disjoint_split,0,0.39362761328431195,0,0.3949579523667591
12583.json,david-miliband,true,0,speaker_disjoint_split,0,0.3361869518253733,0,0.36809197599248383
307.json,john-mccain,half-true,0,speaker_disjoint_split,0,0.4956522089554086,0,0.46799572514842963
11387.json,scott-walker,mostly-true,0,speaker_disjoint_split,0,0.40803197074665265,0,0.4631800653625382
10652.json,jerry-falwell,true,0,speaker_disjoint_split,0,0.42467793097313417,0,0.4357046609626552
4110.json,gary-johnson,half-true,0,speaker_disjoint_split,0,0.43181994526380246,0,0.4488689349375177
7856.json,karl-rove,mostly-true,0,speaker_disjoint_split,0,0.2978085332644159,0,0.3964352226933997
8106.json,kari-chisholm,false,1,speaker_disjoint_split,0,0.4919833007554499,0,0.46466121071661876
13021.json,donald-trump,false,1,speaker_disjoint_split,0,0.47093882339709386,0,0.45513407315325677
12150.json,donald-trump,false,1,speaker_disjoint_split,0,0.3830680887475058,0,0.39552157344047456
9414.json,democratic-congressional-campaign-committee,false,1,speaker_disjoint_split,0,0.4772229212198529,1,0.500449728370353
434.json,focus-family-action,false,1,speaker_disjoint_split,0,0.4091597515660412,0,0.494232017545307
7585.json,dennis-richardson,mostly-true,0,speaker_disjoint_split,0,0.369202352096045,0,0.4167004985661597
8377.json,dan-patrick,false,1,speaker_disjoint_split,0,0.45433808557206684,0,0.4927599990874578
8962.json,bill-kristol,false,1,speaker_disjoint_split,0,0.4486830468348486,0,0.4913621740315244
7551.json,john-kasich,true,0,speaker_disjoint_split,0,0.42701453520073,0,0.4241885247083467
9268.json,dan-patrick,half-true,0,speaker_disjoint_split,1,0.6244264074648048,1,0.5411796734630829
543.json,john-mccain,mostly-true,0,speaker_disjoint_split,0,0.43622231317921295,0,0.4362881097909648
10134.json,charlie-crist,false,1,speaker_disjoint_split,1,0.5055552982224353,0,0.4223000981598131
6667.json,joe-biden,mostly-true,0,speaker_disjoint_split,0,0.3958223200353613,0,0.37082371109480916
11143.json,rush-limbaugh,pants-fire,1,speaker_disjoint_split,1,0.5664397318661087,1,0.533115864502722
2512.json,we-love-usa-pac,false,1,speaker_disjoint_split,1,0.5535103645409377,1,0.6140870775457109
11396.json,debbie-wasserman-schultz,half-true,0,speaker_disjoint_split,0,0.47239020827951267,1,0.5281128206041122
690.json,john-mccain,true,0,speaker_disjoint_split,0,0.429520344719282,0,0.4081496066142894
11819.json,ben-carson,barely-true,1,speaker_disjoint_split,0,0.40192884184215233,0,0.4602728864898834
4808.json,john-stemberger,barely-true,1,speaker_disjoint_split,0,0.31806969618553477,0,0.38784595821655293
7615.json,b-heath-mitchell,half-true,0,speaker_disjoint_split,0,0.37338937149356716,0,0.3833716252631049
6066.json,lamar-alexander,half-true,0,speaker_disjoint_split,1,0.5381004013629459,1,0.5081914521440208
11868.json,donald-trump,barely-true,1,speaker_disjoint_split,0,0.45483754967901857,1,0.5067569012207447
4913.json,jon-huntsman,barely-true,1,speaker_disjoint_split,0,0.3839868535466373,0,0.3698619021330064
10027.json,gloria-steinem,true,0,speaker_disjoint_split,0,0.3370771646654891,0,0.45892588232195686
8535.json,jay-leno,barely-true,1,speaker_disjoint_split,0,0.469450557641929,1,0.5223402091033268
10990.json,scott-walker,barely-true,1,speaker_disjoint_split,0,0.47560339699738985,0,0.4761069147788819
3635.json,nathan-deal,half-true,0,speaker_disjoint_split,0,0.39030854724494446,0,0.3976481578087149
12013.json,bill-clinton,half-true,0,speaker_disjoint_split,0,0.41768486682087613,0,0.39654232803447953
6856.json,joe-biden,barely-true,1,speaker_disjoint_split,0,0.4633701550255519,0,0.4175704897580076
13079.json,donald-trump,false,1,speaker_disjoint_split,0,0.49056475924113047,0,0.48570155510192464
10428.json,gsu-alumni-association,true,0,speaker_disjoint_split,0,0.3569709543956198,0,0.33536845931817927
3019.json,lloyd-doggett,mostly-true,0,speaker_disjoint_split,0,0.29612723640980504,0,0.3592489320335746
6666.json,bill-clinton,mostly-true,0,speaker_disjoint_split,1,0.5025497292223955,1,0.5333252994023061
6143.json,nathan-deal,barely-true,1,speaker_disjoint_split,0,0.3757739980133559,0,0.36292038685933165
6960.json,ohio-republican-party,half-true,0,speaker_disjoint_split,1,0.5569313640512421,1,0.5171442354082488
597.json,votevetsorg,false,1,speaker_disjoint_split,0,0.4251026089959439,0,0.4379734131857726
11727.json,will-kraus,half-true,0,speaker_disjoint_split,0,0.4619199721596013,0,0.4699494361823733
7192.json,larry-kilgore,false,1,speaker_disjoint_split,0,0.3228564061105553,0,0.35814873291538846
5595.json,bill-pascrell,false,1,speaker_disjoint_split,0,0.3189582581285571,0,0.31700990182019945
1197.json,lamar-alexander,false,1,speaker_disjoint_split,1,0.5418436194536421,1,0.5339957515076584
13115.json,donald-trump,false,1,speaker_disjoint_split,0,0.48254317744129077,1,0.5100148087342741
6021.json,scott-walker,mostly-true,0,speaker_disjoint_split,0,0.3901564615390243,0,0.38497069109128057
5879.json,national-republican-congressional-committee,pants-fire,1,speaker_disjoint_split,1,0.575398578321368,1,0.5353876152264894
1110.json,bill-pascrell,mostly-true,0,speaker_disjoint_split,0,0.31161711564027167,0,0.4301005051468882
1258.json,glenn-beck,barely-true,1,speaker_disjoint_split,0,0.4283494079866387,0,0.4631291767410379
7213.json,scott-walker,true,0,speaker_disjoint_split,0,0.3716508348473211,0,0.38671971131752053
7760.json,tom-coburn,false,1,speaker_disjoint_split,0,0.3397691781360988,0,0.37974953804207723
7370.json,jeff-merkley,true,0,speaker_disjoint_split,0,0.2888572649336321,0,0.3189645569812605
2064.json,nathan-deal,half-true,0,speaker_disjoint_split,0,0.39207391565984123,0,0.43333762382353824
13391.json,austin-board-realtors-pac,false,1,speaker_disjoint_split,1,0.5302721683849333,1,0.5307512826156979
9621.json,glenn-beck,half-true,0,speaker_disjoint_split,0,0.46001015855461697,0,0.4876560725333575
11572.json,megyn-kelly,half-true,0,speaker_disjoint_split,0,0.39284310547644247,0,0.29302206530022634
8671.json,eugene-yu,mostly-true,0,speaker_disjoint_split,0,0.43142269273784445,0,0.4609396424337113
8203.json,scott-walker,half-true,0,speaker_disjoint_split,0,0.44648014089684146,0,0.4814986362483274
4727.json,corey-stewart,false,1,speaker_disjoint_split,1,0.5036919557523015,0,0.45242198992238125
5916.json,samuel-wurzelbacher,pants-fire,1,speaker_disjoint_split,1,0.5230907590326394,1,0.5220726195836735
10010.json,republican-party-florida,half-true,0,speaker_disjoint_split,0,0.41173113042674836,0,0.4575296887051998
524.json,john-mccain,false,1,speaker_disjoint_split,0,0.42833046004748776,0,0.45199503660886825
400.json,campaign-defend-america,false,1,speaker_disjoint_split,0,0.4615224141794254,0,0.4350406219440285
2535.json,charlie-crist,half-true,0,speaker_disjoint_split,0,0.48244269784440474,0,0.4771131983122452
12377.json,scott-walker,pants-fire,1,speaker_disjoint_split,0,0.40082687265611816,0,0.3975351897120227
3267.json,wesley-smith,half-true,0,speaker_disjoint_split,1,0.6459890714370061,1,0.6046731664601468
9750.json,libre-initiative,half-true,0,speaker_disjoint_split,0,0.3695836982473332,0,0.34124885845092057
593.json,john-mccain,barely-true,1,speaker_disjoint_split,1,0.5969717424778626,0,0.4721658365922073
7305.json,nathan-deal,true,0,speaker_disjoint_split,0,0.36269793159569247,0,0.34533652522460684
6581.json,anthony-gemma,false,1,speaker_disjoint_split,0,0.3753697716641808,0,0.34450203226098963
12707.json,mark-geist,barely-true,1,speaker_disjoint_split,1,0.5025262292073618,1,0.5532851377741221
10389.json,john-mccain,barely-true,1,speaker_disjoint_split,0,0.30783984074002047,0,0.40869503038623345
8787.json,nathan-deal,true,0,speaker_disjoint_split,0,0.3450798005034841,0,0.34178897430643934
11567.json,ben-carson,false,1,speaker_disjoint_split,1,0.5488382725866736,1,0.5077623061611076
7221.json,john-kasich,half-true,0,speaker_disjoint_split,1,0.6781014538828832,1,0.6259435471121523
3867.json,john-kasich,false,1,speaker_disjoint_split,0,0.43216259699989557,0,0.42438515446957537
2398.json,ron-klein,false,1,speaker_disjoint_split,1,0.5376785095809378,1,0.5783900392738331
12138.json,joanne-kloppenburg,mostly-true,0,speaker_disjoint_split,1,0.6137378951093503,1,0.5623883373675372
2472.json,bob-hackworth,false,1,speaker_disjoint_split,0,0.44619162401458917,0,0.41468652977907
2938.json,organizing-america,half-true,0,speaker_disjoint_split,0,0.46858581019243073,0,0.4861897166375112
11514.json,donald-trump,false,1,speaker_disjoint_split,1,0.5459875162338613,1,0.5873654810218177
3033.json,pat-mullins,true,0,speaker_disjoint_split,1,0.5215775100083695,1,0.5898942246509209
9660.json,charlie-crist,half-true,0,speaker_disjoint_split,0,0.4239708625716572,0,0.42608693808339715
1253.json,blog-posting,mostly-true,0,speaker_disjoint_split,1,0.5866340442421953,1,0.6671472197048991
13165.json,basil-seggos,false,1,speaker_disjoint_split,0,0.468988395120947,0,0.47895512405439
3874.json,charlotte-nash,barely-true,1,speaker_disjoint_split,0,0.4471671958764625,0,0.4117121516893079
13491.json,javier-m-gonzales,half-true,0,speaker_disjoint_split,0,0.45388632558544806,0,0.47343754838464597
9710.json,greta-van-susteren,false,1,speaker_disjoint_split,0,0.481844889105124,0,0.45594917928656675
2480.json,david-axelrod,half-true,0,speaker_disjoint_split,0,0.4038796716004387,0,0.44008183057979333
11331.json,scott-walker,half-true,0,speaker_disjoint_split,1,0.5864105874322921,1,0.5815249351015325
6476.json,aclu-florida,false,1,speaker_disjoint_split,0,0.4515565119201508,0,0.4318894858468832
7584.json,joe-barton,barely-true,1,speaker_disjoint_split,0,0.4443285053840766,1,0.5040770802236605
2207.json,john-mccain,half-true,0,speaker_disjoint_split,1,0.5711716389850473,1,0.5380824760656576
11470.json,centers-disease-control,mostly-true,0,speaker_disjoint_split,0,0.3226913609397397,0,0.36126355518706
6651.json,david-cicilline,barely-true,1,speaker_disjoint_split,0,0.40214259395113927,0,0.43294833639008684
11155.json,scott-walker,half-true,0,speaker_disjoint_split,0,0.3353627015926983,0,0.3946108466783027
9614.json,blog-posting,barely-true,1,speaker_disjoint_split,1,0.5705812480186475,1,0.6087869150823076
555.json,john-mccain,half-true,0,speaker_disjoint_split,1,0.5614515591782661,0,0.4765393504838336
10262.json,chuck-todd,true,0,speaker_disjoint_split,0,0.38247571526109797,0,0.4112464425033241
9288.json,nathan-deal,mostly-true,0,speaker_disjoint_split,0,0.3205224837085596,0,0.28972796845937726
11253.json,donald-trump,false,1,speaker_disjoint_split,0,0.3495212017795757,0,0.384030986393258
961.json,elijah-cummings,true,0,speaker_disjoint_split,0,0.458910407023992,0,0.36841573639305414
11205.json,donald-trump,half-true,0,speaker_disjoint_split,0,0.4154773291124968,0,0.4843676536565911
13253.json,donald-trump,barely-true,1,speaker_disjoint_split,0,0.44160093200728534,0,0.43118319248016845
13462.json,donald-trump,false,1,speaker_disjoint_split,0,0.3948277159072168,0,0.4772792851978585
11515.json,donald-trump,barely-true,1,speaker_disjoint_split,0,0.46953768291610665,0,0.49135269126797737
7000.json,diane-hurley,true,0,speaker_disjoint_split,0,0.48581455792421346,0,0.47100627011869767
2282.json,anthony-gemma,mostly-true,0,speaker_disjoint_split,1,0.5123698761922826,1,0.5214568961158077
503.json,john-mccain,true,0,speaker_disjoint_split,0,0.4900567495919051,0,0.482891724730984
10174.json,charlie-crist,half-true,0,speaker_disjoint_split,1,0.504766356852294,0,0.47817903423080127
5979.json,corey-stewart,barely-true,1,speaker_disjoint_split,0,0.3921923568229099,0,0.4135674042842291
10755.json,scott-walker,half-true,0,speaker_disjoint_split,0,0.37199164673132595,0,0.37787180547042376
6808.json,tim-kaine,mostly-true,0,speaker_disjoint_split,1,0.6317329781688672,1,0.5719378281723957
8659.json,blog-posting,pants-fire,1,speaker_disjoint_split,1,0.5861592236493102,1,0.5861145923915515
8417.json,louie-gohmert,barely-true,1,speaker_disjoint_split,0,0.43394728330199894,0,0.39861382802682516
4758.json,state-democratic-party-wisconsin,barely-true,1,speaker_disjoint_split,1,0.5722503116139219,1,0.5129226768892687
12198.json,blog-posting,false,1,speaker_disjoint_split,0,0.49861755241606864,1,0.5772832640398977
12843.json,joe-biden,false,1,speaker_disjoint_split,0,0.4185097250576216,0,0.44028323973189015
118.json,john-mccain,true,0,speaker_disjoint_split,0,0.48102956302184935,0,0.4947730675508393
1706.json,bill-clinton,barely-true,1,speaker_disjoint_split,0,0.41146607970245186,0,0.46031128744801303
12018.json,bernie-s,barely-true,1,speaker_disjoint_split,1,0.5729617448843457,0,0.4616029370498662
1646.json,cliff-stearns,half-true,0,speaker_disjoint_split,0,0.3448042375577282,0,0.3456891668470876
3532.json,tim-kaine,half-true,0,speaker_disjoint_split,1,0.5998391351228107,1,0.5118324379249662
3862.json,national-republican-congressional-committee,barely-true,1,speaker_disjoint_split,0,0.43455202051555014,0,0.47506492807541995
5064.json,democratic-congressional-campaign-committee,false,1,speaker_disjoint_split,1,0.6145002784138489,1,0.6476638114305464
13156.json,donald-trump,barely-true,1,speaker_disjoint_split,0,0.4035421754307213,0,0.40731181010389
11767.json,bernie-s,half-true,0,speaker_disjoint_split,0,0.4801089448170099,0,0.49727044566152223
2120.json,richard-cordray,half-true,0,speaker_disjoint_split,1,0.5025258830713316,0,0.481346895515925
13422.json,richard-burr,mostly-true,0,speaker_disjoint_split,0,0.41206708290148564,0,0.47155700332144784
10719.json,nathan-deal,half-true,0,speaker_disjoint_split,0,0.3312273656989403,0,0.34401620777581177
12211.json,glenn-beck,true,0,speaker_disjoint_split,0,0.36389319021361094,0,0.4392971499203247
8796.json,nathan-deal,half-true,0,speaker_disjoint_split,0,0.3425588301738931,0,0.3758145958411685
12047.json,donald-trump,barely-true,1,speaker_disjoint_split,0,0.46271556136102326,0,0.43753658325118877
10194.json,bill-clinton,barely-true,1,speaker_disjoint_split,1,0.5124122977583631,1,0.5009905190532259
2941.json,blog-posting,false,1,speaker_disjoint_split,1,0.6711528575841832,1,0.606752370654732
8751.json,scott-walker,false,1,speaker_disjoint_split,0,0.35062586222456205,0,0.41320433181067157
12554.json,donald-trump,false,1,speaker_disjoint_split,0,0.3380509163230989,0,0.4107664944770553
11962.json,donald-trump,pants-fire,1,speaker_disjoint_split,1,0.5862242254969846,1,0.5910877386394567
4895.json,david-axelrod,half-true,0,speaker_disjoint_split,1,0.6566128727507481,1,0.5739915094413054
12162.json,californians-lower-drug-prices,half-true,0,speaker_disjoint_split,0,0.3635404921339719,0,0.40219886913072395
3355.json,state-democratic-party-wisconsin,pants-fire,1,speaker_disjoint_split,1,0.5427101383586389,1,0.5292146495474275
9796.json,rush-limbaugh,false,1,speaker_disjoint_split,1,0.551759682630072,1,0.5322376427861313
1591.json,rush-limbaugh,pants-fire,1,speaker_disjoint_split,0,0.41833383550925646,0,0.46902792067221016
13137.json,donald-trump,false,1,speaker_disjoint_split,1,0.5316514013735323,1,0.5674028550326033
8696.json,scott-walker,false,1,speaker_disjoint_split,0,0.4566277155974038,0,0.42644863917931763
13183.json,tim-kaine,half-true,0,speaker_disjoint_split,0,0.3436216346594939,0,0.4090936227747525
12317.json,amy-schumer,half-true,0,speaker_disjoint_split,0,0.40580570799190113,0,0.41528785917021227
11002.json,scott-walker,mostly-true,0,speaker_disjoint_split,0,0.44453030152529005,0,0.4246580292280816
10459.json,rhode-island-center-freedom-and-prosperity,barely-true,1,speaker_disjoint_split,0,0.4732625557927761,0,0.47285353592366425
3457.json,ann-coulter,barely-true,1,speaker_disjoint_split,0,0.44051702762732087,1,0.5018071375441895
7172.json,scott-walker,pants-fire,1,speaker_disjoint_split,0,0.36752658198381305,0,0.42426823618973486
11247.json,donald-trump,false,1,speaker_disjoint_split,0,0.3982302844381514,0,0.36655854086903794
7248.json,national-republican-congressional-committee,true,0,speaker_disjoint_split,0,0.3844517324250935,0,0.35240875768799357
6670.json,cnsnews,false,1,speaker_disjoint_split,0,0.4999904667561675,0,0.4911004916805112
9982.json,jane-harman,false,1,speaker_disjoint_split,0,0.46333308055799416,0,0.479343063367971
6354.json,tim-kaine,mostly-true,0,speaker_disjoint_split,1,0.5125016594419108,1,0.5033604359796109
10369.json,chuck-todd,half-true,0,speaker_disjoint_split,0,0.4352914246076259,0,0.4869768878133634
7321.json,wayne-lapierre,half-true,0,speaker_disjoint_split,0,0.4317866247792175,0,0.35408894773481164
3797.json,amy-hanauer,true,0,speaker_disjoint_split,0,0.3475521322827235,0,0.3524880966744315
13459.json,pat-robertson,pants-fire,1,speaker_disjoint_split,1,0.538446824792564,1,0.5584965952334742
12869.json,richard-burr,half-true,0,speaker_disjoint_split,1,0.5230699157496598,1,0.5380735707724181
2730.json,nathan-deal-and-roy-barnes,pants-fire,1,speaker_disjoint_split,1,0.5673993360980423,1,0.5008113033094997
8416.json,gilberto-hinojosa,mostly-true,0,speaker_disjoint_split,0,0.466038021522579,1,0.5281838880835168
10781.json,ben-carson,barely-true,1,speaker_disjoint_split,0,0.40989089827802694,0,0.45000370871973316
1079.json,rush-limbaugh,barely-true,1,speaker_disjoint_split,0,0.42349808017553997,0,0.4504175611892331
10876.json,glenn-beck,barely-true,1,speaker_disjoint_split,0,0.3253358569123818,0,0.41752919339484806
10778.json,nation-islam-research-group,pants-fire,1,speaker_disjoint_split,0,0.4151895593177285,0,0.432230200475741
8479.json,scott-walker,barely-true,1,speaker_disjoint_split,0,0.48919628335102344,0,0.4882217320584845
3589.json,saxby-chambliss,half-true,0,speaker_disjoint_split,0,0.47078914959242213,0,0.47033205769416836
6065.json,jeff-fitzgerald,half-true,0,speaker_disjoint_split,0,0.4309224382817509,0,0.4751404817176293
4326.json,bob-ryan,mostly-true,0,speaker_disjoint_split,0,0.493796352842395,0,0.3884710692030364
10701.json,bernie-s,mostly-true,0,speaker_disjoint_split,0,0.32691759955612915,0,0.32580863349161077
6382.json,national-republican-congressional-committee,false,1,speaker_disjoint_split,1,0.6929280124579479,1,0.7382815186538341
11927.json,gary-cobb,barely-true,1,speaker_disjoint_split,1,0.6146587075805584,1,0.5366478364744492
10615.json,scott-walker,half-true,0,speaker_disjoint_split,1,0.6471655267856974,0,0.47745871724051314
2295.json,nathan-deal,true,0,speaker_disjoint_split,1,0.6596453889858808,1,0.5847447506959199
417.json,john-mccain,false,1,speaker_disjoint_split,0,0.466957941859741,0,0.46241049980074694
6286.json,rush-limbaugh,pants-fire,1,speaker_disjoint_split,0,0.4733106698101105,0,0.4609911258340128
6151.json,lamar-alexander,true,0,speaker_disjoint_split,0,0.3222651210871257,0,0.36443093657973646
8108.json,dan-patrick,barely-true,1,speaker_disjoint_split,0,0.48136793893772656,1,0.5115123945259464
2801.json,allen-alley,mostly-true,0,speaker_disjoint_split,0,0.43304738708947915,0,0.40978164701748276
8075.json,louie-gohmert,barely-true,1,speaker_disjoint_split,0,0.4731739865983655,1,0.5207387085019842
3850.json,janet-napolitano,half-true,0,speaker_disjoint_split,0,0.3468065304360259,0,0.36563168055119377
8612.json,saxby-chambliss,half-true,0,speaker_disjoint_split,0,0.4758457755761246,1,0.5100649866475488
2395.json,john-kasich,half-true,0,speaker_disjoint_split,0,0.31707888826890257,0,0.4072531850298299
11525.json,scott-walker,half-true,0,speaker_disjoint_split,1,0.5971696397599436,1,0.573932452881566
11071.json,donald-trump,false,1,speaker_disjoint_split,0,0.37270585595635447,0,0.4849384475960016
1543.json,charlie-crist,barely-true,1,speaker_disjoint_split,1,0.5388453092193377,1,0.5063065924454865
10972.json,scott-walker,false,1,speaker_disjoint_split,1,0.5992614708549523,1,0.5664015694425278
11057.json,carly-fiorina,half-true,0,speaker_disjoint_split,0,0.31005151715493895,0,0.3597853513465648
11210.json,donald-trump,half-true,0,speaker_disjoint_split,0,0.49902153684560097,1,0.5074092304408704
6630.json,julian-castro,true,0,speaker_disjoint_split,0,0.46136417009681624,0,0.4512184122957856
9138.json,charlie-crist,mostly-true,0,speaker_disjoint_split,1,0.5496455572138104,1,0.5172289554390056
9406.json,claire-mccaskill,barely-true,1,speaker_disjoint_split,1,0.5403906914365797,1,0.5138836444573248
5011.json,restore-our-future,true,0,speaker_disjoint_split,1,0.5300224127786005,1,0.5844463053888589
11317.json,scott-walker,barely-true,1,speaker_disjoint_split,0,0.48479593848048963,0,0.45903897429583124
2703.json,nathan-deal,barely-true,1,speaker_disjoint_split,0,0.4739444239230645,0,0.440072708933733
12193.json,new-day-america,false,1,speaker_disjoint_split,0,0.48374630809358105,1,0.5171118363066032
6635.json,joe-biden,half-true,0,speaker_disjoint_split,0,0.43491322212436023,0,0.49693010648978597
4276.json,jon-huntsman,mostly-true,0,speaker_disjoint_split,1,0.5000503364007205,0,0.4276181255800566
12759.json,donald-trump,pants-fire,1,speaker_disjoint_split,1,0.5608873383261228,1,0.5052857879880643
2345.json,kevin-boyce,pants-fire,1,speaker_disjoint_split,0,0.3741316585775719,0,0.4088375072349033
10070.json,donald-trump,pants-fire,1,speaker_disjoint_split,1,0.527662319822284,0,0.4954820476074002
3837.json,sam-adams,false,1,speaker_disjoint_split,1,0.5075464479817922,0,0.3951506043900361
2396.json,julie-lassa,half-true,0,speaker_disjoint_split,0,0.42881177296275125,0,0.4392734604411644
7349.json,dan-becker,false,1,speaker_disjoint_split,0,0.3844950458510587,0,0.3659953746726556
8228.json,debbie-wasserman-schultz,mostly-true,0,speaker_disjoint_split,1,0.6288199340797701,1,0.6525413893304198
7683.json,louie-gohmert,false,1,speaker_disjoint_split,1,0.5851440859497047,1,0.5304552832720311
10602.json,state-democratic-party-wisconsin,false,1,speaker_disjoint_split,1,0.5426662231543948,1,0.5874559493143581
2146.json,gordon-quan,half-true,0,speaker_disjoint_split,0,0.3730237676252435,0,0.44137527821553413
1560.json,glenn-beck,true,0,speaker_disjoint_split,1,0.5387925100106268,1,0.5429461775042806
9885.json,charlie-crist,mostly-true,0,speaker_disjoint_split,1,0.5206388372642793,0,0.4503244783900084
9619.json,whoopi-goldberg,barely-true,1,speaker_disjoint_split,0,0.30700430149572633,0,0.33798207323259505
8704.json,bill-kristol,mostly-true,0,speaker_disjoint_split,0,0.4559847937928009,0,0.47760925886700845
10840.json,donald-trump,half-true,0,speaker_disjoint_split,0,0.4903251579311874,0,0.46704379575039817
10989.json,ann-coulter,pants-fire,1,speaker_disjoint_split,1,0.5984729162313444,1,0.6038811743679529
9987.json,charlie-crist,false,1,speaker_disjoint_split,1,0.5024360123171415,0,0.4896830742524152
8643.json,scott-walker,false,1,speaker_disjoint_split,0,0.425221266805761,0,0.3795645297379828
13234.json,donald-trump,mostly-true,0,speaker_disjoint_split,0,0.4674570499853441,0,0.41822459866390155
10317.json,matthew-cooke,barely-true,1,speaker_disjoint_split,0,0.35870768218900345,0,0.3544785192865724
12839.json,donald-trump,pants-fire,1,speaker_disjoint_split,0,0.49020201400727825,0,0.46783635002736773
6103.json,nathan-deal,false,1,speaker_disjoint_split,1,0.524988063248901,0,0.4777478050197642
12988.json,donald-trump,mostly-true,0,speaker_disjoint_split,0,0.4935356586017515,1,0.5186806503066547
569.json,john-mccain,half-true,0,speaker_disjoint_split,1,0.5717696856051242,0,0.48484623066332494
6137.json,michael-chippendale,true,0,speaker_disjoint_split,0,0.36121656254319545,0,0.3405846145488461
13300.json,donald-trump,half-true,0,speaker_disjoint_split,0,0.498936811152109,1,0.526469739890638
13431.json,tim-kaine,true,0,speaker_disjoint_split,0,0.42143807725505106,0,0.3995448684662665
1587.json,citizens-lower-taxes-and-stronger-economy,half-true,0,speaker_disjoint_split,0,0.44304571149624195,0,0.36579111672579345
9297.json,madison-action-fund,pants-fire,1,speaker_disjoint_split,1,0.620844662334836,1,0.55979323863026
12955.json,club-growth,half-true,0,speaker_disjoint_split,1,0.5099807094291193,1,0.5209519975220621
8943.json,brad-avakian,mostly-true,0,speaker_disjoint_split,0,0.420639390295629,0,0.4087187890317412
10204.json,breitbart,pants-fire,1,speaker_disjoint_split,1,0.545048072226853,1,0.5286124002926755
12256.json,bernie-s,barely-true,1,speaker_disjoint_split,0,0.4402044126663655,0,0.42354200057227426
12428.json,donald-trump,pants-fire,1,speaker_disjoint_split,0,0.35683129609918296,0,0.4098982670105578
1491.json,joe-biden,mostly-true,0,speaker_disjoint_split,0,0.35170640531876507,0,0.3760638698554712
11578.json,bernie-s,barely-true,1,speaker_disjoint_split,0,0.3013363298377803,0,0.3258571322116503
6806.json,our-portland-our-schools,half-true,0,speaker_disjoint_split,1,0.5600913768906254,1,0.5005035572972943
3689.json,dick-armey,false,1,speaker_disjoint_split,0,0.42234395355861204,0,0.3737940662870471
8874.json,bill-oreilly,barely-true,1,speaker_disjoint_split,1,0.5652924153755938,0,0.4859201302104891
10082.json,charlie-crist,half-true,0,speaker_disjoint_split,0,0.4632958117701121,0,0.437553015046659
6288.json,jeff-fitzgerald,pants-fire,1,speaker_disjoint_split,1,0.5033529616842991,0,0.48571183732811785
2807.json,state-democratic-party-wisconsin,barely-true,1,speaker_disjoint_split,1,0.501761339268062,0,0.4791291277986033
11377.json,ora-houston,false,1,speaker_disjoint_split,1,0.5186102908991469,1,0.5346750914179897
3892.json,janice-hahn,true,0,speaker_disjoint_split,0,0.4826868753226784,0,0.47612742770516525
7657.json,lenny-curry,half-true,0,speaker_disjoint_split,0,0.4224742637488375,0,0.3960249007419334
11349.json,scott-walker,false,1,speaker_disjoint_split,0,0.471830540691138,0,0.45848570566286545
11292.json,david-cicilline,half-true,0,speaker_disjoint_split,1,0.510216091531452,0,0.4642228290659364
13319.json,donald-trump,half-true,0,speaker_disjoint_split,0,0.4425625246112628,0,0.44835688782437877
6124.json,democratic-congressional-campaign-committee,false,1,speaker_disjoint_split,1,0.760690067918054,1,0.5963665180271146
8970.json,blog-posting,pants-fire,1,speaker_disjoint_split,0,0.3632878261861004,0,0.4996828624978677
12353.json,donald-trump,false,1,speaker_disjoint_split,0,0.3723215203788637,0,0.33892313536990526
4144.json,club-growth,true,0,speaker_disjoint_split,1,0.5116219953971032,1,0.5682703832716052
8085.json,don-lemon,true,0,speaker_disjoint_split,0,0.2371997938579951,0,0.3227206692601555
2325.json,nathan-deal,half-true,0,speaker_disjoint_split,0,0.4947049300330616,0,0.42857793499588126
12850.json,donald-trump,mostly-true,0,speaker_disjoint_split,1,0.5940747256356237,1,0.5877758542954432
5781.json,ron-oakley,barely-true,1,speaker_disjoint_split,0,0.4562582588933091,0,0.4521451737484675
7443.json,ohio-republican-party,mostly-true,0,speaker_disjoint_split,0,0.4855197562599872,1,0.5395903389691178
11522.json,donald-trump,false,1,speaker_disjoint_split,0,0.38079570146233727,0,0.4784306941484957
10182.json,david-cicilline,true,0,speaker_disjoint_split,0,0.38536576259730126,0,0.3787452007924908
12378.json,solar-energy-fairness,half-true,0,speaker_disjoint_split,1,0.5988499789909548,1,0.5490457618348376
2361.json,democratic-congressional-campaign-committee,pants-fire,1,speaker_disjoint_split,1,0.7181219413921889,1,0.6235434713970194
13097.json,john-mccain,half-true,0,speaker_disjoint_split,1,0.5432339967904434,0,0.4636435249718147
6446.json,multnomah-county-library-foundation,false,1,speaker_disjoint_split,0,0.4779839946981939,0,0.46342755284466447
12880.json,donald-trump,false,1,speaker_disjoint_split,0,0.4928103419993343,0,0.48816058074599483
5427.json,scott-walker,true,0,speaker_disjoint_split,0,0.43555766160776294,0,0.42618157667567397
12804.json,tim-kaine,half-true,0,speaker_disjoint_split,0,0.4336611755050297,0,0.3932272728670491
8415.json,bill-foster,mostly-true,0,speaker_disjoint_split,0,0.36381536630419,0,0.3462808903822796
7397.json,brian-patrick-kennedy,barely-true,1,speaker_disjoint_split,0,0.47468385327310286,0,0.4944002135386895
6248.json,democratic-congressional-campaign-committee,pants-fire,1,speaker_disjoint_split,1,0.6013250907280735,1,0.6201843181513249
11950.json,bill-clinton,pants-fire,1,speaker_disjoint_split,0,0.45041499036154614,0,0.43476428988024163
5939.json,jeff-fitzgerald,mostly-true,0,speaker_disjoint_split,0,0.331048285523085,0,0.3471358546789758
10455.json,scott-walker,half-true,0,speaker_disjoint_split,1,0.5468463795594566,1,0.519895739613466
12422.json,george-holding,half-true,0,speaker_disjoint_split,1,0.5103371082068895,0,0.4305054951165934
2943.json,bernie-s,true,0,speaker_disjoint_split,0,0.24972458406518133,0,0.3091448370393691
2696.json,scott-walker,barely-true,1,speaker_disjoint_split,1,0.6011587701213141,1,0.5690965845869729
8906.json,sly-james,false,1,speaker_disjoint_split,1,0.5870066302128153,0,0.4520865275057679
13032.json,donald-trump,barely-true,1,speaker_disjoint_split,1,0.7961207847109992,1,0.7647889119663819
12114.json,gina-hinojosa,mostly-true,0,speaker_disjoint_split,0,0.3380447946607022,0,0.3344578040846119
4021.json,stephen-sweeney,true,0,speaker_disjoint_split,0,0.44477876467208705,0,0.39480513307065496
2558.json,hank-gilbert,true,0,speaker_disjoint_split,0,0.49676862958510737,1,0.5051268127936949
1045.json,bill-oreilly,false,1,speaker_disjoint_split,0,0.47808028892477217,0,0.48099319020446196
1885.json,glenn-beck,half-true,0,speaker_disjoint_split,1,0.5376109112138273,1,0.5118766967911332
9866.json,bob-beckel,false,1,speaker_disjoint_split,0,0.38765208300250026,0,0.37247891946509015
2240.json,john-kasich,false,1,speaker_disjoint_split,1,0.638716019601177,1,0.5508564515338237
11350.json,ben-carson,barely-true,1,speaker_disjoint_split,0,0.4427387325213129,0,0.49972114058066003
8947.json,republican-party-florida,barely-true,1,speaker_disjoint_split,1,0.569325285273339,1,0.5022688994429264
22.json,joe-biden,mostly-true,0,speaker_disjoint_split,0,0.3926977857241822,0,0.2959676591867768
13327.json,gary-johnson,half-true,0,speaker_disjoint_split,1,0.5192560804076636,0,0.41839552318035694
9909.json,dan-patrick,pants-fire,1,speaker_disjoint_split,0,0.3562287486446754,0,0.34967577200471345
11164.json,donald-trump,pants-fire,1,speaker_disjoint_split,0,0.49673295178106175,1,0.5139436269444306
7873.json,bob-gibbs,mostly-true,0,speaker_disjoint_split,1,0.5642864437931747,1,0.554522513586361
11144.json,donald-trump,false,1,speaker_disjoint_split,0,0.44812027103945923,0,0.441920874035371
2110.json,yvette-mcgee-brown,true,0,speaker_disjoint_split,0,0.293325647066128,0,0.343739870263215
8965.json,richard-durbin,pants-fire,1,speaker_disjoint_split,0,0.42387644522884105,0,0.3837618179587944
2985.json,john-mccain,true,0,speaker_disjoint_split,0,0.4269657315132742,0,0.3876720769475497
4286.json,democratic-congressional-campaign-committee,false,1,speaker_disjoint_split,1,0.5835724423416714,1,0.6001221950411196
4447.json,hetty-rosenstein,half-true,0,speaker_disjoint_split,0,0.4541550467218382,1,0.5008207798744152
11566.json,carly-fiorina,half-true,0,speaker_disjoint_split,1,0.6057008023662943,1,0.5609476796561059
8824.json,ann-coulter,half-true,0,speaker_disjoint_split,1,0.7134046454038885,1,0.5678229811703536
453.json,john-mccain,half-true,0,speaker_disjoint_split,1,0.5702326215030488,1,0.5310218697439439
9748.json,blog-posting,pants-fire,1,speaker_disjoint_split,0,0.44185998699109225,1,0.5072673949236821
8703.json,glenn-beck,mostly-true,0,speaker_disjoint_split,1,0.5860562594909153,1,0.509488234251691
13378.json,chris-malone,pants-fire,1,speaker_disjoint_split,1,0.6045509630904711,1,0.5035105896168416
920.json,national-republican-congressional-committee,mostly-true,0,speaker_disjoint_split,1,0.5007831126198881,1,0.553827089369386
8615.json,charlie-crist,mostly-true,0,speaker_disjoint_split,0,0.43857652890119586,0,0.40372612716324596
1820.json,michael-steele,true,0,speaker_disjoint_split,0,0.3745632802195735,0,0.40581720428914886
8204.json,kathleen-vinehout,half-true,0,speaker_disjoint_split,0,0.42257764257456015,0,0.45281331646638245
7332.json,keith-faber,half-true,0,speaker_disjoint_split,0,0.3626727824064259,0,0.35472775792017425
2672.json,scott-walker,barely-true,1,speaker_disjoint_split,0,0.44789407463686814,0,0.4651401731948551
4402.json,democratic-congressional-campaign-committee,barely-true,1,speaker_disjoint_split,1,0.5245066084948422,1,0.6044641684013176
10513.json,lori-haas,half-true,0,speaker_disjoint_split,0,0.3705252911632162,0,0.34766303049251396
11399.json,club-growth,true,0,speaker_disjoint_split,0,0.3521011976187191,0,0.4258414842635076
8903.json,charlie-crist,false,1,speaker_disjoint_split,1,0.5799205850572696,1,0.5420477099264539
3599.json,joaquin-castro,barely-true,1,speaker_disjoint_split,0,0.45620520342188703,0,0.4554670273766247
1895.json,florida-first-initiative,barely-true,1,speaker_disjoint_split,1,0.5271887707082386,1,0.5569028247502534
10353.json,naha-daily,pants-fire,1,speaker_disjoint_split,1,0.7205074952692725,0,0.37669558224187855
8765.json,carly-fiorina,false,1,speaker_disjoint_split,0,0.30855137191452003,0,0.3653141697587236
7422.json,wayne-lapierre,barely-true,1,speaker_disjoint_split,1,0.554079765348948,0,0.48219307348199275
12022.json,bernie-s,false,1,speaker_disjoint_split,0,0.49577330691013616,0,0.45156193227068947
613.json,john-mccain,mostly-true,0,speaker_disjoint_split,0,0.34534911277624114,0,0.38505566228451515
6481.json,national-republican-congressional-committee,pants-fire,1,speaker_disjoint_split,1,0.5578868162612797,1,0.6166705751658248
573.json,john-mccain,false,1,speaker_disjoint_split,0,0.4127420422329442,0,0.44148215886469605
822.json,republican-party-florida,false,1,speaker_disjoint_split,0,0.48111390935910575,0,0.4085370863566728
12560.json,donald-trump,pants-fire,1,speaker_disjoint_split,0,0.4294329059913425,0,0.465503173326399
12743.json,donald-trump,barely-true,1,speaker_disjoint_split,1,0.5673201376432911,1,0.5149232322899318
1377.json,hank-gilbert,half-true,0,speaker_disjoint_split,0,0.4566617735939924,0,0.41187285515512634
9605.json,angel-taveras,mostly-true,0,speaker_disjoint_split,0,0.42011613376546353,0,0.4525712043908843
13149.json,donald-trump,barely-true,1,speaker_disjoint_split,0,0.4939386302820255,1,0.5301194395361936
10233.json,enough-already-wisconsin-inc,false,1,speaker_disjoint_split,0,0.40717131679020313,0,0.3388502510817822
164.json,bill-richardson,half-true,0,speaker_disjoint_split,1,0.5053252935877695,0,0.44130164607220534
551.json,ralph-nader,true,0,speaker_disjoint_split,1,0.5068606016432995,0,0.4547448898936981
10566.json,texas-democratic-party,mostly-true,0,speaker_disjoint_split,0,0.46914342807030357,1,0.5050694990807885
11315.json,donald-trump,mostly-true,0,speaker_disjoint_split,0,0.40104091425209387,0,0.4048353330450511
4551.json,john-fleming,false,1,speaker_disjoint_split,1,0.6727921674360563,1,0.5630565156180697
6394.json,steve-doell,mostly-true,0,speaker_disjoint_split,0,0.4343577069938986,0,0.3237217098440975
4449.json,valerie-vainieri-huttle,barely-true,1,speaker_disjoint_split,0,0.40475640800600243,0,0.3446045669202363
7500.json,national-republican-congressional-committee,pants-fire,1,speaker_disjoint_split,1,0.5899320981503654,1,0.5733086033268537
10044.json,scott-walker,false,1,speaker_disjoint_split,0,0.3778029404228306,0,0.3836631730004163
10161.json,dan-patrick,barely-true,1,speaker_disjoint_split,1,0.7181278689288514,1,0.5733665775361577
9926.json,lois-frankel,pants-fire,1,speaker_disjoint_split,1,0.5459806327056684,1,0.5680183423124199
7489.json,debbie-wasserman-schultz,true,0,speaker_disjoint_split,1,0.5188713957601148,1,0.6291367521647557
13389.json,michelle-mosby,half-true,0,speaker_disjoint_split,0,0.40097891340212205,0,0.4257891295049058
1159.json,rush-limbaugh,pants-fire,1,speaker_disjoint_split,1,0.5830713767887101,0,0.48197454151987196
4464.json,ted-piccolo,false,1,speaker_disjoint_split,1,0.5225381742898546,1,0.5183600806531742
719.json,john-mccain,false,1,speaker_disjoint_split,0,0.4474130465701547,0,0.4755953675986184
11460.json,dan-patrick,pants-fire,1,speaker_disjoint_split,0,0.4565442201315067,0,0.4512663432812642
5889.json,scott-walker,barely-true,1,speaker_disjoint_split,1,0.7270899819330726,1,0.6613103006748823
798.json,john-mccain,half-true,0,speaker_disjoint_split,1,0.6128000995551147,1,0.5937594833350737
1366.json,karl-rove,mostly-true,0,speaker_disjoint_split,1,0.5156121763889472,0,0.4627069849335539
2397.json,national-republican-congressional-committee,barely-true,1,speaker_disjoint_split,0,0.473555561131018,0,0.49992454268055075
12206.json,bill-clinton,barely-true,1,speaker_disjoint_split,0,0.3856134626721267,0,0.3386009229451395
13404.json,donald-trump,false,1,speaker_disjoint_split,1,0.5609532320528088,1,0.5420564401045729
710.json,john-mccain,barely-true,1,speaker_disjoint_split,0,0.45363027167344216,0,0.42764400502559063
1882.json,nathan-deal,mostly-true,0,speaker_disjoint_split,1,0.55394984924214,1,0.5427293455306587
1548.json,charlie-crist,barely-true,1,speaker_disjoint_split,0,0.37443606738179624,0,0.37983349524101157
1643.json,charlie-crist,true,0,speaker_disjoint_split,0,0.3614994692227914,0,0.44998798328596407
10590.json,scott-walker,false,1,speaker_disjoint_split,0,0.4238373728891156,0,0.41148073484979003
6048.json,bill-clinton,mostly-true,0,speaker_disjoint_split,0,0.37155061748888957,0,0.3626603675877703
8380.json,chris-latvala,true,0,speaker_disjoint_split,0,0.4352738425733709,0,0.3710020141164849
3392.json,john-mccain,false,1,speaker_disjoint_split,0,0.43257337913044114,0,0.43883113566880844
12915.json,gary-johnson,barely-true,1,speaker_disjoint_split,0,0.3161834471778763,0,0.38002751154892905
2093.json,joe-biden,true,0,speaker_disjoint_split,0,0.48262301166580046,0,0.4027136762195932
12658.json,donald-trump,mostly-true,0,speaker_disjoint_split,0,0.34084774283136343,0,0.349814118685889
1625.json,charlie-crist,half-true,0,speaker_disjoint_split,0,0.4080092235714172,1,0.5009390473838119
9275.json,wilton-gregory,mostly-true,0,speaker_disjoint_split,0,0.40750475280330245,1,0.5059466030651885
1459.json,ron-paul,barely-true,1,speaker_disjoint_split,0,0.3794321250751572,0,0.42249925569491176
10267.json,tim-kaine,mostly-true,0,speaker_disjoint_split,1,0.5127884266941475,1,0.5564598871860477
9496.json,joe-biden,half-true,0,speaker_disjoint_split,0,0.4745744787328235,0,0.4411325753595499
5943.json,beth-harwell,half-true,0,speaker_disjoint_split,1,0.5229293826465088,0,0.4443917458236435
10850.json,megyn-kelly,half-true,0,speaker_disjoint_split,0,0.44609130380445494,0,0.4103776279593759
11390.json,ben-carson,false,1,speaker_disjoint_split,1,0.5534871469722339,1,0.5018118483963601
6819.json,ann-coulter,false,1,speaker_disjoint_split,0,0.3743643214159917,0,0.397794995635834
4290.json,sam-olens,true,0,speaker_disjoint_split,1,0.5087182962631219,0,0.48038602276515546
13492.json,donald-trump,pants-fire,1,speaker_disjoint_split,0,0.430879181299021,0,0.46890981415585864
7595.json,mark-kelly,true,0,speaker_disjoint_split,0,0.3249144905424383,0,0.33300473055689983
9563.json,scott-walker,mostly-true,0,speaker_disjoint_split,0,0.38478093484256554,0,0.39290214406946283
8641.json,james-carville,mostly-true,0,speaker_disjoint_split,0,0.37489541235565765,0,0.3392772802858808
5261.json,scott-walker,half-true,0,speaker_disjoint_split,0,0.4412115126746146,0,0.44669677584415235
2780.json,robert-brown,true,0,speaker_disjoint_split,1,0.5088082041626841,0,0.4847688101569054
2996.json,louie-gohmert,false,1,speaker_disjoint_split,1,0.5096587077524386,0,0.47494438960493585
13394.json,donald-trump,half-true,0,speaker_disjoint_split,0,0.4667028997404903,0,0.47695884744147354
3335.json,scott-walker,true,0,speaker_disjoint_split,0,0.44704439133637736,0,0.49443361648541306
8940.json,lauren-kane,half-true,0,speaker_disjoint_split,0,0.30402393575928444,0,0.3964704350750155
12352.json,donald-trump,false,1,speaker_disjoint_split,0,0.4705102475892949,0,0.48023609080177904
13263.json,bernie-s,half-true,0,speaker_disjoint_split,1,0.5050886094084115,0,0.4673669028171129
12622.json,michael-cohen,pants-fire,1,speaker_disjoint_split,1,0.5286632613857136,1,0.5861176338867911
3675.json,jon-husted,pants-fire,1,speaker_disjoint_split,0,0.33558685111833564,0,0.3746490234153804
12907.json,tim-kaine,half-true,0,speaker_disjoint_split,0,0.47766249542118056,0,0.4632749566561932
11627.json,bernie-s,true,0,speaker_disjoint_split,1,0.5845959910341286,1,0.5440285676822733
10960.json,breitbart,pants-fire,1,speaker_disjoint_split,1,0.5789894441681758,1,0.5882980406584455
3965.json,chris-widener,barely-true,1,speaker_disjoint_split,0,0.4131504564675305,0,0.3972584074439074
12905.json,donald-trump,half-true,0,speaker_disjoint_split,1,0.553391996300434,1,0.518087020858007
1221.json,patients-first,barely-true,1,speaker_disjoint_split,1,0.5828461165455574,1,0.535040360839577
11520.json,ben-carson,false,1,speaker_disjoint_split,1,0.5278185724012295,0,0.49291085688299574
8048.json,bill-foster,mostly-true,0,speaker_disjoint_split,0,0.40907685437692287,0,0.3604281082498013
7854.json,national-republican-congressional-committee,barely-true,1,speaker_disjoint_split,1,0.6404499934366618,1,0.7191396144721622
3592.json,online-petition,mostly-true,0,speaker_disjoint_split,0,0.3593948862128413,0,0.3475745193234244
13259.json,national-republican-congressional-committee,mostly-true,0,speaker_disjoint_split,1,0.5861501831751142,1,0.5048894742350545
5232.json,ohio-republican-party,true,0,speaker_disjoint_split,0,0.2935707491603436,0,0.4095245652793222
13240.json,donald-trump,false,1,speaker_disjoint_split,0,0.45611105461640117,1,0.5273893653223544
4334.json,donna-brazile,mostly-true,0,speaker_disjoint_split,0,0.361898838649698,0,0.3704949228939253
4493.json,gary-johnson,false,1,speaker_disjoint_split,0,0.47176676481648855,0,0.4809029706329921
4906.json,scott-walker,false,1,speaker_disjoint_split,0,0.4858662964073565,0,0.49777593493105393
13261.json,donald-trump,pants-fire,1,speaker_disjoint_split,0,0.42864293317653607,0,0.3924701690064941
1137.json,david-axelrod,mostly-true,0,speaker_disjoint_split,1,0.5674457004805002,1,0.5831691138012264
1413.json,joe-biden,false,1,speaker_disjoint_split,0,0.41156907807934573,0,0.37686361894016795
838.json,john-mccain,half-true,0,speaker_disjoint_split,1,0.572891664300199,0,0.4883617505311081
12674.json,mike-turzai,half-true,0,speaker_disjoint_split,0,0.4218727579230809,0,0.4436205180908359
13212.json,donald-trump,mostly-true,0,speaker_disjoint_split,0,0.42488474036969603,0,0.46434966465275385
3964.json,michael-cutler,true,0,speaker_disjoint_split,0,0.3319645297162501,0,0.37234580943480966
6920.json,joe-biden,half-true,0,speaker_disjoint_split,0,0.48722628594592554,0,0.4858606271673295
11756.json,donald-trump,false,1,speaker_disjoint_split,1,0.5872463201576019,1,0.6416815503052993
9817.json,republican-party-florida,half-true,0,speaker_disjoint_split,1,0.5177943160926475,0,0.4645227990578199
11039.json,bernie-s,barely-true,1,speaker_disjoint_split,0,0.35612977225996173,0,0.3567956232037618
2007.json,john-mccain,barely-true,1,speaker_disjoint_split,0,0.3990974055406849,0,0.4804576411570901
12513.json,donald-trump,mostly-true,0,speaker_disjoint_split,0,0.4794391791363209,0,0.4695238017137979
3294.json,scott-walker,false,1,speaker_disjoint_split,0,0.42799751148906684,0,0.4808214870883241
13111.json,donald-trump,half-true,0,speaker_disjoint_split,1,0.521834981419948,1,0.5602843456318025
3729.json,nina-turner,true,0,speaker_disjoint_split,0,0.44259793032757516,0,0.375436782557799
1249.json,jay-rockefeller,half-true,0,speaker_disjoint_split,0,0.35043245499824727,0,0.415040467330978
9505.json,scott-walker,false,1,speaker_disjoint_split,0,0.49378938566869257,0,0.46797467567912554
13257.json,katherine-cloonen,pants-fire,1,speaker_disjoint_split,1,0.5477408132656059,1,0.5132458709231843
5154.json,restore-our-future,half-true,0,speaker_disjoint_split,1,0.5858006819290886,1,0.5236756502008643
4620.json,david-axelrod,mostly-true,0,speaker_disjoint_split,0,0.41966263056813446,0,0.4137309696325284
12124.json,bill-clinton,mostly-true,0,speaker_disjoint_split,0,0.2695089189798889,0,0.3384891524868249
12053.json,donald-trump,false,1,speaker_disjoint_split,0,0.3883369747426093,0,0.40166184876939376
11378.json,carly-fiorina,mostly-true,0,speaker_disjoint_split,0,0.4503730584039796,0,0.44623966598199055
3630.json,state-democratic-party-wisconsin,false,1,speaker_disjoint_split,1,0.52777691509795,1,0.5150778560131095
12944.json,tim-kaine,true,0,speaker_disjoint_split,0,0.39747846565138895,0,0.4422657840026485
7682.json,texas-state-employees-union,true,0,speaker_disjoint_split,0,0.47071404404015804,0,0.45282188869808127
12302.json,shawn-oconnor,pants-fire,1,speaker_disjoint_split,1,0.6868306032643403,0,0.457091738280811
4154.json,victoria-jackson,pants-fire,1,speaker_disjoint_split,1,0.5812589306024883,1,0.541345315979815
11204.json,ben-carson,half-true,0,speaker_disjoint_split,0,0.32370290625507125,0,0.3814244777771366
8802.json,scott-walker,mostly-true,0,speaker_disjoint_split,0,0.3675162410111603,0,0.36388823639672424
557.json,john-mccain,false,1,speaker_disjoint_split,0,0.4865454887759161,0,0.4941279077522179
7513.json,bob-bennett,mostly-true,0,speaker_disjoint_split,0,0.4953571827560732,0,0.4301180434902529
5366.json,stephen-sweeney,false,1,speaker_disjoint_split,0,0.3559193798205307,0,0.37251958751707387
12782.json,bill-clinton,mostly-true,0,speaker_disjoint_split,0,0.39894314726479535,0,0.4645433558454517
12491.json,donald-trump,barely-true,1,speaker_disjoint_split,1,0.5585403399263975,1,0.5606952707077607
7576.json,charles-cooper,half-true,0,speaker_disjoint_split,0,0.44007620422273147,1,0.5044272974555398
134.json,john-mccain,true,0,speaker_disjoint_split,1,0.5986565232373898,1,0.5437053893120118
9173.json,nathan-deal,half-true,0,speaker_disjoint_split,1,0.5386429240727838,0,0.45062520373633147
988.json,keith-olbermann,mostly-true,0,speaker_disjoint_split,0,0.4867270017933729,0,0.48965671451298365
11225.json,ben-carson,half-true,0,speaker_disjoint_split,1,0.5298271033848873,1,0.5198949058860428
619.json,john-mccain,false,1,speaker_disjoint_split,0,0.31694176034520843,0,0.40109268344141313
9159.json,republican-party-florida,mostly-true,0,speaker_disjoint_split,0,0.42944593628684025,0,0.37223520058969856
12339.json,pat-mccrory,pants-fire,1,speaker_disjoint_split,1,0.5005226631119679,0,0.4562011647624087
11800.json,glenn-beck,true,0,speaker_disjoint_split,0,0.38770326032448565,0,0.43235347941499114
13497.json,donald-trump,pants-fire,1,speaker_disjoint_split,0,0.42397612650527255,0,0.48985422973576187
7265.json,scott-walker,half-true,0,speaker_disjoint_split,0,0.4905027392808508,0,0.49097364918478725
11700.json,donald-trump,false,1,speaker_disjoint_split,0,0.40825379913867826,0,0.4616061874883342
6111.json,debbie-wasserman-schultz,false,1,speaker_disjoint_split,0,0.49975978413716016,1,0.5565399159033728
5133.json,marsha-blackburn,barely-true,1,speaker_disjoint_split,0,0.46188444714003585,0,0.4182306355186482
334.json,john-mccain,mostly-true,0,speaker_disjoint_split,0,0.44758266357517107,0,0.379456962835513
7365.json,david-cicilline,half-true,0,speaker_disjoint_split,0,0.2802189364280347,0,0.3177247177954578
943.json,john-mccain,true,0,speaker_disjoint_split,0,0.4776802437898763,0,0.4732453370085923
5675.json,republican-governors-association,barely-true,1,speaker_disjoint_split,0,0.4775002311855413,0,0.46391989050533927
12566.json,donald-trump,false,1,speaker_disjoint_split,0,0.49987905840601143,1,0.5515954417272525
12308.json,donald-trump,half-true,0,speaker_disjoint_split,1,0.5777728218641746,1,0.5840803618606718
2239.json,john-stemberger,false,1,speaker_disjoint_split,1,0.6388833572572079,1,0.5102124564634142
11451.json,elton-john,mostly-true,0,speaker_disjoint_split,1,0.6293361884062804,1,0.5307096506663086
1401.json,debra-medina,half-true,0,speaker_disjoint_split,0,0.4353373799382398,0,0.46020618451217726
1611.json,bob-schieffer,false,1,speaker_disjoint_split,0,0.3569409591285552,0,0.39159168313200865
5157.json,judy-manning,pants-fire,1,speaker_disjoint_split,0,0.422589642970313,0,0.395711555252689
2408.json,republican-governors-association,barely-true,1,speaker_disjoint_split,0,0.46572609097991746,0,0.46889979770257845
671.json,joe-biden,true,0,speaker_disjoint_split,0,0.4412333669288649,0,0.4522795959720887
7277.json,bernie-s,barely-true,1,speaker_disjoint_split,0,0.339456782882094,0,0.3367433353224624
10118.json,charlie-crist,false,1,speaker_disjoint_split,0,0.4354201094594054,0,0.43515609708962516
12228.json,jan-brewer,barely-true,1,speaker_disjoint_split,0,0.43927868287708555,0,0.4775698533108443
11771.json,bernie-s,barely-true,1,speaker_disjoint_split,0,0.3570376903236565,0,0.419673943001305
12281.json,unbreakable-kimmy-schmidt,false,1,speaker_disjoint_split,1,0.5052178605003309,0,0.4811992414691543
10169.json,color-change,barely-true,1,speaker_disjoint_split,1,0.546843680005976,1,0.5277572939806242
914.json,joe-barton,true,0,speaker_disjoint_split,1,0.5141193947651811,1,0.5184670524758986
286.json,john-mccain,half-true,0,speaker_disjoint_split,0,0.3986706803073873,0,0.4112965236128822
780.json,john-mccain,true,0,speaker_disjoint_split,0,0.4722524989845548,0,0.4497489497011867
4637.json,stephen-sweeney,half-true,0,speaker_disjoint_split,0,0.33354979521118716,0,0.3834561222586059
9340.json,campaign-liberty,barely-true,1,speaker_disjoint_split,1,0.5379257266671487,0,0.46375773228073575
7102.json,lamar-alexander,false,1,speaker_disjoint_split,0,0.3554140055275564,0,0.3375708729082029
3269.json,lynn-westmoreland,half-true,0,speaker_disjoint_split,0,0.37715164466931717,0,0.4294293815519027
3487.json,karl-rove,false,1,speaker_disjoint_split,0,0.41992576931364406,0,0.4438822761733781
7460.json,nancy-devaney,mostly-true,0,speaker_disjoint_split,0,0.2515622673445662,0,0.3409662455866473
6050.json,nathan-deal,false,1,speaker_disjoint_split,1,0.5800450457146504,0,0.4935395280885588
11319.json,ben-carson,pants-fire,1,speaker_disjoint_split,0,0.4022936301518246,0,0.3888582414106705
11085.json,donald-trump,false,1,speaker_disjoint_split,0,0.46744262370658257,1,0.5182147075879919
2213.json,kevin-boyce,true,0,speaker_disjoint_split,0,0.4993123268594454,0,0.4634940272471904
5722.json,susan-combs,pants-fire,1,speaker_disjoint_split,0,0.4196158299053071,0,0.4246507935171671
12242.json,bernie-s,mostly-true,0,speaker_disjoint_split,1,0.5097970848939203,0,0.4386068039899086
7766.json,gilberto-hinojosa,mostly-true,0,speaker_disjoint_split,0,0.4296087192458892,0,0.3789292418324816
12825.json,tim-kaine,true,0,speaker_disjoint_split,0,0.4628887448077635,0,0.37982029607158685
8034.json,scott-walker,mostly-true,0,speaker_disjoint_split,0,0.3081270337115329,0,0.3817639783351339
1306.json,glenn-beck,false,1,speaker_disjoint_split,0,0.4145972666933858,0,0.4804771456562103
2320.json,debbie-wasserman-schultz,barely-true,1,speaker_disjoint_split,1,0.6662072182694281,1,0.6324289856989552
7253.json,club-growth,false,1,speaker_disjoint_split,0,0.48378121261934814,0,0.49296600850570127
2670.json,david-cicilline,mostly-true,0,speaker_disjoint_split,1,0.5768690350404828,1,0.540071346513287
8430.json,florida-stop-common-core-coalition,pants-fire,1,speaker_disjoint_split,1,0.5120184608127649,1,0.5109747706999466
6025.json,scott-walker,half-true,0,speaker_disjoint_split,1,0.6206926014600783,1,0.5671000658151328
5706.json,john-kasich,true,0,speaker_disjoint_split,0,0.442969406756466,0,0.46342304371030674
4335.json,jonathan-steitz,false,1,speaker_disjoint_split,0,0.4636708510218732,0,0.4657576672264318
7861.json,derek-ryan,true,0,speaker_disjoint_split,1,0.5095017444274705,0,0.44817792441316334
5747.json,peter-defazio,true,0,speaker_disjoint_split,1,0.5556516511749952,1,0.5239076884404228
12514.json,nevada-assembly-republican-candidates,false,1,speaker_disjoint_split,1,0.6553125223568835,1,0.5211607089902732
4297.json,susan-combs,false,1,speaker_disjoint_split,1,0.7229137519545996,1,0.5020408862327876
10526.json,joe-biden,pants-fire,1,speaker_disjoint_split,0,0.49851692613907617,0,0.45841697598067604
13071.json,donald-trump,pants-fire,1,speaker_disjoint_split,1,0.5386115920089615,1,0.5303780830893053
5391.json,texas-democratic-party,true,0,speaker_disjoint_split,1,0.5172894068882661,1,0.5591333443470069
10357.json,louie-gohmert,false,1,speaker_disjoint_split,1,0.5832536653085872,1,0.5084114528326886
11709.json,bernie-s,true,0,speaker_disjoint_split,0,0.3395006989344678,0,0.3920302243830115
6915.json,ohio-republican-party,barely-true,1,speaker_disjoint_split,1,0.6314009368345462,1,0.6243456690454737
8952.json,david-cicilline,mostly-true,0,speaker_disjoint_split,0,0.3308516506438838,0,0.32827818311729645
10475.json,megyn-kelly,true,0,speaker_disjoint_split,1,0.6988435782101823,0,0.4820607519471297
12289.json,bernie-s,true,0,speaker_disjoint_split,1,0.5379934546789464,0,0.4619905582405546
8911.json,oregon-citizens-lobby,false,1,speaker_disjoint_split,1,0.5254295825033911,1,0.5143070067552223
589.json,john-mccain,half-true,0,speaker_disjoint_split,0,0.4321786671376055,0,0.4365521115055209
12664.json,firearms-policy-coalition,barely-true,1,speaker_disjoint_split,1,0.564121130836909,0,0.467861741084672
1896.json,donna-brazile,false,1,speaker_disjoint_split,0,0.4807448832539698,0,0.4496458062728956
7553.json,scott-walker,half-true,0,speaker_disjoint_split,0,0.480423942231104,0,0.4925335720337572
8222.json,libertarian-party-broward-county,false,1,speaker_disjoint_split,0,0.3655606024560242,0,0.4470710955674138
12544.json,donald-trump,barely-true,1,speaker_disjoint_split,0,0.36185647874158583,0,0.4294179516047877
5464.json,ron-paul,mostly-true,0,speaker_disjoint_split,1,0.5376114901343424,0,0.4765543083109429
6864.json,jim-kyle,false,1,speaker_disjoint_split,0,0.43505456236888385,0,0.41965515905436407
11642.json,donald-trump,pants-fire,1,speaker_disjoint_split,1,0.5303221402488046,1,0.5502569656159266
9352.json,major-garrett,true,0,speaker_disjoint_split,0,0.46772956134375304,0,0.4899285752224272
9371.json,charlie-crist,half-true,0,speaker_disjoint_split,1,0.5326658884882672,1,0.5317980999895202
5804.json,tom-rooney,barely-true,1,speaker_disjoint_split,1,0.5090273540944563,1,0.5063017892646674
6636.json,debbie-wasserman-schultz,pants-fire,1,speaker_disjoint_split,1,0.5434015746869563,1,0.592018005801236
10154.json,scott-walker,mostly-true,0,speaker_disjoint_split,0,0.36601759515361904,0,0.39906256984875177
13201.json,tim-kaine,half-true,0,speaker_disjoint_split,0,0.47671653095045774,0,0.45791921092111404
12746.json,donald-trump,half-true,0,speaker_disjoint_split,0,0.3903850063613714,0,0.440924742124833
4914.json,club-growth,half-true,0,speaker_disjoint_split,0,0.49978061406128693,0,0.4573816513624644
3822.json,anti-defamation-league,half-true,0,speaker_disjoint_split,0,0.34521790799163604,1,0.5181627653670957
8009.json,larry-elder,false,1,speaker_disjoint_split,1,0.5640747634465137,0,0.4719954522895396
11136.json,bill-oreilly,mostly-true,0,speaker_disjoint_split,0,0.4871952975238571,0,0.4512019852679016
13050.json,william-weld,half-true,0,speaker_disjoint_split,0,0.3745925189810422,0,0.4427777262911583
4463.json,new-jersey-sierra-club,half-true,0,speaker_disjoint_split,0,0.369395999181849,0,0.2990076452614471
13282.json,donald-trump,barely-true,1,speaker_disjoint_split,1,0.559580668122268,1,0.52071123988479
6996.json,promote-oregon-leadership-pac-oregon-house-republi,barely-true,1,speaker_disjoint_split,1,0.561253640155887,1,0.5097009863337514
2697.json,jeff-merkley,half-true,0,speaker_disjoint_split,1,0.5778732390392524,1,0.5287111041350788
12333.json,donald-trump,pants-fire,1,speaker_disjoint_split,1,0.5288597700555572,1,0.630371109897731
2521.json,bob-gibbs,false,1,speaker_disjoint_split,1,0.7004418946836192,1,0.7032553718535695
1316.json,rush-limbaugh,half-true,0,speaker_disjoint_split,1,0.5464798597782788,1,0.5755893419210207
436.json,john-mccain,barely-true,1,speaker_disjoint_split,1,0.5173065083232121,1,0.5316929079203848
4415.json,bill-pascrell,mostly-true,0,speaker_disjoint_split,0,0.41623299135065106,0,0.4182376826322812
4707.json,robert-menendez,false,1,speaker_disjoint_split,0,0.37016462719263743,0,0.3715105219998081
10826.json,scott-walker,false,1,speaker_disjoint_split,1,0.5149746155900891,1,0.5089300912223208
3403.json,john-kasich,true,0,speaker_disjoint_split,0,0.38599791739850053,0,0.394716250890362
6430.json,american-commitment,barely-true,1,speaker_disjoint_split,0,0.4612698310850961,0,0.4838067198074993
13062.json,donald-trump,mostly-true,0,speaker_disjoint_split,0,0.3972299582696726,0,0.46029535920476206
12091.json,new-hampshire-republican-party,mostly-true,0,speaker_disjoint_split,0,0.381440602506978,0,0.42490689594030084
6349.json,lights-liberty,barely-true,1,speaker_disjoint_split,0,0.44909248278590724,0,0.486004706879858
13248.json,william-ruto,false,1,speaker_disjoint_split,0,0.3129375990431327,0,0.3954764725240465
4652.json,eileen-brady,false,1,speaker_disjoint_split,1,0.5025218184694973,0,0.3760044908125362
5411.json,ron-paul,pants-fire,1,speaker_disjoint_split,0,0.4543576181304229,0,0.4419966114522809
1533.json,lamar-alexander,half-true,0,speaker_disjoint_split,0,0.48006800491092455,0,0.4491167030069847
13072.json,tim-kaine,true,0,speaker_disjoint_split,0,0.42467592027969725,0,0.4186874245458113
12941.json,tim-kaine,barely-true,1,speaker_disjoint_split,1,0.5090421517812859,0,0.48309914331065135
9531.json,state-democratic-party-wisconsin,barely-true,1,speaker_disjoint_split,0,0.4534260425464818,0,0.4651506403493867
3872.json,democratic-congressional-campaign-committee,false,1,speaker_disjoint_split,1,0.6021272473106061,1,0.5858825368083117
2632.json,john-kasich,false,1,speaker_disjoint_split,0,0.43525887281585157,0,0.4837828772855442
11591.json,donald-trump,pants-fire,1,speaker_disjoint_split,0,0.4852979875278887,0,0.47552730356568207
1050.json,karl-rove,false,1,speaker_disjoint_split,1,0.5326897594543619,1,0.5464945455488995
8513.json,scott-walker,pants-fire,1,speaker_disjoint_split,0,0.4969439453572342,0,0.48334968472894535
634.json,john-mccain,mostly-true,0,speaker_disjoint_split,0,0.3891507896457974,0,0.4249342622733223
12404.json,vote-no-2,half-true,0,speaker_disjoint_split,0,0.38410838108058826,0,0.36575734579095764
13297.json,colorado-citizens-accountable-government,pants-fire,1,speaker_disjoint_split,1,0.5223542583649158,0,0.47430634242480346
5009.json,michael-chippendale,false,1,speaker_disjoint_split,1,0.5039183522473546,0,0.4454430866491328
11213.json,bill-clinton,mostly-true,0,speaker_disjoint_split,1,0.5225816417933999,1,0.5103079530140506
9870.json,jeanne-shaheen,half-true,0,speaker_disjoint_split,0,0.47379986647582806,1,0.5085757590120414
1770.json,michael-bloomberg,true,0,speaker_disjoint_split,0,0.482220188682674,0,0.4770189930543794
2648.json,maryellen-oshaughnessy,true,0,speaker_disjoint_split,1,0.5046300432380836,0,0.3910176375018361
9439.json,chuck-todd,true,0,speaker_disjoint_split,0,0.39626788533583296,0,0.3529989138459615
751.json,john-mccain,true,0,speaker_disjoint_split,0,0.27838453166815635,0,0.4121517408986532
4028.json,yard-sign,true,0,speaker_disjoint_split,0,0.4679264319011083,0,0.4103116968155968
1173.json,glenn-beck,barely-true,1,speaker_disjoint_split,1,0.6535133036347099,1,0.5952043981733831
2592.json,chris-coons,true,0,speaker_disjoint_split,0,0.3384777886614521,0,0.40261480520733967
4610.json,john-driscoll,barely-true,1,speaker_disjoint_split,0,0.43919053638672517,1,0.5278334731400797
1699.json,charlie-crist,half-true,0,speaker_disjoint_split,0,0.48081309743029904,0,0.4663026259639267
11038.json,chuck-todd,mostly-true,0,speaker_disjoint_split,0,0.35252582451874637,0,0.3652303082061842
11682.json,donald-trump,barely-true,1,speaker_disjoint_split,0,0.4417895417464423,0,0.44529270783559766
2404.json,patrick-lynch,half-true,0,speaker_disjoint_split,1,0.5236786041988197,0,0.45023481322515146
3420.json,nathan-deal,true,0,speaker_disjoint_split,0,0.37369288497708825,0,0.34071429735122777
3407.json,patti-doyle,mostly-true,0,speaker_disjoint_split,0,0.3256495983253437,0,0.32562766481463173
5046.json,judy-shiprack-diane-mckeel,half-true,0,speaker_disjoint_split,1,0.6317096116712838,1,0.556716149296348
1170.json,arne-duncan,false,1,speaker_disjoint_split,0,0.49694456008964816,0,0.3924354016129323
7075.json,robert-menendez,half-true,0,speaker_disjoint_split,1,0.5576236649354765,0,0.3995143354947541
1655.json,lloyd-doggett,true,0,speaker_disjoint_split,0,0.38141233767262167,1,0.5139792004572183
460.json,john-mccain,barely-true,1,speaker_disjoint_split,0,0.46908303751337754,0,0.4965144409563232
7150.json,ken-detzner,mostly-true,0,speaker_disjoint_split,0,0.3805613897954732,0,0.3834098299824163
8956.json,americans-prosperity-georgia-chapter,half-true,0,speaker_disjoint_split,1,0.6202514718662898,1,0.6078627097625511
11650.json,heather-moore,barely-true,1,speaker_disjoint_split,0,0.26142706068334043,0,0.3098674496050143
36.json,john-mccain,barely-true,1,speaker_disjoint_split,0,0.4632236836796547,0,0.4673915373063491
11899.json,bernie-s,true,0,speaker_disjoint_split,0,0.37353491613528883,0,0.3613710965419936
3324.json,scott-walker,mostly-true,0,speaker_disjoint_split,0,0.45410109184768155,0,0.42874252282623004
11452.json,donald-trump,pants-fire,1,speaker_disjoint_split,0,0.4917310478108047,0,0.46362599856092146
10656.json,jess-mcintosh,true,0,speaker_disjoint_split,1,0.5392169834855853,1,0.5592412640711151
11027.json,donald-trump,barely-true,1,speaker_disjoint_split,0,0.4417065170836726,0,0.4250221305585499
11413.json,lynn-westmoreland,false,1,speaker_disjoint_split,1,0.5173032431283968,1,0.5225942857852057
2006.json,jorge-ramos,mostly-true,0,speaker_disjoint_split,0,0.4225799172645602,0,0.41721241963534683
11649.json,joe-donald,mostly-true,0,speaker_disjoint_split,0,0.3586089416187391,0,0.36285900748070654
5477.json,laurie-monnes-anderson,true,0,speaker_disjoint_split,0,0.38846664991204455,0,0.44258335419330974
2546.json,jon-husted,false,1,speaker_disjoint_split,1,0.6016941539558375,1,0.5199532590626714
8682.json,charlie-crist,barely-true,1,speaker_disjoint_split,0,0.4507219401267117,0,0.464272865411579
572.json,john-mccain,barely-true,1,speaker_disjoint_split,0,0.4975845102572087,1,0.5778553198165269
13273.json,donald-trump,false,1,speaker_disjoint_split,1,0.6337715025300715,1,0.5876923963290601
8517.json,charlie-crist,half-true,0,speaker_disjoint_split,0,0.3866679947064127,0,0.4045628409664719
12231.json,bernie-s,mostly-true,0,speaker_disjoint_split,0,0.4806927606690584,0,0.49344538036307534
6840.json,robert-menendez,mostly-true,0,speaker_disjoint_split,0,0.45245909341877905,0,0.41983456485876053
8647.json,rush-limbaugh,false,1,speaker_disjoint_split,0,0.46913353017281845,1,0.5186812470669974
3564.json,david-pepper,mostly-true,0,speaker_disjoint_split,0,0.438311184934802,1,0.5323384089572014
7882.json,wisconsin-institute-law-liberty,true,0,speaker_disjoint_split,1,0.6066840158970084,1,0.5243383152425226
7829.json,greg-walden,barely-true,1,speaker_disjoint_split,0,0.39107473660029507,0,0.41449392129179635
583.json,john-mccain,half-true,0,speaker_disjoint_split,0,0.3492391562923915,0,0.4131644095211939
4582.json,scott-walker,half-true,0,speaker_disjoint_split,0,0.48299456137793223,0,0.4841733687324853
3069.json,scott-walker,false,1,speaker_disjoint_split,0,0.429728486510691,0,0.3942204653664042
13143.json,donald-trump,false,1,speaker_disjoint_split,0,0.452875531256076,1,0.5004641039753704
10586.json,scott-walker,false,1,speaker_disjoint_split,0,0.48749177160174084,0,0.47646159020992873
941.json,john-mccain,mostly-true,0,speaker_disjoint_split,0,0.42517393934244674,0,0.46529255610489406
4409.json,jon-huntsman,half-true,0,speaker_disjoint_split,0,0.45215955919796913,0,0.3929405385190561
12755.json,donald-trump,true,0,speaker_disjoint_split,0,0.4806507968462621,1,0.5997467996015895
11976.json,bernie-s,half-true,0,speaker_disjoint_split,1,0.5695567073717109,1,0.5249380524005675
10675.json,trebor-banstetter,mostly-true,0,speaker_disjoint_split,0,0.3514334008052793,0,0.3719956588457511
12815.json,donald-trump,false,1,speaker_disjoint_split,0,0.38088175561741777,0,0.4181105854614055
10907.json,nathan-deal,true,0,speaker_disjoint_split,0,0.4338390201207048,0,0.4008509862997075
628.json,john-mccain,barely-true,1,speaker_disjoint_split,1,0.7037556531068971,1,0.588502980078527
601.json,john-mccain,half-true,0,speaker_disjoint_split,0,0.23810806237730184,0,0.47100520456245426
1181.json,joe-wilson,false,1,speaker_disjoint_split,1,0.5845725487263291,1,0.6142677297773327
6595.json,callista-gingrich,barely-true,1,speaker_disjoint_split,1,0.594096935681806,1,0.5186015617865892
283.json,john-mccain,true,0,speaker_disjoint_split,1,0.6617526705815954,1,0.6103204567593586
9824.json,don-lemon,false,1,speaker_disjoint_split,1,0.5057851104448613,0,0.47375982232408154
12315.json,john-kasich,true,0,speaker_disjoint_split,0,0.421014850889731,0,0.4392883085623269
3973.json,david-axelrod,half-true,0,speaker_disjoint_split,0,0.3725423414071237,0,0.3578683490739016
4065.json,scott-walker,false,1,speaker_disjoint_split,1,0.5025158337690124,0,0.49631962344990177
13121.json,donald-trump,false,1,speaker_disjoint_split,1,0.5011497766869742,0,0.47847780858577244
5208.json,ken-cuccinelli,pants-fire,1,speaker_disjoint_split,0,0.38894190074484314,0,0.38280315098553375
12066.json,pat-mccrory,half-true,0,speaker_disjoint_split,1,0.5386411103971124,0,0.49472436391890595
11340.json,common-sense-kids-action,mostly-true,0,speaker_disjoint_split,0,0.2644405329645709,0,0.33749492562812194
1275.json,ann-coulter,half-true,0,speaker_disjoint_split,0,0.3878832798272662,0,0.4834815064265461
11203.json,israel-oquinn,false,1,speaker_disjoint_split,0,0.3862036624127807,0,0.39502048794748973
7267.json,scott-walker,half-true,0,speaker_disjoint_split,0,0.46241533439198,0,0.4701733836229428
12660.json,state-democratic-party-wisconsin,barely-true,1,speaker_disjoint_split,1,0.5139346267412281,1,0.5487594957825158
254.json,john-mccain,mostly-true,0,speaker_disjoint_split,0,0.4205913055631696,1,0.5308357251000203
1298.json,debbie-wasserman-schultz,mostly-true,0,speaker_disjoint_split,1,0.552863492750505,1,0.6129245006563314
1117.json,donna-brazile,half-true,0,speaker_disjoint_split,0,0.495784507107963,0,0.4400827671702816
12502.json,john-mccain,mostly-true,0,speaker_disjoint_split,0,0.47649034923032096,0,0.49469084000045865
7774.json,mike-foley,mostly-true,0,speaker_disjoint_split,0,0.3536110606002044,0,0.35904282593393555
1360.json,rush-limbaugh,false,1,speaker_disjoint_split,0,0.407733505659825,0,0.42743464775105755
4877.json,scott-walker,false,1,speaker_disjoint_split,0,0.44556142260425924,0,0.4761721752143119
11440.json,scott-walker,false,1,speaker_disjoint_split,1,0.6874119443836035,1,0.6892421028306756
484.json,john-mccain,false,1,speaker_disjoint_split,1,0.5615659478869107,0,0.48960844446334517
8633.json,heritage-foundation,half-true,0,speaker_disjoint_split,1,0.61446787696917,1,0.556957647740526
9826.json,truth-accounting,barely-true,1,speaker_disjoint_split,0,0.4171205346913291,0,0.4172887976403304
10643.json,ken-plum,mostly-true,0,speaker_disjoint_split,0,0.4891626068276062,0,0.41871709611749597
5767.json,jim-cooper,true,0,speaker_disjoint_split,0,0.4516819387175427,0,0.4263120570815451
1604.json,barbara-cargill,barely-true,1,speaker_disjoint_split,0,0.42489385769491356,0,0.37310883955314617
1757.json,janet-napolitano,mostly-true,0,speaker_disjoint_split,0,0.48290518137818755,0,0.4608249937515884
530.json,john-mccain,mostly-true,0,speaker_disjoint_split,1,0.5222662779675641,0,0.4596304559803557
10520.json,peter-defazio,half-true,0,speaker_disjoint_split,0,0.4127195473546221,0,0.41467294490929413
12102.json,club-growth,false,1,speaker_disjoint_split,0,0.4950335484089473,0,0.48003350337712364
12266.json,donald-trump,false,1,speaker_disjoint_split,0,0.4558580990281722,0,0.4401300550955389
12747.json,donald-trump,mostly-true,0,speaker_disjoint_split,1,0.5271726594655264,1,0.5814805631029101
8524.json,charlie-crist,mostly-true,0,speaker_disjoint_split,0,0.44605541717772373,0,0.4468804705265027
2351.json,jan-brewer,pants-fire,1,speaker_disjoint_split,0,0.4100336105480916,0,0.47814552499188273
9764.json,scott-walker,mostly-true,0,speaker_disjoint_split,0,0.38956771813362934,0,0.42694649179482497
11457.json,donald-trump,false,1,speaker_disjoint_split,1,0.5824704180386239,1,0.5570969065694814
11250.json,bernie-s,true,0,speaker_disjoint_split,0,0.4109979053252375,0,0.3514474920993658
4889.json,ron-paul,barely-true,1,speaker_disjoint_split,0,0.42764297451702243,0,0.43311325543043494
6443.json,peter-defazio,mostly-true,0,speaker_disjoint_split,1,0.5718046208402818,1,0.5651675717513283
1463.json,john-mccain,false,1,speaker_disjoint_split,1,0.6450577938942584,1,0.5396664002412752
11534.json,donald-trump,half-true,0,speaker_disjoint_split,0,0.41344950774575506,0,0.4390898390324899
10490.json,susan-shapiro,true,0,speaker_disjoint_split,0,0.40921658913371545,0,0.3414556021431936
6062.json,john-kasich,mostly-true,0,speaker_disjoint_split,0,0.4363734433688789,0,0.4507237208248581
7074.json,steve-lonegan,true,0,speaker_disjoint_split,0,0.34321657297610847,0,0.3678520392543959
2074.json,john-mccain,mostly-true,0,speaker_disjoint_split,0,0.44147535399730686,0,0.4569547239240243
23.json,obama-girl,true,0,speaker_disjoint_split,0,0.4543366720447235,1,0.5325096223446153
3310.json,john-kasich,barely-true,1,speaker_disjoint_split,1,0.5863870710384418,0,0.4855322541813394
8410.json,ann-coulter,pants-fire,1,speaker_disjoint_split,1,0.5327526336173469,1,0.5508453779083708
3545.json,roberto-dasilva,mostly-true,0,speaker_disjoint_split,0,0.3488143722684673,0,0.3486606163183659
3521.json,citizens-strong-america,pants-fire,1,speaker_disjoint_split,1,0.6360988333694791,1,0.5908953296961034
2241.json,eddie-bernice-johnson,true,0,speaker_disjoint_split,0,0.26147158609345617,0,0.3863382802532016
12111.json,debbie-wasserman-schultz,mostly-true,0,speaker_disjoint_split,0,0.3614140951383603,0,0.4093585589733517
4311.json,jon-huntsman,mostly-true,0,speaker_disjoint_split,0,0.3314068938328218,0,0.38418810396366254
1392.json,hector-uribe,pants-fire,1,speaker_disjoint_split,1,0.7918831932959906,1,0.6098812771743443
10985.json,athens-banner-herald,true,0,speaker_disjoint_split,0,0.3118647240869348,0,0.33426280207517967
12459.json,donald-trump,half-true,0,speaker_disjoint_split,1,0.5675774206865221,1,0.6257099600112537
9980.json,republican-party-florida,barely-true,1,speaker_disjoint_split,0,0.40777562868185235,0,0.4340144741460664
2529.json,john-robitaille,true,0,speaker_disjoint_split,0,0.4145376297205601,0,0.3726108756672953
13235.json,donald-trump,barely-true,1,speaker_disjoint_split,1,0.624858057407215,1,0.6223552006593956
2383.json,david-axelrod,barely-true,1,speaker_disjoint_split,1,0.5118361097629182,0,0.44360686935082616
9988.json,charlie-crist,half-true,0,speaker_disjoint_split,1,0.5287661178110931,1,0.5163850501145781
4384.json,blog-posting,pants-fire,1,speaker_disjoint_split,1,0.5202357614038934,1,0.61080489429022
2080.json,joe-biden,half-true,0,speaker_disjoint_split,0,0.48394499812584724,0,0.41804386309999975
8599.json,grady-judd,mostly-true,0,speaker_disjoint_split,1,0.5530346270120566,0,0.4895702124950678
12088.json,bill-oreilly,false,1,speaker_disjoint_split,1,0.5771981193146604,0,0.49428698113157443
8812.json,louie-gohmert,pants-fire,1,speaker_disjoint_split,0,0.3376343622749025,0,0.38318287619321006
8825.json,national-republican-congressional-committee,mostly-true,0,speaker_disjoint_split,1,0.5891227352237439,1,0.5233094987536301
11889.json,donald-trump,half-true,0,speaker_disjoint_split,1,0.5214151406274133,1,0.5251499453205372
10477.json,scott-walker,half-true,0,speaker_disjoint_split,0,0.48749177160174084,0,0.47646159020992873
2088.json,john-kasich,true,0,speaker_disjoint_split,0,0.3835747868716476,0,0.42319616081506184
8844.json,nathan-deal,barely-true,1,speaker_disjoint_split,0,0.46637063683784036,0,0.44080392501633026
11507.json,ben-carson,half-true,0,speaker_disjoint_split,0,0.3548194268259456,0,0.4207440385765935
9321.json,ralph-nader,false,1,speaker_disjoint_split,0,0.3647931599942726,0,0.43623633882397916
7076.json,charlie-crist,barely-true,1,speaker_disjoint_split,1,0.5071270300001498,0,0.46023739205192465
4509.json,john-kasich,barely-true,1,speaker_disjoint_split,0,0.39275663539662986,0,0.36231232419222265
4269.json,sam-olens,true,0,speaker_disjoint_split,0,0.4069466050017386,0,0.40977958261215414
9564.json,sean-spicer,pants-fire,1,speaker_disjoint_split,0,0.4307675554626868,0,0.4653839813426266
4730.json,joe-biden,mostly-true,0,speaker_disjoint_split,1,0.5084277931617405,0,0.43266177998369243
9350.json,larry-pratt,false,1,speaker_disjoint_split,0,0.2974254014596411,0,0.32825418620448477
10494.json,don-beyer,mostly-true,0,speaker_disjoint_split,0,0.3587946345260993,0,0.37196592923161065
4788.json,tim-kaine,false,1,speaker_disjoint_split,1,0.5838032380145376,1,0.5232021598493438
7616.json,john-kasich,true,0,speaker_disjoint_split,0,0.4227800964702321,0,0.41229637291123744
677.json,john-mccain,true,0,speaker_disjoint_split,0,0.4079595199136536,0,0.4942963176994632
7522.json,jeff-tittel,half-true,0,speaker_disjoint_split,0,0.320712218384163,0,0.43568926349506837
12519.json,bernie-s,half-true,0,speaker_disjoint_split,0,0.35807386519574164,0,0.4379443758688503
11999.json,donald-trump,mostly-true,0,speaker_disjoint_split,0,0.35458311958140143,0,0.44318891354762596
8494.json,rush-limbaugh,barely-true,1,speaker_disjoint_split,1,0.6223562536461384,1,0.5882491133930031
10877.json,john-mccain,true,0,speaker_disjoint_split,0,0.37392836558217957,0,0.4246082771540356
10426.json,carly-fiorina,barely-true,1,speaker_disjoint_split,1,0.5938662149275695,0,0.48806958743001
11202.json,scott-walker,mostly-true,0,speaker_disjoint_split,0,0.45413439029456315,0,0.47107692201954005
12590.json,donald-trump,barely-true,1,speaker_disjoint_split,0,0.36946415005554806,0,0.4222162947140544
2216.json,john-kasich,half-true,0,speaker_disjoint_split,1,0.5366597384581288,0,0.4850073118246887
8462.json,nick-gillespie,mostly-true,0,speaker_disjoint_split,0,0.38282794828615474,0,0.4593770136985377
3853.json,bob-graham,barely-true,1,speaker_disjoint_split,0,0.45405708772005887,0,0.4798786310175949
8686.json,republican-party-florida,barely-true,1,speaker_disjoint_split,0,0.4674503407217495,0,0.40421699812062833
12865.json,donald-trump,false,1,speaker_disjoint_split,0,0.38323442583648953,0,0.44755514162980115
11483.json,donald-trump,false,1,speaker_disjoint_split,0,0.25798035258177454,0,0.37485051388506135
4164.json,mike-males,mostly-true,0,speaker_disjoint_split,1,0.5609998003306936,0,0.42848961730961255
12918.json,gary-johnson,half-true,0,speaker_disjoint_split,0,0.4395978916513074,0,0.41774146815403496
2952.json,debbie-wasserman-schultz,true,0,speaker_disjoint_split,0,0.3488953907629475,0,0.37613981439607663
12123.json,bernie-s,mostly-true,0,speaker_disjoint_split,0,0.35068616191466967,0,0.33608842352845864
1586.json,charlie-crist,mostly-true,0,speaker_disjoint_split,1,0.5318938210741925,0,0.44448459797069195
11784.json,carly-fiorina,false,1,speaker_disjoint_split,0,0.3745445226004314,0,0.4007002310587713
452.json,bill-clinton,pants-fire,1,speaker_disjoint_split,0,0.49783912653591883,0,0.48573864047725984
12629.json,donald-trump,false,1,speaker_disjoint_split,0,0.4294908486265649,1,0.508559715733277
8107.json,tom-cole,mostly-true,0,speaker_disjoint_split,0,0.45305787411149856,0,0.4406046080921498
12874.json,donald-trump,true,0,speaker_disjoint_split,1,0.5453887547310248,1,0.5820135858947367
6075.json,sam-adams,true,0,speaker_disjoint_split,0,0.29917367114664795,0,0.28743509935644107
9684.json,scott-walker,false,1,speaker_disjoint_split,0,0.46875385617609255,1,0.5012889068861633
8665.json,larry-pratt,half-true,0,speaker_disjoint_split,0,0.41372940675581915,0,0.4145571077198484
7898.json,stephen-sweeney,false,1,speaker_disjoint_split,0,0.39070973941989445,0,0.36904326656903774
12531.json,donald-trump,mostly-true,0,speaker_disjoint_split,0,0.31946725444053636,0,0.498372920341852
8281.json,mayors-against-illegal-guns,half-true,0,speaker_disjoint_split,0,0.3222165485169677,0,0.3301825183205166
4470.json,nathan-deal,true,0,speaker_disjoint_split,0,0.4107163376369843,0,0.39837792085902324
12452.json,bernie-s,mostly-true,0,speaker_disjoint_split,1,0.5934100716667778,1,0.534697563772757
12568.json,donald-trump,false,1,speaker_disjoint_split,1,0.5997278330279662,1,0.659822473008858
4478.json,scott-walker,pants-fire,1,speaker_disjoint_split,0,0.44126958569412034,0,0.4912923677618442
11821.json,john-mccain,mostly-true,0,speaker_disjoint_split,0,0.39941111336469726,0,0.4337595572399861
1193.json,karl-rove,half-true,0,speaker_disjoint_split,1,0.5590751394120651,0,0.49278912401288877
11045.json,blog-posting,pants-fire,1,speaker_disjoint_split,1,0.6647643864954533,1,0.6951371017167746
4377.json,blog-posting,pants-fire,1,speaker_disjoint_split,0,0.48040348771734015,1,0.5831604259504044
10845.json,alex-mcmurtrie-jr,false,1,speaker_disjoint_split,0,0.3991354565231769,0,0.4725711372654542
11095.json,scott-walker,barely-true,1,speaker_disjoint_split,1,0.512361251370136,1,0.5178271711237172
8783.json,lloyd-doggett,true,0,speaker_disjoint_split,1,0.5801591748180247,1,0.5211704313837425
5858.json,eileen-brady,true,0,speaker_disjoint_split,1,0.5145948148458119,1,0.5635361814858458
13476.json,blog-posting,false,1,speaker_disjoint_split,0,0.44573381990430355,1,0.593274939927284
13307.json,donald-trump,false,1,speaker_disjoint_split,1,0.5120039753792534,1,0.5463685075239018
12772.json,bernie-s,mostly-true,0,speaker_disjoint_split,0,0.3485600813761171,0,0.4172370194165277
7262.json,college-presidents,mostly-true,0,speaker_disjoint_split,0,0.44645852174548695,0,0.4092281532129924
9474.json,rush-limbaugh,false,1,speaker_disjoint_split,0,0.4688235438351595,0,0.416315377381294
2456.json,scott-walker,half-true,0,speaker_disjoint_split,0,0.3743735454985094,0,0.41207732465418007
2896.json,angel-taveras,mostly-true,0,speaker_disjoint_split,0,0.41022400356210204,0,0.40856306454632746
12081.json,donald-trump,false,1,speaker_disjoint_split,0,0.44549571535637816,0,0.48192825062793254
11896.json,donald-trump,pants-fire,1,speaker_disjoint_split,0,0.32432234764496537,0,0.35692668402613364
10771.json,tim-kaine,barely-true,1,speaker_disjoint_split,0,0.40912752595304824,0,0.36941875484767034
3178.json,ron-paul,pants-fire,1,speaker_disjoint_split,0,0.42431111920228154,0,0.43946147052952184
273.json,john-mccain,false,1,speaker_disjoint_split,1,0.5366509928748422,1,0.5130276243095355
8142.json,jeff-merkley,mostly-true,0,speaker_disjoint_split,0,0.25002618264133164,0,0.305134908994721
564.json,john-mccain,mostly-true,0,speaker_disjoint_split,1,0.5153522548087115,1,0.5109360922628315
4675.json,new-jersey-democratic-state-committee,barely-true,1,speaker_disjoint_split,0,0.47043300002818245,0,0.4354481004077115
11535.json,ben-carson,mostly-true,0,speaker_disjoint_split,1,0.5175740828382677,1,0.5485451203888855
8980.json,scott-walker,false,1,speaker_disjoint_split,0,0.3570696126715099,0,0.4541904711576148
10364.json,peter-feigin,false,1,speaker_disjoint_split,0,0.458145731686994,0,0.3246109382724745
13276.json,donald-trump,pants-fire,1,speaker_disjoint_split,1,0.514431345962048,0,0.4788335022809463
1597.json,citizens-lower-taxes-and-stronger-economy,half-true,0,speaker_disjoint_split,1,0.568851201207769,0,0.4876665270881291
13427.json,donald-trump,false,1,speaker_disjoint_split,0,0.38290383236396375,0,0.4621062551566167
10958.json,bernie-s,mostly-true,0,speaker_disjoint_split,0,0.34954843530675217,0,0.3172175022097628
3198.json,bill-oreilly,true,0,speaker_disjoint_split,0,0.4717899354027886,0,0.43261358737598804
11979.json,bernie-s,barely-true,1,speaker_disjoint_split,0,0.38554068846070705,0,0.4194721043554577
11022.json,donna-brazile,mostly-true,0,speaker_disjoint_split,0,0.37548253438014007,0,0.4115156324332016
3247.json,whoopi-goldberg,half-true,0,speaker_disjoint_split,0,0.43754940184007773,0,0.4125012459382728
11309.json,donald-trump,barely-true,1,speaker_disjoint_split,1,0.5626467097491176,0,0.4858782760307823
10934.json,pamela-geller,half-true,0,speaker_disjoint_split,1,0.5061151893795155,1,0.551574886741745
448.json,john-mccain,barely-true,1,speaker_disjoint_split,0,0.38146284500181776,0,0.4099761393042391
5359.json,restore-our-future,pants-fire,1,speaker_disjoint_split,1,0.6105500727968879,1,0.5181525972932662
1987.json,ron-klein,false,1,speaker_disjoint_split,1,0.5601818716062831,1,0.5536732287523933
6825.json,promote-oregon-leadership-pac-oregon-house-republi,half-true,0,speaker_disjoint_split,0,0.4852375740430262,1,0.5250530942157937
127.json,joe-biden,half-true,0,speaker_disjoint_split,0,0.4686011650323662,0,0.36306468421889987
5173.json,arne-duncan,mostly-true,0,speaker_disjoint_split,0,0.38631534437166254,0,0.3427278368576216
12232.json,john-kasich,mostly-true,0,speaker_disjoint_split,0,0.3859289499299714,0,0.41690146616550483
946.json,john-mccain,false,1,speaker_disjoint_split,0,0.4765899238145356,0,0.4381695478754965
6961.json,oregon-senate-republicans,mostly-true,0,speaker_disjoint_split,1,0.5781244523941017,1,0.5120702481621587
6631.json,kathleen-sebelius,half-true,0,speaker_disjoint_split,1,0.5104858139774422,1,0.5606123822941889
2285.json,sam-rashid,barely-true,1,speaker_disjoint_split,0,0.43917369818384805,0,0.41393941404742735
12536.json,david-beckham,true,0,speaker_disjoint_split,0,0.25240706281839626,0,0.3304176033168333
7860.json,keith-faber,true,0,speaker_disjoint_split,0,0.30451839453714824,0,0.3669879339926787
1949.json,vern-buchanan,true,0,speaker_disjoint_split,0,0.3086088974374549,0,0.35324984849561536
3602.json,jeff-cogen,half-true,0,speaker_disjoint_split,0,0.4884299379875914,1,0.5108358081257505
12299.json,john-kirby,false,1,speaker_disjoint_split,1,0.6538566719903333,1,0.6078903068810696
7400.json,ed-fallone,false,1,speaker_disjoint_split,0,0.47396184892701493,0,0.4519427651909158
783.json,john-mccain,true,0,speaker_disjoint_split,1,0.5437298112849847,1,0.5485841069658683
3549.json,donald-trump,false,1,speaker_disjoint_split,1,0.509409721191177,1,0.5540009449272796
10006.json,republican-party-florida,barely-true,1,speaker_disjoint_split,1,0.5570537875521131,0,0.48831811598347097
13353.json,donald-trump,barely-true,1,speaker_disjoint_split,1,0.5160986072992347,1,0.5763737823533759
12173.json,don-beyer,mostly-true,0,speaker_disjoint_split,0,0.43392822782557167,0,0.4193168871003091
3353.json,john-kasich,true,0,speaker_disjoint_split,0,0.3810822173787941,0,0.35317498833093647
1614.json,orrin-hatch,true,0,speaker_disjoint_split,1,0.5032190883783028,1,0.5871923417635533
6569.json,artur-davis,barely-true,1,speaker_disjoint_split,1,0.5229997405880525,1,0.5244628743575929
9205.json,gary-peters,half-true,0,speaker_disjoint_split,1,0.5165279345090487,0,0.4619743597676839
7883.json,dave-joyce,true,0,speaker_disjoint_split,1,0.6011541846092074,1,0.63273692122777
7205.json,deepwater-wind,true,0,speaker_disjoint_split,0,0.46930962102625806,0,0.4185789485180442
9397.json,john-mccain,mostly-true,0,speaker_disjoint_split,0,0.43811327295243807,0,0.46659879841691193
8515.json,republican-party-florida,barely-true,1,speaker_disjoint_split,0,0.43149669788603845,0,0.4445011225371047
6954.json,democratic-congressional-campaign-committee,barely-true,1,speaker_disjoint_split,0,0.45381326157208024,0,0.4271891300718711
1602.json,annise-parker,half-true,0,speaker_disjoint_split,0,0.44958049757041374,0,0.38057530437972914
11673.json,charlotte-nash,true,0,speaker_disjoint_split,0,0.31187777148181456,0,0.3487084743666039
9611.json,blog-posting,pants-fire,1,speaker_disjoint_split,0,0.4270943732104854,1,0.5168243049540844
11107.json,club-growth,true,0,speaker_disjoint_split,1,0.5387488911192866,1,0.5285015786452008
8284.json,se-cupp,half-true,0,speaker_disjoint_split,0,0.4682717904588409,0,0.4792575747597054
12059.json,bernie-s,true,0,speaker_disjoint_split,0,0.25985276489240705,0,0.30507649675291904
12386.json,minka-kelly,half-true,0,speaker_disjoint_split,0,0.4679886182127628,0,0.4758477118019273
676.json,john-mccain,false,1,speaker_disjoint_split,0,0.47911105002721344,1,0.5300582512254236
12753.json,donald-trump,mostly-true,0,speaker_disjoint_split,0,0.4516679041399976,0,0.4742959334948334
3248.json,john-kasich,mostly-true,0,speaker_disjoint_split,0,0.4476379918871924,0,0.48039740257831204
2336.json,scott-walker,barely-true,1,speaker_disjoint_split,0,0.46686382915656854,1,0.5154589586811027
5446.json,national-republican-congressional-committee,half-true,0,speaker_disjoint_split,0,0.34918953099409017,0,0.39188835116659576
7020.json,republican-governors-association,barely-true,1,speaker_disjoint_split,1,0.565438317266547,1,0.5621926103886348
950.json,tom-coburn,false,1,speaker_disjoint_split,1,0.5252899173945325,1,0.5120140296028342
2927.json,randy-leonard,barely-true,1,speaker_disjoint_split,1,0.5797228461212882,1,0.5402206488773577
12139.json,pat-mccrory,half-true,0,speaker_disjoint_split,0,0.49683156140434365,0,0.4398959987604677
11179.json,donald-trump,false,1,speaker_disjoint_split,0,0.3899196099233847,0,0.43442854878458975
4459.json,david-cicilline,true,0,speaker_disjoint_split,1,0.5178949952127226,1,0.5127329280183388
3655.json,donald-trump,pants-fire,1,speaker_disjoint_split,0,0.47896724581763533,1,0.5220970537487478
5537.json,john-kasich,half-true,0,speaker_disjoint_split,0,0.38276317583544217,0,0.3788500556286502
12711.json,tim-kaine,barely-true,1,speaker_disjoint_split,0,0.313605762913123,0,0.3747519507360618
9134.json,heather-mcghee,barely-true,1,speaker_disjoint_split,0,0.3090767379087783,0,0.31912365448855
10195.json,leonard-pitts-jr,half-true,0,speaker_disjoint_split,0,0.4885843456805109,1,0.5489622605771105
1397.json,karl-rove,half-true,0,speaker_disjoint_split,0,0.4047983767933678,0,0.46404264749984947
11329.json,carly-fiorina,mostly-true,0,speaker_disjoint_split,0,0.3317741119097214,0,0.39656698107519056
4015.json,democratic-congressional-campaign-committee,barely-true,1,speaker_disjoint_split,0,0.4869415575465925,1,0.5790776013181282
5298.json,armond-budish,true,0,speaker_disjoint_split,0,0.3248041794527891,0,0.36749819586718474
45.json,bill-richardson,pants-fire,1,speaker_disjoint_split,1,0.5277531370931431,1,0.5120956871952818
10752.json,texas-organizing-project,true,0,speaker_disjoint_split,0,0.31515060905302383,0,0.3118522447268285
12032.json,john-kasich,half-true,0,speaker_disjoint_split,0,0.15079439290830257,0,0.29200435132190916
10775.json,rush-limbaugh,barely-true,1,speaker_disjoint_split,0,0.36124267432267215,0,0.4074473014493889
1030.json,colin-powell,half-true,0,speaker_disjoint_split,1,0.5658824613430903,0,0.41917064629209294
5711.json,elizabeth-ames-jones,barely-true,1,speaker_disjoint_split,0,0.3966591863985042,0,0.4187781811309914
11397.json,john-stemberger,false,1,speaker_disjoint_split,1,0.5127404563896873,0,0.4152080539676779
11790.json,john-cortes,true,0,speaker_disjoint_split,0,0.4408913357449445,0,0.4277168778189661
9792.json,john-padgett,true,0,speaker_disjoint_split,0,0.4140407757908518,0,0.42062236822905474
1058.json,ann-coulter,barely-true,1,speaker_disjoint_split,1,0.5248681696218456,1,0.5450733040116519
8912.json,charlie-crist,true,0,speaker_disjoint_split,1,0.5411796862330583,0,0.38060684079625484
824.json,john-mccain,half-true,0,speaker_disjoint_split,0,0.48121440125108395,1,0.5334733537543864
10792.json,jim-lampley,pants-fire,1,speaker_disjoint_split,0,0.4529767495110129,0,0.3742633193129524
5407.json,bill-pascrell,false,1,speaker_disjoint_split,0,0.45591568229390894,0,0.4761541817543715
11991.json,bernie-s,mostly-true,0,speaker_disjoint_split,0,0.2842634628656635,0,0.34465393930642846
7457.json,carolyn-medeiros,barely-true,1,speaker_disjoint_split,0,0.47903673350066694,0,0.4062997063553172
13348.json,debbie-wasserman-schultz,false,1,speaker_disjoint_split,0,0.3786786397051,1,0.5042607558391349
13461.json,blog-posting,pants-fire,1,speaker_disjoint_split,1,0.5463192225958248,1,0.5847873211033838
1188.json,thomas-sowell,false,1,speaker_disjoint_split,0,0.4961469402648499,1,0.5021784071288828
797.json,john-mccain,false,1,speaker_disjoint_split,1,0.6279381877294284,1,0.5475688981141938
2304.json,arne-duncan,half-true,0,speaker_disjoint_split,0,0.31797144392076043,0,0.30476460230823454
7609.json,jeff-tittel,pants-fire,1,speaker_disjoint_split,0,0.47024195527113977,0,0.45357839732697836
9085.json,matt-damon,half-true,0,speaker_disjoint_split,0,0.4794721160112847,0,0.38293730833700734
8221.json,john-mccain,true,0,speaker_disjoint_split,0,0.4376728350093881,0,0.38038446187172714
4775.json,bill-clinton,half-true,0,speaker_disjoint_split,0,0.33252730764073596,0,0.40918053563119655
8522.json,steve-leslie,mostly-true,0,speaker_disjoint_split,0,0.3595483873075699,0,0.3551608025820546
12974.json,gary-johnson,false,1,speaker_disjoint_split,0,0.4222383782632618,0,0.3747941556177545
13018.json,alex-castellanos,barely-true,1,speaker_disjoint_split,0,0.32967199647220374,1,0.5585599372343664
1832.json,carly-fiorina,false,1,speaker_disjoint_split,0,0.4258612727913861,0,0.4264572227995378
3290.json,florida-department-corrections-worker,mostly-true,0,speaker_disjoint_split,0,0.43056915235250004,0,0.4512680171154082
6020.json,lisa-blais,barely-true,1,speaker_disjoint_split,1,0.5460205192095726,1,0.5180336310599457
10836.json,thomas-perez,half-true,0,speaker_disjoint_split,0,0.3974400369102525,0,0.3808526843008551
11067.json,scott-walker,mostly-true,0,speaker_disjoint_split,0,0.38972329862579874,0,0.34282510331220023
8007.json,robert-menendez,mostly-true,0,speaker_disjoint_split,0,0.47584512396208045,1,0.5138445837344198
3193.json,scott-walker,true,0,speaker_disjoint_split,0,0.4806881123875214,0,0.47129386578967875
3756.json,janet-napolitano,pants-fire,1,speaker_disjoint_split,0,0.46143059172786516,0,0.45262271074430266
3140.json,oregon-senate-republicans,barely-true,1,speaker_disjoint_split,0,0.4696056623580339,0,0.49880105618151094
6082.json,john-kasich,mostly-true,0,speaker_disjoint_split,0,0.3706742957130242,0,0.3308164738331258
12767.json,corey-stewart,barely-true,1,speaker_disjoint_split,0,0.4741140443030045,0,0.4547668408574561
8657.json,daniel-mckee,mostly-true,0,speaker_disjoint_split,0,0.39931824050624715,0,0.38595540450726173
6278.json,debbie-wasserman-schultz,mostly-true,0,speaker_disjoint_split,0,0.4660763972729085,1,0.5026939513815033
2839.json,atlanta-sports-council,false,1,speaker_disjoint_split,1,0.5356865636515338,0,0.3811445195881609
2471.json,susan-latvala,false,1,speaker_disjoint_split,0,0.4179431829919659,0,0.45997143555271663
3707.json,gary-johnson,mostly-true,0,speaker_disjoint_split,0,0.2302336822834735,0,0.3259827576798784
4.json,bill-richardson,mostly-true,0,speaker_disjoint_split,1,0.504492322144515,0,0.43304759209190524
3344.json,scott-walker,false,1,speaker_disjoint_split,0,0.4252649070359088,0,0.39951334710303366
10651.json,blog-posting,barely-true,1,speaker_disjoint_split,0,0.48616925249188225,1,0.5512398563186194
13105.json,gary-johnson,mostly-true,0,speaker_disjoint_split,0,0.24589446695943767,0,0.3248580050057661
2532.json,scott-walker,true,0,speaker_disjoint_split,0,0.48038323303566594,0,0.47695835516266755
7028.json,tim-kaine,mostly-true,0,speaker_disjoint_split,0,0.3604294253944055,0,0.3717372974010555
3936.json,wisconsin-humane-society,mostly-true,0,speaker_disjoint_split,0,0.40631246447336133,0,0.39994812845391137
9901.json,connie-stokes,half-true,0,speaker_disjoint_split,0,0.4237605311671868,0,0.38865821467907574
13088.json,tim-kaine,mostly-true,0,speaker_disjoint_split,1,0.5183773346642427,1,0.5085869560525569
11007.json,bernie-s,half-true,0,speaker_disjoint_split,1,0.505522230867644,1,0.5024477340970168
9066.json,kathleen-sebelius,barely-true,1,speaker_disjoint_split,0,0.4474268544168509,0,0.4892554724366586
495.json,john-mccain,true,0,speaker_disjoint_split,1,0.6011619323592879,1,0.5308066266402998
10395.json,scott-walker,half-true,0,speaker_disjoint_split,1,0.5346870392138997,0,0.4810349727545809
1709.json,charlie-crist,half-true,0,speaker_disjoint_split,0,0.4521986659220261,0,0.4280922867232977
2452.json,republican-governors-association,pants-fire,1,speaker_disjoint_split,1,0.5130797060774875,0,0.49827171886570215
13266.json,donald-trump,barely-true,1,speaker_disjoint_split,0,0.3235222794343048,0,0.3953564463863406
3543.json,stefani-carter,half-true,0,speaker_disjoint_split,0,0.37390129598878724,0,0.35885435160715645
11803.json,donald-trump,false,1,speaker_disjoint_split,1,0.577908123550412,1,0.562479593392091
12188.json,bernie-s,false,1,speaker_disjoint_split,1,0.5048627312466111,1,0.5186823768123459
13393.json,national-republican-congressional-committee,barely-true,1,speaker_disjoint_split,1,0.6555448312333084,1,0.6985655459426097
6815.json,lois-frankel,barely-true,1,speaker_disjoint_split,0,0.47533772359709714,0,0.4599546369193439
9839.json,scott-walker,mostly-true,0,speaker_disjoint_split,0,0.47737923495872353,0,0.4879362663054356
2077.json,yvette-mcgee-brown,true,0,speaker_disjoint_split,0,0.43757073740055086,0,0.3925566295866084
8298.json,dennis-richardson,false,1,speaker_disjoint_split,0,0.32609503297791675,0,0.4129751992396683
11354.json,ben-carson,barely-true,1,speaker_disjoint_split,0,0.3831905420615984,0,0.3551702503108852
8767.json,kathleen-vinehout,mostly-true,0,speaker_disjoint_split,0,0.3970880838246071,0,0.3692883036874193
44.json,bill-richardson,mostly-true,0,speaker_disjoint_split,0,0.3487148449377625,0,0.41550321365111265
11763.json,david-sweetser,true,0,speaker_disjoint_split,0,0.4344420542455162,0,0.44479130989288174
987.json,rush-limbaugh,false,1,speaker_disjoint_split,1,0.5842326087505274,1,0.5719235440667237
9579.json,charlie-crist,mostly-true,0,speaker_disjoint_split,0,0.43058981312899725,0,0.4245025421966897
6746.json,restore-our-future,barely-true,1,speaker_disjoint_split,0,0.39292686636131735,0,0.4375699365544644
9331.json,dan-patrick,false,1,speaker_disjoint_split,0,0.4883625167895267,1,0.5128602141639637
10109.json,no-tax-tracks,false,1,speaker_disjoint_split,1,0.5300976902280047,1,0.5294717595094425
6364.json,club-growth,barely-true,1,speaker_disjoint_split,0,0.41810785164741515,0,0.45342844953384875
11739.json,donald-trump,barely-true,1,speaker_disjoint_split,0,0.46528634970610006,1,0.5003132483903032
10045.json,nik-kovac,false,1,speaker_disjoint_split,0,0.3493037519509628,0,0.40274085067403403
4697.json,blog-posting,false,1,speaker_disjoint_split,1,0.5071978623074656,1,0.5115275744130059
7832.json,bryan-long,half-true,0,speaker_disjoint_split,0,0.35076972085799774,0,0.364954277610075
5648.json,lynn-westmoreland,half-true,0,speaker_disjoint_split,0,0.44734693435047873,0,0.4267762587564119
7672.json,blog-posting,false,1,speaker_disjoint_split,1,0.5015380202878417,1,0.5595952620870617
9027.json,scott-walker,true,0,speaker_disjoint_split,0,0.48981409648813345,1,0.5105041526129189
6641.json,bill-clinton,true,0,speaker_disjoint_split,0,0.3519954958271482,0,0.36751681910249273
7932.json,blog-posting,false,1,speaker_disjoint_split,0,0.37401854272992446,0,0.4380513870855035
11961.json,donald-trump,false,1,speaker_disjoint_split,1,0.5491311854582698,1,0.5422236244638806
2463.json,tom-nelson,false,1,speaker_disjoint_split,0,0.38621079801665226,0,0.44172515018889186
430.json,focus-family-action,false,1,speaker_disjoint_split,1,0.5540793103756212,1,0.5412865522321475
974.json,arlen-specter,mostly-true,0,speaker_disjoint_split,1,0.5057834214079979,0,0.47000949899764266
7870.json,scott-walker,half-true,0,speaker_disjoint_split,0,0.36443222941076087,0,0.37329993992316934
425.json,john-mccain,false,1,speaker_disjoint_split,1,0.5355623458378319,0,0.47589102745947215
10802.json,ben-carson,false,1,speaker_disjoint_split,0,0.3520253242521087,0,0.3917465263890984
9070.json,no-tax-tracks,false,1,speaker_disjoint_split,0,0.4701884899185424,0,0.4600390144976273
10026.json,charlie-crist,mostly-true,0,speaker_disjoint_split,0,0.3890248674845196,0,0.44958821387283704
3556.json,saxby-chambliss,mostly-true,0,speaker_disjoint_split,0,0.3547577972612219,0,0.3757254760884645
11392.json,dan-patrick,pants-fire,1,speaker_disjoint_split,0,0.30663077815778356,0,0.2725432580131507
12161.json,donald-trump,false,1,speaker_disjoint_split,1,0.5977957621616969,1,0.610892709578022
13091.json,libre-initiative,mostly-true,0,speaker_disjoint_split,0,0.3699390436480995,0,0.4443090424467786
4785.json,robert-hagan,mostly-true,0,speaker_disjoint_split,0,0.41505977586075704,0,0.44166787972262933
2260.json,national-republican-congressional-committee,half-true,0,speaker_disjoint_split,1,0.574839460779411,1,0.5271650940259105
9011.json,john-bolton,mostly-true,0,speaker_disjoint_split,0,0.4014105311457996,1,0.5003656529936147
2998.json,dean-cannon,true,0,speaker_disjoint_split,0,0.38548980862998017,0,0.353804801072245
11953.json,donald-trump,false,1,speaker_disjoint_split,0,0.4591493729134434,0,0.47969715027533616
5296.json,democratic-congressional-campaign-committee,pants-fire,1,speaker_disjoint_split,0,0.4401243055293843,0,0.4292994152430444
1605.json,republican-party-florida,pants-fire,1,speaker_disjoint_split,0,0.4763474758025815,1,0.5342848161987671
3315.json,christopher-peace,false,1,speaker_disjoint_split,0,0.4292406602177804,0,0.44647828156232755
7710.json,susan-b-anthony-list,pants-fire,1,speaker_disjoint_split,1,0.5078724131587522,1,0.5258785410254346
8349.json,debbie-wasserman-schultz,mostly-true,0,speaker_disjoint_split,0,0.4651584843193145,0,0.4517111894628294
10684.json,scott-walker,true,0,speaker_disjoint_split,0,0.4263116451719231,0,0.40070009156907377
4324.json,arne-duncan,false,1,speaker_disjoint_split,0,0.4521526684749863,0,0.4443691704709174
12458.json,donald-trump,pants-fire,1,speaker_disjoint_split,1,0.5608214965912519,1,0.5601166319841426
807.json,john-mccain,mostly-true,0,speaker_disjoint_split,0,0.3128486746762756,0,0.35492031609779284
8954.json,dan-branch,half-true,0,speaker_disjoint_split,0,0.39762622426114397,0,0.4841121320088456
13193.json,tim-kaine,true,0,speaker_disjoint_split,0,0.4765085794635822,0,0.4131849816357765
3077.json,john-kasich,true,0,speaker_disjoint_split,0,0.4947090653552405,1,0.5367152503029924
6441.json,new-jersey-democratic-state-committee,half-true,0,speaker_disjoint_split,0,0.4555275278972082,0,0.41043393954022106
9772.json,republican-party-florida,true,0,speaker_disjoint_split,0,0.48089901989252387,0,0.46582959095580384
1311.json,charlie-crist,false,1,speaker_disjoint_split,0,0.3582178681707151,0,0.3716459734635539
7079.json,saxby-chambliss,mostly-true,0,speaker_disjoint_split,0,0.30174610192651724,0,0.3535538531201709
11977.json,donald-trump,false,1,speaker_disjoint_split,0,0.4027821070338711,0,0.48794117049191965
11936.json,donald-trump,mostly-true,0,speaker_disjoint_split,0,0.3273746667414592,0,0.38333835224256907
706.json,john-mccain,pants-fire,1,speaker_disjoint_split,1,0.5523924956605404,1,0.5405953039308828
11190.json,scott-walker,mostly-true,0,speaker_disjoint_split,0,0.4308114815772226,0,0.40753384340586735
11531.json,bernie-s,false,1,speaker_disjoint_split,0,0.3391876212457873,0,0.36893179301767626
6611.json,anthony-gemma,pants-fire,1,speaker_disjoint_split,0,0.35494850578984943,0,0.4212045417615975
12380.json,ken-cuccinelli,mostly-true,0,speaker_disjoint_split,0,0.44590968736432957,0,0.4415510264972922
10737.json,charlie-bethel,half-true,0,speaker_disjoint_split,0,0.3456841425909629,0,0.4077240076640465
13312.json,donald-trump,false,1,speaker_disjoint_split,1,0.6405698362927452,1,0.5657238116043145
26.json,john-mccain,mostly-true,0,speaker_disjoint_split,1,0.5316755472362499,1,0.510236201981798
9664.json,scott-walker,mostly-true,0,speaker_disjoint_split,1,0.5004086176763698,1,0.5200857039892769
13446.json,ohio-republican-party,barely-true,1,speaker_disjoint_split,0,0.3431164467924453,0,0.45477828090171074
4569.json,steve-lonegan,false,1,speaker_disjoint_split,1,0.6122476388337933,1,0.5738258734997074
8581.json,pat-mccrory,barely-true,1,speaker_disjoint_split,0,0.4582928433754402,0,0.45790642713094576
13518.json,donald-trump,half-true,0,speaker_disjoint_split,0,0.36332824187188534,0,0.3784571872363464
11008.json,donald-trump,false,1,speaker_disjoint_split,1,0.5245802321811981,1,0.5990049837916428
10545.json,blog-posting,barely-true,1,speaker_disjoint_split,0,0.4409727219451854,1,0.556085636642067
3446.json,david-cicilline,barely-true,1,speaker_disjoint_split,0,0.4134736374168554,0,0.41123990018899115
3086.json,nathan-deal,mostly-true,0,speaker_disjoint_split,1,0.5801841243019458,1,0.5441107787712957
10955.json,donald-trump,barely-true,1,speaker_disjoint_split,0,0.49102306973412263,0,0.4703057379116784
10441.json,scott-walker,pants-fire,1,speaker_disjoint_split,1,0.5058584069723799,0,0.4821877034858246
10047.json,jeanne-shaheen,barely-true,1,speaker_disjoint_split,1,0.6833711269105623,1,0.6496996472460392
9544.json,no-tax-tracks,half-true,0,speaker_disjoint_split,0,0.4274885948636674,0,0.43585601031513277
9064.json,karl-rove,mostly-true,0,speaker_disjoint_split,0,0.41677912654833216,0,0.47718938108021247
11088.json,donald-trump,barely-true,1,speaker_disjoint_split,0,0.3732068953332054,0,0.46008412014812144
3509.json,joanne-kloppenburg,pants-fire,1,speaker_disjoint_split,1,0.5449671416890302,1,0.5464828792643736
1112.json,bill-pascrell,half-true,0,speaker_disjoint_split,0,0.34133079803558536,0,0.43441309577225856
8652.json,bill-oreilly,false,1,speaker_disjoint_split,1,0.602598825050642,1,0.5306835525063283
2942.json,scott-walker,barely-true,1,speaker_disjoint_split,1,0.5557736634505188,1,0.5094202437945924
9840.json,megyn-kelly,true,0,speaker_disjoint_split,1,0.5794470736941966,0,0.4351553922506976
7597.json,kirk-watson,true,0,speaker_disjoint_split,1,0.5370631655708739,0,0.4630229003254692
6093.json,robert-menendez,false,1,speaker_disjoint_split,1,0.5318479497020169,1,0.5257114859521621
768.json,joe-biden,barely-true,1,speaker_disjoint_split,0,0.3824554294906472,0,0.38668797957816836
11897.json,bernie-s,mostly-true,0,speaker_disjoint_split,0,0.3802649140328346,0,0.3946909644433936
12306.json,donald-trump,false,1,speaker_disjoint_split,0,0.4308094004117918,0,0.44402545825964573
1453.json,franklin-sands,half-true,0,speaker_disjoint_split,0,0.3195490249970608,0,0.3023943184046765
11558.json,carly-fiorina,pants-fire,1,speaker_disjoint_split,1,0.7488215283274744,1,0.6424751670807128
13447.json,donald-trump,mostly-true,0,speaker_disjoint_split,0,0.4349735992892059,0,0.41567820135275824
3317.json,tim-kaine,mostly-true,0,speaker_disjoint_split,0,0.37700128432353724,0,0.39678733753645873
1057.json,glenn-beck,false,1,speaker_disjoint_split,0,0.3728545828083458,0,0.3967979140380659
12969.json,donald-trump,barely-true,1,speaker_disjoint_split,1,0.58664751076403,1,0.5684712201505838
5899.json,tim-kaine,true,0,speaker_disjoint_split,0,0.408127102372989,0,0.3989392368458632
10112.json,scott-walker,false,1,speaker_disjoint_split,0,0.4744993366118127,0,0.47367455055110175
6959.json,rob-moshein,half-true,0,speaker_disjoint_split,0,0.3976782388713576,0,0.4057938629795803
3944.json,john-kasich,barely-true,1,speaker_disjoint_split,0,0.44647844533371306,0,0.41732087164306336
13465.json,donald-trump,half-true,0,speaker_disjoint_split,0,0.3327857698995095,0,0.4159311559040331
8642.json,jorge-ramos,barely-true,1,speaker_disjoint_split,0,0.42287584069958895,0,0.3973131853028425
3992.json,better-austin-today-political-action-committee,barely-true,1,speaker_disjoint_split,0,0.3419374735514776,0,0.3292880570272819
4247.json,alberto-carvalho,half-true,0,speaker_disjoint_split,0,0.3937240887590084,0,0.35602855659721444
1521.json,charles-boustany,mostly-true,0,speaker_disjoint_split,0,0.4667524398850756,1,0.56155977269898
11408.json,debbie-wasserman-schultz,mostly-true,0,speaker_disjoint_split,0,0.42281552050755894,0,0.4464054228864109
6480.json,arne-duncan,mostly-true,0,speaker_disjoint_split,0,0.42160172782849176,0,0.35354904501558393
1714.json,lamar-alexander,true,0,speaker_disjoint_split,0,0.38911227932654796,0,0.4619550637776523
13452.json,amy-schumer,half-true,0,speaker_disjoint_split,0,0.486865588877332,0,0.45681988732824025
5685.json,vern-buchanan,half-true,0,speaker_disjoint_split,1,0.5253559362151591,0,0.47854035954082685
8181.json,carly-fiorina,half-true,0,speaker_disjoint_split,0,0.3715270191261509,0,0.38689532353502193
622.json,john-mccain,half-true,0,speaker_disjoint_split,0,0.49587806269645385,0,0.46499289449013714
13054.json,chris-sununu,half-true,0,speaker_disjoint_split,0,0.45993347415061914,0,0.39689419541541343
703.json,john-mccain,mostly-true,0,speaker_disjoint_split,0,0.45054113911204874,0,0.46832868724400184
270.json,joe-biden,false,1,speaker_disjoint_split,0,0.4217226582303874,0,0.40075435364232825
319.json,john-mccain,true,0,speaker_disjoint_split,0,0.45270977040215593,0,0.39174611997796743
4040.json,scott-walker,false,1,speaker_disjoint_split,0,0.4014484152625572,0,0.38446694902056755
7745.json,allison-tant,false,1,speaker_disjoint_split,0,0.42770915745992805,0,0.39019224661970947
11983.json,donald-trump,false,1,speaker_disjoint_split,1,0.5127983248265958,1,0.5051796869988638
2610.json,john-robitaille,true,0,speaker_disjoint_split,0,0.32748349488447304,0,0.3699232182724755
11441.json,bill-oreilly,barely-true,1,speaker_disjoint_split,0,0.46673962043865863,0,0.4563392488618648
7980.json,lynn-westmoreland,true,0,speaker_disjoint_split,0,0.4576475258887096,0,0.4395228530077667
3612.json,john-kasich,half-true,0,speaker_disjoint_split,0,0.4429705460229465,0,0.4809287373946081
8546.json,scott-walker,half-true,0,speaker_disjoint_split,0,0.32533375411997995,0,0.35129740556846295
9607.json,bill-oreilly,mostly-true,0,speaker_disjoint_split,0,0.2923918095187995,0,0.3573313983273262
496.json,john-mccain,false,1,speaker_disjoint_split,1,0.5690075823907679,1,0.502072094927737
2386.json,austan-goolsbee,false,1,speaker_disjoint_split,0,0.46445054951364506,0,0.47734356490565405
7270.json,protect-families-first,false,1,speaker_disjoint_split,0,0.37167261198877033,0,0.3944999088781539
578.json,john-mccain,mostly-true,0,speaker_disjoint_split,1,0.5538893977192904,0,0.49115548300616596
8283.json,scott-walker,barely-true,1,speaker_disjoint_split,0,0.3693420337612364,0,0.343536996500444
13225.json,donald-trump,half-true,0,speaker_disjoint_split,0,0.46516977912749097,0,0.4633774411545319
13256.json,national-republican-congressional-committee,true,0,speaker_disjoint_split,1,0.559670603427148,1,0.6208656608075411
12556.json,donald-trump,true,0,speaker_disjoint_split,1,0.5835879421344571,1,0.5586212282642468
12539.json,joaquin-castro,mostly-true,0,speaker_disjoint_split,1,0.618272796522016,1,0.5872863515967528
71.json,ron-paul,false,1,speaker_disjoint_split,1,0.5872316210717525,1,0.5407038425105575
4244.json,saxby-chambliss,mostly-true,0,speaker_disjoint_split,0,0.41639380477843646,0,0.3589336610069614
1887.json,john-oxendine,true,0,speaker_disjoint_split,0,0.3693748728894994,0,0.38929306176540224
567.json,john-mccain,true,0,speaker_disjoint_split,0,0.3766175256260223,0,0.4909248507982422
271.json,joe-biden,false,1,speaker_disjoint_split,1,0.5914572566672939,1,0.503633574575135
12120.json,bernie-s,true,0,speaker_disjoint_split,0,0.3193263451168605,0,0.3539128467928412
1001.json,arlen-specter,false,1,speaker_disjoint_split,1,0.696479950001461,1,0.6370954635289212
4723.json,jon-huntsman,mostly-true,0,speaker_disjoint_split,0,0.2673792071342737,0,0.4126890561377401
3395.json,dan-patrick,barely-true,1,speaker_disjoint_split,0,0.32720452136073563,0,0.38845198528341046
9935.json,charlie-crist,barely-true,1,speaker_disjoint_split,0,0.4863051137576268,0,0.4086696933775602
68.json,joe-biden,half-true,0,speaker_disjoint_split,0,0.444054078910077,0,0.4126113486843855
2567.json,citizens-lower-taxes-and-stronger-economy,barely-true,1,speaker_disjoint_split,1,0.5954188621204178,0,0.48688875955577093
11357.json,bernie-s,barely-true,1,speaker_disjoint_split,0,0.47455141550185265,0,0.4428059719775927
952.json,joe-biden,half-true,0,speaker_disjoint_split,0,0.27628636736843115,0,0.2811599927996456
224.json,joe-biden,true,0,speaker_disjoint_split,0,0.4629477459613044,0,0.48355469491800107
2795.json,tim-kaine,mostly-true,0,speaker_disjoint_split,0,0.4660983654293037,0,0.4090874232112193
1371.json,karl-rove,barely-true,1,speaker_disjoint_split,0,0.4597875692090818,0,0.4724266069846605
9645.json,jamie-weinstein,half-true,0,speaker_disjoint_split,0,0.43344433631719675,0,0.4522386681176133
577.json,john-mccain,half-true,0,speaker_disjoint_split,0,0.45772685027935006,0,0.4564808936384924
8964.json,republican-party-florida,barely-true,1,speaker_disjoint_split,1,0.536725055224128,0,0.4658477777033488
6355.json,george-flinn,pants-fire,1,speaker_disjoint_split,1,0.556937360767579,1,0.5851412314711011
9924.json,blog-posting,pants-fire,1,speaker_disjoint_split,0,0.42413616348369065,1,0.566115598600794
6388.json,francisco-quico-canseco,half-true,0,speaker_disjoint_split,1,0.5267064785473652,0,0.4731436220264349
3882.json,tom-rooney,mostly-true,0,speaker_disjoint_split,0,0.3487199381807272,0,0.4126564343023011
4158.json,john-kasich,mostly-true,0,speaker_disjoint_split,0,0.3959428808408273,0,0.3708951111287029
12989.json,donald-trump,false,1,speaker_disjoint_split,0,0.4003987882073733,0,0.4070391616044408
2751.json,democratic-congressional-campaign-committee,half-true,0,speaker_disjoint_split,1,0.548509821672093,1,0.5484952395051518
8539.json,mr-conservative,pants-fire,1,speaker_disjoint_split,1,0.5107553247964186,1,0.5031205206512582
8478.json,kathleen-sebelius,pants-fire,1,speaker_disjoint_split,1,0.5223927059239046,1,0.5612538993730162
7558.json,bruce-hanna,false,1,speaker_disjoint_split,0,0.4086101771371127,0,0.3757036330024261
11240.json,donald-trump,half-true,0,speaker_disjoint_split,0,0.31533210690916424,0,0.3843253422356581
12616.json,donald-trump,barely-true,1,speaker_disjoint_split,0,0.45984832020502486,0,0.4808489254769932
10247.json,scott-walker,barely-true,1,speaker_disjoint_split,0,0.37816394551742677,0,0.4006302074784489
791.json,john-mccain,half-true,0,speaker_disjoint_split,1,0.5447344529571215,1,0.5086658470432718
11341.json,donald-trump,false,1,speaker_disjoint_split,0,0.43531227234744546,0,0.43303336331568504
11702.json,scott-walker,true,0,speaker_disjoint_split,0,0.4088950618733038,0,0.4197372693677602
12564.json,tim-kaine,mostly-true,0,speaker_disjoint_split,0,0.4600530207418825,0,0.45644472235719485
12346.json,joe-biden,false,1,speaker_disjoint_split,0,0.3542404588890076,0,0.343153501607801
12742.json,donald-trump,half-true,0,speaker_disjoint_split,0,0.4735184810442019,1,0.5420456247537176
2799.json,kathie-glass,pants-fire,1,speaker_disjoint_split,0,0.26250059162315775,0,0.3376796855674287
12297.json,new-day-america,half-true,0,speaker_disjoint_split,0,0.4983232143277764,0,0.4880935329745305
10636.json,florida-students-concealed-carry,barely-true,1,speaker_disjoint_split,0,0.47639154918476956,0,0.41026096471647533
3297.json,state-democratic-party-wisconsin,false,1,speaker_disjoint_split,0,0.367122062776527,0,0.418718817173261
3770.json,ron-paul,mostly-true,0,speaker_disjoint_split,0,0.46546596058468653,0,0.44762541128252503
8661.json,michael-chippendale,mostly-true,0,speaker_disjoint_split,0,0.46060824187314653,0,0.3798555331069864
12263.json,donald-trump,false,1,speaker_disjoint_split,1,0.5506635891717528,1,0.5338052360519437
159.json,joe-biden,barely-true,1,speaker_disjoint_split,0,0.4897051027609913,0,0.4461116036020243
11651.json,scott-walker,barely-true,1,speaker_disjoint_split,0,0.4317057990333041,0,0.3699582791294461
11613.json,peter-kinder,pants-fire,1,speaker_disjoint_split,0,0.4507136613619354,0,0.4079978046399798
8784.json,robert-puente,false,1,speaker_disjoint_split,0,0.459578713058744,0,0.3447580692573032
10582.json,david-jolly,mostly-true,0,speaker_disjoint_split,1,0.5859931852894268,1,0.6218803995446516
4265.json,state-democratic-party-wisconsin,pants-fire,1,speaker_disjoint_split,0,0.4466628175983371,0,0.4410851577770111
6927.json,nathan-deal,half-true,0,speaker_disjoint_split,0,0.3491396054304971,0,0.3232896693585791
547.json,john-mccain,pants-fire,1,speaker_disjoint_split,1,0.5776073111455322,1,0.5312582978242276
11419.json,bernie-s,mostly-true,0,speaker_disjoint_split,0,0.34992536848932004,0,0.3117022305035445
3234.json,glenn-beck,false,1,speaker_disjoint_split,0,0.4966831670312862,0,0.4974250689719877
12476.json,rush-limbaugh,false,1,speaker_disjoint_split,0,0.4057392868765835,0,0.40071297115409116
3715.json,scott-walker,true,0,speaker_disjoint_split,0,0.4915322115993106,0,0.4851371383807725
7611.json,susan-yoshihara,false,1,speaker_disjoint_split,0,0.4843604350265086,1,0.524836379091298
8923.json,national-republican-congressional-committee,half-true,0,speaker_disjoint_split,0,0.4746882503127901,1,0.550671966852006
8786.json,national-republican-congressional-committee,half-true,0,speaker_disjoint_split,0,0.4917755783794861,1,0.5107818499657626
318.json,john-mccain,barely-true,1,speaker_disjoint_split,0,0.41721952646865645,0,0.43118961776269144
10776.json,richard-clarke,barely-true,1,speaker_disjoint_split,1,0.5314021536916204,0,0.4537477564052342
2718.json,lloyd-doggett,mostly-true,0,speaker_disjoint_split,0,0.36800684003365985,0,0.3816651509774766
12501.json,gary-johnson,barely-true,1,speaker_disjoint_split,0,0.46478958323631864,0,0.4360163152497756
6894.json,joe-biden,half-true,0,speaker_disjoint_split,0,0.34597296107368547,0,0.4471263727055318
12852.json,donald-trump,pants-fire,1,speaker_disjoint_split,0,0.4604478153310594,0,0.4309621643913246
11618.json,donald-trump,pants-fire,1,speaker_disjoint_split,0,0.38889956485293486,0,0.4449577799554897
4176.json,sam-olens,false,1,speaker_disjoint_split,0,0.38912355326166137,0,0.47172100874385314
7058.json,taxpayer-association-oregon,half-true,0,speaker_disjoint_split,0,0.45360787317766843,0,0.37789210839437587
2454.json,republican-party-florida,barely-true,1,speaker_disjoint_split,1,0.6459047633253553,1,0.5344027807133042
5726.json,sara-stevenson,barely-true,1,speaker_disjoint_split,1,0.5048980167230995,0,0.40781143114068175
3015.json,mike-polensek,half-true,0,speaker_disjoint_split,0,0.35997142685725,0,0.39589442540384634
5901.json,oregon-league-conservation-voters,barely-true,1,speaker_disjoint_split,0,0.4845235760880502,1,0.5113554879340103
11882.json,carly-fiorina,true,0,speaker_disjoint_split,0,0.35827063209360477,0,0.35416048803874134
8227.json,bill-clinton,true,0,speaker_disjoint_split,0,0.4231460820028052,0,0.4693304415063163
3138.json,ken-cuccinelli,true,0,speaker_disjoint_split,0,0.48199650928956134,1,0.553772189398682
2301.json,michael-thurmond,true,0,speaker_disjoint_split,0,0.31146171223302976,0,0.3817999286130961
5809.json,samuel-wurzelbacher,false,1,speaker_disjoint_split,1,0.55542781265779,0,0.49394165971851867
7761.json,charlie-crist,false,1,speaker_disjoint_split,1,0.5543540140690737,0,0.45407244326534524
2488.json,sam-adams,half-true,0,speaker_disjoint_split,1,0.5247236473206228,0,0.4573502685683821
3947.json,ted-ferrioli,half-true,0,speaker_disjoint_split,0,0.4531616684927295,0,0.43229038007028636
12862.json,donald-trump,pants-fire,1,speaker_disjoint_split,0,0.44251943821020134,0,0.4552556994851894
1004.json,joe-biden,pants-fire,1,speaker_disjoint_split,0,0.4438750657909422,0,0.46048845818764916
1466.json,debra-medina,half-true,0,speaker_disjoint_split,0,0.3495776104584557,0,0.39464262069273703
2343.json,yvette-mcgee-brown,true,0,speaker_disjoint_split,0,0.3790738811414147,0,0.38917957982809975
2951.json,democratic-congressional-campaign-committee,half-true,0,speaker_disjoint_split,1,0.5144636007891075,0,0.4799356884606157
2156.json,catherine-taylor,false,1,speaker_disjoint_split,0,0.4397484302892516,0,0.338321580733712
13414.json,donald-trump,half-true,0,speaker_disjoint_split,0,0.4285618871154697,0,0.44016476212640365
11597.json,ben-carson,barely-true,1,speaker_disjoint_split,1,0.6342236175675287,1,0.5982382322172388
9795.json,republican-party-florida,pants-fire,1,speaker_disjoint_split,0,0.45904226850660523,0,0.48501295827371266
5295.json,joseph-trillo,half-true,0,speaker_disjoint_split,0,0.38432634855315606,0,0.44619367235136054
48.json,ron-paul,mostly-true,0,speaker_disjoint_split,0,0.4513155761594241,0,0.4519036024706948
4587.json,jon-huntsman,half-true,0,speaker_disjoint_split,0,0.41312144552301333,0,0.42647761918627963
2583.json,rob-cornilles,half-true,0,speaker_disjoint_split,0,0.45305972200555966,0,0.4012749648678291
13406.json,donald-trump,true,0,speaker_disjoint_split,0,0.4444139609750371,0,0.4597995104191762
12357.json,david-jolly,barely-true,1,speaker_disjoint_split,1,0.6218575345200577,1,0.5640200708362051
3184.json,glenn-beck,half-true,0,speaker_disjoint_split,1,0.510554866329937,1,0.5695140420078161
11530.json,republican-party-florida,mostly-true,0,speaker_disjoint_split,0,0.35509192507859694,0,0.3327819687207969
5267.json,nathan-deal,false,1,speaker_disjoint_split,1,0.5535714368345181,0,0.4956212810466617
5088.json,jon-huntsman,half-true,0,speaker_disjoint_split,0,0.49778259757313137,0,0.42190454599548716
8346.json,jeb-hensarling,pants-fire,1,speaker_disjoint_split,0,0.45939054608272323,0,0.49160799778807984
10629.json,james-carville,false,1,speaker_disjoint_split,0,0.35227427073900897,0,0.36159280378765274
2118.json,melanie-crozier,pants-fire,1,speaker_disjoint_split,0,0.44038091490723347,0,0.46186712810593794
3812.json,rush-limbaugh,barely-true,1,speaker_disjoint_split,0,0.4317309777796315,0,0.44878264238781596
3042.json,new-georgia-encyclopedia,true,0,speaker_disjoint_split,0,0.427847927358749,1,0.5069422087471174
2694.json,promote-oregon-leadership-pac-oregon-house-republi,true,0,speaker_disjoint_split,0,0.4636150102737908,1,0.5175294808599482
3383.json,blog-posting,false,1,speaker_disjoint_split,1,0.6659229164087438,1,0.599768425968787
5823.json,nathan-deal,barely-true,1,speaker_disjoint_split,0,0.35333478628278975,0,0.3152643892106506
12470.json,donald-trump,barely-true,1,speaker_disjoint_split,1,0.5204562975205388,1,0.5407752522791376
666.json,joe-biden,half-true,0,speaker_disjoint_split,0,0.44774018900179763,0,0.47288681860996656
2937.json,john-kasich,true,0,speaker_disjoint_split,0,0.3500636141130648,0,0.37512855836820264
138.json,ron-paul,mostly-true,0,speaker_disjoint_split,1,0.6901451846289934,1,0.5967289502160008
4720.json,jon-huntsman,true,0,speaker_disjoint_split,0,0.10006031168371743,0,0.25883505034968013
1111.json,bill-pascrell,half-true,0,speaker_disjoint_split,0,0.3935646806792758,0,0.48280784751872846
7105.json,paul-levesque,mostly-true,0,speaker_disjoint_split,0,0.4166958361571024,0,0.3786173905686999
8605.json,donna-brazile,mostly-true,0,speaker_disjoint_split,1,0.5206896295061658,1,0.5327125904106572
330.json,john-mccain,half-true,0,speaker_disjoint_split,0,0.39282377519619355,0,0.3976342812604041
12693.json,joe-biden,half-true,0,speaker_disjoint_split,0,0.3171237090024773,0,0.3115192613494234
819.json,republican-party-florida,half-true,0,speaker_disjoint_split,1,0.5821648369650618,1,0.538841867675293
7934.json,stephen-sweeney,mostly-true,0,speaker_disjoint_split,0,0.4653659271618754,0,0.45708035120239127
614.json,john-mccain,barely-true,1,speaker_disjoint_split,0,0.495949002480089,0,0.48624471782082446
7208.json,american-international-group,mostly-true,0,speaker_disjoint_split,0,0.32891170936896613,0,0.4003967394987729
642.json,joe-biden,true,0,speaker_disjoint_split,1,0.5012887673350386,0,0.44825580078580995
12166.json,donald-trump,pants-fire,1,speaker_disjoint_split,1,0.5259246270433412,1,0.5276377180031967
6793.json,yes-82-and-83-campaign,half-true,0,speaker_disjoint_split,0,0.4766395753492854,0,0.45693681316681795
9565.json,charlie-crist,half-true,0,speaker_disjoint_split,1,0.5171138423001767,1,0.5291524305560047
13376.json,dan-patrick,true,0,speaker_disjoint_split,1,0.5079628596554763,0,0.42956809187289785
11061.json,jan-brewer,barely-true,1,speaker_disjoint_split,0,0.3895346638674122,0,0.4309110528225834
12434.json,donald-trump,pants-fire,1,speaker_disjoint_split,1,0.5439208488655584,1,0.5894726518143084
1703.json,bill-clinton,half-true,0,speaker_disjoint_split,0,0.35751173634935085,0,0.4296651219725046
4443.json,ron-paul,mostly-true,0,speaker_disjoint_split,0,0.30321472649687453,0,0.40481812634116904
9918.json,scott-walker,true,0,speaker_disjoint_split,0,0.43099645454929664,0,0.4237190843707193
10319.json,tom-coburn,half-true,0,speaker_disjoint_split,0,0.3721320389908012,0,0.37822554157080335
9057.json,nathan-deal,barely-true,1,speaker_disjoint_split,0,0.3496488766692393,0,0.3822592384566773
1457.json,glenn-beck,half-true,0,speaker_disjoint_split,1,0.5503848106273486,1,0.541263328526204
4163.json,ron-paul,true,0,speaker_disjoint_split,0,0.32268575583788234,0,0.3376975222000326
3183.json,democratic-congressional-campaign-committee,pants-fire,1,speaker_disjoint_split,0,0.38738415302325424,0,0.4699510591354555
2038.json,john-oxendine,half-true,0,speaker_disjoint_split,1,0.521632534327767,1,0.5599558929882471
1837.json,colin-powell,true,0,speaker_disjoint_split,0,0.39541433900739853,0,0.38371315689129204
6296.json,bill-pascrell,false,1,speaker_disjoint_split,1,0.5534393034639062,1,0.5196647051495115
3448.json,sam-adams,mostly-true,0,speaker_disjoint_split,0,0.4095278187146494,0,0.39224024771868515
3292.json,donna-brazile,mostly-true,0,speaker_disjoint_split,0,0.47267569551850946,1,0.5102622356607465
12828.json,bike-austin,barely-true,1,speaker_disjoint_split,1,0.5191978841725556,1,0.5084287709450828
10596.json,john-fredericks,false,1,speaker_disjoint_split,0,0.4196294512462185,0,0.47334671686607166
4942.json,jon-huntsman,barely-true,1,speaker_disjoint_split,0,0.29142147191277656,0,0.3328151916445504
6718.json,jeanne-shaheen,half-true,0,speaker_disjoint_split,0,0.4259633096191471,0,0.3613566095969814
6796.json,val-demings,barely-true,1,speaker_disjoint_split,1,0.7339877442937671,1,0.6460817543178508
3479.json,joanne-kloppenburg,barely-true,1,speaker_disjoint_split,1,0.5692109604463822,1,0.5045437906588967
6997.json,tim-kaine,mostly-true,0,speaker_disjoint_split,0,0.37472809037838783,0,0.3417149149336165
8398.json,national-republican-congressional-committee,barely-true,1,speaker_disjoint_split,0,0.4325444915908802,1,0.5143186263334126
11003.json,blog-posting,false,1,speaker_disjoint_split,0,0.42304555587331366,1,0.5232015093426101
4674.json,iowans-some-semblance-christian-decency,false,1,speaker_disjoint_split,1,0.5812021043930202,1,0.5463772776134088
2025.json,keith-olbermann,false,1,speaker_disjoint_split,0,0.3493241544242156,0,0.377989545319948
11041.json,bernie-s,mostly-true,0,speaker_disjoint_split,0,0.3657573487341969,0,0.32994754457788544
1374.json,charlie-crist,true,0,speaker_disjoint_split,0,0.4971549097852164,0,0.4940720526457784
8144.json,ken-cuccinelli,half-true,0,speaker_disjoint_split,1,0.6679992445047295,1,0.6209823815218852
4441.json,debbie-wasserman-schultz,mostly-true,0,speaker_disjoint_split,0,0.30998906289997963,0,0.3684026605188363
5504.json,lenny-curry,false,1,speaker_disjoint_split,1,0.6444952108900059,1,0.5237047819415322
6646.json,bill-clinton,true,0,speaker_disjoint_split,1,0.506248619116598,0,0.4917122601749626
13349.json,donald-trump,pants-fire,1,speaker_disjoint_split,1,0.5676021577646817,1,0.5579169660765707
11556.json,ben-carson,barely-true,1,speaker_disjoint_split,1,0.5092221338256271,0,0.4983876837364638
1795.json,charlie-crist,mostly-true,0,speaker_disjoint_split,0,0.4912850168185532,0,0.4650419019884364
8256.json,steve-munisteri,half-true,0,speaker_disjoint_split,0,0.3441120102191711,0,0.40686442374304527
10052.json,sarah-silverman,half-true,0,speaker_disjoint_split,0,0.43831574265712364,0,0.439524456723525
9651.json,debbie-wasserman-schultz,mostly-true,0,speaker_disjoint_split,1,0.6240689233541116,1,0.6637630450581835
12277.json,donald-trump,mostly-true,0,speaker_disjoint_split,0,0.27858463303324205,0,0.33723618994757415
12326.json,donald-trump,pants-fire,1,speaker_disjoint_split,1,0.5197385940735938,1,0.5551648644757445
8715.json,donna-brazile,mostly-true,0,speaker_disjoint_split,0,0.38597322176934457,0,0.43225914977436536
2150.json,chris-carpenter,pants-fire,1,speaker_disjoint_split,1,0.6216546243315569,0,0.4933063730959209
5030.json,jeff-merkley,true,0,speaker_disjoint_split,0,0.4184611015713769,0,0.39148466754233063
11734.json,carly-fiorina,barely-true,1,speaker_disjoint_split,0,0.4251957672749065,0,0.438408325713421
616.json,john-mccain,barely-true,1,speaker_disjoint_split,1,0.5696067100656719,0,0.4568887210007883
1901.json,james-carville,barely-true,1,speaker_disjoint_split,1,0.5224908626648032,0,0.41031342510719676
13373.json,chris-sununu,false,1,speaker_disjoint_split,1,0.7260866838626983,1,0.5709264989849335
1637.json,charlie-crist,false,1,speaker_disjoint_split,0,0.4116476089341049,0,0.47258908711065856
5255.json,john-kasich,true,0,speaker_disjoint_split,1,0.5617287162794798,1,0.5318893768349379
11104.json,donald-trump,false,1,speaker_disjoint_split,0,0.4968743753990865,0,0.49601256469536176
13233.json,donald-trump,barely-true,1,speaker_disjoint_split,1,0.5865796493239118,1,0.5693226328868696
2306.json,donna-brazile,mostly-true,0,speaker_disjoint_split,0,0.3700684383261412,0,0.367315125581916
9677.json,joe-biden,half-true,0,speaker_disjoint_split,0,0.4677093148812081,0,0.3989059635588502
11975.json,john-mccain,barely-true,1,speaker_disjoint_split,1,0.5070029873917674,1,0.5146885383377332
2310.json,chip-rogers,barely-true,1,speaker_disjoint_split,0,0.34519717548405987,0,0.3757532995763919
12876.json,bill-clinton,mostly-true,0,speaker_disjoint_split,0,0.40543229647339735,0,0.40519662269338264
6005.json,scott-walker,half-true,0,speaker_disjoint_split,0,0.38834552643408154,0,0.3908648421424265
6798.json,yg-action-fund,half-true,0,speaker_disjoint_split,0,0.3735417026984068,1,0.5314058512792784
2350.json,blog-posting,pants-fire,1,speaker_disjoint_split,0,0.4669582963427779,1,0.5073683477485178
5969.json,scott-walker,false,1,speaker_disjoint_split,1,0.5324946215435059,1,0.5353119778766997
9086.json,mark-begich,mostly-true,0,speaker_disjoint_split,0,0.4070174114121994,0,0.47779785158921045
2886.json,blog-posting,pants-fire,1,speaker_disjoint_split,1,0.5531926565602724,1,0.5957858035976797
9188.json,james-carville,barely-true,1,speaker_disjoint_split,1,0.5467322121362115,1,0.5259961780882098
7875.json,abel-collins,mostly-true,0,speaker_disjoint_split,0,0.28102615366133915,0,0.34739835169632033
3925.json,debbie-wasserman-schultz,mostly-true,0,speaker_disjoint_split,0,0.38906119280228874,1,0.5114094158565219
4196.json,jon-huntsman,barely-true,1,speaker_disjoint_split,0,0.4099876779613257,0,0.42548714616986416
2119.json,john-robitaille,half-true,0,speaker_disjoint_split,0,0.45510575701586903,0,0.47253972196196403
13501.json,blog-posting,pants-fire,1,speaker_disjoint_split,1,0.5322411374751878,1,0.5457519866051265
13195.json,donald-trump,false,1,speaker_disjoint_split,1,0.5045796907588379,0,0.4713373374025813
3347.json,brian-moran,half-true,0,speaker_disjoint_split,1,0.5144467826282767,0,0.4819783704325529
10979.json,bill-clinton,mostly-true,0,speaker_disjoint_split,1,0.5058611642369736,0,0.4646289200063076
12726.json,donald-trump,false,1,speaker_disjoint_split,1,0.6137855710529181,1,0.5861069605456177
3569.json,john-kasich,false,1,speaker_disjoint_split,1,0.5396606920710851,1,0.5257899417139691
4577.json,occupied-wall-street-journal,half-true,0,speaker_disjoint_split,0,0.24546436865187385,0,0.30970504158600143
13008.json,donald-trump,barely-true,1,speaker_disjoint_split,0,0.4864911037106492,1,0.5132156323620982
11856.json,bernie-s,half-true,0,speaker_disjoint_split,0,0.363731268100706,0,0.3747269777829208
8579.json,mike-plant,mostly-true,0,speaker_disjoint_split,0,0.41890631931077105,0,0.33003317177876196
5291.json,jim-whelan,mostly-true,0,speaker_disjoint_split,0,0.3290504496557922,0,0.3870651286619767
12421.json,scott-walker,mostly-true,0,speaker_disjoint_split,0,0.4416727220835071,0,0.47306867482974174
7391.json,keith-faber,true,0,speaker_disjoint_split,0,0.32983903261589476,0,0.3778346661419939
632.json,jerome-corsi,false,1,speaker_disjoint_split,1,0.6175677553885482,1,0.5743501196651435
13189.json,tim-kaine,true,0,speaker_disjoint_split,1,0.5418378499764356,1,0.5413368781096048
7996.json,ken-cuccinelli,false,1,speaker_disjoint_split,0,0.4039698951149651,0,0.42496382062572197
3924.json,gary-black,half-true,0,speaker_disjoint_split,1,0.5400265221064725,1,0.5203240276077377
3467.json,nathan-deal,mostly-true,0,speaker_disjoint_split,0,0.4059737979145028,0,0.38629895701169475
11508.json,david-cicilline,half-true,0,speaker_disjoint_split,0,0.3241050039744159,0,0.3049354355711458
2497.json,mark-hinkle,true,0,speaker_disjoint_split,0,0.3546139096915341,0,0.3491804628307571
12785.json,bill-clinton,mostly-true,0,speaker_disjoint_split,1,0.5232526635381223,1,0.5242053675052333
3690.json,national-republican-congressional-committee,mostly-true,0,speaker_disjoint_split,0,0.4008127719049624,0,0.41438619727031667
1402.json,donna-brazile,mostly-true,0,speaker_disjoint_split,1,0.5883046029621202,1,0.561763073984391
13243.json,donald-trump,barely-true,1,speaker_disjoint_split,0,0.43107182447853626,1,0.5063547580548459
7409.json,dave-joyce,true,0,speaker_disjoint_split,0,0.35068527909161795,0,0.2883492606861905
2129.json,jeanne-shaheen,half-true,0,speaker_disjoint_split,0,0.3676474827267164,0,0.3797641458920793
3530.json,bob-graham,mostly-true,0,speaker_disjoint_split,0,0.3580058224464506,0,0.391874990376824
320.json,john-mccain,true,0,speaker_disjoint_split,0,0.43015539818466947,0,0.404532853490282
7078.json,kirk-watson,mostly-true,0,speaker_disjoint_split,0,0.44522467710548297,0,0.3788046735030678
696.json,john-mccain,false,1,speaker_disjoint_split,0,0.45185722289410635,0,0.45625220753430473
4648.json,phil-kent,false,1,speaker_disjoint_split,0,0.48891662829596383,1,0.5212355999036463
10736.json,mike-huebsch,false,1,speaker_disjoint_split,0,0.42745303564062725,0,0.4442529996871222
12857.json,donald-trump,false,1,speaker_disjoint_split,1,0.5966365019958808,1,0.5616127453725055
11671.json,debbie-wasserman-schultz,pants-fire,1,speaker_disjoint_split,0,0.42066486117727947,1,0.5315773214213295
1.json,barbara-ann-radnofsky,pants-fire,1,speaker_disjoint_split,0,0.47635771041576047,0,0.4829911904209533
8135.json,dubose-porter,mostly-true,0,speaker_disjoint_split,0,0.38100834458205396,0,0.34095673644940894
4469.json,brad-avakian,false,1,speaker_disjoint_split,0,0.4132305144540121,0,0.37515357458122783
6993.json,democratic-congressional-campaign-committee,false,1,speaker_disjoint_split,1,0.6611313106897475,1,0.7033951072026399
8700.json,gilberto-hinojosa,half-true,0,speaker_disjoint_split,0,0.3745036195856685,0,0.43809411398851117
5641.json,graeme-zielinski,pants-fire,1,speaker_disjoint_split,1,0.5183277005588796,0,0.4158517961549923
2479.json,scott-walker,barely-true,1,speaker_disjoint_split,1,0.5189664942534319,1,0.5096248413003651
9447.json,democratic-congressional-campaign-committee,false,1,speaker_disjoint_split,0,0.48046049400034874,1,0.50448154192641
311.json,john-mccain,false,1,speaker_disjoint_split,0,0.32553097381532015,0,0.40960568597432995
2735.json,charlie-crist,barely-true,1,speaker_disjoint_split,0,0.3759731860726047,0,0.41116317561245685
477.json,john-mccain,mostly-true,0,speaker_disjoint_split,1,0.567995913072982,1,0.5183668045975418
12144.json,tim-finchem,mostly-true,0,speaker_disjoint_split,0,0.3781319623037587,0,0.35875936434682665
11110.json,scott-walker,barely-true,1,speaker_disjoint_split,1,0.5436275769116162,0,0.49864554353895485
8190.json,michael-bloomberg,mostly-true,0,speaker_disjoint_split,0,0.3627960256581646,0,0.34838693885134026
13246.json,national-republican-congressional-committee,false,1,speaker_disjoint_split,0,0.45273438929016485,1,0.5209568191013048
2049.json,charlie-crist,true,0,speaker_disjoint_split,0,0.38172989470829466,0,0.3827979359976596
1135.json,david-axelrod,true,0,speaker_disjoint_split,1,0.6810580701906461,1,0.5839032418812173
1898.json,charlie-crist,mostly-true,0,speaker_disjoint_split,1,0.5464050436344295,0,0.43863343783910935
2840.json,dean-cannon,barely-true,1,speaker_disjoint_split,0,0.44951367163309996,0,0.42726101795273974
9341.json,miami-seaport-alliance,mostly-true,0,speaker_disjoint_split,0,0.4098123229810002,0,0.4078548353315825
3670.json,david-cicilline,barely-true,1,speaker_disjoint_split,0,0.47816435199241814,1,0.5233774016717291
10892.json,ann-coulter,pants-fire,1,speaker_disjoint_split,0,0.4590257991092229,1,0.5610341648905929
8194.json,bookerfail,barely-true,1,speaker_disjoint_split,0,0.35734918980283303,0,0.31741704270554383
2226.json,debbie-wasserman-schultz,half-true,0,speaker_disjoint_split,0,0.49455964386542384,1,0.5896862282898987
8926.json,national-republican-congressional-committee,half-true,0,speaker_disjoint_split,1,0.6246391128205709,1,0.6586586759302923
5118.json,democratic-party-oregon,barely-true,1,speaker_disjoint_split,1,0.6207318617181223,1,0.616374265907626
8548.json,jeff-merkley,true,0,speaker_disjoint_split,0,0.39243740996045084,0,0.36142552809609746
1359.json,eugene-robinson,mostly-true,0,speaker_disjoint_split,1,0.5486891688926394,1,0.5342421662940069
8431.json,larry-elder,false,1,speaker_disjoint_split,0,0.4258945029191105,1,0.5039847620675579
1036.json,rush-limbaugh,barely-true,1,speaker_disjoint_split,0,0.4573837420217995,0,0.463761682544063
2530.json,national-republican-congressional-committee,false,1,speaker_disjoint_split,1,0.5993144956343037,1,0.6021104443937834
6622.json,julian-castro,true,0,speaker_disjoint_split,0,0.4887623813462951,1,0.5014573776816698
7564.json,wayne-lapierre,half-true,0,speaker_disjoint_split,1,0.5238183106252156,0,0.44910301059146596
4518.json,gary-johnson,half-true,0,speaker_disjoint_split,0,0.4606082621938801,0,0.457751640338244
3858.json,jeff-merkley,mostly-true,0,speaker_disjoint_split,0,0.36221417531776046,0,0.422305247973657
5527.json,state-democratic-party-wisconsin,false,1,speaker_disjoint_split,1,0.637015453140781,1,0.5654557026542153
8702.json,jeff-merkley,true,0,speaker_disjoint_split,0,0.3524672915590521,0,0.30013613588784155
12264.json,bernie-s,barely-true,1,speaker_disjoint_split,0,0.46478616204497486,0,0.4604058281557412
4271.json,nicholas-scutari,true,0,speaker_disjoint_split,0,0.41767454308483853,0,0.41215075105752047
11804.json,dale-kooyenga,false,1,speaker_disjoint_split,0,0.4994138699058032,0,0.4155893669964476
12030.json,bernie-s,mostly-true,0,speaker_disjoint_split,0,0.44216785589204544,0,0.49839522323483104
4097.json,joseph-trillo,pants-fire,1,speaker_disjoint_split,0,0.376409977072166,0,0.3851585721118485
11294.json,scott-walker,true,0,speaker_disjoint_split,0,0.43668531377790165,0,0.4511920767717898
532.json,john-mccain,false,1,speaker_disjoint_split,1,0.5229353922314387,1,0.5143971339004679
8810.json,ron-paul,false,1,speaker_disjoint_split,0,0.43368725994137824,0,0.42179103585135935
9088.json,florida-stop-common-core-coalition,half-true,0,speaker_disjoint_split,0,0.42616186964108693,0,0.41617944762494447
1365.json,charlie-crist,half-true,0,speaker_disjoint_split,0,0.3880276650176169,0,0.3562291031715453
5842.json,jana-duty,barely-true,1,speaker_disjoint_split,0,0.44848341938447883,0,0.3903026009327554
12878.json,democratic-congressional-campaign-committee,barely-true,1,speaker_disjoint_split,0,0.4175467294248245,1,0.5282791661870665
8315.json,carol-shea-porter,mostly-true,0,speaker_disjoint_split,0,0.4849379715137047,1,0.5213115035684315
91.json,bill-richardson,mostly-true,0,speaker_disjoint_split,0,0.37890844591209566,0,0.39713374323584866
12916.json,donald-trump,false,1,speaker_disjoint_split,0,0.43290485390853534,1,0.5305411780866744
13442.json,donald-trump,pants-fire,1,speaker_disjoint_split,1,0.5122645403785793,1,0.516046030473537
13309.json,donald-trump,pants-fire,1,speaker_disjoint_split,0,0.44288734816102876,0,0.47378610658044196
1383.json,michael-bloomberg,half-true,0,speaker_disjoint_split,0,0.3742597761132871,0,0.31342818749529533
117.json,john-mccain,false,1,speaker_disjoint_split,0,0.4736397298013771,1,0.5026110726431438
7560.json,robert-kando,half-true,0,speaker_disjoint_split,0,0.35637730339267226,0,0.37771003209384574
5049.json,ron-paul,false,1,speaker_disjoint_split,0,0.4491355866447332,0,0.48784199724802896
11216.json,alliance-defending-freedom,half-true,0,speaker_disjoint_split,0,0.47558733744215076,0,0.46230947608777034
6216.json,stephen-sweeney,true,0,speaker_disjoint_split,0,0.46094883330535885,0,0.42875052706468375
4246.json,tom-coburn,half-true,0,speaker_disjoint_split,0,0.3864496993096773,0,0.4250292724875735
7955.json,raymond-gallison,half-true,0,speaker_disjoint_split,0,0.3996083972479964,0,0.37842556328703525
12035.json,arnold-schwarzenegger,mostly-true,0,speaker_disjoint_split,0,0.38581882291212205,0,0.41463048315101736
2745.json,national-republican-congressional-committee,false,1,speaker_disjoint_split,1,0.6801968775881361,1,0.6745624942860644
5508.json,texas-democratic-party,mostly-true,0,speaker_disjoint_split,0,0.32142728045578894,0,0.426702472120255
1717.json,house-natural-resources-committee-republicans,barely-true,1,speaker_disjoint_split,1,0.5926612897334498,1,0.5457629270037265
1865.json,thurbert-baker,half-true,0,speaker_disjoint_split,0,0.428473649690223,0,0.32491452611891086
11537.json,tim-echols,mostly-true,0,speaker_disjoint_split,0,0.42738902796323563,0,0.4613194326407861
1081.json,ann-coulter,false,1,speaker_disjoint_split,1,0.5452237248062994,1,0.5508465043811852
8512.json,glenn-beck,pants-fire,1,speaker_disjoint_split,0,0.3930917801169431,0,0.4162522146124454
5376.json,elizabeth-ames-jones,false,1,speaker_disjoint_split,1,0.5049792217061423,0,0.4494763577174027
5141.json,rob-cornilles,true,0,speaker_disjoint_split,0,0.45499737026284387,0,0.471742540196039
9572.json,scott-walker,mostly-true,0,speaker_disjoint_split,1,0.5562576009682056,1,0.5453331786207745
2478.json,jeff-merkley,mostly-true,0,speaker_disjoint_split,1,0.5292971326125033,0,0.46186218148842123
10563.json,scott-walker,true,0,speaker_disjoint_split,0,0.3750365879434772,0,0.41505193899629356
12181.json,bernie-s,half-true,0,speaker_disjoint_split,1,0.5213154700648986,0,0.47281127342422385
10077.json,mark-shields,barely-true,1,speaker_disjoint_split,0,0.4506913918860388,0,0.4451495483517966
5404.json,frank-niceley,pants-fire,1,speaker_disjoint_split,0,0.4988625249227049,0,0.46029847009076524
5989.json,bob-gibbs,true,0,speaker_disjoint_split,0,0.48686290958984585,0,0.4516550094141592
12525.json,louie-gohmert,half-true,0,speaker_disjoint_split,0,0.370608851514029,0,0.3498574362667906
2766.json,democratic-party-oregon,false,1,speaker_disjoint_split,0,0.36174903607829684,0,0.47062765901684733
4360.json,club-growth,half-true,0,speaker_disjoint_split,0,0.46429150014316745,0,0.4701147157506154
4618.json,sam-adams,barely-true,1,speaker_disjoint_split,0,0.41151502792553835,0,0.35836055383218146
6395.json,steve-doell,true,0,speaker_disjoint_split,0,0.4105943943813562,0,0.39699181001834
5977.json,scott-walker,barely-true,1,speaker_disjoint_split,0,0.4348710244311745,0,0.4752736013011971
12748.json,donald-trump,true,0,speaker_disjoint_split,0,0.3562904852800483,0,0.3687572061395477
5067.json,bill-pascrell,half-true,0,speaker_disjoint_split,0,0.411624934386203,0,0.4095331410686917
2220.json,courtney-combs,pants-fire,1,speaker_disjoint_split,0,0.41766839897294866,0,0.426717227395975
12799.json,michael-bloomberg,mostly-true,0,speaker_disjoint_split,0,0.40307098485539283,0,0.4471271843913429
7805.json,tim-echols,half-true,0,speaker_disjoint_split,0,0.39538087060266475,0,0.39313919699335803
12576.json,donald-trump,pants-fire,1,speaker_disjoint_split,0,0.40704668807850536,1,0.5327406029371432
5622.json,peter-defazio,barely-true,1,speaker_disjoint_split,0,0.34124339515506846,0,0.4451047845453518
11728.json,donald-trump,pants-fire,1,speaker_disjoint_split,1,0.5635906392889782,1,0.624151210222655
9039.json,rush-limbaugh,false,1,speaker_disjoint_split,1,0.5489594952742342,1,0.5481067425356343
5748.json,lamar-alexander,barely-true,1,speaker_disjoint_split,0,0.47739941652385964,0,0.4925186166120771
2959.json,bernie-s,true,0,speaker_disjoint_split,0,0.4498603108420105,0,0.44095446593151494
2045.json,david-axelrod,mostly-true,0,speaker_disjoint_split,0,0.4740933970514434,0,0.4612856101507352
7031.json,david-cicilline,true,0,speaker_disjoint_split,0,0.47301665930519055,0,0.4795265276240391
6507.json,friends-democracy,barely-true,1,speaker_disjoint_split,0,0.4429968846704596,0,0.47352510465159553
561.json,john-mccain,false,1,speaker_disjoint_split,0,0.4529156159620977,0,0.44705073959511993
639.json,john-mccain,pants-fire,1,speaker_disjoint_split,0,0.44777948209211443,0,0.4343918881279834
1582.json,cathie-adams,pants-fire,1,speaker_disjoint_split,1,0.5085787869324052,1,0.5268255230423075
513.json,john-mccain,true,0,speaker_disjoint_split,0,0.36958434878009994,0,0.39762407917079984
747.json,john-mccain,mostly-true,0,speaker_disjoint_split,0,0.4669027723974075,0,0.44513925316600855
3873.json,austan-goolsbee,mostly-true,0,speaker_disjoint_split,0,0.32697525661443755,0,0.38621539146834094
3214.json,joe-biden,barely-true,1,speaker_disjoint_split,1,0.5366846864412017,0,0.47547299251430336
5818.json,ron-paul,false,1,speaker_disjoint_split,0,0.37949391724327397,0,0.4168061296259382
3680.json,kathleen-sebelius,mostly-true,0,speaker_disjoint_split,0,0.45755983569356373,0,0.45834958346507276
12956.json,donald-trump,barely-true,1,speaker_disjoint_split,1,0.5584970301777622,1,0.5286440531829357
12320.json,julian-castro,half-true,0,speaker_disjoint_split,1,0.5711152894303162,1,0.6095408774411132
10136.json,national-republican-congressional-committee,barely-true,1,speaker_disjoint_split,0,0.34735595079215753,0,0.4209773698504943
3742.json,john-kasich,true,0,speaker_disjoint_split,0,0.3179549142440526,0,0.34453242621103664
5686.json,john-kasich,true,0,speaker_disjoint_split,0,0.35157764199833946,0,0.40400999847037966
2100.json,john-mccain,barely-true,1,speaker_disjoint_split,0,0.2731588821276989,0,0.3728598374596627
7451.json,greg-walden,barely-true,1,speaker_disjoint_split,0,0.3938697525069223,0,0.4726586945822016
158.json,joe-biden,false,1,speaker_disjoint_split,0,0.36316690382400046,0,0.3679307926084703
2548.json,national-republican-congressional-committee,barely-true,1,speaker_disjoint_split,0,0.29221926407319637,0,0.3650709385234299
11222.json,rhode-island-center-freedom-and-prosperity,half-true,0,speaker_disjoint_split,0,0.3922108508370932,0,0.4270378433583947
12614.json,charlie-crist,barely-true,1,speaker_disjoint_split,1,0.540583202232406,1,0.5625700923126852
12597.json,arizona-house-democrats,mostly-true,0,speaker_disjoint_split,1,0.5330511359498765,0,0.4694894623424559
10772.json,scott-walker,false,1,speaker_disjoint_split,0,0.43451514000748,0,0.4463860828409528
2031.json,anthony-gemma,false,1,speaker_disjoint_split,0,0.45299206030558786,0,0.43874441274573933
1946.json,fair-districts-florida,true,0,speaker_disjoint_split,0,0.4247040982631798,0,0.3597318972894668
6672.json,julian-castro,mostly-true,0,speaker_disjoint_split,0,0.4024321870571773,0,0.34744795403909273
3824.json,ej-finocchio,false,1,speaker_disjoint_split,0,0.4755395435705821,0,0.3588108995521335
8806.json,democratic-congressional-campaign-committee,half-true,0,speaker_disjoint_split,0,0.49235535220136023,0,0.48379857047604213
12607.json,donald-trump,half-true,0,speaker_disjoint_split,0,0.43052449609192495,0,0.4699040311172382
687.json,john-mccain,barely-true,1,speaker_disjoint_split,0,0.4703985473017582,0,0.46307673690124135
182.json,bill-richardson,true,0,speaker_disjoint_split,0,0.39959766283218123,0,0.35688717420037286
10862.json,eric-turner,pants-fire,1,speaker_disjoint_split,0,0.46930323088604486,0,0.3719172248427976
7863.json,republican-governors-association,mostly-true,0,speaker_disjoint_split,0,0.37512658376608826,0,0.3913227575170664
6196.json,majority-pac,barely-true,1,speaker_disjoint_split,0,0.4537493036663055,0,0.4379682736476908
11866.json,bernie-s,half-true,0,speaker_disjoint_split,1,0.5348980205213462,1,0.5223594610486189
2281.json,michael-bloomberg,true,0,speaker_disjoint_split,1,0.5177528279601618,0,0.46473236551388525
7813.json,lynn-derbyshire,mostly-true,0,speaker_disjoint_split,0,0.35461610583580944,0,0.4300142221744865
778.json,john-mccain,false,1,speaker_disjoint_split,0,0.3613879153978257,0,0.38816756087726717
9131.json,republican-governors-association,mostly-true,0,speaker_disjoint_split,0,0.3530607974215348,0,0.37345798706976224
1281.json,claire-mccaskill,true,0,speaker_disjoint_split,0,0.49294817392587176,0,0.4647595931701617
9715.json,dennis-richardson,true,0,speaker_disjoint_split,0,0.3815642010250614,0,0.3938748089364673
3230.json,donald-trump,pants-fire,1,speaker_disjoint_split,0,0.49411145698873216,1,0.5516746818060586
6105.json,ron-paul,barely-true,1,speaker_disjoint_split,0,0.418931869501416,0,0.4643948782502126
9846.json,charlie-crist,false,1,speaker_disjoint_split,1,0.5264723820182262,0,0.46569523739176416
6907.json,joe-biden,true,0,speaker_disjoint_split,0,0.48074203302281354,1,0.5035601065583112
4341.json,regina-benjamin,true,0,speaker_disjoint_split,0,0.3765875530710127,0,0.33455303301591743
1536.json,debbie-wasserman-schultz,mostly-true,0,speaker_disjoint_split,0,0.3470631062610751,0,0.4513623530516998
12978.json,david-plouffe,mostly-true,0,speaker_disjoint_split,0,0.402636049231942,1,0.502062311827451
13107.json,donald-trump,pants-fire,1,speaker_disjoint_split,0,0.33847817227653054,0,0.42878955232075094
2949.json,bernie-s,false,1,speaker_disjoint_split,0,0.4161172528438748,0,0.42872788102176296
13158.json,vote-no-2,half-true,0,speaker_disjoint_split,1,0.657087866354803,0,0.4767796185614631
12700.json,scott-walker,true,0,speaker_disjoint_split,0,0.3182699744697397,0,0.36207284129175293
4046.json,national-republican-congressional-committee,false,1,speaker_disjoint_split,0,0.470079247961666,1,0.5248613869111577
62.json,bill-richardson,mostly-true,0,speaker_disjoint_split,0,0.4042885730595872,0,0.4886676915897421
5207.json,silvestre-reyes,half-true,0,speaker_disjoint_split,0,0.4589692620617614,0,0.3785938400184303
7480.json,al-cardenas,false,1,speaker_disjoint_split,0,0.409639246029349,0,0.38403343795701317
3412.json,jeff-merkley,mostly-true,0,speaker_disjoint_split,1,0.5671369705418948,1,0.5049418157439063
11382.json,donald-trump,false,1,speaker_disjoint_split,0,0.4979642528355434,1,0.5914423875050694
4520.json,jennette-gayer,half-true,0,speaker_disjoint_split,0,0.47401255805869175,0,0.4314317520261672
2510.json,promote-oregon-leadership-pac-oregon-house-republi,false,1,speaker_disjoint_split,1,0.519733735113569,1,0.5076579438507263
1808.json,charlie-crist,false,1,speaker_disjoint_split,1,0.5275957045862996,0,0.4727225076381595
4039.json,jeff-fitzgerald,pants-fire,1,speaker_disjoint_split,1,0.5008343756073121,0,0.4996549866450677
7190.json,don-pridemore,true,0,speaker_disjoint_split,0,0.3810749046967486,0,0.27389633673548086
8861.json,national-republican-congressional-committee,half-true,0,speaker_disjoint_split,1,0.6231292565137725,1,0.5416003820276243
5111.json,jon-huntsman,barely-true,1,speaker_disjoint_split,1,0.5936284468369402,1,0.5464874516162012
12440.json,dale-kooyenga,half-true,0,speaker_disjoint_split,0,0.41576681027555396,0,0.3449423774737667
4555.json,bernie-s,true,0,speaker_disjoint_split,0,0.3585033622431491,0,0.39962667659045975
1821.json,tim-kaine,half-true,0,speaker_disjoint_split,0,0.45157543808353123,0,0.43842988360547835
7973.json,ken-cuccinelli,false,1,speaker_disjoint_split,1,0.5213623873515284,0,0.4901617822856021
3799.json,evan-longoria,pants-fire,1,speaker_disjoint_split,1,0.6864212525613818,0,0.45034009372196443
7413.json,wayne-lapierre,false,1,speaker_disjoint_split,0,0.3548659921191474,0,0.3391850497821943
11042.json,ron-paul,true,0,speaker_disjoint_split,0,0.47882880943123546,0,0.45056955673923305
7099.json,health-first-wisconsin,false,1,speaker_disjoint_split,0,0.47528284855376535,0,0.4365649199901667
7835.json,republican-party-florida,barely-true,1,speaker_disjoint_split,0,0.4866185043335218,0,0.443338709241091
9963.json,charlie-crist,half-true,0,speaker_disjoint_split,1,0.5049482673544624,0,0.4887592391758337
13141.json,stop-57-campaign,barely-true,1,speaker_disjoint_split,1,0.668870742266973,0,0.49393224236697336
9755.json,nextgen-climate,half-true,0,speaker_disjoint_split,1,0.5556285528208523,1,0.5018820467816216
11129.json,bernie-s,mostly-true,0,speaker_disjoint_split,0,0.272423758817034,0,0.29516273425487904
13504.json,dan-patrick,mostly-true,0,speaker_disjoint_split,0,0.349286863427805,0,0.3475818260669008
1164.json,organizing-america,pants-fire,1,speaker_disjoint_split,0,0.3997318770736472,0,0.4118795087244716
11818.json,donald-trump,false,1,speaker_disjoint_split,0,0.4793824399715171,1,0.5732795141267846
12744.json,donald-trump,mostly-true,0,speaker_disjoint_split,0,0.43909875786429664,0,0.4820385329843591
12574.json,scott-walker,mostly-true,0,speaker_disjoint_split,0,0.39932983583949644,0,0.3899887128274916
10692.json,scott-walker,barely-true,1,speaker_disjoint_split,0,0.4317343725156866,0,0.40688998882743854
11381.json,mark-kelly,half-true,0,speaker_disjoint_split,0,0.308586341946955,0,0.3343416281414458
6897.json,joe-biden,half-true,0,speaker_disjoint_split,0,0.42759165035854524,0,0.3640267579718552
12757.json,donald-trump,mostly-true,0,speaker_disjoint_split,0,0.4554427926806224,1,0.5414861507520314
5299.json,susan-combs,false,1,speaker_disjoint_split,1,0.5528553088060469,1,0.5534208767310063
7563.json,michael-bloomberg,true,0,speaker_disjoint_split,0,0.43024039649186835,0,0.39799285352307784
8329.json,saxby-chambliss,barely-true,1,speaker_disjoint_split,0,0.4341207520188739,0,0.45334096587638284
4387.json,chip-rogers,mostly-true,0,speaker_disjoint_split,0,0.4560795065381791,0,0.4314564337256801
8451.json,amardeep-kaleka,pants-fire,1,speaker_disjoint_split,1,0.5007729607501229,1,0.5153966762400937
12504.json,blog-posting,pants-fire,1,speaker_disjoint_split,1,0.5687634495545353,1,0.5865071681521344
11074.json,don-beyer,half-true,0,speaker_disjoint_split,1,0.610093974095306,1,0.5429924141527591
8262.json,charlie-crist,barely-true,1,speaker_disjoint_split,0,0.3593309459618682,0,0.3757688149563674
13239.json,donald-trump,barely-true,1,speaker_disjoint_split,1,0.5860342739550957,1,0.5545904837870141
1592.json,david-axelrod,half-true,0,speaker_disjoint_split,0,0.4862814554389001,0,0.4247371101191701
5473.json,aclu-florida,mostly-true,0,speaker_disjoint_split,0,0.36705079048097294,0,0.41770641377878076
3408.json,alan-powell,mostly-true,0,speaker_disjoint_split,0,0.49778576964961685,0,0.45269771336589154
1155.json,michael-steele,pants-fire,1,speaker_disjoint_split,0,0.42444346928556714,0,0.4293769580970123
1122.json,club-growth,false,1,speaker_disjoint_split,1,0.5165922232305956,1,0.54189851604287
12803.json,tim-kaine,half-true,0,speaker_disjoint_split,0,0.47625667549189266,0,0.47949884066854986
5409.json,kathleen-vinehout,false,1,speaker_disjoint_split,0,0.40380601577425956,0,0.37058479176302306
7313.json,steve-henson,half-true,0,speaker_disjoint_split,1,0.5521186917069495,1,0.5031732193243276
4809.json,joe-biden,true,0,speaker_disjoint_split,0,0.4610139143537124,0,0.4257658212190407
12366.json,philadelphia-daily-news,half-true,0,speaker_disjoint_split,0,0.42183417986622684,0,0.433408533124178
4778.json,lynn-westmoreland,true,0,speaker_disjoint_split,0,0.2937479395247929,0,0.37967683427091825
7908.json,peter-roskam,mostly-true,0,speaker_disjoint_split,0,0.25668571410650576,0,0.37286333318606124
9287.json,scott-walker,half-true,0,speaker_disjoint_split,1,0.5435481019245519,1,0.5260117670486205
4795.json,david-plouffe,mostly-true,0,speaker_disjoint_split,1,0.5748327088616314,1,0.598817210863349
4534.json,john-kasich,true,0,speaker_disjoint_split,0,0.40969788297849163,0,0.4258852136546241
7738.json,scott-walker,false,1,speaker_disjoint_split,0,0.46438035365644525,0,0.4335192975903961
2755.json,john-kasich,half-true,0,speaker_disjoint_split,0,0.4301062829266202,0,0.4440170033721047
9949.json,scott-walker,half-true,0,speaker_disjoint_split,1,0.5483096160876186,1,0.5254445047456451
11069.json,allison-tant,barely-true,1,speaker_disjoint_split,1,0.5261448121608963,1,0.5452779452475012
12409.json,william-devereaux,true,0,speaker_disjoint_split,0,0.42765816023714415,0,0.37967354523670366
9898.json,angel-taveras,barely-true,1,speaker_disjoint_split,1,0.6214729490086481,1,0.6238844256825713
12400.json,donald-trump,barely-true,1,speaker_disjoint_split,0,0.4689037560726383,0,0.4333825386190228
6802.json,david-cicilline,barely-true,1,speaker_disjoint_split,1,0.645355460917026,1,0.5478464961090248
2957.json,teresa-fedor,barely-true,1,speaker_disjoint_split,0,0.36420800644076573,0,0.4113892718287468
1617.json,charlie-crist,half-true,0,speaker_disjoint_split,0,0.4423146446837224,0,0.4502728616870138
8930.json,jonathan-boucher,pants-fire,1,speaker_disjoint_split,0,0.40649418182443503,0,0.3897047614921724
5684.json,lenny-curry,barely-true,1,speaker_disjoint_split,1,0.5822523203001777,0,0.48443312806428684
13481.json,corey-stewart,false,1,speaker_disjoint_split,0,0.4656780982220134,0,0.4935999110000144
8386.json,bill-burton,mostly-true,0,speaker_disjoint_split,1,0.5558390044252767,1,0.5025136092211846
8542.json,ken-detzner,false,1,speaker_disjoint_split,0,0.3987386317644338,0,0.43175853184103535
1026.json,richard-durbin,true,0,speaker_disjoint_split,0,0.3712281131430802,0,0.3449181948482986
7215.json,louie-gohmert,false,1,speaker_disjoint_split,0,0.4915572747026735,0,0.46792813527334126
6737.json,gary-johnson,mostly-true,0,speaker_disjoint_split,0,0.47790170845984753,0,0.48031401167140847
11871.json,bernie-s,barely-true,1,speaker_disjoint_split,0,0.4394798116429384,0,0.47579971228928586
3473.json,armond-budish,mostly-true,0,speaker_disjoint_split,0,0.40187014543139554,0,0.4244288354290957
3309.json,cliff-stearns,true,0,speaker_disjoint_split,0,0.37077884950413803,0,0.4087965461852865
1488.json,joe-biden,true,0,speaker_disjoint_split,0,0.41136760275693846,0,0.36965568736798654
9127.json,arian-foster,half-true,0,speaker_disjoint_split,0,0.43153923482625717,0,0.4021505714962587
3379.json,mike-huebsch,pants-fire,1,speaker_disjoint_split,1,0.5677437768529241,1,0.5919309660084244
8895.json,keith-ellison,mostly-true,0,speaker_disjoint_split,0,0.2587723618562508,0,0.2823770972602252
11167.json,donald-trump,false,1,speaker_disjoint_split,1,0.5578232567495621,1,0.5448341653374774
99.json,john-mccain,true,0,speaker_disjoint_split,0,0.45294704821421405,0,0.48057425921226427
1701.json,bill-clinton,true,0,speaker_disjoint_split,0,0.4157944293139365,0,0.493577634880073
7503.json,dan-patrick,mostly-true,0,speaker_disjoint_split,0,0.44480214135377616,0,0.4725260524933097
13368.json,donald-trump,half-true,0,speaker_disjoint_split,0,0.359499722327396,0,0.35751203087994554
12115.json,donald-trump,half-true,0,speaker_disjoint_split,0,0.4238515642433603,0,0.4788764133162485
10658.json,blog-posting,false,1,speaker_disjoint_split,0,0.48473363139918185,1,0.567646245934277
8120.json,nancy-gordeuk,half-true,0,speaker_disjoint_split,0,0.43914172666226425,0,0.34419683326795186
11260.json,blog-posting,pants-fire,1,speaker_disjoint_split,1,0.5070171470299831,1,0.6294787904838178
9722.json,blog-posting,pants-fire,1,speaker_disjoint_split,1,0.5248202569394597,1,0.5511966586029567
11134.json,blog-posting,false,1,speaker_disjoint_split,1,0.7145133403097241,1,0.6405662173714713
11366.json,bernie-s,mostly-true,0,speaker_disjoint_split,1,0.5367714776786251,0,0.47064014192565395
13080.json,donald-trump,mostly-true,0,speaker_disjoint_split,1,0.5766612664593009,1,0.5760449002700638
1285.json,bill-oreilly,false,1,speaker_disjoint_split,0,0.4559528727427743,0,0.47320641799991686
11124.json,donald-trump,pants-fire,1,speaker_disjoint_split,0,0.446682099127159,0,0.40938939436573774
10436.json,john-kasich,pants-fire,1,speaker_disjoint_split,1,0.5412605194241678,1,0.5221518825874998
11175.json,ben-carson,false,1,speaker_disjoint_split,0,0.4948782756467546,0,0.4345192348876587
10976.json,eugene-robinson,mostly-true,0,speaker_disjoint_split,0,0.4093359081825001,0,0.4190806676951119
11678.json,donald-trump,barely-true,1,speaker_disjoint_split,0,0.48457318657223636,1,0.5786028164013429
6342.json,tim-kaine,true,0,speaker_disjoint_split,0,0.46382710774585817,0,0.4106592438463754
8877.json,ann-coulter,pants-fire,1,speaker_disjoint_split,1,0.6204856279526191,1,0.5939367006222341
328.json,john-mccain,barely-true,1,speaker_disjoint_split,0,0.4629446023414739,1,0.5201823337132272
8867.json,charlie-crist,barely-true,1,speaker_disjoint_split,1,0.664710948742922,1,0.5132996080555778
9145.json,scott-walker,false,1,speaker_disjoint_split,1,0.5075174223683506,1,0.5765331463746471
11797.json,bernie-s,mostly-true,0,speaker_disjoint_split,0,0.3910997834350347,1,0.5030971803847288
5135.json,angel-taveras,half-true,0,speaker_disjoint_split,0,0.3898609958716991,0,0.3683733667241511
712.json,john-mccain,pants-fire,1,speaker_disjoint_split,0,0.49872468271906245,0,0.49316518658690106
6074.json,samuel-wurzelbacher,mostly-true,0,speaker_disjoint_split,1,0.5489195894915428,1,0.526325680618401
627.json,john-mccain,true,0,speaker_disjoint_split,0,0.4492382895696786,0,0.4113169888913403
11439.json,jason-villalba,pants-fire,1,speaker_disjoint_split,1,0.5496580406503389,1,0.5764206169563072
12582.json,tim-kaine,mostly-true,0,speaker_disjoint_split,1,0.5607634607212979,1,0.5285939773873313
10486.json,scott-walker,pants-fire,1,speaker_disjoint_split,1,0.5597341078085306,1,0.5197505085030701
12254.json,donald-trump,false,1,speaker_disjoint_split,0,0.4459979385412896,0,0.4238316060685004
2924.json,tom-coburn,false,1,speaker_disjoint_split,0,0.3594635980728446,0,0.34336768840579923
13496.json,blog-posting,false,1,speaker_disjoint_split,1,0.5825334149988199,1,0.6027556895717161
8161.json,scott-walker,false,1,speaker_disjoint_split,0,0.4019992589024243,0,0.416352209426579
3817.json,armond-budish,true,0,speaker_disjoint_split,1,0.5326736869769413,0,0.4864215580572872
2462.json,patrick-rose,barely-true,1,speaker_disjoint_split,0,0.4391467915948574,0,0.45339123859889596
9208.json,dan-patrick,mostly-true,0,speaker_disjoint_split,0,0.3913957870911308,0,0.4154641011839263
8465.json,diane-ravitch,barely-true,1,speaker_disjoint_split,0,0.45233445894974744,0,0.4071843405427367
8521.json,larry-elder,barely-true,1,speaker_disjoint_split,0,0.28362060954864005,0,0.40579492288343677
6818.json,ohio-republican-party,false,1,speaker_disjoint_split,1,0.6107842604729544,1,0.5871764208044081
12273.json,ben-carson,mostly-true,0,speaker_disjoint_split,0,0.40612955427822894,0,0.4294756655139449
731.json,blog-posting,half-true,0,speaker_disjoint_split,1,0.6637870372995782,1,0.5968169906511079
4796.json,john-kasich,mostly-true,0,speaker_disjoint_split,0,0.3240629787305373,0,0.3785243665009094
12347.json,michael-oneill,mostly-true,0,speaker_disjoint_split,1,0.5605290854098958,1,0.5666403070306315
7718.json,friends-miami-first,half-true,0,speaker_disjoint_split,0,0.3341901230550182,0,0.30937872417115314
5735.json,scott-walker,half-true,0,speaker_disjoint_split,0,0.49799714721776306,0,0.4364736827057319
2451.json,charlie-crist,pants-fire,1,speaker_disjoint_split,0,0.37281206756065344,0,0.3960804906590931
12555.json,donald-trump,false,1,speaker_disjoint_split,0,0.49439897474495886,0,0.4609339104871831
790.json,john-mccain,pants-fire,1,speaker_disjoint_split,1,0.66937631324558,1,0.519872209981084
9357.json,debbie-wasserman-schultz,mostly-true,0,speaker_disjoint_split,1,0.5186336295563644,1,0.5344686412765459
5639.json,bill-pascrell,half-true,0,speaker_disjoint_split,1,0.5050775709331178,1,0.5185893832172725
2800.json,sonny-perdue,half-true,0,speaker_disjoint_split,0,0.31185306015496544,0,0.26812429975751617
4604.json,jon-huntsman,pants-fire,1,speaker_disjoint_split,1,0.7252576880853264,1,0.626500779037547
11447.json,donald-trump,false,1,speaker_disjoint_split,0,0.15476516664391685,0,0.29902241591495116
6389.json,nathan-deal,barely-true,1,speaker_disjoint_split,1,0.5321435040623702,1,0.5110932507316459
2008.json,charlie-crist,mostly-true,0,speaker_disjoint_split,0,0.452052202040234,0,0.3667886219432787
10160.json,lloyd-doggett,half-true,0,speaker_disjoint_split,0,0.46358949117979953,1,0.5028262287545568
410.json,blog-posting,pants-fire,1,speaker_disjoint_split,1,0.6444142928434892,1,0.658766251031945
12249.json,pat-mccrory,barely-true,1,speaker_disjoint_split,0,0.37543806089249293,0,0.4174403703836924
4281.json,ron-paul,half-true,0,speaker_disjoint_split,0,0.4164071069882845,0,0.4601701456949566
1537.json,republican-party-florida,mostly-true,0,speaker_disjoint_split,1,0.6232513655269426,1,0.6461341423037363
9068.json,karl-rove,barely-true,1,speaker_disjoint_split,0,0.4405636998666433,1,0.5065538235248322
11854.json,michael-m-crow,mostly-true,0,speaker_disjoint_split,0,0.32029757652866536,0,0.3257007568206847
8235.json,mayors-against-illegal-guns,half-true,0,speaker_disjoint_split,1,0.6930164770246381,1,0.5691808155556096
13494.json,donald-trump,pants-fire,1,speaker_disjoint_split,0,0.4929454212305111,1,0.5081134426307914
7050.json,democratic-party-oregon,half-true,0,speaker_disjoint_split,1,0.6382092765685483,1,0.576350545948568
1771.json,vern-buchanan,true,0,speaker_disjoint_split,0,0.3698085678528332,0,0.34533188981517987
13196.json,tim-kaine,mostly-true,0,speaker_disjoint_split,1,0.6539194366538674,1,0.5995563237642273
11359.json,john-kasich,barely-true,1,speaker_disjoint_split,0,0.4227402411311088,0,0.4560769249388072
9526.json,bill-clinton,half-true,0,speaker_disjoint_split,0,0.3685322010933891,0,0.3797491998857532
12072.json,john-kasich,false,1,speaker_disjoint_split,0,0.45814033816160454,0,0.43234211778887466
406.json,john-mccain,false,1,speaker_disjoint_split,1,0.6475314318539757,1,0.5175153802008238
7712.json,john-mccain,half-true,0,speaker_disjoint_split,0,0.40747899472003524,0,0.4684839665553093
10950.json,donald-trump,pants-fire,1,speaker_disjoint_split,0,0.4672609386161131,0,0.40731881454079866
8200.json,janet-napolitano,barely-true,1,speaker_disjoint_split,1,0.601291980543971,1,0.5552267722209314
10431.json,nathan-deal,mostly-true,0,speaker_disjoint_split,1,0.5295210376198994,0,0.45932772582895415
5350.json,wayne-lapierre,barely-true,1,speaker_disjoint_split,1,0.5481673801202714,1,0.5012058122242433
3906.json,debbie-wasserman-schultz,false,1,speaker_disjoint_split,1,0.5961339012906749,1,0.5537631860386378
5630.json,jimmie-t-smith,false,1,speaker_disjoint_split,0,0.48340796466773234,0,0.45541808167420483
9640.json,fresh-start-pa,mostly-true,0,speaker_disjoint_split,0,0.46415421691668685,0,0.38839751447288334
6608.json,sam-olens,mostly-true,0,speaker_disjoint_split,1,0.5030588305434505,1,0.5126015135561682
13419.json,donald-trump,barely-true,1,speaker_disjoint_split,0,0.34779878269794223,0,0.3608804466484922
8215.json,cynthia-lummis,mostly-true,0,speaker_disjoint_split,0,0.358994529571356,0,0.3851599436405217
745.json,john-mccain,barely-true,1,speaker_disjoint_split,0,0.4457602756555014,0,0.41461004896807835
12375.json,blog-posting,pants-fire,1,speaker_disjoint_split,0,0.48592549369209515,1,0.5123402497912899
480.json,blog-posting,pants-fire,1,speaker_disjoint_split,1,0.687037336152615,1,0.6518498506484621
5882.json,freedom-pac,half-true,0,speaker_disjoint_split,1,0.5366985670367446,1,0.5265652478043945
8649.json,bill-oreilly,mostly-true,0,speaker_disjoint_split,1,0.5717140724713403,1,0.5961205369219569
11248.json,bernie-s,mostly-true,0,speaker_disjoint_split,0,0.3681067750279064,0,0.4304337650864771
11908.json,donald-trump,false,1,speaker_disjoint_split,0,0.4608169711566718,0,0.45341041414791483
3041.json,debbie-wasserman-schultz,true,0,speaker_disjoint_split,1,0.5440776403284037,1,0.5699308120184949
2095.json,blog-posting,false,1,speaker_disjoint_split,0,0.49599407262352896,1,0.518471471230807
10084.json,charlie-crist,true,0,speaker_disjoint_split,1,0.5143894766935333,1,0.5184654680484183
2298.json,glenn-beck,true,0,speaker_disjoint_split,0,0.3955408803243277,0,0.4012448751149041
13468.json,americanpoliticnews,pants-fire,1,speaker_disjoint_split,0,0.4330124466493199,0,0.48843361726470186
2048.json,ron-paul,true,0,speaker_disjoint_split,0,0.38394638432080064,0,0.4419460160519084
13093.json,david-jolly,half-true,0,speaker_disjoint_split,0,0.37478968513208644,0,0.392208406543318
7103.json,carolyn-medeiros,true,0,speaker_disjoint_split,0,0.3361250944925586,0,0.31988098762373396
3773.json,nathan-deal,false,1,speaker_disjoint_split,1,0.5577261827939349,0,0.468179112326783
10740.json,bernie-s,mostly-true,0,speaker_disjoint_split,0,0.33648422697997404,0,0.330792259626987
11166.json,john-kasich,mostly-true,0,speaker_disjoint_split,0,0.4287243240052965,0,0.4857092030509677
6243.json,american-commitment,barely-true,1,speaker_disjoint_split,1,0.6398416435881387,1,0.5991409898438577
12176.json,donald-trump,half-true,0,speaker_disjoint_split,0,0.3268375512112195,0,0.4535795207707617
8541.json,scott-walker,true,0,speaker_disjoint_split,0,0.36340957440759325,0,0.39608794993300656
2266.json,florida-first-initiative,false,1,speaker_disjoint_split,1,0.6498320143873548,1,0.5613623097351427
5175.json,nathan-deal,half-true,0,speaker_disjoint_split,1,0.556997900868965,0,0.47342379905788606
10071.json,charlie-crist,true,0,speaker_disjoint_split,0,0.4478788230882188,0,0.4339118122340373
6146.json,david-plouffe,true,0,speaker_disjoint_split,0,0.471535174000271,1,0.5454987635640155
6838.json,john-kasich,mostly-true,0,speaker_disjoint_split,0,0.4480164185994541,0,0.3633704613271924
8712.json,kimberly-nelson,true,0,speaker_disjoint_split,0,0.4601195186101372,0,0.42487164939736777
7242.json,bill-pascrell,mostly-true,0,speaker_disjoint_split,0,0.4323460397022604,0,0.4526287828928778
8717.json,blog-posting,pants-fire,1,speaker_disjoint_split,1,0.5130098500133738,1,0.5406074062631988
1807.json,national-republican-congressional-committee,false,1,speaker_disjoint_split,1,0.5870814788932391,1,0.5865058419521041
5515.json,sam-adams,half-true,0,speaker_disjoint_split,0,0.39659519932242565,0,0.398596963078926
9026.json,allen-peake,half-true,0,speaker_disjoint_split,0,0.4258863863383091,0,0.4230005469786405
11343.json,martin-shkreli,false,1,speaker_disjoint_split,1,0.5453734166831745,0,0.4991395535483156
10150.json,charlie-crist,barely-true,1,speaker_disjoint_split,0,0.49840364668617104,1,0.5078520888746212
4030.json,jeff-tittel,false,1,speaker_disjoint_split,0,0.4349263850614659,0,0.4713835245449338
301.json,bill-clinton,false,1,speaker_disjoint_split,0,0.47382995127283223,0,0.4457939707094669
11326.json,karl-rove,mostly-true,0,speaker_disjoint_split,0,0.3638311621882344,0,0.4177976396288674
6246.json,american-commitment,false,1,speaker_disjoint_split,1,0.5317037394990032,1,0.5746781455035144
717.json,joe-biden,half-true,0,speaker_disjoint_split,0,0.45642440837248704,0,0.42361360754046296
580.json,john-mccain,false,1,speaker_disjoint_split,0,0.45624644986979923,0,0.41788381700980276
12393.json,chris-sgro,false,1,speaker_disjoint_split,0,0.4496095231339221,0,0.4308440916804528
8266.json,debbie-wasserman-schultz,pants-fire,1,speaker_disjoint_split,0,0.39480873710234726,0,0.43777744045884537
10642.json,don-beyer,false,1,speaker_disjoint_split,0,0.3875248991001933,0,0.33609549491616414
9290.json,tom-coburn,barely-true,1,speaker_disjoint_split,1,0.5523025282499406,1,0.5054345782552906
6860.json,laurie-monnes-anderson,false,1,speaker_disjoint_split,0,0.4865738540518016,0,0.4814211708164043
11574.json,bernie-s,mostly-true,0,speaker_disjoint_split,0,0.42846039950547743,0,0.4609166713923456
337.json,john-mccain,barely-true,1,speaker_disjoint_split,0,0.37186009273745446,0,0.40445716910808954
3839.json,national-republican-congressional-committee,pants-fire,1,speaker_disjoint_split,1,0.5235539500242692,1,0.5190290064392655
4787.json,ron-paul,true,0,speaker_disjoint_split,0,0.49295178485640184,1,0.514403792671869
12646.json,debbie-wasserman-schultz,mostly-true,0,speaker_disjoint_split,0,0.3814965846132771,0,0.43138190546000066
760.json,john-mccain,false,1,speaker_disjoint_split,1,0.5456459391181556,1,0.540482353396166
641.json,john-mccain,mostly-true,0,speaker_disjoint_split,1,0.5760835690357876,0,0.44671206646384576
9858.json,mark-begich,pants-fire,1,speaker_disjoint_split,1,0.514203794991501,1,0.5643722763055274
10541.json,joseph-yost,mostly-true,0,speaker_disjoint_split,0,0.3583010025647214,0,0.3860521823820167
733.json,john-mccain,barely-true,1,speaker_disjoint_split,0,0.4424867272435414,0,0.45109334686084085
11857.json,bernie-s,false,1,speaker_disjoint_split,1,0.5377218289976274,0,0.49620420242573365
2634.json,democratic-congressional-campaign-committee,half-true,0,speaker_disjoint_split,1,0.5121434886662687,1,0.5642815993484986
8731.json,gus-bilirakis,false,1,speaker_disjoint_split,0,0.45141779360337897,0,0.41589789621940154
9878.json,jeff-merkley,half-true,0,speaker_disjoint_split,0,0.47599827390472277,0,0.48651156825903
2139.json,donna-brazile,true,0,speaker_disjoint_split,0,0.30944833186267345,0,0.3666476124675757
5068.json,david-cicilline,mostly-true,0,speaker_disjoint_split,0,0.42173775941050345,0,0.407203837739009
11801.json,bernie-s,false,1,speaker_disjoint_split,0,0.38647159271001597,0,0.454384256585761
6652.json,bill-clinton,true,0,speaker_disjoint_split,0,0.4637399128272552,1,0.5195352207569177
399.json,campaign-defend-america,mostly-true,0,speaker_disjoint_split,0,0.41320937732104723,0,0.43306593139988175
12275.json,pat-mccrory,false,1,speaker_disjoint_split,1,0.5032363919329189,0,0.46784185343927626
13096.json,donald-trump,true,0,speaker_disjoint_split,0,0.3303438128410843,0,0.32302195966094155
428.json,bill-clinton,pants-fire,1,speaker_disjoint_split,1,0.5202891031951843,0,0.4878951295115008
12042.json,bernie-s,mostly-true,0,speaker_disjoint_split,0,0.24747789430227954,0,0.31047001419525566
7839.json,oregon-pta,true,0,speaker_disjoint_split,0,0.3210790743937757,0,0.3319915628687225
10126.json,scott-walker,false,1,speaker_disjoint_split,0,0.46911486525041196,0,0.4567823160975666
7956.json,richard-durbin,half-true,0,speaker_disjoint_split,1,0.5058183045137762,0,0.4942665328539623
1335.json,orrin-hatch,barely-true,1,speaker_disjoint_split,1,0.5165408068185855,1,0.577412105863846
5372.json,scott-walker,pants-fire,1,speaker_disjoint_split,0,0.39930301817507385,0,0.4219487504458352
4676.json,ron-paul,false,1,speaker_disjoint_split,1,0.5786381735221784,1,0.5288102756603683
1741.json,arlen-specter,true,0,speaker_disjoint_split,1,0.5173294102194497,0,0.4680586127859627
11047.json,ben-ferguson,barely-true,1,speaker_disjoint_split,0,0.348773909467171,0,0.3856879860917503
12117.json,bernie-s,half-true,0,speaker_disjoint_split,0,0.41440898763484013,0,0.39219036287589676
3066.json,ohio-alliance-retired-americans,false,1,speaker_disjoint_split,1,0.595928141664825,1,0.6042385307673384
519.json,john-mccain,barely-true,1,speaker_disjoint_split,1,0.5332231609636341,0,0.4931721177704709
6757.json,its-still-bad-idea,mostly-true,0,speaker_disjoint_split,0,0.4196855348694919,0,0.40394084230986704
1758.json,jan-brewer,barely-true,1,speaker_disjoint_split,0,0.4394097659920513,0,0.4713116981224519
4219.json,ash-williams,false,1,speaker_disjoint_split,0,0.4103875197002961,0,0.4486071737729303
12751.json,donald-trump,true,0,speaker_disjoint_split,0,0.42375105814178293,0,0.45184011048026773
5942.json,graeme-zielinski,pants-fire,1,speaker_disjoint_split,1,0.6468002953124937,0,0.4882221666428257
9999.json,dan-patrick,false,1,speaker_disjoint_split,1,0.5703555401620581,1,0.5102392499709578
5881.json,shaun-ireland,mostly-true,0,speaker_disjoint_split,0,0.4968518306128781,0,0.3995145477365762
3047.json,robert-hagan,half-true,0,speaker_disjoint_split,0,0.3196777524384152,0,0.42575267000553846
9705.json,scott-walker,pants-fire,1,speaker_disjoint_split,0,0.4554147984106652,0,0.4494191586350884
6039.json,new-jersey-democratic-state-committee,false,1,speaker_disjoint_split,1,0.5727603298813901,1,0.5317143337283567
4120.json,scott-walker,false,1,speaker_disjoint_split,0,0.4898003815808969,0,0.45071035900790557
3359.json,scott-mccown,true,0,speaker_disjoint_split,0,0.35367755174715876,0,0.41160888179728167
7820.json,bill-ratliff,barely-true,1,speaker_disjoint_split,1,0.5152212707093191,0,0.4030654902445764
7134.json,scott-walker,barely-true,1,speaker_disjoint_split,0,0.4701760594093565,0,0.4922112722499285
9534.json,debbie-wasserman-schultz,mostly-true,0,speaker_disjoint_split,0,0.3074378271231319,0,0.42478992732426124
5546.json,frank-wolf,true,0,speaker_disjoint_split,0,0.35172234287491155,0,0.39186901934787566
4304.json,state-democratic-party-wisconsin,barely-true,1,speaker_disjoint_split,1,0.5347556119536837,1,0.5606799703800904
1938.json,richard-durbin,false,1,speaker_disjoint_split,0,0.39357549118369795,0,0.41890953052758984
12157.json,pat-mccrory,half-true,0,speaker_disjoint_split,1,0.5344730283496222,0,0.47769815545187944
3653.json,donald-trump,pants-fire,1,speaker_disjoint_split,1,0.6285494190352799,1,0.6091524415320925
11557.json,donald-trump,half-true,0,speaker_disjoint_split,0,0.49313173898144635,1,0.5041892716935796
5751.json,wayne-lapierre,mostly-true,0,speaker_disjoint_split,0,0.47851555364254134,0,0.4532548728017208
10607.json,joe-biden,half-true,0,speaker_disjoint_split,0,0.4571405883302884,0,0.4224709647002093
4874.json,greg-walden,half-true,0,speaker_disjoint_split,0,0.41942671607645304,0,0.44051582483642
11180.json,heather-mcghee,true,0,speaker_disjoint_split,0,0.32616048953006654,0,0.40799505764968463
6917.json,marsha-blackburn,false,1,speaker_disjoint_split,1,0.857365671947016,1,0.6618638537633319
6368.json,bill-clinton,half-true,0,speaker_disjoint_split,0,0.4320301796691062,0,0.4651855161338427
7874.json,13th-district-gop-slate,half-true,0,speaker_disjoint_split,1,0.5198780122425033,0,0.4511698568429515
8583.json,lynn-westmoreland,half-true,0,speaker_disjoint_split,0,0.42553351543027335,1,0.5140899496143685
8242.json,georgia-campaign-liberty,false,1,speaker_disjoint_split,1,0.6410236589657049,1,0.5630785064863916
2372.json,ann-coulter,half-true,0,speaker_disjoint_split,0,0.41559355328581016,0,0.4859082485874151
12197.json,bernie-s,barely-true,1,speaker_disjoint_split,1,0.5504946388152565,1,0.5045676596848495
7067.json,peoples-majority,pants-fire,1,speaker_disjoint_split,1,0.6063099398004181,1,0.5532719157198778
9215.json,donald-trump,false,1,speaker_disjoint_split,1,0.5667576146553612,1,0.5860090729798744
10029.json,nathan-deal,true,0,speaker_disjoint_split,0,0.3677003193713047,0,0.4078541221311001
12637.json,pat-robertson,barely-true,1,speaker_disjoint_split,1,0.6900295431842324,1,0.5769815595034892
8361.json,steve-lonegan,half-true,0,speaker_disjoint_split,0,0.37549576759106557,0,0.35547215917056385
11883.json,donald-trump,barely-true,1,speaker_disjoint_split,0,0.3666603586858866,0,0.39046246509681226
7935.json,ron-hood,pants-fire,1,speaker_disjoint_split,1,0.5386073463925664,1,0.5748630309841962
8077.json,republican-party-florida,mostly-true,0,speaker_disjoint_split,0,0.47878109212080794,0,0.42379117766324015
2904.json,kirk-watson,mostly-true,0,speaker_disjoint_split,0,0.49808751516355804,0,0.42050867740360315
1581.json,cathie-adams,barely-true,1,speaker_disjoint_split,0,0.46225272382375016,0,0.47694139475683334
2606.json,hank-gilbert,half-true,0,speaker_disjoint_split,0,0.384653254731032,0,0.35804023518037764
7419.json,wayne-lapierre,barely-true,1,speaker_disjoint_split,1,0.5919152680248436,1,0.514705632224402
13153.json,donald-trump,mostly-true,0,speaker_disjoint_split,0,0.4813462731642226,1,0.5461848257788298
13130.json,donald-trump,true,0,speaker_disjoint_split,0,0.40786024558660067,0,0.47122743440400794
8889.json,thomas-perez,mostly-true,0,speaker_disjoint_split,0,0.4859088670422919,0,0.4396028720037862
3842.json,national-republican-congressional-committee,barely-true,1,speaker_disjoint_split,1,0.52275686081186,1,0.5395520511403401
4252.json,daniel-mckee,half-true,0,speaker_disjoint_split,0,0.46856306928802866,0,0.4565785757736707
8300.json,dale-kooyenga,barely-true,1,speaker_disjoint_split,0,0.38750546744253334,0,0.33341086110769064
6414.json,john-kasich,true,0,speaker_disjoint_split,0,0.25466331364755773,0,0.3151567420104959
11957.json,donald-trump,pants-fire,1,speaker_disjoint_split,0,0.4218201689587789,0,0.45591290057517997
12509.json,donald-trump,mostly-true,0,speaker_disjoint_split,0,0.3261038219007462,0,0.37481042510370904
3349.json,scott-walker,barely-true,1,speaker_disjoint_split,0,0.491430405004603,1,0.5286276607037332
4991.json,jon-huntsman,barely-true,1,speaker_disjoint_split,0,0.3839868535466373,0,0.36512143627461535
12766.json,donald-trump,false,1,speaker_disjoint_split,0,0.4878460881245271,1,0.5068073185191079
10127.json,nathan-deal,mostly-true,0,speaker_disjoint_split,0,0.4213306122788877,0,0.37804879516199613
13209.json,donald-trump,barely-true,1,speaker_disjoint_split,1,0.6391413607189201,1,0.6104446029885293
6695.json,democratic-congressional-campaign-committee,false,1,speaker_disjoint_split,0,0.4785865982132085,1,0.5403106092744393
12786.json,bill-clinton,half-true,0,speaker_disjoint_split,0,0.35445143425182446,0,0.3644038780890553
12196.json,john-kasich,mostly-true,0,speaker_disjoint_split,0,0.4806871790470442,1,0.5140025860248854
12121.json,donald-trump,pants-fire,1,speaker_disjoint_split,0,0.4377121361966496,0,0.4577868425330033
8630.json,scott-walker,mostly-true,0,speaker_disjoint_split,0,0.3391672957889905,0,0.39381479334575553
12050.json,donald-trump,false,1,speaker_disjoint_split,1,0.5562882727634263,0,0.4935935961826815
1846.json,glenn-beck,mostly-true,0,speaker_disjoint_split,0,0.3669765205184596,0,0.39407734565944197
6655.json,charlie-crist,half-true,0,speaker_disjoint_split,0,0.49023478271138726,1,0.502935422212994
1730.json,bill-oreilly,pants-fire,1,speaker_disjoint_split,0,0.4430757926115119,0,0.44318949192795315
2899.json,jeff-fitzgerald,barely-true,1,speaker_disjoint_split,0,0.4919229062882581,0,0.49959965236392057
10059.json,charlie-crist,mostly-true,0,speaker_disjoint_split,0,0.435699003337361,0,0.4503867455624795
12450.json,pat-mccrory,barely-true,1,speaker_disjoint_split,1,0.6319513234972799,1,0.5819484583592186
5869.json,saxby-chambliss,half-true,0,speaker_disjoint_split,1,0.553878370197123,1,0.5972697819296652
1601.json,karl-rove,false,1,speaker_disjoint_split,1,0.6505696982552633,1,0.5776421880680755
7743.json,ken-cuccinelli,false,1,speaker_disjoint_split,0,0.49599052865512305,0,0.4173504816533643
12995.json,donald-trump,barely-true,1,speaker_disjoint_split,0,0.3649500232603654,0,0.38826963357452937
8636.json,debra-medina,true,0,speaker_disjoint_split,0,0.33710348364318254,0,0.3308204706769321
483.json,john-mccain,mostly-true,0,speaker_disjoint_split,0,0.41500257777073246,0,0.3863529038114553
1212.json,michael-steele,true,0,speaker_disjoint_split,0,0.443749283711129,0,0.44421101502455707
3264.json,lloyd-doggett,mostly-true,0,speaker_disjoint_split,0,0.4711938758894025,0,0.4228103540502841
11330.json,donald-trump,mostly-true,0,speaker_disjoint_split,1,0.5069154983765641,1,0.5388438516042018
12595.json,donald-trump,false,1,speaker_disjoint_split,1,0.5814435685525718,1,0.6014124275968274
9102.json,chris-chocola,half-true,0,speaker_disjoint_split,1,0.5519225664158587,0,0.48450366739707307
6299.json,scott-walker,false,1,speaker_disjoint_split,1,0.6063206838524033,1,0.5242122006686337
4210.json,joshua-henne,false,1,speaker_disjoint_split,0,0.3824974582230211,0,0.3682459939404313
6643.json,bill-clinton,mostly-true,0,speaker_disjoint_split,0,0.35340116116623194,0,0.35528892849468335
4918.json,ron-paul,barely-true,1,speaker_disjoint_split,0,0.35448772888453556,0,0.42831527781091844
5041.json,steve-lonegan,false,1,speaker_disjoint_split,0,0.3009433891115903,0,0.3212251731760436
7508.json,ed-fallone,mostly-true,0,speaker_disjoint_split,0,0.42067206286689307,0,0.39275619140131
9366.json,valarie-wilson,half-true,0,speaker_disjoint_split,1,0.521468573729642,0,0.42110130412246166
7462.json,ken-cuccinelli,true,0,speaker_disjoint_split,0,0.44817996661775267,0,0.3822795130481176
4791.json,debbie-wasserman-schultz,half-true,0,speaker_disjoint_split,0,0.32094295142754264,0,0.41586032050237337
813.json,john-mccain,false,1,speaker_disjoint_split,1,0.5627182979397637,1,0.515090139583558
12760.json,donald-trump,mostly-true,0,speaker_disjoint_split,0,0.49960480279373554,1,0.5033516920486956
4511.json,john-sherman,false,1,speaker_disjoint_split,0,0.3463859559139725,0,0.38829500390806226
11598.json,donald-trump,half-true,0,speaker_disjoint_split,0,0.4290228013391587,0,0.49616198560371766
528.json,john-mccain,true,0,speaker_disjoint_split,0,0.38373590454099443,0,0.47156552096982196
13450.json,donald-trump,false,1,speaker_disjoint_split,0,0.46867552218223907,0,0.45365674408337325
121.json,john-mccain,false,1,speaker_disjoint_split,0,0.41911797723104827,0,0.4916670035959646
19.json,joe-biden,pants-fire,1,speaker_disjoint_split,1,0.7089341814850809,1,0.5832902310148572
801.json,john-mccain,half-true,0,speaker_disjoint_split,1,0.5125336696832482,1,0.5074002079536178
6365.json,democratic-congressional-campaign-committee,pants-fire,1,speaker_disjoint_split,1,0.5878087563170901,1,0.5695283460105601
8177.json,blog-posting,pants-fire,1,speaker_disjoint_split,1,0.6933214679440678,1,0.6510246246232194
7469.json,carol-shea-porter,half-true,0,speaker_disjoint_split,0,0.42990719451986226,0,0.4033586516638295
9617.json,charlie-crist,mostly-true,0,speaker_disjoint_split,0,0.423086795783554,0,0.42491295861638706
10537.json,trebor-banstetter,true,0,speaker_disjoint_split,0,0.4389664405903004,1,0.5426200689781361
4925.json,rob-cornilles,half-true,0,speaker_disjoint_split,0,0.18925678576928223,0,0.30624699604728517
2642.json,charlie-crist,barely-true,1,speaker_disjoint_split,0,0.468786881396346,0,0.45261085678879504
8905.json,charlie-crist,false,1,speaker_disjoint_split,1,0.847529900756272,1,0.5926229826279584
12031.json,john-kasich,barely-true,1,speaker_disjoint_split,0,0.36457286960803714,0,0.3864340819137108
1318.json,glenn-beck,pants-fire,1,speaker_disjoint_split,1,0.5376997829616628,1,0.5216970390398
9236.json,scott-walker,mostly-true,0,speaker_disjoint_split,0,0.3813754140530875,0,0.34580447462220965
8201.json,national-republican-congressional-committee,barely-true,1,speaker_disjoint_split,1,0.7248990352430202,1,0.7384396807039999
13052.json,donald-trump,true,0,speaker_disjoint_split,0,0.4785675301447599,0,0.43526576918657467
6440.json,tomorrows-vision-florida,false,1,speaker_disjoint_split,1,0.5368987450345312,1,0.5037667132130755
633.json,jerome-corsi,false,1,speaker_disjoint_split,0,0.4859754327747957,0,0.49273325639303706
510.json,republican-party-florida,pants-fire,1,speaker_disjoint_split,1,0.546784402006424,0,0.46629764516090483
12752.json,donald-trump,mostly-true,0,speaker_disjoint_split,0,0.27536505919822796,0,0.31920482024835745
3984.json,jon-huntsman,true,0,speaker_disjoint_split,0,0.40313224575676754,0,0.429409804626243
1825.json,michael-steele,true,0,speaker_disjoint_split,0,0.3579027970878375,0,0.41216853422452276
11864.json,john-kasich,false,1,speaker_disjoint_split,1,0.5097162714488805,0,0.48062658774322176
278.json,john-mccain,false,1,speaker_disjoint_split,0,0.46388190687945013,0,0.49333805954536586
401.json,campaign-defend-america,true,0,speaker_disjoint_split,0,0.4753735008469216,0,0.438481350191544
11096.json,donald-trump,false,1,speaker_disjoint_split,0,0.44165139825763255,1,0.5065389571984554
5209.json,rob-cornilles,half-true,0,speaker_disjoint_split,1,0.5816933094064962,1,0.5289385547021697
9524.json,state-democratic-party-wisconsin,pants-fire,1,speaker_disjoint_split,1,0.5939178740877356,1,0.5633102295833364
9198.json,marsha-blackburn,half-true,0,speaker_disjoint_split,0,0.28457319031216793,0,0.3239421367465218
12169.json,chris-sgro,mostly-true,0,speaker_disjoint_split,0,0.42058769016198544,0,0.439858858770009
12996.json,donald-trump,pants-fire,1,speaker_disjoint_split,0,0.4544694069481294,0,0.46636885303080766
10064.json,republican-party-florida,false,1,speaker_disjoint_split,1,0.5930580359977463,1,0.5080817362048415
4161.json,cliff-stearns,mostly-true,0,speaker_disjoint_split,0,0.38124279310366554,0,0.4690623400882164
2646.json,democratic-congressional-campaign-committee,half-true,0,speaker_disjoint_split,0,0.33294809175701495,0,0.3704549572094984
12381.json,mamie-locke,true,0,speaker_disjoint_split,0,0.3890941746436185,0,0.42773244789016607
10055.json,jeanne-shaheen,mostly-true,0,speaker_disjoint_split,1,0.621956447335909,1,0.5914083107994919
13251.json,donald-trump,pants-fire,1,speaker_disjoint_split,0,0.4641257077854666,0,0.4823576517678918
6239.json,robert-menendez,barely-true,1,speaker_disjoint_split,0,0.45991835506123424,1,0.5000999318221868
9612.json,republican-party-florida,half-true,0,speaker_disjoint_split,0,0.3824965342361802,0,0.412744035797616
1087.json,joe-biden,mostly-true,0,speaker_disjoint_split,0,0.3479190694193518,0,0.38455267067426485
267.json,bill-richardson,true,0,speaker_disjoint_split,0,0.4211711621202381,0,0.42801285296660063
4272.json,lloyd-doggett,true,0,speaker_disjoint_split,0,0.3901161200983983,0,0.3762765337152455
2357.json,scott-walker,false,1,speaker_disjoint_split,1,0.5885657887902942,1,0.591310935815907
12541.json,donald-trump,barely-true,1,speaker_disjoint_split,0,0.47664753481602057,1,0.541320766074993
2854.json,carole-smith,pants-fire,1,speaker_disjoint_split,0,0.32156882148940724,0,0.3009631945341961
2072.json,david-cicilline,true,0,speaker_disjoint_split,0,0.4252526890276349,0,0.32592139555681465
1420.json,debra-medina,mostly-true,0,speaker_disjoint_split,0,0.43837362939177305,0,0.41906637317341117
6370.json,julian-castro,true,0,speaker_disjoint_split,0,0.4887623813462951,1,0.5014573776816698
10163.json,james-carr,true,0,speaker_disjoint_split,0,0.34028695705565276,0,0.3791096498821382
2796.json,safe-routes-schools,false,1,speaker_disjoint_split,0,0.3960955770625829,0,0.4270037801648454
2679.json,charlie-crist,true,0,speaker_disjoint_split,0,0.4046522953759435,0,0.3832726909430167
10040.json,bill-oreilly,half-true,0,speaker_disjoint_split,0,0.48928516209936646,0,0.4898088345378149
8667.json,bob-schieffer,true,0,speaker_disjoint_split,0,0.46707013448056756,0,0.43895568108339533
9746.json,mark-emmert,half-true,0,speaker_disjoint_split,0,0.3232920902739017,0,0.3622379534355992
4698.json,americans-prosperity-new-jersey,false,1,speaker_disjoint_split,0,0.4800672355135917,0,0.4453797536881487
2585.json,christine-odonnell,barely-true,1,speaker_disjoint_split,1,0.503199161773968,0,0.4614978636955687
6026.json,scott-walker,half-true,0,speaker_disjoint_split,0,0.4427609139727727,0,0.49224808245875706
13056.json,national-republican-congressional-committee,true,0,speaker_disjoint_split,0,0.4425174816595993,0,0.39422664788832074
1103.json,glenn-beck,pants-fire,1,speaker_disjoint_split,1,0.5578351427334575,0,0.4995983764584523
4105.json,shelly-moore,pants-fire,1,speaker_disjoint_split,1,0.5530617773791748,1,0.506422166044109
8533.json,frank-fahrenkopf,barely-true,1,speaker_disjoint_split,0,0.43584381322578003,0,0.332839607184148
13125.json,donald-trump,barely-true,1,speaker_disjoint_split,0,0.45375899658568164,0,0.4856408413257022
3107.json,dean-cannon,true,0,speaker_disjoint_split,0,0.27654224451134013,0,0.3619947635066532
6765.json,joaquin-castro,true,0,speaker_disjoint_split,0,0.4666655031857804,0,0.4747838605166059
4243.json,jon-huntsman,mostly-true,0,speaker_disjoint_split,0,0.4150797851742607,0,0.4396604870429257
7818.json,carolyn-tomei,mostly-true,0,speaker_disjoint_split,0,0.330818167642739,0,0.3944246158595545
10871.json,gina-hinojosa,half-true,0,speaker_disjoint_split,0,0.38550084828360376,0,0.3574400249954261
11324.json,dale-kooyenga,mostly-true,0,speaker_disjoint_split,0,0.46537343187839253,0,0.4129126958667493
3637.json,donald-trump,mostly-true,0,speaker_disjoint_split,0,0.33177672515576206,0,0.44264648376129684
6060.json,jeanne-shaheen,barely-true,1,speaker_disjoint_split,0,0.35451938596973387,0,0.38549658317442587
603.json,john-mccain,false,1,speaker_disjoint_split,0,0.41040242115558734,0,0.36289149576049534
11545.json,bernie-s,mostly-true,0,speaker_disjoint_split,0,0.36477144845121195,0,0.36062786569501365
6684.json,its-still-bad-idea,pants-fire,1,speaker_disjoint_split,0,0.3695148960663858,0,0.33513052804900517
11711.json,donald-trump,true,0,speaker_disjoint_split,1,0.5308589064438148,1,0.5422783089714815
8869.json,scott-surovell,mostly-true,0,speaker_disjoint_split,0,0.4050746380761235,0,0.3771944391765825
8320.json,charlie-crist,mostly-true,0,speaker_disjoint_split,0,0.39226129544191907,0,0.3898801774233433
5505.json,lenny-curry,true,0,speaker_disjoint_split,0,0.41140849240887506,0,0.3941993080369488
11778.json,donald-trump,barely-true,1,speaker_disjoint_split,0,0.40549139571446363,0,0.47629977157874426
1251.json,jay-rockefeller,true,0,speaker_disjoint_split,1,0.5816018008849908,1,0.6158261332724255
6112.json,jeff-merkley,mostly-true,0,speaker_disjoint_split,0,0.3080491968834172,0,0.315456122518113
2652.json,kathie-glass,pants-fire,1,speaker_disjoint_split,0,0.42376458032603315,0,0.4202666542332398
11764.json,state-democratic-party-wisconsin,pants-fire,1,speaker_disjoint_split,0,0.3515106824899821,0,0.3535246286033852
7692.json,dan-patrick,mostly-true,0,speaker_disjoint_split,0,0.42092799352935517,0,0.4445588718004451
11185.json,carly-fiorina,barely-true,1,speaker_disjoint_split,0,0.4066474080978837,0,0.44424004294362085
2412.json,republican-party-florida,false,1,speaker_disjoint_split,1,0.5965672007888927,1,0.5210298273665981
592.json,john-mccain,barely-true,1,speaker_disjoint_split,0,0.44638973363418843,0,0.4872012780792936
12745.json,donald-trump,half-true,0,speaker_disjoint_split,0,0.296447910852875,0,0.38289917543830754
2547.json,lloyd-doggett,true,0,speaker_disjoint_split,1,0.6228343538574385,1,0.5670245667308245
6386.json,democratic-congressional-campaign-committee,barely-true,1,speaker_disjoint_split,0,0.4392089328759856,0,0.47499669156421526
4708.json,nina-turner,true,0,speaker_disjoint_split,1,0.5068184444726367,0,0.4364376104533509
12167.json,bernie-s,barely-true,1,speaker_disjoint_split,1,0.5703772308895586,0,0.486188000023813
2876.json,john-kasich,mostly-true,0,speaker_disjoint_split,0,0.3298009719712195,0,0.35381740186957716
12943.json,donald-trump,half-true,0,speaker_disjoint_split,1,0.5956314226701108,1,0.5681155031324397
2777.json,michael-bloomberg,mostly-true,0,speaker_disjoint_split,0,0.3644902266121575,0,0.35157711290706284
7758.json,bill-richardson,mostly-true,0,speaker_disjoint_split,1,0.5063499689395354,0,0.4910752292880439
11796.json,donald-trump,half-true,0,speaker_disjoint_split,0,0.4798207413811756,0,0.4272972641295281
10208.json,anna-kooiman,barely-true,1,speaker_disjoint_split,0,0.46304805064513027,0,0.47233058527152805
805.json,john-mccain,mostly-true,0,speaker_disjoint_split,1,0.5003974660661757,0,0.4771257732045793
7461.json,arne-duncan,barely-true,1,speaker_disjoint_split,0,0.3791543546365739,0,0.39060564509339935
3575.json,scott-walker,true,0,speaker_disjoint_split,1,0.5817123380784163,1,0.5575678089046994
384.json,votevetsorg,true,0,speaker_disjoint_split,0,0.46752074476349115,0,0.45141215222145464
729.json,john-mccain,half-true,0,speaker_disjoint_split,0,0.49761343871380875,1,0.5091034227630248
656.json,joe-biden,mostly-true,0,speaker_disjoint_split,0,0.44829483801330006,0,0.44924037992144755
6010.json,lenny-curry,half-true,0,speaker_disjoint_split,0,0.34048434498137503,0,0.36438575994761735
727.json,john-mccain,mostly-true,0,speaker_disjoint_split,0,0.42426595640094805,0,0.40817037399823425
6262.json,democratic-congressional-campaign-committee,pants-fire,1,speaker_disjoint_split,1,0.5989931667488061,1,0.6094948572685877
12084.json,donald-trump,true,0,speaker_disjoint_split,0,0.48449221878570065,0,0.4755192075662583
12461.json,blog-posting,true,0,speaker_disjoint_split,1,0.5361933432414896,1,0.5510924199119024
11910.json,ben-carson,pants-fire,1,speaker_disjoint_split,0,0.4280832251227787,0,0.43682617995743284
10175.json,scott-walker,mostly-true,0,speaker_disjoint_split,1,0.512305237786253,0,0.4996981577954539
1881.json,thomas-melsheimer,barely-true,1,speaker_disjoint_split,0,0.3392235628913074,0,0.39039782978496
5536.json,stephen-sweeney,half-true,0,speaker_disjoint_split,0,0.49729106169027276,0,0.4457992488146121
12787.json,donald-trump,half-true,0,speaker_disjoint_split,0,0.46477492069801835,1,0.5094672892315688
2442.json,delia-lopez,pants-fire,1,speaker_disjoint_split,1,0.5935915358522911,1,0.5271146466602428
2983.json,sam-adams,true,0,speaker_disjoint_split,0,0.3738898192906903,0,0.3124397318179258
6577.json,scott-walker,half-true,0,speaker_disjoint_split,0,0.3761386090432329,0,0.4183282925193578
4711.json,lloyd-doggett,mostly-true,0,speaker_disjoint_split,0,0.3373639290210169,0,0.3119734744215508
11865.json,adrian-garcia,barely-true,1,speaker_disjoint_split,0,0.46744061499684925,0,0.4372843124178833
3021.json,david-wyss,true,0,speaker_disjoint_split,0,0.41963227611020004,0,0.3997500623953114
5272.json,ron-paul,half-true,0,speaker_disjoint_split,0,0.42288247951888613,0,0.4456607041631607
3991.json,scott-walker,half-true,0,speaker_disjoint_split,0,0.48793887214266113,0,0.4435594967523583
6290.json,ohio-republican-party,half-true,0,speaker_disjoint_split,1,0.5732904163925062,1,0.5572451802173809
1394.json,texas-democratic-party,false,1,speaker_disjoint_split,0,0.47918532825006027,1,0.5882163507924953
1052.json,john-mccain,true,0,speaker_disjoint_split,0,0.330431156487153,0,0.38242683668092725
3700.json,stephen-ucci,false,1,speaker_disjoint_split,1,0.5402755656929834,0,0.45615185295727295
1999.json,charlie-crist,true,0,speaker_disjoint_split,0,0.3846221791653808,0,0.3541173989555997
9683.json,peter-lavelle,pants-fire,1,speaker_disjoint_split,1,0.5187538535462861,0,0.4944076247176912
2626.json,edwin-pacheco,false,1,speaker_disjoint_split,0,0.4211993205530429,0,0.49411278536161307
2814.json,john-kasich,half-true,0,speaker_disjoint_split,0,0.40631820853830614,0,0.4033919913510956
12448.json,donald-trump,barely-true,1,speaker_disjoint_split,0,0.4855344795635846,1,0.5253583863668888
8701.json,state-democratic-party-wisconsin,false,1,speaker_disjoint_split,0,0.45866083468444424,0,0.4977744150092145
2371.json,john-mccain,barely-true,1,speaker_disjoint_split,1,0.5984212858279053,1,0.5277120957387342
12065.json,donald-trump,true,0,speaker_disjoint_split,1,0.532546937235653,1,0.5518021984305743
13305.json,donald-trump,true,0,speaker_disjoint_split,1,0.5357538200075739,1,0.5859284737256193
2428.json,republican-governors-association,half-true,0,speaker_disjoint_split,0,0.3627762744400273,0,0.3973139020278844
4425.json,john-kasich,barely-true,1,speaker_disjoint_split,0,0.3285138490285896,0,0.2972419232361975
5551.json,dennis-richardson,half-true,0,speaker_disjoint_split,0,0.3503354344433321,0,0.3184545600855665
757.json,john-mccain,half-true,0,speaker_disjoint_split,1,0.510410398753082,0,0.4423596769088048
2284.json,glenn-beck,pants-fire,1,speaker_disjoint_split,1,0.5647792581846263,1,0.5541945157722552
12650.json,donald-trump,barely-true,1,speaker_disjoint_split,0,0.4862092064416329,1,0.5312282006555895
643.json,joe-biden,half-true,0,speaker_disjoint_split,0,0.26242864866523213,0,0.30576386999892113
11562.json,donald-trump,pants-fire,1,speaker_disjoint_split,0,0.47091204587924373,1,0.5318125662311037
12098.json,john-kasich,mostly-true,0,speaker_disjoint_split,0,0.4820468914150397,0,0.46205893464145226
1480.json,glenn-beck,barely-true,1,speaker_disjoint_split,0,0.3032726982123383,0,0.41605896125339703
10517.json,nathan-deal,half-true,0,speaker_disjoint_split,0,0.28062123305274794,0,0.24692066192980794
531.json,john-mccain,mostly-true,0,speaker_disjoint_split,0,0.3769211392853813,0,0.3846941389159817
126.json,joe-biden,mostly-true,0,speaker_disjoint_split,0,0.402814089675915,0,0.3855870676330184
526.json,john-mccain,barely-true,1,speaker_disjoint_split,0,0.4121494912959288,0,0.4644887462253394
3.json,bill-richardson,mostly-true,0,speaker_disjoint_split,0,0.3810151413649459,0,0.4277353702888971
1150.json,orrin-hatch,half-true,0,speaker_disjoint_split,0,0.3568714569244807,0,0.43835730135113526
4289.json,sam-adams,half-true,0,speaker_disjoint_split,0,0.36854130986668976,0,0.32467430848662526
4383.json,dennis-richardson,false,1,speaker_disjoint_split,1,0.5192746460927266,1,0.5395881490082926
2643.json,scott-walker,false,1,speaker_disjoint_split,1,0.5076797037382439,1,0.6181581222476682
13236.json,tim-kaine,barely-true,1,speaker_disjoint_split,1,0.5186564172845713,1,0.5119414732015902
1894.json,donna-brazile,half-true,0,speaker_disjoint_split,0,0.3527797919990013,0,0.31857867190558553
792.json,john-mccain,half-true,0,speaker_disjoint_split,0,0.3974443640843994,0,0.4117607342008236
12929.json,julian-castro,true,0,speaker_disjoint_split,0,0.3489309769541019,0,0.2951490733308858
12791.json,democratic-congressional-campaign-committee,barely-true,1,speaker_disjoint_split,1,0.5566038988748009,0,0.49217975831585753
10283.json,bernie-s,mostly-true,0,speaker_disjoint_split,0,0.33147161239172723,0,0.3675870610287053
2165.json,sam-olens,half-true,0,speaker_disjoint_split,1,0.5924391176575488,1,0.5537978026880996
6455.json,warren-kampf,mostly-true,0,speaker_disjoint_split,0,0.4153273181343496,0,0.4169150530923553
211.json,john-mccain,true,0,speaker_disjoint_split,0,0.41595829486194574,0,0.42018235390647585
7676.json,michael-chippendale,barely-true,1,speaker_disjoint_split,1,0.551739875819049,0,0.46935232997768866
2443.json,john-kasich,half-true,0,speaker_disjoint_split,0,0.40481114617463076,0,0.4078420846389039
12284.json,bernie-s,mostly-true,0,speaker_disjoint_split,0,0.4142554632625196,0,0.4155449141473354
3414.json,bernie-s,false,1,speaker_disjoint_split,0,0.4086677774014246,0,0.4714052284600257
1450.json,debra-medina,half-true,0,speaker_disjoint_split,1,0.6298047142137002,1,0.5252477397369651
2894.json,glenn-beck,pants-fire,1,speaker_disjoint_split,0,0.4317396304552883,0,0.43826586586203553
9301.json,blog-posting,pants-fire,1,speaker_disjoint_split,1,0.5407785965227094,1,0.5846036704571584
5486.json,silvestre-reyes,half-true,0,speaker_disjoint_split,1,0.6515411905916068,0,0.4713291326613984
13227.json,donald-trump,false,1,speaker_disjoint_split,1,0.5213266512625064,1,0.5234130786454164
2603.json,hank-gilbert,false,1,speaker_disjoint_split,0,0.4175647479327995,0,0.32251205219485213
788.json,john-mccain,mostly-true,0,speaker_disjoint_split,1,0.5888973546605857,1,0.5074467983093839
605.json,john-mccain,false,1,speaker_disjoint_split,0,0.4830958997972261,0,0.46393612898678765
13186.json,tim-kaine,half-true,0,speaker_disjoint_split,0,0.396270533295349,0,0.3735944629503726
3037.json,tim-kaine,half-true,0,speaker_disjoint_split,1,0.6346204649692211,1,0.5657366459237051
207.json,john-mccain,true,0,speaker_disjoint_split,1,0.6636923557755869,1,0.5377698763236416
10069.json,debbie-wasserman-schultz,false,1,speaker_disjoint_split,1,0.5059922442746861,1,0.507310632800696
13486.json,rush-limbaugh,half-true,0,speaker_disjoint_split,0,0.3980372727377591,1,0.5022005947343186
10633.json,glenn-beck,false,1,speaker_disjoint_split,1,0.5727421149588992,1,0.5071350336755609
10883.json,rebecca-quigley,false,1,speaker_disjoint_split,0,0.47445117104907025,0,0.42581451176607016
11307.json,donald-trump,barely-true,1,speaker_disjoint_split,1,0.5179723745205891,0,0.47143678932543337
4175.json,debbie-wasserman-schultz,half-true,0,speaker_disjoint_split,0,0.4260701277468196,0,0.4490106019905362
3987.json,democratic-congressional-campaign-committee,mostly-true,0,speaker_disjoint_split,1,0.5536778800426153,1,0.5339718595114848
12834.json,donald-trump,false,1,speaker_disjoint_split,1,0.5628536485774643,1,0.6129966659056553
386.json,john-mccain,mostly-true,0,speaker_disjoint_split,1,0.6858940375958573,1,0.5557552740446213
446.json,focus-family-action,barely-true,1,speaker_disjoint_split,1,0.5093055446395305,1,0.5289894370768589
10271.json,keisha-lance-bottoms,mostly-true,0,speaker_disjoint_split,1,0.5151535828266325,0,0.4468160556008795
317.json,bill-clinton,true,0,speaker_disjoint_split,0,0.29867035207609083,0,0.2898999694795586
5450.json,ron-paul,half-true,0,speaker_disjoint_split,0,0.41440339937429493,0,0.4073738370667725
3740.json,tim-kaine,half-true,0,speaker_disjoint_split,0,0.29006485733619214,0,0.3401018256801769
10543.json,scott-walker,false,1,speaker_disjoint_split,0,0.4723156101197329,1,0.5098610695072336
7904.json,scott-walker,barely-true,1,speaker_disjoint_split,1,0.5251753018881635,0,0.4721745896634046
12805.json,joe-biden,mostly-true,0,speaker_disjoint_split,0,0.33822718904030535,0,0.3698107557244874
9771.json,nextgen-climate,half-true,0,speaker_disjoint_split,0,0.434380529268158,0,0.4457819775018495
2394.json,republican-governors-association,half-true,0,speaker_disjoint_split,1,0.6665612414148953,1,0.5975128776830826
3541.json,armond-budish,half-true,0,speaker_disjoint_split,0,0.3758193205166891,0,0.3328111468659508
12187.json,rick-scotts-starbucks-heckler,half-true,0,speaker_disjoint_split,1,0.5310471712870053,1,0.518243436280748
6325.json,michael-bloomberg,half-true,0,speaker_disjoint_split,0,0.3044632684530826,0,0.2952503849074359
12855.json,richard-durbin,true,0,speaker_disjoint_split,0,0.3863283091422339,0,0.392749155121039
11726.json,dan-patrick,barely-true,1,speaker_disjoint_split,0,0.4144798012445399,0,0.4198659667766033
699.json,john-mccain,half-true,0,speaker_disjoint_split,0,0.4083371061486318,0,0.41213234202541216
10041.json,dan-patrick,half-true,0,speaker_disjoint_split,1,0.5085393195621875,1,0.5548581622073889
4189.json,national-republican-congressional-committee,false,1,speaker_disjoint_split,0,0.4864745941418225,1,0.5112018614129206
1405.json,glenn-beck,barely-true,1,speaker_disjoint_split,0,0.4565942377449295,0,0.48301813000651045
6919.json,tim-kaine,barely-true,1,speaker_disjoint_split,0,0.4718733068281674,0,0.43401391536492134
9774.json,republican-party-florida,false,1,speaker_disjoint_split,1,0.6486468248446741,1,0.558409802612833
2616.json,christine-odonnell,pants-fire,1,speaker_disjoint_split,1,0.6210411096181747,1,0.5742962094240215
1280.json,charlie-crist,barely-true,1,speaker_disjoint_split,0,0.3227249397886382,0,0.3778504806428495
6720.json,rob-zerban,false,1,speaker_disjoint_split,0,0.4738834292512131,0,0.474979810881043
4442.json,ron-paul,half-true,0,speaker_disjoint_split,0,0.4215221620195896,0,0.3914858898801731
7111.json,sam-adams,barely-true,1,speaker_disjoint_split,1,0.5412496423659021,0,0.4421893315629412
9235.json,blog-posting,pants-fire,1,speaker_disjoint_split,1,0.5261677917443188,1,0.5418074890884137
1243.json,barney-bishop,false,1,speaker_disjoint_split,1,0.5009144329578437,0,0.4809272628054307
3369.json,sam-adams,half-true,0,speaker_disjoint_split,0,0.4120303437192744,0,0.401346375353848
12952.json,donald-trump,barely-true,1,speaker_disjoint_split,0,0.49438937539659206,0,0.4821375646308877
2187.json,michael-bloomberg,false,1,speaker_disjoint_split,0,0.34210034424525604,0,0.3510463266108376
2774.json,scott-walker,half-true,0,speaker_disjoint_split,1,0.7584352833118543,1,0.582387657165233
6555.json,teresa-fedor,true,0,speaker_disjoint_split,0,0.4556258537965598,0,0.43955494379465243
5710.json,joe-biden,false,1,speaker_disjoint_split,0,0.3155250700828647,0,0.3559507788918318
12537.json,donald-trump,false,1,speaker_disjoint_split,0,0.38110636685925464,0,0.46860562102032055
4841.json,eileen-brady,mostly-true,0,speaker_disjoint_split,1,0.5034338268270168,1,0.5587955205729889
13512.json,blog-posting,pants-fire,1,speaker_disjoint_split,0,0.4564683568637865,1,0.5156943120020486
7329.json,mayors-against-illegal-guns,half-true,0,speaker_disjoint_split,0,0.3408256460529621,0,0.32690699143820323
13385.json,donald-trump,mostly-true,0,speaker_disjoint_split,1,0.5603882223167365,1,0.5000012861526006
9937.json,jeanne-shaheen,mostly-true,0,speaker_disjoint_split,0,0.35011365944153033,0,0.35825727100643723
5124.json,restore-our-future,pants-fire,1,speaker_disjoint_split,1,0.6184330874403372,1,0.5673364828843432
9437.json,scott-walker,half-true,0,speaker_disjoint_split,1,0.5081855168252093,0,0.4807581629311236
235.json,john-mccain,true,0,speaker_disjoint_split,0,0.3436662309755759,0,0.41592686870110407
9489.json,scott-walker,false,1,speaker_disjoint_split,1,0.5389894175428607,0,0.4205258005784183
5836.json,mary-nolan,half-true,0,speaker_disjoint_split,1,0.5876225591290929,0,0.4749724708665262
13324.json,donald-trump,mostly-true,0,speaker_disjoint_split,0,0.4889121908253032,0,0.48926125258877173
5230.json,nathan-deal,true,0,speaker_disjoint_split,0,0.35094183795231537,0,0.35332653185773977
6900.json,karen-huber,half-true,0,speaker_disjoint_split,0,0.4327636198419817,0,0.47519486358467466
10524.json,lloyd-doggett,true,0,speaker_disjoint_split,0,0.35791453459357053,0,0.37700789450355043
12599.json,thomas-perez,true,0,speaker_disjoint_split,0,0.3681775240836439,0,0.36495817314319234
7084.json,dan-patrick,true,0,speaker_disjoint_split,0,0.3434566640969261,0,0.3876854015798425
9323.json,julian-castro,true,0,speaker_disjoint_split,1,0.6376711323799423,1,0.6024449797867732
7607.json,john-kasich,pants-fire,1,speaker_disjoint_split,0,0.46135312284512653,0,0.4520419722070047
1061.json,lynn-westmoreland,barely-true,1,speaker_disjoint_split,0,0.4769840748382012,0,0.4254185622164397
12321.json,pat-mccrory,true,0,speaker_disjoint_split,0,0.3613168811330666,0,0.3639841803031786
12546.json,blog-posting,false,1,speaker_disjoint_split,1,0.6112379205220898,1,0.6506606958992178
2877.json,scott-walker,false,1,speaker_disjoint_split,0,0.4906199035417994,1,0.5379969784717978
3885.json,new-jersey-sierra-club,half-true,0,speaker_disjoint_split,0,0.33578323091818296,0,0.34822352386894406
11150.json,centers-disease-control,true,0,speaker_disjoint_split,1,0.5010993103977939,0,0.4226078591327673
2316.json,charlie-crist,mostly-true,0,speaker_disjoint_split,0,0.39539664301042016,0,0.3261236364240487
1497.json,eve-schatelowitz-alcantar,false,1,speaker_disjoint_split,0,0.42814851874927945,0,0.4463366977095561
4543.json,bill-oreilly,barely-true,1,speaker_disjoint_split,0,0.4239396709419509,0,0.4859690166667253
5091.json,jon-huntsman,false,1,speaker_disjoint_split,1,0.6344649042571695,0,0.450512728359062
4212.json,john-kasich,true,0,speaker_disjoint_split,0,0.4272306646880281,0,0.4335798522599654
1623.json,charlie-crist,true,0,speaker_disjoint_split,0,0.38761326655465,0,0.4108182445934465
11802.json,bernie-s,mostly-true,0,speaker_disjoint_split,0,0.49353229559069794,1,0.5041459244951711
2581.json,julie-lassa,barely-true,1,speaker_disjoint_split,1,0.5392349266814651,1,0.5140958973849673
12179.json,blog-posting,pants-fire,1,speaker_disjoint_split,1,0.7535078246324781,1,0.6642416849717957
9364.json,angel-taveras,barely-true,1,speaker_disjoint_split,0,0.35765357103165035,0,0.36078845464293424
544.json,joe-biden,barely-true,1,speaker_disjoint_split,0,0.4558174404595604,0,0.46569994844378704
3679.json,john-kasich,false,1,speaker_disjoint_split,0,0.47076905769386684,0,0.4182560803208492
1184.json,charles-boustany,barely-true,1,speaker_disjoint_split,1,0.5428658966359408,1,0.5747494381176359
13214.json,oxfam-america,mostly-true,0,speaker_disjoint_split,0,0.4573959887146457,0,0.4109537634581206
7268.json,scott-walker,mostly-true,0,speaker_disjoint_split,0,0.36919247605683886,0,0.38474048073132117
2252.json,tim-kaine,half-true,0,speaker_disjoint_split,1,0.5187752500733888,1,0.5060314308535303
3029.json,scott-walker,mostly-true,0,speaker_disjoint_split,1,0.5140455221282622,1,0.6313935389428591
3710.json,nathan-deal,true,0,speaker_disjoint_split,0,0.3679659651658945,0,0.31160830900917214
13409.json,donald-trump,barely-true,1,speaker_disjoint_split,1,0.5146161469273521,1,0.517631532959117
4568.json,new-jersey-democratic-state-committee,barely-true,1,speaker_disjoint_split,1,0.607717861908689,0,0.4655254885701799
1849.json,john-oxendine,half-true,0,speaker_disjoint_split,0,0.46621089527471293,0,0.483584860134284
10739.json,karl-rove,mostly-true,0,speaker_disjoint_split,0,0.439312934068477,0,0.4691512066384657
13128.json,donald-trump,mostly-true,0,speaker_disjoint_split,0,0.4662912146376096,1,0.5119481125385414
7195.json,lenny-curry,barely-true,1,speaker_disjoint_split,0,0.45647064554605526,0,0.49892754596893374
13047.json,donald-trump,half-true,0,speaker_disjoint_split,0,0.4510042718204729,0,0.4177939187653361
8352.json,blog-posting,pants-fire,1,speaker_disjoint_split,1,0.638369985509145,1,0.6213100526692427
12749.json,donald-trump,half-true,0,speaker_disjoint_split,0,0.3482406485307265,0,0.39693168420279884
12011.json,donald-trump,half-true,0,speaker_disjoint_split,0,0.4203422673523805,0,0.46290369391475183
13490.json,don-beyer,false,1,speaker_disjoint_split,0,0.3875938594346926,0,0.40229011106074813
180.json,bill-richardson,false,1,speaker_disjoint_split,0,0.4956252484125973,0,0.3716272718800806
12368.json,donald-trump,barely-true,1,speaker_disjoint_split,0,0.41015608798002473,0,0.44684125958785564
5788.json,frank-wolf,true,0,speaker_disjoint_split,0,0.41510738500321476,0,0.3958193119087378
3522.json,jason-haas,false,1,speaker_disjoint_split,1,0.5349808593473672,0,0.46436238913045913
10846.json,scott-walker,false,1,speaker_disjoint_split,1,0.6174624282890724,1,0.5664311736461854
700.json,john-mccain,true,0,speaker_disjoint_split,0,0.3579478244305193,0,0.4103344202201382
12214.json,bernie-s,mostly-true,0,speaker_disjoint_split,0,0.39266536340669006,0,0.40220691470624736
6922.json,lois-frankel,barely-true,1,speaker_disjoint_split,0,0.4991014351580064,1,0.5443536417386721
7416.json,david-plouffe,barely-true,1,speaker_disjoint_split,1,0.5602883352305973,1,0.6847316140020752
1262.json,glenn-beck,false,1,speaker_disjoint_split,1,0.5725270393140518,1,0.5442757589428984
1677.json,karen-sage,true,0,speaker_disjoint_split,0,0.40020823668936606,0,0.4392364959345567
13049.json,blog-posting,false,1,speaker_disjoint_split,0,0.4593001564785571,0,0.48516686507292234
13423.json,donald-trump,false,1,speaker_disjoint_split,1,0.5510621752645664,1,0.5236545468610089
3087.json,brian-moran,pants-fire,1,speaker_disjoint_split,1,0.5091479374239001,0,0.43076303051454595
3460.json,john-kasich,half-true,0,speaker_disjoint_split,0,0.45527802589253386,0,0.48871024869884083
9256.json,rush-limbaugh,false,1,speaker_disjoint_split,0,0.3389862293536561,0,0.31156882362880417
8104.json,don-lemon,mostly-true,0,speaker_disjoint_split,0,0.33091954447248567,0,0.41336484077175195
7970.json,todd-young,false,1,speaker_disjoint_split,0,0.38316135225171427,0,0.4077554053568113
3257.json,dan-patrick,true,0,speaker_disjoint_split,0,0.36207555859322726,0,0.4193380182206144
70.json,ron-paul,mostly-true,0,speaker_disjoint_split,0,0.29334794582716617,0,0.3633903937722607
10140.json,john-carlevale,false,1,speaker_disjoint_split,0,0.4300733433710938,0,0.3871022079449593
8595.json,ken-cuccinelli,barely-true,1,speaker_disjoint_split,1,0.6691104401944776,1,0.6835972024710094
4885.json,joe-biden,mostly-true,0,speaker_disjoint_split,0,0.377050874737025,0,0.34959266253388077
11917.json,john-mccain,true,0,speaker_disjoint_split,1,0.5264433783974648,0,0.47218844308103974
10978.json,don-beyer,true,0,speaker_disjoint_split,0,0.28802462325478445,0,0.3742053436130043
7164.json,john-kasich,true,0,speaker_disjoint_split,1,0.5107235745854877,0,0.4779302044651495
5251.json,blog-posting,mostly-true,0,speaker_disjoint_split,0,0.4154317009688517,0,0.43088663679517425
4689.json,jeb-hensarling,false,1,speaker_disjoint_split,0,0.3087510105332888,0,0.31827519958903905
9227.json,charlie-crist,barely-true,1,speaker_disjoint_split,1,0.5076105151760686,0,0.4941792165318158
12927.json,joaquin-castro,mostly-true,0,speaker_disjoint_split,1,0.5812042766509805,1,0.5547703263537661
340.json,john-mccain,true,0,speaker_disjoint_split,0,0.4543306637064276,0,0.44430305197885
12924.json,gary-johnson,true,0,speaker_disjoint_split,0,0.4340991932431344,0,0.40603633262275496
13484.json,blog-posting,pants-fire,1,speaker_disjoint_split,0,0.4208839624436396,1,0.5235009888263807
11261.json,scott-walker,mostly-true,0,speaker_disjoint_split,0,0.3997253072441746,0,0.417419540492981
8285.json,bill-foster,barely-true,1,speaker_disjoint_split,0,0.42080812276271023,0,0.4075772790706948
9229.json,bob-cole,half-true,0,speaker_disjoint_split,1,0.5000002064723579,1,0.50622786230047
8685.json,kathleen-sebelius,true,0,speaker_disjoint_split,0,0.270528398607387,0,0.39892441689574454
9200.json,louie-gohmert,false,1,speaker_disjoint_split,0,0.3973806665532784,0,0.389347169687704
2533.json,republican-party-florida,half-true,0,speaker_disjoint_split,0,0.40908382659279374,0,0.43054701723614114
9292.json,charlie-crist,half-true,0,speaker_disjoint_split,0,0.4129060822000966,0,0.39220187256292094
631.json,jerome-corsi,pants-fire,1,speaker_disjoint_split,1,0.5584884853967664,1,0.5616735482167526
5074.json,john-kasich,mostly-true,0,speaker_disjoint_split,0,0.38945619823524746,0,0.36426074959930543
6795.json,bill-clinton,barely-true,1,speaker_disjoint_split,1,0.5030552683211252,1,0.5015974075462114
12511.json,donald-trump,false,1,speaker_disjoint_split,1,0.5263418745438246,1,0.5662978191473471
3186.json,john-kasich,barely-true,1,speaker_disjoint_split,1,0.5586824663410449,1,0.542937817947571
