id,speaker,label,is_low_truth,setting,text_only_pred,text_only_score,text_plus_graph_pred,text_plus_graph_score
11972.json,rick-perry,true,0,fixed_split_train_test,1,0.5086821036855596,0,0.4882548268559244
11685.json,katrina-shankland,false,1,fixed_split_train_test,0,0.3961210259192084,0,0.4129644131395002
11096.json,donald-trump,false,1,fixed_split_train_test,0,0.4100180672329805,1,0.7879396509428723
5209.json,rob-cornilles,half-true,0,fixed_split_train_test,1,0.5547771837503165,1,0.558971791987071
9524.json,state-democratic-party-wisconsin,pants-fire,1,fixed_split_train_test,1,0.5503209904785027,1,0.5856747901756196
5962.json,brendan-doherty,true,0,fixed_split_train_test,0,0.41919484480187946,0,0.40970262259181944
7070.json,stand-children-tennessee,true,0,fixed_split_train_test,0,0.3490784595053496,0,0.40457252865450777
1046.json,john-boehner,barely-true,1,fixed_split_train_test,0,0.4717611642954029,1,0.6123354304263737
12849.json,sean-patrick-maloney,true,0,fixed_split_train_test,0,0.4241609358934509,0,0.4336426056989128
13270.json,mike-pence,barely-true,1,fixed_split_train_test,0,0.4103153541118855,0,0.3890661884382746
6649.json,mike-berlon,barely-true,1,fixed_split_train_test,0,0.3689196395067544,0,0.35844650530604527
2508.json,bill-flores,barely-true,1,fixed_split_train_test,1,0.5957777554951595,1,0.5757407334800774
11269.json,viral-image,pants-fire,1,fixed_split_train_test,1,0.5765239578591772,1,0.5827711693112019
11200.json,facebook-posts,false,1,fixed_split_train_test,0,0.3705153929350297,1,0.5892609722719884
8047.json,chris-abele,half-true,0,fixed_split_train_test,1,0.6216823914032202,0,0.49022950103757185
4888.json,rick-santorum,true,0,fixed_split_train_test,0,0.4963662330540457,0,0.40560509184174903
3331.json,tom-niehaus,pants-fire,1,fixed_split_train_test,0,0.46307476394929603,1,0.510704220887419
9198.json,marsha-blackburn,half-true,0,fixed_split_train_test,0,0.378436629321291,0,0.45084462928414715
73.json,hillary-clinton,true,0,fixed_split_train_test,0,0.45663006299728226,0,0.400568115488243
1328.json,sarah-palin,false,1,fixed_split_train_test,0,0.4034494133512518,0,0.4474160182650841
12169.json,chris-sgro,mostly-true,0,fixed_split_train_test,0,0.47459454709608745,0,0.4189184500974113
5244.json,marco-rubio,half-true,0,fixed_split_train_test,0,0.43352149711950483,0,0.43518891057505477
12996.json,donald-trump,pants-fire,1,fixed_split_train_test,0,0.3728474042630635,0,0.4829018245646655
8162.json,marijuana-policy-project,mostly-true,0,fixed_split_train_test,0,0.35851911493049443,0,0.34529913211845087
10064.json,republican-party-florida,false,1,fixed_split_train_test,1,0.5280505930767414,1,0.5322555106002412
1084.json,lindsey-graham,true,0,fixed_split_train_test,1,0.5075338862035632,0,0.4368793076517366
13231.json,hillary-clinton,barely-true,1,fixed_split_train_test,0,0.46394147767050664,0,0.3263902897864945
13089.json,republican-national-committee-republican,half-true,0,fixed_split_train_test,1,0.5017660020027276,0,0.43072502136615265
1051.json,mike-pence,true,0,fixed_split_train_test,1,0.5097134862589363,0,0.4598510759040488
4161.json,cliff-stearns,mostly-true,0,fixed_split_train_test,0,0.41641079817768634,0,0.4229602206824883
11966.json,cory-gardner,false,1,fixed_split_train_test,0,0.4047529842268041,0,0.3991557084213174
9800.json,sarah-palin,false,1,fixed_split_train_test,0,0.4339668806199374,0,0.3896968675944418
816.json,barack-obama,half-true,0,fixed_split_train_test,0,0.33229907729614966,0,0.2944535221094981
2646.json,democratic-congressional-campaign-committee,half-true,0,fixed_split_train_test,0,0.34217956543092143,0,0.4782180160109902
12381.json,mamie-locke,true,0,fixed_split_train_test,0,0.47635939478922146,0,0.4044598524039546
8567.json,herman-cain,half-true,0,fixed_split_train_test,1,0.5659848298617545,1,0.6276410501243164
9092.json,rick-scott,barely-true,1,fixed_split_train_test,0,0.48644478237587596,0,0.4843626970856836
10055.json,jeanne-shaheen,mostly-true,0,fixed_split_train_test,1,0.6053102233100393,1,0.5822191878854238
4513.json,dennis-kucinich,true,0,fixed_split_train_test,1,0.5323931468600765,0,0.3495710305840737
10340.json,kevin-brady,true,0,fixed_split_train_test,0,0.375824310447767,0,0.4040495557675359
6849.json,mitt-romney,barely-true,1,fixed_split_train_test,1,0.5980023246191862,1,0.5988802676510068
10971.json,doonesbury,half-true,0,fixed_split_train_test,1,0.5422036461942908,0,0.45328177272830983
13251.json,donald-trump,pants-fire,1,fixed_split_train_test,0,0.4929272881762593,1,0.7430105077028297
7545.json,drew-springer,barely-true,1,fixed_split_train_test,1,0.6494682660559618,1,0.502631957058953
4929.json,michele-bachmann,mostly-true,0,fixed_split_train_test,0,0.4476215306924282,1,0.6232807361167183
6239.json,robert-menendez,barely-true,1,fixed_split_train_test,0,0.3909524345957818,1,0.5071657143319851
266.json,hillary-clinton,half-true,0,fixed_split_train_test,0,0.46982855397250084,0,0.378955165331408
8841.json,barack-obama,mostly-true,0,fixed_split_train_test,0,0.3823015697456574,0,0.37106448812419074
6313.json,steve-brown,false,1,fixed_split_train_test,1,0.5160635255073877,1,0.5208709415059899
9550.json,hillary-clinton,barely-true,1,fixed_split_train_test,1,0.5219116006447664,0,0.4526773768824133
9612.json,republican-party-florida,half-true,0,fixed_split_train_test,0,0.440298108038997,0,0.43332606705952
13272.json,national-rifle-association,barely-true,1,fixed_split_train_test,0,0.4962445921195765,1,0.5299125273545857
7562.json,jeb-bush,mostly-true,0,fixed_split_train_test,0,0.26578953288292,0,0.29465038583636544
3121.json,david-dewhurst,half-true,0,fixed_split_train_test,0,0.36389304537597794,0,0.4339577869016588
9578.json,jeff-flake,false,1,fixed_split_train_test,0,0.39538167201999785,0,0.38867733126667686
4553.json,committee-our-childrens-future,half-true,0,fixed_split_train_test,0,0.39564755455381617,0,0.3336048017962463
2356.json,steven-costantino,mostly-true,0,fixed_split_train_test,1,0.5147866276661257,1,0.5279068054373675
3453.json,hank-johnson,half-true,0,fixed_split_train_test,0,0.38876046777507517,0,0.42543519339206576
1066.json,michele-bachmann,pants-fire,1,fixed_split_train_test,1,0.5484608351094516,1,0.5599870351126944
2092.json,russell-pearce,pants-fire,1,fixed_split_train_test,0,0.3586446550604708,0,0.42356653157728524
7442.json,barack-obama,barely-true,1,fixed_split_train_test,1,0.5948700436797193,0,0.396733802124735
9910.json,chris-matthews,barely-true,1,fixed_split_train_test,1,0.6761625861712396,1,0.5721790447133445
11083.json,carlos-curbelo,true,0,fixed_split_train_test,1,0.6036562183402949,1,0.5629225639665563
11443.json,steven-costantino,false,1,fixed_split_train_test,1,0.5396873587607822,0,0.4799465245014071
11539.json,ezekiel-emanuel,half-true,0,fixed_split_train_test,0,0.38374352910259196,0,0.4375552461116413
2966.json,sherrod-brown,false,1,fixed_split_train_test,1,0.5061537981229968,0,0.43556436621276395
13367.json,patrick-murphy,mostly-true,0,fixed_split_train_test,0,0.42953684500605727,0,0.41298083535488467
1087.json,joe-biden,mostly-true,0,fixed_split_train_test,0,0.35319758933006695,0,0.31340179793699097
267.json,bill-richardson,true,0,fixed_split_train_test,0,0.4275825211376447,0,0.42722089648855693
4272.json,lloyd-doggett,true,0,fixed_split_train_test,0,0.3574593188265115,0,0.3601735682705721
8849.json,ian-prior,half-true,0,fixed_split_train_test,0,0.3706851397542521,0,0.4306709005974465
12542.json,priorities-usa-action,half-true,0,fixed_split_train_test,0,0.3571168324869706,0,0.4203877226519094
8372.json,david-pennington,barely-true,1,fixed_split_train_test,0,0.4305291441603674,0,0.40177912658183706
3518.json,tim-pawlenty,mostly-true,0,fixed_split_train_test,0,0.28411899367616505,0,0.36082061635719115
8340.json,ted-cruz,false,1,fixed_split_train_test,0,0.43589381024573126,1,0.5615933397831161
10218.json,friends-india-point-park,half-true,0,fixed_split_train_test,0,0.46772904977087015,0,0.4149890876951771
12698.json,reince-priebus,false,1,fixed_split_train_test,1,0.5558112934992979,0,0.4999553567826049
2357.json,scott-walker,false,1,fixed_split_train_test,1,0.5509935233273994,1,0.586633412529439
7823.json,barbara-buono,half-true,0,fixed_split_train_test,0,0.41016566938606985,0,0.34320405915820684
12541.json,donald-trump,barely-true,1,fixed_split_train_test,1,0.5750700127577023,1,0.8746083984378841
2854.json,carole-smith,pants-fire,1,fixed_split_train_test,0,0.334883945209234,0,0.26695191604311114
4719.json,H204TEXAS-PAC,half-true,0,fixed_split_train_test,0,0.39627375388219427,0,0.3982905483285964
2072.json,david-cicilline,true,0,fixed_split_train_test,0,0.38302702617222567,0,0.33887077501787416
2885.json,bill-nelson,false,1,fixed_split_train_test,1,0.6725692766432999,1,0.542757756950094
13334.json,gerald-daugherty,half-true,0,fixed_split_train_test,0,0.44416095282599377,0,0.4431129352315714
4820.json,facebook-posts,half-true,0,fixed_split_train_test,0,0.33595301861199334,0,0.41094793302010624
12309.json,paul-ryan,barely-true,1,fixed_split_train_test,0,0.45726710129391274,0,0.43201874935518797
1420.json,debra-medina,mostly-true,0,fixed_split_train_test,0,0.41308110368651824,0,0.4155457483808827
8761.json,facebook-posts,false,1,fixed_split_train_test,0,0.41538415904598514,1,0.557553158833687
2491.json,dave-yost,true,0,fixed_split_train_test,1,0.5494779887014022,1,0.502624691363212
1075.json,democratic-national-committee,barely-true,1,fixed_split_train_test,1,0.5476508657078305,0,0.49372616096663113
9762.json,bob-donovan,true,0,fixed_split_train_test,0,0.3203331726302471,0,0.39393965987733226
5935.json,brett-bittner,barely-true,1,fixed_split_train_test,0,0.3805058085992876,0,0.42623023557194883
2821.json,george-allen,pants-fire,1,fixed_split_train_test,1,0.547418746199142,1,0.5676143488249522
6370.json,julian-castro,true,0,fixed_split_train_test,0,0.24274197176280096,0,0.21212356091558549
3706.json,mike-bennett,pants-fire,1,fixed_split_train_test,1,0.5267803323529172,0,0.4715266868293693
10163.json,james-carr,true,0,fixed_split_train_test,0,0.36635512325409897,0,0.395940545868828
2796.json,safe-routes-schools,false,1,fixed_split_train_test,0,0.42685474257293093,0,0.42814184845515063
6083.json,rick-scott,barely-true,1,fixed_split_train_test,0,0.3894127414305445,0,0.3774741585873597
5913.json,conservative-renewal-pac,barely-true,1,fixed_split_train_test,0,0.4754433254650857,1,0.577000905528772
934.json,barack-obama,true,0,fixed_split_train_test,0,0.449950839464355,0,0.4170795126520072
2162.json,kasim-reed,barely-true,1,fixed_split_train_test,0,0.4073366102797094,0,0.29955030820770817
3161.json,rachel-maddow,mostly-true,0,fixed_split_train_test,0,0.3256669087234674,0,0.39534220951324706
2679.json,charlie-crist,true,0,fixed_split_train_test,0,0.43626620134695426,0,0.3963128584395231
8929.json,mark-pocan,true,0,fixed_split_train_test,0,0.4805747348698843,1,0.5301537179894394
10040.json,bill-oreilly,half-true,0,fixed_split_train_test,0,0.49990702031383355,0,0.4423014593124319
12398.json,priorities-usa-action,pants-fire,1,fixed_split_train_test,0,0.4420453088642744,0,0.4130585180680223
2690.json,kendrick-meek,pants-fire,1,fixed_split_train_test,0,0.3913431482794056,0,0.4401307647890769
8667.json,bob-schieffer,true,0,fixed_split_train_test,0,0.4413702064363929,0,0.4156505322966623
8941.json,wolf-blitzer,true,0,fixed_split_train_test,1,0.5397962830286562,1,0.5405105334669671
6821.json,chris-christie,pants-fire,1,fixed_split_train_test,1,0.5004942594991989,0,0.47178751751891
10631.json,william-obrien,false,1,fixed_split_train_test,1,0.556841724084654,1,0.500219176506532
6579.json,nikki-haley,half-true,0,fixed_split_train_test,1,0.6421275227924633,0,0.46763380777152797
11400.json,league-conservation-voters,mostly-true,0,fixed_split_train_test,1,0.588579108344521,1,0.515653895782961
3228.json,cenk-uygur,true,0,fixed_split_train_test,1,0.6432836356096664,1,0.6014704382464068
9746.json,mark-emmert,half-true,0,fixed_split_train_test,0,0.3407141620304903,0,0.38431239518522703
1915.json,donna-campbell,false,1,fixed_split_train_test,0,0.4026535772202549,0,0.44905608400253166
12456.json,pat-toomey,barely-true,1,fixed_split_train_test,0,0.4588100670181459,0,0.41959048415027267
4856.json,democratic-national-committee,half-true,0,fixed_split_train_test,0,0.3679687439468642,0,0.35439473236225494
4698.json,americans-prosperity-new-jersey,false,1,fixed_split_train_test,0,0.44116224890137273,0,0.42839904555625785
2585.json,christine-odonnell,barely-true,1,fixed_split_train_test,1,0.5162565724391748,0,0.48364026473027083
6604.json,crossroads-gps,barely-true,1,fixed_split_train_test,0,0.3857337737473043,0,0.43363462527039254
4495.json,michele-bachmann,pants-fire,1,fixed_split_train_test,0,0.3819702595784576,0,0.45433903743738974
8406.json,ted-cruz,barely-true,1,fixed_split_train_test,1,0.5483860806031151,1,0.6974889216424991
10147.json,jason-carter,false,1,fixed_split_train_test,1,0.5294121059857242,0,0.4117197002330244
10623.json,mark-pocan,mostly-true,0,fixed_split_train_test,0,0.47041746663598,0,0.47074956237147625
2277.json,roy-barnes,half-true,0,fixed_split_train_test,1,0.832649992141705,1,0.8039359744489575
8146.json,al-sharpton,mostly-true,0,fixed_split_train_test,0,0.43991559554570037,0,0.4531723341448284
6026.json,scott-walker,half-true,0,fixed_split_train_test,1,0.5011840885432272,0,0.49476386966886665
13056.json,national-republican-congressional-committee,true,0,fixed_split_train_test,0,0.38562230538051445,0,0.44963337247779067
1103.json,glenn-beck,pants-fire,1,fixed_split_train_test,0,0.4390463795316278,1,0.511239939542897
4444.json,gail-collins,mostly-true,0,fixed_split_train_test,0,0.41479630743367435,0,0.4640020081222702
9269.json,matt-bevin,false,1,fixed_split_train_test,0,0.49057121973471385,0,0.43343537230176665
4105.json,shelly-moore,pants-fire,1,fixed_split_train_test,1,0.52167862335093,1,0.5115158719413725
8533.json,frank-fahrenkopf,barely-true,1,fixed_split_train_test,0,0.4581254115926681,0,0.4077433913193417
6950.json,connie-mack,mostly-true,0,fixed_split_train_test,0,0.38341033223680454,0,0.49009482684171707
13125.json,donald-trump,barely-true,1,fixed_split_train_test,0,0.42728433931327636,1,0.6304073864055855
8294.json,nan-rich,mostly-true,0,fixed_split_train_test,1,0.518494782929645,0,0.47468395322690377
9908.json,mike-wise,mostly-true,0,fixed_split_train_test,0,0.4944635513495124,0,0.36689150772045875
12424.json,todd-wilcox,false,1,fixed_split_train_test,1,0.5329683782933404,0,0.4485569479373499
4309.json,democratic-party-virginia,false,1,fixed_split_train_test,0,0.43302609914726203,0,0.4216197178049701
110.json,fred-thompson,false,1,fixed_split_train_test,1,0.5724693259429264,0,0.4559237300762017
7677.json,ohio-public-defenders-office,mostly-true,0,fixed_split_train_test,1,0.55844271290902,0,0.42607005689665106
4780.json,jim-webb,true,0,fixed_split_train_test,0,0.34266166531027187,0,0.3249288520655009
715.json,sarah-palin,false,1,fixed_split_train_test,1,0.5708193983033327,1,0.570605559825972
3107.json,dean-cannon,true,0,fixed_split_train_test,0,0.3152747581897456,0,0.34405212933940044
7565.json,steve-latourette,mostly-true,0,fixed_split_train_test,0,0.41148800751312353,0,0.3845128944806666
8606.json,ron-johnson,half-true,0,fixed_split_train_test,1,0.6216349584168439,1,0.7346852420716405
3869.json,chris-christie,half-true,0,fixed_split_train_test,1,0.63289892092171,1,0.6060629172384495
10948.json,occupy-democrats,false,1,fixed_split_train_test,1,0.6050005663703788,1,0.5842957304317836
12210.json,dan-forest,false,1,fixed_split_train_test,0,0.42943498780915834,0,0.3831942687661627
4119.json,barack-obama,mostly-true,0,fixed_split_train_test,0,0.41196528852948355,0,0.30604532884504676
7272.json,hank-johnson,barely-true,1,fixed_split_train_test,0,0.46320476164801044,0,0.48274248429911887
12236.json,hillary-clinton,half-true,0,fixed_split_train_test,0,0.315602004691517,0,0.2553466376530593
4016.json,alberta-darling,false,1,fixed_split_train_test,1,0.550516950725606,0,0.42611833795991017
6765.json,joaquin-castro,true,0,fixed_split_train_test,0,0.45516262559409837,0,0.458257429507858
11867.json,ted-cruz,false,1,fixed_split_train_test,1,0.6276485907281032,1,0.7145985414696372
11777.json,paul-ryan,true,0,fixed_split_train_test,0,0.4543261465646966,0,0.4170720840824385
9051.json,chain-email,pants-fire,1,fixed_split_train_test,1,0.5068842125733363,1,0.7041597922516368
4243.json,jon-huntsman,mostly-true,0,fixed_split_train_test,0,0.46706545257355025,0,0.37719796831749436
7818.json,carolyn-tomei,mostly-true,0,fixed_split_train_test,0,0.33641658888286885,0,0.33698146139670543
10871.json,gina-hinojosa,half-true,0,fixed_split_train_test,0,0.35793613674443336,0,0.3405557445290232
4710.json,john-lee,half-true,0,fixed_split_train_test,0,0.2807526713374575,0,0.3120338763030692
9507.json,steve-doocy,pants-fire,1,fixed_split_train_test,1,0.55974883672163,1,0.5370817895793132
11324.json,dale-kooyenga,mostly-true,0,fixed_split_train_test,0,0.433630454183165,0,0.39134241822457894
6046.json,jim-renacci,false,1,fixed_split_train_test,1,0.6113324022177964,1,0.5523591574243596
8434.json,mark-obenshain,barely-true,1,fixed_split_train_test,1,0.6298563263017573,0,0.4878553856949733
3637.json,donald-trump,mostly-true,0,fixed_split_train_test,0,0.32708475489474276,1,0.6787950250815095
7744.json,george-lavender,mostly-true,0,fixed_split_train_test,1,0.6324780577999624,0,0.49187010076272863
2897.json,lee-holloway,barely-true,1,fixed_split_train_test,0,0.47929090251318074,0,0.46887222141248563
6060.json,jeanne-shaheen,barely-true,1,fixed_split_train_test,0,0.3637193176944413,0,0.3766167498173055
603.json,john-mccain,false,1,fixed_split_train_test,0,0.36364631091428656,0,0.39909366169260885
11545.json,bernie-s,mostly-true,0,fixed_split_train_test,0,0.3513785624535869,0,0.2652876919812788
10448.json,florida-chamber-commerce,half-true,0,fixed_split_train_test,0,0.36792771598633545,0,0.395427707500825
5461.json,newt-gingrich,true,0,fixed_split_train_test,0,0.4567588028596707,1,0.5061820411995319
6684.json,its-still-bad-idea,pants-fire,1,fixed_split_train_test,0,0.3814351497003416,0,0.3614747939799042
450.json,hillary-clinton,barely-true,1,fixed_split_train_test,1,0.5691051321204976,0,0.43443803596303093
769.json,sarah-palin,true,0,fixed_split_train_test,1,0.5209936447331462,0,0.4989640990942595
6425.json,eric-hovde,half-true,0,fixed_split_train_test,0,0.45231176194682887,0,0.49622590794485866
502.json,barack-obama,true,0,fixed_split_train_test,0,0.35955642091565077,0,0.3173360465485359
11711.json,donald-trump,true,0,fixed_split_train_test,1,0.5516780726369285,1,0.7499278077557233
5470.json,heather-fiorentino,true,0,fixed_split_train_test,0,0.32362662056585656,0,0.33390800968986006
8869.json,scott-surovell,mostly-true,0,fixed_split_train_test,0,0.3819929180435671,0,0.3049521624417659
8159.json,wendy-davis,half-true,0,fixed_split_train_test,0,0.45139323915241214,0,0.4006795396612223
6884.json,american-crossroads,half-true,0,fixed_split_train_test,0,0.45562579951094095,1,0.525449234920729
10250.json,david-hallock,false,1,fixed_split_train_test,1,0.5705327234127577,0,0.47665176908797524
10757.json,marco-rubio,false,1,fixed_split_train_test,0,0.41973782514593205,0,0.4516856143032304
8320.json,charlie-crist,mostly-true,0,fixed_split_train_test,0,0.35814798375944207,0,0.3250539043247758
5472.json,red-white-and-blue-fund,false,1,fixed_split_train_test,0,0.33838500444516656,0,0.41550919941540093
5505.json,lenny-curry,true,0,fixed_split_train_test,0,0.4616630918903512,0,0.40278320185359334
12427.json,job-itkzkowitz,mostly-true,0,fixed_split_train_test,0,0.42861573777533285,0,0.36549826243107686
11464.json,viral-image,barely-true,1,fixed_split_train_test,0,0.44052638089500684,0,0.49035946448863776
11778.json,donald-trump,barely-true,1,fixed_split_train_test,0,0.3717985995387613,1,0.7158226544913133
12961.json,reince-priebus,false,1,fixed_split_train_test,0,0.44788933454297336,0,0.4874023525373201
10269.json,facebook-posts,barely-true,1,fixed_split_train_test,0,0.4943736565714785,1,0.5769598499575194
2833.json,rick-perry,half-true,0,fixed_split_train_test,0,0.3941985016593638,0,0.3210660362873826
6110.json,rick-perry,half-true,0,fixed_split_train_test,1,0.6316895274862215,1,0.5977577345619949
13400.json,eric-greitens,barely-true,1,fixed_split_train_test,1,0.5148560713473177,0,0.4606445853962956
1251.json,jay-rockefeller,true,0,fixed_split_train_test,1,0.5655264260432289,1,0.5699819107237362
6112.json,jeff-merkley,mostly-true,0,fixed_split_train_test,0,0.27723003058549983,0,0.2588620318938819
6431.json,jay-carney,false,1,fixed_split_train_test,0,0.47281385681021826,0,0.46287867642144215
2615.json,rob-portman,false,1,fixed_split_train_test,0,0.3661766169699726,0,0.3655364565700927
3709.json,robert-watson,false,1,fixed_split_train_test,1,0.5848103280667609,1,0.5798037747480097
2652.json,kathie-glass,pants-fire,1,fixed_split_train_test,0,0.44408673530838094,0,0.46763742746590126
9146.json,linda-finn,mostly-true,0,fixed_split_train_test,0,0.4118738545530065,0,0.37072727516436416
184.json,barack-obama,false,1,fixed_split_train_test,0,0.3865302244649627,0,0.3135041041939442
11764.json,state-democratic-party-wisconsin,pants-fire,1,fixed_split_train_test,0,0.3369525808625083,0,0.4508345556161656
7692.json,dan-patrick,mostly-true,0,fixed_split_train_test,0,0.4356850079601194,0,0.44841852885959343
7876.json,chain-email,pants-fire,1,fixed_split_train_test,1,0.5040441520576742,1,0.7361973140105017
5171.json,rick-santorum,false,1,fixed_split_train_test,0,0.4848070208450311,1,0.5243166084299747
12950.json,independent-voice-illinois-pac,barely-true,1,fixed_split_train_test,0,0.4543467798977561,0,0.46789934398073457
11185.json,carly-fiorina,barely-true,1,fixed_split_train_test,0,0.41151991445380065,0,0.4222402730564964
2412.json,republican-party-florida,false,1,fixed_split_train_test,1,0.5661191945762237,1,0.5325550027292754
3215.json,scott-suder,pants-fire,1,fixed_split_train_test,1,0.5202897164239475,1,0.6017053401385654
948.json,john-boehner,true,0,fixed_split_train_test,1,0.5546691952515195,1,0.5472934793836237
11766.json,wendy-davis,half-true,0,fixed_split_train_test,0,0.4916355621500078,0,0.4121633400225472
592.json,john-mccain,barely-true,1,fixed_split_train_test,0,0.4254995609110015,1,0.5277426098973117
5732.json,mitt-romney,barely-true,1,fixed_split_train_test,1,0.6044195000978159,1,0.5024794796344323
12745.json,donald-trump,half-true,0,fixed_split_train_test,0,0.2996415239307453,1,0.5742364075099564
5017.json,john-boehner,barely-true,1,fixed_split_train_test,1,0.7535423902735129,1,0.7003843915253466
12331.json,enterprise-florida,barely-true,1,fixed_split_train_test,0,0.44725719559421706,0,0.40867172473873736
10424.json,barack-obama,mostly-true,0,fixed_split_train_test,0,0.4569214424494647,0,0.3622471698925756
9091.json,facebook-posts,false,1,fixed_split_train_test,0,0.42064256944157596,1,0.5175891757616831
2547.json,lloyd-doggett,true,0,fixed_split_train_test,1,0.5910164889267979,1,0.5448513467723956
12571.json,paul-ryan,mostly-true,0,fixed_split_train_test,0,0.4691550860818342,0,0.39656955788123893
7810.json,rick-scott,mostly-true,0,fixed_split_train_test,0,0.3714719274597363,0,0.40105758111736944
10935.json,motion-picture-association-america,mostly-true,0,fixed_split_train_test,0,0.26811226623280343,0,0.273246337644389
8433.json,milly-silva,mostly-true,0,fixed_split_train_test,0,0.3578363575874928,0,0.3480311499341067
7087.json,robin-vos,mostly-true,0,fixed_split_train_test,0,0.346713453425692,0,0.358171163136074
1025.json,michele-bachmann,false,1,fixed_split_train_test,0,0.4389477879437478,0,0.49088788695182745
6386.json,democratic-congressional-campaign-committee,barely-true,1,fixed_split_train_test,0,0.42486691944663085,1,0.533483322202456
2844.json,jeff-scrima,half-true,0,fixed_split_train_test,0,0.41904021306536554,0,0.4032416251419513
2392.json,george-will,barely-true,1,fixed_split_train_test,0,0.4439639117797015,0,0.3902639797099946
4708.json,nina-turner,true,0,fixed_split_train_test,1,0.5327907348022848,0,0.41588572500282084
8676.json,florida-democratic-party,barely-true,1,fixed_split_train_test,0,0.4711765220099375,0,0.46116133129758047
8809.json,jason-carter,true,0,fixed_split_train_test,0,0.29825170469656853,0,0.2967489700344308
4095.json,barack-obama,mostly-true,0,fixed_split_train_test,0,0.40159074327468214,0,0.2680609097987907
13102.json,hillary-clinton,half-true,0,fixed_split_train_test,1,0.6021936665630787,0,0.3871237985401098
12167.json,bernie-s,barely-true,1,fixed_split_train_test,1,0.5213136524826629,0,0.4301035211483317
2876.json,john-kasich,mostly-true,0,fixed_split_train_test,0,0.31651593751558593,0,0.2871770653875368
4769.json,john-birch-society,half-true,0,fixed_split_train_test,1,0.5201734266765543,1,0.5105279654675176
1760.json,rick-perry,barely-true,1,fixed_split_train_test,0,0.3673773933449839,0,0.38750742026388435
12943.json,donald-trump,half-true,0,fixed_split_train_test,1,0.5128153573125566,1,0.6979338850258517
6513.json,special-operations-opsec-education-fund,false,1,fixed_split_train_test,1,0.5264286118727507,1,0.5087845059781607
7780.json,barack-obama,barely-true,1,fixed_split_train_test,0,0.43897340014325115,0,0.2766424100139098
7418.json,jon-bramnick,mostly-true,0,fixed_split_train_test,1,0.5428002177727617,0,0.4899804815302091
2777.json,michael-bloomberg,mostly-true,0,fixed_split_train_test,0,0.2998408437367766,0,0.3241092400500568
8853.json,rand-paul,false,1,fixed_split_train_test,1,0.5935440937267241,0,0.456301337092275
7758.json,bill-richardson,mostly-true,0,fixed_split_train_test,0,0.4886154246695187,0,0.4410380775420267
11796.json,donald-trump,half-true,0,fixed_split_train_test,1,0.511778048170194,1,0.5957675209197647
11573.json,hillary-clinton,half-true,0,fixed_split_train_test,0,0.3837581438050202,0,0.33651197974376246
9521.json,ted-cruz,half-true,0,fixed_split_train_test,0,0.4202813757905317,1,0.577732854778763
10208.json,anna-kooiman,barely-true,1,fixed_split_train_test,1,0.5240620578921557,0,0.42051870063900654
5756.json,barack-obama,half-true,0,fixed_split_train_test,0,0.37214647917047494,0,0.3086275075385599
1569.json,george-will,mostly-true,0,fixed_split_train_test,0,0.34039153640233605,0,0.3564936970864139
11805.json,virginia-center-public-safety,true,0,fixed_split_train_test,0,0.2827923414820285,0,0.31407395700013935
805.json,john-mccain,mostly-true,0,fixed_split_train_test,0,0.46911964176119236,0,0.42036608858544483
8030.json,tweets,barely-true,1,fixed_split_train_test,0,0.3356550170404329,0,0.40763661260307926
7678.json,clean-water-portland,false,1,fixed_split_train_test,0,0.42905845077632976,0,0.4456040171836375
139.json,tom-tancredo,mostly-true,0,fixed_split_train_test,1,0.5633791795771086,1,0.577143998664268
7271.json,john-kitzhaber,true,0,fixed_split_train_test,0,0.4824566266121122,0,0.39722961974222676
11409.json,dave-brat,false,1,fixed_split_train_test,0,0.3883094064804513,0,0.391286436512991
688.json,fred-thompson,false,1,fixed_split_train_test,0,0.4068795639500469,0,0.388478626918347
3726.json,one-wisconsin-now,mostly-true,0,fixed_split_train_test,0,0.4185719361325297,0,0.3917233192687657
7461.json,arne-duncan,barely-true,1,fixed_split_train_test,0,0.36795306096676567,0,0.36339408952085983
5363.json,us-chamber-commerce,false,1,fixed_split_train_test,1,0.5857312024698422,1,0.586612682733215
9942.json,george-will,true,0,fixed_split_train_test,1,0.5704913369236732,0,0.4167527825098924
3575.json,scott-walker,true,0,fixed_split_train_test,1,0.5626291898705242,1,0.540309063367642
2205.json,gen-peter-chiarelli,true,0,fixed_split_train_test,0,0.40734597019996743,0,0.42502820321860635
7552.json,jeff-mullis,mostly-true,0,fixed_split_train_test,0,0.42613363715174907,0,0.37926733279922886
7135.json,association-mature-american-citizens,pants-fire,1,fixed_split_train_test,0,0.49479741633562113,1,0.5189655612941335
384.json,votevetsorg,true,0,fixed_split_train_test,0,0.45761638398806886,0,0.4365382737846396
13007.json,sean-hannity,true,0,fixed_split_train_test,0,0.38915278997170605,0,0.48020659860611603
12994.json,hilary-rosen,mostly-true,0,fixed_split_train_test,0,0.49069488580313736,0,0.4538551713751922
3436.json,matt-gaetz,false,1,fixed_split_train_test,0,0.4692433809536932,1,0.5157399925527966
5810.json,citizens-transportation-mobility,mostly-true,0,fixed_split_train_test,0,0.3421385693307716,0,0.3659770068079718
6141.json,tommy-thompson,pants-fire,1,fixed_split_train_test,1,0.591569981679721,1,0.6364653130791346
6.json,chris-dodd,half-true,0,fixed_split_train_test,0,0.4454720774675507,0,0.42610299842109983
9891.json,ted-cruz,half-true,0,fixed_split_train_test,1,0.5407003437983227,1,0.6363375692939127
1971.json,john-albers,false,1,fixed_split_train_test,0,0.4147145984838869,0,0.4357118664130034
7008.json,mitt-romney,mostly-true,0,fixed_split_train_test,0,0.45764710788239493,0,0.35522420808326977
8963.json,matt-bevin,pants-fire,1,fixed_split_train_test,1,0.6127602102187826,0,0.49402553797243587
13040.json,russ-feingold,half-true,0,fixed_split_train_test,0,0.4627501729470728,0,0.4686755338025008
8151.json,rand-paul,false,1,fixed_split_train_test,0,0.3475863697231054,0,0.33165310808480697
6236.json,eric-hovde,barely-true,1,fixed_split_train_test,0,0.3134394503604674,0,0.36492425671500456
6974.json,tennessee-republican-party,false,1,fixed_split_train_test,0,0.47849203284924996,1,0.5717446513937151
6879.json,josh-mandel,barely-true,1,fixed_split_train_test,1,0.5176130404592834,1,0.5422328521118603
11639.json,jeb-bush,mostly-true,0,fixed_split_train_test,0,0.4095011661830501,0,0.4318170490934818
9343.json,dick-cheney,barely-true,1,fixed_split_train_test,1,0.5114397610599579,1,0.6226224446862483
422.json,hillary-clinton,half-true,0,fixed_split_train_test,0,0.4371367664442062,0,0.38280589604216386
1448.json,barack-obama,half-true,0,fixed_split_train_test,0,0.4553439578735845,0,0.3946237572595465
737.json,barack-obama,false,1,fixed_split_train_test,1,0.5407821613234823,0,0.49115076828556353
10516.json,dave-claunch,mostly-true,0,fixed_split_train_test,0,0.30708419279675775,0,0.34875913344424986
4750.json,allen-west,false,1,fixed_split_train_test,1,0.5653108137263283,1,0.6268524477158472
8604.json,chain-email,false,1,fixed_split_train_test,1,0.5140057646443812,1,0.7828841554602944
729.json,john-mccain,half-true,0,fixed_split_train_test,1,0.504212486340466,0,0.46259143456130436
12702.json,mike-cernovich,pants-fire,1,fixed_split_train_test,1,0.6270676985818346,0,0.48189164577692567
8901.json,van-jones,true,0,fixed_split_train_test,1,0.6295471283431758,1,0.5735970057053672
11546.json,richard-paglia,half-true,0,fixed_split_train_test,0,0.31977357903131165,0,0.38608743908892085
1353.json,john-murtha,barely-true,1,fixed_split_train_test,0,0.3828474702548712,0,0.42241778423725984
5938.json,mark-neumann,false,1,fixed_split_train_test,1,0.5161740514147916,1,0.5381872962533617
12158.json,rick-scott,barely-true,1,fixed_split_train_test,0,0.49666262271020145,0,0.44884698510555743
656.json,joe-biden,mostly-true,0,fixed_split_train_test,0,0.4982927152452223,0,0.42899729422936855
10085.json,larry-pressler,false,1,fixed_split_train_test,0,0.39344038204899834,0,0.4420379242011437
5824.json,jennifer-carroll,false,1,fixed_split_train_test,1,0.6126137612916047,1,0.5337011025249401
5753.json,lisa-tomasso,true,0,fixed_split_train_test,0,0.3797581356131776,0,0.39847202386474434
5512.json,stephen-laffey,false,1,fixed_split_train_test,0,0.4810243009814244,0,0.38931038269006735
125.json,mitt-romney,mostly-true,0,fixed_split_train_test,0,0.47308440339795177,0,0.4744832192733496
6010.json,lenny-curry,half-true,0,fixed_split_train_test,0,0.29991341774986713,0,0.3190248703915056
727.json,john-mccain,mostly-true,0,fixed_split_train_test,0,0.3720363018125595,0,0.4545623162138114
42.json,rudy-giuliani,barely-true,1,fixed_split_train_test,0,0.360219168616103,0,0.35727353894562164
8511.json,sid-covington,half-true,0,fixed_split_train_test,1,0.7207193050550227,1,0.5757000808981985
6262.json,democratic-congressional-campaign-committee,pants-fire,1,fixed_split_train_test,1,0.7452836265741878,1,0.7016544313633917
9502.json,barack-obama,mostly-true,0,fixed_split_train_test,0,0.34432951126069633,0,0.26841145573510417
11351.json,jennifer-shilling,mostly-true,0,fixed_split_train_test,0,0.39196418616568546,0,0.38990235834796083
8558.json,kenneth-block,false,1,fixed_split_train_test,0,0.3235461832756772,0,0.37677988699659865
12084.json,donald-trump,true,0,fixed_split_train_test,1,0.5113603331240748,1,0.8414769261481682
568.json,barack-obama,true,0,fixed_split_train_test,1,0.6116069984061315,0,0.35306583835567423
7537.json,sean-duffy,half-true,0,fixed_split_train_test,0,0.41291652311058313,0,0.40826264896183484
9708.json,rick-perry,pants-fire,1,fixed_split_train_test,0,0.4247291872676018,0,0.472120602196895
7524.json,jamie-radtke,half-true,0,fixed_split_train_test,1,0.522407748800441,0,0.4539925643072351
4537.json,rick-perry,mostly-true,0,fixed_split_train_test,0,0.32015775403981295,0,0.30145759626181234
8549.json,city-austin,barely-true,1,fixed_split_train_test,0,0.3870280855846539,0,0.3857661381645108
11736.json,jeb-bush,half-true,0,fixed_split_train_test,0,0.33914725607039903,0,0.3597876535789932
8062.json,barack-obama,half-true,0,fixed_split_train_test,0,0.4179063940489982,0,0.3468922569311402
3158.json,john-kitzhaber,mostly-true,0,fixed_split_train_test,1,0.5007380146925525,0,0.402659360984416
10794.json,robert-hurt,false,1,fixed_split_train_test,1,0.5619583345662491,1,0.585318282393042
12461.json,blog-posting,true,0,fixed_split_train_test,1,0.5601215159974297,1,0.7022539240964367
8609.json,kurt-schrader,half-true,0,fixed_split_train_test,0,0.4182185748282647,1,0.537010289668055
63.json,chris-dodd,mostly-true,0,fixed_split_train_test,0,0.4372713314543982,0,0.3790434762892618
6560.json,jeb-bush,true,0,fixed_split_train_test,0,0.40978950564753575,0,0.3703862657856283
3546.json,john-boehner,half-true,0,fixed_split_train_test,0,0.45307184052290256,1,0.5200362355429317
3036.json,national-federation-independent-business-wiscons,false,1,fixed_split_train_test,0,0.36771733644911114,0,0.36167973468590114
11910.json,ben-carson,pants-fire,1,fixed_split_train_test,0,0.4115557607859824,1,0.5206952281407744
4101.json,marco-rubio,mostly-true,0,fixed_split_train_test,0,0.4576929170366018,0,0.4397894450670222
10175.json,scott-walker,mostly-true,0,fixed_split_train_test,0,0.4459501394990985,0,0.4971247705167907
4593.json,edd-houck,false,1,fixed_split_train_test,1,0.5000655610638429,0,0.4631024084459608
5985.json,anastasia-williams,false,1,fixed_split_train_test,0,0.47340893472798,0,0.4910419649310321
1881.json,thomas-melsheimer,barely-true,1,fixed_split_train_test,0,0.3002560452064392,0,0.3610519336981725
204.json,mitt-romney,false,1,fixed_split_train_test,0,0.4340298186565184,0,0.4065467348361814
10091.json,Rhode_Island_Catholic,true,0,fixed_split_train_test,0,0.39658479035552646,0,0.4287561822720471
1409.json,kay-bailey-hutchison,false,1,fixed_split_train_test,0,0.42345194218010557,0,0.4546856572474478
2769.json,childrens-healthcare-atlanta,true,0,fixed_split_train_test,0,0.3511090685616911,0,0.35582122178746933
2600.json,betty-sutton,mostly-true,0,fixed_split_train_test,0,0.4505302570972873,0,0.48509817862301247
4822.json,rebecca-kleefisch,half-true,0,fixed_split_train_test,0,0.4552299288113858,0,0.44313004228508185
5536.json,stephen-sweeney,half-true,0,fixed_split_train_test,0,0.4582443152728766,1,0.5008778341568019
2911.json,dennis-kucinich,false,1,fixed_split_train_test,0,0.4989592563588179,0,0.3777173736134576
12787.json,donald-trump,half-true,0,fixed_split_train_test,0,0.4872950734848416,1,0.6832506858641643
2442.json,delia-lopez,pants-fire,1,fixed_split_train_test,1,0.5096469959481182,0,0.4897608114663383
3489.json,greater-wisconsin-political-fund,barely-true,1,fixed_split_train_test,0,0.4996879620466171,0,0.46547245992858594
12006.json,paul-ryan,false,1,fixed_split_train_test,0,0.44500748037355164,0,0.45063672902248975
9109.json,ed-schultz,barely-true,1,fixed_split_train_test,0,0.4977228331278084,0,0.4226109160892364
12661.json,cory-booker,mostly-true,0,fixed_split_train_test,0,0.45968696752024746,0,0.3731926450193074
6447.json,gail-collins,half-true,0,fixed_split_train_test,1,0.5899359777602134,1,0.5447230456851823
2983.json,sam-adams,true,0,fixed_split_train_test,0,0.3690516909032057,0,0.3234077816185896
13467.json,political-insider,pants-fire,1,fixed_split_train_test,1,0.6464133848254857,1,0.5220029575537146
921.json,barack-obama,false,1,fixed_split_train_test,1,0.5225806766140568,0,0.403041359716754
9141.json,charles-krauthammer,barely-true,1,fixed_split_train_test,0,0.45505081761939037,1,0.5003818778496233
12648.json,freedom-partners-action-fund,barely-true,1,fixed_split_train_test,1,0.545339266796541,0,0.4968009082376451
3674.json,troy-fraser,pants-fire,1,fixed_split_train_test,0,0.403872999609002,0,0.43509409808953287
6577.json,scott-walker,half-true,0,fixed_split_train_test,0,0.4007161643659301,0,0.40647547624808505
8240.json,james-oneil,false,1,fixed_split_train_test,0,0.4921473912167669,0,0.4923547450524554
9405.json,rick-scott,mostly-true,0,fixed_split_train_test,0,0.3551738361494719,0,0.3852013741206214
1892.json,john-boehner,true,0,fixed_split_train_test,0,0.45505019877597086,0,0.44367513326073954
2754.json,john-boccieri,half-true,0,fixed_split_train_test,0,0.45872670132811044,0,0.4206810256207666
31.json,tommy-thompson,true,0,fixed_split_train_test,0,0.46819676003584726,0,0.38926078708611883
4711.json,lloyd-doggett,mostly-true,0,fixed_split_train_test,0,0.29465164798368587,0,0.3156697576887993
664.json,hillary-clinton,false,1,fixed_split_train_test,0,0.4058345492202766,0,0.34756910201334307
1199.json,national-right-life-committee,true,0,fixed_split_train_test,1,0.5421222544383446,1,0.5400264436396456
11865.json,adrian-garcia,barely-true,1,fixed_split_train_test,0,0.4780741286365064,0,0.41785265524997084
87.json,barack-obama,true,0,fixed_split_train_test,0,0.49817137181032306,1,0.5094400238000074
9312.json,rick-santorum,mostly-true,0,fixed_split_train_test,0,0.3483730594798527,0,0.42673760054697235
10638.json,tyrone-brooks,half-true,0,fixed_split_train_test,0,0.4793002515781211,0,0.4610505367902073
3021.json,david-wyss,true,0,fixed_split_train_test,0,0.41136969371099336,0,0.3856023705951592
379.json,hillary-clinton,true,0,fixed_split_train_test,0,0.4430527638009371,0,0.36690407786590834
5272.json,ron-paul,half-true,0,fixed_split_train_test,0,0.4416495028647804,0,0.43238569537800964
683.json,rudy-giuliani,true,0,fixed_split_train_test,1,0.6108446495004205,1,0.5531072119175967
1781.json,linda-chavez-thompson,true,0,fixed_split_train_test,0,0.34598415295631973,0,0.3510640063896854
11687.json,jeb-bush,mostly-true,0,fixed_split_train_test,0,0.43823460525442537,0,0.37430380495407967
2975.json,kay-bailey-hutchison,half-true,0,fixed_split_train_test,0,0.37976256932226504,0,0.46832887669739565
771.json,sarah-palin,barely-true,1,fixed_split_train_test,0,0.41886572167512787,0,0.4113886941101887
3991.json,scott-walker,half-true,0,fixed_split_train_test,0,0.4713385539897751,0,0.46142843131759537
11923.json,hillary-clinton,half-true,0,fixed_split_train_test,0,0.38432290187669926,0,0.3807897280927989
10749.json,gwyneth-paltrow,barely-true,1,fixed_split_train_test,1,0.5787241325655742,0,0.4881675025375817
3946.json,doug-whitsett,half-true,0,fixed_split_train_test,0,0.4758172679567884,1,0.502517223837057
7834.json,mark-pocan,true,0,fixed_split_train_test,0,0.4625384477726689,0,0.39206470579254665
6290.json,ohio-republican-party,half-true,0,fixed_split_train_test,1,0.6136959135167329,1,0.5764970685779879
1477.json,chain-email,false,1,fixed_split_train_test,0,0.49113131376451485,1,0.7811340515831333
10881.json,chris-taylor,mostly-true,0,fixed_split_train_test,1,0.5329493376011482,0,0.4396964170903124
4396.json,george-allen,mostly-true,0,fixed_split_train_test,0,0.49809735760003504,0,0.4539295190698473
6206.json,chris-christie,true,0,fixed_split_train_test,0,0.37400460258960466,0,0.4146954249950399
9970.json,jason-carter,true,0,fixed_split_train_test,0,0.3807175701204978,0,0.3616108461161675
4353.json,sherrod-brown,true,0,fixed_split_train_test,1,0.5356465209420588,0,0.4073143011160181
1394.json,texas-democratic-party,false,1,fixed_split_train_test,1,0.5073673411867125,1,0.534044284688883
7695.json,johnny-isakson,true,0,fixed_split_train_test,0,0.4043945052025128,0,0.35544266055221607
4770.json,mitt-romney,barely-true,1,fixed_split_train_test,1,0.5019960624819391,0,0.4852964542844698
1052.json,john-mccain,true,0,fixed_split_train_test,0,0.370740628030769,0,0.3592962309349009
5249.json,donald-mceachin,false,1,fixed_split_train_test,1,0.500949195810787,0,0.43236666044256716
3700.json,stephen-ucci,false,1,fixed_split_train_test,1,0.6170763588901051,0,0.4862676712797166
8683.json,peter-orszag,true,0,fixed_split_train_test,0,0.3357201812819264,0,0.4416109875267037
12798.json,harry-reid,barely-true,1,fixed_split_train_test,0,0.4515883294203002,1,0.5380543131384278
4838.json,george-lemieux,half-true,0,fixed_split_train_test,0,0.4661966935403416,0,0.47266946455505815
7680.json,dianne-feinstein,mostly-true,0,fixed_split_train_test,0,0.4344393062798821,0,0.38882274848589726
1999.json,charlie-crist,true,0,fixed_split_train_test,0,0.3623087996679597,0,0.3257925261384195
12873.json,viral-image,pants-fire,1,fixed_split_train_test,0,0.353953880223483,1,0.5464586563315188
9683.json,peter-lavelle,pants-fire,1,fixed_split_train_test,1,0.5662064671128045,0,0.4989546304579689
6660.json,barack-obama,mostly-true,0,fixed_split_train_test,0,0.4891323146716891,0,0.3954883121625287
13527.json,reince-priebus,false,1,fixed_split_train_test,1,0.6353435388909222,1,0.6175724062176037
2626.json,edwin-pacheco,false,1,fixed_split_train_test,0,0.4257523199266254,0,0.47208802160668156
2814.json,john-kasich,half-true,0,fixed_split_train_test,0,0.37406216360307304,0,0.4029730652578567
7598.json,john-lewis,half-true,0,fixed_split_train_test,0,0.4578561366575277,0,0.4320828651053033
2746.json,matt-wand,barely-true,1,fixed_split_train_test,1,0.637586015584477,1,0.6551033135023387
12448.json,donald-trump,barely-true,1,fixed_split_train_test,0,0.4305226478408344,1,0.7749620803652197
3232.json,matt-lundy,true,0,fixed_split_train_test,0,0.4072294090080322,0,0.41005206068683714
11226.json,jim-webb,mostly-true,0,fixed_split_train_test,0,0.4239857932757862,0,0.398690370115443
487.json,hillary-clinton,barely-true,1,fixed_split_train_test,1,0.5104023131525925,0,0.3649255217250418
6858.json,dan-sebring,mostly-true,0,fixed_split_train_test,0,0.4340130418995882,0,0.4614236515795485
8701.json,state-democratic-party-wisconsin,false,1,fixed_split_train_test,0,0.4902233881407338,1,0.5398289480165904
10606.json,jeb-bush,barely-true,1,fixed_split_train_test,0,0.2864514586471637,0,0.2921079813532732
9016.json,tom-graves,half-true,0,fixed_split_train_test,0,0.3923041417692481,0,0.4310727337169164
2371.json,john-mccain,barely-true,1,fixed_split_train_test,1,0.5420203777968721,0,0.48704139352169307
12065.json,donald-trump,true,0,fixed_split_train_test,1,0.5988901073188311,1,0.8835298340845971
2362.json,barack-obama,mostly-true,0,fixed_split_train_test,0,0.35391685669720246,0,0.3022632873898203
2868.json,jim-doyle,false,1,fixed_split_train_test,0,0.49531702231873737,0,0.4641149655623974
13305.json,donald-trump,true,0,fixed_split_train_test,1,0.5327653231305277,1,0.7376571265665158
8503.json,jonathan-karl,true,0,fixed_split_train_test,0,0.46601348565973455,0,0.40348186555780385
2428.json,republican-governors-association,half-true,0,fixed_split_train_test,0,0.3130037498040089,0,0.41079209012164225
636.json,barack-obama,true,0,fixed_split_train_test,0,0.4636452102840418,0,0.2835427208041879
5758.json,afscme,barely-true,1,fixed_split_train_test,1,0.6152079727686173,1,0.5173759367902071
2793.json,greg-abbott,mostly-true,0,fixed_split_train_test,0,0.38793651664144685,0,0.45804634263152283
9426.json,john-oliver,true,0,fixed_split_train_test,0,0.4255167778911227,0,0.4134843006531297
5898.json,george-lemieux,barely-true,1,fixed_split_train_test,1,0.6369724634267095,1,0.5490138889106801
11218.json,marco-rubio,mostly-true,0,fixed_split_train_test,0,0.39288039341977493,0,0.4994433113880313
12703.json,unicef,mostly-true,0,fixed_split_train_test,0,0.34845472437520597,0,0.35867557924540394
5462.json,campaign-primary-accountability,false,1,fixed_split_train_test,0,0.46799539938012347,1,0.5104584692362905
1955.json,michael-j-gardiner,pants-fire,1,fixed_split_train_test,1,0.5039380613782583,1,0.5608095036766795
11647.json,george-will,mostly-true,0,fixed_split_train_test,0,0.3742433165575582,0,0.3860256485300795
11139.json,jeb-bush,mostly-true,0,fixed_split_train_test,0,0.3067453470036117,0,0.3141558514755831
1648.json,barack-obama,mostly-true,0,fixed_split_train_test,0,0.3359087009405545,0,0.2911820698558632
5371.json,rick-santorum,false,1,fixed_split_train_test,0,0.36993996165902837,0,0.43906921769180984
4425.json,john-kasich,barely-true,1,fixed_split_train_test,0,0.3606289076410905,0,0.29152680373493434
2498.json,bill-white,mostly-true,0,fixed_split_train_test,0,0.36457307905586567,0,0.3279878108780454
4131.json,brian-kemp,true,0,fixed_split_train_test,0,0.46235283800609656,0,0.4383822144565951
2341.json,mark-neumann,mostly-true,0,fixed_split_train_test,1,0.6112841682051161,1,0.5224057007972907
5551.json,dennis-richardson,half-true,0,fixed_split_train_test,0,0.3237919087673798,0,0.401993119816023
757.json,john-mccain,half-true,0,fixed_split_train_test,0,0.42718978195011753,0,0.44565720817417587
11519.json,tammy-baldwin,true,0,fixed_split_train_test,0,0.3665616450995675,0,0.42430742089431717
5785.json,chain-email,pants-fire,1,fixed_split_train_test,1,0.5342671865124223,1,0.8472287784771136
2284.json,glenn-beck,pants-fire,1,fixed_split_train_test,1,0.6585261472973262,1,0.5081725946689317
12650.json,donald-trump,barely-true,1,fixed_split_train_test,1,0.5302033103478561,1,0.7929565787789944
9480.json,erin-lynch,barely-true,1,fixed_split_train_test,0,0.48385260786866174,0,0.40647779011941493
643.json,joe-biden,half-true,0,fixed_split_train_test,0,0.312305507041544,0,0.31694468833165135
11242.json,nicholas-kristof,true,0,fixed_split_train_test,0,0.31675497554764204,0,0.3582418383372729
7038.json,sherrod-brown,true,0,fixed_split_train_test,0,0.32951028751134603,0,0.3253526659475099
6772.json,Yes-on-79,pants-fire,1,fixed_split_train_test,0,0.37142455253451456,0,0.37934992802138845
7952.json,jeff-sessions,false,1,fixed_split_train_test,0,0.48011074201510573,0,0.44302102427059126
13134.json,hillary-clinton,half-true,0,fixed_split_train_test,0,0.37215647916936206,0,0.326807609175068
2181.json,james-langevin,half-true,0,fixed_split_train_test,0,0.45764562921259416,0,0.4050654507418999
9629.json,john-kerry,mostly-true,0,fixed_split_train_test,0,0.3797101194045049,0,0.4194027677029774
3668.json,richard-saslaw,false,1,fixed_split_train_test,1,0.716894003391499,1,0.592199549630892
11327.json,marco-rubio,mostly-true,0,fixed_split_train_test,0,0.3828965771147972,0,0.3896610247989936
3818.json,adam-hasner,mostly-true,0,fixed_split_train_test,0,0.42765762918027916,0,0.4013472898115473
2218.json,todd-staples,half-true,0,fixed_split_train_test,0,0.45917161507367305,0,0.46951379062010573
11562.json,donald-trump,pants-fire,1,fixed_split_train_test,1,0.5144851746720153,1,0.8129907918642464
9622.json,mitch-mcconnell,true,0,fixed_split_train_test,0,0.3848477217555874,0,0.41104253756833353
9995.json,mary-burke,mostly-true,0,fixed_split_train_test,0,0.420471436471991,0,0.3986655644468688
7344.json,paul-ryan,barely-true,1,fixed_split_train_test,0,0.3732931590691582,0,0.30743341492761517
5840.json,americans-prosperity,false,1,fixed_split_train_test,1,0.588336885876958,1,0.7100791422058235
1576.json,americas-health-insurance-plans,true,0,fixed_split_train_test,0,0.38335783847295124,0,0.4367136022445829
13127.json,hillary-clinton,mostly-true,0,fixed_split_train_test,0,0.3552749190737985,0,0.28927495108835366
12098.json,john-kasich,mostly-true,0,fixed_split_train_test,1,0.5547441349081175,0,0.45377589947067337
12272.json,hillary-clinton,mostly-true,0,fixed_split_train_test,0,0.3910590532646814,0,0.36727939270058274
5993.json,conservative-voters-texas-pac,pants-fire,1,fixed_split_train_test,0,0.492135079694887,0,0.4540323404291864
9285.json,laura-ingraham,false,1,fixed_split_train_test,1,0.5640993277272848,1,0.578327508483598
7165.json,libertarian-party-georgia,half-true,0,fixed_split_train_test,0,0.31989197658552593,0,0.423687256518405
11025.json,maggie-hassan,false,1,fixed_split_train_test,1,0.5298188223711913,1,0.5254093541273315
7577.json,deborah-gist,mostly-true,0,fixed_split_train_test,0,0.4259108353046066,0,0.40449017546282023
2719.json,bill-white,barely-true,1,fixed_split_train_test,0,0.3551342159789309,0,0.35217952755606363
3631.json,kathleen-angelucci,barely-true,1,fixed_split_train_test,1,0.5286065511991056,0,0.45037979718317894
7211.json,john-boehner,false,1,fixed_split_train_test,0,0.3644254644913062,0,0.3713511246166465
1480.json,glenn-beck,barely-true,1,fixed_split_train_test,0,0.379798499930243,0,0.4004822775199226
1512.json,marco-rubio,half-true,0,fixed_split_train_test,1,0.5268857541678617,1,0.5167039756294356
10517.json,nathan-deal,half-true,0,fixed_split_train_test,0,0.25670556765742647,0,0.26770150308265445
5723.json,allen-west,pants-fire,1,fixed_split_train_test,0,0.4861688791736174,1,0.5589139362772962
7378.json,marco-rubio,half-true,0,fixed_split_train_test,1,0.5092712546346236,1,0.5138958087717495
531.json,john-mccain,mostly-true,0,fixed_split_train_test,0,0.371859331817564,0,0.39185225918145455
474.json,barack-obama,barely-true,1,fixed_split_train_test,1,0.5258324284669564,0,0.41130931844998025
2250.json,rick-scott,false,1,fixed_split_train_test,1,0.7796700221002183,1,0.6738487669496956
126.json,joe-biden,mostly-true,0,fixed_split_train_test,0,0.44753092449815696,0,0.3485220878814566
10646.json,juda-engelmayer,pants-fire,1,fixed_split_train_test,0,0.4638471050761384,0,0.45973496197424507
1823.json,chris-matthews,true,0,fixed_split_train_test,1,0.5967151328901311,1,0.5339093235956662
9731.json,rick-scott,barely-true,1,fixed_split_train_test,0,0.41013811949626794,0,0.38882408441409116
9594.json,facebook-posts,pants-fire,1,fixed_split_train_test,1,0.6476504414763579,1,0.7209718896951722
12026.json,jim-kenney,half-true,0,fixed_split_train_test,1,0.6686032096992094,1,0.5187842662079898
5971.json,cory-booker,false,1,fixed_split_train_test,0,0.4006323343104303,0,0.3186840326782017
6857.json,mitt-romney,false,1,fixed_split_train_test,0,0.4673736054920587,1,0.5061680848489375
3112.json,mario-gallegos,half-true,0,fixed_split_train_test,1,0.5260926913782814,0,0.47506001915716134
11832.json,bob,pants-fire,1,fixed_split_train_test,1,0.5274887616837461,0,0.4613535728641227
2337.json,rick-scott,half-true,0,fixed_split_train_test,1,0.5979476180381547,1,0.5615627704848076
10853.json,hillary-clinton,false,1,fixed_split_train_test,0,0.3878035971158766,0,0.3177268929500226
9050.json,dan-pfeiffer,mostly-true,0,fixed_split_train_test,1,0.5608538854645885,0,0.45948377512411853
9427.json,robin-vos,mostly-true,0,fixed_split_train_test,0,0.419376180245063,0,0.3651010657838228
2830.json,paul-krugman,half-true,0,fixed_split_train_test,0,0.44656137112212574,0,0.3901749733488502
9756.json,alison-lundergan-grimes,half-true,0,fixed_split_train_test,0,0.3749901790187419,0,0.4126817401460891
6532.json,barack-obama,mostly-true,0,fixed_split_train_test,0,0.4264599689992712,0,0.26068321406481954
4805.json,kurt-schuller,false,1,fixed_split_train_test,0,0.4741580239143691,1,0.5129429838037624
3648.json,miguel-diaz-de-la-portilla,false,1,fixed_split_train_test,0,0.40588529449271044,0,0.373358280732811
4994.json,newt-gingrich,half-true,0,fixed_split_train_test,1,0.5944316294633595,1,0.6389284506291613
4715.json,democratic-national-committee,half-true,0,fixed_split_train_test,0,0.4369181522877088,0,0.46491557739300227
526.json,john-mccain,barely-true,1,fixed_split_train_test,0,0.4314542840639063,1,0.5243566217101528
8673.json,pam-bondi,true,0,fixed_split_train_test,0,0.49190314449600187,0,0.42415410374839024
9273.json,brian-wilson,pants-fire,1,fixed_split_train_test,1,0.5229702454211634,0,0.4661732868520398
9973.json,emma-watson,half-true,0,fixed_split_train_test,1,0.5221656867646375,0,0.4249330712441376
3.json,bill-richardson,mostly-true,0,fixed_split_train_test,0,0.439890836666213,0,0.421488806576187
9197.json,jim-demint,false,1,fixed_split_train_test,0,0.4952717208198385,1,0.505623120845126
9610.json,jack-kingston,false,1,fixed_split_train_test,1,0.5194457445292758,1,0.5307967283881249
1150.json,orrin-hatch,half-true,0,fixed_split_train_test,0,0.3742262584140616,0,0.4442600636171736
2087.json,dennis-kucinich,true,0,fixed_split_train_test,0,0.43573533191033326,0,0.3264706952434034
7051.json,betty-sutton,half-true,0,fixed_split_train_test,0,0.4883574245734526,1,0.5760316575401899
8035.json,robert-reich,false,1,fixed_split_train_test,0,0.47567937773122587,0,0.4523226451262008
1329.json,ed-rendell,barely-true,1,fixed_split_train_test,1,0.5380550012493281,0,0.49674063900116744
1574.json,americans-united-change,mostly-true,0,fixed_split_train_test,0,0.4256265221844121,1,0.5501910648263498
6745.json,mitt-romney,mostly-true,0,fixed_split_train_test,1,0.5986714692151005,0,0.45560974936912124
4289.json,sam-adams,half-true,0,fixed_split_train_test,0,0.35308066611527095,0,0.40028073911497986
4383.json,dennis-richardson,false,1,fixed_split_train_test,0,0.4519720421252753,0,0.4842252098356593
12089.json,katie-mcginty,mostly-true,0,fixed_split_train_test,0,0.3554073806252033,0,0.35131241131073443
12976.json,sean-hannity,false,1,fixed_split_train_test,0,0.4655118475128531,1,0.5170635320950265
5170.json,lou-greenwald,true,0,fixed_split_train_test,0,0.48950327136625965,0,0.4475184360125848
6976.json,george-allen,true,0,fixed_split_train_test,0,0.403678693438508,0,0.38803221994142817
7838.json,chain-email,pants-fire,1,fixed_split_train_test,1,0.5741189366013163,1,0.8502647748023167
2643.json,scott-walker,false,1,fixed_split_train_test,1,0.5659089182684718,1,0.6063112017385981
1810.json,todd-staples,half-true,0,fixed_split_train_test,0,0.42785117089910607,0,0.41118050941379636
10097.json,Local-799-international-assoc-fire-fighters,pants-fire,1,fixed_split_train_test,1,0.5265662242106137,1,0.5049375097700823
13236.json,tim-kaine,barely-true,1,fixed_split_train_test,0,0.49361606090714616,0,0.39759430343683105
2568.json,doug-ainge,false,1,fixed_split_train_test,0,0.47779490131735364,0,0.46976288900804747
12833.json,dave-brat,false,1,fixed_split_train_test,1,0.5814986552882874,0,0.4903194985154791
1894.json,donna-brazile,half-true,0,fixed_split_train_test,0,0.4151279420613324,0,0.3296636925278914
7881.json,kirsten-gillibrand,mostly-true,0,fixed_split_train_test,0,0.32272636075676586,0,0.33188420309322986
5603.json,glenn-grothman,true,0,fixed_split_train_test,1,0.5432973171499329,0,0.40627163608680966
5759.json,anonymous-flier,false,1,fixed_split_train_test,0,0.43684961049209553,0,0.40295280777462317
6207.json,chris-christie,half-true,0,fixed_split_train_test,0,0.31084617441745444,0,0.33968320751669695
2149.json,kendrick-meek,false,1,fixed_split_train_test,1,0.6564486441915431,1,0.5310363078399871
2445.json,mahmoud-ahmadinejad,false,1,fixed_split_train_test,0,0.37531416524041694,0,0.4052654966376131
5910.json,john-ludlow,half-true,0,fixed_split_train_test,0,0.49531116654295987,1,0.5171358041872839
2596.json,john-kitzhaber,half-true,0,fixed_split_train_test,0,0.4378996598473,0,0.4201044560471072
10399.json,rand-paul,false,1,fixed_split_train_test,0,0.38759812952591216,0,0.37694458594242486
792.json,john-mccain,half-true,0,fixed_split_train_test,0,0.38872171753703305,0,0.4226854663254012
12929.json,julian-castro,true,0,fixed_split_train_test,0,0.344113338634965,0,0.2804146240684627
12791.json,democratic-congressional-campaign-committee,barely-true,1,fixed_split_train_test,1,0.5315456256259415,1,0.5936774429988132
9003.json,rick-scott,barely-true,1,fixed_split_train_test,0,0.41648806813817446,0,0.2807492179946548
3811.json,scott-fitzgerald,false,1,fixed_split_train_test,0,0.4194780215659635,0,0.4949448051071568
3399.json,morgan-griffith,false,1,fixed_split_train_test,1,0.5362623083895809,0,0.4838940769314653
11229.json,glen-sturtevant,true,0,fixed_split_train_test,0,0.3831750059894856,0,0.3660333718086465
3800.json,herman-cain,false,1,fixed_split_train_test,0,0.44151455950897434,1,0.5328692680157837
10283.json,bernie-s,mostly-true,0,fixed_split_train_test,0,0.30903633425638044,0,0.25839991166774406
352.json,hillary-clinton,mostly-true,0,fixed_split_train_test,0,0.4509798944052757,0,0.3988810196335047
4134.json,alan-hays,false,1,fixed_split_train_test,1,0.540768104610357,1,0.536073702920152
5278.json,jim-jordan,half-true,0,fixed_split_train_test,0,0.37411370952673834,0,0.3607981829410072
2165.json,sam-olens,half-true,0,fixed_split_train_test,1,0.5559876773339889,1,0.5748082763706525
7448.json,kasim-reed,true,0,fixed_split_train_test,0,0.3247088487040041,0,0.24450961609487276
12987.json,jimmy-carter,true,0,fixed_split_train_test,1,0.6114530842835367,0,0.46220908496960633
5132.json,georgia-democrats,half-true,0,fixed_split_train_test,1,0.5664335411898176,1,0.5130932241845741
13329.json,kellyanne-conway,barely-true,1,fixed_split_train_test,0,0.44130214579303356,1,0.5240093093476932
4588.json,rick-perry,true,0,fixed_split_train_test,0,0.36851048266943837,0,0.39052839475328616
6455.json,warren-kampf,mostly-true,0,fixed_split_train_test,0,0.38403323852790633,0,0.3996980140907205
10282.json,jesse-ventura,pants-fire,1,fixed_split_train_test,1,0.5263520835265867,1,0.516178701030225
211.json,john-mccain,true,0,fixed_split_train_test,0,0.42256838572780203,0,0.4528087251399158
7676.json,michael-chippendale,barely-true,1,fixed_split_train_test,1,0.5731297175867315,0,0.4611235344164974
1873.json,chain-email,false,1,fixed_split_train_test,0,0.45916034108944964,1,0.8002595361641549
2443.json,john-kasich,half-true,0,fixed_split_train_test,0,0.4039992279998217,0,0.4090394798938351
3841.json,tim-pawlenty,half-true,0,fixed_split_train_test,0,0.3310209645202971,0,0.3910474698415208
12284.json,bernie-s,mostly-true,0,fixed_split_train_test,0,0.420532363699049,0,0.30856963185838376
7197.json,john-kitzhaber,mostly-true,0,fixed_split_train_test,0,0.4420512128359366,0,0.38527119987444086
12858.json,barack-obama,half-true,0,fixed_split_train_test,1,0.5092377026105483,0,0.37629477301453185
2633.json,mark-kirk,half-true,0,fixed_split_train_test,0,0.3604126782183715,0,0.3962973163644905
6041.json,jack-latvala,half-true,0,fixed_split_train_test,0,0.4109048348483396,0,0.4204450431289601
3414.json,bernie-s,false,1,fixed_split_train_test,0,0.40669939021756646,0,0.3874659931231415
4323.json,thaddeus-mccotter,mostly-true,0,fixed_split_train_test,0,0.38089075093454494,0,0.31048603129128444
1679.json,robert-gates,half-true,0,fixed_split_train_test,0,0.45009819486426944,0,0.37834976301963896
275.json,rudy-giuliani,barely-true,1,fixed_split_train_test,0,0.484787037912397,1,0.507400496069253
13208.json,jason-kander,mostly-true,0,fixed_split_train_test,0,0.4541107620518529,0,0.40836752856978137
5911.json,rob-portman,half-true,0,fixed_split_train_test,1,0.5342027585245361,1,0.5279654831883362
4277.json,reince-priebus,false,1,fixed_split_train_test,0,0.37674538738139485,0,0.42587727225603716
752.json,barack-obama,half-true,0,fixed_split_train_test,0,0.43414568860282915,0,0.32593563103625994
2601.json,kurt-schrader,false,1,fixed_split_train_test,0,0.39740321508607857,0,0.4639831842853768
1450.json,debra-medina,half-true,0,fixed_split_train_test,1,0.5939139513775711,1,0.5431677545797952
5653.json,andrew-napolitano,pants-fire,1,fixed_split_train_test,1,0.6309302180047056,1,0.5537226596770616
13046.json,yes-55,barely-true,1,fixed_split_train_test,0,0.4745080058424955,0,0.42399618533599664
3103.json,jamie-radtke,true,0,fixed_split_train_test,0,0.4056019486365616,0,0.35874300430246614
2894.json,glenn-beck,pants-fire,1,fixed_split_train_test,0,0.44488193568226053,0,0.4309581473981744
1012.json,nancy-pelosi,false,1,fixed_split_train_test,0,0.46126828888024307,0,0.43112115392746175
9112.json,facebook-posts,false,1,fixed_split_train_test,0,0.447001927773821,1,0.53644900446737
2945.json,jack-kingston,mostly-true,0,fixed_split_train_test,1,0.5192724191975489,0,0.49843992014456673
9944.json,bob-goodlatte,true,0,fixed_split_train_test,0,0.47989740770237566,1,0.5082875402056269
6839.json,tammy-baldwin,barely-true,1,fixed_split_train_test,1,0.5011194046595329,0,0.4542611697677942
3673.json,chris-larson,barely-true,1,fixed_split_train_test,1,0.628136741361686,1,0.6156526863739716
13058.json,barack-obama,true,0,fixed_split_train_test,1,0.5211461651232289,0,0.39557588099955987
3941.json,rob-portman,half-true,0,fixed_split_train_test,1,0.5222609364390918,0,0.4580867264043076
10917.json,bobby-jindal,false,1,fixed_split_train_test,1,0.7644514937188753,1,0.5684512446889192
13155.json,russ-feingold,false,1,fixed_split_train_test,1,0.5613711131873648,1,0.6274621377259912
9301.json,blog-posting,pants-fire,1,fixed_split_train_test,1,0.5244214013451785,1,0.6827060359528961
5486.json,silvestre-reyes,half-true,0,fixed_split_train_test,1,0.7338335908000646,0,0.47516981366754985
4579.json,american-crossroads,false,1,fixed_split_train_test,0,0.4745885919145131,0,0.461136287133144
10943.json,austin-scott,true,0,fixed_split_train_test,1,0.5340936721273234,1,0.5026794276031419
12728.json,rick-scott,false,1,fixed_split_train_test,0,0.4290252716466369,0,0.4140536556809969
92.json,mitt-romney,half-true,0,fixed_split_train_test,0,0.46122639086784084,0,0.4021705036658727
11230.json,bobby-jindal,half-true,0,fixed_split_train_test,0,0.48450474901167145,0,0.4660959920244228
2720.json,american-federation-children,pants-fire,1,fixed_split_train_test,0,0.46662893370240993,1,0.5002482993844299
582.json,barack-obama,true,0,fixed_split_train_test,0,0.3897762310735555,0,0.31333590001841455
13227.json,donald-trump,false,1,fixed_split_train_test,0,0.47446386292263987,1,0.7060942329723909
12052.json,marco-rubio,true,0,fixed_split_train_test,0,0.28527933122910865,0,0.37764117818002213
1010.json,barack-obama,half-true,0,fixed_split_train_test,0,0.4395951162110675,0,0.28052984130542197
1333.json,chain-email,true,0,fixed_split_train_test,0,0.36997002419514824,1,0.7475926442755871
2603.json,hank-gilbert,false,1,fixed_split_train_test,0,0.3360208023253229,0,0.31064778883551303
2731.json,barack-obama,mostly-true,0,fixed_split_train_test,0,0.3982111970134308,0,0.2787444838190196
3434.json,rick-perry,mostly-true,0,fixed_split_train_test,0,0.3791072679843642,0,0.45677889333328553
788.json,john-mccain,mostly-true,0,fixed_split_train_test,1,0.5879247548376391,1,0.5370014026815721
1691.json,julian-assange,half-true,0,fixed_split_train_test,1,0.504497333458865,1,0.5203955168807126
605.json,john-mccain,false,1,fixed_split_train_test,0,0.44972438992408664,1,0.5059839872387297
6195.json,dan-ramos,false,1,fixed_split_train_test,0,0.4605506952550849,0,0.3760831536533436
1350.json,mitch-mcconnell,true,0,fixed_split_train_test,1,0.5421165008638577,1,0.5679287768427085
7706.json,sheldon-whitehouse,half-true,0,fixed_split_train_test,0,0.38165019833867897,0,0.38815570645428976
12037.json,ron-johnson,half-true,0,fixed_split_train_test,1,0.5277327864586324,1,0.5520036599334105
8710.json,brett-smiley,mostly-true,0,fixed_split_train_test,0,0.3523104377528121,0,0.36859808787688436
960.json,chuck-grassley,half-true,0,fixed_split_train_test,0,0.4296467929754824,0,0.4800264207092861
10544.json,rudy-giuliani,false,1,fixed_split_train_test,1,0.542921698282702,0,0.4776054140171589
4391.json,kinky-friedman,barely-true,1,fixed_split_train_test,1,0.537318098014708,0,0.4787387239698828
13186.json,tim-kaine,half-true,0,fixed_split_train_test,0,0.36367428085299025,0,0.38916842231611976
9692.json,ed-macdougall,barely-true,1,fixed_split_train_test,1,0.611383320490824,1,0.6396023209703825
7401.json,peter-courtney,mostly-true,0,fixed_split_train_test,1,0.5169161142717875,0,0.4890685999472765
13405.json,mike-pence,half-true,0,fixed_split_train_test,0,0.4142393680313803,0,0.43927429150129305
230.json,hillary-clinton,true,0,fixed_split_train_test,1,0.5076810480690769,0,0.3724266349930535
3037.json,tim-kaine,half-true,0,fixed_split_train_test,1,0.6610770960540729,1,0.5089876280357832
207.json,john-mccain,true,0,fixed_split_train_test,1,0.577017606454331,1,0.5132470690759026
3608.json,mike-ford,false,1,fixed_split_train_test,0,0.49432072742278477,0,0.4394946582028094
3789.json,ameripac,barely-true,1,fixed_split_train_test,0,0.4337149336839535,0,0.3917714879816149
7775.json,ron-meyer,half-true,0,fixed_split_train_test,0,0.41342146200861535,0,0.37241038074073657
12160.json,viral-media-reports,barely-true,1,fixed_split_train_test,1,0.5387346729342878,0,0.4307093226092436
12870.json,america-rising-now,barely-true,1,fixed_split_train_test,1,0.5000178795498903,1,0.543705258405869
10069.json,debbie-wasserman-schultz,false,1,fixed_split_train_test,0,0.4712256447677863,0,0.48412362837258555
3366.json,ward-armstrong,true,0,fixed_split_train_test,1,0.6165631596453013,1,0.5624253726629024
10806.json,john-taylor-2,true,0,fixed_split_train_test,0,0.34128453866696973,0,0.3519937813530287
9681.json,bryan-fischer,pants-fire,1,fixed_split_train_test,1,0.6192506605676592,1,0.6198707947391072
1015.json,newt-gingrich,barely-true,1,fixed_split_train_test,0,0.42199552151976727,0,0.4565220495101973
13486.json,rush-limbaugh,half-true,0,fixed_split_train_test,0,0.42715342646217286,1,0.5462914561792065
8798.json,bob-terry,false,1,fixed_split_train_test,0,0.38949967815850883,0,0.36103004311778286
2514.json,phil-gingrey,false,1,fixed_split_train_test,0,0.44575876892589283,0,0.4863708021100497
10633.json,glenn-beck,false,1,fixed_split_train_test,1,0.552550682641808,0,0.4944804130978169
10883.json,rebecca-quigley,false,1,fixed_split_train_test,0,0.45716894559740423,0,0.4059436528917841
13213.json,kamala-harris,half-true,0,fixed_split_train_test,0,0.4722479307776113,0,0.43072322034622396
5698.json,barack-obama,half-true,0,fixed_split_train_test,0,0.3657285971792927,0,0.24972882113631495
11701.json,lamar-smith,false,1,fixed_split_train_test,0,0.44489834951929264,0,0.4788757888574678
2315.json,blanche-lincoln,barely-true,1,fixed_split_train_test,1,0.5927110381218467,1,0.594687941550526
4626.json,no-casinos,mostly-true,0,fixed_split_train_test,0,0.31959219207931333,0,0.31542745698389674
11307.json,donald-trump,barely-true,1,fixed_split_train_test,0,0.4648530458909768,1,0.7306543252259478
11925.json,tim-mcginty,true,0,fixed_split_train_test,0,0.45352113970197694,0,0.37650909513907366
4259.json,richard-codey,true,0,fixed_split_train_test,0,0.42924542769399615,0,0.4922605601657161
5061.json,chris-christie,pants-fire,1,fixed_split_train_test,0,0.4039396250760591,0,0.3595262099771168
4141.json,ann-marie-buerkle,half-true,0,fixed_split_train_test,0,0.46284533198060984,0,0.4504399778557728
4175.json,debbie-wasserman-schultz,half-true,0,fixed_split_train_test,0,0.4319200602548905,0,0.42161520780916734
9462.json,florida-democratic-party,mostly-true,0,fixed_split_train_test,0,0.44139268256005176,0,0.4149064390590943
3987.json,democratic-congressional-campaign-committee,mostly-true,0,fixed_split_train_test,1,0.5733735914736533,1,0.566797775955505
293.json,vietnam-veterans-against-john-mccain,pants-fire,1,fixed_split_train_test,0,0.4737201483449811,1,0.5070505901275149
7728.json,chris-christie,mostly-true,0,fixed_split_train_test,0,0.34670513405974873,0,0.3613670599877834
2117.json,susana-martinez,half-true,0,fixed_split_train_test,1,0.5321214139436266,1,0.5392458360299807
4825.json,democratic-national-committee,half-true,0,fixed_split_train_test,1,0.5103953952768955,0,0.4015009976381437
9516.json,greg-abbott,barely-true,1,fixed_split_train_test,1,0.6738397733015832,1,0.6190029538320169
12834.json,donald-trump,false,1,fixed_split_train_test,1,0.6024976915814098,1,0.8694028564637368
3980.json,piers-morgan,false,1,fixed_split_train_test,0,0.4453227133447144,0,0.41363530550381794
3231.json,herman-cain,half-true,0,fixed_split_train_test,0,0.37082622451087055,0,0.4101883445797061
386.json,john-mccain,mostly-true,0,fixed_split_train_test,1,0.7205975186258453,1,0.5574085147580963
11288.json,reid-ribble,half-true,0,fixed_split_train_test,0,0.43017925157120984,0,0.43671653383539316
660.json,mark-warner,half-true,0,fixed_split_train_test,1,0.5053626050455131,0,0.46182527381757127
1106.json,chain-email,true,0,fixed_split_train_test,1,0.6711339214751458,1,0.9257729042950054
2105.json,rick-perry,false,1,fixed_split_train_test,0,0.4531559614517395,1,0.5057185513562404
446.json,focus-family-action,barely-true,1,fixed_split_train_test,0,0.4882734819538522,1,0.5262972354108386
10271.json,keisha-lance-bottoms,mostly-true,0,fixed_split_train_test,0,0.4774277446491891,0,0.47784017685357527
4866.json,republican-national-committee-republican,half-true,0,fixed_split_train_test,1,0.5275355181905752,0,0.4166873923179557
8419.json,ted-cruz,false,1,fixed_split_train_test,0,0.3929897695208309,1,0.6350284765411983
3136.json,peter-kilmartin,half-true,0,fixed_split_train_test,1,0.5189347351792021,0,0.49241961636791876
12093.json,mark-herring,barely-true,1,fixed_split_train_test,0,0.4519783579617161,0,0.3843467961689755
317.json,bill-clinton,true,0,fixed_split_train_test,0,0.3148704646038876,0,0.26872387025848676
6295.json,josh-mandel,pants-fire,1,fixed_split_train_test,0,0.4803424698251659,1,0.5046328795305878
6610.json,bob-buckhorn,mostly-true,0,fixed_split_train_test,1,0.5003818231126409,0,0.4400586969744495
5597.json,susan-cole,true,0,fixed_split_train_test,0,0.42125824759144687,0,0.38497742389941236
1234.json,michael-moore,false,1,fixed_split_train_test,0,0.41943403959139347,0,0.39019460445564086
4995.json,jim-sensenbrenner,true,0,fixed_split_train_test,0,0.3276857323693061,0,0.3735017556123706
9095.json,facebook-posts,pants-fire,1,fixed_split_train_test,0,0.48275058400562265,1,0.5961649525287407
10451.json,john-boehner,half-true,0,fixed_split_train_test,0,0.47107214249608537,1,0.5430137134904058
4679.json,rick-perry,half-true,0,fixed_split_train_test,0,0.3697254307552911,0,0.37958844188484586
6011.json,caroline-casagrande,mostly-true,0,fixed_split_train_test,0,0.46830784298693295,0,0.38200827292176387
255.json,chris-dodd,mostly-true,0,fixed_split_train_test,0,0.41281480163738976,0,0.3948154841514181
3664.json,victoria-taft,false,1,fixed_split_train_test,1,0.638712618322927,1,0.568055205444313
11262.json,eric-bolling,false,1,fixed_split_train_test,0,0.36779706645197024,0,0.33915967136950437
9388.json,mike-collins,barely-true,1,fixed_split_train_test,0,0.3892737288170436,0,0.40295450606130845
12596.json,hillary-clinton,barely-true,1,fixed_split_train_test,0,0.39834279359235,0,0.34647365336052877
8689.json,dennis-hastert,half-true,0,fixed_split_train_test,1,0.5234342117608337,0,0.4605398018249952
13420.json,hillary-clinton,true,0,fixed_split_train_test,0,0.37331244429387533,0,0.36721787558356067
11911.json,marco-rubio,barely-true,1,fixed_split_train_test,0,0.4462604183474443,0,0.41835498417584
5450.json,ron-paul,half-true,0,fixed_split_train_test,0,0.44448086064061576,0,0.4297994969820037
2993.json,rick-perry,mostly-true,0,fixed_split_train_test,0,0.49723471947087383,1,0.5436233639938
3740.json,tim-kaine,half-true,0,fixed_split_train_test,0,0.27489323898183554,0,0.25109579989599656
12720.json,chris-christie,half-true,0,fixed_split_train_test,1,0.6066978353766133,1,0.5961904413402579
1653.json,democratic-national-committee,half-true,0,fixed_split_train_test,0,0.4606400134001454,0,0.4727885291670488
3731.json,barack-obama,true,0,fixed_split_train_test,0,0.3527663711744539,0,0.24230855170883944
8103.json,rick-kriseman,half-true,0,fixed_split_train_test,0,0.4795793547220081,0,0.4104598202775211
1439.json,democratic-national-committee,half-true,0,fixed_split_train_test,0,0.35873550109352825,0,0.34367755864282856
5779.json,michael-adams,half-true,0,fixed_split_train_test,1,0.5560950433010949,0,0.40161384516710086
10567.json,thomas-tobin,false,1,fixed_split_train_test,0,0.40454614041052644,1,0.5319884448956391
10111.json,rick-scott,false,1,fixed_split_train_test,0,0.28216180328657325,0,0.31468923572655677
11256.json,viral-image,mostly-true,0,fixed_split_train_test,1,0.5207281608975564,1,0.5711682424596971
10543.json,scott-walker,false,1,fixed_split_train_test,0,0.4434641918363408,0,0.4240536201859946
7904.json,scott-walker,barely-true,1,fixed_split_train_test,0,0.48185498138499044,0,0.4966225744996056
4709.json,allen-west,barely-true,1,fixed_split_train_test,1,0.5326283529827892,1,0.595519852450895
8854.json,mary-burke,half-true,0,fixed_split_train_test,0,0.34805998690846757,0,0.3191849420801722
4116.json,john-boehner,false,1,fixed_split_train_test,0,0.47095546192177595,0,0.4869565894437931
5131.json,kriner-cash,mostly-true,0,fixed_split_train_test,0,0.2930074049664792,0,0.27162826495129583
11861.json,sarah-palin,false,1,fixed_split_train_test,0,0.49952247075996076,1,0.5022123764404754
9435.json,hillary-clinton,mostly-true,0,fixed_split_train_test,0,0.30713912408770966,0,0.28298145109355893
12805.json,joe-biden,mostly-true,0,fixed_split_train_test,0,0.32603230332191424,0,0.34063977129663475
9801.json,gina-raimondo,true,0,fixed_split_train_test,0,0.4690689931744423,0,0.44185941926183064
2195.json,rick-perry,false,1,fixed_split_train_test,0,0.4378647579384654,1,0.5025993733851652
11370.json,espn,mostly-true,0,fixed_split_train_test,0,0.4113656104913258,0,0.3812682432846916
9771.json,nextgen-climate,half-true,0,fixed_split_train_test,1,0.5134098736610416,0,0.3991808730188444
3676.json,adam-hasner,mostly-true,0,fixed_split_train_test,1,0.5641330528107988,1,0.5164989226429274
4615.json,tom-kean-jr,half-true,0,fixed_split_train_test,0,0.35499383478421687,0,0.36831040327034914
7742.json,metro,false,1,fixed_split_train_test,1,0.5200515078172486,1,0.5345689417735808
2394.json,republican-governors-association,half-true,0,fixed_split_train_test,1,0.6142949524041937,1,0.5578531162619494
817.json,republican-national-committee-republican,pants-fire,1,fixed_split_train_test,1,0.5462490448076328,1,0.5098787376210253
13051.json,paul-wolfowitz,barely-true,1,fixed_split_train_test,0,0.4946083473120558,0,0.35579955877490144
11345.json,tammy-baldwin,half-true,0,fixed_split_train_test,0,0.4869108194554365,1,0.5676029013233483
7387.json,marco-rubio,barely-true,1,fixed_split_train_test,1,0.5586385376780292,1,0.5659072730334723
4400.json,new-hampshire-democratic-party,half-true,0,fixed_split_train_test,1,0.5741234336993204,1,0.5619306163166279
3541.json,armond-budish,half-true,0,fixed_split_train_test,0,0.42826846697070065,0,0.39494224114373616
12187.json,rick-scotts-starbucks-heckler,half-true,0,fixed_split_train_test,0,0.4561237301219551,0,0.4739359590887859
7340.json,barack-obama,true,0,fixed_split_train_test,0,0.4126537138138481,0,0.31585969118394414
10355.json,hank-huckaby,true,0,fixed_split_train_test,0,0.2917294186599227,0,0.2937300050412788
10467.json,rick-perry,half-true,0,fixed_split_train_test,0,0.33753108225914713,0,0.334686665821297
8089.json,oregon-catalyst,false,1,fixed_split_train_test,0,0.4635247205929329,0,0.40245437430752307
12526.json,larry-yarborough,mostly-true,0,fixed_split_train_test,1,0.6022124197713732,1,0.5313861938000968
10898.json,al-sharpton,barely-true,1,fixed_split_train_test,1,0.5186419585224322,1,0.5883813963804712
7541.json,chris-christie,half-true,0,fixed_split_train_test,0,0.36338979135419963,0,0.30216184895441817
7136.json,john-kitzhaber,barely-true,1,fixed_split_train_test,0,0.33483770759187337,0,0.3468240227460511
6325.json,michael-bloomberg,half-true,0,fixed_split_train_test,0,0.25457151092445385,0,0.2805562545437798
12855.json,richard-durbin,true,0,fixed_split_train_test,0,0.3619719373229903,0,0.40063874320747095
10512.json,leonidas-raptakis,false,1,fixed_split_train_test,0,0.40258739718528225,0,0.3994008544132857
12336.json,colorado-health-institute,mostly-true,0,fixed_split_train_test,0,0.4050340328357829,0,0.4327219079170369
11726.json,dan-patrick,barely-true,1,fixed_split_train_test,0,0.4100097244070101,0,0.40128965338275413
3904.json,brian-deese,half-true,0,fixed_split_train_test,0,0.32814022592318565,0,0.25867612527368977
6774.json,national-rifle-association,mostly-true,0,fixed_split_train_test,1,0.514250991742398,1,0.5267304507803772
1324.json,rachel-maddow,barely-true,1,fixed_split_train_test,0,0.49907278354627627,0,0.4656605629926386
6813.json,paul-ryan,barely-true,1,fixed_split_train_test,1,0.5554179494275694,1,0.5213161684867683
9737.json,dbanj,false,1,fixed_split_train_test,0,0.45063961842786127,0,0.4355010810264743
6366.json,scott-garrett,barely-true,1,fixed_split_train_test,0,0.45717550758189707,1,0.578457799428418
9316.json,harry-reid,mostly-true,0,fixed_split_train_test,0,0.31136033811132563,0,0.42091091246735807
992.json,barack-obama,mostly-true,0,fixed_split_train_test,0,0.3839199946538104,0,0.2515481798292418
699.json,john-mccain,half-true,0,fixed_split_train_test,0,0.45608744031733245,0,0.43410221778265895
9033.json,rob-portman,true,0,fixed_split_train_test,0,0.3272260236086167,0,0.31458633182408774
5950.json,mitt-romney,true,0,fixed_split_train_test,1,0.5866631803946154,0,0.46976993532760547
10041.json,dan-patrick,half-true,0,fixed_split_train_test,1,0.512634139511509,1,0.5223106964761354
5528.json,paul-sadler,true,0,fixed_split_train_test,0,0.4164191486306752,0,0.4457488373848553
8414.json,rick-kriseman,false,1,fixed_split_train_test,0,0.3662175624445398,0,0.3832392023499193
4189.json,national-republican-congressional-committee,false,1,fixed_split_train_test,0,0.4824415949241804,1,0.5710135474339225
9333.json,sean-hannity,half-true,0,fixed_split_train_test,1,0.5410059662570558,0,0.49490069017318566
9052.json,david-dewhurst,mostly-true,0,fixed_split_train_test,0,0.4603167658033513,0,0.4459855491792023
12478.json,sharron-angle,barely-true,1,fixed_split_train_test,0,0.42055730994029566,0,0.48980768275814074
1405.json,glenn-beck,barely-true,1,fixed_split_train_test,0,0.4590244316496414,1,0.5146657658581516
3235.json,barack-obama,false,1,fixed_split_train_test,0,0.4286101451154606,0,0.33246197706359937
1514.json,alex-sink,barely-true,1,fixed_split_train_test,0,0.476370365631653,0,0.4387534852862791
6919.json,tim-kaine,barely-true,1,fixed_split_train_test,0,0.49689989235833465,0,0.4156344986069286
9774.json,republican-party-florida,false,1,fixed_split_train_test,1,0.6478289851666597,1,0.5642182802902751
5640.json,chain-email,barely-true,1,fixed_split_train_test,1,0.6840307711884726,1,0.7342222556327086
9444.json,mary-burke,barely-true,1,fixed_split_train_test,0,0.4830789297600275,0,0.44052558106915063
12449.json,kelly-ayotte,mostly-true,0,fixed_split_train_test,0,0.3906562588515079,0,0.4010630942172449
4432.json,dan-ramos,mostly-true,0,fixed_split_train_test,0,0.42614258910801406,0,0.44562972304690956
5749.json,greg-abbott,half-true,0,fixed_split_train_test,1,0.5365657548447548,1,0.5340192506062826
8192.json,rene-garcia,barely-true,1,fixed_split_train_test,0,0.44965202167779494,0,0.42786109382739
7886.json,christine-whitman,mostly-true,0,fixed_split_train_test,0,0.47950105596101067,0,0.4842167325838726
9431.json,americans-safe-access,barely-true,1,fixed_split_train_test,1,0.5389011478750878,0,0.44957160009070046
7721.json,bob-goodlatte,half-true,0,fixed_split_train_test,0,0.42295557117205007,0,0.38951937156784877
2616.json,christine-odonnell,pants-fire,1,fixed_split_train_test,1,0.5841623703576064,1,0.5473342622380573
2122.json,americans-job-security,half-true,0,fixed_split_train_test,0,0.46557576299674175,0,0.42420254783282146
1280.json,charlie-crist,barely-true,1,fixed_split_train_test,0,0.37715672467911254,0,0.32260458651965684
2477.json,steve-southerland,false,1,fixed_split_train_test,0,0.31133966324705686,0,0.31104324173970505
6123.json,eric-hovde,false,1,fixed_split_train_test,0,0.4250693818270739,0,0.4100870192166616
7814.json,new-jersey-state-afl-cio,mostly-true,0,fixed_split_train_test,0,0.3106656681591933,0,0.3497967381559829
901.json,spencer-bachus,false,1,fixed_split_train_test,0,0.4740670118958144,0,0.41881534810412907
6720.json,rob-zerban,false,1,fixed_split_train_test,0,0.4609803217991753,0,0.4986922563450769
4628.json,hank-johnson,mostly-true,0,fixed_split_train_test,0,0.25877126655099913,0,0.34232844901045967
11303.json,jay-nixon,mostly-true,0,fixed_split_train_test,0,0.27421324672225433,0,0.39669473888904344
2986.json,talgo-inc,true,0,fixed_split_train_test,1,0.5472200702237938,0,0.4642540828525537
10783.json,representus,mostly-true,0,fixed_split_train_test,1,0.5064433319889576,0,0.4792481732421537
13350.json,patrick-murphy,half-true,0,fixed_split_train_test,0,0.4429483866332464,0,0.40161757161705935
258.json,mitt-romney,true,0,fixed_split_train_test,0,0.4154060639696986,0,0.36729764162000345
1248.json,michael-moore,mostly-true,0,fixed_split_train_test,1,0.513759535696233,0,0.43299816179544254
10450.json,rand-paul,half-true,0,fixed_split_train_test,0,0.41231373468576743,0,0.35220802952463454
8758.json,barack-obama,half-true,0,fixed_split_train_test,0,0.2660244758386116,0,0.2564819677074561
4442.json,ron-paul,half-true,0,fixed_split_train_test,0,0.4220331115421173,0,0.4413156130097915
7930.json,pete-gallego,true,0,fixed_split_train_test,0,0.44598174149770886,0,0.42008685217397784
12122.json,paul-ryan,mostly-true,0,fixed_split_train_test,1,0.5684035452766287,1,0.5621205900758461
6678.json,leonard-lance,true,0,fixed_split_train_test,0,0.41225878624157153,0,0.40250506423441706
9957.json,facebook-posts,pants-fire,1,fixed_split_train_test,0,0.38930516309775326,0,0.48827564914146493
7111.json,sam-adams,barely-true,1,fixed_split_train_test,1,0.5511969172886942,0,0.46204949450097216
9235.json,blog-posting,pants-fire,1,fixed_split_train_test,1,0.5156948963954084,1,0.7114775963239873
1243.json,barney-bishop,false,1,fixed_split_train_test,0,0.4753784421640072,1,0.5074354474078728
5693.json,kathleen-falk,false,1,fixed_split_train_test,0,0.49932457663119856,1,0.5043047782644506
2305.json,john-boehner,true,0,fixed_split_train_test,0,0.4708263487974767,1,0.500413782671999
2040.json,george-will,barely-true,1,fixed_split_train_test,0,0.49500778059532635,0,0.4167182917281288
9192.json,progressive-choice,true,0,fixed_split_train_test,1,0.5226880498341439,1,0.5253760653822966
11375.json,glenn-hegar,true,0,fixed_split_train_test,0,0.35281286691886443,0,0.37911695658612543
9674.json,jeb-bush,mostly-true,0,fixed_split_train_test,0,0.3162811863583483,0,0.34628550620378606
3369.json,sam-adams,half-true,0,fixed_split_train_test,0,0.44219480217340107,0,0.4166564797212376
8855.json,wendy-davis,mostly-true,0,fixed_split_train_test,0,0.494722519709748,0,0.4349676418543557
1641.json,michele-bachmann,false,1,fixed_split_train_test,1,0.529989726465119,1,0.6451701468026876
9080.json,greg-morris,true,0,fixed_split_train_test,0,0.4141573279578347,0,0.46957557019123825
4233.json,jennifer-granholm,mostly-true,0,fixed_split_train_test,0,0.3258889770610718,0,0.35382080988272446
12952.json,donald-trump,barely-true,1,fixed_split_train_test,1,0.540282820865648,1,0.7081921571120461
2135.json,lincoln-chafee,false,1,fixed_split_train_test,0,0.44043914724175115,0,0.4526618746721781
7696.json,mark-pocan,barely-true,1,fixed_split_train_test,0,0.4407620652274426,0,0.47829735914506166
11751.json,barack-obama,mostly-true,0,fixed_split_train_test,0,0.3349858187923433,0,0.2862222084259197
2187.json,michael-bloomberg,false,1,fixed_split_train_test,0,0.3610818787972899,0,0.3546772194763038
3196.json,rick-scott,false,1,fixed_split_train_test,0,0.4472111203609319,0,0.4952555619624955
6263.json,ovide-lamontagne,half-true,0,fixed_split_train_test,0,0.37853707011002596,0,0.33618110607311513
2774.json,scott-walker,half-true,0,fixed_split_train_test,1,0.8237104050427329,1,0.598761516255498
6555.json,teresa-fedor,true,0,fixed_split_train_test,0,0.4692957812485588,1,0.5123821027149934
8961.json,david-brooks,half-true,0,fixed_split_train_test,0,0.3995664457075496,0,0.4355410040827026
8011.json,elliott-naishtat,true,0,fixed_split_train_test,0,0.4426801375544524,0,0.3944126602011916
1290.json,ginny-brown-waite,barely-true,1,fixed_split_train_test,1,0.6311203837443543,1,0.5511279055265422
9151.json,michael-mccaul,true,0,fixed_split_train_test,1,0.5383260004088277,1,0.5106599316854816
11625.json,greg-abbott,mostly-true,0,fixed_split_train_test,0,0.28559432546112157,0,0.35105159176563155
7426.json,bill-jackson,pants-fire,1,fixed_split_train_test,0,0.3659824215528873,0,0.3811551462983925
1462.json,kay-bailey-hutchison,mostly-true,0,fixed_split_train_test,1,0.540698402447634,0,0.42233944643028465
1777.json,john-cornyn,true,0,fixed_split_train_test,1,0.5291112003430706,0,0.48980551089613256
12982.json,reince-priebus,half-true,0,fixed_split_train_test,0,0.4477828747139672,0,0.48267418414476154
6015.json,reince-priebus,false,1,fixed_split_train_test,0,0.4885573597496793,0,0.4660490888423366
12520.json,hillary-clinton,true,0,fixed_split_train_test,0,0.42906039771738586,0,0.3736552951518397
8944.json,lawrence-odonnell,mostly-true,0,fixed_split_train_test,0,0.44303079199478757,0,0.44404082809697704
6035.json,eric-fehrnstrom,half-true,0,fixed_split_train_test,0,0.38188863694258207,0,0.3867106439581246
10309.json,michael-needham,mostly-true,0,fixed_split_train_test,0,0.43199219295606867,0,0.4722776348215738
7336.json,texas-federation-republican-women,barely-true,1,fixed_split_train_test,0,0.3505146578607717,0,0.3951200083172807
7726.json,ed-fitzgerald,false,1,fixed_split_train_test,1,0.605418679153114,1,0.5009516993346509
12768.json,kirsten-gillibrand,mostly-true,0,fixed_split_train_test,0,0.4014315872243721,0,0.3618661126628069
12012.json,chris-koster,mostly-true,0,fixed_split_train_test,0,0.33909653888810837,0,0.46301667633092086
5710.json,joe-biden,false,1,fixed_split_train_test,0,0.37945614000734734,0,0.3718259561080698
376.json,barack-obama,half-true,0,fixed_split_train_test,0,0.47757902192022017,0,0.38478739748559443
4198.json,ohio-democratic-party,pants-fire,1,fixed_split_train_test,1,0.5083218820773613,0,0.45239804049890475
4901.json,florida-democratic-party,barely-true,1,fixed_split_train_test,0,0.39785182932716606,0,0.39897128962165496
7806.json,leah-vukmir,false,1,fixed_split_train_test,1,0.527360718207445,0,0.4370501173752435
12537.json,donald-trump,false,1,fixed_split_train_test,0,0.34932503422742966,1,0.7049924037531768
3593.json,rick-scott,mostly-true,0,fixed_split_train_test,0,0.27144822090051035,0,0.31283002906420687
9779.json,occupy-democrats,pants-fire,1,fixed_split_train_test,0,0.43440132056521813,1,0.5219290461375367
8990.json,john-kerry,mostly-true,0,fixed_split_train_test,1,0.5169490820042288,0,0.4799025240937429
3979.json,george-allen,false,1,fixed_split_train_test,1,0.7301209278078864,1,0.6436508065908768
10897.json,rick-perry,true,0,fixed_split_train_test,0,0.35171183003085105,0,0.4230781402441392
4841.json,eileen-brady,mostly-true,0,fixed_split_train_test,0,0.48985513451624807,0,0.4993295647484466
2570.json,russ-feingold,half-true,0,fixed_split_train_test,1,0.5040581750841536,0,0.4721583943324307
4068.json,lisa-hamler-fugitt,mostly-true,0,fixed_split_train_test,0,0.4099417399067196,0,0.3350399734489919
12301.json,john-oliver,mostly-true,0,fixed_split_train_test,0,0.46637494008007147,0,0.4545877918339164
7236.json,rick-scott,half-true,0,fixed_split_train_test,0,0.36140219757832376,0,0.3304030975752248
6571.json,chris-christie,half-true,0,fixed_split_train_test,1,0.5338495087940196,0,0.4904384262189169
2640.json,chuck-riley,false,1,fixed_split_train_test,1,0.5521282131340185,1,0.5862770152576077
13512.json,blog-posting,pants-fire,1,fixed_split_train_test,0,0.4705741061374831,1,0.6695938128253565
166.json,mitt-romney,half-true,0,fixed_split_train_test,0,0.46006856133253093,0,0.416529850390654
7329.json,mayors-against-illegal-guns,half-true,0,fixed_split_train_test,0,0.3465955156086375,0,0.35229622393301535
13385.json,donald-trump,mostly-true,0,fixed_split_train_test,0,0.4961817694791231,1,0.7160451405767495
7827.json,meals-wheels-rhode-island,barely-true,1,fixed_split_train_test,0,0.39029959493844835,0,0.4344221766872957
11670.json,american-action-network,barely-true,1,fixed_split_train_test,0,0.482141993186636,0,0.4030422323702708
13029.json,national-republican-senatorial-committee,barely-true,1,fixed_split_train_test,1,0.5389592097542413,1,0.6025544274633596
9937.json,jeanne-shaheen,mostly-true,0,fixed_split_train_test,0,0.36626750611648307,0,0.35506645311633767
2811.json,mark-warner,mostly-true,0,fixed_split_train_test,1,0.5072647398515158,0,0.4367234208669381
6333.json,chris-christie,false,1,fixed_split_train_test,0,0.4454773176424778,0,0.37956203629105373
5124.json,restore-our-future,pants-fire,1,fixed_split_train_test,1,0.6478867356843448,1,0.5891180104785899
66.json,john-edwards,true,0,fixed_split_train_test,0,0.4289282098725296,0,0.3448037224019106
5403.json,bruce-starr,mostly-true,0,fixed_split_train_test,0,0.34639522143222884,0,0.40051285246402785
9437.json,scott-walker,half-true,0,fixed_split_train_test,0,0.47408008445831273,0,0.4514536513116494
235.json,john-mccain,true,0,fixed_split_train_test,0,0.462186527970754,0,0.4355156086518949
793.json,barack-obama,half-true,0,fixed_split_train_test,0,0.43876703489559815,0,0.28698530007049244
11080.json,rick-perry,barely-true,1,fixed_split_train_test,0,0.28876060447927127,0,0.29488296144055764
9489.json,scott-walker,false,1,fixed_split_train_test,0,0.44565467486542043,0,0.47506243080390687
1444.json,barack-obama,mostly-true,0,fixed_split_train_test,0,0.4275103270137705,0,0.3277494006776095
2484.json,alan-grayson,half-true,0,fixed_split_train_test,1,0.5836973100309585,1,0.5044411451145971
5836.json,mary-nolan,half-true,0,fixed_split_train_test,1,0.6782442722005265,0,0.49990537223989984
12.json,mike-huckabee,false,1,fixed_split_train_test,0,0.47647123440611827,1,0.5466783749732015
11588.json,viral-media-reports,false,1,fixed_split_train_test,1,0.5280650771473647,1,0.5442875610510132
6264.json,eric-cantor,barely-true,1,fixed_split_train_test,0,0.45525350686734173,1,0.5380286520185803
13324.json,donald-trump,mostly-true,0,fixed_split_train_test,0,0.4803340601827677,1,0.7297259225937579
5230.json,nathan-deal,true,0,fixed_split_train_test,0,0.3110607275915326,0,0.30048971519559725
8519.json,americans-prosperity,false,1,fixed_split_train_test,0,0.49936355762943385,1,0.6070984874186109
6900.json,karen-huber,half-true,0,fixed_split_train_test,0,0.48725514342831905,0,0.45360353989147656
10524.json,lloyd-doggett,true,0,fixed_split_train_test,0,0.379497160365232,0,0.3881638393685572
12599.json,thomas-perez,true,0,fixed_split_train_test,0,0.42988249945737533,1,0.5041439019314223
917.json,eric-cantor,false,1,fixed_split_train_test,0,0.4296518845006643,1,0.5050180543492471
8336.json,grover-fugate,true,0,fixed_split_train_test,1,0.5440942358111834,1,0.5057186459075046
6811.json,barack-obama,mostly-true,0,fixed_split_train_test,0,0.40776359563983045,0,0.3256285821885717
7084.json,dan-patrick,true,0,fixed_split_train_test,0,0.42927131049165707,0,0.4201032060411731
7900.json,john-nygren,half-true,0,fixed_split_train_test,1,0.5492153822086565,0,0.4591292008606072
9323.json,julian-castro,true,0,fixed_split_train_test,1,0.6383249110844157,0,0.4892516692740984
1460.json,bill-white,true,0,fixed_split_train_test,0,0.353865556258981,0,0.34184052564007955
7607.json,john-kasich,pants-fire,1,fixed_split_train_test,0,0.4351872922004658,0,0.4286782091908947
1061.json,lynn-westmoreland,barely-true,1,fixed_split_train_test,0,0.46200705494675154,0,0.4066309647371524
12321.json,pat-mccrory,true,0,fixed_split_train_test,0,0.37336601426759036,0,0.3689531836320355
6473.json,stephanie-cutter,true,0,fixed_split_train_test,0,0.4114117100543035,0,0.4555316707182949
12546.json,blog-posting,false,1,fixed_split_train_test,1,0.5752120212926907,1,0.7737409307789568
2877.json,scott-walker,false,1,fixed_split_train_test,1,0.6005702898425432,1,0.5618987250610976
9432.json,rachel-maddow,mostly-true,0,fixed_split_train_test,0,0.42032128772527844,0,0.4226457454210532
7145.json,john-kitzhaber,true,0,fixed_split_train_test,0,0.35243991142356207,0,0.3756455485714562
2760.json,sierra-club,barely-true,1,fixed_split_train_test,0,0.47976815102501486,1,0.5538025237295661
6945.json,crossroads-gps,barely-true,1,fixed_split_train_test,1,0.5247117763193255,1,0.5401747592811461
4899.json,newt-gingrich,false,1,fixed_split_train_test,0,0.4337585714249467,0,0.4695910062985382
10906.json,facebook-posts,pants-fire,1,fixed_split_train_test,0,0.48290382855983566,1,0.5640941243004842
3885.json,new-jersey-sierra-club,half-true,0,fixed_split_train_test,0,0.3308810665388129,0,0.35266300226064795
11150.json,centers-disease-control,true,0,fixed_split_train_test,0,0.45863195359466524,0,0.439611401648439
6953.json,bill-nelson,half-true,0,fixed_split_train_test,1,0.5934786079229105,0,0.456692312033121
5510.json,steve-rothman,mostly-true,0,fixed_split_train_test,0,0.3479465563102394,0,0.36166115009822714
3455.json,robin-wright,true,0,fixed_split_train_test,0,0.4475292662632521,0,0.4155790120247341
10061.json,rick-scott,half-true,0,fixed_split_train_test,0,0.44312737819459086,0,0.42946125475223446
9927.json,julie-pace,mostly-true,0,fixed_split_train_test,0,0.4733258837466112,0,0.43878286772424724
2316.json,charlie-crist,mostly-true,0,fixed_split_train_test,0,0.3852959075097697,0,0.3534259312286382
11276.json,ron-bergeron,mostly-true,0,fixed_split_train_test,0,0.35703311201728544,0,0.41667545589889554
1497.json,eve-schatelowitz-alcantar,false,1,fixed_split_train_test,0,0.452434243890993,0,0.45482607274064746
4337.json,ron-kind,half-true,0,fixed_split_train_test,0,0.3914975964332297,0,0.4141579819533768
4543.json,bill-oreilly,barely-true,1,fixed_split_train_test,1,0.5447474176060703,1,0.587061498286736
5091.json,jon-huntsman,false,1,fixed_split_train_test,1,0.5938292905532275,0,0.47861873295442997
40.json,democratic-national-committee,true,0,fixed_split_train_test,0,0.41878162141703207,0,0.3780275784845886
2852.json,sherrod-brown,mostly-true,0,fixed_split_train_test,0,0.3046442305678875,0,0.3068211296823268
2506.json,scott-bruun,barely-true,1,fixed_split_train_test,1,0.5625315966086871,1,0.6379117956790719
4212.json,john-kasich,true,0,fixed_split_train_test,0,0.4306599628641235,0,0.42092146932260804
10474.json,greg-abbott,half-true,0,fixed_split_train_test,0,0.44727500304815065,0,0.42578817838877875
10117.json,rick-scott,half-true,0,fixed_split_train_test,0,0.4233335491354694,0,0.48338832845946006
7877.json,john-lewis,mostly-true,0,fixed_split_train_test,0,0.3676469737037482,0,0.36876115711347685
12051.json,ted-cruz,mostly-true,0,fixed_split_train_test,1,0.6328357057116256,1,0.7103475650480517
3957.json,national-republican-senatorial-committee,false,1,fixed_split_train_test,1,0.6638273110996584,1,0.5826923369831832
10893.json,jeb-bush,mostly-true,0,fixed_split_train_test,0,0.3222516878061546,0,0.3538579116704506
1623.json,charlie-crist,true,0,fixed_split_train_test,0,0.4247206187056898,0,0.4256163264741001
6428.json,salmon-all,half-true,0,fixed_split_train_test,1,0.6489022027693295,1,0.5941212247387029
4287.json,greater-wisconsin-political-fund,half-true,0,fixed_split_train_test,1,0.5377223287187216,1,0.502256036963347
9793.json,ending-spending-action-fund,barely-true,1,fixed_split_train_test,1,0.5311817688743105,1,0.5490356826501216
2910.json,donald-carcieri,mostly-true,0,fixed_split_train_test,1,0.519665667695764,0,0.4417901693474166
4653.json,barack-obama,true,0,fixed_split_train_test,1,0.576319047685002,0,0.39933344655364067
12279.json,robby-mook,mostly-true,0,fixed_split_train_test,0,0.4029539188418951,0,0.4323182697673381
6982.json,barack-obama,half-true,0,fixed_split_train_test,1,0.5367237631386169,0,0.34879946279531965
11802.json,bernie-s,mostly-true,0,fixed_split_train_test,1,0.5504870508406315,0,0.4399322702314519
4609.json,mitt-romney,false,1,fixed_split_train_test,0,0.4956326206588718,0,0.4731266136727647
8115.json,michelle-nunn,true,0,fixed_split_train_test,1,0.5091711007153471,0,0.4740012507437817
11296.json,viral-image,false,1,fixed_split_train_test,1,0.5354782975850907,1,0.6455388745344268
9093.json,rick-scott,barely-true,1,fixed_split_train_test,0,0.4385334163465452,0,0.42030053278455926
10799.json,anonymous-cyber-squatter,half-true,0,fixed_split_train_test,0,0.4649126635918147,0,0.46736227369356675
9383.json,dawson-hodgson,barely-true,1,fixed_split_train_test,1,0.5358702822329102,0,0.45820433539769534
12009.json,mitt-romney,false,1,fixed_split_train_test,1,0.5586633428260251,0,0.4938635055400075
7223.json,kenneth-block,mostly-true,0,fixed_split_train_test,0,0.3959667823878317,0,0.39219425081169584
11118.json,john-oliver,true,0,fixed_split_train_test,0,0.41186343492928584,0,0.4459018398812755
3381.json,rick-scott,mostly-true,0,fixed_split_train_test,0,0.40299965088365347,0,0.32509322058940826
7244.json,dawson-hodgson,false,1,fixed_split_train_test,0,0.42595908918494774,0,0.4187250129782397
2581.json,julie-lassa,barely-true,1,fixed_split_train_test,1,0.5218395913983973,0,0.4548104846891378
2958.json,city-beaverton,false,1,fixed_split_train_test,0,0.3411801409853741,0,0.3196870540228745
12179.json,blog-posting,pants-fire,1,fixed_split_train_test,1,0.8582703665279131,1,0.8148277889061228
11373.json,viral-image,barely-true,1,fixed_split_train_test,1,0.5271600144022058,1,0.5376873018836463
2114.json,georgia-politicians,barely-true,1,fixed_split_train_test,0,0.45690087267640805,0,0.43171308361497596
9588.json,david-perdue,half-true,0,fixed_split_train_test,1,0.5504369738877558,1,0.5077825591767797
3430.json,eric-cantor,half-true,0,fixed_split_train_test,0,0.3481906453458763,0,0.4225813875181664
9364.json,angel-taveras,barely-true,1,fixed_split_train_test,0,0.4153200965430336,0,0.42254804306622623
10695.json,rick-santorum,true,0,fixed_split_train_test,0,0.30375243335041346,0,0.36501098672744203
1158.json,anthony-weiner,barely-true,1,fixed_split_train_test,0,0.491119161888286,0,0.44366447872928105
5848.json,bill-johnson,false,1,fixed_split_train_test,1,0.6031187109691966,1,0.5938304954276719
10561.json,tom-graves,half-true,0,fixed_split_train_test,1,0.5694432650965655,0,0.4986663864411118
512.json,barack-obama,true,0,fixed_split_train_test,0,0.3332165620278733,0,0.2471302167436662
5815.json,steve-rothman,barely-true,1,fixed_split_train_test,1,0.5689411572606005,1,0.5805835520422221
12906.json,paul-manafort,half-true,0,fixed_split_train_test,0,0.4905815316742633,1,0.5328409329184636
7909.json,barry-bone,true,0,fixed_split_train_test,1,0.5221002039930732,0,0.45534905697262473
7044.json,voters-first-ohio,barely-true,1,fixed_split_train_test,1,0.5030708839939939,0,0.37808184285386043
11284.json,jeb-bush,half-true,0,fixed_split_train_test,0,0.34693004368924457,0,0.33511030037727496
11761.json,ted-cruz,true,0,fixed_split_train_test,0,0.4948121193189056,1,0.550741350575358
13291.json,catherine-cortez-masto,half-true,0,fixed_split_train_test,1,0.5303857252666093,1,0.5089704342685656
6933.json,mitt-romney,half-true,0,fixed_split_train_test,0,0.40679117625909866,0,0.4537873095604813
9916.json,pam-bondi,mostly-true,0,fixed_split_train_test,0,0.34137899885357453,0,0.336613702144853
9248.json,alicia-menendez,true,0,fixed_split_train_test,0,0.41587801122977686,0,0.37357715874863134
544.json,joe-biden,barely-true,1,fixed_split_train_test,0,0.4142881142073706,0,0.33450399099871353
3679.json,john-kasich,false,1,fixed_split_train_test,0,0.47519911327348624,0,0.37993083751799217
11825.json,paul-saldana,half-true,0,fixed_split_train_test,0,0.4289311594422573,0,0.41535589051688676
7420.json,josh-mandel,mostly-true,0,fixed_split_train_test,0,0.49342180963177784,1,0.5989941574292958
2723.json,ted-strickland,pants-fire,1,fixed_split_train_test,1,0.5290212206216824,1,0.5111768031117875
5530.json,johnny-isakson,barely-true,1,fixed_split_train_test,0,0.4515517675030173,0,0.39413703426686036
4617.json,michele-bachmann,half-true,0,fixed_split_train_test,0,0.33585645199589165,0,0.3933678816116874
4498.json,rush-holt,true,0,fixed_split_train_test,0,0.41914044880027007,0,0.39922725417026
2994.json,boyd-richie,barely-true,1,fixed_split_train_test,0,0.42651446311464797,0,0.4483783617913339
1184.json,charles-boustany,barely-true,1,fixed_split_train_test,1,0.5844707137305525,1,0.5704524532987737
11169.json,marco-rubio,mostly-true,0,fixed_split_train_test,0,0.35346368194716715,0,0.3999727373175576
8924.json,david-perdue,mostly-true,0,fixed_split_train_test,0,0.4653241021962548,1,0.5220708420491362
3194.json,chris-abele,false,1,fixed_split_train_test,0,0.4135071024000335,0,0.3641083160631304
985.json,rachel-maddow,false,1,fixed_split_train_test,1,0.6215730644466391,1,0.5272693098258273
7379.json,barack-obama,mostly-true,0,fixed_split_train_test,0,0.3088494904334239,0,0.3348184255088422
2926.json,ted-poe,barely-true,1,fixed_split_train_test,0,0.45085992517122997,0,0.47909290139421207
5283.json,phil-gingrey,half-true,0,fixed_split_train_test,0,0.39814330089849487,0,0.3932909208610178
4204.json,tom-leppert,false,1,fixed_split_train_test,1,0.6732928244672057,1,0.517429361291518
7288.json,terry-mcauliffe,false,1,fixed_split_train_test,1,0.666505844918801,1,0.704366295736076
10223.json,russ-girling,false,1,fixed_split_train_test,0,0.47741093966377546,0,0.4052464050915448
4526.json,mike-mccabe,false,1,fixed_split_train_test,0,0.4602696323970175,0,0.4593823649464433
10493.json,ted-cruz,mostly-true,0,fixed_split_train_test,1,0.6287236065552502,1,0.7546588641074351
6812.json,americans-tax-reform,barely-true,1,fixed_split_train_test,1,0.5881215438244858,1,0.5851656331519705
13214.json,oxfam-america,mostly-true,0,fixed_split_train_test,1,0.5193372539598474,0,0.38979738333392
12662.json,charles-ramsey,mostly-true,0,fixed_split_train_test,0,0.3684913637977833,0,0.30929303712285383
3933.json,rick-santorum,false,1,fixed_split_train_test,0,0.4594360533476529,1,0.527777600097263
7268.json,scott-walker,mostly-true,0,fixed_split_train_test,0,0.3710302393818373,0,0.3299711082251781
2717.json,marco-rubio,half-true,0,fixed_split_train_test,0,0.27866499210229484,0,0.30536745049086705
2252.json,tim-kaine,half-true,0,fixed_split_train_test,1,0.6551707069777086,0,0.4917454036911705
3029.json,scott-walker,mostly-true,0,fixed_split_train_test,1,0.5715004715027426,1,0.6500441592567171
3471.json,jeff-stone,half-true,0,fixed_split_train_test,0,0.4819716951897975,0,0.4662573050014233
3710.json,nathan-deal,true,0,fixed_split_train_test,0,0.3408527662836234,0,0.34673127919664715
1855.json,bill-white,mostly-true,0,fixed_split_train_test,1,0.5587548631242142,1,0.5026307565619347
7771.json,joee-lindbeck,half-true,0,fixed_split_train_test,0,0.36671200251898556,0,0.38051833725329914
13409.json,donald-trump,barely-true,1,fixed_split_train_test,0,0.4083527139536452,1,0.6688786718753034
5101.json,mitt-romney,half-true,0,fixed_split_train_test,0,0.3694963781423489,0,0.3656237459650521
7356.json,sherrod-brown,true,0,fixed_split_train_test,0,0.3824074954033713,0,0.37233792883124833
4568.json,new-jersey-democratic-state-committee,barely-true,1,fixed_split_train_test,1,0.5589527043385666,0,0.4530880687750316
2099.json,john-boehner,false,1,fixed_split_train_test,0,0.45510045180106345,0,0.47251642659516685
1849.json,john-oxendine,half-true,0,fixed_split_train_test,0,0.4488701179711374,0,0.4102904733812301
7790.json,john-depetro,pants-fire,1,fixed_split_train_test,1,0.6761574327501882,1,0.7081708539666292
6320.json,barack-obama,mostly-true,0,fixed_split_train_test,0,0.43046795994331594,0,0.3283009199973186
3500.json,greater-wisconsin-political-fund,half-true,0,fixed_split_train_test,1,0.5711832388638851,1,0.5742009793890144
2460.json,steve-kagen,pants-fire,1,fixed_split_train_test,1,0.571047057283861,1,0.6034268418611002
1948.json,john-faulk,false,1,fixed_split_train_test,0,0.4087306180882322,0,0.4234619023745381
10739.json,karl-rove,mostly-true,0,fixed_split_train_test,0,0.4415726488383238,0,0.46834163645463606
13020.json,catherine-cortez-masto,mostly-true,0,fixed_split_train_test,0,0.4866828201782566,1,0.5034506430387303
1119.json,barack-obama,false,1,fixed_split_train_test,0,0.47933932776420163,0,0.35589629415980745
13128.json,donald-trump,mostly-true,0,fixed_split_train_test,1,0.5736440257712335,1,0.8631928640880763
11050.json,generation-forward-pac,mostly-true,0,fixed_split_train_test,0,0.3832005960112863,0,0.4079483388356021
7195.json,lenny-curry,barely-true,1,fixed_split_train_test,0,0.4955565436535215,0,0.4435580781662004
13047.json,donald-trump,half-true,0,fixed_split_train_test,0,0.43143785784362876,1,0.6090575781311585
2560.json,future-pac-oregon-house-democrats,pants-fire,1,fixed_split_train_test,1,0.5898574908435407,0,0.48606688835517453
8463.json,chris-abele,false,1,fixed_split_train_test,0,0.4330155547978156,0,0.4041571940927106
3458.json,morgan-griffith,barely-true,1,fixed_split_train_test,0,0.48610296438177963,1,0.5050536107532203
8352.json,blog-posting,pants-fire,1,fixed_split_train_test,1,0.6225708310147664,1,0.7704453101280473
11847.json,national-republican-senatorial-committee,barely-true,1,fixed_split_train_test,1,0.5433194259786498,1,0.657506220822139
8170.json,eric-cantor,pants-fire,1,fixed_split_train_test,1,0.5354884451161477,1,0.5984988586023886
10293.json,steve-adler,mostly-true,0,fixed_split_train_test,1,0.5884430138150478,0,0.4860065280713591
5314.json,kathleen-clyde,true,0,fixed_split_train_test,0,0.32088277626790285,0,0.3850802155024419
2625.json,jack-conway,mostly-true,0,fixed_split_train_test,1,0.5707130884809325,1,0.5680183316177935
12749.json,donald-trump,half-true,0,fixed_split_train_test,0,0.35415905892983807,1,0.5361492868633182
6905.json,paul-ryan,mostly-true,0,fixed_split_train_test,0,0.36428937560554997,0,0.3547713352789266
10672.json,sally-kohn,false,1,fixed_split_train_test,0,0.4305366789081876,0,0.45458164451611904
2217.json,rachel-maddow,half-true,0,fixed_split_train_test,0,0.4517366209109137,0,0.4550825306965832
10232.json,mitch-mcconnell,barely-true,1,fixed_split_train_test,0,0.3876973934724374,0,0.4631148081068617
7230.json,chris-christie,half-true,0,fixed_split_train_test,0,0.42136000007282987,0,0.47285785002956254
4993.json,maciver-institute,barely-true,1,fixed_split_train_test,1,0.7551128836125853,1,0.670438329782004
794.json,barack-obama,half-true,0,fixed_split_train_test,1,0.5615230556476607,0,0.3292884701244371
12011.json,donald-trump,half-true,0,fixed_split_train_test,0,0.44621805322530833,1,0.6787387417854072
8946.json,rachel-maddow,true,0,fixed_split_train_test,0,0.4590637146153766,0,0.4813499732301076
3508.json,david-prosser,pants-fire,1,fixed_split_train_test,0,0.3795330054413236,0,0.43194112339214485
3306.json,rob-woodall,half-true,0,fixed_split_train_test,0,0.4993834466314748,0,0.4615904432631468
1189.json,tom-price,mostly-true,0,fixed_split_train_test,0,0.370307805433185,0,0.45017813820751107
9107.json,alison-lundergan-grimes,true,0,fixed_split_train_test,0,0.4978140900560358,1,0.569949251615083
809.json,barack-obama,true,0,fixed_split_train_test,0,0.4504064141902597,0,0.33834606594213773
171.json,rudy-giuliani,false,1,fixed_split_train_test,0,0.48686786893980405,1,0.5028460220426134
1739.json,kay-bailey-hutchison,half-true,0,fixed_split_train_test,0,0.47447219301285726,1,0.5314782148663693
9047.json,david-dewhurst,mostly-true,0,fixed_split_train_test,1,0.5609100206504902,1,0.5804488540697791
7685.json,linda-finn,half-true,0,fixed_split_train_test,0,0.4598272623194665,0,0.43907703367613854
13490.json,don-beyer,false,1,fixed_split_train_test,0,0.4620023722593766,0,0.3779373436936852
10962.json,sheldon-whitehouse,true,0,fixed_split_train_test,0,0.3356037216193244,0,0.35242481173678686
7845.json,chris-christie,half-true,0,fixed_split_train_test,0,0.4118377761992235,0,0.41909861310160773
10388.json,jonathan-turley,barely-true,1,fixed_split_train_test,1,0.6419255239784628,1,0.5824883970155021
180.json,bill-richardson,false,1,fixed_split_train_test,0,0.475297934508776,0,0.41585393112167773
781.json,barack-obama,false,1,fixed_split_train_test,0,0.462947362682634,0,0.45891399681294426
12627.json,hillary-clinton,true,0,fixed_split_train_test,1,0.5875922315717456,0,0.41797108328642835
2594.json,joe-manchin,true,0,fixed_split_train_test,0,0.45796158409975424,0,0.44578761261679634
7543.json,michele-bachmann,pants-fire,1,fixed_split_train_test,0,0.41615273490510546,1,0.5023514626086163
7073.json,priorities-usa-action,barely-true,1,fixed_split_train_test,0,0.39717378145790944,0,0.4360286526823758
12195.json,mark-pocan,true,0,fixed_split_train_test,0,0.3696657675426707,0,0.3579020475994595
13190.json,mike-pence,barely-true,1,fixed_split_train_test,1,0.5188430070946864,1,0.5153300925821298
7447.json,greg-abbott,true,0,fixed_split_train_test,1,0.5289592792815339,1,0.5172567802528661
9472.json,oregon-department-agriculture,half-true,0,fixed_split_train_test,0,0.29747295552759856,0,0.3928809045657024
12368.json,donald-trump,barely-true,1,fixed_split_train_test,0,0.4235791219233046,1,0.5987365223675521
5788.json,frank-wolf,true,0,fixed_split_train_test,0,0.405147361891413,0,0.4442955022288053
6665.json,barack-obama,half-true,0,fixed_split_train_test,0,0.38766342989111363,0,0.2907743708842776
10858.json,facebook-posts,pants-fire,1,fixed_split_train_test,0,0.3907355348687816,0,0.4800059168411652
3522.json,jason-haas,false,1,fixed_split_train_test,1,0.5615244511366138,0,0.4949369515914826
6469.json,americans-prosperity,false,1,fixed_split_train_test,0,0.42719538806381346,0,0.47231991089295566
13502.json,sean-duffy,barely-true,1,fixed_split_train_test,0,0.4815994808306365,0,0.4091211923043452
9834.json,edward-flynn,mostly-true,0,fixed_split_train_test,0,0.41319848639352813,0,0.33131993721245456
7991.json,phil-burress,half-true,0,fixed_split_train_test,1,0.5201756551799385,1,0.5760185549466885
7994.json,jonathan-stickland,barely-true,1,fixed_split_train_test,0,0.34134964245883787,0,0.4690413695768877
10846.json,scott-walker,false,1,fixed_split_train_test,1,0.6285667726199541,1,0.5629801202956665
8830.json,rick-scott,half-true,0,fixed_split_train_test,0,0.3125676397877376,0,0.26505424556908597
6033.json,bill-nelson,true,0,fixed_split_train_test,0,0.4655990426828408,0,0.43041451774086226
700.json,john-mccain,true,0,fixed_split_train_test,0,0.43690380785538274,0,0.4322259446350237
12214.json,bernie-s,mostly-true,0,fixed_split_train_test,0,0.43714136364233913,0,0.4162673037751628
11661.json,occupy-democrats,false,1,fixed_split_train_test,0,0.45389752901322306,0,0.46080058603516144
8986.json,barack-obama,mostly-true,0,fixed_split_train_test,1,0.5435270399982883,0,0.2773840604526742
6922.json,lois-frankel,barely-true,1,fixed_split_train_test,0,0.45632034746685723,0,0.49171890098287874
2738.json,georgia-house-democratic-caucus-behalf-elena-paren,false,1,fixed_split_train_test,1,0.5425659079231218,0,0.4963545011554828
7416.json,david-plouffe,barely-true,1,fixed_split_train_test,1,0.5090718619206858,1,0.6328200688348293
9101.json,barbara-boxer,half-true,0,fixed_split_train_test,0,0.3078885672214777,0,0.3333599893930257
2494.json,mark-belling,pants-fire,1,fixed_split_train_test,1,0.6045437333689131,1,0.5215916598737348
553.json,wesley-clark,false,1,fixed_split_train_test,1,0.6001239171688338,1,0.5933868928314452
574.json,campaign-money-watch,true,0,fixed_split_train_test,0,0.33817012803913665,0,0.3971820778545539
1262.json,glenn-beck,false,1,fixed_split_train_test,1,0.5858936286884164,1,0.5520502279638602
9900.json,mark-harris,mostly-true,0,fixed_split_train_test,0,0.4216503468698082,0,0.40485241588914694
1677.json,karen-sage,true,0,fixed_split_train_test,0,0.46514456766459444,0,0.42525775439694646
575.json,campaign-money-watch,barely-true,1,fixed_split_train_test,0,0.4071845960302707,0,0.43154312935549477
447.json,barack-obama,false,1,fixed_split_train_test,1,0.6099498466978021,0,0.44765945164836113
13049.json,blog-posting,false,1,fixed_split_train_test,0,0.43211555684001196,1,0.6997729414361469
12168.json,your-choice-colorado,half-true,0,fixed_split_train_test,1,0.7544758934411062,1,0.5500494987822211
11308.json,hugh-hewitt,half-true,0,fixed_split_train_test,0,0.3662263062686778,0,0.42323425378149365
11212.json,matt-wuerker,mostly-true,0,fixed_split_train_test,0,0.469554554559799,0,0.430580700432907
3697.json,jim-renacci,mostly-true,0,fixed_split_train_test,0,0.34680500026664973,0,0.27971720795958505
12770.json,michelle-obama,true,0,fixed_split_train_test,0,0.4870457954526847,0,0.4218492099666898
11955.json,wisconsin-working-families-party,false,1,fixed_split_train_test,0,0.451625184271328,0,0.4133592313740882
13423.json,donald-trump,false,1,fixed_split_train_test,1,0.6555136444863515,1,0.8507283583498442
3087.json,brian-moran,pants-fire,1,fixed_split_train_test,0,0.44260483934906814,0,0.4340221903420708
3046.json,jim-doyle,mostly-true,0,fixed_split_train_test,0,0.45976888474113503,0,0.4821302195759771
12203.json,tom-price,half-true,0,fixed_split_train_test,0,0.4658980992579743,0,0.4454307176399714
12734.json,mike-pence,barely-true,1,fixed_split_train_test,0,0.4551395576806555,0,0.45878520331231004
1515.json,americans-united-change,half-true,0,fixed_split_train_test,1,0.5200432842066259,1,0.6072439606408208
9553.json,ted-cruz,false,1,fixed_split_train_test,1,0.5216661075097879,1,0.6302566036706905
8557.json,jan-schakowsky,true,0,fixed_split_train_test,0,0.4251971559327876,0,0.4037315150614612
4194.json,tim-pawlenty,mostly-true,0,fixed_split_train_test,1,0.7550543679015835,1,0.6778563289763093
13487.json,james-quintero,barely-true,1,fixed_split_train_test,0,0.48038553191884614,0,0.4606961263398007
11184.json,facebook-posts,false,1,fixed_split_train_test,1,0.5712037099498416,1,0.6486238950015035
12221.json,ted-cruz,mostly-true,0,fixed_split_train_test,0,0.4682973614272901,1,0.597550420691228
3460.json,john-kasich,half-true,0,fixed_split_train_test,0,0.4946070845088187,0,0.48845713566110516
7529.json,service-employees-international-union-committee-po,false,1,fixed_split_train_test,1,0.5836160983500518,1,0.5170649282621611
10717.json,rick-perry,half-true,0,fixed_split_train_test,1,0.5008944600831041,0,0.481613144954324
4714.json,barack-obama,false,1,fixed_split_train_test,0,0.3807237093679424,0,0.3139624040781209
4017.json,newt-gingrich,mostly-true,0,fixed_split_train_test,0,0.38626298792194447,1,0.545077224151252
9256.json,rush-limbaugh,false,1,fixed_split_train_test,0,0.33678934080281975,0,0.4489473986750167
6006.json,william-obrien,false,1,fixed_split_train_test,0,0.4029211006787504,0,0.49235627433689255
6197.json,sean-duffy,barely-true,1,fixed_split_train_test,1,0.549016295209956,1,0.5423805777417621
1187.json,paul-hipp,mostly-true,0,fixed_split_train_test,0,0.3655274777370699,0,0.46867731398064166
8104.json,don-lemon,mostly-true,0,fixed_split_train_test,0,0.38202221957871424,0,0.37318307202182266
1556.json,bill-white,true,0,fixed_split_train_test,0,0.3768855348505069,0,0.3856148540429487
7970.json,todd-young,false,1,fixed_split_train_test,0,0.3982100041278769,0,0.47768001089075246
12487.json,joyce-beatty,barely-true,1,fixed_split_train_test,0,0.3793460031855516,0,0.37303320093137493
1310.json,cw-bill-young,false,1,fixed_split_train_test,0,0.4907878939937029,0,0.42794150405164816
6163.json,shawn-lindsay,false,1,fixed_split_train_test,0,0.41720053150679,0,0.39284160080519365
7819.json,alberta-darling,true,0,fixed_split_train_test,0,0.3725089511379977,0,0.3555739082798975
814.json,barack-obama,mostly-true,0,fixed_split_train_test,0,0.4378214256955432,0,0.3367442665157406
8486.json,suzanne-somers,true,0,fixed_split_train_test,1,0.5323658728476921,1,0.5177445288471372
12141.json,roy-blunt,barely-true,1,fixed_split_train_test,0,0.4670230848991527,0,0.46511449205494865
3257.json,dan-patrick,true,0,fixed_split_train_test,0,0.39864665965619694,0,0.4503024941120068
3330.json,rick-scott,barely-true,1,fixed_split_train_test,1,0.5604003859237785,1,0.5398037072598693
6436.json,eric-hovde,half-true,0,fixed_split_train_test,0,0.4906565807704129,0,0.4279491498796915
70.json,ron-paul,mostly-true,0,fixed_split_train_test,0,0.34668259100224874,0,0.3799236233818183
10140.json,john-carlevale,false,1,fixed_split_train_test,0,0.4167203141539824,0,0.3622795915010979
1120.json,john-boehner,false,1,fixed_split_train_test,1,0.5724462453135915,1,0.647679367166935
8595.json,ken-cuccinelli,barely-true,1,fixed_split_train_test,1,0.7003103577825446,1,0.6699932332610494
4885.json,joe-biden,mostly-true,0,fixed_split_train_test,0,0.37114173263504463,0,0.3530023109292604
11917.json,john-mccain,true,0,fixed_split_train_test,0,0.4514727978252521,0,0.4579070600129564
10773.json,marco-rubio,half-true,0,fixed_split_train_test,1,0.523526175128385,1,0.5316518531601514
4718.json,ann-lininger,false,1,fixed_split_train_test,1,0.5457979746404877,0,0.45511283824451654
6616.json,george-lemieux,true,0,fixed_split_train_test,0,0.4840539554089772,0,0.4668115447140188
3284.json,bill-posey,mostly-true,0,fixed_split_train_test,1,0.5541474535913986,0,0.47201025998787366
2290.json,barack-obama,barely-true,1,fixed_split_train_test,1,0.5955062685569762,0,0.34193178073851693
10978.json,don-beyer,true,0,fixed_split_train_test,0,0.38425571486133114,0,0.3714082020427931
8764.json,marilinda-garcia,mostly-true,0,fixed_split_train_test,0,0.4009790276627887,0,0.41182457082874846
2203.json,marco-rubio,mostly-true,0,fixed_split_train_test,0,0.4645977991366969,0,0.45229549481070125
7118.json,patricia-morgan,half-true,0,fixed_split_train_test,0,0.32349266390965253,0,0.42030135638081506
7164.json,john-kasich,true,0,fixed_split_train_test,0,0.4100873865596153,0,0.4211423071324459
4208.json,allen-west,false,1,fixed_split_train_test,0,0.3508175467504804,0,0.46378468115015553
714.json,sarah-palin,mostly-true,0,fixed_split_train_test,1,0.5217570770100963,0,0.46131498580537617
13437.json,maggie-hassan,barely-true,1,fixed_split_train_test,1,0.5985070527026466,1,0.5265606285251626
6401.json,american-bridge-21st-century,mostly-true,0,fixed_split_train_test,1,0.5569754242472656,1,0.5154931155609918
5251.json,blog-posting,mostly-true,0,fixed_split_train_test,0,0.3497112403799031,1,0.5550961801601703
378.json,hillary-clinton,half-true,0,fixed_split_train_test,1,0.527104846188762,0,0.333726440249301
5095.json,rick-perry,pants-fire,1,fixed_split_train_test,1,0.7986574249300789,1,0.653478383392476
11000.json,jim-steineke,false,1,fixed_split_train_test,0,0.484437920917551,0,0.4346067230003828
3741.json,sherrod-brown,barely-true,1,fixed_split_train_test,0,0.3155386093221718,0,0.3076396725773203
8979.json,mark-pryor,barely-true,1,fixed_split_train_test,0,0.4878534296558119,1,0.5769927879964363
3803.json,todd-staples,mostly-true,0,fixed_split_train_test,0,0.46026378405157575,0,0.415697725221537
12087.json,hillary-clinton,barely-true,1,fixed_split_train_test,0,0.35019293690845965,0,0.41822719932521957
1712.json,tom-grady,false,1,fixed_split_train_test,0,0.4052752372116389,0,0.4874972408388038
1093.json,sarah-palin,false,1,fixed_split_train_test,1,0.9111922691579014,1,0.6314719530738944
3027.json,gerry-connolly,half-true,0,fixed_split_train_test,0,0.4257330369802769,0,0.3441992436749734
4977.json,marish-agana,barely-true,1,fixed_split_train_test,0,0.3878946454728932,0,0.40034149657275897
4689.json,jeb-hensarling,false,1,fixed_split_train_test,0,0.37288783837889966,0,0.38083379599007094
9227.json,charlie-crist,barely-true,1,fixed_split_train_test,1,0.5517699667750291,0,0.4090641185867803
12927.json,joaquin-castro,mostly-true,0,fixed_split_train_test,1,0.5433562130311119,1,0.5120296755519309
3997.json,martin-omalley,half-true,0,fixed_split_train_test,0,0.49102494004076136,0,0.4396309905624869
13000.json,bruce-rauner,barely-true,1,fixed_split_train_test,0,0.3355715722976398,0,0.2808863347243593
11704.json,greg-abbott,barely-true,1,fixed_split_train_test,1,0.5808845015748006,1,0.5200566520202212
11654.json,kevin-russell,mostly-true,0,fixed_split_train_test,0,0.39011509180880277,0,0.40119367908046244
340.json,john-mccain,true,0,fixed_split_train_test,1,0.5325857312756055,0,0.43546254753293206
6485.json,barack-obama,half-true,0,fixed_split_train_test,0,0.3485450495280059,0,0.32534319758940894
9231.json,chain-email,false,1,fixed_split_train_test,0,0.2718889328531916,1,0.6321047520853206
10416.json,barack-obama,mostly-true,0,fixed_split_train_test,0,0.48590797012328296,0,0.3973816228035351
12924.json,gary-johnson,true,0,fixed_split_train_test,0,0.40067214043059884,0,0.3787146193198423
6816.json,american-future-fund,barely-true,1,fixed_split_train_test,0,0.4751128700095414,0,0.48590418051360973
13172.json,chris-koster,half-true,0,fixed_split_train_test,1,0.5812131420954378,1,0.5329786042815927
13484.json,blog-posting,pants-fire,1,fixed_split_train_test,0,0.44921282661972994,1,0.7423286774405189
10869.json,family-foundation,true,0,fixed_split_train_test,0,0.46853816343173826,0,0.4678262647307805
9823.json,senate-majority-pac,false,1,fixed_split_train_test,1,0.6420437733225225,1,0.6491926216256368
3738.json,newt-gingrich,false,1,fixed_split_train_test,0,0.40039416984453163,0,0.4845533963358743
8552.json,ellen-qualls,half-true,0,fixed_split_train_test,0,0.372649038001776,0,0.44853387263184635
3044.json,allen-west,false,1,fixed_split_train_test,1,0.5248803777016485,1,0.5530761519196983
6121.json,chris-christie,barely-true,1,fixed_split_train_test,1,0.5288751798212473,1,0.5971484364626654
11261.json,scott-walker,mostly-true,0,fixed_split_train_test,0,0.3568519817233849,0,0.4223492557265411
12392.json,alan-grayson,barely-true,1,fixed_split_train_test,1,0.5363080377756302,0,0.4984235675858907
4522.json,josh-mandel,barely-true,1,fixed_split_train_test,1,0.5048944728784729,1,0.5254089013493151
8285.json,bill-foster,barely-true,1,fixed_split_train_test,0,0.3957999476686793,0,0.36710923976956644
12244.json,hillary-clinton,true,0,fixed_split_train_test,1,0.5009683414153486,0,0.4370060087351877
7667.json,national-rifle-association,barely-true,1,fixed_split_train_test,0,0.4642587496028405,1,0.5418929444643621
101.json,democratic-national-committee,barely-true,1,fixed_split_train_test,1,0.5120092856200883,0,0.4346621408602558
2775.json,eric-cantor,true,0,fixed_split_train_test,0,0.35910414079782826,0,0.36409593554142416
1909.json,barack-obama,half-true,0,fixed_split_train_test,1,0.571764802873502,0,0.4198953081054664
13203.json,naral-pro-choice,false,1,fixed_split_train_test,0,0.46008440436307696,0,0.4677515416268036
8303.json,barbara-buono,half-true,0,fixed_split_train_test,0,0.29943760825860827,0,0.30470165604969757
10466.json,barack-obama,barely-true,1,fixed_split_train_test,1,0.5080210084089635,0,0.34199124942522485
9229.json,bob-cole,half-true,0,fixed_split_train_test,0,0.49123752988856895,0,0.43593866217846605
8498.json,gina-raimondo,mostly-true,0,fixed_split_train_test,0,0.2904666193810898,0,0.3586084573954338
11887.json,j-jacobs,true,0,fixed_split_train_test,1,0.5686687119331931,0,0.43258128111780736
11895.json,tom-wolf,barely-true,1,fixed_split_train_test,0,0.35855312744934453,0,0.41926398299606554
1385.json,farouk-shami,half-true,0,fixed_split_train_test,0,0.48263708632268953,0,0.49833558056540445
6097.json,stephen-simpson,mostly-true,0,fixed_split_train_test,0,0.46467898141200614,0,0.45960836015853845
1652.json,barack-obama,half-true,0,fixed_split_train_test,1,0.8214226925042469,1,0.6968621067635548
1950.json,vernon-jones,pants-fire,1,fixed_split_train_test,0,0.42643178527788145,0,0.4265390685663872
8685.json,kathleen-sebelius,true,0,fixed_split_train_test,0,0.2811980539204892,0,0.3444212768936489
9200.json,louie-gohmert,false,1,fixed_split_train_test,0,0.42000869074464187,0,0.4634259326964083
2374.json,jim-sensenbrenner,false,1,fixed_split_train_test,1,0.6302799114600309,1,0.517358317459732
2533.json,republican-party-florida,half-true,0,fixed_split_train_test,0,0.38742258437946037,0,0.4677644745664529
5416.json,alan-bates,true,0,fixed_split_train_test,0,0.39557015466782325,0,0.36595773172551227
2557.json,allen-boyd,false,1,fixed_split_train_test,0,0.4302848929822558,0,0.46155891264884125
5087.json,mitt-romney,false,1,fixed_split_train_test,1,0.5519738153419791,1,0.5351497558945773
8960.json,mark-obenshain,mostly-true,0,fixed_split_train_test,0,0.41150545343321304,0,0.38413620853560665
3362.json,phyllis-schlafly,false,1,fixed_split_train_test,1,0.6789333518209176,1,0.5037992046240664
9844.json,david-dewhurst,false,1,fixed_split_train_test,0,0.3963427635364638,0,0.3869689863483559
9292.json,charlie-crist,half-true,0,fixed_split_train_test,0,0.3862430362062738,0,0.39400939877521657
6119.json,jim-demint,barely-true,1,fixed_split_train_test,1,0.5123960020799242,0,0.4838503893277552
12371.json,ed-gillespie,true,0,fixed_split_train_test,0,0.3864738945056648,0,0.4643510977793476
7665.json,gabrielle-giffords,true,0,fixed_split_train_test,0,0.35866838384923144,0,0.3761969955201628
8576.json,city-austin,true,0,fixed_split_train_test,0,0.40331196532594715,0,0.4207535214863649
6637.json,jack-markell,false,1,fixed_split_train_test,0,0.39320650935307244,0,0.45721318091373137
9096.json,john-mccallum,mostly-true,0,fixed_split_train_test,0,0.40913718211159744,0,0.3534353516001438
7698.json,randy-forbes,true,0,fixed_split_train_test,1,0.610415494905075,1,0.5139588366330129
10547.json,associated-press,true,0,fixed_split_train_test,1,0.5070050512650248,0,0.4642348770165847
187.json,hillary-clinton,half-true,0,fixed_split_train_test,0,0.4536072294807533,0,0.3059217674848209
2470.json,allen-west,pants-fire,1,fixed_split_train_test,0,0.38155814001938615,0,0.46704383331023763
6045.json,chain-email,pants-fire,1,fixed_split_train_test,1,0.6470837184066437,1,0.8326068136304916
339.json,hillary-clinton,true,0,fixed_split_train_test,1,0.5525292165040162,0,0.41151788387685
11004.json,hillary-clinton,true,0,fixed_split_train_test,0,0.4608734216938864,0,0.3644336850129705
11337.json,martin-omalley,mostly-true,0,fixed_split_train_test,1,0.549188323843809,1,0.5368277483384483
4250.json,alberta-darling,pants-fire,1,fixed_split_train_test,1,0.6028439314361528,1,0.5533995723325016
631.json,jerome-corsi,pants-fire,1,fixed_split_train_test,1,0.6023388783851212,1,0.5772129376479461
9351.json,charles-van-zant,pants-fire,1,fixed_split_train_test,0,0.45508966374397475,0,0.4429474474922518
5746.json,clarence-thomas,true,0,fixed_split_train_test,0,0.47993003964280717,0,0.45629370957956916
4136.json,kris-jordan,half-true,0,fixed_split_train_test,0,0.40176266971048574,0,0.40829669889054065
1681.json,paul-ryan,barely-true,1,fixed_split_train_test,0,0.3193058303749279,0,0.368462928054535
5074.json,john-kasich,mostly-true,0,fixed_split_train_test,0,0.3937721240131021,0,0.3395956323688564
4195.json,rick-santorum,barely-true,1,fixed_split_train_test,0,0.41194662026725676,1,0.5053249074130676
3931.json,adam-hasner,barely-true,1,fixed_split_train_test,0,0.47206697784334894,0,0.38997678542360203
4883.json,matt-mackowiak,true,0,fixed_split_train_test,1,0.5721582373418924,1,0.5296043273847828
6795.json,bill-clinton,barely-true,1,fixed_split_train_test,0,0.4987854167256072,0,0.44462376161093387
9818.json,michelle-nunn,barely-true,1,fixed_split_train_test,1,0.5071471669259714,0,0.4436779649806052
8573.json,tom-cotton,half-true,0,fixed_split_train_test,1,0.5710851601150945,1,0.5624431163858711
13184.json,mike-pence,mostly-true,0,fixed_split_train_test,0,0.4975691555859626,0,0.45785880470443385
11559.json,rand-paul,mostly-true,0,fixed_split_train_test,0,0.41882906462951264,0,0.4019790238678685
9241.json,don-balfour,true,0,fixed_split_train_test,0,0.45863844790170843,0,0.4100420865703547
8902.json,hugh-fitzsimons,mostly-true,0,fixed_split_train_test,1,0.6855305108059667,1,0.6235802993047106
12511.json,donald-trump,false,1,fixed_split_train_test,1,0.5052666233705669,1,0.6946342344298542
7285.json,barbara-buono,pants-fire,1,fixed_split_train_test,1,0.5282606646961385,0,0.46141035357066135
1005.json,chain-email,pants-fire,1,fixed_split_train_test,1,0.5015441045464845,1,0.8029998216520435
609.json,barack-obama,half-true,0,fixed_split_train_test,0,0.18366168161931998,0,0.32750104581710987
9436.json,hillary-clinton,barely-true,1,fixed_split_train_test,0,0.39004951363122475,0,0.3962579517575676
5671.json,rick-santorum,false,1,fixed_split_train_test,0,0.38424974771814263,0,0.4385418394717451
6699.json,menendez-facts,pants-fire,1,fixed_split_train_test,1,0.506669641934681,0,0.49959814802497143
7334.json,rick-scott,half-true,0,fixed_split_train_test,0,0.36256844415018596,0,0.35530729388163595
9788.json,jay-nixon,barely-true,1,fixed_split_train_test,0,0.3300272112576592,0,0.33590615258878925
10710.json,mackubin-thomas-owens,barely-true,1,fixed_split_train_test,1,0.5844772931228394,1,0.596027627364883
3186.json,john-kasich,barely-true,1,fixed_split_train_test,1,0.569165049524134,1,0.5297668071632762
6743.json,john-burzichelli,false,1,fixed_split_train_test,0,0.46272116184295675,0,0.4581795081765434
