id,speaker,label,is_low_truth,setting,text_only_pred,text_only_score,text_plus_graph_pred,text_plus_graph_score
11972.json,rick-perry,true,0,fixed_split_train_test,1,0.6431954370849886,1,0.8129581192099966
11685.json,katrina-shankland,false,1,fixed_split_train_test,0,0.45252688125086327,0,0.7544066260598333
11096.json,donald-trump,false,1,fixed_split_train_test,0,0.4606801641668958,1,0.8148432597904741
5209.json,rob-cornilles,half-true,0,fixed_split_train_test,1,0.6722240796100756,1,0.8696801828857286
9524.json,state-democratic-party-wisconsin,pants-fire,1,fixed_split_train_test,1,0.668738525930865,1,0.8420343517167113
5962.json,brendan-doherty,true,0,fixed_split_train_test,0,0.39840815413114644,0,0.7510976305493312
7070.json,stand-children-tennessee,true,0,fixed_split_train_test,0,0.1819201067385949,0,0.6227032705944446
1046.json,john-boehner,barely-true,1,fixed_split_train_test,1,0.5590806764231545,1,0.8090535404497782
12849.json,sean-patrick-maloney,true,0,fixed_split_train_test,0,0.3791159986128723,0,0.6996821336993185
13270.json,mike-pence,barely-true,1,fixed_split_train_test,0,0.2938460328981081,0,0.6849392467280476
6649.json,mike-berlon,barely-true,1,fixed_split_train_test,0,0.305842913281954,0,0.686374298446762
2508.json,bill-flores,barely-true,1,fixed_split_train_test,1,0.5904360337697234,1,0.8248908940234455
11269.json,viral-image,pants-fire,1,fixed_split_train_test,1,0.8678531537488419,1,0.9273647352319415
11200.json,facebook-posts,false,1,fixed_split_train_test,0,0.2237472887149641,0,0.681260919244389
8047.json,chris-abele,half-true,0,fixed_split_train_test,1,0.5346850665934937,0,0.7555295203454144
4888.json,rick-santorum,true,0,fixed_split_train_test,0,0.2615536950703477,0,0.6993237762374417
3331.json,tom-niehaus,pants-fire,1,fixed_split_train_test,1,0.5985246524754316,1,0.8231287229785264
9198.json,marsha-blackburn,half-true,0,fixed_split_train_test,1,0.5067848212213979,0,0.7363719556703384
73.json,hillary-clinton,true,0,fixed_split_train_test,0,0.4406674520210472,0,0.7493388650873232
1328.json,sarah-palin,false,1,fixed_split_train_test,0,0.31134924202337144,0,0.7259058192991906
12169.json,chris-sgro,mostly-true,0,fixed_split_train_test,1,0.6594719006850639,1,0.7732981390729095
5244.json,marco-rubio,half-true,0,fixed_split_train_test,0,0.45887880026632166,1,0.8002794578360513
12996.json,donald-trump,pants-fire,1,fixed_split_train_test,0,0.333647612250892,0,0.7158097532993294
8162.json,marijuana-policy-project,mostly-true,0,fixed_split_train_test,0,0.42592259452335635,0,0.7417594596557084
10064.json,republican-party-florida,false,1,fixed_split_train_test,1,0.6293574240035291,1,0.83906620995219
1084.json,lindsey-graham,true,0,fixed_split_train_test,0,0.4769502130662834,0,0.763949677159564
13231.json,hillary-clinton,barely-true,1,fixed_split_train_test,1,0.5185901292269628,1,0.7803949364720991
13089.json,republican-national-committee-republican,half-true,0,fixed_split_train_test,1,0.554490260254477,0,0.7673515511416552
1051.json,mike-pence,true,0,fixed_split_train_test,1,0.7519625637657908,1,0.8789861888472813
4161.json,cliff-stearns,mostly-true,0,fixed_split_train_test,0,0.342306704179649,0,0.7090309154319564
11966.json,cory-gardner,false,1,fixed_split_train_test,1,0.6020012031745726,1,0.8348690313730427
9800.json,sarah-palin,false,1,fixed_split_train_test,1,0.6112527074210555,1,0.7900557639978341
816.json,barack-obama,half-true,0,fixed_split_train_test,1,0.6760437497646259,1,0.8481032765204971
2646.json,democratic-congressional-campaign-committee,half-true,0,fixed_split_train_test,0,0.35197613897253327,0,0.7266690425566095
12381.json,mamie-locke,true,0,fixed_split_train_test,0,0.3631170205670603,0,0.695422102655846
8567.json,herman-cain,half-true,0,fixed_split_train_test,1,0.625445516853188,1,0.8986139743311017
9092.json,rick-scott,barely-true,1,fixed_split_train_test,0,0.4432837371169038,0,0.765120580214798
10055.json,jeanne-shaheen,mostly-true,0,fixed_split_train_test,1,0.8406431317038074,1,0.9098835707634799
4513.json,dennis-kucinich,true,0,fixed_split_train_test,1,0.5483474759685482,0,0.7294037029219278
10340.json,kevin-brady,true,0,fixed_split_train_test,0,0.19539560842152284,0,0.6621579411757007
6849.json,mitt-romney,barely-true,1,fixed_split_train_test,1,0.6045139075052007,1,0.8162165967223907
10971.json,doonesbury,half-true,0,fixed_split_train_test,1,0.8135230968130078,1,0.8538979278186666
13251.json,donald-trump,pants-fire,1,fixed_split_train_test,0,0.41557930569135937,1,0.7728833838686934
7545.json,drew-springer,barely-true,1,fixed_split_train_test,1,0.5563021959314925,1,0.8023621254299526
4929.json,michele-bachmann,mostly-true,0,fixed_split_train_test,1,0.5718478375373323,1,0.8233418240946802
6239.json,robert-menendez,barely-true,1,fixed_split_train_test,1,0.5014113317420145,0,0.7632758726825046
266.json,hillary-clinton,half-true,0,fixed_split_train_test,1,0.5810497344740654,1,0.7853763955023535
8841.json,barack-obama,mostly-true,0,fixed_split_train_test,0,0.3828834209580558,0,0.7094949555324358
6313.json,steve-brown,false,1,fixed_split_train_test,0,0.3386152136326561,0,0.7441822114103658
9550.json,hillary-clinton,barely-true,1,fixed_split_train_test,1,0.717249217278556,1,0.8364528102153976
9612.json,republican-party-florida,half-true,0,fixed_split_train_test,1,0.5216292183504568,1,0.7865058017380581
13272.json,national-rifle-association,barely-true,1,fixed_split_train_test,1,0.6160187054800825,1,0.8251595267073993
7562.json,jeb-bush,mostly-true,0,fixed_split_train_test,1,0.5536549543394641,1,0.7803063143960128
3121.json,david-dewhurst,half-true,0,fixed_split_train_test,0,0.2199485097548885,0,0.7105182924597478
9578.json,jeff-flake,false,1,fixed_split_train_test,0,0.37330932437825115,0,0.7439909332612106
4553.json,committee-our-childrens-future,half-true,0,fixed_split_train_test,0,0.332240571276374,0,0.7043026821572886
2356.json,steven-costantino,mostly-true,0,fixed_split_train_test,1,0.5259302840112483,1,0.7903408492002372
3453.json,hank-johnson,half-true,0,fixed_split_train_test,0,0.40647292904640375,0,0.7566648725495512
1066.json,michele-bachmann,pants-fire,1,fixed_split_train_test,1,0.5324438383910993,0,0.7444716285853308
2092.json,russell-pearce,pants-fire,1,fixed_split_train_test,0,0.3256894865570345,1,0.7816593918939557
7442.json,barack-obama,barely-true,1,fixed_split_train_test,1,0.6317708798544929,1,0.7932579184785049
9910.json,chris-matthews,barely-true,1,fixed_split_train_test,1,0.5545336763617398,0,0.7606072812659744
11083.json,carlos-curbelo,true,0,fixed_split_train_test,1,0.6251113411474538,1,0.860285563346425
11443.json,steven-costantino,false,1,fixed_split_train_test,1,0.5561110691988291,1,0.7968526869696108
11539.json,ezekiel-emanuel,half-true,0,fixed_split_train_test,0,0.4750959949223336,1,0.7861283413632657
2966.json,sherrod-brown,false,1,fixed_split_train_test,0,0.4037807473761447,0,0.7102935278831933
13367.json,patrick-murphy,mostly-true,0,fixed_split_train_test,1,0.6058211185339751,1,0.8443806650872315
1087.json,joe-biden,mostly-true,0,fixed_split_train_test,0,0.273126428705828,0,0.6669808878766791
267.json,bill-richardson,true,0,fixed_split_train_test,1,0.5858260502398476,1,0.8079963329000966
4272.json,lloyd-doggett,true,0,fixed_split_train_test,0,0.1603461147925669,0,0.6121999833210995
8849.json,ian-prior,half-true,0,fixed_split_train_test,0,0.4298290813888898,0,0.7309394073900827
12542.json,priorities-usa-action,half-true,0,fixed_split_train_test,1,0.502767934094054,1,0.7802165714777495
8372.json,david-pennington,barely-true,1,fixed_split_train_test,1,0.5911429808738992,1,0.8476276352862561
3518.json,tim-pawlenty,mostly-true,0,fixed_split_train_test,0,0.3423305183495557,0,0.7492613646043411
8340.json,ted-cruz,false,1,fixed_split_train_test,1,0.6170549806126653,1,0.824695035107243
10218.json,friends-india-point-park,half-true,0,fixed_split_train_test,0,0.4116017060222671,0,0.7162666771208184
12698.json,reince-priebus,false,1,fixed_split_train_test,1,0.5239163866292325,1,0.8140276555316275
2357.json,scott-walker,false,1,fixed_split_train_test,1,0.6821438017895247,1,0.8291248522502629
7823.json,barbara-buono,half-true,0,fixed_split_train_test,0,0.4805355353343049,0,0.7705995062185598
12541.json,donald-trump,barely-true,1,fixed_split_train_test,1,0.6274509260336066,1,0.85866910648064
2854.json,carole-smith,pants-fire,1,fixed_split_train_test,0,0.3258348658493502,0,0.7003410978209853
4719.json,H204TEXAS-PAC,half-true,0,fixed_split_train_test,0,0.4699139869208457,0,0.7315297183787902
2072.json,david-cicilline,true,0,fixed_split_train_test,0,0.1760473062992554,0,0.6516371559311281
2885.json,bill-nelson,false,1,fixed_split_train_test,1,0.5600147552264554,1,0.7854378091005638
13334.json,gerald-daugherty,half-true,0,fixed_split_train_test,0,0.32309718615806243,0,0.727625665417894
4820.json,facebook-posts,half-true,0,fixed_split_train_test,0,0.09929035635601734,0,0.6184878627116293
12309.json,paul-ryan,barely-true,1,fixed_split_train_test,0,0.48584834185929665,1,0.7769307389009799
1420.json,debra-medina,mostly-true,0,fixed_split_train_test,1,0.5709152985261153,1,0.7941241078519627
8761.json,facebook-posts,false,1,fixed_split_train_test,0,0.3569321481312135,0,0.7252311775455853
2491.json,dave-yost,true,0,fixed_split_train_test,0,0.4759293311167306,0,0.7497874020454762
1075.json,democratic-national-committee,barely-true,1,fixed_split_train_test,0,0.2946248232414999,0,0.7053849900557421
9762.json,bob-donovan,true,0,fixed_split_train_test,0,0.35624879288141886,0,0.657628625050717
5935.json,brett-bittner,barely-true,1,fixed_split_train_test,0,0.32037290911257527,0,0.7261552085489873
2821.json,george-allen,pants-fire,1,fixed_split_train_test,1,0.6098219267223631,1,0.8193266026045314
6370.json,julian-castro,true,0,fixed_split_train_test,0,0.37039656004451127,0,0.7503406935954006
3706.json,mike-bennett,pants-fire,1,fixed_split_train_test,1,0.6947153257957621,1,0.8351949153737332
10163.json,james-carr,true,0,fixed_split_train_test,0,0.4365962593384869,0,0.7560291744164079
2796.json,safe-routes-schools,false,1,fixed_split_train_test,0,0.3534930600978042,0,0.7559331913180213
6083.json,rick-scott,barely-true,1,fixed_split_train_test,0,0.4211952321940621,0,0.7655335937239054
5913.json,conservative-renewal-pac,barely-true,1,fixed_split_train_test,1,0.7024961779200222,1,0.9522797424340792
934.json,barack-obama,true,0,fixed_split_train_test,1,0.7392849637892213,1,0.882257643884045
2162.json,kasim-reed,barely-true,1,fixed_split_train_test,0,0.2667500419077566,0,0.6631906597836486
3161.json,rachel-maddow,mostly-true,0,fixed_split_train_test,0,0.06968672055769846,0,0.6058254103696483
2679.json,charlie-crist,true,0,fixed_split_train_test,0,0.40474343545632685,0,0.732097807088471
8929.json,mark-pocan,true,0,fixed_split_train_test,1,0.5257724219973073,1,0.8006092913295655
10040.json,bill-oreilly,half-true,0,fixed_split_train_test,1,0.6144159184993777,1,0.8059442469933169
12398.json,priorities-usa-action,pants-fire,1,fixed_split_train_test,1,0.6683383017430312,1,0.8713233354864391
2690.json,kendrick-meek,pants-fire,1,fixed_split_train_test,0,0.4724576737452957,0,0.7524251083882701
8667.json,bob-schieffer,true,0,fixed_split_train_test,0,0.1908118789886824,0,0.604505732517757
8941.json,wolf-blitzer,true,0,fixed_split_train_test,1,0.94677982953332,1,0.9485899235668647
6821.json,chris-christie,pants-fire,1,fixed_split_train_test,1,0.5158099403271713,1,0.7785133757211662
10631.json,william-obrien,false,1,fixed_split_train_test,1,0.6830976185169999,1,0.8360398224902161
6579.json,nikki-haley,half-true,0,fixed_split_train_test,1,0.5496707826405498,0,0.732016633541261
11400.json,league-conservation-voters,mostly-true,0,fixed_split_train_test,1,0.5902744040736106,0,0.7704294219849632
3228.json,cenk-uygur,true,0,fixed_split_train_test,1,0.622098079210649,1,0.845804693375481
9746.json,mark-emmert,half-true,0,fixed_split_train_test,0,0.22742477123636606,0,0.673886256300906
1915.json,donna-campbell,false,1,fixed_split_train_test,0,0.3728023092565934,0,0.7216179520599073
12456.json,pat-toomey,barely-true,1,fixed_split_train_test,1,0.512567015157872,1,0.7726291346782557
4856.json,democratic-national-committee,half-true,0,fixed_split_train_test,0,0.3408647081132069,0,0.7085529599784822
4698.json,americans-prosperity-new-jersey,false,1,fixed_split_train_test,1,0.5389588676848873,1,0.7860639957193588
2585.json,christine-odonnell,barely-true,1,fixed_split_train_test,1,0.5675264687519626,1,0.7776026493650192
6604.json,crossroads-gps,barely-true,1,fixed_split_train_test,1,0.5315605223303569,1,0.7863206034054024
4495.json,michele-bachmann,pants-fire,1,fixed_split_train_test,0,0.3749374528245031,0,0.7276723089662459
8406.json,ted-cruz,barely-true,1,fixed_split_train_test,1,0.5484920501291686,1,0.8409570292809895
10147.json,jason-carter,false,1,fixed_split_train_test,0,0.43636662227125833,0,0.6761597479222214
10623.json,mark-pocan,mostly-true,0,fixed_split_train_test,1,0.6197907384556605,1,0.8407082311861784
2277.json,roy-barnes,half-true,0,fixed_split_train_test,1,0.7181480819082224,1,0.8624938439741939
8146.json,al-sharpton,mostly-true,0,fixed_split_train_test,0,0.18249645128320213,0,0.6469953350051197
6026.json,scott-walker,half-true,0,fixed_split_train_test,0,0.44504298734975517,0,0.7511059558165653
13056.json,national-republican-congressional-committee,true,0,fixed_split_train_test,1,0.5170122777389384,1,0.7844489206402127
1103.json,glenn-beck,pants-fire,1,fixed_split_train_test,1,0.6032424517594459,1,0.8335179054614481
4444.json,gail-collins,mostly-true,0,fixed_split_train_test,1,0.5880204659507368,1,0.8130182198959472
9269.json,matt-bevin,false,1,fixed_split_train_test,0,0.31256531833585277,0,0.7244815772097889
4105.json,shelly-moore,pants-fire,1,fixed_split_train_test,1,0.6998054035090472,1,0.9425564565545745
8533.json,frank-fahrenkopf,barely-true,1,fixed_split_train_test,0,0.3334272269794908,0,0.7175821559571081
6950.json,connie-mack,mostly-true,0,fixed_split_train_test,0,0.4144373736893237,1,0.7771819051030856
13125.json,donald-trump,barely-true,1,fixed_split_train_test,1,0.643907116403594,1,0.8536980382819923
8294.json,nan-rich,mostly-true,0,fixed_split_train_test,0,0.24101970421731247,0,0.7077631773639497
9908.json,mike-wise,mostly-true,0,fixed_split_train_test,1,0.5361715667841878,1,0.8098832998261276
12424.json,todd-wilcox,false,1,fixed_split_train_test,0,0.37386590185957325,0,0.6946313343276467
4309.json,democratic-party-virginia,false,1,fixed_split_train_test,1,0.6623155035842884,1,0.8503342219438849
110.json,fred-thompson,false,1,fixed_split_train_test,0,0.4570771456630658,0,0.7364573211016058
7677.json,ohio-public-defenders-office,mostly-true,0,fixed_split_train_test,0,0.3545782146145913,0,0.7046151935195091
4780.json,jim-webb,true,0,fixed_split_train_test,0,0.2873473335973121,0,0.6508233981180204
715.json,sarah-palin,false,1,fixed_split_train_test,1,0.6725158531703223,1,0.8461153669057602
3107.json,dean-cannon,true,0,fixed_split_train_test,0,0.12707415219768223,0,0.5466861139670334
7565.json,steve-latourette,mostly-true,0,fixed_split_train_test,0,0.34333052361931155,0,0.6584188220607344
8606.json,ron-johnson,half-true,0,fixed_split_train_test,1,0.5875406726826202,1,0.8329433761941475
3869.json,chris-christie,half-true,0,fixed_split_train_test,1,0.6310138188574335,1,0.8252152211025369
10948.json,occupy-democrats,false,1,fixed_split_train_test,1,0.5221408727703852,1,0.8060494079693211
12210.json,dan-forest,false,1,fixed_split_train_test,1,0.5929476635722161,1,0.7821991296290384
4119.json,barack-obama,mostly-true,0,fixed_split_train_test,0,0.2388829754928426,0,0.6389382864586948
7272.json,hank-johnson,barely-true,1,fixed_split_train_test,1,0.6305469565563623,1,0.8534458850522793
12236.json,hillary-clinton,half-true,0,fixed_split_train_test,0,0.29864918847097743,0,0.6812932356904606
4016.json,alberta-darling,false,1,fixed_split_train_test,1,0.6985469194155414,1,0.9305311376822367
6765.json,joaquin-castro,true,0,fixed_split_train_test,0,0.4110825019227215,0,0.7668354492602619
11867.json,ted-cruz,false,1,fixed_split_train_test,1,0.5441732624568677,1,0.7862195977587043
11777.json,paul-ryan,true,0,fixed_split_train_test,0,0.4470617852011661,0,0.7474008671129877
9051.json,chain-email,pants-fire,1,fixed_split_train_test,1,0.6066430578956963,1,0.850372792353686
4243.json,jon-huntsman,mostly-true,0,fixed_split_train_test,0,0.35498138906359983,0,0.6998973550031339
7818.json,carolyn-tomei,mostly-true,0,fixed_split_train_test,1,0.5334616055171233,0,0.7642236337087367
10871.json,gina-hinojosa,half-true,0,fixed_split_train_test,0,0.3411359833160288,0,0.7208369374257804
4710.json,john-lee,half-true,0,fixed_split_train_test,0,0.24862996136125023,0,0.6534623139861242
9507.json,steve-doocy,pants-fire,1,fixed_split_train_test,1,0.598714844023108,1,0.8073124363758727
11324.json,dale-kooyenga,mostly-true,0,fixed_split_train_test,0,0.41503726632627114,0,0.7083504473199913
6046.json,jim-renacci,false,1,fixed_split_train_test,1,0.5665456553257507,1,0.8064246674907948
8434.json,mark-obenshain,barely-true,1,fixed_split_train_test,0,0.39017905749133264,0,0.7154489169005112
3637.json,donald-trump,mostly-true,0,fixed_split_train_test,0,0.3114531475589482,0,0.7707119428354713
7744.json,george-lavender,mostly-true,0,fixed_split_train_test,0,0.3901561025205772,0,0.6925631560769829
2897.json,lee-holloway,barely-true,1,fixed_split_train_test,1,0.5585399769028377,1,0.81003343754682
6060.json,jeanne-shaheen,barely-true,1,fixed_split_train_test,0,0.31143983124962693,0,0.7025465368415877
603.json,john-mccain,false,1,fixed_split_train_test,1,0.5165622843380874,1,0.7783930444501971
11545.json,bernie-s,mostly-true,0,fixed_split_train_test,0,0.37326969372882707,0,0.7295203674167868
10448.json,florida-chamber-commerce,half-true,0,fixed_split_train_test,1,0.49405945429230697,1,0.8003693380126715
5461.json,newt-gingrich,true,0,fixed_split_train_test,0,0.3949775885072605,0,0.7489312885835955
6684.json,its-still-bad-idea,pants-fire,1,fixed_split_train_test,0,0.3135126103138325,0,0.739407695147741
450.json,hillary-clinton,barely-true,1,fixed_split_train_test,1,0.7876287711784213,1,0.8852587794676917
769.json,sarah-palin,true,0,fixed_split_train_test,0,0.46009439122855683,0,0.7372734498783805
6425.json,eric-hovde,half-true,0,fixed_split_train_test,1,0.625961373589835,1,0.7787331037162057
502.json,barack-obama,true,0,fixed_split_train_test,0,0.36606187186887723,0,0.7137439205475297
11711.json,donald-trump,true,0,fixed_split_train_test,0,0.42889419444509547,0,0.7482029161297516
5470.json,heather-fiorentino,true,0,fixed_split_train_test,0,0.017220668205060834,0,0.6297319620154986
8869.json,scott-surovell,mostly-true,0,fixed_split_train_test,0,0.2953051746448364,0,0.6428861492755742
8159.json,wendy-davis,half-true,0,fixed_split_train_test,0,0.3543091875396514,0,0.7052956951310893
6884.json,american-crossroads,half-true,0,fixed_split_train_test,0,0.43897575489591306,0,0.7687654903696498
10250.json,david-hallock,false,1,fixed_split_train_test,1,0.5516921706053282,0,0.7646051655248801
10757.json,marco-rubio,false,1,fixed_split_train_test,1,0.5445427260220709,1,0.8105863056433856
8320.json,charlie-crist,mostly-true,0,fixed_split_train_test,1,0.5179016661638376,1,0.7738327091267148
5472.json,red-white-and-blue-fund,false,1,fixed_split_train_test,0,0.252602226550312,0,0.7191822161419199
5505.json,lenny-curry,true,0,fixed_split_train_test,1,0.5534500490280099,0,0.7297571357999145
12427.json,job-itkzkowitz,mostly-true,0,fixed_split_train_test,0,0.054289522373760814,0,0.0
11464.json,viral-image,barely-true,1,fixed_split_train_test,0,0.2295282170392265,0,0.6784211950519963
11778.json,donald-trump,barely-true,1,fixed_split_train_test,0,0.2891744405336496,0,0.747207717691077
12961.json,reince-priebus,false,1,fixed_split_train_test,0,0.43014270482063477,0,0.7579846296172617
10269.json,facebook-posts,barely-true,1,fixed_split_train_test,0,0.4081701761124711,1,0.7850429966284674
2833.json,rick-perry,half-true,0,fixed_split_train_test,0,0.3166587208326275,0,0.7252051661138749
6110.json,rick-perry,half-true,0,fixed_split_train_test,1,0.7221554617317868,1,0.842788345032293
13400.json,eric-greitens,barely-true,1,fixed_split_train_test,1,0.5443459717939366,1,0.7820627663938978
1251.json,jay-rockefeller,true,0,fixed_split_train_test,0,0.42265613401032115,0,0.7492125890963499
6112.json,jeff-merkley,mostly-true,0,fixed_split_train_test,0,0.2295653172213748,0,0.624043843280758
6431.json,jay-carney,false,1,fixed_split_train_test,0,0.3556376062726119,0,0.7108771155130074
2615.json,rob-portman,false,1,fixed_split_train_test,0,0.3641109885945946,0,0.7123911679065751
3709.json,robert-watson,false,1,fixed_split_train_test,1,0.5175829116972842,1,0.7810363229872788
2652.json,kathie-glass,pants-fire,1,fixed_split_train_test,0,0.408182363399733,1,0.8085359098375418
9146.json,linda-finn,mostly-true,0,fixed_split_train_test,0,0.11696872319448064,0,0.6359365329534457
184.json,barack-obama,false,1,fixed_split_train_test,1,0.617982045207453,1,0.785070530892812
11764.json,state-democratic-party-wisconsin,pants-fire,1,fixed_split_train_test,0,0.3401872696306331,0,0.7340983249336986
7692.json,dan-patrick,mostly-true,0,fixed_split_train_test,0,0.2623214701487152,0,0.7337938806867679
7876.json,chain-email,pants-fire,1,fixed_split_train_test,1,0.5171641966709396,1,0.8519432018420012
5171.json,rick-santorum,false,1,fixed_split_train_test,1,0.6052265319204662,1,0.8197440714217534
12950.json,independent-voice-illinois-pac,barely-true,1,fixed_split_train_test,1,0.6700851166909023,1,0.8579609438344498
11185.json,carly-fiorina,barely-true,1,fixed_split_train_test,0,0.3943628239940839,0,0.705598197930757
2412.json,republican-party-florida,false,1,fixed_split_train_test,0,0.4805216614309462,0,0.7489229599860778
3215.json,scott-suder,pants-fire,1,fixed_split_train_test,1,0.6858336146040038,1,0.837164926087177
948.json,john-boehner,true,0,fixed_split_train_test,1,0.5130732531624765,0,0.7644901088297994
11766.json,wendy-davis,half-true,0,fixed_split_train_test,0,0.41308972695515145,0,0.7140191373195667
592.json,john-mccain,barely-true,1,fixed_split_train_test,1,0.6312005631745508,1,0.794494193092536
5732.json,mitt-romney,barely-true,1,fixed_split_train_test,1,0.5210213933131977,1,0.7838613617338822
12745.json,donald-trump,half-true,0,fixed_split_train_test,0,0.41306211254751846,0,0.7616420724622234
5017.json,john-boehner,barely-true,1,fixed_split_train_test,1,0.62442928271475,1,0.7861182363731211
12331.json,enterprise-florida,barely-true,1,fixed_split_train_test,0,0.43053144510834535,0,0.7237582375588245
10424.json,barack-obama,mostly-true,0,fixed_split_train_test,1,0.5816562299711607,1,0.8038016956811607
9091.json,facebook-posts,false,1,fixed_split_train_test,0,0.4495764564108427,0,0.7710007822399312
2547.json,lloyd-doggett,true,0,fixed_split_train_test,1,0.5481676734270172,1,0.7747637315344037
12571.json,paul-ryan,mostly-true,0,fixed_split_train_test,0,0.4506847213188002,0,0.7402431099241913
7810.json,rick-scott,mostly-true,0,fixed_split_train_test,0,0.3186421850800746,0,0.7126672163043843
10935.json,motion-picture-association-america,mostly-true,0,fixed_split_train_test,0,0.15467367364544307,0,0.6142120451560764
8433.json,milly-silva,mostly-true,0,fixed_split_train_test,0,0.40860284248889733,0,0.751139111959439
7087.json,robin-vos,mostly-true,0,fixed_split_train_test,0,0.4212929466897908,0,0.7326443892280647
1025.json,michele-bachmann,false,1,fixed_split_train_test,0,0.3705302889155218,0,0.7156704103358161
6386.json,democratic-congressional-campaign-committee,barely-true,1,fixed_split_train_test,0,0.4134348050240141,0,0.7475778170106736
2844.json,jeff-scrima,half-true,0,fixed_split_train_test,0,0.4328104616562563,0,0.7496270815723638
2392.json,george-will,barely-true,1,fixed_split_train_test,0,0.36245138945504984,0,0.7121914372235757
4708.json,nina-turner,true,0,fixed_split_train_test,0,0.31130921010123164,0,0.6537390797162249
8676.json,florida-democratic-party,barely-true,1,fixed_split_train_test,1,0.5108721681879963,1,0.7799577883937603
8809.json,jason-carter,true,0,fixed_split_train_test,0,0.2048113860049367,0,0.5773496968499264
4095.json,barack-obama,mostly-true,0,fixed_split_train_test,0,0.42147204398083804,0,0.7400795973052582
13102.json,hillary-clinton,half-true,0,fixed_split_train_test,1,0.6587946544376211,1,0.8226827438293525
12167.json,bernie-s,barely-true,1,fixed_split_train_test,1,0.557571504990628,1,0.8117872014204535
2876.json,john-kasich,mostly-true,0,fixed_split_train_test,0,0.31441661912735724,0,0.7067369174054727
4769.json,john-birch-society,half-true,0,fixed_split_train_test,1,0.5607659002202909,0,0.7577745879829337
1760.json,rick-perry,barely-true,1,fixed_split_train_test,0,0.24232081300339886,0,0.6915125615775551
12943.json,donald-trump,half-true,0,fixed_split_train_test,1,0.7425933607429698,1,0.8760872580019248
6513.json,special-operations-opsec-education-fund,false,1,fixed_split_train_test,1,0.9392143145542482,1,0.9574703746997948
7780.json,barack-obama,barely-true,1,fixed_split_train_test,0,0.44031551506711314,0,0.7187401250464508
7418.json,jon-bramnick,mostly-true,0,fixed_split_train_test,0,0.24575952676266805,0,0.6690311005453281
2777.json,michael-bloomberg,mostly-true,0,fixed_split_train_test,0,0.14578697207169905,0,0.6508707155788243
8853.json,rand-paul,false,1,fixed_split_train_test,1,0.5782538246732714,1,0.8316576139493582
7758.json,bill-richardson,mostly-true,0,fixed_split_train_test,1,0.5532434172644131,0,0.7586231703962172
11796.json,donald-trump,half-true,0,fixed_split_train_test,1,0.594415552406613,1,0.8558912150283475
11573.json,hillary-clinton,half-true,0,fixed_split_train_test,1,0.5259762062866203,1,0.7920509572168498
9521.json,ted-cruz,half-true,0,fixed_split_train_test,1,0.515740424949784,1,0.7801841601526154
10208.json,anna-kooiman,barely-true,1,fixed_split_train_test,1,0.6760978701953226,1,0.8427410428830149
5756.json,barack-obama,half-true,0,fixed_split_train_test,0,0.3947360387404915,0,0.7138663754561237
1569.json,george-will,mostly-true,0,fixed_split_train_test,0,0.20379547553025154,0,0.644841526690647
11805.json,virginia-center-public-safety,true,0,fixed_split_train_test,0,0.20979057223130387,0,0.6900612717262028
805.json,john-mccain,mostly-true,0,fixed_split_train_test,1,0.7026625696364286,1,0.8361712179066808
8030.json,tweets,barely-true,1,fixed_split_train_test,0,0.34585337954367373,0,0.694928399452607
7678.json,clean-water-portland,false,1,fixed_split_train_test,0,0.3584415214666701,0,0.6991243586778729
139.json,tom-tancredo,mostly-true,0,fixed_split_train_test,0,0.23965006334030428,0,0.7539199021678707
7271.json,john-kitzhaber,true,0,fixed_split_train_test,0,0.2892536615060443,0,0.6717996992283047
11409.json,dave-brat,false,1,fixed_split_train_test,1,0.585265325571325,1,0.8052387339244325
688.json,fred-thompson,false,1,fixed_split_train_test,0,0.33908127973293406,0,0.70970953245479
3726.json,one-wisconsin-now,mostly-true,0,fixed_split_train_test,0,0.4348255285023452,0,0.7246551028512027
7461.json,arne-duncan,barely-true,1,fixed_split_train_test,1,0.5029410576230329,0,0.7123987488499768
5363.json,us-chamber-commerce,false,1,fixed_split_train_test,1,0.7335378299918053,1,0.8859438655905296
9942.json,george-will,true,0,fixed_split_train_test,0,0.23599383437896193,0,0.653931907861874
3575.json,scott-walker,true,0,fixed_split_train_test,1,0.6885633466275832,1,0.8645897149049397
2205.json,gen-peter-chiarelli,true,0,fixed_split_train_test,0,0.34540640829520697,0,0.6909624911651235
7552.json,jeff-mullis,mostly-true,0,fixed_split_train_test,0,0.35281983134233835,0,0.6872312861263997
7135.json,association-mature-american-citizens,pants-fire,1,fixed_split_train_test,1,0.7147489157572849,1,0.9610808275726079
384.json,votevetsorg,true,0,fixed_split_train_test,0,0.35697430101598865,0,0.6374902438988581
13007.json,sean-hannity,true,0,fixed_split_train_test,0,0.27402483886454115,0,0.6945269504341548
12994.json,hilary-rosen,mostly-true,0,fixed_split_train_test,1,0.5755370945913484,1,0.7775278248657282
3436.json,matt-gaetz,false,1,fixed_split_train_test,1,0.5746368358895402,1,0.8293872779755965
5810.json,citizens-transportation-mobility,mostly-true,0,fixed_split_train_test,0,0.14912738996207214,0,0.6678067389717507
6141.json,tommy-thompson,pants-fire,1,fixed_split_train_test,1,0.7438454679655282,1,0.8920770136153242
6.json,chris-dodd,half-true,0,fixed_split_train_test,1,0.5906082554494431,0,0.739967663997989
9891.json,ted-cruz,half-true,0,fixed_split_train_test,0,0.4452532086532307,0,0.7522094248633021
1971.json,john-albers,false,1,fixed_split_train_test,0,0.3970521485810363,1,0.7891500210704515
7008.json,mitt-romney,mostly-true,0,fixed_split_train_test,0,0.409110704717775,0,0.7343438637010222
8963.json,matt-bevin,pants-fire,1,fixed_split_train_test,0,0.44773466590003175,1,0.7732447521476951
13040.json,russ-feingold,half-true,0,fixed_split_train_test,0,0.37210886435388674,0,0.7232938434556765
8151.json,rand-paul,false,1,fixed_split_train_test,0,0.17659626806001805,0,0.6611557008302127
6236.json,eric-hovde,barely-true,1,fixed_split_train_test,0,0.378648967948406,0,0.7017206335279197
6974.json,tennessee-republican-party,false,1,fixed_split_train_test,1,0.6890868914961703,1,0.8743350399304106
6879.json,josh-mandel,barely-true,1,fixed_split_train_test,1,0.6490138788214647,1,0.8352983706805786
11639.json,jeb-bush,mostly-true,0,fixed_split_train_test,1,0.8018853128916386,1,0.8479841489744534
9343.json,dick-cheney,barely-true,1,fixed_split_train_test,1,0.7010595295544009,1,0.8455820107794586
422.json,hillary-clinton,half-true,0,fixed_split_train_test,0,0.381087537882067,0,0.7428887269817012
1448.json,barack-obama,half-true,0,fixed_split_train_test,1,0.5717701411153234,1,0.7890314067720205
737.json,barack-obama,false,1,fixed_split_train_test,0,0.4262860081163254,0,0.7403376926438021
10516.json,dave-claunch,mostly-true,0,fixed_split_train_test,0,0.21444115824003276,0,0.6371120435941728
4750.json,allen-west,false,1,fixed_split_train_test,1,0.7021000417914808,1,0.8973458184626187
8604.json,chain-email,false,1,fixed_split_train_test,1,0.8015743340388136,1,0.9385553032167109
729.json,john-mccain,half-true,0,fixed_split_train_test,1,0.5701490010950361,1,0.7921176992190428
12702.json,mike-cernovich,pants-fire,1,fixed_split_train_test,0,0.41138901762171265,0,0.6894015329657374
8901.json,van-jones,true,0,fixed_split_train_test,0,0.41895189838727304,0,0.7290717259372381
11546.json,richard-paglia,half-true,0,fixed_split_train_test,1,0.6016776450438406,0,0.748170355089493
1353.json,john-murtha,barely-true,1,fixed_split_train_test,1,0.5499811986867716,0,0.7348391478197056
5938.json,mark-neumann,false,1,fixed_split_train_test,1,0.5630113499987064,1,0.8055450117791745
12158.json,rick-scott,barely-true,1,fixed_split_train_test,1,0.5336275909522702,1,0.8104927080995653
656.json,joe-biden,mostly-true,0,fixed_split_train_test,0,0.3725006798268477,0,0.6596419661972415
10085.json,larry-pressler,false,1,fixed_split_train_test,0,0.39708146692069574,0,0.7456583875263587
5824.json,jennifer-carroll,false,1,fixed_split_train_test,1,0.6609484839928591,1,0.8352655379462146
5753.json,lisa-tomasso,true,0,fixed_split_train_test,0,0.1341754352345215,0,0.6016101370667725
5512.json,stephen-laffey,false,1,fixed_split_train_test,0,0.4065670439812313,0,0.7340049704033017
125.json,mitt-romney,mostly-true,0,fixed_split_train_test,0,0.3335622588413935,0,0.6979932593975693
6010.json,lenny-curry,half-true,0,fixed_split_train_test,0,0.30165244557686444,0,0.6592257359518588
727.json,john-mccain,mostly-true,0,fixed_split_train_test,1,0.5608903088562552,1,0.7723695263562015
42.json,rudy-giuliani,barely-true,1,fixed_split_train_test,0,0.3590913648702664,0,0.7380761606312217
8511.json,sid-covington,half-true,0,fixed_split_train_test,1,0.48902056190358384,1,0.8049441080324597
6262.json,democratic-congressional-campaign-committee,pants-fire,1,fixed_split_train_test,1,0.6251944295878918,1,0.796814103575389
9502.json,barack-obama,mostly-true,0,fixed_split_train_test,0,0.38679096143307423,0,0.702818281609603
11351.json,jennifer-shilling,mostly-true,0,fixed_split_train_test,0,0.19685144027146537,0,0.6462527838604705
8558.json,kenneth-block,false,1,fixed_split_train_test,0,0.3748808161870286,0,0.6977633954380845
12084.json,donald-trump,true,0,fixed_split_train_test,1,0.5722625260678883,1,0.8409003520133271
568.json,barack-obama,true,0,fixed_split_train_test,1,0.6585636193626526,1,0.805973669456501
7537.json,sean-duffy,half-true,0,fixed_split_train_test,0,0.3877029776970152,0,0.7413836766630373
9708.json,rick-perry,pants-fire,1,fixed_split_train_test,0,0.4037424829153369,0,0.7344262269142553
7524.json,jamie-radtke,half-true,0,fixed_split_train_test,1,0.5826082574157067,1,0.7757370155512286
4537.json,rick-perry,mostly-true,0,fixed_split_train_test,0,0.2904309469872484,0,0.7057343239856025
8549.json,city-austin,barely-true,1,fixed_split_train_test,1,0.49515061156211215,1,0.8185849149326222
11736.json,jeb-bush,half-true,0,fixed_split_train_test,0,0.3551897737700375,0,0.7312809660937337
8062.json,barack-obama,half-true,0,fixed_split_train_test,0,0.462331693251446,0,0.7435565020124184
3158.json,john-kitzhaber,mostly-true,0,fixed_split_train_test,0,0.2958970299872085,0,0.6776766090232549
10794.json,robert-hurt,false,1,fixed_split_train_test,1,0.5378364038423029,1,0.8321044054412994
12461.json,blog-posting,true,0,fixed_split_train_test,1,0.5963328091648085,1,0.8940896733395587
8609.json,kurt-schrader,half-true,0,fixed_split_train_test,1,0.7406576761875555,1,0.8941364971550732
63.json,chris-dodd,mostly-true,0,fixed_split_train_test,0,0.24834111547040602,0,0.6236556191789121
6560.json,jeb-bush,true,0,fixed_split_train_test,0,0.47207362270383807,0,0.7479929929459043
3546.json,john-boehner,half-true,0,fixed_split_train_test,0,0.3399105850700134,0,0.6880219047757268
3036.json,national-federation-independent-business-wiscons,false,1,fixed_split_train_test,1,0.525457951399493,1,0.8208793951500778
11910.json,ben-carson,pants-fire,1,fixed_split_train_test,1,0.48888821231379215,1,0.8043243994216112
4101.json,marco-rubio,mostly-true,0,fixed_split_train_test,1,0.565177074077276,1,0.7943500196838784
10175.json,scott-walker,mostly-true,0,fixed_split_train_test,0,0.2636848451938251,0,0.70658404572563
4593.json,edd-houck,false,1,fixed_split_train_test,1,0.662309379960883,1,0.8672685980077288
5985.json,anastasia-williams,false,1,fixed_split_train_test,0,0.44149445508996654,0,0.7157512188846143
1881.json,thomas-melsheimer,barely-true,1,fixed_split_train_test,0,0.3932416369019594,0,0.7152315210179594
204.json,mitt-romney,false,1,fixed_split_train_test,1,0.5541595019560215,1,0.8159392611478243
10091.json,Rhode_Island_Catholic,true,0,fixed_split_train_test,1,0.5503466036432717,1,0.7933874481366251
1409.json,kay-bailey-hutchison,false,1,fixed_split_train_test,0,0.32256332316087133,0,0.7149105247649374
2769.json,childrens-healthcare-atlanta,true,0,fixed_split_train_test,0,0.14811892739146518,0,0.6256389719294304
2600.json,betty-sutton,mostly-true,0,fixed_split_train_test,0,0.30927589811920786,0,0.7319488730376036
4822.json,rebecca-kleefisch,half-true,0,fixed_split_train_test,1,0.6288492264887309,1,0.8358999895954413
5536.json,stephen-sweeney,half-true,0,fixed_split_train_test,1,0.5914582267963717,1,0.8168394615770205
2911.json,dennis-kucinich,false,1,fixed_split_train_test,1,0.5497960146042423,0,0.7402396784609739
12787.json,donald-trump,half-true,0,fixed_split_train_test,0,0.37282131372997657,0,0.7194685705244787
2442.json,delia-lopez,pants-fire,1,fixed_split_train_test,1,0.6203811049148703,1,0.8606142845769831
3489.json,greater-wisconsin-political-fund,barely-true,1,fixed_split_train_test,1,0.6764209179609014,1,0.8036470084651308
12006.json,paul-ryan,false,1,fixed_split_train_test,1,0.5194850170347516,1,0.7881715575885727
9109.json,ed-schultz,barely-true,1,fixed_split_train_test,1,0.5947966964459033,1,0.8158830755048289
12661.json,cory-booker,mostly-true,0,fixed_split_train_test,0,0.44563264137779157,0,0.7066767884532877
6447.json,gail-collins,half-true,0,fixed_split_train_test,1,0.6195047608397313,1,0.8785190010384136
2983.json,sam-adams,true,0,fixed_split_train_test,0,0.46213281515417026,0,0.7390903695614636
13467.json,political-insider,pants-fire,1,fixed_split_train_test,0,0.4685878409191158,1,0.9170992146677993
921.json,barack-obama,false,1,fixed_split_train_test,1,0.6666434719150046,1,0.8313375824149205
9141.json,charles-krauthammer,barely-true,1,fixed_split_train_test,0,0.4606504450562396,1,0.7819369352108504
12648.json,freedom-partners-action-fund,barely-true,1,fixed_split_train_test,0,0.45862012329980834,0,0.7413473515397626
3674.json,troy-fraser,pants-fire,1,fixed_split_train_test,1,0.5171605049689834,0,0.6977264038083705
6577.json,scott-walker,half-true,0,fixed_split_train_test,0,0.20587071454785894,0,0.6590433610565639
8240.json,james-oneil,false,1,fixed_split_train_test,1,0.689322946478664,1,0.8634505388903297
9405.json,rick-scott,mostly-true,0,fixed_split_train_test,0,0.2858990721936129,0,0.7068249532723447
1892.json,john-boehner,true,0,fixed_split_train_test,1,0.5582255872309595,1,0.7770429961000046
2754.json,john-boccieri,half-true,0,fixed_split_train_test,1,0.5549261110546925,1,0.8299108048683372
31.json,tommy-thompson,true,0,fixed_split_train_test,0,0.46081059718329925,1,0.8051299104249967
4711.json,lloyd-doggett,mostly-true,0,fixed_split_train_test,0,0.42754541882915903,0,0.7238322750386145
664.json,hillary-clinton,false,1,fixed_split_train_test,0,0.487166806748962,0,0.7346651635114452
1199.json,national-right-life-committee,true,0,fixed_split_train_test,1,0.6658095078425783,1,0.8184631564801982
11865.json,adrian-garcia,barely-true,1,fixed_split_train_test,0,0.339618968681543,0,0.6928616085889354
87.json,barack-obama,true,0,fixed_split_train_test,1,0.6305927679177323,1,0.8089345777046789
9312.json,rick-santorum,mostly-true,0,fixed_split_train_test,0,0.30387475499261246,0,0.7250480790233921
10638.json,tyrone-brooks,half-true,0,fixed_split_train_test,1,0.5792702703602427,1,0.810584056140708
3021.json,david-wyss,true,0,fixed_split_train_test,1,0.544889279900495,1,0.7799633336924812
379.json,hillary-clinton,true,0,fixed_split_train_test,0,0.3937265517118783,0,0.7202179026433366
5272.json,ron-paul,half-true,0,fixed_split_train_test,0,0.47193938845317723,0,0.7709563546396578
683.json,rudy-giuliani,true,0,fixed_split_train_test,1,0.5089255501904539,1,0.7796429455292988
1781.json,linda-chavez-thompson,true,0,fixed_split_train_test,0,0.1970390342875098,0,0.6317754963030179
11687.json,jeb-bush,mostly-true,0,fixed_split_train_test,1,0.5650712252141847,1,0.7815801336862183
2975.json,kay-bailey-hutchison,half-true,0,fixed_split_train_test,0,0.3043554817979736,0,0.7451077027068856
771.json,sarah-palin,barely-true,1,fixed_split_train_test,1,0.5183127033779992,1,0.7815983507859036
3991.json,scott-walker,half-true,0,fixed_split_train_test,0,0.37210328576279417,0,0.734489050255022
11923.json,hillary-clinton,half-true,0,fixed_split_train_test,1,0.5225341704031125,1,0.7934639183675976
10749.json,gwyneth-paltrow,barely-true,1,fixed_split_train_test,0,0.29226074827517173,0,0.6611592841423886
3946.json,doug-whitsett,half-true,0,fixed_split_train_test,1,0.6497912040535413,1,0.820371882670254
7834.json,mark-pocan,true,0,fixed_split_train_test,1,0.733159958496604,1,0.8858455835209001
6290.json,ohio-republican-party,half-true,0,fixed_split_train_test,1,0.6520693313668995,1,0.8636577823045163
1477.json,chain-email,false,1,fixed_split_train_test,1,0.768488321065467,1,0.9041756622514228
10881.json,chris-taylor,mostly-true,0,fixed_split_train_test,1,0.6167746155716811,1,0.8394831463556153
4396.json,george-allen,mostly-true,0,fixed_split_train_test,1,0.49502669135703387,0,0.7506997538941391
6206.json,chris-christie,true,0,fixed_split_train_test,0,0.35171266543368457,0,0.7071973497173306
9970.json,jason-carter,true,0,fixed_split_train_test,0,0.27603126714044857,0,0.5844330545196503
4353.json,sherrod-brown,true,0,fixed_split_train_test,1,0.6476100797989159,1,0.8828793192941451
1394.json,texas-democratic-party,false,1,fixed_split_train_test,1,0.5071659680129824,1,0.8194577200447829
7695.json,johnny-isakson,true,0,fixed_split_train_test,1,0.5179071994267705,0,0.7262518559048796
4770.json,mitt-romney,barely-true,1,fixed_split_train_test,1,0.5987649305524125,1,0.7906901673398391
1052.json,john-mccain,true,0,fixed_split_train_test,1,0.6940685647802181,1,0.8056680886039879
5249.json,donald-mceachin,false,1,fixed_split_train_test,1,0.6361145713547576,1,0.8176734108445027
3700.json,stephen-ucci,false,1,fixed_split_train_test,0,0.4862185715641763,0,0.7616303292705584
8683.json,peter-orszag,true,0,fixed_split_train_test,0,0.4200160130265295,0,0.7299126886181688
12798.json,harry-reid,barely-true,1,fixed_split_train_test,1,0.6076268552246784,1,0.8338398130477392
4838.json,george-lemieux,half-true,0,fixed_split_train_test,0,0.35516703727551646,0,0.7204592387129601
7680.json,dianne-feinstein,mostly-true,0,fixed_split_train_test,0,0.33296980175684826,0,0.7009080715219392
1999.json,charlie-crist,true,0,fixed_split_train_test,0,0.42541569851332744,0,0.7183728285508416
12873.json,viral-image,pants-fire,1,fixed_split_train_test,0,0.45984817780404563,1,0.7910472560992206
9683.json,peter-lavelle,pants-fire,1,fixed_split_train_test,1,0.694160475892336,1,0.8757149381128271
6660.json,barack-obama,mostly-true,0,fixed_split_train_test,1,0.5932797056943274,1,0.7750766405126644
13527.json,reince-priebus,false,1,fixed_split_train_test,1,0.7288533481850364,1,0.8925459351985456
2626.json,edwin-pacheco,false,1,fixed_split_train_test,1,0.5118144580961502,1,0.7887118472970043
2814.json,john-kasich,half-true,0,fixed_split_train_test,0,0.1831325260257323,0,0.6392918641905998
7598.json,john-lewis,half-true,0,fixed_split_train_test,1,0.6534750122567319,1,0.8069816433487993
2746.json,matt-wand,barely-true,1,fixed_split_train_test,0,0.37500088214478483,0,0.7595569319198539
12448.json,donald-trump,barely-true,1,fixed_split_train_test,1,0.591795030088853,1,0.8461780811491713
3232.json,matt-lundy,true,0,fixed_split_train_test,1,0.791417344226335,1,0.9377395986840791
11226.json,jim-webb,mostly-true,0,fixed_split_train_test,0,0.40751217840056825,0,0.7234562808178829
487.json,hillary-clinton,barely-true,1,fixed_split_train_test,1,0.6423290638435638,1,0.8336128878504531
6858.json,dan-sebring,mostly-true,0,fixed_split_train_test,0,0.4105008043747191,1,0.7890708023704548
8701.json,state-democratic-party-wisconsin,false,1,fixed_split_train_test,1,0.5358463065001835,1,0.8078932101542279
10606.json,jeb-bush,barely-true,1,fixed_split_train_test,0,0.3344005850302344,0,0.7450957401961334
9016.json,tom-graves,half-true,0,fixed_split_train_test,0,0.22346999822280803,0,0.6318054428650584
2371.json,john-mccain,barely-true,1,fixed_split_train_test,1,0.6355955462593604,1,0.8594653234043421
12065.json,donald-trump,true,0,fixed_split_train_test,0,0.4237746294274547,0,0.752491444662515
2362.json,barack-obama,mostly-true,0,fixed_split_train_test,0,0.44328764746602706,0,0.7302531070039553
2868.json,jim-doyle,false,1,fixed_split_train_test,1,0.5003359863787465,1,0.7796987961950039
13305.json,donald-trump,true,0,fixed_split_train_test,1,0.6301922955257034,1,0.8197805096516914
8503.json,jonathan-karl,true,0,fixed_split_train_test,0,0.45690830086876455,1,0.7724180085066618
2428.json,republican-governors-association,half-true,0,fixed_split_train_test,0,0.45463969890424377,0,0.7379371635636501
636.json,barack-obama,true,0,fixed_split_train_test,0,0.4755583117476132,0,0.7478246429460763
5758.json,afscme,barely-true,1,fixed_split_train_test,1,0.7022054717455856,1,0.8808932530647718
2793.json,greg-abbott,mostly-true,0,fixed_split_train_test,0,0.15093071307603334,0,0.6534256531487355
9426.json,john-oliver,true,0,fixed_split_train_test,1,0.5242751895791339,1,0.8361994904400044
5898.json,george-lemieux,barely-true,1,fixed_split_train_test,1,0.680554241619238,1,0.8378806489899909
11218.json,marco-rubio,mostly-true,0,fixed_split_train_test,0,0.24533646657504904,0,0.7000907318148195
12703.json,unicef,mostly-true,0,fixed_split_train_test,0,0.4814330109572259,0,0.7151071302931826
5462.json,campaign-primary-accountability,false,1,fixed_split_train_test,1,0.8184458169800034,1,0.8828228520324419
1955.json,michael-j-gardiner,pants-fire,1,fixed_split_train_test,1,0.7256887618426455,1,0.8461395190016646
11647.json,george-will,mostly-true,0,fixed_split_train_test,0,0.1732714432791281,0,0.6254400951310798
11139.json,jeb-bush,mostly-true,0,fixed_split_train_test,0,0.29216566416620154,0,0.681806953015815
1648.json,barack-obama,mostly-true,0,fixed_split_train_test,1,0.7295954338437167,1,0.850802252143013
5371.json,rick-santorum,false,1,fixed_split_train_test,1,0.5194110866695524,1,0.7942397225395713
4425.json,john-kasich,barely-true,1,fixed_split_train_test,0,0.243356262370681,0,0.6764958030022448
2498.json,bill-white,mostly-true,0,fixed_split_train_test,0,0.2106397854316687,0,0.6709729289210254
4131.json,brian-kemp,true,0,fixed_split_train_test,0,0.40012889447471206,0,0.7074104888322267
2341.json,mark-neumann,mostly-true,0,fixed_split_train_test,1,0.7589110468719945,1,0.8547002271602632
5551.json,dennis-richardson,half-true,0,fixed_split_train_test,0,0.4744792448163046,0,0.7614310205491035
757.json,john-mccain,half-true,0,fixed_split_train_test,1,0.5176084058988073,1,0.8030362890660813
11519.json,tammy-baldwin,true,0,fixed_split_train_test,0,0.3024954593291686,0,0.7080888534235139
5785.json,chain-email,pants-fire,1,fixed_split_train_test,1,0.4991435564134571,1,0.8319051436204962
2284.json,glenn-beck,pants-fire,1,fixed_split_train_test,1,0.7437057098939175,1,0.8699545726625025
12650.json,donald-trump,barely-true,1,fixed_split_train_test,0,0.4119415062635294,1,0.771692497718568
9480.json,erin-lynch,barely-true,1,fixed_split_train_test,0,0.3782723831152564,0,0.7033569443179916
643.json,joe-biden,half-true,0,fixed_split_train_test,0,0.33663070882076945,0,0.695073352474844
11242.json,nicholas-kristof,true,0,fixed_split_train_test,0,0.10798448591885511,0,0.6116520089389543
7038.json,sherrod-brown,true,0,fixed_split_train_test,0,0.43155607421368253,0,0.7510873008229783
6772.json,Yes-on-79,pants-fire,1,fixed_split_train_test,1,0.4943792220307076,1,0.7912986594343613
7952.json,jeff-sessions,false,1,fixed_split_train_test,1,0.5030677205101219,0,0.7686662228684726
13134.json,hillary-clinton,half-true,0,fixed_split_train_test,1,0.6557117239527502,1,0.8033699159952526
2181.json,james-langevin,half-true,0,fixed_split_train_test,0,0.43297111260289833,0,0.6873052445683026
9629.json,john-kerry,mostly-true,0,fixed_split_train_test,0,0.3945248767750209,0,0.764415791084785
3668.json,richard-saslaw,false,1,fixed_split_train_test,1,0.5336124967375905,1,0.7999296754290555
11327.json,marco-rubio,mostly-true,0,fixed_split_train_test,1,0.5068134714734406,1,0.8161866343289716
3818.json,adam-hasner,mostly-true,0,fixed_split_train_test,0,0.4747615002093387,1,0.7837078019534598
2218.json,todd-staples,half-true,0,fixed_split_train_test,0,0.45816682639990197,0,0.7673809181426391
11562.json,donald-trump,pants-fire,1,fixed_split_train_test,1,0.5397627795587877,1,0.8164624473992975
9622.json,mitch-mcconnell,true,0,fixed_split_train_test,0,0.2825106543255458,0,0.6712292046399156
9995.json,mary-burke,mostly-true,0,fixed_split_train_test,0,0.17469677939428502,0,0.6517694984701856
7344.json,paul-ryan,barely-true,1,fixed_split_train_test,0,0.41771426702944153,0,0.7318916368346446
5840.json,americans-prosperity,false,1,fixed_split_train_test,1,0.49312220629654147,0,0.7526441952088136
1576.json,americas-health-insurance-plans,true,0,fixed_split_train_test,1,0.5643318162534109,1,0.8126126206489076
13127.json,hillary-clinton,mostly-true,0,fixed_split_train_test,0,0.45225513453364136,0,0.758071450839145
12098.json,john-kasich,mostly-true,0,fixed_split_train_test,1,0.6003042684771727,1,0.806025810715947
12272.json,hillary-clinton,mostly-true,0,fixed_split_train_test,1,0.5694254857033084,1,0.7765399290283983
5993.json,conservative-voters-texas-pac,pants-fire,1,fixed_split_train_test,1,0.5413155987921926,1,0.811259267838464
9285.json,laura-ingraham,false,1,fixed_split_train_test,1,0.9655042695318865,1,0.9736337279000825
7165.json,libertarian-party-georgia,half-true,0,fixed_split_train_test,0,0.3418798699756159,1,0.8396500527209069
11025.json,maggie-hassan,false,1,fixed_split_train_test,0,0.2608484226398899,0,0.7108613952161906
7577.json,deborah-gist,mostly-true,0,fixed_split_train_test,0,0.30951984897594736,0,0.685683663492248
2719.json,bill-white,barely-true,1,fixed_split_train_test,0,0.3039054785245839,0,0.7109143530205484
3631.json,kathleen-angelucci,barely-true,1,fixed_split_train_test,0,0.3280917503927085,0,0.6831542435724273
7211.json,john-boehner,false,1,fixed_split_train_test,0,0.3483956511710105,0,0.7001816956978911
1480.json,glenn-beck,barely-true,1,fixed_split_train_test,0,0.4351169031595694,0,0.7618161286178484
1512.json,marco-rubio,half-true,0,fixed_split_train_test,1,0.5259262541248502,1,0.8395848400822953
10517.json,nathan-deal,half-true,0,fixed_split_train_test,0,0.05143515844018199,0,0.6271348710909556
5723.json,allen-west,pants-fire,1,fixed_split_train_test,1,0.5173422110615385,1,0.7886198828805747
7378.json,marco-rubio,half-true,0,fixed_split_train_test,0,0.40561774207474866,0,0.7523208811300008
531.json,john-mccain,mostly-true,0,fixed_split_train_test,0,0.26064758778208047,0,0.6690022400526505
474.json,barack-obama,barely-true,1,fixed_split_train_test,1,0.6187270203545961,1,0.8273686247535122
2250.json,rick-scott,false,1,fixed_split_train_test,1,0.7339203453510099,1,0.8547177535483916
126.json,joe-biden,mostly-true,0,fixed_split_train_test,1,0.7927455847221978,1,0.8441209407038174
10646.json,juda-engelmayer,pants-fire,1,fixed_split_train_test,0,0.46843538570611143,1,0.8215080403566141
1823.json,chris-matthews,true,0,fixed_split_train_test,0,0.3208726104691783,0,0.6862522461142238
9731.json,rick-scott,barely-true,1,fixed_split_train_test,0,0.3270490191529311,0,0.7088040351420936
9594.json,facebook-posts,pants-fire,1,fixed_split_train_test,1,0.5792233396454648,1,0.8084652688508271
12026.json,jim-kenney,half-true,0,fixed_split_train_test,1,0.6071253671408762,0,0.7259125625355042
5971.json,cory-booker,false,1,fixed_split_train_test,0,0.22752642290335992,0,0.6161595830254354
6857.json,mitt-romney,false,1,fixed_split_train_test,1,0.6479366611699916,1,0.83619261451829
3112.json,mario-gallegos,half-true,0,fixed_split_train_test,0,0.40657626609265296,0,0.7062323591846936
11832.json,bob,pants-fire,1,fixed_split_train_test,1,0.8733714009085591,1,0.9844750757438802
2337.json,rick-scott,half-true,0,fixed_split_train_test,1,0.9059715698289738,1,0.9261916505949142
10853.json,hillary-clinton,false,1,fixed_split_train_test,0,0.47874920944077753,1,0.7747762709648103
9050.json,dan-pfeiffer,mostly-true,0,fixed_split_train_test,0,0.465914010902843,0,0.7702154302893118
9427.json,robin-vos,mostly-true,0,fixed_split_train_test,1,0.579523647083073,1,0.7991550958292463
2830.json,paul-krugman,half-true,0,fixed_split_train_test,0,0.4660469021324219,0,0.7392526665872379
9756.json,alison-lundergan-grimes,half-true,0,fixed_split_train_test,0,0.36991275673349727,0,0.7174476124936385
6532.json,barack-obama,mostly-true,0,fixed_split_train_test,1,0.5688756214813058,0,0.765036141832069
4805.json,kurt-schuller,false,1,fixed_split_train_test,1,0.6812022958617698,1,0.8617661241209151
3648.json,miguel-diaz-de-la-portilla,false,1,fixed_split_train_test,1,0.5498842457362808,1,0.7754055650427549
4994.json,newt-gingrich,half-true,0,fixed_split_train_test,1,0.6974967465058761,1,0.8662648460643285
4715.json,democratic-national-committee,half-true,0,fixed_split_train_test,0,0.3833866011730144,0,0.757869856865938
526.json,john-mccain,barely-true,1,fixed_split_train_test,0,0.39884080642239583,0,0.7161124251257304
8673.json,pam-bondi,true,0,fixed_split_train_test,0,0.470360940349136,0,0.7046301421726943
9273.json,brian-wilson,pants-fire,1,fixed_split_train_test,1,0.7435285886728908,1,0.8890552149576391
9973.json,emma-watson,half-true,0,fixed_split_train_test,0,0.3891032377433911,0,0.7261975721919897
3.json,bill-richardson,mostly-true,0,fixed_split_train_test,1,0.4935383173168816,0,0.7521779937257675
9197.json,jim-demint,false,1,fixed_split_train_test,0,0.4102790084404445,0,0.7451959420654302
9610.json,jack-kingston,false,1,fixed_split_train_test,0,0.46575510461716213,1,0.7909732284379287
1150.json,orrin-hatch,half-true,0,fixed_split_train_test,0,0.3969235078617947,0,0.6818495376763598
2087.json,dennis-kucinich,true,0,fixed_split_train_test,0,0.3624843157575733,0,0.6829813282852167
7051.json,betty-sutton,half-true,0,fixed_split_train_test,0,0.4217370255203961,0,0.7530296456966667
8035.json,robert-reich,false,1,fixed_split_train_test,1,0.56013145049451,1,0.7813910039102716
1329.json,ed-rendell,barely-true,1,fixed_split_train_test,1,0.6604865833684597,1,0.8226222150698247
1574.json,americans-united-change,mostly-true,0,fixed_split_train_test,0,0.42993538409335447,0,0.7381219086035163
6745.json,mitt-romney,mostly-true,0,fixed_split_train_test,1,0.8103968114418704,1,0.8979761045146121
4289.json,sam-adams,half-true,0,fixed_split_train_test,0,0.39284385236605923,0,0.6708640476810825
4383.json,dennis-richardson,false,1,fixed_split_train_test,0,0.4728169816622198,0,0.7634459542314666
12089.json,katie-mcginty,mostly-true,0,fixed_split_train_test,0,0.2557565369219,0,0.6603717232944532
12976.json,sean-hannity,false,1,fixed_split_train_test,0,0.4136706623366701,1,0.777738624265238
5170.json,lou-greenwald,true,0,fixed_split_train_test,0,0.3629879995766453,0,0.6924771676601447
6976.json,george-allen,true,0,fixed_split_train_test,0,0.3902963340863984,0,0.7301611016172658
7838.json,chain-email,pants-fire,1,fixed_split_train_test,1,0.6637030242781933,1,0.8646276206269821
2643.json,scott-walker,false,1,fixed_split_train_test,0,0.47555341884942126,1,0.7799207129534296
1810.json,todd-staples,half-true,0,fixed_split_train_test,0,0.48729068730850383,1,0.777824193044992
10097.json,Local-799-international-assoc-fire-fighters,pants-fire,1,fixed_split_train_test,1,0.8458512660482022,1,0.9915953975186121
13236.json,tim-kaine,barely-true,1,fixed_split_train_test,0,0.47092036605065785,0,0.7582903707798337
2568.json,doug-ainge,false,1,fixed_split_train_test,1,0.6184207876368129,1,0.797095701674503
12833.json,dave-brat,false,1,fixed_split_train_test,1,0.6176556679112128,1,0.8189950502077503
1894.json,donna-brazile,half-true,0,fixed_split_train_test,0,0.2661274517283691,0,0.6469633260733517
7881.json,kirsten-gillibrand,mostly-true,0,fixed_split_train_test,0,0.3834237664435671,0,0.742747508019866
5603.json,glenn-grothman,true,0,fixed_split_train_test,0,0.24216777164463768,0,0.6668428262997292
5759.json,anonymous-flier,false,1,fixed_split_train_test,0,0.3043153219486273,0,0.7400269473175861
6207.json,chris-christie,half-true,0,fixed_split_train_test,0,0.3322525963879527,0,0.7287451154693898
2149.json,kendrick-meek,false,1,fixed_split_train_test,1,0.7226888857808152,1,0.8305298806942623
2445.json,mahmoud-ahmadinejad,false,1,fixed_split_train_test,0,0.19042469642769533,0,0.6092556412878385
5910.json,john-ludlow,half-true,0,fixed_split_train_test,0,0.33833939349429715,0,0.7551651952133495
2596.json,john-kitzhaber,half-true,0,fixed_split_train_test,1,0.6930172220774721,1,0.8120239342842415
10399.json,rand-paul,false,1,fixed_split_train_test,0,0.3258172317763556,0,0.72772027534419
792.json,john-mccain,half-true,0,fixed_split_train_test,1,0.619146328098858,1,0.8436703431651531
12929.json,julian-castro,true,0,fixed_split_train_test,0,0.47205804783580957,1,0.7803745459770407
12791.json,democratic-congressional-campaign-committee,barely-true,1,fixed_split_train_test,1,0.6234314832967572,0,0.7681863594437556
9003.json,rick-scott,barely-true,1,fixed_split_train_test,0,0.31445634894019114,0,0.71870902481105
3811.json,scott-fitzgerald,false,1,fixed_split_train_test,0,0.4286089064590451,1,0.780681366514721
3399.json,morgan-griffith,false,1,fixed_split_train_test,1,0.5056131742848495,0,0.7551322828908186
11229.json,glen-sturtevant,true,0,fixed_split_train_test,0,0.41397344591910573,0,0.766968108956651
3800.json,herman-cain,false,1,fixed_split_train_test,1,0.49546426300117236,1,0.8601571106214152
10283.json,bernie-s,mostly-true,0,fixed_split_train_test,0,0.13200186957243112,0,0.6506792765353976
352.json,hillary-clinton,mostly-true,0,fixed_split_train_test,0,0.3778918160106936,0,0.737345757616961
4134.json,alan-hays,false,1,fixed_split_train_test,1,0.7513037161571087,1,0.9094823524107678
5278.json,jim-jordan,half-true,0,fixed_split_train_test,1,0.5303893009815057,1,0.7863796725096857
2165.json,sam-olens,half-true,0,fixed_split_train_test,1,0.7123815824745914,1,0.8718952518288063
7448.json,kasim-reed,true,0,fixed_split_train_test,0,0.19784752634890218,0,0.6501474954797627
12987.json,jimmy-carter,true,0,fixed_split_train_test,0,0.3349588214168478,0,0.7165400737049192
5132.json,georgia-democrats,half-true,0,fixed_split_train_test,1,0.768894279588353,1,0.8610856014086574
13329.json,kellyanne-conway,barely-true,1,fixed_split_train_test,1,0.5898312252295504,1,0.8511377339929261
4588.json,rick-perry,true,0,fixed_split_train_test,0,0.44633620169226107,0,0.7405741266764545
6455.json,warren-kampf,mostly-true,0,fixed_split_train_test,0,0.38761900635701624,0,0.7367509834242957
10282.json,jesse-ventura,pants-fire,1,fixed_split_train_test,1,0.804690621782407,1,0.9481394741753678
211.json,john-mccain,true,0,fixed_split_train_test,1,0.5761299680972274,1,0.7872513644476842
7676.json,michael-chippendale,barely-true,1,fixed_split_train_test,1,0.515509318301749,1,0.8264890611216654
1873.json,chain-email,false,1,fixed_split_train_test,1,0.6260861464456715,1,0.8628521665453196
2443.json,john-kasich,half-true,0,fixed_split_train_test,0,0.3197976578072379,0,0.6946164675332538
3841.json,tim-pawlenty,half-true,0,fixed_split_train_test,0,0.31741593430282455,0,0.7383902990420177
12284.json,bernie-s,mostly-true,0,fixed_split_train_test,0,0.3221708741083177,0,0.6973122800905768
7197.json,john-kitzhaber,mostly-true,0,fixed_split_train_test,1,0.48806356074249624,0,0.7422553738202355
12858.json,barack-obama,half-true,0,fixed_split_train_test,1,0.7174466425625825,1,0.8202826812736878
2633.json,mark-kirk,half-true,0,fixed_split_train_test,1,0.5760211075896573,0,0.7473281163350735
6041.json,jack-latvala,half-true,0,fixed_split_train_test,0,0.05865963377072078,0,0.611573130590439
3414.json,bernie-s,false,1,fixed_split_train_test,1,0.5001436940706647,0,0.7694660160880299
4323.json,thaddeus-mccotter,mostly-true,0,fixed_split_train_test,0,0.34169283781024623,0,0.6400303289906629
1679.json,robert-gates,half-true,0,fixed_split_train_test,1,0.49070970015041093,0,0.7511170904530392
275.json,rudy-giuliani,barely-true,1,fixed_split_train_test,0,0.4655809162891977,1,0.8173076743146478
13208.json,jason-kander,mostly-true,0,fixed_split_train_test,0,0.43339886845705305,1,0.7855603524101209
5911.json,rob-portman,half-true,0,fixed_split_train_test,0,0.48730543740372345,0,0.7547722885377837
4277.json,reince-priebus,false,1,fixed_split_train_test,1,0.5264473653004185,1,0.8175967967498745
752.json,barack-obama,half-true,0,fixed_split_train_test,1,0.5272777814937963,0,0.7636640044077595
2601.json,kurt-schrader,false,1,fixed_split_train_test,0,0.41753566376075746,0,0.7451646966995193
1450.json,debra-medina,half-true,0,fixed_split_train_test,1,0.6631365538594699,1,0.8030872879294401
5653.json,andrew-napolitano,pants-fire,1,fixed_split_train_test,1,0.7093720977328128,1,0.7876258165117946
13046.json,yes-55,barely-true,1,fixed_split_train_test,0,0.47207717789063347,0,0.7697658049407982
3103.json,jamie-radtke,true,0,fixed_split_train_test,0,0.27305837254323473,0,0.6538008085734218
2894.json,glenn-beck,pants-fire,1,fixed_split_train_test,1,0.6478657513087676,1,0.859339499360809
1012.json,nancy-pelosi,false,1,fixed_split_train_test,1,0.5354371606102123,0,0.7590752228698341
9112.json,facebook-posts,false,1,fixed_split_train_test,0,0.36980204483274093,0,0.7465888950435053
2945.json,jack-kingston,mostly-true,0,fixed_split_train_test,0,0.35666756313371184,0,0.727034836575707
9944.json,bob-goodlatte,true,0,fixed_split_train_test,0,0.27592286972312197,0,0.7376426494982284
6839.json,tammy-baldwin,barely-true,1,fixed_split_train_test,1,0.5256046540219217,1,0.7982776515726537
3673.json,chris-larson,barely-true,1,fixed_split_train_test,1,0.8448531823528164,1,0.9421695589042616
13058.json,barack-obama,true,0,fixed_split_train_test,1,0.5626005433151227,0,0.7523964852270836
3941.json,rob-portman,half-true,0,fixed_split_train_test,0,0.45481368731725996,0,0.7467764174855244
10917.json,bobby-jindal,false,1,fixed_split_train_test,1,0.7265667396734911,1,0.8865192600968919
13155.json,russ-feingold,false,1,fixed_split_train_test,1,0.5237007777062146,1,0.7931487959396882
9301.json,blog-posting,pants-fire,1,fixed_split_train_test,1,0.6738608886435042,1,0.9079447639503214
5486.json,silvestre-reyes,half-true,0,fixed_split_train_test,1,0.7212478513886356,1,0.8564304935638384
4579.json,american-crossroads,false,1,fixed_split_train_test,1,0.708516897381978,1,0.8362317656737621
10943.json,austin-scott,true,0,fixed_split_train_test,0,0.37235424148388446,0,0.6830824199577357
12728.json,rick-scott,false,1,fixed_split_train_test,1,0.5557737046749736,1,0.8084082315571269
92.json,mitt-romney,half-true,0,fixed_split_train_test,1,0.61435690122546,1,0.8398338683864951
11230.json,bobby-jindal,half-true,0,fixed_split_train_test,1,0.9745881779571849,1,0.9339287597792754
2720.json,american-federation-children,pants-fire,1,fixed_split_train_test,1,0.5567096181394735,0,0.7668537728008056
582.json,barack-obama,true,0,fixed_split_train_test,0,0.30634044897481644,0,0.6750413953408296
13227.json,donald-trump,false,1,fixed_split_train_test,1,0.7112669626525032,1,0.8927033462905224
12052.json,marco-rubio,true,0,fixed_split_train_test,0,0.3752992299529714,0,0.7550903692570284
1010.json,barack-obama,half-true,0,fixed_split_train_test,0,0.4352119309616955,0,0.7208349164086006
1333.json,chain-email,true,0,fixed_split_train_test,0,0.39766724047388663,1,0.7883881045245926
2603.json,hank-gilbert,false,1,fixed_split_train_test,1,0.562666873935158,0,0.7288114094006355
2731.json,barack-obama,mostly-true,0,fixed_split_train_test,1,0.5122708916421949,0,0.7618639232128734
3434.json,rick-perry,mostly-true,0,fixed_split_train_test,0,0.27364724324562917,0,0.6982646700262802
788.json,john-mccain,mostly-true,0,fixed_split_train_test,1,0.5194842717528798,1,0.8023158692145339
1691.json,julian-assange,half-true,0,fixed_split_train_test,0,0.44316699131519555,0,0.7587919457249532
605.json,john-mccain,false,1,fixed_split_train_test,0,0.3992703558342245,0,0.7208047180470887
6195.json,dan-ramos,false,1,fixed_split_train_test,0,0.25350529299977526,0,0.7089213449889993
1350.json,mitch-mcconnell,true,0,fixed_split_train_test,1,0.6236382449886206,1,0.788938090194163
7706.json,sheldon-whitehouse,half-true,0,fixed_split_train_test,1,0.7596858812209513,1,0.8734974445137139
12037.json,ron-johnson,half-true,0,fixed_split_train_test,1,0.7028429812631507,1,0.8437217921671036
8710.json,brett-smiley,mostly-true,0,fixed_split_train_test,0,0.32949302062489483,0,0.6969230460793508
960.json,chuck-grassley,half-true,0,fixed_split_train_test,0,0.4529804017426023,0,0.7109698611225261
10544.json,rudy-giuliani,false,1,fixed_split_train_test,1,0.5466575413142633,1,0.7857893745571253
4391.json,kinky-friedman,barely-true,1,fixed_split_train_test,0,0.4378115288540008,0,0.723652480388942
13186.json,tim-kaine,half-true,0,fixed_split_train_test,1,0.6193001885447946,1,0.7806387590276954
9692.json,ed-macdougall,barely-true,1,fixed_split_train_test,1,0.5993662196468297,1,0.8426666472337827
7401.json,peter-courtney,mostly-true,0,fixed_split_train_test,0,0.27382775314760616,0,0.7125327887588551
13405.json,mike-pence,half-true,0,fixed_split_train_test,0,0.44456723612393223,0,0.7508960160418267
230.json,hillary-clinton,true,0,fixed_split_train_test,1,0.5432271887152859,0,0.7472857374271957
3037.json,tim-kaine,half-true,0,fixed_split_train_test,0,0.3822909791607488,0,0.7076833712543762
207.json,john-mccain,true,0,fixed_split_train_test,0,0.42028316250700015,0,0.7500908580059529
3608.json,mike-ford,false,1,fixed_split_train_test,1,0.6205123274547812,1,0.8025108298850482
3789.json,ameripac,barely-true,1,fixed_split_train_test,1,0.5887342260163402,0,0.7337488583361185
7775.json,ron-meyer,half-true,0,fixed_split_train_test,0,0.16479311314787237,0,0.6605131658852437
12160.json,viral-media-reports,barely-true,1,fixed_split_train_test,1,0.5379546926542219,1,0.8200224055878338
12870.json,america-rising-now,barely-true,1,fixed_split_train_test,1,0.559318059812031,1,0.7816707560284037
10069.json,debbie-wasserman-schultz,false,1,fixed_split_train_test,1,0.5244982259475447,1,0.8015096277066627
3366.json,ward-armstrong,true,0,fixed_split_train_test,0,0.3926140605644884,0,0.7346127697139493
10806.json,john-taylor-2,true,0,fixed_split_train_test,0,0.1351481740880881,0,0.6810113101126232
9681.json,bryan-fischer,pants-fire,1,fixed_split_train_test,1,0.7815842795980231,1,0.9381095870270492
1015.json,newt-gingrich,barely-true,1,fixed_split_train_test,0,0.40607862361276736,0,0.7211866492085407
13486.json,rush-limbaugh,half-true,0,fixed_split_train_test,1,0.7431964286752999,1,0.880039768622825
8798.json,bob-terry,false,1,fixed_split_train_test,0,0.40036842675758605,0,0.7513006418363782
2514.json,phil-gingrey,false,1,fixed_split_train_test,1,0.5681843342792321,1,0.8095377032678863
10633.json,glenn-beck,false,1,fixed_split_train_test,1,0.6629041091235018,1,0.843563675026219
10883.json,rebecca-quigley,false,1,fixed_split_train_test,0,0.399948997710075,0,0.7171969546257717
13213.json,kamala-harris,half-true,0,fixed_split_train_test,1,0.5726597085107084,0,0.7369927735760231
5698.json,barack-obama,half-true,0,fixed_split_train_test,0,0.20011765073958318,0,0.6443003944585486
11701.json,lamar-smith,false,1,fixed_split_train_test,1,0.5432531948397099,1,0.8604702535144881
2315.json,blanche-lincoln,barely-true,1,fixed_split_train_test,1,0.6016798939932162,1,0.8169440524029119
4626.json,no-casinos,mostly-true,0,fixed_split_train_test,0,0.2983521482279611,0,0.6774562796699662
11307.json,donald-trump,barely-true,1,fixed_split_train_test,0,0.46614003959412614,1,0.8425770016381705
11925.json,tim-mcginty,true,0,fixed_split_train_test,0,0.4275164135472461,0,0.7281926707239395
4259.json,richard-codey,true,0,fixed_split_train_test,0,0.45108753927981,1,0.8365358971524002
5061.json,chris-christie,pants-fire,1,fixed_split_train_test,0,0.26141400788680985,0,0.7140401362933833
4141.json,ann-marie-buerkle,half-true,0,fixed_split_train_test,1,0.5287491533582368,1,0.8068246036179907
4175.json,debbie-wasserman-schultz,half-true,0,fixed_split_train_test,0,0.3601751050118732,0,0.7225351247337488
9462.json,florida-democratic-party,mostly-true,0,fixed_split_train_test,0,0.35161228761590096,0,0.6924664982204115
3987.json,democratic-congressional-campaign-committee,mostly-true,0,fixed_split_train_test,0,0.48687067079577123,0,0.7456478002987139
293.json,vietnam-veterans-against-john-mccain,pants-fire,1,fixed_split_train_test,1,0.5820076982543292,1,0.8260399041581805
7728.json,chris-christie,mostly-true,0,fixed_split_train_test,0,0.2832725184158565,0,0.6870763291641283
2117.json,susana-martinez,half-true,0,fixed_split_train_test,1,0.8545861768441405,1,0.9119681031624778
4825.json,democratic-national-committee,half-true,0,fixed_split_train_test,1,0.5070478983572724,1,0.7717919462628344
9516.json,greg-abbott,barely-true,1,fixed_split_train_test,1,0.7091276528844841,1,0.8424154016241084
12834.json,donald-trump,false,1,fixed_split_train_test,1,0.6461606690142467,1,0.8737037772134101
3980.json,piers-morgan,false,1,fixed_split_train_test,1,0.493148523144589,1,0.8064545141835551
3231.json,herman-cain,half-true,0,fixed_split_train_test,0,0.21594123544526656,0,0.7077463770351672
386.json,john-mccain,mostly-true,0,fixed_split_train_test,0,0.48227130497767434,0,0.7622852844897245
11288.json,reid-ribble,half-true,0,fixed_split_train_test,1,0.728043036089722,1,0.8168981204732125
660.json,mark-warner,half-true,0,fixed_split_train_test,0,0.37020767729910525,0,0.7488358988244149
1106.json,chain-email,true,0,fixed_split_train_test,1,0.737685974388331,1,0.9322049953263905
2105.json,rick-perry,false,1,fixed_split_train_test,1,0.5788035375823546,1,0.8366774051118705
446.json,focus-family-action,barely-true,1,fixed_split_train_test,1,0.6917212081856231,1,0.8571459688070602
10271.json,keisha-lance-bottoms,mostly-true,0,fixed_split_train_test,1,0.536887298733214,1,0.7824225697780232
4866.json,republican-national-committee-republican,half-true,0,fixed_split_train_test,0,0.23982788911786396,0,0.6487701227326187
8419.json,ted-cruz,false,1,fixed_split_train_test,1,0.5528678599541612,1,0.8391704299911862
3136.json,peter-kilmartin,half-true,0,fixed_split_train_test,1,0.5068702175385849,1,0.7742009891119327
12093.json,mark-herring,barely-true,1,fixed_split_train_test,1,0.5587910647571794,1,0.8137197160489772
317.json,bill-clinton,true,0,fixed_split_train_test,0,0.3230801989422411,0,0.721471166026961
6295.json,josh-mandel,pants-fire,1,fixed_split_train_test,1,0.6598274773264123,1,0.840016170842089
6610.json,bob-buckhorn,mostly-true,0,fixed_split_train_test,1,0.5032920026188535,0,0.7522258651469222
5597.json,susan-cole,true,0,fixed_split_train_test,0,0.20976575513269463,0,0.625870729038373
1234.json,michael-moore,false,1,fixed_split_train_test,1,0.7612254177736218,1,0.86542008328855
4995.json,jim-sensenbrenner,true,0,fixed_split_train_test,0,0.43844968066414397,1,0.7784051387801592
9095.json,facebook-posts,pants-fire,1,fixed_split_train_test,1,0.617739892244354,1,0.8002265051945531
10451.json,john-boehner,half-true,0,fixed_split_train_test,1,0.6800681986926256,1,0.82308124017058
4679.json,rick-perry,half-true,0,fixed_split_train_test,0,0.22255998286682982,0,0.6821379380370041
6011.json,caroline-casagrande,mostly-true,0,fixed_split_train_test,0,0.29275197771893613,0,0.6826730600166252
255.json,chris-dodd,mostly-true,0,fixed_split_train_test,1,0.6036335108277476,1,0.7735429882009897
3664.json,victoria-taft,false,1,fixed_split_train_test,1,0.6176037171901918,1,0.889360355910799
11262.json,eric-bolling,false,1,fixed_split_train_test,0,0.16776705363719915,0,0.5965867226512955
9388.json,mike-collins,barely-true,1,fixed_split_train_test,0,0.47761303248912734,1,0.7732500377739688
12596.json,hillary-clinton,barely-true,1,fixed_split_train_test,1,0.5036137248186826,1,0.7728531220406004
8689.json,dennis-hastert,half-true,0,fixed_split_train_test,1,0.7336089132783817,1,0.8134400398559282
13420.json,hillary-clinton,true,0,fixed_split_train_test,1,0.5557157545044591,0,0.7379913778678688
11911.json,marco-rubio,barely-true,1,fixed_split_train_test,0,0.4307751208787184,0,0.768161895944101
5450.json,ron-paul,half-true,0,fixed_split_train_test,1,0.5324007418670352,1,0.7749532130907419
2993.json,rick-perry,mostly-true,0,fixed_split_train_test,1,0.5431395418239904,1,0.79471680838896
3740.json,tim-kaine,half-true,0,fixed_split_train_test,0,0.06953340017472796,0,0.6325085081012648
12720.json,chris-christie,half-true,0,fixed_split_train_test,1,0.5908770262116694,1,0.8098099953136996
1653.json,democratic-national-committee,half-true,0,fixed_split_train_test,0,0.4258444412827115,0,0.7266127743954179
3731.json,barack-obama,true,0,fixed_split_train_test,0,0.3580841902664145,0,0.6695186830951737
8103.json,rick-kriseman,half-true,0,fixed_split_train_test,0,0.39355873008882447,0,0.6641374243577374
1439.json,democratic-national-committee,half-true,0,fixed_split_train_test,0,0.2639965490315044,0,0.6746241931231466
5779.json,michael-adams,half-true,0,fixed_split_train_test,0,0.3314277251514012,0,0.6419037265884103
10567.json,thomas-tobin,false,1,fixed_split_train_test,1,0.5487351902752325,1,0.8204811177983207
10111.json,rick-scott,false,1,fixed_split_train_test,0,0.2476263641178076,0,0.7167674534319444
11256.json,viral-image,mostly-true,0,fixed_split_train_test,1,0.6414760674395658,1,0.8021204361247831
10543.json,scott-walker,false,1,fixed_split_train_test,1,0.5824307136787584,1,0.798315979012951
7904.json,scott-walker,barely-true,1,fixed_split_train_test,0,0.36814043001671665,0,0.74165057735258
4709.json,allen-west,barely-true,1,fixed_split_train_test,1,0.6564905473810084,1,0.8866197753255864
8854.json,mary-burke,half-true,0,fixed_split_train_test,0,0.4165096826059512,0,0.7265848918932808
4116.json,john-boehner,false,1,fixed_split_train_test,1,0.5532240613081691,1,0.8094162746139324
5131.json,kriner-cash,mostly-true,0,fixed_split_train_test,0,0.222303929992576,0,0.6765824794114781
11861.json,sarah-palin,false,1,fixed_split_train_test,1,0.7152700702578677,1,0.8518341353687889
9435.json,hillary-clinton,mostly-true,0,fixed_split_train_test,0,0.32527796271162424,0,0.7202161408196687
12805.json,joe-biden,mostly-true,0,fixed_split_train_test,0,0.42435414663353316,0,0.7063095934145294
9801.json,gina-raimondo,true,0,fixed_split_train_test,0,0.2893516473617163,0,0.721227066132325
2195.json,rick-perry,false,1,fixed_split_train_test,1,0.8009385706437251,1,0.8930456255172134
11370.json,espn,mostly-true,0,fixed_split_train_test,0,0.4749052889684222,0,0.7687286261294003
9771.json,nextgen-climate,half-true,0,fixed_split_train_test,1,0.5078867965239267,0,0.7698399606712144
3676.json,adam-hasner,mostly-true,0,fixed_split_train_test,1,0.5137314411433623,1,0.7740380427230056
4615.json,tom-kean-jr,half-true,0,fixed_split_train_test,0,0.42165469185078336,0,0.7163941463157112
7742.json,metro,false,1,fixed_split_train_test,0,0.3134338267741826,0,0.7167640220894838
2394.json,republican-governors-association,half-true,0,fixed_split_train_test,1,0.7360179263754218,1,0.8292495466483334
817.json,republican-national-committee-republican,pants-fire,1,fixed_split_train_test,1,0.867789250446853,1,0.8637181689125634
13051.json,paul-wolfowitz,barely-true,1,fixed_split_train_test,1,0.5938968888939086,0,0.7421234597444568
11345.json,tammy-baldwin,half-true,0,fixed_split_train_test,1,0.6881809830660082,1,0.8290369493092239
7387.json,marco-rubio,barely-true,1,fixed_split_train_test,0,0.4786732152108413,1,0.8118371501421621
4400.json,new-hampshire-democratic-party,half-true,0,fixed_split_train_test,1,0.5332734002712115,0,0.7563896345874056
3541.json,armond-budish,half-true,0,fixed_split_train_test,0,0.4227058139635042,0,0.740546987778826
12187.json,rick-scotts-starbucks-heckler,half-true,0,fixed_split_train_test,1,0.7500714903925996,1,0.8809381850805837
7340.json,barack-obama,true,0,fixed_split_train_test,0,0.19445512084773287,0,0.606963354046655
10355.json,hank-huckaby,true,0,fixed_split_train_test,0,0.01661184549491574,0,0.5468039807716336
10467.json,rick-perry,half-true,0,fixed_split_train_test,0,0.10013502164663056,0,0.6104530690694683
8089.json,oregon-catalyst,false,1,fixed_split_train_test,0,0.45581947079964236,0,0.7576179342025459
12526.json,larry-yarborough,mostly-true,0,fixed_split_train_test,1,0.604793200740375,1,0.865976583057366
10898.json,al-sharpton,barely-true,1,fixed_split_train_test,1,0.6693759894591896,1,0.8531684823264571
7541.json,chris-christie,half-true,0,fixed_split_train_test,0,0.36333320278631454,0,0.7306116221598297
7136.json,john-kitzhaber,barely-true,1,fixed_split_train_test,0,0.21270218617925452,0,0.6457944169021935
6325.json,michael-bloomberg,half-true,0,fixed_split_train_test,0,0.41735182068633225,0,0.7622804397418456
12855.json,richard-durbin,true,0,fixed_split_train_test,0,0.3002028594060886,0,0.6390344149646403
10512.json,leonidas-raptakis,false,1,fixed_split_train_test,0,0.33072183406940364,0,0.7140282608431278
12336.json,colorado-health-institute,mostly-true,0,fixed_split_train_test,0,0.47216496709016537,1,0.7780847081169551
11726.json,dan-patrick,barely-true,1,fixed_split_train_test,0,0.07961207243411522,0,0.6300594428358287
3904.json,brian-deese,half-true,0,fixed_split_train_test,0,0.0,0,0.5257135194513411
6774.json,national-rifle-association,mostly-true,0,fixed_split_train_test,1,0.635088097904148,1,0.8246144840593277
1324.json,rachel-maddow,barely-true,1,fixed_split_train_test,1,0.6083690687195572,1,0.8061548480400399
6813.json,paul-ryan,barely-true,1,fixed_split_train_test,1,0.7506093032619419,1,0.8613848933717111
9737.json,dbanj,false,1,fixed_split_train_test,0,0.4776949272322016,1,0.8460824665683571
6366.json,scott-garrett,barely-true,1,fixed_split_train_test,1,0.6671332928750583,1,0.8707399373265826
9316.json,harry-reid,mostly-true,0,fixed_split_train_test,0,0.3972667242586357,0,0.7447073465221926
992.json,barack-obama,mostly-true,0,fixed_split_train_test,0,0.2439859285764088,0,0.6434747595207871
699.json,john-mccain,half-true,0,fixed_split_train_test,1,0.7075705494906183,1,0.869043328667946
9033.json,rob-portman,true,0,fixed_split_train_test,0,0.449296030340548,0,0.7376620030557317
5950.json,mitt-romney,true,0,fixed_split_train_test,1,0.6383903444615052,1,0.7949930555827396
10041.json,dan-patrick,half-true,0,fixed_split_train_test,1,0.64182448155943,1,0.827282214041519
5528.json,paul-sadler,true,0,fixed_split_train_test,1,0.5080300946957719,0,0.7174625214960837
8414.json,rick-kriseman,false,1,fixed_split_train_test,1,0.5288125471779906,0,0.7628370915635022
4189.json,national-republican-congressional-committee,false,1,fixed_split_train_test,1,0.5806295963017153,1,0.8137694351897453
9333.json,sean-hannity,half-true,0,fixed_split_train_test,1,0.6676297667645156,1,0.857313573549484
9052.json,david-dewhurst,mostly-true,0,fixed_split_train_test,0,0.44731844466474063,1,0.8127728634090692
12478.json,sharron-angle,barely-true,1,fixed_split_train_test,0,0.40457295442795566,0,0.7360270970496536
1405.json,glenn-beck,barely-true,1,fixed_split_train_test,0,0.11933028932987555,0,0.647638398078659
3235.json,barack-obama,false,1,fixed_split_train_test,0,0.47157995073651865,0,0.7429950479959411
1514.json,alex-sink,barely-true,1,fixed_split_train_test,1,0.5644143247840712,0,0.7391445671973568
6919.json,tim-kaine,barely-true,1,fixed_split_train_test,0,0.4379439332981461,0,0.7314065297320581
9774.json,republican-party-florida,false,1,fixed_split_train_test,1,0.6691746885398885,1,0.8605960188874924
5640.json,chain-email,barely-true,1,fixed_split_train_test,1,0.5959456324591023,1,0.8400170935049011
9444.json,mary-burke,barely-true,1,fixed_split_train_test,0,0.3518024486009327,0,0.7115705178228225
12449.json,kelly-ayotte,mostly-true,0,fixed_split_train_test,0,0.4280883602536347,0,0.702308860121611
4432.json,dan-ramos,mostly-true,0,fixed_split_train_test,0,0.298841367951648,0,0.7163272201225763
5749.json,greg-abbott,half-true,0,fixed_split_train_test,0,0.09305639179820423,0,0.6150570390827034
8192.json,rene-garcia,barely-true,1,fixed_split_train_test,1,0.5010444518465236,1,0.8100476707615918
7886.json,christine-whitman,mostly-true,0,fixed_split_train_test,0,0.4398994482972997,1,0.8080227778562551
9431.json,americans-safe-access,barely-true,1,fixed_split_train_test,1,0.6734256842468203,1,0.7950931629721215
7721.json,bob-goodlatte,half-true,0,fixed_split_train_test,0,0.41227839407211314,0,0.7437014191977821
2616.json,christine-odonnell,pants-fire,1,fixed_split_train_test,1,0.5319663830039609,0,0.7595681772209532
2122.json,americans-job-security,half-true,0,fixed_split_train_test,1,0.672917175448375,1,0.840001686362479
1280.json,charlie-crist,barely-true,1,fixed_split_train_test,0,0.32557052771975237,0,0.7019512513672228
2477.json,steve-southerland,false,1,fixed_split_train_test,0,0.27517234854580663,0,0.7211509411510388
6123.json,eric-hovde,false,1,fixed_split_train_test,0,0.41080762676793237,0,0.6680244148672583
7814.json,new-jersey-state-afl-cio,mostly-true,0,fixed_split_train_test,0,0.271688545946917,0,0.67580873223933
901.json,spencer-bachus,false,1,fixed_split_train_test,0,0.16011710659483772,0,0.6639131429534457
6720.json,rob-zerban,false,1,fixed_split_train_test,0,0.34217060439366825,0,0.7071589722159777
4628.json,hank-johnson,mostly-true,0,fixed_split_train_test,0,0.14301523096973762,0,0.669770506520855
11303.json,jay-nixon,mostly-true,0,fixed_split_train_test,0,0.10146759729420979,0,0.6239028283360335
2986.json,talgo-inc,true,0,fixed_split_train_test,1,0.5647451665481067,1,0.8507482445589488
10783.json,representus,mostly-true,0,fixed_split_train_test,0,0.24329519767420926,0,0.674425259182437
13350.json,patrick-murphy,half-true,0,fixed_split_train_test,0,0.4347019739220606,1,0.7806333839468078
258.json,mitt-romney,true,0,fixed_split_train_test,0,0.3852310386996523,0,0.7261473067201116
1248.json,michael-moore,mostly-true,0,fixed_split_train_test,0,0.48313367710024063,0,0.7494037010320445
10450.json,rand-paul,half-true,0,fixed_split_train_test,0,0.26851239203482935,0,0.68070154006616
8758.json,barack-obama,half-true,0,fixed_split_train_test,0,0.40949579375117745,0,0.7109762205110761
4442.json,ron-paul,half-true,0,fixed_split_train_test,0,0.3915705990632157,0,0.7324882129840204
7930.json,pete-gallego,true,0,fixed_split_train_test,0,0.265614759608718,0,0.7375456226267131
12122.json,paul-ryan,mostly-true,0,fixed_split_train_test,1,0.688646887975603,1,0.8245948599483994
6678.json,leonard-lance,true,0,fixed_split_train_test,0,0.4483735594027129,0,0.73539432794203
9957.json,facebook-posts,pants-fire,1,fixed_split_train_test,0,0.29913430444752254,0,0.7333915232774381
7111.json,sam-adams,barely-true,1,fixed_split_train_test,0,0.2417916582201456,0,0.6337661969197655
9235.json,blog-posting,pants-fire,1,fixed_split_train_test,1,0.6615329695454432,1,0.9019078130477216
1243.json,barney-bishop,false,1,fixed_split_train_test,1,0.49298434391999785,0,0.7597682122295877
5693.json,kathleen-falk,false,1,fixed_split_train_test,1,0.6647680138123955,1,0.8171069606482889
2305.json,john-boehner,true,0,fixed_split_train_test,1,0.7359525393733122,1,0.8489710405289649
2040.json,george-will,barely-true,1,fixed_split_train_test,1,0.4929430441856141,0,0.750938565222254
9192.json,progressive-choice,true,0,fixed_split_train_test,1,0.7597876397927535,1,0.8464727734552093
11375.json,glenn-hegar,true,0,fixed_split_train_test,0,0.3113585527225874,0,0.6614655033468795
9674.json,jeb-bush,mostly-true,0,fixed_split_train_test,0,0.27006222962405774,0,0.6625353906582198
3369.json,sam-adams,half-true,0,fixed_split_train_test,0,0.39518913279038836,0,0.7222523349501055
8855.json,wendy-davis,mostly-true,0,fixed_split_train_test,1,0.5527437645012235,1,0.796677857495076
1641.json,michele-bachmann,false,1,fixed_split_train_test,1,0.4973758368526802,0,0.7690251572669635
9080.json,greg-morris,true,0,fixed_split_train_test,0,0.48340661317792627,1,0.8026362389723058
4233.json,jennifer-granholm,mostly-true,0,fixed_split_train_test,0,0.23470266712025284,0,0.6602312618380776
12952.json,donald-trump,barely-true,1,fixed_split_train_test,1,0.5525155826379792,1,0.8351238066975019
2135.json,lincoln-chafee,false,1,fixed_split_train_test,1,0.5173483281342531,1,0.8030356900390954
7696.json,mark-pocan,barely-true,1,fixed_split_train_test,0,0.4079167551842691,1,0.7782211569747542
11751.json,barack-obama,mostly-true,0,fixed_split_train_test,0,0.10192987846420846,0,0.6123017966986211
2187.json,michael-bloomberg,false,1,fixed_split_train_test,0,0.4607437133726569,0,0.7536767308749209
3196.json,rick-scott,false,1,fixed_split_train_test,1,0.6113186709380339,1,0.827263299060393
6263.json,ovide-lamontagne,half-true,0,fixed_split_train_test,0,0.14573345465198465,0,0.6515862170155621
2774.json,scott-walker,half-true,0,fixed_split_train_test,1,0.6215309258517323,1,0.8315905340839034
6555.json,teresa-fedor,true,0,fixed_split_train_test,1,0.6122410787022787,1,0.8379547545983766
8961.json,david-brooks,half-true,0,fixed_split_train_test,0,0.4180217920573409,1,0.8043753761432584
8011.json,elliott-naishtat,true,0,fixed_split_train_test,0,0.39929309867401896,0,0.7265162279352207
1290.json,ginny-brown-waite,barely-true,1,fixed_split_train_test,1,0.5994288751097743,1,0.7882752684520997
9151.json,michael-mccaul,true,0,fixed_split_train_test,1,0.5921789054361746,1,0.8399890963186634
11625.json,greg-abbott,mostly-true,0,fixed_split_train_test,0,0.18497745421279652,0,0.6554074909232098
7426.json,bill-jackson,pants-fire,1,fixed_split_train_test,1,0.5433026017988417,1,0.7843504321050945
1462.json,kay-bailey-hutchison,mostly-true,0,fixed_split_train_test,1,0.6275134715115032,1,0.8339791223809906
1777.json,john-cornyn,true,0,fixed_split_train_test,1,0.5010192668398913,0,0.7526666306801666
12982.json,reince-priebus,half-true,0,fixed_split_train_test,1,0.7445716653699935,1,0.8691567037354135
6015.json,reince-priebus,false,1,fixed_split_train_test,1,0.6311225676670038,1,0.8342750143398927
12520.json,hillary-clinton,true,0,fixed_split_train_test,1,0.5091610712898933,1,0.7744546228587658
8944.json,lawrence-odonnell,mostly-true,0,fixed_split_train_test,1,0.7470776626316799,1,0.8455095936494297
6035.json,eric-fehrnstrom,half-true,0,fixed_split_train_test,0,0.2047818609719585,0,0.6314892564306848
10309.json,michael-needham,mostly-true,0,fixed_split_train_test,1,0.5016579852839024,0,0.764946273058663
7336.json,texas-federation-republican-women,barely-true,1,fixed_split_train_test,0,0.40878141402791635,0,0.7249351864582859
7726.json,ed-fitzgerald,false,1,fixed_split_train_test,1,0.6213824520997768,0,0.7381423963666116
12768.json,kirsten-gillibrand,mostly-true,0,fixed_split_train_test,0,0.4516219745934213,0,0.7271762612667863
12012.json,chris-koster,mostly-true,0,fixed_split_train_test,0,0.3333904507366552,0,0.6922927079863298
5710.json,joe-biden,false,1,fixed_split_train_test,0,0.2078337265723081,0,0.6356970278616295
376.json,barack-obama,half-true,0,fixed_split_train_test,1,0.6866403707412485,1,0.8412629173714209
4198.json,ohio-democratic-party,pants-fire,1,fixed_split_train_test,0,0.47494646206734487,1,0.772628360639636
4901.json,florida-democratic-party,barely-true,1,fixed_split_train_test,0,0.4539865249811227,0,0.7616214833040529
7806.json,leah-vukmir,false,1,fixed_split_train_test,0,0.4118687443098225,0,0.7160376761866469
12537.json,donald-trump,false,1,fixed_split_train_test,1,0.6779680245203135,1,0.8530920306657508
3593.json,rick-scott,mostly-true,0,fixed_split_train_test,0,0.46123481353332835,0,0.7146044339929947
9779.json,occupy-democrats,pants-fire,1,fixed_split_train_test,1,0.5333473673802643,1,0.8088242046948979
8990.json,john-kerry,mostly-true,0,fixed_split_train_test,1,0.7776184199647541,1,0.8934533026393993
3979.json,george-allen,false,1,fixed_split_train_test,1,0.5881768415263143,1,0.8008304948463304
10897.json,rick-perry,true,0,fixed_split_train_test,0,0.3964233463115946,0,0.7416333833075075
4841.json,eileen-brady,mostly-true,0,fixed_split_train_test,1,0.6872669313903903,1,0.8549515920504673
2570.json,russ-feingold,half-true,0,fixed_split_train_test,0,0.3550788653662727,0,0.714356972984008
4068.json,lisa-hamler-fugitt,mostly-true,0,fixed_split_train_test,0,0.09526460095350672,0,0.5744352115504904
12301.json,john-oliver,mostly-true,0,fixed_split_train_test,1,0.5370730406873322,1,0.847468603181989
7236.json,rick-scott,half-true,0,fixed_split_train_test,0,0.21468070681395998,0,0.658960307911793
6571.json,chris-christie,half-true,0,fixed_split_train_test,0,0.48484239450041683,1,0.775403051690869
2640.json,chuck-riley,false,1,fixed_split_train_test,1,0.7683925330271698,1,0.858684876789435
13512.json,blog-posting,pants-fire,1,fixed_split_train_test,1,0.6265042296663985,1,0.8744392420626955
166.json,mitt-romney,half-true,0,fixed_split_train_test,0,0.30399344687804697,0,0.7054526528434529
7329.json,mayors-against-illegal-guns,half-true,0,fixed_split_train_test,0,0.2571321643992646,0,0.6764302989130111
13385.json,donald-trump,mostly-true,0,fixed_split_train_test,0,0.4516709219847275,1,0.7949067677536985
7827.json,meals-wheels-rhode-island,barely-true,1,fixed_split_train_test,0,0.43931282080615297,0,0.7226134114873769
11670.json,american-action-network,barely-true,1,fixed_split_train_test,0,0.305651508538245,0,0.6649652425909772
13029.json,national-republican-senatorial-committee,barely-true,1,fixed_split_train_test,1,0.7160631795069747,1,0.8656627935654804
9937.json,jeanne-shaheen,mostly-true,0,fixed_split_train_test,1,0.5362708202060325,1,0.7940515120146352
2811.json,mark-warner,mostly-true,0,fixed_split_train_test,0,0.2835402941211484,0,0.675612325714318
6333.json,chris-christie,false,1,fixed_split_train_test,0,0.26405873356297704,0,0.6929663366125259
5124.json,restore-our-future,pants-fire,1,fixed_split_train_test,0,0.4519505246063851,0,0.75758549477408
66.json,john-edwards,true,0,fixed_split_train_test,0,0.3952160951801385,0,0.6704931532893694
5403.json,bruce-starr,mostly-true,0,fixed_split_train_test,0,0.4628875085948882,1,0.7931121007376525
9437.json,scott-walker,half-true,0,fixed_split_train_test,1,0.5837806090930631,1,0.7839917872505822
235.json,john-mccain,true,0,fixed_split_train_test,0,0.34057064351471117,0,0.7517156292246087
793.json,barack-obama,half-true,0,fixed_split_train_test,1,0.541997807224612,1,0.7921906438012425
11080.json,rick-perry,barely-true,1,fixed_split_train_test,0,0.06223983272050344,0,0.625176611960739
9489.json,scott-walker,false,1,fixed_split_train_test,0,0.44631739422053873,0,0.7167842132467859
1444.json,barack-obama,mostly-true,0,fixed_split_train_test,0,0.38317676328828465,0,0.7208294043021359
2484.json,alan-grayson,half-true,0,fixed_split_train_test,1,0.6524340332631138,1,0.832906457063514
5836.json,mary-nolan,half-true,0,fixed_split_train_test,1,0.7930050722271941,1,0.8842580311526187
12.json,mike-huckabee,false,1,fixed_split_train_test,1,0.6636390656328055,1,0.804211277585364
11588.json,viral-media-reports,false,1,fixed_split_train_test,1,0.6165617726332322,1,0.8273866448475657
6264.json,eric-cantor,barely-true,1,fixed_split_train_test,1,0.6548948294424531,1,0.8667937275394808
13324.json,donald-trump,mostly-true,0,fixed_split_train_test,1,0.6562542845471818,1,0.8515967053483624
5230.json,nathan-deal,true,0,fixed_split_train_test,0,0.14757488094844926,0,0.6203858981510133
8519.json,americans-prosperity,false,1,fixed_split_train_test,0,0.448427118680933,0,0.7553650700062379
6900.json,karen-huber,half-true,0,fixed_split_train_test,1,0.7233274647246186,1,0.8876124772925612
10524.json,lloyd-doggett,true,0,fixed_split_train_test,1,0.543458464778945,0,0.723406168629814
12599.json,thomas-perez,true,0,fixed_split_train_test,0,0.2575269410205961,0,0.6721385904604033
917.json,eric-cantor,false,1,fixed_split_train_test,1,0.5120335451008537,1,0.8186841527500555
8336.json,grover-fugate,true,0,fixed_split_train_test,1,0.632200262318792,1,0.9005478223697073
6811.json,barack-obama,mostly-true,0,fixed_split_train_test,0,0.4274631096203427,0,0.7244064721924
7084.json,dan-patrick,true,0,fixed_split_train_test,0,0.27812184478917007,0,0.7360879991301266
7900.json,john-nygren,half-true,0,fixed_split_train_test,1,0.5463331477305362,0,0.750791919007675
9323.json,julian-castro,true,0,fixed_split_train_test,1,0.6972084416510249,1,0.8244808078162207
1460.json,bill-white,true,0,fixed_split_train_test,0,0.07673680079423209,0,0.6238556427386174
7607.json,john-kasich,pants-fire,1,fixed_split_train_test,0,0.4307309002541038,0,0.72439925491944
1061.json,lynn-westmoreland,barely-true,1,fixed_split_train_test,0,0.34766228001206867,0,0.6943747249023393
12321.json,pat-mccrory,true,0,fixed_split_train_test,0,0.28789752490814907,0,0.6839373605890451
6473.json,stephanie-cutter,true,0,fixed_split_train_test,1,0.6138996309967367,1,0.8564525782222019
12546.json,blog-posting,false,1,fixed_split_train_test,1,0.49394982811012456,1,0.8344093402758848
2877.json,scott-walker,false,1,fixed_split_train_test,1,0.8284366495877208,1,0.8999585968158662
9432.json,rachel-maddow,mostly-true,0,fixed_split_train_test,1,0.7364319374498216,1,0.8518572807569478
7145.json,john-kitzhaber,true,0,fixed_split_train_test,0,0.30330817767840207,0,0.6785281061596118
2760.json,sierra-club,barely-true,1,fixed_split_train_test,0,0.48493793707246174,1,0.8039265989961121
6945.json,crossroads-gps,barely-true,1,fixed_split_train_test,1,0.7119536519155694,1,0.8619296642337005
4899.json,newt-gingrich,false,1,fixed_split_train_test,1,0.6318171160742846,1,0.8332369576254365
10906.json,facebook-posts,pants-fire,1,fixed_split_train_test,1,0.6469071679406664,1,0.850244536958944
3885.json,new-jersey-sierra-club,half-true,0,fixed_split_train_test,0,0.29103910046723913,0,0.6489236865919307
11150.json,centers-disease-control,true,0,fixed_split_train_test,0,0.40270295925220534,0,0.7557890063156837
6953.json,bill-nelson,half-true,0,fixed_split_train_test,0,0.46830639531442114,1,0.7865920899120259
5510.json,steve-rothman,mostly-true,0,fixed_split_train_test,0,0.4344026660982048,0,0.750894379198769
3455.json,robin-wright,true,0,fixed_split_train_test,0,0.40718350241840406,0,0.7524378278718179
10061.json,rick-scott,half-true,0,fixed_split_train_test,0,0.4837926017540362,1,0.7798523316157076
9927.json,julie-pace,mostly-true,0,fixed_split_train_test,1,0.566805597536176,1,0.7836269831283116
2316.json,charlie-crist,mostly-true,0,fixed_split_train_test,0,0.14958170796017625,0,0.5968794788448423
11276.json,ron-bergeron,mostly-true,0,fixed_split_train_test,1,0.6904905480301402,1,0.8594070390214813
1497.json,eve-schatelowitz-alcantar,false,1,fixed_split_train_test,1,0.5385733351398749,0,0.7563436068949377
4337.json,ron-kind,half-true,0,fixed_split_train_test,0,0.3003319222347685,0,0.7121694868822597
4543.json,bill-oreilly,barely-true,1,fixed_split_train_test,1,0.6258539527525793,1,0.8289458048261115
5091.json,jon-huntsman,false,1,fixed_split_train_test,1,0.7978316173550495,1,0.8390863384677706
40.json,democratic-national-committee,true,0,fixed_split_train_test,0,0.2548568266507012,0,0.6858444330915227
2852.json,sherrod-brown,mostly-true,0,fixed_split_train_test,0,0.2942885211399258,0,0.6637451133041125
2506.json,scott-bruun,barely-true,1,fixed_split_train_test,1,0.7022606060896492,1,0.8556156603424592
4212.json,john-kasich,true,0,fixed_split_train_test,0,0.45198960738318666,0,0.7406014228270876
10474.json,greg-abbott,half-true,0,fixed_split_train_test,0,0.35335719734626836,0,0.7579982340541505
10117.json,rick-scott,half-true,0,fixed_split_train_test,1,0.6477634485080209,1,0.8274353905474648
7877.json,john-lewis,mostly-true,0,fixed_split_train_test,0,0.36371161252661494,0,0.6840543256220042
12051.json,ted-cruz,mostly-true,0,fixed_split_train_test,0,0.44666961347308043,0,0.762166204318922
3957.json,national-republican-senatorial-committee,false,1,fixed_split_train_test,1,0.6594113560892672,1,0.8496532382249102
10893.json,jeb-bush,mostly-true,0,fixed_split_train_test,0,0.17547479034373387,0,0.6614785432842774
1623.json,charlie-crist,true,0,fixed_split_train_test,0,0.47725035056304443,0,0.7138939085183906
6428.json,salmon-all,half-true,0,fixed_split_train_test,1,0.5171214700130173,1,0.774164613748616
4287.json,greater-wisconsin-political-fund,half-true,0,fixed_split_train_test,1,0.637728885837736,1,0.7868987555460529
9793.json,ending-spending-action-fund,barely-true,1,fixed_split_train_test,1,0.5825076445655452,1,0.8437280447020251
2910.json,donald-carcieri,mostly-true,0,fixed_split_train_test,0,0.47265544977606977,0,0.7673122415018839
4653.json,barack-obama,true,0,fixed_split_train_test,0,0.4502149601958121,0,0.7432827093828757
12279.json,robby-mook,mostly-true,0,fixed_split_train_test,0,0.41616117736854796,0,0.7268244667022987
6982.json,barack-obama,half-true,0,fixed_split_train_test,1,0.6422962204540494,1,0.8268000406019173
11802.json,bernie-s,mostly-true,0,fixed_split_train_test,1,0.7339379533123809,1,0.8696593261462526
4609.json,mitt-romney,false,1,fixed_split_train_test,0,0.45516464428322784,0,0.7228612443750317
8115.json,michelle-nunn,true,0,fixed_split_train_test,0,0.41383919129885005,0,0.7181894967278444
11296.json,viral-image,false,1,fixed_split_train_test,0,0.4755380100844953,0,0.7332753716699166
9093.json,rick-scott,barely-true,1,fixed_split_train_test,1,0.663588764093707,1,0.8462605857877702
10799.json,anonymous-cyber-squatter,half-true,0,fixed_split_train_test,0,0.4806660875869566,1,0.7790126802346954
9383.json,dawson-hodgson,barely-true,1,fixed_split_train_test,1,0.6064768555864152,1,0.807712558866287
12009.json,mitt-romney,false,1,fixed_split_train_test,0,0.4580364832718653,0,0.7356992360922364
7223.json,kenneth-block,mostly-true,0,fixed_split_train_test,0,0.18442304529175152,0,0.6493634077048612
11118.json,john-oliver,true,0,fixed_split_train_test,1,0.59436561105328,1,0.8670364836085803
3381.json,rick-scott,mostly-true,0,fixed_split_train_test,1,0.621686794916398,1,0.844872310364535
7244.json,dawson-hodgson,false,1,fixed_split_train_test,0,0.24117416470429898,0,0.6525662332373916
2581.json,julie-lassa,barely-true,1,fixed_split_train_test,1,0.5752090009777767,1,0.7865239368832815
2958.json,city-beaverton,false,1,fixed_split_train_test,0,0.3080197371124888,0,0.6264541056913369
12179.json,blog-posting,pants-fire,1,fixed_split_train_test,1,0.7357517029061945,1,0.9200080794409949
11373.json,viral-image,barely-true,1,fixed_split_train_test,1,0.5211279003872128,1,0.7755294696368898
2114.json,georgia-politicians,barely-true,1,fixed_split_train_test,1,0.5482402130088831,0,0.6970962660678485
9588.json,david-perdue,half-true,0,fixed_split_train_test,0,0.48407164639632566,1,0.7758595926314934
3430.json,eric-cantor,half-true,0,fixed_split_train_test,0,0.30913924018193767,0,0.718332271652406
9364.json,angel-taveras,barely-true,1,fixed_split_train_test,0,0.4294407389017579,0,0.722584965458543
10695.json,rick-santorum,true,0,fixed_split_train_test,0,0.14567085886117975,0,0.6590964907749214
1158.json,anthony-weiner,barely-true,1,fixed_split_train_test,1,0.6142216678863752,1,0.826726775757413
5848.json,bill-johnson,false,1,fixed_split_train_test,1,0.6708695052075428,1,0.8529368159963174
10561.json,tom-graves,half-true,0,fixed_split_train_test,1,0.6510620070641874,1,0.8290357005031873
512.json,barack-obama,true,0,fixed_split_train_test,0,0.17385987467856776,0,0.631272025531371
5815.json,steve-rothman,barely-true,1,fixed_split_train_test,1,0.5537396651554748,1,0.8167950021280383
12906.json,paul-manafort,half-true,0,fixed_split_train_test,0,0.40691775888888565,0,0.7382362085504705
7909.json,barry-bone,true,0,fixed_split_train_test,1,0.5036161343291171,1,0.7749856737332893
7044.json,voters-first-ohio,barely-true,1,fixed_split_train_test,1,0.5763986024128892,1,0.7712467231496567
11284.json,jeb-bush,half-true,0,fixed_split_train_test,0,0.47657994600266274,1,0.7723602567205587
11761.json,ted-cruz,true,0,fixed_split_train_test,0,0.3605553580502406,0,0.7474422288140825
13291.json,catherine-cortez-masto,half-true,0,fixed_split_train_test,1,0.6114722534071072,1,0.9216256886916261
6933.json,mitt-romney,half-true,0,fixed_split_train_test,0,0.21392781235426353,0,0.6751710096662334
9916.json,pam-bondi,mostly-true,0,fixed_split_train_test,0,0.399432818886505,0,0.6769371516675295
9248.json,alicia-menendez,true,0,fixed_split_train_test,0,0.3682131331785355,0,0.7247137422533614
544.json,joe-biden,barely-true,1,fixed_split_train_test,0,0.3732039249779661,0,0.6993116126949256
3679.json,john-kasich,false,1,fixed_split_train_test,1,0.5890796930518929,1,0.7917125200370809
11825.json,paul-saldana,half-true,0,fixed_split_train_test,0,0.46284774145733193,0,0.7257842922560598
7420.json,josh-mandel,mostly-true,0,fixed_split_train_test,1,0.6159066787673834,1,0.8476954876359021
2723.json,ted-strickland,pants-fire,1,fixed_split_train_test,1,0.5514218648777286,1,0.7987219784026536
5530.json,johnny-isakson,barely-true,1,fixed_split_train_test,0,0.4150437493698805,0,0.6834752286597038
4617.json,michele-bachmann,half-true,0,fixed_split_train_test,0,0.1992174829335869,0,0.661515896060431
4498.json,rush-holt,true,0,fixed_split_train_test,0,0.27984242221578853,0,0.6616360731529498
2994.json,boyd-richie,barely-true,1,fixed_split_train_test,1,0.7033741200145573,1,0.9070392226070922
1184.json,charles-boustany,barely-true,1,fixed_split_train_test,1,0.5458657646322761,1,0.8041676881405774
11169.json,marco-rubio,mostly-true,0,fixed_split_train_test,1,0.6496113341385721,1,0.8313489528406964
8924.json,david-perdue,mostly-true,0,fixed_split_train_test,0,0.37009555866963256,0,0.7055197916872616
3194.json,chris-abele,false,1,fixed_split_train_test,1,0.5225550256743686,1,0.8140335648598324
985.json,rachel-maddow,false,1,fixed_split_train_test,1,0.7126231913960511,1,0.8556277805128487
7379.json,barack-obama,mostly-true,0,fixed_split_train_test,0,0.38344974329857234,0,0.6935860958205329
2926.json,ted-poe,barely-true,1,fixed_split_train_test,0,0.45256973519020527,1,0.7737292120599606
5283.json,phil-gingrey,half-true,0,fixed_split_train_test,0,0.33651936636477014,0,0.7380265087463093
4204.json,tom-leppert,false,1,fixed_split_train_test,0,0.48226037674363215,0,0.7362040260600166
7288.json,terry-mcauliffe,false,1,fixed_split_train_test,1,0.5025546805427777,1,0.7970148013013175
10223.json,russ-girling,false,1,fixed_split_train_test,1,0.602525747412908,0,0.7306751026733079
4526.json,mike-mccabe,false,1,fixed_split_train_test,0,0.36628109626525707,0,0.7677275841352874
10493.json,ted-cruz,mostly-true,0,fixed_split_train_test,1,0.706138041926048,1,0.8581815441369163
6812.json,americans-tax-reform,barely-true,1,fixed_split_train_test,0,0.41174864947686934,0,0.7458406228533311
13214.json,oxfam-america,mostly-true,0,fixed_split_train_test,0,0.25975520017339376,0,0.6690384588765406
12662.json,charles-ramsey,mostly-true,0,fixed_split_train_test,0,0.18981602402588219,0,0.6482168659885802
3933.json,rick-santorum,false,1,fixed_split_train_test,1,0.6153494871735932,1,0.8232197193834639
7268.json,scott-walker,mostly-true,0,fixed_split_train_test,0,0.11977851593075861,0,0.6406406757067539
2717.json,marco-rubio,half-true,0,fixed_split_train_test,0,0.21133980989770396,0,0.7093758696669856
2252.json,tim-kaine,half-true,0,fixed_split_train_test,1,0.5508203651421973,1,0.8027110133563514
3029.json,scott-walker,mostly-true,0,fixed_split_train_test,0,0.44877741333758536,0,0.7469845277160452
3471.json,jeff-stone,half-true,0,fixed_split_train_test,1,0.522932807130363,1,0.8462899552622762
3710.json,nathan-deal,true,0,fixed_split_train_test,0,0.009094532988710487,0,0.6051324986635184
1855.json,bill-white,mostly-true,0,fixed_split_train_test,1,0.5349714601707286,1,0.7965362173330819
7771.json,joee-lindbeck,half-true,0,fixed_split_train_test,0,0.379804267169433,0,0.7274400396225914
13409.json,donald-trump,barely-true,1,fixed_split_train_test,0,0.32101294469415964,0,0.7401267924936688
5101.json,mitt-romney,half-true,0,fixed_split_train_test,0,0.3766699991029796,0,0.7454465539098776
7356.json,sherrod-brown,true,0,fixed_split_train_test,0,0.4319753557952858,0,0.7059956231149316
4568.json,new-jersey-democratic-state-committee,barely-true,1,fixed_split_train_test,1,0.5711671749869598,1,0.7865083599326607
2099.json,john-boehner,false,1,fixed_split_train_test,0,0.3405052781725933,0,0.7007164298595164
1849.json,john-oxendine,half-true,0,fixed_split_train_test,0,0.190735197052358,0,0.5883885216978212
7790.json,john-depetro,pants-fire,1,fixed_split_train_test,1,0.9075947013310182,1,1.0
6320.json,barack-obama,mostly-true,0,fixed_split_train_test,1,0.5282670499140165,1,0.7756899656159688
3500.json,greater-wisconsin-political-fund,half-true,0,fixed_split_train_test,1,1.0,1,0.9561415402055968
2460.json,steve-kagen,pants-fire,1,fixed_split_train_test,1,0.7616016704630277,1,0.8767369798504668
1948.json,john-faulk,false,1,fixed_split_train_test,0,0.4214505392234082,0,0.7293830999918186
10739.json,karl-rove,mostly-true,0,fixed_split_train_test,1,0.5155662741605719,0,0.7584371179744854
13020.json,catherine-cortez-masto,mostly-true,0,fixed_split_train_test,1,0.5278891436589774,1,0.852363189613314
1119.json,barack-obama,false,1,fixed_split_train_test,0,0.3376682232900488,0,0.7126967786176187
13128.json,donald-trump,mostly-true,0,fixed_split_train_test,1,0.5913712915406828,1,0.8494513741014954
11050.json,generation-forward-pac,mostly-true,0,fixed_split_train_test,0,0.42415369873919373,1,0.8034152503962977
7195.json,lenny-curry,barely-true,1,fixed_split_train_test,1,0.5949152461512656,0,0.7446131202937277
13047.json,donald-trump,half-true,0,fixed_split_train_test,0,0.40906798039920916,1,0.7848452478569026
2560.json,future-pac-oregon-house-democrats,pants-fire,1,fixed_split_train_test,1,0.7395658725517684,1,0.8387751157637974
8463.json,chris-abele,false,1,fixed_split_train_test,0,0.2518379159890569,0,0.7273716875988905
3458.json,morgan-griffith,barely-true,1,fixed_split_train_test,1,0.6173695534945056,1,0.7964053889725947
8352.json,blog-posting,pants-fire,1,fixed_split_train_test,1,0.6582499291672824,1,0.8697220049868718
11847.json,national-republican-senatorial-committee,barely-true,1,fixed_split_train_test,1,0.6344353685321492,1,0.805797740009848
8170.json,eric-cantor,pants-fire,1,fixed_split_train_test,1,0.807641733318081,1,0.8937704395721474
10293.json,steve-adler,mostly-true,0,fixed_split_train_test,1,0.6852412726760012,1,0.8342042997765641
5314.json,kathleen-clyde,true,0,fixed_split_train_test,0,0.26564101995489686,0,0.6753341874958901
2625.json,jack-conway,mostly-true,0,fixed_split_train_test,1,0.8180277511317474,1,0.9323622822389543
12749.json,donald-trump,half-true,0,fixed_split_train_test,0,0.183926382350212,0,0.6741005646353255
6905.json,paul-ryan,mostly-true,0,fixed_split_train_test,0,0.36104360407778874,0,0.7065381359372657
10672.json,sally-kohn,false,1,fixed_split_train_test,0,0.4199922696740105,1,0.7957236078711659
2217.json,rachel-maddow,half-true,0,fixed_split_train_test,0,0.36289119475377724,0,0.7294285096405613
10232.json,mitch-mcconnell,barely-true,1,fixed_split_train_test,0,0.46334513068696,0,0.7031325014016
7230.json,chris-christie,half-true,0,fixed_split_train_test,0,0.35402225098241463,0,0.71449832040533
4993.json,maciver-institute,barely-true,1,fixed_split_train_test,1,0.8241238284002684,1,0.8826693284592952
794.json,barack-obama,half-true,0,fixed_split_train_test,1,0.7265428669094116,1,0.868080910827061
12011.json,donald-trump,half-true,0,fixed_split_train_test,1,0.5271647003474513,1,0.8380454868552112
8946.json,rachel-maddow,true,0,fixed_split_train_test,1,0.5879150273829511,1,0.8072996919352275
3508.json,david-prosser,pants-fire,1,fixed_split_train_test,1,0.5135326862629823,1,0.8100312402342295
3306.json,rob-woodall,half-true,0,fixed_split_train_test,0,0.13630227277088003,0,0.5977440365538259
1189.json,tom-price,mostly-true,0,fixed_split_train_test,0,0.47376497404552564,1,0.7747437798152212
9107.json,alison-lundergan-grimes,true,0,fixed_split_train_test,0,0.4802113822295231,0,0.7394493178216133
809.json,barack-obama,true,0,fixed_split_train_test,0,0.4373846376362884,0,0.7123430961071734
171.json,rudy-giuliani,false,1,fixed_split_train_test,1,0.64135158995906,1,0.8750566518703146
1739.json,kay-bailey-hutchison,half-true,0,fixed_split_train_test,1,0.6833078248466957,1,0.8592230777106353
9047.json,david-dewhurst,mostly-true,0,fixed_split_train_test,0,0.4479546196338938,1,0.7880639327314296
7685.json,linda-finn,half-true,0,fixed_split_train_test,1,0.4906045704836497,1,0.7750839115231821
13490.json,don-beyer,false,1,fixed_split_train_test,0,0.21494867380187102,0,0.649148556848098
10962.json,sheldon-whitehouse,true,0,fixed_split_train_test,0,0.27765053054945094,0,0.6998024508675337
7845.json,chris-christie,half-true,0,fixed_split_train_test,0,0.43758329206878527,0,0.7448522045002438
10388.json,jonathan-turley,barely-true,1,fixed_split_train_test,1,0.7640356570224199,1,0.8799804036744017
180.json,bill-richardson,false,1,fixed_split_train_test,0,0.29409438009867056,0,0.6903986993114115
781.json,barack-obama,false,1,fixed_split_train_test,0,0.12565098078670162,0,0.6280154279499554
12627.json,hillary-clinton,true,0,fixed_split_train_test,0,0.47351356890372487,1,0.7745427899169596
2594.json,joe-manchin,true,0,fixed_split_train_test,1,0.5679979076049154,1,0.7935048309774432
7543.json,michele-bachmann,pants-fire,1,fixed_split_train_test,1,0.6380184173494315,1,0.8177224521034213
7073.json,priorities-usa-action,barely-true,1,fixed_split_train_test,0,0.3305276260881197,0,0.7139081185243583
12195.json,mark-pocan,true,0,fixed_split_train_test,1,0.6317537556499935,1,0.8362075672492523
13190.json,mike-pence,barely-true,1,fixed_split_train_test,1,0.8094433378491489,1,0.8785516150253433
7447.json,greg-abbott,true,0,fixed_split_train_test,0,0.4140054008427447,0,0.7600627706927178
9472.json,oregon-department-agriculture,half-true,0,fixed_split_train_test,0,0.2555065402617096,0,0.7675924771835949
12368.json,donald-trump,barely-true,1,fixed_split_train_test,1,0.5200527859286671,1,0.8020145532189675
5788.json,frank-wolf,true,0,fixed_split_train_test,1,0.5627085553311282,1,0.8282491273593392
6665.json,barack-obama,half-true,0,fixed_split_train_test,1,0.4924550286536685,0,0.7234001383139066
10858.json,facebook-posts,pants-fire,1,fixed_split_train_test,0,0.4063369869754249,1,0.7818198302164219
3522.json,jason-haas,false,1,fixed_split_train_test,1,0.6665100979287316,1,0.8687370967787742
6469.json,americans-prosperity,false,1,fixed_split_train_test,0,0.44750360329220024,0,0.733573521799385
13502.json,sean-duffy,barely-true,1,fixed_split_train_test,1,0.8142512940056809,1,0.8930936117121832
9834.json,edward-flynn,mostly-true,0,fixed_split_train_test,0,0.26848975696552424,0,0.6834956740804047
7991.json,phil-burress,half-true,0,fixed_split_train_test,1,0.6151891252000251,1,0.8393630143004639
7994.json,jonathan-stickland,barely-true,1,fixed_split_train_test,0,0.31998667118529667,0,0.704264053058367
10846.json,scott-walker,false,1,fixed_split_train_test,0,0.35763606582094687,0,0.7024858750483426
8830.json,rick-scott,half-true,0,fixed_split_train_test,0,0.1356644540626528,0,0.6597898017179968
6033.json,bill-nelson,true,0,fixed_split_train_test,0,0.27052313533748695,0,0.6965697077339323
700.json,john-mccain,true,0,fixed_split_train_test,1,0.5738018893375996,0,0.761420377946252
12214.json,bernie-s,mostly-true,0,fixed_split_train_test,0,0.25598413136457776,0,0.6738617871913685
11661.json,occupy-democrats,false,1,fixed_split_train_test,0,0.38023676198827633,1,0.778656443622498
8986.json,barack-obama,mostly-true,0,fixed_split_train_test,0,0.3955491260260103,0,0.7330808016559854
6922.json,lois-frankel,barely-true,1,fixed_split_train_test,0,0.34322167670079984,0,0.7498456475808104
2738.json,georgia-house-democratic-caucus-behalf-elena-paren,false,1,fixed_split_train_test,1,0.6697412588923739,1,0.8353475917774886
7416.json,david-plouffe,barely-true,1,fixed_split_train_test,1,0.6381713596964039,1,0.8479957130196584
9101.json,barbara-boxer,half-true,0,fixed_split_train_test,0,0.2852319991908916,0,0.660424042586812
2494.json,mark-belling,pants-fire,1,fixed_split_train_test,1,0.7900332141026927,1,0.8586918182663206
553.json,wesley-clark,false,1,fixed_split_train_test,1,0.5065405016362751,1,0.7940839103801602
574.json,campaign-money-watch,true,0,fixed_split_train_test,0,0.1865773387262628,0,0.6383811067133366
1262.json,glenn-beck,false,1,fixed_split_train_test,1,0.5420530328253067,1,0.8032291381639171
9900.json,mark-harris,mostly-true,0,fixed_split_train_test,1,0.501027140973736,1,0.8075724128054635
1677.json,karen-sage,true,0,fixed_split_train_test,0,0.2828816877676956,0,0.6766963058155193
575.json,campaign-money-watch,barely-true,1,fixed_split_train_test,0,0.46326251426866033,0,0.7492299222149192
447.json,barack-obama,false,1,fixed_split_train_test,0,0.3947237833833889,0,0.6920411084812575
13049.json,blog-posting,false,1,fixed_split_train_test,1,0.5008313826560818,1,0.8477109010848173
12168.json,your-choice-colorado,half-true,0,fixed_split_train_test,1,0.7597733922419306,1,0.9267780268742845
11308.json,hugh-hewitt,half-true,0,fixed_split_train_test,0,0.4700568866529472,0,0.7604324196277408
11212.json,matt-wuerker,mostly-true,0,fixed_split_train_test,0,0.36464137495414534,0,0.6802703211469302
3697.json,jim-renacci,mostly-true,0,fixed_split_train_test,0,0.2943649415945595,0,0.6850029006669773
12770.json,michelle-obama,true,0,fixed_split_train_test,1,0.6900486559007669,1,0.8100222340049916
11955.json,wisconsin-working-families-party,false,1,fixed_split_train_test,1,0.5796257508478312,1,0.775552109626834
13423.json,donald-trump,false,1,fixed_split_train_test,1,0.7449620670917807,1,0.9182741172874707
3087.json,brian-moran,pants-fire,1,fixed_split_train_test,1,0.5601365712136119,1,0.8227699435944498
3046.json,jim-doyle,mostly-true,0,fixed_split_train_test,1,0.5112718978879899,1,0.7998805587348787
12203.json,tom-price,half-true,0,fixed_split_train_test,1,0.6047466805876249,1,0.8213262357517868
12734.json,mike-pence,barely-true,1,fixed_split_train_test,1,0.5217003651323339,0,0.7657820586613033
1515.json,americans-united-change,half-true,0,fixed_split_train_test,1,0.6974416223128993,1,0.8121576859991047
9553.json,ted-cruz,false,1,fixed_split_train_test,1,0.7335796685747409,1,0.8668349757065055
8557.json,jan-schakowsky,true,0,fixed_split_train_test,0,0.3358568954031344,0,0.6892767257955054
4194.json,tim-pawlenty,mostly-true,0,fixed_split_train_test,1,0.6639617162940568,1,0.876493275760282
13487.json,james-quintero,barely-true,1,fixed_split_train_test,1,0.494635559523856,0,0.7686649512748787
11184.json,facebook-posts,false,1,fixed_split_train_test,1,0.5771098624884424,1,0.8426723575358281
12221.json,ted-cruz,mostly-true,0,fixed_split_train_test,0,0.22825799930644616,0,0.6632955892048471
3460.json,john-kasich,half-true,0,fixed_split_train_test,1,0.5645219080878859,1,0.7938428026633545
7529.json,service-employees-international-union-committee-po,false,1,fixed_split_train_test,1,0.914961904282847,1,0.9799309010701849
10717.json,rick-perry,half-true,0,fixed_split_train_test,0,0.46868353365111004,0,0.755999002103014
4714.json,barack-obama,false,1,fixed_split_train_test,0,0.40075247270792186,0,0.7482868828855028
4017.json,newt-gingrich,mostly-true,0,fixed_split_train_test,0,0.36492910746713836,0,0.7691409955382854
9256.json,rush-limbaugh,false,1,fixed_split_train_test,1,0.5562404657934588,1,0.8259883004172512
6006.json,william-obrien,false,1,fixed_split_train_test,0,0.43044171511443485,0,0.7612337232634387
6197.json,sean-duffy,barely-true,1,fixed_split_train_test,1,0.7328551851993905,1,0.8715616378426114
1187.json,paul-hipp,mostly-true,0,fixed_split_train_test,0,0.2996111930903885,0,0.710267136699655
8104.json,don-lemon,mostly-true,0,fixed_split_train_test,0,0.06378504985913004,0,0.6147803313067439
1556.json,bill-white,true,0,fixed_split_train_test,0,0.23277147321822084,0,0.6723827350677178
7970.json,todd-young,false,1,fixed_split_train_test,0,0.43355697941077154,0,0.7529451454983601
12487.json,joyce-beatty,barely-true,1,fixed_split_train_test,0,0.3622522697391085,0,0.7249877041780807
1310.json,cw-bill-young,false,1,fixed_split_train_test,1,0.6068025212803289,1,0.8175588634319078
6163.json,shawn-lindsay,false,1,fixed_split_train_test,1,0.5751613828653112,1,0.7924942756509326
7819.json,alberta-darling,true,0,fixed_split_train_test,0,0.23085961503850197,0,0.7177134331408151
814.json,barack-obama,mostly-true,0,fixed_split_train_test,1,0.7085397800905047,1,0.8342603463740829
8486.json,suzanne-somers,true,0,fixed_split_train_test,1,0.5527782198070317,1,0.8167068524349286
12141.json,roy-blunt,barely-true,1,fixed_split_train_test,1,0.5218103719818852,1,0.8082653281403572
3257.json,dan-patrick,true,0,fixed_split_train_test,0,0.34632373748103945,0,0.7470452418741206
3330.json,rick-scott,barely-true,1,fixed_split_train_test,0,0.4020446792553545,0,0.7577233173711287
6436.json,eric-hovde,half-true,0,fixed_split_train_test,0,0.44309896490672457,0,0.7085923482144346
70.json,ron-paul,mostly-true,0,fixed_split_train_test,0,0.3666864919118701,0,0.7340032117711981
10140.json,john-carlevale,false,1,fixed_split_train_test,0,0.4590550367985921,0,0.7022801391652436
1120.json,john-boehner,false,1,fixed_split_train_test,1,0.7373832771210044,1,0.841647727856929
8595.json,ken-cuccinelli,barely-true,1,fixed_split_train_test,1,0.72880470337,1,0.890287913000219
4885.json,joe-biden,mostly-true,0,fixed_split_train_test,0,0.3568159332527938,0,0.7155538291147969
11917.json,john-mccain,true,0,fixed_split_train_test,1,0.5959041741752575,1,0.8209949229502151
10773.json,marco-rubio,half-true,0,fixed_split_train_test,0,0.38822339396614963,0,0.7418918118173551
4718.json,ann-lininger,false,1,fixed_split_train_test,0,0.34248545628226806,0,0.713765573029591
6616.json,george-lemieux,true,0,fixed_split_train_test,1,0.7358235930031806,1,0.8459814373367625
3284.json,bill-posey,mostly-true,0,fixed_split_train_test,1,0.6060032533327598,1,0.8363894666952829
2290.json,barack-obama,barely-true,1,fixed_split_train_test,1,0.6133542938900162,1,0.7777001061567989
10978.json,don-beyer,true,0,fixed_split_train_test,0,0.3216244276169412,0,0.7212345550894818
8764.json,marilinda-garcia,mostly-true,0,fixed_split_train_test,0,0.3154653876274266,0,0.6924435201681902
2203.json,marco-rubio,mostly-true,0,fixed_split_train_test,1,0.5103614727674106,1,0.8083701913969773
7118.json,patricia-morgan,half-true,0,fixed_split_train_test,1,0.5396053826990522,1,0.7995511370440775
7164.json,john-kasich,true,0,fixed_split_train_test,0,0.37075606560371954,0,0.7344072578737167
4208.json,allen-west,false,1,fixed_split_train_test,0,0.19703253453567252,0,0.7233297476384398
714.json,sarah-palin,mostly-true,0,fixed_split_train_test,1,0.7301500005523195,1,0.8193357128579417
13437.json,maggie-hassan,barely-true,1,fixed_split_train_test,0,0.15526881436884157,0,0.6789156681514165
6401.json,american-bridge-21st-century,mostly-true,0,fixed_split_train_test,0,0.42733300974124244,0,0.7646221439247001
5251.json,blog-posting,mostly-true,0,fixed_split_train_test,0,0.35427202389371454,1,0.8021613418627612
378.json,hillary-clinton,half-true,0,fixed_split_train_test,1,0.7010950132706538,1,0.8375251345981946
5095.json,rick-perry,pants-fire,1,fixed_split_train_test,1,0.8849782793444757,1,0.8745625429025843
11000.json,jim-steineke,false,1,fixed_split_train_test,1,0.7140097658753027,1,0.9365447380630801
3741.json,sherrod-brown,barely-true,1,fixed_split_train_test,0,0.2607838733754433,0,0.6304166187471053
8979.json,mark-pryor,barely-true,1,fixed_split_train_test,1,0.5432096791374157,1,0.8710897274366934
3803.json,todd-staples,mostly-true,0,fixed_split_train_test,0,0.4357076168052547,0,0.7403800787893242
12087.json,hillary-clinton,barely-true,1,fixed_split_train_test,0,0.48112932133242237,0,0.7443980688199423
1712.json,tom-grady,false,1,fixed_split_train_test,1,0.5537764168403885,1,0.8081713583599495
1093.json,sarah-palin,false,1,fixed_split_train_test,1,0.6529253360592185,1,0.831872200831319
3027.json,gerry-connolly,half-true,0,fixed_split_train_test,0,0.35960611459220354,0,0.7093443687021398
4977.json,marish-agana,barely-true,1,fixed_split_train_test,1,0.49910738583486186,0,0.7388697742130149
4689.json,jeb-hensarling,false,1,fixed_split_train_test,0,0.26972028948555554,0,0.6758988744146456
9227.json,charlie-crist,barely-true,1,fixed_split_train_test,0,0.4523400438229688,0,0.7133464139502328
12927.json,joaquin-castro,mostly-true,0,fixed_split_train_test,1,0.7987101719640548,1,0.9334446398976497
3997.json,martin-omalley,half-true,0,fixed_split_train_test,0,0.3181839823414733,0,0.7280449732974724
13000.json,bruce-rauner,barely-true,1,fixed_split_train_test,0,0.38152713740550953,0,0.7230464359458487
11704.json,greg-abbott,barely-true,1,fixed_split_train_test,1,0.6937567786119615,1,0.827276668745416
11654.json,kevin-russell,mostly-true,0,fixed_split_train_test,0,0.3429393790206269,0,0.7671715671575758
340.json,john-mccain,true,0,fixed_split_train_test,0,0.30619141122849514,0,0.685199679559272
6485.json,barack-obama,half-true,0,fixed_split_train_test,1,0.5868234300675771,1,0.7756528269619875
9231.json,chain-email,false,1,fixed_split_train_test,0,0.18164776330610402,0,0.7052141837940673
10416.json,barack-obama,mostly-true,0,fixed_split_train_test,1,0.5843208072123645,1,0.7978545582579633
12924.json,gary-johnson,true,0,fixed_split_train_test,0,0.2814950224700628,0,0.6544101892493693
6816.json,american-future-fund,barely-true,1,fixed_split_train_test,0,0.42698057015376967,0,0.7545326882883756
13172.json,chris-koster,half-true,0,fixed_split_train_test,0,0.26387351350805177,0,0.7278381701323046
13484.json,blog-posting,pants-fire,1,fixed_split_train_test,0,0.4875850160545023,1,0.8657012364322739
10869.json,family-foundation,true,0,fixed_split_train_test,0,0.4178339280878307,0,0.7521681730958909
9823.json,senate-majority-pac,false,1,fixed_split_train_test,0,0.4789562606162342,1,0.7717111772063369
3738.json,newt-gingrich,false,1,fixed_split_train_test,0,0.36865139975496153,0,0.7517042668237576
8552.json,ellen-qualls,half-true,0,fixed_split_train_test,1,0.7662865012260879,1,0.8808265123646432
3044.json,allen-west,false,1,fixed_split_train_test,1,0.6871594460142666,1,0.9133105879000664
6121.json,chris-christie,barely-true,1,fixed_split_train_test,1,0.6450267971871169,1,0.8392334294866313
11261.json,scott-walker,mostly-true,0,fixed_split_train_test,1,0.494057534901228,1,0.782471602613708
12392.json,alan-grayson,barely-true,1,fixed_split_train_test,1,0.4966049814545969,1,0.7788887975019374
4522.json,josh-mandel,barely-true,1,fixed_split_train_test,1,0.7998546961045162,1,0.900593956010541
8285.json,bill-foster,barely-true,1,fixed_split_train_test,0,0.3926306509689327,0,0.6435584041654169
12244.json,hillary-clinton,true,0,fixed_split_train_test,1,0.528101172298327,1,0.7835982247305465
7667.json,national-rifle-association,barely-true,1,fixed_split_train_test,0,0.47861735465585503,1,0.8105496742454831
101.json,democratic-national-committee,barely-true,1,fixed_split_train_test,0,0.43019410040118605,0,0.732989441645708
2775.json,eric-cantor,true,0,fixed_split_train_test,0,0.28036346686044383,0,0.6803151943485254
1909.json,barack-obama,half-true,0,fixed_split_train_test,0,0.43000570279257466,0,0.7467377766925521
13203.json,naral-pro-choice,false,1,fixed_split_train_test,1,0.7001053521695929,1,0.8364940648251733
8303.json,barbara-buono,half-true,0,fixed_split_train_test,0,0.217636429163974,0,0.6596176444009121
10466.json,barack-obama,barely-true,1,fixed_split_train_test,0,0.20267962130926917,0,0.663290719063194
9229.json,bob-cole,half-true,0,fixed_split_train_test,1,0.5156624469589755,1,0.773129682877041
8498.json,gina-raimondo,mostly-true,0,fixed_split_train_test,0,0.3849715868434835,0,0.7446097698596611
11887.json,j-jacobs,true,0,fixed_split_train_test,1,0.5644025599126272,1,0.7914576856187377
11895.json,tom-wolf,barely-true,1,fixed_split_train_test,0,0.13307661755876415,0,0.6908140523433575
1385.json,farouk-shami,half-true,0,fixed_split_train_test,0,0.4481569822345327,0,0.7165655222872521
6097.json,stephen-simpson,mostly-true,0,fixed_split_train_test,1,0.5431884609527743,1,0.8412018350282308
1652.json,barack-obama,half-true,0,fixed_split_train_test,1,0.5017269207637615,0,0.7425896255888428
1950.json,vernon-jones,pants-fire,1,fixed_split_train_test,1,0.6372989083107421,1,0.8097303778074373
8685.json,kathleen-sebelius,true,0,fixed_split_train_test,0,0.07795926236363065,0,0.6448030934145462
9200.json,louie-gohmert,false,1,fixed_split_train_test,1,0.6195098903113404,1,0.821292118242937
2374.json,jim-sensenbrenner,false,1,fixed_split_train_test,1,0.5576578234860597,1,0.8013083854388519
2533.json,republican-party-florida,half-true,0,fixed_split_train_test,1,0.5990008963474185,1,0.8019907445968409
5416.json,alan-bates,true,0,fixed_split_train_test,0,0.39928583227419057,0,0.7253015712420965
2557.json,allen-boyd,false,1,fixed_split_train_test,1,0.4928149681666309,0,0.73743129575284
5087.json,mitt-romney,false,1,fixed_split_train_test,1,0.5842709048254706,1,0.7912541896153852
8960.json,mark-obenshain,mostly-true,0,fixed_split_train_test,0,0.2848143154580647,0,0.6751726755547154
3362.json,phyllis-schlafly,false,1,fixed_split_train_test,1,0.7220517858711462,1,0.7936641920140838
9844.json,david-dewhurst,false,1,fixed_split_train_test,0,0.4358947353259971,0,0.7644094573180988
9292.json,charlie-crist,half-true,0,fixed_split_train_test,0,0.36534099835463757,0,0.6889720262858849
6119.json,jim-demint,barely-true,1,fixed_split_train_test,1,0.8274391767921967,1,0.8714173307914462
12371.json,ed-gillespie,true,0,fixed_split_train_test,0,0.4147719481334418,1,0.7768576495002805
7665.json,gabrielle-giffords,true,0,fixed_split_train_test,0,0.24212745233661936,0,0.6504582513646641
8576.json,city-austin,true,0,fixed_split_train_test,0,0.3559794015319973,0,0.7169073946823199
6637.json,jack-markell,false,1,fixed_split_train_test,1,0.588507233303095,1,0.8552196950079253
9096.json,john-mccallum,mostly-true,0,fixed_split_train_test,0,0.39081155242761095,0,0.6689545000151962
7698.json,randy-forbes,true,0,fixed_split_train_test,0,0.47888021701770317,1,0.782793055301752
10547.json,associated-press,true,0,fixed_split_train_test,0,0.2333954187109852,0,0.7534744275569891
187.json,hillary-clinton,half-true,0,fixed_split_train_test,0,0.10132354421506623,0,0.6371243946395619
2470.json,allen-west,pants-fire,1,fixed_split_train_test,0,0.39670232339777,1,0.7729819948452883
6045.json,chain-email,pants-fire,1,fixed_split_train_test,1,0.7786389346858618,1,0.9008404501587473
339.json,hillary-clinton,true,0,fixed_split_train_test,1,0.5493411798405158,0,0.75995376283418
11004.json,hillary-clinton,true,0,fixed_split_train_test,0,0.427429695680744,0,0.7457355543927798
11337.json,martin-omalley,mostly-true,0,fixed_split_train_test,1,0.7776311023424248,1,0.8741310270483565
4250.json,alberta-darling,pants-fire,1,fixed_split_train_test,1,0.5281880637496396,1,0.8448858258465665
631.json,jerome-corsi,pants-fire,1,fixed_split_train_test,1,0.7060709174100811,1,0.8587388375474004
9351.json,charles-van-zant,pants-fire,1,fixed_split_train_test,1,0.6669792007012603,1,0.8640790988153935
5746.json,clarence-thomas,true,0,fixed_split_train_test,0,0.36176527104995626,0,0.7592107378478183
4136.json,kris-jordan,half-true,0,fixed_split_train_test,0,0.21212442724134714,0,0.6446145068580709
1681.json,paul-ryan,barely-true,1,fixed_split_train_test,0,0.3116710361882445,0,0.7128684205114476
5074.json,john-kasich,mostly-true,0,fixed_split_train_test,0,0.3971989459900197,0,0.7332609913124283
4195.json,rick-santorum,barely-true,1,fixed_split_train_test,0,0.3841050464200064,0,0.7186224075119151
3931.json,adam-hasner,barely-true,1,fixed_split_train_test,1,0.5120973372781157,0,0.7547077327425347
4883.json,matt-mackowiak,true,0,fixed_split_train_test,1,0.6709077735789161,1,0.8276041563653332
6795.json,bill-clinton,barely-true,1,fixed_split_train_test,1,0.6083065325183898,1,0.7794545654277458
9818.json,michelle-nunn,barely-true,1,fixed_split_train_test,1,0.6598581633861723,1,0.8256942644450411
8573.json,tom-cotton,half-true,0,fixed_split_train_test,1,0.874821542048733,1,0.9757694187615431
13184.json,mike-pence,mostly-true,0,fixed_split_train_test,1,0.6424886006675703,1,0.8323825159875378
11559.json,rand-paul,mostly-true,0,fixed_split_train_test,1,0.5923010709583282,1,0.7984246462126102
9241.json,don-balfour,true,0,fixed_split_train_test,1,0.49165274270235454,1,0.8499311065291881
8902.json,hugh-fitzsimons,mostly-true,0,fixed_split_train_test,1,0.6351056205426366,1,0.8859443784065568
12511.json,donald-trump,false,1,fixed_split_train_test,1,0.7558469555322846,1,0.8790330580772676
7285.json,barbara-buono,pants-fire,1,fixed_split_train_test,1,0.6095722311079875,1,0.805107495497833
1005.json,chain-email,pants-fire,1,fixed_split_train_test,1,0.6000142974010655,1,0.8560214955240151
609.json,barack-obama,half-true,0,fixed_split_train_test,1,0.4916917423192731,1,0.773997710341905
9436.json,hillary-clinton,barely-true,1,fixed_split_train_test,1,0.5580937402355495,1,0.8010238926018068
5671.json,rick-santorum,false,1,fixed_split_train_test,0,0.38465765029366783,0,0.7439095871959104
6699.json,menendez-facts,pants-fire,1,fixed_split_train_test,1,0.6248004531812579,1,0.7735710042038916
7334.json,rick-scott,half-true,0,fixed_split_train_test,0,0.23974750209257345,0,0.6946340074559497
9788.json,jay-nixon,barely-true,1,fixed_split_train_test,0,0.36948825254439693,0,0.6897625071375147
10710.json,mackubin-thomas-owens,barely-true,1,fixed_split_train_test,1,0.8505037128444995,1,0.9165654629744302
3186.json,john-kasich,barely-true,1,fixed_split_train_test,1,0.49935040897570865,0,0.7655207313449596
6743.json,john-burzichelli,false,1,fixed_split_train_test,0,0.3816960060132653,1,0.7824393189943594
