id,speaker,label,is_low_truth,setting,text_only_pred,text_only_score,text_plus_graph_pred,text_plus_graph_score
10540.json,scott-surovell,half-true,0,speaker_disjoint_split,0,0.48127617998626315,1,0.6177523248422059
1123.json,blog-posting,false,1,speaker_disjoint_split,1,0.7830563244916983,1,0.7695160422940719
9028.json,charlie-crist,half-true,0,speaker_disjoint_split,0,0.36893736838212904,0,0.4562835765255868
7115.json,robert-menendez,mostly-true,0,speaker_disjoint_split,0,0.29366009951189104,0,0.29805156679192885
4148.json,bernie-s,half-true,0,speaker_disjoint_split,0,0.10045154443147465,0,0.12893401339877125
10683.json,bernie-s,half-true,0,speaker_disjoint_split,0,0.2597998481727414,0,0.29372147634030715
3863.json,national-republican-congressional-committee,barely-true,1,speaker_disjoint_split,0,0.42991534841329976,0,0.3431237885601959
10173.json,dennis-richardson,false,1,speaker_disjoint_split,0,0.3786583176847123,1,0.5366052876725679
11092.json,pamela-geller,false,1,speaker_disjoint_split,1,0.5037503403625545,1,0.5927614981647228
12163.json,peter-kinder,mostly-true,0,speaker_disjoint_split,0,0.46447900535847164,0,0.3238110364535472
1038.json,north-korea,true,0,speaker_disjoint_split,0,0.26503522007623787,0,0.21624738053432713
5210.json,national-republican-congressional-committee,pants-fire,1,speaker_disjoint_split,1,0.6387628234385149,1,0.7621502675705751
11418.json,bernie-s,half-true,0,speaker_disjoint_split,0,0.3834224088941797,0,0.23186159571998521
13503.json,blog-posting,true,0,speaker_disjoint_split,1,0.588265933339185,1,0.7495833516240934
8187.json,ken-cuccinelli,false,1,speaker_disjoint_split,1,0.772326546302311,1,0.8363073310577958
12981.json,donald-trump,barely-true,1,speaker_disjoint_split,1,0.5572444517036681,1,0.6454118203467589
812.json,john-mccain,false,1,speaker_disjoint_split,0,0.48980331761448775,0,0.4399133981032169
12056.json,donald-trump,false,1,speaker_disjoint_split,1,0.663382086611136,1,0.5578697490308607
1738.json,alfredo-gutierrez,mostly-true,0,speaker_disjoint_split,1,0.7303929186550752,1,0.6075862238996083
3005.json,texas-veterans-commission,barely-true,1,speaker_disjoint_split,0,0.3182865130987362,0,0.3825330414088642
9165.json,republican-party-florida,false,1,speaker_disjoint_split,1,0.8589663285443856,1,0.5051202832582051
10053.json,jeanne-shaheen,true,0,speaker_disjoint_split,1,0.5738154250197532,1,0.5539849659888917
9613.json,susan-happ,half-true,0,speaker_disjoint_split,0,0.2257376763446421,0,0.2053784215343546
8755.json,karl-rove,false,1,speaker_disjoint_split,1,0.715490610146074,1,0.6830536356440459
767.json,joe-biden,barely-true,1,speaker_disjoint_split,0,0.4315811052834836,0,0.3227108125108603
10263.json,jim-skaggs,false,1,speaker_disjoint_split,0,0.21299013589235533,0,0.1736171901434344
1969.json,john-mccain,false,1,speaker_disjoint_split,1,0.5242292538671526,0,0.3139269859715733
2020.json,ralph-hudgens,mostly-true,0,speaker_disjoint_split,1,0.6384027146749872,1,0.5839042927381056
7258.json,mark-shields,true,0,speaker_disjoint_split,0,0.4629450801829925,0,0.39897989844475146
13142.json,donald-trump,false,1,speaker_disjoint_split,1,0.6971398529864121,1,0.6616316240492532
7467.json,scott-walker,mostly-true,0,speaker_disjoint_split,0,0.44176853420074197,0,0.4256041070905319
9492.json,donna-brazile,half-true,0,speaker_disjoint_split,0,0.4796012009378067,0,0.4255850515327996
4357.json,blog-posting,pants-fire,1,speaker_disjoint_split,1,0.7875637660775954,1,0.7599533161965634
162.json,joe-biden,pants-fire,1,speaker_disjoint_split,0,0.3771647198572908,0,0.25169310560463337
8164.json,kathleen-sebelius,mostly-true,0,speaker_disjoint_split,0,0.3080741426487477,0,0.41228749668954595
9500.json,republican-party-florida,mostly-true,0,speaker_disjoint_split,1,0.5740847177506487,0,0.4862075108840441
7555.json,blog-posting,false,1,speaker_disjoint_split,0,0.4687313441600097,1,0.6242385504278557
325.json,john-mccain,mostly-true,0,speaker_disjoint_split,1,0.6850943924719366,0,0.344696429922344
8985.json,david-jolly,true,0,speaker_disjoint_split,1,0.673837053890833,1,0.60701834983508
2932.json,oregon-right-life-pac,true,0,speaker_disjoint_split,1,0.5211975919331157,1,0.5889466954169805
7324.json,rush-limbaugh,barely-true,1,speaker_disjoint_split,0,0.36624019829134785,0,0.47382654904070576
2257.json,john-robitaille,false,1,speaker_disjoint_split,1,0.7524754273334376,1,0.7763597770721313
3782.json,louie-gohmert,false,1,speaker_disjoint_split,0,0.47187827470396104,0,0.32216095597454053
11536.json,donald-trump,barely-true,1,speaker_disjoint_split,0,0.2932144263941225,1,0.6280182233304221
5236.json,democratic-congressional-campaign-committee,barely-true,1,speaker_disjoint_split,1,0.6961068032806688,1,0.7273547642013756
2869.json,armond-budish,half-true,0,speaker_disjoint_split,1,0.5996177290306715,0,0.46130716503873437
11582.json,bernie-s,barely-true,1,speaker_disjoint_split,1,0.566479228106522,0,0.40056897104678846
10887.json,robert-puente,half-true,0,speaker_disjoint_split,0,0.27711519657231515,0,0.2771102838115167
4504.json,ron-paul,barely-true,1,speaker_disjoint_split,1,0.6014675440928899,1,0.6163288182921256
9561.json,blog-posting,false,1,speaker_disjoint_split,1,0.5568112591402011,1,0.6267755178076444
12683.json,gary-johnson,mostly-true,0,speaker_disjoint_split,0,0.4407021980357762,0,0.38876582880816196
7295.json,stephen-sweeney,half-true,0,speaker_disjoint_split,0,0.41010516708781103,1,0.5180277679915467
6969.json,david-cicilline,false,1,speaker_disjoint_split,0,0.18628783816723957,0,0.1664690363163157
11886.json,bernie-s,false,1,speaker_disjoint_split,0,0.46498365736634667,1,0.5247830562311009
11844.json,bernie-s,half-true,0,speaker_disjoint_split,0,0.19508676848920542,0,0.21957328792932415
13370.json,john-skvarla,barely-true,1,speaker_disjoint_split,0,0.2941586234995289,0,0.4826023970819599
11636.json,ben-carson,false,1,speaker_disjoint_split,1,0.662384751719932,0,0.4877399789707222
9837.json,nextgen-climate,half-true,0,speaker_disjoint_split,0,0.25137625788463713,0,0.46433124002948994
4267.json,john-kasich,half-true,0,speaker_disjoint_split,1,0.6230642840629613,1,0.6113809884328218
827.json,joe-biden,half-true,0,speaker_disjoint_split,0,0.24453748743871428,0,0.20493903707281624
3806.json,agenda-project,mostly-true,0,speaker_disjoint_split,1,0.6101794290152656,1,0.6872803957361778
9133.json,kesha-rogers,barely-true,1,speaker_disjoint_split,0,0.4125604630188588,1,0.5489817097869071
4327.json,jeff-merkley,mostly-true,0,speaker_disjoint_split,1,0.704317547205431,1,0.6875708739385981
13026.json,donald-trump,barely-true,1,speaker_disjoint_split,0,0.26852120142171787,0,0.48766690460140294
240.json,bill-richardson,barely-true,1,speaker_disjoint_split,0,0.4461118724094412,0,0.4169223247360918
7884.json,rush-limbaugh,barely-true,1,speaker_disjoint_split,1,0.7299206008040862,1,0.6102878474830099
8489.json,ken-cuccinelli,false,1,speaker_disjoint_split,1,0.6332617409420385,1,0.6643906959424051
12446.json,donald-trump,half-true,0,speaker_disjoint_split,0,0.45701109855593364,1,0.5214118036260942
534.json,john-mccain,half-true,0,speaker_disjoint_split,1,0.5169730987678638,1,0.6259364091869805
5387.json,doug-thomas,half-true,0,speaker_disjoint_split,1,0.5245027853447831,0,0.22074400153442553
10356.json,scott-walker,barely-true,1,speaker_disjoint_split,0,0.3972483319191081,1,0.5230352411394236
12497.json,scott-walker,true,0,speaker_disjoint_split,0,0.15942355006229264,0,0.23184118815156146
4893.json,thomas-brown,mostly-true,0,speaker_disjoint_split,1,0.5738191191267417,0,0.43051377759835563
6627.json,julian-castro,mostly-true,0,speaker_disjoint_split,1,0.5781211070692991,1,0.5427473974559317
10580.json,dan-patrick,pants-fire,1,speaker_disjoint_split,0,0.22553369383420688,0,0.1647366400452249
8004.json,rachel-campos-duffy,false,1,speaker_disjoint_split,0,0.34837760277367535,0,0.3379189334584318
256.json,ron-paul,mostly-true,0,speaker_disjoint_split,0,0.23774866432415562,0,0.14764367356366964
2722.json,national-republican-congressional-committee,barely-true,1,speaker_disjoint_split,1,0.57087502208621,1,0.6296037382549009
1171.json,rush-limbaugh,barely-true,1,speaker_disjoint_split,1,0.7828910763622962,1,0.8508978502883534
8794.json,republican-party-florida,false,1,speaker_disjoint_split,1,0.5318825306455729,1,0.5578971024164233
2060.json,joe-biden,mostly-true,0,speaker_disjoint_split,0,0.22840169467356175,0,0.2218228676944016
7210.json,nathan-deal,half-true,0,speaker_disjoint_split,0,0.23726042585474721,0,0.2821400707308904
12185.json,bill-clinton,mostly-true,0,speaker_disjoint_split,0,0.19979995363786765,0,0.43262007853792167
4332.json,chip-rogers,half-true,0,speaker_disjoint_split,0,0.16281291077545093,0,0.15118760300202586
2925.json,john-kasich,half-true,0,speaker_disjoint_split,0,0.2608038092410041,0,0.27766042752883185
9838.json,bernie-s,mostly-true,0,speaker_disjoint_split,0,0.19058207673800548,0,0.1339548997088001
11407.json,ben-carson,pants-fire,1,speaker_disjoint_split,0,0.39326014691394956,0,0.27334703186133297
35.json,joe-biden,true,0,speaker_disjoint_split,0,0.4953100385106224,0,0.3811887549777012
10663.json,bernie-s,half-true,0,speaker_disjoint_split,0,0.2017391551519299,0,0.25786517148641613
8147.json,bill-foster,half-true,0,speaker_disjoint_split,0,0.30506456585065017,0,0.25315675522910897
3443.json,organizing-america,half-true,0,speaker_disjoint_split,1,0.578343773880123,1,0.5479586664163697
11291.json,lloyd-doggett,mostly-true,0,speaker_disjoint_split,0,0.31268610687038484,0,0.3635721952267073
5110.json,rob-cornilles,pants-fire,1,speaker_disjoint_split,0,0.47727539738217306,1,0.6444627349107701
12754.json,donald-trump,barely-true,1,speaker_disjoint_split,0,0.13927702575064738,0,0.14089886059524825
9853.json,larry-elder,false,1,speaker_disjoint_split,0,0.21382321380321018,0,0.36027823010268395
10931.json,dale-kooyenga,half-true,0,speaker_disjoint_split,0,0.17341025844312316,0,0.13678739932045283
6014.json,mary-nolan,true,0,speaker_disjoint_split,0,0.4065994873904709,0,0.22670393560113244
3695.json,joe-gibbons,barely-true,1,speaker_disjoint_split,1,0.715952002180523,1,0.8474463818423015
5047.json,david-cicilline,half-true,0,speaker_disjoint_split,0,0.483142726388228,0,0.2640407593069269
8910.json,charlie-crist,half-true,0,speaker_disjoint_split,1,0.5744750806893593,1,0.6612259576694333
12285.json,bob-graham,half-true,0,speaker_disjoint_split,1,0.6127734865147584,1,0.5531601547756336
8677.json,kathleen-vinehout,barely-true,1,speaker_disjoint_split,0,0.49771452027153607,1,0.5829586088580476
9434.json,republican-governors-association,barely-true,1,speaker_disjoint_split,1,0.6658401035004035,1,0.721476289123857
549.json,ralph-nader,mostly-true,0,speaker_disjoint_split,0,0.4292812584875584,0,0.2756624459849846
4366.json,blog-posting,pants-fire,1,speaker_disjoint_split,0,0.4989971499567628,1,0.6420492445318573
11363.json,donald-trump,pants-fire,1,speaker_disjoint_split,0,0.23791752637467029,1,0.5234311733168897
12499.json,donald-trump,pants-fire,1,speaker_disjoint_split,0,0.3370688996600007,0,0.33845072461695686
12023.json,bernie-s,mostly-true,0,speaker_disjoint_split,1,0.5639211626819005,0,0.41687727808016584
8347.json,bernie-s,false,1,speaker_disjoint_split,1,0.5672289335974422,0,0.40578432571198586
5750.json,joe-biden,half-true,0,speaker_disjoint_split,1,0.5628155574160864,0,0.40553304923816413
13159.json,democratic-congressional-campaign-committee,barely-true,1,speaker_disjoint_split,1,0.583371154727563,1,0.6084525530202927
2699.json,michael-steele,false,1,speaker_disjoint_split,0,0.42533978701072356,1,0.5356624547936454
3485.json,dennis-richardson,false,1,speaker_disjoint_split,0,0.27500903311377006,0,0.3174572967330131
11453.json,claire-mccaskill,false,1,speaker_disjoint_split,0,0.39899304148294124,0,0.48028961734987474
5031.json,tim-kaine,half-true,0,speaker_disjoint_split,0,0.31217770071684975,0,0.4785091013598324
7976.json,debbie-wasserman-schultz,half-true,0,speaker_disjoint_split,1,0.5463475884223855,0,0.43048119330107276
11906.json,joanne-kloppenburg,mostly-true,0,speaker_disjoint_split,0,0.4345705595147967,0,0.3787175378929139
9652.json,debbie-wasserman-schultz,barely-true,1,speaker_disjoint_split,1,0.5213280914899061,1,0.5360215907623523
13228.json,donald-trump,pants-fire,1,speaker_disjoint_split,1,0.5038721004752137,1,0.5901236151356314
4373.json,scott-walker,pants-fire,1,speaker_disjoint_split,0,0.3948606641729836,1,0.6813457939018768
8214.json,bookerfail,half-true,0,speaker_disjoint_split,0,0.4915132947362455,0,0.3310334202381517
6462.json,debbie-wasserman-schultz,false,1,speaker_disjoint_split,0,0.3087971578189956,0,0.2551848342140925
5870.json,mike-foley,mostly-true,0,speaker_disjoint_split,1,0.6135962233752666,1,0.570661076630953
6903.json,rob-zerban,pants-fire,1,speaker_disjoint_split,1,0.6914068914324046,1,0.7233419008703252
6308.json,jackie-cilley,true,0,speaker_disjoint_split,0,0.34608940221923484,0,0.2458654996577311
13145.json,national-republican-congressional-committee,barely-true,1,speaker_disjoint_split,0,0.4090224069171293,1,0.500706179886232
11617.json,arsalan-iftikhar,false,1,speaker_disjoint_split,1,0.6103112722150252,1,0.7851689932964963
12246.json,john-pagliarini,half-true,0,speaker_disjoint_split,0,0.40816429228646206,0,0.3645697566764928
10286.json,diego-arene-morley,true,0,speaker_disjoint_split,0,0.13685505091961825,0,0.31490900055056714
12813.json,donald-trump,mostly-true,0,speaker_disjoint_split,0,0.3709138879236837,1,0.5280266537459178
10192.json,delia-garza,false,1,speaker_disjoint_split,0,0.3427510799490925,1,0.5103811298562135
2464.json,john-kasich,barely-true,1,speaker_disjoint_split,1,0.7444385392522667,0,0.49886846022854503
4552.json,david-axelrod,mostly-true,0,speaker_disjoint_split,0,0.3317962371992702,0,0.2789624568497984
5897.json,joe-biden,false,1,speaker_disjoint_split,1,0.5275027912863323,1,0.5526860373425365
9831.json,blog-posting,true,0,speaker_disjoint_split,1,0.5654952901036396,1,0.740036324277378
1445.json,charlie-crist,mostly-true,0,speaker_disjoint_split,0,0.4727253253780736,0,0.3895338863439676
4064.json,scott-walker,false,1,speaker_disjoint_split,1,0.5601437001854845,1,0.6391383888945468
12201.json,david-jolly,barely-true,1,speaker_disjoint_split,0,0.19651531113338147,0,0.3343248857134218
4807.json,rob-cornilles,true,0,speaker_disjoint_split,0,0.4753057270211368,0,0.33385123948200235
8333.json,steve-lonegan,true,0,speaker_disjoint_split,0,0.42306419911443466,0,0.310407969571597
9199.json,anissa-naouai,half-true,0,speaker_disjoint_split,0,0.18647797656541706,0,0.13207547365022657
13262.json,donald-trump,barely-true,1,speaker_disjoint_split,1,0.630970382095727,1,0.5584887942812373
1603.json,karl-rove,mostly-true,0,speaker_disjoint_split,0,0.4010619189818145,0,0.4013325761262962
5702.json,nathan-deal,mostly-true,0,speaker_disjoint_split,0,0.38730496081222493,0,0.24820313231813737
3795.json,angel-taveras,false,1,speaker_disjoint_split,0,0.24972428281849138,0,0.24150309199293898
10828.json,david-cicilline,true,0,speaker_disjoint_split,0,0.10459352004876346,0,0.16989624871126588
6116.json,terry-lawler,barely-true,1,speaker_disjoint_split,1,0.6528516955665757,1,0.6380333696191403
1283.json,blog-posting,pants-fire,1,speaker_disjoint_split,1,0.6599617268190522,1,0.8022936104360637
11915.json,centre-research-globalization,false,1,speaker_disjoint_split,1,0.6139061286072808,1,0.5101549108263509
4340.json,club-growth,false,1,speaker_disjoint_split,0,0.28925867303177577,1,0.5138224800415362
12822.json,joaquin-castro,half-true,0,speaker_disjoint_split,1,0.6946435037149421,1,0.7862756532770303
11501.json,carly-fiorina,false,1,speaker_disjoint_split,1,0.7496316965928049,1,0.6130219216812417
9067.json,kesha-rogers,half-true,0,speaker_disjoint_split,1,0.8389587846288433,1,0.7426934135896825
239.json,ron-paul,true,0,speaker_disjoint_split,0,0.3641198350408774,0,0.27269668168966454
9247.json,neera-tanden,mostly-true,0,speaker_disjoint_split,0,0.16564530275638908,0,0.32448676714313585
9873.json,chuck-todd,true,0,speaker_disjoint_split,0,0.26190181257590284,0,0.23536695449603695
11713.json,bernie-s,barely-true,1,speaker_disjoint_split,1,0.6635164981566137,1,0.5150596868958474
1919.json,debbie-wasserman-schultz,half-true,0,speaker_disjoint_split,1,0.5847555989044,1,0.5174545083290318
1294.json,keith-olbermann,mostly-true,0,speaker_disjoint_split,0,0.41174650052659517,0,0.44195224275745715
7278.json,jennette-gayer,mostly-true,0,speaker_disjoint_split,0,0.33904037061545794,0,0.3241276867189602
13382.json,donald-trump,false,1,speaker_disjoint_split,0,0.4759903826546418,0,0.48365366460120096
13464.json,donald-trump,false,1,speaker_disjoint_split,1,0.7852138437202365,1,0.6621223133538061
13218.json,rush-limbaugh,pants-fire,1,speaker_disjoint_split,1,0.5100425079704621,0,0.4741173591698263
7142.json,dan-micciche,mostly-true,0,speaker_disjoint_split,0,0.138162069166026,0,0.08850841096333656
6016.json,joe-biden,mostly-true,0,speaker_disjoint_split,0,0.24657569211173802,0,0.21280190424006426
11995.json,donald-trump,false,1,speaker_disjoint_split,1,0.6003442466990991,1,0.5778934509257256
1630.json,tom-coburn,mostly-true,0,speaker_disjoint_split,1,0.7836656621608941,1,0.7706082221104259
12938.json,donald-trump,mostly-true,0,speaker_disjoint_split,0,0.2516035629648594,0,0.450431341479488
5716.json,robert-menendez,true,0,speaker_disjoint_split,0,0.0840966760205514,0,0.28265355704172906
11079.json,blog-posting,pants-fire,1,speaker_disjoint_split,1,0.8084508877646658,1,0.7863093559540755
13039.json,donald-trump,false,1,speaker_disjoint_split,0,0.27435367133592103,0,0.3301822920197868
1149.json,bernie-s,false,1,speaker_disjoint_split,0,0.2005007986281134,0,0.1719508582205999
8473.json,joe-barton,false,1,speaker_disjoint_split,0,0.4763669299563555,0,0.23795255884529223
3749.json,david-cicilline,barely-true,1,speaker_disjoint_split,0,0.47073251700225394,0,0.3725512518956284
5734.json,bettylou-decroce,half-true,0,speaker_disjoint_split,0,0.34552811073967554,0,0.46165508146598055
12922.json,pat-mccrory,barely-true,1,speaker_disjoint_split,1,0.6862955969190455,1,0.7867337108030225
1506.json,charlie-crist,true,0,speaker_disjoint_split,0,0.33488674613705693,0,0.25417663420132514
2828.json,marvin-pratt,false,1,speaker_disjoint_split,0,0.48106381392314357,0,0.4061412070236816
5145.json,rob-cornilles,barely-true,1,speaker_disjoint_split,0,0.4619409885443224,1,0.5763311694717773
11283.json,reader-email,mostly-true,0,speaker_disjoint_split,0,0.37454216626316705,0,0.247804196767521
10185.json,sean-spicer,true,0,speaker_disjoint_split,0,0.38698509784935603,0,0.20305112623054647
12267.json,lee-camp,half-true,0,speaker_disjoint_split,1,0.5182628086927832,1,0.8002581331834389
10579.json,scott-walker,mostly-true,0,speaker_disjoint_split,0,0.3577105154273162,0,0.296770240342123
12307.json,bernie-s,mostly-true,0,speaker_disjoint_split,0,0.25456480065189147,0,0.3267889587598699
6344.json,lou-ann-zelenik,false,1,speaker_disjoint_split,1,0.8326394195519359,1,0.7842145886707522
8021.json,karl-rove,mostly-true,0,speaker_disjoint_split,0,0.2073027757517213,0,0.1811499374864667
11314.json,carly-fiorina,true,0,speaker_disjoint_split,0,0.34849803595055245,0,0.2950253385384488
2851.json,joe-barton,barely-true,1,speaker_disjoint_split,1,0.6912042548196817,0,0.37205576431711357
12570.json,donald-trump,pants-fire,1,speaker_disjoint_split,1,0.6038354877299374,1,0.5782136689841384
828.json,john-mccain,false,1,speaker_disjoint_split,0,0.4644750683145368,0,0.39524485579530005
1861.json,carly-fiorina,pants-fire,1,speaker_disjoint_split,0,0.3601657244641808,0,0.33272737206570374
5337.json,nickie-antonio,barely-true,1,speaker_disjoint_split,0,0.2819457664581623,0,0.1444987646827364
3023.json,john-kasich,false,1,speaker_disjoint_split,0,0.15037994105038174,0,0.14482779536235216
11577.json,bernie-s,true,0,speaker_disjoint_split,0,0.29669190974235427,0,0.3096075512737324
12844.json,donald-trump,mostly-true,0,speaker_disjoint_split,0,0.25751286713942345,0,0.2494722400872978
11576.json,bernie-s,half-true,0,speaker_disjoint_split,0,0.4562228967239612,0,0.46661365346591904
2827.json,republican-state-senators,pants-fire,1,speaker_disjoint_split,0,0.49988424900149275,1,0.5279963936277674
10609.json,scott-walker,false,1,speaker_disjoint_split,0,0.37204457668533797,1,0.5191035446532654
4166.json,debbie-wasserman-schultz,true,0,speaker_disjoint_split,1,0.5097708726355503,0,0.4520207649047214
1186.json,blog-posting,pants-fire,1,speaker_disjoint_split,1,0.6276536762359796,1,0.8037659063516999
12784.json,bill-clinton,half-true,0,speaker_disjoint_split,1,0.502830529117533,0,0.4585508961078949
97.json,bill-richardson,mostly-true,0,speaker_disjoint_split,0,0.3888073249448762,1,0.5798817830373354
11788.json,scott-walker,mostly-true,0,speaker_disjoint_split,0,0.2055001970017105,0,0.3691982501611354
4828.json,armond-budish,false,1,speaker_disjoint_split,0,0.35970024817310414,0,0.23270163854878942
1868.json,blog-posting,pants-fire,1,speaker_disjoint_split,1,0.5684845111966794,1,0.6790695589602689
9121.json,rush-limbaugh,false,1,speaker_disjoint_split,1,0.5029721046730978,1,0.5477464845658266
8335.json,deadspin,true,0,speaker_disjoint_split,0,0.38541072772833773,0,0.20275931398150235
10612.json,nancy-devaney,false,1,speaker_disjoint_split,0,0.4223836578590405,0,0.21182648346973182
5143.json,rob-cornilles,mostly-true,0,speaker_disjoint_split,1,0.7453506309182983,1,0.6419022559978852
9922.json,donald-trump,mostly-true,0,speaker_disjoint_split,0,0.17479788258130002,0,0.19877138127010238
2421.json,scott-walker,half-true,0,speaker_disjoint_split,0,0.2600363257222171,0,0.2615081900816571
3350.json,glenn-beck,pants-fire,1,speaker_disjoint_split,1,0.5935366210312841,1,0.7161576271082857
10116.json,scott-walker,barely-true,1,speaker_disjoint_split,1,0.6086319960700493,1,0.6375707995882349
786.json,john-mccain,false,1,speaker_disjoint_split,1,0.6112745365380854,1,0.6927215433346641
10725.json,addicting-information,false,1,speaker_disjoint_split,0,0.34984773516434314,0,0.35940639870782715
9713.json,charlotte-nash,half-true,0,speaker_disjoint_split,1,0.5856655547628177,1,0.580173059323931
9318.json,miami-seaport-alliance,false,1,speaker_disjoint_split,1,0.5089688166424016,1,0.5360232642109036
4395.json,state-democratic-party-wisconsin,pants-fire,1,speaker_disjoint_split,1,0.7029758604064206,1,0.8115933641706486
4532.json,mary-nolan,half-true,0,speaker_disjoint_split,1,0.5336202422542604,0,0.44942198128266064
4909.json,tim-kaine,true,0,speaker_disjoint_split,1,0.5056152237411512,0,0.3471127417251358
13081.json,donald-trump,false,1,speaker_disjoint_split,1,0.5217179421809346,1,0.6121943989751454
7290.json,coalition-stop-gun-violence,pants-fire,1,speaker_disjoint_split,1,0.6439408452096748,1,0.6721769954376341
1163.json,republican-party-florida,pants-fire,1,speaker_disjoint_split,1,0.5538358689001106,0,0.459832271063059
3155.json,scott-walker,false,1,speaker_disjoint_split,1,0.5177163506987068,1,0.6709037610391126
8882.json,charlie-crist,half-true,0,speaker_disjoint_split,1,0.8127664042374416,1,0.7523216499585323
12689.json,donald-trump,false,1,speaker_disjoint_split,0,0.46792135976642374,1,0.5227891842052643
834.json,john-mccain,true,0,speaker_disjoint_split,0,0.14218680321635538,0,0.2855084644106032
7307.json,nathan-deal,mostly-true,0,speaker_disjoint_split,0,0.3474298072213035,0,0.43672179986145276
5651.json,marsha-blackburn,false,1,speaker_disjoint_split,1,0.7338368347248774,1,0.8042609504609761
10709.json,scott-walker,half-true,0,speaker_disjoint_split,1,0.5058967100642536,1,0.5586314015432664
10008.json,republican-governors-association,false,1,speaker_disjoint_split,0,0.3045382882315701,0,0.2784865943838966
11423.json,bernie-s,barely-true,1,speaker_disjoint_split,0,0.47160143455717546,0,0.3203548689013857
8578.json,debbie-wasserman-schultz,half-true,0,speaker_disjoint_split,0,0.3459291838772228,1,0.5441450561282646
12750.json,donald-trump,half-true,0,speaker_disjoint_split,0,0.3483577873988471,1,0.5048880155682136
2884.json,oregon-healthy-kids,mostly-true,0,speaker_disjoint_split,0,0.45972759533099933,1,0.5594548383290836
2373.json,david-porter,half-true,0,speaker_disjoint_split,0,0.46959802254178845,0,0.41860160978551963
4810.json,dekalb-county,mostly-true,0,speaker_disjoint_split,0,0.4189943679734546,1,0.5263873940350295
3760.json,steve-oelrich,true,0,speaker_disjoint_split,1,0.7947737363445869,1,0.792488655069919
630.json,john-mccain,true,0,speaker_disjoint_split,0,0.2372361379209654,0,0.24223910052401626
2587.json,national-republican-congressional-committee,pants-fire,1,speaker_disjoint_split,0,0.46228884841004253,0,0.41953625955800267
8988.json,americans-prosperity-georgia-chapter,mostly-true,0,speaker_disjoint_split,0,0.2715608065094241,0,0.265403180628279
5816.json,national-republican-congressional-committee,barely-true,1,speaker_disjoint_split,0,0.3746758174329359,0,0.2164713970425737
8872.json,mr-conservative,false,1,speaker_disjoint_split,1,0.7055148732449448,1,0.5288125832968448
9415.json,scott-walker,mostly-true,0,speaker_disjoint_split,0,0.23717661968080261,1,0.6500246213942785
8991.json,david-ignatius,true,0,speaker_disjoint_split,0,0.32659236135094527,0,0.3448735954520334
13217.json,donald-trump,false,1,speaker_disjoint_split,1,0.6197292283864196,0,0.4437107203437859
5013.json,restore-our-future,mostly-true,0,speaker_disjoint_split,0,0.3347404147055367,0,0.4548487519915266
5114.json,scott-walker,false,1,speaker_disjoint_split,0,0.3889282891974211,0,0.4911771804841959
2609.json,nathan-deal,half-true,0,speaker_disjoint_split,0,0.4814091298272837,1,0.5597705886352575
8536.json,scott-walker,mostly-true,0,speaker_disjoint_split,1,0.6979529607074759,1,0.7806251965274702
6085.json,julian-castro,half-true,0,speaker_disjoint_split,0,0.4020552509309996,0,0.26035677561551257
3540.json,tim-kaine,true,0,speaker_disjoint_split,0,0.3381434613995149,1,0.5171486374852838
1194.json,keith-olbermann,half-true,0,speaker_disjoint_split,0,0.31108647987141697,0,0.32682270567585386
5704.json,republican-governors-association,half-true,0,speaker_disjoint_split,1,0.5968388154285701,1,0.5766736923865772
6820.json,ann-coulter,true,0,speaker_disjoint_split,1,0.6197175909952437,1,0.5448812567764368
1859.json,nathan-deal,barely-true,1,speaker_disjoint_split,1,0.5066585703142074,1,0.5058463825371904
13131.json,donald-trump,false,1,speaker_disjoint_split,1,0.525289651169747,1,0.6548785077235962
8384.json,ken-cuccinelli,false,1,speaker_disjoint_split,1,0.616191446473321,1,0.707109216441938
13511.json,heather-mcghee,half-true,0,speaker_disjoint_split,0,0.4186665782780323,0,0.16785177859906103
13103.json,donald-trump,false,1,speaker_disjoint_split,1,0.8052843981667377,1,0.7148146887463064
8823.json,mark-schlereth,mostly-true,0,speaker_disjoint_split,0,0.4295572534242831,0,0.1342761494935925
735.json,john-mccain,barely-true,1,speaker_disjoint_split,1,0.6003059436598511,1,0.5571399240578832
9090.json,kathleen-sebelius,mostly-true,0,speaker_disjoint_split,1,0.5778604428337218,1,0.5633528215952228
4249.json,club-growth,barely-true,1,speaker_disjoint_split,1,0.5606186232090307,1,0.5296975668007218
12771.json,bernie-s,mostly-true,0,speaker_disjoint_split,0,0.09120438295351965,0,0.07834229974701061
12029.json,donald-trump,half-true,0,speaker_disjoint_split,0,0.37529624258065764,1,0.5448613736941991
7273.json,keith-faber,true,0,speaker_disjoint_split,1,0.5575040904009165,0,0.4490415029683426
11328.json,bernie-s,mostly-true,0,speaker_disjoint_split,0,0.10162024559513902,0,0.10569424010864521
7579.json,ed-fallone,half-true,0,speaker_disjoint_split,1,0.7350397097654462,1,0.7329253912934102
9659.json,dan-patrick,false,1,speaker_disjoint_split,0,0.24265899201602623,0,0.32416619231575483
7844.json,harry-alford,pants-fire,1,speaker_disjoint_split,1,0.535311637854346,1,0.5161495806212107
349.json,bill-clinton,false,1,speaker_disjoint_split,0,0.3158106330266906,0,0.32625473042766884
12041.json,bernie-s,mostly-true,0,speaker_disjoint_split,1,0.7087092281942088,1,0.6668193297989442
4521.json,jim-whelan,half-true,0,speaker_disjoint_split,0,0.3689008347617072,0,0.21561647772489265
6170.json,sam-adams,mostly-true,0,speaker_disjoint_split,0,0.46268025610342756,0,0.39040643605653935
2176.json,nathan-deal,mostly-true,0,speaker_disjoint_split,0,0.3962935445317306,0,0.44178589853436795
2116.json,bill-oreilly,false,1,speaker_disjoint_split,1,0.7426004909716742,1,0.8013154319909562
4019.json,new-jersey-democratic-state-committee,false,1,speaker_disjoint_split,0,0.4392884936865986,0,0.3868125643161778
1531.json,charles-rangel,pants-fire,1,speaker_disjoint_split,1,0.6637521953349561,1,0.578123871345595
5365.json,greg-walden,true,0,speaker_disjoint_split,0,0.2757978084060522,0,0.26200405882306016
3768.json,terry-moulton,false,1,speaker_disjoint_split,0,0.3027327971373407,0,0.33117588530618514
13126.json,donald-trump,false,1,speaker_disjoint_split,1,0.5778253227854445,1,0.5631191509162522
13299.json,donald-trump,barely-true,1,speaker_disjoint_split,1,0.5091454987946473,1,0.5766070716437836
698.json,john-mccain,false,1,speaker_disjoint_split,1,0.6806543129251702,1,0.7108965710730951
9586.json,jeff-merkley,false,1,speaker_disjoint_split,0,0.4985177894442133,1,0.5457595006066183
4128.json,national-republican-congressional-committee,false,1,speaker_disjoint_split,1,0.5807169860625079,1,0.6616935075899474
12276.json,jerry-jones,pants-fire,1,speaker_disjoint_split,1,0.5704667489926498,1,0.5789749204942024
12001.json,donald-trump,false,1,speaker_disjoint_split,0,0.47246571661785586,1,0.6594976411847941
3312.json,scott-walker,false,1,speaker_disjoint_split,1,0.5872032068152876,1,0.5865822546524853
13151.json,blog-posting,pants-fire,1,speaker_disjoint_split,0,0.46037065216126405,1,0.7803409858817587
13187.json,tim-kaine,half-true,0,speaker_disjoint_split,1,0.6021126379755642,0,0.4071113256070249
11916.json,john-kasich,mostly-true,0,speaker_disjoint_split,0,0.4865926633453442,1,0.525076729198135
12464.json,scott-walker,half-true,0,speaker_disjoint_split,0,0.48418189545795787,1,0.5773289454885935
1606.json,charlie-crist,mostly-true,0,speaker_disjoint_split,0,0.49392278001633644,0,0.4391363072142258
12268.json,donald-trump,mostly-true,0,speaker_disjoint_split,1,0.5843354434118296,1,0.6516715704013099
4891.json,alan-simpson,true,0,speaker_disjoint_split,0,0.3106913742307612,0,0.1820441731300453
8793.json,florida-all,barely-true,1,speaker_disjoint_split,0,0.19877034575473568,0,0.18127283203827324
5495.json,david-axelrod,false,1,speaker_disjoint_split,0,0.25822798085594195,0,0.21453981339568126
516.json,john-mccain,true,0,speaker_disjoint_split,0,0.27760951839044545,0,0.23047707808686918
11063.json,donald-trump,false,1,speaker_disjoint_split,1,0.7320971583515459,1,0.588000574907717
113.json,john-mccain,half-true,0,speaker_disjoint_split,0,0.17757050982954733,0,0.17634807852739795
11992.json,donald-trump,pants-fire,1,speaker_disjoint_split,1,0.7037858665761689,1,0.7206788023782327
8769.json,chris-murphy,true,0,speaker_disjoint_split,1,0.5293701052751235,0,0.42301745868808843
10370.json,chris-coons,barely-true,1,speaker_disjoint_split,0,0.4826537840671016,0,0.29529629536514573
991.json,gus-bilirakis,barely-true,1,speaker_disjoint_split,1,0.5208498171993926,1,0.5033248715128898
507.json,john-mccain,barely-true,1,speaker_disjoint_split,1,0.6866455103702168,0,0.4804041982376972
7747.json,blog-posting,barely-true,1,speaker_disjoint_split,0,0.4794700306946935,1,0.7878866960984333
10968.json,bill-clinton,mostly-true,0,speaker_disjoint_split,0,0.23300811300537194,0,0.3038758127888225
12682.json,donald-trump,true,0,speaker_disjoint_split,0,0.2639542415267993,0,0.2246404200680514
10190.json,ben-cardin,barely-true,1,speaker_disjoint_split,0,0.23417489857829,0,0.32378431717456474
13060.json,blog-posting,pants-fire,1,speaker_disjoint_split,1,0.8553934509165283,1,0.8689146435225698
12443.json,vicki-martin,mostly-true,0,speaker_disjoint_split,0,0.15451711590840334,0,0.23595989547828533
6210.json,bill-weimer,true,0,speaker_disjoint_split,0,0.4575680324910936,0,0.35705343738897094
3590.json,peter-defazio,false,1,speaker_disjoint_split,1,0.5651657059216626,1,0.5267320183281332
4625.json,fred-karger,pants-fire,1,speaker_disjoint_split,1,0.5876779299902717,1,0.7941017768576245
1932.json,bill-lynch,pants-fire,1,speaker_disjoint_split,1,0.5840754776407938,1,0.6884871737439588
10984.json,scott-walker,half-true,0,speaker_disjoint_split,0,0.17081803942256568,0,0.2758678758323317
13041.json,donald-trump,pants-fire,1,speaker_disjoint_split,1,0.623770704927385,1,0.6566174725540987
9955.json,blog-posting,pants-fire,1,speaker_disjoint_split,0,0.4657960566671624,1,0.6500919490092953
3533.json,charles-rangel,half-true,0,speaker_disjoint_split,0,0.4501078122239306,1,0.562339859546711
4671.json,ron-paul,mostly-true,0,speaker_disjoint_split,0,0.21459730045693765,0,0.13327505835954961
701.json,john-mccain,barely-true,1,speaker_disjoint_split,1,0.6793008120731467,1,0.5624676761544078
9894.json,john-mccain,mostly-true,0,speaker_disjoint_split,0,0.42889608900333837,0,0.3938080994598825
2955.json,state-democratic-party-wisconsin,pants-fire,1,speaker_disjoint_split,0,0.4936792947385312,1,0.623795969806684
8724.json,carol-shea-porter,true,0,speaker_disjoint_split,1,0.5058256953241198,1,0.519586627786542
11224.json,se-cupp,true,0,speaker_disjoint_split,0,0.15084469734266157,0,0.20164339301261594
12890.json,donald-trump,barely-true,1,speaker_disjoint_split,1,0.6035149599245384,1,0.6571524171664093
3683.json,saxby-chambliss,false,1,speaker_disjoint_split,1,0.5806770771227845,0,0.4609114622413909
12983.json,tim-kaine,false,1,speaker_disjoint_split,0,0.3701383898486367,1,0.557390277014007
1302.json,charlie-crist,pants-fire,1,speaker_disjoint_split,1,0.5386568202503468,1,0.7130601710273671
6676.json,gilberto-hinojosa,false,1,speaker_disjoint_split,0,0.41280235171939345,0,0.34817204781372013
12212.json,bernie-s,half-true,0,speaker_disjoint_split,1,0.5715454078695208,0,0.4088837006318318
4179.json,jessica-king,barely-true,1,speaker_disjoint_split,0,0.42264239264565784,1,0.59329588259363
12814.json,bill-clinton,half-true,0,speaker_disjoint_split,1,0.588130214089846,1,0.5549389529570711
3057.json,greg-walden,barely-true,1,speaker_disjoint_split,0,0.24244618755113267,0,0.23074869732209874
3371.json,andy-brown,false,1,speaker_disjoint_split,1,0.5291539879517867,0,0.4023629795833846
8319.json,state-democratic-party-wisconsin,half-true,0,speaker_disjoint_split,0,0.48367560636684753,0,0.44251044684634344
598.json,john-mccain,barely-true,1,speaker_disjoint_split,1,0.638961476669742,1,0.6382020462199327
8509.json,charlie-crist,true,0,speaker_disjoint_split,1,0.5552946119366841,1,0.551966785040535
8803.json,scott-walker,mostly-true,0,speaker_disjoint_split,0,0.32777271838303224,0,0.48944071620973895
9653.json,angel-taveras,half-true,0,speaker_disjoint_split,0,0.34705690532363587,0,0.22354638710452476
13002.json,donald-trump,mostly-true,0,speaker_disjoint_split,0,0.29046471302900534,0,0.308189603818884
12126.json,stephen-zappala,half-true,0,speaker_disjoint_split,1,0.575099350804297,1,0.5389490132005015
8487.json,republican-party-florida,half-true,0,speaker_disjoint_split,1,0.7210613916380942,0,0.4401355395370244
1510.json,republican-governors-association,mostly-true,0,speaker_disjoint_split,0,0.3530141465638728,0,0.26396172136721313
5798.json,scott-walker,barely-true,1,speaker_disjoint_split,1,0.6063273934360947,1,0.7062513354081732
546.json,john-mccain,true,0,speaker_disjoint_split,1,0.5759834334190296,1,0.556066487538394
1544.json,charlie-crist,true,0,speaker_disjoint_split,0,0.4102129276684684,0,0.47139028927475984
8045.json,tom-cole,true,0,speaker_disjoint_split,0,0.2927660956721603,0,0.3029251656880342
10508.json,scott-walker,false,1,speaker_disjoint_split,0,0.44060011704244917,0,0.41334261865556365
11550.json,donald-trump,barely-true,1,speaker_disjoint_split,0,0.36259922485557355,0,0.405454596338988
1686.json,charlie-crist,half-true,0,speaker_disjoint_split,1,0.9234733005218395,1,0.5137163429025894
12216.json,donald-trump,false,1,speaker_disjoint_split,1,0.527760907854216,1,0.6694411428186431
5028.json,kyleen-wright,barely-true,1,speaker_disjoint_split,1,0.6782077632998219,1,0.6567365078919715
5014.json,national-republican-congressional-committee,true,0,speaker_disjoint_split,0,0.37367706534306006,0,0.4865003988821334
1746.json,charlie-crist,false,1,speaker_disjoint_split,1,0.5194071463019345,0,0.38828421926603485
120.json,joe-biden,true,0,speaker_disjoint_split,1,0.7297781853955567,1,0.6095402033695922
7849.json,national-republican-congressional-committee,mostly-true,0,speaker_disjoint_split,0,0.45760822996142364,1,0.5718391705014811
3567.json,donald-trump,false,1,speaker_disjoint_split,1,0.5354097560054134,1,0.6123028952619236
515.json,john-mccain,half-true,0,speaker_disjoint_split,0,0.29587949603514274,0,0.4375786359779057
7431.json,john-kasich,mostly-true,0,speaker_disjoint_split,0,0.45432294263357537,1,0.5716544742164682
1396.json,david-axelrod,mostly-true,0,speaker_disjoint_split,0,0.3086946275425273,0,0.27261233809840885
6305.json,robert-dimuccio,true,0,speaker_disjoint_split,0,0.15068772988772974,0,0.2293224397231377
831.json,john-mccain,mostly-true,0,speaker_disjoint_split,1,0.6924109292705268,0,0.4418465721440191
8248.json,karl-rove,mostly-true,0,speaker_disjoint_split,1,0.5985158051846621,0,0.3363742026872663
12802.json,tim-kaine,half-true,0,speaker_disjoint_split,0,0.34035186195580114,0,0.386479345739309
646.json,joe-biden,false,1,speaker_disjoint_split,0,0.42389622325789494,0,0.4552848703861763
2627.json,alexi-giannoulias,barely-true,1,speaker_disjoint_split,1,0.6026081089147429,1,0.8329895116436835
3463.json,glenn-beck,half-true,0,speaker_disjoint_split,1,0.6900135983029589,1,0.6228863284222466
8528.json,charlotte-nash,true,0,speaker_disjoint_split,0,0.358809546559873,0,0.4619350071972838
9065.json,nathan-deal,true,0,speaker_disjoint_split,0,0.28804519403559226,0,0.2207465336912643
5217.json,robert-hagan,half-true,0,speaker_disjoint_split,0,0.37032561627727917,0,0.4335241349131059
1412.json,rush-limbaugh,pants-fire,1,speaker_disjoint_split,1,0.6478843666895436,1,0.7810959855722658
13384.json,donald-trump,pants-fire,1,speaker_disjoint_split,1,0.5873478664865359,1,0.7496321457723104
617.json,john-mccain,barely-true,1,speaker_disjoint_split,1,0.7576252901885729,1,0.5747581026682159
3723.json,john-kasich,barely-true,1,speaker_disjoint_split,1,0.6135846315131869,1,0.6817105540905452
5937.json,lloyd-doggett,mostly-true,0,speaker_disjoint_split,0,0.33745036661053857,0,0.16641391265173838
13016.json,donald-trump,half-true,0,speaker_disjoint_split,1,0.6335529288144963,1,0.6899943774154367
12920.json,vote-no-2,barely-true,1,speaker_disjoint_split,1,0.51945165442222,1,0.5462326958278567
6245.json,american-commitment,pants-fire,1,speaker_disjoint_split,1,0.8419933576145697,1,0.9282361869605167
10292.json,allen-peake,true,0,speaker_disjoint_split,1,0.6410164121617462,1,0.6538076383893819
2915.json,vern-buchanan,false,1,speaker_disjoint_split,0,0.15967619958817855,0,0.28269097756114314
11361.json,tom-cole,true,0,speaker_disjoint_split,1,0.5450877609642345,1,0.6895222094463895
8018.json,gilberto-hinojosa,pants-fire,1,speaker_disjoint_split,1,0.623170341177736,1,0.6714185285412997
8678.json,blog-posting,barely-true,1,speaker_disjoint_split,1,0.5183581084127261,1,0.722197015960558
10819.json,carly-fiorina,mostly-true,0,speaker_disjoint_split,0,0.04595905981306539,0,0.0860715115343443
9303.json,joaquin-castro,true,0,speaker_disjoint_split,1,0.5352754420079409,1,0.6417144333452726
928.json,fidelis,mostly-true,0,speaker_disjoint_split,1,0.6023273046123457,1,0.732944326338858
11909.json,donald-trump,barely-true,1,speaker_disjoint_split,1,0.6470891461377027,1,0.6318050891962079
11367.json,ben-carson,barely-true,1,speaker_disjoint_split,0,0.41267303033182773,0,0.303102841674793
4852.json,john-kasich,true,0,speaker_disjoint_split,1,0.5182491943475197,0,0.3444371370222498
8400.json,michael-thurmond,barely-true,1,speaker_disjoint_split,1,0.5451275187599043,0,0.47031860571373724
3961.json,blog-posting,false,1,speaker_disjoint_split,0,0.47395874703649776,1,0.6320660930494751
5428.json,alissa-keny-guyer,true,0,speaker_disjoint_split,0,0.45844896902045496,0,0.37192174861425453
6582.json,david-cicilline,mostly-true,0,speaker_disjoint_split,0,0.26069499354821346,0,0.2155922152814168
3857.json,robert-brown,barely-true,1,speaker_disjoint_split,0,0.3771308153857319,0,0.3048499727536838
9580.json,republican-party-florida,mostly-true,0,speaker_disjoint_split,0,0.4101423254022434,0,0.42249798167115804
742.json,john-mccain,barely-true,1,speaker_disjoint_split,1,0.6209132055864395,1,0.5151201362611779
10201.json,greta-van-susteren,mostly-true,0,speaker_disjoint_split,0,0.4236291677285156,0,0.33742444780738035
8750.json,david-jolly,barely-true,1,speaker_disjoint_split,1,0.7051164013492663,1,0.7666188375235556
9136.json,mike-collier,false,1,speaker_disjoint_split,0,0.43481603045921374,0,0.4031775289673723
3898.json,elijah-cummings,true,0,speaker_disjoint_split,0,0.27762590893947603,0,0.2946760007527095
11103.json,chuck-baldwin,pants-fire,1,speaker_disjoint_split,1,0.5820867496777831,1,0.5582207719874335
9811.json,john-carlevale,half-true,0,speaker_disjoint_split,0,0.29652064836296305,0,0.14131981804860416
8471.json,david-axelrod,mostly-true,0,speaker_disjoint_split,1,0.5261273228034495,1,0.6659751591813408
3825.json,debbie-wasserman-schultz,half-true,0,speaker_disjoint_split,1,0.620701058508706,0,0.4293781775879226
8706.json,david-jolly,barely-true,1,speaker_disjoint_split,1,0.8926195902725762,1,0.9078201580554071
458.json,john-mccain,pants-fire,1,speaker_disjoint_split,0,0.43831005741353496,0,0.4164757182557526
140.json,bill-richardson,half-true,0,speaker_disjoint_split,0,0.3537331568092373,0,0.4624143068216437
2961.json,tom-coburn,mostly-true,0,speaker_disjoint_split,0,0.3638029275970659,0,0.3492073788747409
4278.json,ken-plum,false,1,speaker_disjoint_split,0,0.49941488370375187,0,0.2781983074768844
9673.json,nathan-deal,false,1,speaker_disjoint_split,1,0.620475404844404,0,0.41489956762286395
12871.json,tim-kaine,half-true,0,speaker_disjoint_split,1,0.6456947080833763,1,0.7528974327216014
12149.json,donald-trump,barely-true,1,speaker_disjoint_split,0,0.21019736583549495,0,0.3142075568117244
12959.json,donald-trump,barely-true,1,speaker_disjoint_split,0,0.1488904198979339,0,0.4444160625430817
12777.json,bernie-s,half-true,0,speaker_disjoint_split,0,0.12485001856598395,0,0.072639994728053
12584.json,thomas-perez,barely-true,1,speaker_disjoint_split,0,0.24062264239231185,1,0.6674604838437289
7866.json,bernie-s,true,0,speaker_disjoint_split,0,0.23065837670402736,0,0.1511565388814544
7962.json,debbie-wasserman-schultz,mostly-true,0,speaker_disjoint_split,1,0.5438370696605748,0,0.4701299986170638
12710.json,donald-trump,false,1,speaker_disjoint_split,1,0.62398922143543,1,0.532374059474762
13191.json,tim-kaine,barely-true,1,speaker_disjoint_split,1,0.8431267713499447,1,0.8670111252667201
12251.json,don-beyer,barely-true,1,speaker_disjoint_split,0,0.3979011802498481,0,0.3269604555304476
1980.json,jan-brewer,false,1,speaker_disjoint_split,0,0.32486755267210793,0,0.4067427295696728
9678.json,rush-limbaugh,mostly-true,0,speaker_disjoint_split,0,0.3971444232876482,1,0.578404872993236
2111.json,bob-gibbs,true,0,speaker_disjoint_split,1,0.5942876876792921,1,0.7152370259851545
9251.json,julian-castro,mostly-true,0,speaker_disjoint_split,0,0.33575973684167615,0,0.2880368720116881
2692.json,tim-kaine,barely-true,1,speaker_disjoint_split,0,0.41841736310174094,0,0.452161415446182
11368.json,scott-walker,half-true,0,speaker_disjoint_split,0,0.28998395072471533,0,0.24489296166661215
13520.json,blog-posting,mostly-true,0,speaker_disjoint_split,0,0.4372741224302208,1,0.5132538905752685
662.json,john-mccain,false,1,speaker_disjoint_split,0,0.4644750683145368,0,0.39524485579530005
7822.json,nathan-deal,half-true,0,speaker_disjoint_split,0,0.15483918734157515,0,0.2572726224407752
2158.json,bill-lynch,barely-true,1,speaker_disjoint_split,0,0.1792055093182457,0,0.19458913898046964
10497.json,scott-walker,mostly-true,0,speaker_disjoint_split,0,0.2542443354258325,0,0.26851533791134513
1542.json,charlie-crist,true,0,speaker_disjoint_split,0,0.3456639872084283,0,0.45841166360488683
4667.json,sam-adams,barely-true,1,speaker_disjoint_split,1,0.5484367977694956,0,0.35721563531426476
11512.json,carly-fiorina,half-true,0,speaker_disjoint_split,0,0.35678644399264897,0,0.37970457054950935
10698.json,foundation-secure-and-prosperous-america,barely-true,1,speaker_disjoint_split,0,0.47148145198138,1,0.7058116152527706
13224.json,donald-trump,barely-true,1,speaker_disjoint_split,0,0.4543884914309909,1,0.5443157220852364
1754.json,lamar-mckay,barely-true,1,speaker_disjoint_split,0,0.4754484334633891,1,0.5526553214982175
1454.json,david-axelrod,true,0,speaker_disjoint_split,1,0.5023157786926604,1,0.6160262603094293
11273.json,donald-trump,false,1,speaker_disjoint_split,1,0.6392824867713313,0,0.41129514551284346
7846.json,dale-kooyenga,mostly-true,0,speaker_disjoint_split,0,0.3790218171211553,0,0.2664587835157419
10993.json,stanley-mcchrystal,half-true,0,speaker_disjoint_split,0,0.1486771086870588,0,0.12498614983238544
12097.json,joanne-kloppenburg,false,1,speaker_disjoint_split,0,0.4128546763300195,0,0.4938449023390326
6464.json,david-cicilline,false,1,speaker_disjoint_split,1,0.5438891463311889,0,0.450492954258543
8553.json,goldie-taylor,false,1,speaker_disjoint_split,0,0.3169196650926689,0,0.17428538585869624
9961.json,catherine-taylor,true,0,speaker_disjoint_split,0,0.3267051742694816,0,0.44478550818192447
2545.json,debbie-jackow,false,1,speaker_disjoint_split,0,0.2596723656136925,1,0.5256432612599804
4142.json,dominick-marino,half-true,0,speaker_disjoint_split,0,0.4523540443298164,1,0.5357028407964998
3213.json,peter-defazio,mostly-true,0,speaker_disjoint_split,0,0.33712104402971393,1,0.6081007982485104
12801.json,chris-murphy,true,0,speaker_disjoint_split,1,0.5702009316231963,1,0.5372210715618898
10867.json,scott-walker,mostly-true,0,speaker_disjoint_split,0,0.35763962382948894,0,0.35876287965948106
6101.json,tim-kaine,mostly-true,0,speaker_disjoint_split,0,0.24054580000467773,0,0.35989947862050503
11422.json,bernie-s,mostly-true,0,speaker_disjoint_split,0,0.3632457035193735,0,0.43322935497491133
13185.json,tim-kaine,half-true,0,speaker_disjoint_split,0,0.45439038766098705,1,0.5764541763794894
10574.json,bill-oreilly,half-true,0,speaker_disjoint_split,1,0.5588217358586061,1,0.8299127420625081
6852.json,robert-menendez,true,0,speaker_disjoint_split,1,0.5395118430596414,1,0.5911412545836061
6044.json,gary-johnson,barely-true,1,speaker_disjoint_split,0,0.19829620793608052,0,0.2582846708122947
5148.json,democratic-congressional-campaign-committee,pants-fire,1,speaker_disjoint_split,1,0.7180850886334931,0,0.49379972121499893
12239.json,bernie-s,mostly-true,0,speaker_disjoint_split,1,0.5482798838756473,1,0.6025056173703407
1255.json,carl-levin,true,0,speaker_disjoint_split,1,0.5116191370109403,0,0.4746980524586485
9887.json,charlie-crist,mostly-true,0,speaker_disjoint_split,1,0.5181149710351753,1,0.6538988320449697
12971.json,donald-trump,false,1,speaker_disjoint_split,0,0.4046544309991674,1,0.5151303869659525
10584.json,ben-carson,false,1,speaker_disjoint_split,1,0.5460298684550116,0,0.4262645098659352
3295.json,tim-kaine,mostly-true,0,speaker_disjoint_split,0,0.3132389963967917,0,0.3434552576781248
4052.json,united-fair-economy,mostly-true,0,speaker_disjoint_split,0,0.3345799024935758,1,0.6387221841733824
10619.json,rush-limbaugh,false,1,speaker_disjoint_split,1,0.5867903452771184,1,0.7320252285285076
9604.json,rush-limbaugh,half-true,0,speaker_disjoint_split,0,0.2690709039024393,0,0.47912591747196726
1721.json,debbie-wasserman-schultz,barely-true,1,speaker_disjoint_split,1,0.7525183306607385,1,0.6463730891614107
5437.json,national-republican-congressional-committee,barely-true,1,speaker_disjoint_split,0,0.3229553889885842,1,0.5089820863123931
3833.json,national-republican-congressional-committee,barely-true,1,speaker_disjoint_split,0,0.4013784604985785,1,0.5280525861930091
1062.json,keith-olbermann,false,1,speaker_disjoint_split,1,0.745910860899895,1,0.5087396883492963
13396.json,blog-posting,pants-fire,1,speaker_disjoint_split,1,0.6108220018517418,1,0.8466567454987634
3299.json,scott-walker,false,1,speaker_disjoint_split,0,0.46101529602027014,1,0.810111956267047
6719.json,national-republican-congressional-committee,half-true,0,speaker_disjoint_split,1,0.6151176866184941,1,0.7838959635123901
8918.json,dan-patrick,false,1,speaker_disjoint_split,1,0.8637923845520937,1,0.7971071190024488
13011.json,donald-trump,half-true,0,speaker_disjoint_split,0,0.4403356523036739,0,0.437506400344806
1296.json,rush-limbaugh,half-true,0,speaker_disjoint_split,0,0.314024223006161,0,0.4591357524001092
4448.json,debbie-wasserman-schultz,barely-true,1,speaker_disjoint_split,0,0.25881164606256374,0,0.38513735740846033
10875.json,sarah-silverman,true,0,speaker_disjoint_split,1,0.5457585925668289,1,0.5062182621246799
11044.json,donald-trump,pants-fire,1,speaker_disjoint_split,1,0.8551392565772514,1,0.8926725513963374
10805.json,danny-porter,half-true,0,speaker_disjoint_split,1,0.7198203679114242,0,0.46206012539198643
4772.json,kathleen-connell,false,1,speaker_disjoint_split,0,0.30881771935577357,0,0.4188741615835015
9855.json,blog-posting,pants-fire,1,speaker_disjoint_split,0,0.356035008941451,1,0.5952093826810095
12984.json,donald-trump,pants-fire,1,speaker_disjoint_split,1,0.574338689051274,1,0.5971346857359745
3328.json,bill-oreilly,mostly-true,0,speaker_disjoint_split,0,0.20261814436268352,0,0.2730210480913068
9972.json,scott-walker,mostly-true,0,speaker_disjoint_split,0,0.239851917360822,0,0.4279657870767059
10476.json,celine-gounder,true,0,speaker_disjoint_split,0,0.463511027157221,0,0.49474666468062184
8132.json,bill-foster,half-true,0,speaker_disjoint_split,0,0.34501656633568395,0,0.18701750883272147
6172.json,rush-limbaugh,pants-fire,1,speaker_disjoint_split,1,0.5052901593145087,1,0.550027181715775
12892.json,donald-trump,pants-fire,1,speaker_disjoint_split,1,0.693457053025344,1,0.8263394720147867
10094.json,scott-walker,mostly-true,0,speaker_disjoint_split,0,0.21840449004620868,0,0.23959316187493057
514.json,john-mccain,true,0,speaker_disjoint_split,0,0.4050378765301066,1,0.5253451535168937
2586.json,john-kasich,mostly-true,0,speaker_disjoint_split,0,0.35904062871854214,0,0.24976101009103654
1923.json,orrin-hatch,barely-true,1,speaker_disjoint_split,0,0.265224838790266,0,0.2576611194878822
5301.json,debbie-wasserman-schultz,false,1,speaker_disjoint_split,0,0.2576319051227999,0,0.27682679080722966
1291.json,tom-mcclintock,false,1,speaker_disjoint_split,0,0.4047146491812051,0,0.3375971281192754
9903.json,national-republican-congressional-committee,barely-true,1,speaker_disjoint_split,0,0.2994414356874309,0,0.4212825596604734
12796.json,donald-trump,mostly-true,0,speaker_disjoint_split,1,0.5839418949664041,1,0.625056251428315
7180.json,sam-adams,false,1,speaker_disjoint_split,0,0.3546029567180672,0,0.2549710369153157
3716.json,ron-paul,half-true,0,speaker_disjoint_split,0,0.22672747491100576,0,0.3544882401547779
9654.json,dennis-richardson,mostly-true,0,speaker_disjoint_split,1,0.6083407542722874,1,0.6435019994249168
2836.json,john-pistole,true,0,speaker_disjoint_split,0,0.40202982142384225,0,0.3318211000563607
9697.json,lenar-whitney,pants-fire,1,speaker_disjoint_split,1,0.762257643611387,1,0.8105321233882106
4405.json,daniel-mckee,mostly-true,0,speaker_disjoint_split,0,0.31136913895218893,0,0.29356217787896394
3515.json,donald-trump,false,1,speaker_disjoint_split,1,0.7062721934541923,1,0.5595575959413249
11745.json,dan-patrick,half-true,0,speaker_disjoint_split,0,0.46704332589690556,0,0.4900724011957394
9700.json,charlie-crist,barely-true,1,speaker_disjoint_split,1,0.5551128184857708,0,0.4881044706720367
10515.json,scott-walker,half-true,0,speaker_disjoint_split,1,0.6308860480838756,1,0.7021675286354778
9753.json,scott-walker,true,0,speaker_disjoint_split,0,0.12549384680069217,0,0.23959932270517625
11098.json,rush-limbaugh,half-true,0,speaker_disjoint_split,0,0.36227686670557574,0,0.4653953613421098
7600.json,blog-posting,mostly-true,0,speaker_disjoint_split,1,0.5554052409778453,1,0.8162893498052268
13139.json,donald-trump,barely-true,1,speaker_disjoint_split,1,0.5478020134577479,0,0.23962009678580223
718.json,john-mccain,mostly-true,0,speaker_disjoint_split,0,0.2672919461767081,0,0.19595039623046445
5516.json,scott-walker,half-true,0,speaker_disjoint_split,1,0.6142511503053342,1,0.6586879798314264
13308.json,donald-trump,barely-true,1,speaker_disjoint_split,1,0.6043754435900299,1,0.6045519471159497
3298.json,scott-walker,true,0,speaker_disjoint_split,0,0.49138937591474685,1,0.5646692768457493
8063.json,instagram-posts,false,1,speaker_disjoint_split,0,0.48598325424526967,0,0.41037662530836977
4280.json,ron-paul,false,1,speaker_disjoint_split,1,0.53183280800004,1,0.5729861844955181
476.json,john-mccain,half-true,0,speaker_disjoint_split,0,0.21867344086182844,0,0.258270186781802
1870.json,fulton-county-government,true,0,speaker_disjoint_split,0,0.21211085678101524,0,0.2479076563158487
5745.json,joe-biden,half-true,0,speaker_disjoint_split,1,0.5454314100049498,0,0.35292620309575135
3486.json,larry-ahern,false,1,speaker_disjoint_split,0,0.38177798828053955,0,0.45243069397473745
8565.json,saxby-chambliss,mostly-true,0,speaker_disjoint_split,0,0.3938098307619573,0,0.3398557207615348
1899.json,john-mccain,true,0,speaker_disjoint_split,0,0.39345826783798216,0,0.15002327647251434
3775.json,ken-cuccinelli,true,0,speaker_disjoint_split,1,0.6020798332711134,1,0.7717877135149642
2895.json,michael-steele,half-true,0,speaker_disjoint_split,0,0.40079772311922535,0,0.33653274214424006
665.json,joe-biden,half-true,0,speaker_disjoint_split,0,0.3339537183612478,0,0.3061323084950904
11733.json,donald-trump,false,1,speaker_disjoint_split,1,0.6819260176498856,1,0.5631963951218033
12369.json,donald-trump,false,1,speaker_disjoint_split,1,0.6648037849057898,0,0.44452590100522194
11220.json,julian-castro,true,0,speaker_disjoint_split,0,0.10378118115565488,0,0.14580072822244863
13475.json,blog-posting,pants-fire,1,speaker_disjoint_split,1,0.6114770667802585,1,0.8327062262948876
668.json,joe-biden,barely-true,1,speaker_disjoint_split,0,0.30300979401267353,0,0.39966303990804697
6347.json,robert-menendez,true,0,speaker_disjoint_split,1,0.5560027693748469,0,0.4516882011646652
8273.json,eddie-bernice-johnson,false,1,speaker_disjoint_split,1,0.5015944251959514,0,0.4114852171452046
2382.json,austan-goolsbee,mostly-true,0,speaker_disjoint_split,1,0.514099254476868,0,0.4732606376244671
2389.json,jb-van-hollen,mostly-true,0,speaker_disjoint_split,0,0.2705670882394814,0,0.3733809841424065
2365.json,maryellen-oshaughnessy,false,1,speaker_disjoint_split,0,0.4144042170523682,0,0.30426547093213047
90.json,joe-biden,false,1,speaker_disjoint_split,0,0.32827645113912635,0,0.35866764449879424
9108.json,gilberto-hinojosa,false,1,speaker_disjoint_split,1,0.5321237396298474,1,0.7232583900949918
8184.json,steve-lonegan,half-true,0,speaker_disjoint_split,0,0.28747554024038485,0,0.24631797924554366
9649.json,republican-party-florida,barely-true,1,speaker_disjoint_split,1,0.5857966286876855,1,0.6457454191112328
10480.json,rush-limbaugh,pants-fire,1,speaker_disjoint_split,0,0.4955820403015976,1,0.5884694731790788
11631.json,ben-carson,false,1,speaker_disjoint_split,1,0.6567093961924889,1,0.5312513468689325
9387.json,aclu-florida,half-true,0,speaker_disjoint_split,0,0.4764504461506837,0,0.4733876512372672
1596.json,cliff-stearns,half-true,0,speaker_disjoint_split,0,0.10890824496834044,0,0.3451614726015715
2028.json,alexi-giannoulias,true,0,speaker_disjoint_split,1,0.5494183131393755,1,0.6074714445014682
11237.json,scott-walker,true,0,speaker_disjoint_split,1,0.6728857986853715,1,0.6746375548149126
744.json,john-mccain,false,1,speaker_disjoint_split,0,0.4484303997572887,0,0.14594099877792943
559.json,john-mccain,false,1,speaker_disjoint_split,1,0.5337458298484687,0,0.4834204138559183
667.json,joe-biden,true,0,speaker_disjoint_split,1,0.6218351234580979,0,0.36152446413045525
1007.json,rush-limbaugh,mostly-true,0,speaker_disjoint_split,0,0.20180220912223712,1,0.5262723551187298
12935.json,donald-trump,false,1,speaker_disjoint_split,1,0.6135400817964659,1,0.7154149111713825
10214.json,lynda-rife,barely-true,1,speaker_disjoint_split,1,0.7619491806144657,1,0.6486132721585166
9767.json,scott-walker,mostly-true,0,speaker_disjoint_split,0,0.48083757950730244,0,0.42135059831385585
766.json,joe-biden,mostly-true,0,speaker_disjoint_split,0,0.3948401675065118,0,0.41072379857483027
570.json,john-mccain,half-true,0,speaker_disjoint_split,0,0.2877243981256199,1,0.5391761398915141
11942.json,donald-trump,barely-true,1,speaker_disjoint_split,0,0.37877669735091546,1,0.547372848610301
9952.json,republican-governors-association,mostly-true,0,speaker_disjoint_split,1,0.7436419870079455,1,0.6195234106317079
806.json,john-mccain,true,0,speaker_disjoint_split,1,0.6043746664574421,1,0.5453260383215854
4829.json,scott-walker,false,1,speaker_disjoint_split,0,0.3381092520140641,0,0.40197871416393577
8220.json,ken-cuccinelli,false,1,speaker_disjoint_split,1,0.750856995130991,1,0.8885422530036312
3832.json,charlotte-nash,mostly-true,0,speaker_disjoint_split,0,0.16553154587005448,0,0.1124663467104117
12119.json,donald-trump,false,1,speaker_disjoint_split,0,0.4561981767978049,0,0.4130783137715047
8155.json,bill-foster,true,0,speaker_disjoint_split,0,0.45967876316389256,0,0.17327548250010946
11533.json,ben-carson,pants-fire,1,speaker_disjoint_split,0,0.4644066749456765,0,0.4096614711409915
8138.json,jeb-hensarling,half-true,0,speaker_disjoint_split,1,0.6851802223466693,1,0.6849037626394114
7209.json,robert-menendez,true,0,speaker_disjoint_split,0,0.34663654427949137,0,0.2565040644685052
4078.json,stephen-sweeney,barely-true,1,speaker_disjoint_split,0,0.4611642202497535,0,0.47967385233005766
11853.json,bernie-s,false,1,speaker_disjoint_split,1,0.5396362409335478,1,0.5872884263531304
773.json,joe-biden,true,0,speaker_disjoint_split,0,0.4490836826507689,0,0.41191043911756897
13530.json,donald-trump,false,1,speaker_disjoint_split,1,0.5959735095546999,1,0.5879066538807585
13426.json,donald-trump,mostly-true,0,speaker_disjoint_split,1,0.5818350800184401,1,0.7154668246727814
2415.json,steve-munisteri,half-true,0,speaker_disjoint_split,1,0.5620826727010184,1,0.5932781514921269
4055.json,nina-turner,true,0,speaker_disjoint_split,0,0.42240607067120833,0,0.1706263054566513
188.json,bill-richardson,false,1,speaker_disjoint_split,0,0.3807651971627565,0,0.24934920192551038
2229.json,esquire-magazine,true,0,speaker_disjoint_split,0,0.2229972512495849,0,0.2083455346448566
3618.json,democratic-congressional-campaign-committee,pants-fire,1,speaker_disjoint_split,1,0.5773837228431521,1,0.6990109464156357
12659.json,donald-trump,half-true,0,speaker_disjoint_split,0,0.4943509050888327,1,0.5177133684846945
10953.json,donald-trump,false,1,speaker_disjoint_split,0,0.45047555322460375,1,0.5156332200431784
11336.json,ben-carson,false,1,speaker_disjoint_split,1,0.5108257220089203,0,0.20180271557162013
6855.json,sam-adams,true,0,speaker_disjoint_split,1,0.5230082220718236,0,0.4181402410459372
2907.json,nfl-players-association,false,1,speaker_disjoint_split,0,0.4499481003443946,1,0.6254633963283144
3988.json,vern-buchanan,barely-true,1,speaker_disjoint_split,0,0.4669449926213944,0,0.4713613525189028
3579.json,donald-trump,false,1,speaker_disjoint_split,1,0.532499365496098,1,0.5949905416613567
4159.json,bruce-hanna,barely-true,1,speaker_disjoint_split,0,0.1925162058395495,0,0.20409535534301165
252.json,joe-biden,barely-true,1,speaker_disjoint_split,1,0.5884405210916421,1,0.5896579278482323
5035.json,restore-our-future,half-true,0,speaker_disjoint_split,1,0.5397337746371433,1,0.5387361459425932
8890.json,state-democratic-party-wisconsin,false,1,speaker_disjoint_split,0,0.4577433476589275,1,0.611066260207522
9852.json,tim-kaine,mostly-true,0,speaker_disjoint_split,0,0.3805091883052734,0,0.3076243794123685
4980.json,lloyd-doggett,barely-true,1,speaker_disjoint_split,1,0.5751052005843894,0,0.41359946002618486
3370.json,ken-cuccinelli,half-true,0,speaker_disjoint_split,0,0.42399908192336994,1,0.5348265442937967
12062.json,culinary-workers-union,mostly-true,0,speaker_disjoint_split,0,0.36892042269588127,1,0.5829457114803751
10392.json,nathan-deal,mostly-true,0,speaker_disjoint_split,0,0.13912676431414703,0,0.12872567205250615
1040.json,michael-steele,true,0,speaker_disjoint_split,1,0.686220203885512,1,0.592835072582628
13065.json,bob-duffy,mostly-true,0,speaker_disjoint_split,0,0.36159790458727814,0,0.3001230583514286
12040.json,bernie-s,mostly-true,0,speaker_disjoint_split,1,0.6734772673499223,1,0.5058250337067786
1002.json,wayne-lapierre,half-true,0,speaker_disjoint_split,0,0.47780771685493567,0,0.40574201508861363
9530.json,rush-limbaugh,pants-fire,1,speaker_disjoint_split,1,0.6597605375487632,1,0.6344546117114898
3265.json,club-growth,barely-true,1,speaker_disjoint_split,1,0.7070080288756931,1,0.5821358107614868
7923.json,joe-biden,true,0,speaker_disjoint_split,0,0.3429976609506867,0,0.2806335189837025
12094.json,donald-trump,false,1,speaker_disjoint_split,1,0.6467251339819952,1,0.6311810749143032
3547.json,donald-trump,half-true,0,speaker_disjoint_split,0,0.4248792687652722,0,0.31726062406317623
10043.json,morgan-brittany,pants-fire,1,speaker_disjoint_split,1,0.7735044305262041,1,0.5610286002738586
10973.json,scott-walker,half-true,0,speaker_disjoint_split,1,0.5343131828275782,0,0.4992265083006184
697.json,john-mccain,half-true,0,speaker_disjoint_split,1,0.6813984592693687,0,0.4906611888173946
2300.json,ron-klein,mostly-true,0,speaker_disjoint_split,0,0.3055675671231506,0,0.23083530111309855
5861.json,eileen-brady,false,1,speaker_disjoint_split,1,0.6188922696091572,1,0.5271537979601216
8668.json,sam-houston,half-true,0,speaker_disjoint_split,0,0.48941114399473257,0,0.41930007579142636
7068.json,republican-governors-association,half-true,0,speaker_disjoint_split,1,0.6444883221994715,1,0.6877026979272681
5888.json,bill-spelman,false,1,speaker_disjoint_split,1,0.6174990337081275,1,0.7577469013284344
13388.json,arizonans-responsible-drug-policy,half-true,0,speaker_disjoint_split,1,0.5792803582407289,0,0.28367027341956247
6549.json,charlie-crist,half-true,0,speaker_disjoint_split,0,0.4695488639227583,1,0.5082444871869515
4059.json,better-austin-today-political-action-committee,false,1,speaker_disjoint_split,0,0.43192569684057763,0,0.32543742947166926
1590.json,citizens-lower-taxes-and-stronger-economy,true,0,speaker_disjoint_split,0,0.22573287653845853,0,0.25197646077531327
365.json,blog-posting,pants-fire,1,speaker_disjoint_split,1,0.6882860034030854,1,0.8323519386048676
8325.json,bernie-s,half-true,0,speaker_disjoint_split,0,0.2878750732694139,0,0.2746975465395939
12911.json,donald-trump,pants-fire,1,speaker_disjoint_split,1,0.6065595908908605,1,0.5490019411315751
10368.json,jerry-jones,false,1,speaker_disjoint_split,1,0.5300623831826379,0,0.35864674157022064
721.json,john-mccain,barely-true,1,speaker_disjoint_split,0,0.42463945725807367,0,0.35952487915517456
2022.json,jan-brewer,half-true,0,speaker_disjoint_split,1,0.5898626039257364,1,0.840430978247838
4762.json,blog-posting,barely-true,1,speaker_disjoint_split,1,0.5757255169975573,1,0.8112737119538461
12872.json,tim-kaine,false,1,speaker_disjoint_split,1,0.5215693199968099,1,0.5586876412732894
1546.json,charlie-crist,mostly-true,0,speaker_disjoint_split,0,0.4762819628015974,1,0.5714054074898959
408.json,bill-clinton,true,0,speaker_disjoint_split,0,0.24502579194208685,0,0.14653964353885193
9895.json,dan-patrick,true,0,speaker_disjoint_split,0,0.43036474573368594,0,0.4395177239973481
4747.json,jon-huntsman,half-true,0,speaker_disjoint_split,0,0.1295619090602815,0,0.24523509864319937
9105.json,charlie-crist,mostly-true,0,speaker_disjoint_split,0,0.3447023333499672,0,0.45318133165516933
2446.json,bill-clinton,half-true,0,speaker_disjoint_split,0,0.41910937193534725,0,0.25935830454097336
3669.json,dan-boren,half-true,0,speaker_disjoint_split,0,0.30554600997475323,0,0.2689282589449859
4385.json,blog-posting,pants-fire,1,speaker_disjoint_split,1,0.5500099718433112,1,0.8011133633461962
8211.json,jeffrey-grybowski,mostly-true,0,speaker_disjoint_split,1,0.6929116138832337,1,0.6285016473946842
146.json,bill-richardson,half-true,0,speaker_disjoint_split,0,0.26291652819675565,0,0.3420591538614967
5476.json,charlotte-nash,mostly-true,0,speaker_disjoint_split,0,0.23408252226778495,0,0.3197401519001499
12329.json,donald-trump,false,1,speaker_disjoint_split,0,0.10151773582759804,0,0.24919611656232696
9647.json,club-growth,false,1,speaker_disjoint_split,0,0.361965905889032,0,0.4425533560448257
6752.json,marsha-blackburn,true,0,speaker_disjoint_split,1,0.5194344996010061,1,0.6834153337114337
6619.json,david-cicilline,false,1,speaker_disjoint_split,1,0.5242988428372775,0,0.45555150573488556
10660.json,state-democratic-party-wisconsin,pants-fire,1,speaker_disjoint_split,0,0.3259615437629914,1,0.5165993809982483
12406.json,national-republican-congressional-committee,pants-fire,1,speaker_disjoint_split,1,0.6442060840152974,1,0.597058368721755
1157.json,tom-coburn,half-true,0,speaker_disjoint_split,0,0.2457456493216032,0,0.24847858786807797
3373.json,democratic-congressional-campaign-committee,barely-true,1,speaker_disjoint_split,1,0.5012161487492557,1,0.6442096707376074
1447.json,jeb-hensarling,false,1,speaker_disjoint_split,0,0.44154628740899154,0,0.4530195568204015
1317.json,bob-beckel,half-true,0,speaker_disjoint_split,1,0.6054034781645005,1,0.826521070176561
11206.json,bernie-s,false,1,speaker_disjoint_split,0,0.2912361427106183,0,0.37001772477615125
6613.json,democratic-party-oregon,half-true,0,speaker_disjoint_split,0,0.46148863190177314,1,0.6227955410423779
12641.json,colorado-citizens-accountable-government,pants-fire,1,speaker_disjoint_split,1,0.8019339181333334,1,0.6383984399466898
10323.json,scott-walker,true,0,speaker_disjoint_split,0,0.3865620031666254,0,0.47328422712202445
743.json,john-mccain,mostly-true,0,speaker_disjoint_split,0,0.2133550951956021,0,0.17311860686864797
12413.json,david-miliband,mostly-true,0,speaker_disjoint_split,0,0.2195897026647016,0,0.25012765905012246
13318.json,donald-trump,half-true,0,speaker_disjoint_split,0,0.32431674867589144,0,0.4828725437639873
9170.json,john-e-sununu,false,1,speaker_disjoint_split,0,0.48831969488128213,1,0.5020241992630633
11688.json,carly-fiorina,barely-true,1,speaker_disjoint_split,1,0.6660412939249625,1,0.5070091893199057
3273.json,scott-walker,pants-fire,1,speaker_disjoint_split,1,0.5657196192124051,1,0.69586247892757
10465.json,nathan-deal,true,0,speaker_disjoint_split,0,0.2890789479778993,0,0.16630920488237652
6804.json,national-republican-congressional-committee,pants-fire,1,speaker_disjoint_split,1,0.6553250120445759,1,0.7181093212300207
129.json,joe-biden,true,0,speaker_disjoint_split,0,0.4007876384489265,0,0.3753421170068725
7219.json,sam-adams,half-true,0,speaker_disjoint_split,0,0.1689791872813707,0,0.07434958280359164
13436.json,chris-sununu,pants-fire,1,speaker_disjoint_split,0,0.4251257838917786,0,0.3787057105078247
9665.json,city-brookhaven,half-true,0,speaker_disjoint_split,0,0.28218521066835794,0,0.24940492509911713
8362.json,ken-cuccinelli,mostly-true,0,speaker_disjoint_split,0,0.4318648970210187,0,0.39873588461021714
7995.json,americans-prosperity-georgia-chapter,half-true,0,speaker_disjoint_split,0,0.36787745666880345,0,0.4022847564380766
12262.json,bernie-s,barely-true,1,speaker_disjoint_split,1,0.6279711989113889,1,0.6263716720948772
7252.json,kirk-watson,true,0,speaker_disjoint_split,0,0.44630791306423184,0,0.3146763524804176
12462.json,donald-trump,half-true,0,speaker_disjoint_split,0,0.1081820937605946,0,0.2430655148848795
5103.json,nina-turner,barely-true,1,speaker_disjoint_split,0,0.3664159862284296,0,0.1992303989212004
8660.json,generation-opportunity,half-true,0,speaker_disjoint_split,1,0.6598776182566167,1,0.6872766453580074
10558.json,kurt-bauer,barely-true,1,speaker_disjoint_split,0,0.31124989039189105,1,0.5057102961802872
10790.json,van-taylor,barely-true,1,speaker_disjoint_split,0,0.38272900475656124,0,0.47625716850723154
11362.json,chuck-todd,true,0,speaker_disjoint_split,0,0.40407057839368987,0,0.4512754539081933
5600.json,blog-posting,false,1,speaker_disjoint_split,1,0.5837106790151579,1,0.8486627097428419
6078.json,scott-walker,barely-true,1,speaker_disjoint_split,0,0.2064970998232577,0,0.23227902305081632
3830.json,john-kasich,mostly-true,0,speaker_disjoint_split,0,0.2173576322321213,0,0.25833921203475846
1368.json,charlie-crist,true,0,speaker_disjoint_split,0,0.27680869832041927,0,0.3081961274910287
1456.json,debra-medina,false,1,speaker_disjoint_split,1,0.5011597141678749,1,0.5236236522996173
602.json,john-mccain,true,0,speaker_disjoint_split,1,0.5296863892795374,1,0.5600741929452503
13024.json,donald-trump,false,1,speaker_disjoint_split,0,0.4029803635341112,1,0.5954999886055953
4773.json,rob-cornilles,false,1,speaker_disjoint_split,1,0.5367160091690314,1,0.6248217138472896
11667.json,donald-trump,barely-true,1,speaker_disjoint_split,1,0.546187426360553,0,0.3561874992531931
13456.json,ann-coulter,false,1,speaker_disjoint_split,0,0.24795271910311625,0,0.3832974885756004
10797.json,scott-walker,barely-true,1,speaker_disjoint_split,0,0.4649803477228595,0,0.46916033758677045
7486.json,scott-walker,mostly-true,0,speaker_disjoint_split,0,0.4538066020179642,0,0.415507221408776
12762.json,donald-trump,pants-fire,1,speaker_disjoint_split,0,0.3021581225547668,0,0.23611346862203322
6893.json,coalition-bring-jobs-ri,barely-true,1,speaker_disjoint_split,0,0.27036865448656694,0,0.4976491165751922
10345.json,patrick-lynch,barely-true,1,speaker_disjoint_split,0,0.4933879187735822,1,0.5732759041687444
11498.json,donald-trump,pants-fire,1,speaker_disjoint_split,0,0.4567170595836165,1,0.5616676399404871
802.json,john-mccain,false,1,speaker_disjoint_split,1,0.6607490223896986,1,0.6068326676676433
5930.json,bill-pascrell,mostly-true,0,speaker_disjoint_split,0,0.34966140257614675,0,0.24344526120632765
7567.json,carlos-trujillo,false,1,speaker_disjoint_split,1,0.6107765716935485,0,0.49817830832564075
12495.json,state-democratic-party-wisconsin,mostly-true,0,speaker_disjoint_split,0,0.49749920464284275,1,0.6827922090664815
12451.json,bernie-s,mostly-true,0,speaker_disjoint_split,0,0.32999657254536446,0,0.27524767330008787
3605.json,jim-keffer,true,0,speaker_disjoint_split,0,0.46783382206955565,0,0.3991308517806928
116.json,john-mccain,half-true,0,speaker_disjoint_split,0,0.2710010015235118,0,0.15630318608541519
9959.json,ryan-lizza,true,0,speaker_disjoint_split,1,0.684312545143414,1,0.788871724069921
12337.json,bernie-s,barely-true,1,speaker_disjoint_split,0,0.47735796995257573,0,0.36559176678474015
12208.json,jorge-ramos,half-true,0,speaker_disjoint_split,1,0.6236215976706307,1,0.5896049765651687
5827.json,democratic-congressional-campaign-committee,barely-true,1,speaker_disjoint_split,1,0.5303221423650173,1,0.5991804629847631
11812.json,fox-news-channel,half-true,0,speaker_disjoint_split,1,0.6815838454800532,1,0.5781515355317809
821.json,john-mccain,false,1,speaker_disjoint_split,0,0.2635487936100427,0,0.21023479990260568
4199.json,bill-oreilly,false,1,speaker_disjoint_split,0,0.1823241787685638,0,0.33686379833140995
11614.json,bernie-s,half-true,0,speaker_disjoint_split,0,0.20629380521158858,0,0.3641679733332796
3199.json,bill-oreilly,half-true,0,speaker_disjoint_split,1,0.5299945933276756,1,0.7251741706853236
12532.json,donald-trump,pants-fire,1,speaker_disjoint_split,1,0.7760762625584223,1,0.5833768589313109
2370.json,ron-paul,half-true,0,speaker_disjoint_split,0,0.09690569465356311,0,0.07972676887178479
4177.json,ron-paul,true,0,speaker_disjoint_split,1,0.6471266601530197,1,0.5719604313992905
2228.json,rebecca-bell-metereau,barely-true,1,speaker_disjoint_split,1,0.7843914314484963,1,0.6823531712064863
7025.json,george-flinn,false,1,speaker_disjoint_split,0,0.3925787398894005,0,0.3906971695269593
9158.json,bob-beckel,true,0,speaker_disjoint_split,0,0.36088762451423956,0,0.48851257477872295
7636.json,caddy-mckeown,true,0,speaker_disjoint_split,0,0.35174225062044034,0,0.3894491896523087
1841.json,cathie-adams,half-true,0,speaker_disjoint_split,1,0.8374571958733581,1,0.7529822603724577
10168.json,megyn-kelly,false,1,speaker_disjoint_split,0,0.4679115749970724,0,0.40741166202077767
6902.json,robert-menendez,false,1,speaker_disjoint_split,0,0.28566809524487635,0,0.4384662317217831
10951.json,donald-trump,false,1,speaker_disjoint_split,1,0.8064777557148436,1,0.6792999355978532
9571.json,blog-posting,pants-fire,1,speaker_disjoint_split,1,0.5070593717614369,1,0.7515586016306602
9732.json,charlie-crist,half-true,0,speaker_disjoint_split,1,0.5362183549404607,0,0.34855249192325066
8091.json,blog-posting,barely-true,1,speaker_disjoint_split,0,0.286404462924376,1,0.5427885242436623
9899.json,john-mccain,mostly-true,0,speaker_disjoint_split,1,0.509223236466018,0,0.4040844955922842
8554.json,lynn-westmoreland,true,0,speaker_disjoint_split,1,0.500639754083724,0,0.3522057143591379
2637.json,ohio-republican-party,false,1,speaker_disjoint_split,1,0.7328911514975951,1,0.7477032909078087
12973.json,republican-party-florida,barely-true,1,speaker_disjoint_split,1,0.6234634012292534,1,0.501623438227546
542.json,john-mccain,true,0,speaker_disjoint_split,0,0.4678213593900132,0,0.35977639758196095
5455.json,ron-paul,half-true,0,speaker_disjoint_split,0,0.3814864610860866,0,0.3908624340107545
7053.json,majority-pac,half-true,0,speaker_disjoint_split,0,0.35591147521617883,0,0.42498910384155536
4452.json,scott-walker,barely-true,1,speaker_disjoint_split,1,0.6007853458376845,1,0.6695841712467882
3654.json,joe-biden,mostly-true,0,speaker_disjoint_split,0,0.32386990738689986,0,0.23137264577675493
4394.json,joe-biden,false,1,speaker_disjoint_split,1,0.5530346176197131,0,0.34170239584322976
1583.json,cathie-adams,false,1,speaker_disjoint_split,0,0.43878227581069407,0,0.40236321413946896
11549.json,ben-carson,false,1,speaker_disjoint_split,0,0.3891810123306719,0,0.21192720497065196
4320.json,jon-huntsman,half-true,0,speaker_disjoint_split,0,0.2116021630240827,0,0.3632518427201936
7282.json,mike-polensek,true,0,speaker_disjoint_split,0,0.4869381707850797,0,0.26332351996612674
12129.json,democratic-congressional-campaign-committee,barely-true,1,speaker_disjoint_split,1,0.6597749484433498,1,0.7053566879190374
12979.json,donald-trump,false,1,speaker_disjoint_split,0,0.46862416791970213,0,0.46765217895225386
12466.json,donald-trump,false,1,speaker_disjoint_split,0,0.34803223340911205,1,0.6939123853661908
272.json,joe-biden,mostly-true,0,speaker_disjoint_split,0,0.30601678889326367,0,0.3437655834605953
8816.json,state-democratic-party-wisconsin,true,0,speaker_disjoint_split,0,0.3403060608776442,0,0.2900364947396052
3053.json,jeff-fitzgerald,barely-true,1,speaker_disjoint_split,0,0.465552770691765,1,0.597812585926801
11785.json,bernie-s,mostly-true,0,speaker_disjoint_split,1,0.7490635492117271,1,0.7016149683263829
1961.json,dubose-porter,true,0,speaker_disjoint_split,0,0.4170219067472123,0,0.2803255022597604
10801.json,bill-clinton,true,0,speaker_disjoint_split,0,0.34174892120319905,0,0.16052353847614004
3437.json,georgia-state-senators,false,1,speaker_disjoint_split,0,0.4799411762567374,0,0.3567830225176345
1423.json,dick-armey,false,1,speaker_disjoint_split,0,0.3311372452794863,0,0.3871000239812999
7612.json,scott-walker,half-true,0,speaker_disjoint_split,0,0.33441904075931755,1,0.50679708402985
10152.json,scott-walker,mostly-true,0,speaker_disjoint_split,0,0.22167659306840226,0,0.41734102309203264
13295.json,donald-trump,pants-fire,1,speaker_disjoint_split,1,0.5231092432393052,1,0.7070284391961632
535.json,john-mccain,true,0,speaker_disjoint_split,1,0.5525320985441878,1,0.5335566884752058
407.json,john-mccain,false,1,speaker_disjoint_split,1,0.8614345417601275,1,0.6700606165124859
4455.json,debbie-wasserman-schultz,false,1,speaker_disjoint_split,0,0.3589937315919743,0,0.3504125866259995
4672.json,scott-walker,false,1,speaker_disjoint_split,0,0.4673246437190346,1,0.531169743362127
3678.json,donald-trump,half-true,0,speaker_disjoint_split,0,0.470847066779287,0,0.46676570311866944
8134.json,scott-walker,true,0,speaker_disjoint_split,1,0.6982337575518258,1,0.7683691166985577
3868.json,austan-goolsbee,mostly-true,0,speaker_disjoint_split,0,0.41504845619821146,0,0.4070343242925329
11948.json,samir-chachoua,pants-fire,1,speaker_disjoint_split,1,0.5487444768434026,0,0.310788962016847
206.json,ron-paul,true,0,speaker_disjoint_split,0,0.22642609790404092,0,0.17199496766456604
8297.json,ken-cuccinelli,false,1,speaker_disjoint_split,1,0.632727229610891,1,0.6991787143368271
7801.json,david-cicilline,barely-true,1,speaker_disjoint_split,0,0.2842903152651411,0,0.18641483612413903
11775.json,bernie-s,barely-true,1,speaker_disjoint_split,0,0.32891858280835307,0,0.21750795945234094
2515.json,david-cicilline,half-true,0,speaker_disjoint_split,0,0.1826535100838073,0,0.41340915464160066
6224.json,julian-castro,half-true,0,speaker_disjoint_split,0,0.4144612660242238,0,0.208261924428936
2485.json,david-axelrod,barely-true,1,speaker_disjoint_split,1,0.6481171341283909,1,0.7005676066145672
12430.json,donald-trump,false,1,speaker_disjoint_split,0,0.29642004432401553,0,0.44560176761264053
11122.json,donald-trump,barely-true,1,speaker_disjoint_split,1,0.5385696270769194,1,0.6272213779115052
2579.json,armond-budish,mostly-true,0,speaker_disjoint_split,0,0.3797642410208892,0,0.37932740563079065
3427.json,bill-kristol,mostly-true,0,speaker_disjoint_split,0,0.3249097049764396,0,0.4911390081840504
2549.json,susan-b-anthony-list,false,1,speaker_disjoint_split,1,0.5330358902861758,1,0.7439410061863567
748.json,john-mccain,barely-true,1,speaker_disjoint_split,0,0.3004666705793149,0,0.23559490688294213
9869.json,scott-walker,mostly-true,0,speaker_disjoint_split,1,0.6685196787679403,1,0.6727866095275625
5490.json,gary-johnson,mostly-true,0,speaker_disjoint_split,0,0.4773567475752071,0,0.41060037913812364
12644.json,donald-trump,mostly-true,0,speaker_disjoint_split,1,0.6822038437290391,1,0.7367243707139987
6794.json,jon-husted,mostly-true,0,speaker_disjoint_split,0,0.20717351957075036,0,0.17942319651795532
7143.json,anne-goodman,true,0,speaker_disjoint_split,1,0.5714130424242703,0,0.4175301388871895
13242.json,donald-trump,false,1,speaker_disjoint_split,1,0.5449757450985133,1,0.5696533669201402
8160.json,mark-kelly,true,0,speaker_disjoint_split,0,0.3859076995313461,1,0.5027458822916114
12153.json,pat-mccrory,false,1,speaker_disjoint_split,0,0.3380547650561734,0,0.2273662277810947
13449.json,donald-trump,half-true,0,speaker_disjoint_split,1,0.5781727383648393,0,0.46049882600617137
1172.json,glenn-beck,half-true,0,speaker_disjoint_split,1,0.6877719305931685,1,0.6168963593426153
9912.json,rhue-reis,false,1,speaker_disjoint_split,0,0.23315860053660623,0,0.26876709234519636
4417.json,donna-shalala,barely-true,1,speaker_disjoint_split,0,0.28781279558359363,0,0.3151558412980104
11313.json,donald-trump,false,1,speaker_disjoint_split,0,0.30493545890597684,0,0.4718640857253483
1272.json,christopher-monckton,pants-fire,1,speaker_disjoint_split,1,0.549342216440601,1,0.6071862657336603
1356.json,glenn-beck,false,1,speaker_disjoint_split,1,0.676486388665387,1,0.5026499938563889
3787.json,frank-wolf,barely-true,1,speaker_disjoint_split,0,0.34989296427200156,0,0.2789908069242849
5323.json,joe-biden,mostly-true,0,speaker_disjoint_split,0,0.12076299462622545,0,0.12225757430795252
1642.json,liberty-institute,half-true,0,speaker_disjoint_split,1,0.7094267366074333,1,0.6420346055163005
11489.json,reader-email,pants-fire,1,speaker_disjoint_split,1,0.5727348345615472,0,0.3981967026854664
9296.json,defending-main-street,barely-true,1,speaker_disjoint_split,0,0.41449195846801845,0,0.4623760600889996
3279.json,donna-brazile,half-true,0,speaker_disjoint_split,1,0.6879853784901753,1,0.6590232247056179
284.json,bill-clinton,half-true,0,speaker_disjoint_split,0,0.41026877229601416,1,0.5037928465925802
11611.json,donald-trump,pants-fire,1,speaker_disjoint_split,0,0.18706873256119896,0,0.35216937790975533
3223.json,get-equal-texas,half-true,0,speaker_disjoint_split,0,0.43195175502714445,0,0.40692442238028054
9191.json,new-hampshire-republican-party,mostly-true,0,speaker_disjoint_split,0,0.43164649485799644,0,0.36796525026633325
5968.json,gilberto-hinojosa,false,1,speaker_disjoint_split,1,0.5157080362835985,0,0.3620003794213672
12152.json,donald-trump,pants-fire,1,speaker_disjoint_split,1,0.7408741775656199,1,0.5501293779141413
6792.json,stefani-carter,half-true,0,speaker_disjoint_split,0,0.49479923057473646,0,0.4433981599617455
7289.json,lloyd-doggett,half-true,0,speaker_disjoint_split,0,0.3758845931781896,0,0.45807880000216533
9733.json,michael-bloomberg,false,1,speaker_disjoint_split,0,0.21820812993022284,0,0.14418113665727067
12000.json,john-kasich,mostly-true,0,speaker_disjoint_split,0,0.23997064856192996,0,0.2803634132835116
5614.json,new-hampshire-republican-party,barely-true,1,speaker_disjoint_split,1,0.6831219354934436,1,0.5449490437932105
12217.json,bernie-s,true,0,speaker_disjoint_split,1,0.6487098131371225,0,0.30884715622504944
8389.json,jeanne-shaheen,true,0,speaker_disjoint_split,0,0.35519089080413924,0,0.2886398977265193
1609.json,charlie-crist,barely-true,1,speaker_disjoint_split,0,0.39555725703393846,0,0.44365371381104246
8274.json,ken-cuccinelli,half-true,0,speaker_disjoint_split,1,0.6459179068347642,1,0.7528977502146201
5233.json,scott-walker,mostly-true,0,speaker_disjoint_split,1,0.602715979224395,1,0.6544982349399721
1663.json,john-mccain,pants-fire,1,speaker_disjoint_split,1,0.6682182729904127,1,0.6877717227406517
7199.json,terry-russell,true,0,speaker_disjoint_split,0,0.32993688537402543,1,0.5198624567385463
9523.json,james-buchal,false,1,speaker_disjoint_split,0,0.4076338835862699,0,0.3014086225132705
11738.json,donald-trump,false,1,speaker_disjoint_split,1,0.7626784976039366,1,0.7893640265124325
1752.json,rush-limbaugh,false,1,speaker_disjoint_split,0,0.42764153503929364,1,0.5540702703307503
8143.json,ken-cuccinelli,false,1,speaker_disjoint_split,1,0.7002966681759459,1,0.8381624824664631
10589.json,julie-lassa,half-true,0,speaker_disjoint_split,0,0.40532542506848196,0,0.2776130573601166
4183.json,chip-rogers,true,0,speaker_disjoint_split,0,0.09864116225159705,0,0.25442093584718445
11148.json,jack-hanna,mostly-true,0,speaker_disjoint_split,0,0.31122001269184857,0,0.23211539170349127
6422.json,protect-your-vote-ohio-protect-your-vote-ohio,mostly-true,0,speaker_disjoint_split,0,0.4641271797065742,0,0.18134832845396662
4752.json,debbie-wasserman-schultz,mostly-true,0,speaker_disjoint_split,1,0.5269854965287303,0,0.3811301182890426
69.json,ron-paul,true,0,speaker_disjoint_split,0,0.4421632513696378,0,0.4171841469318121
6036.json,david-axelrod,half-true,0,speaker_disjoint_split,0,0.49163621858977957,0,0.3687811402047142
3725.json,silvestre-reyes,mostly-true,0,speaker_disjoint_split,0,0.19475220284987277,0,0.2193896052389659
8407.json,debbie-wasserman-schultz,barely-true,1,speaker_disjoint_split,0,0.4962389627975235,1,0.5038731566268634
12340.json,joe-biden,mostly-true,0,speaker_disjoint_split,1,0.5367715203348545,1,0.5216400886058696
6887.json,jon-husted,false,1,speaker_disjoint_split,0,0.360645053824917,0,0.3660110521148314
11885.json,bernie-s,mostly-true,0,speaker_disjoint_split,0,0.3456254011028574,0,0.45126059710026334
9904.json,national-republican-congressional-committee,half-true,0,speaker_disjoint_split,0,0.34202431212809314,1,0.5231462661350856
11609.json,carly-fiorina,false,1,speaker_disjoint_split,0,0.4397793270726937,0,0.45333324821728077
3834.json,debbie-wasserman-schultz,false,1,speaker_disjoint_split,1,0.6639719436674056,1,0.6261627950730285
7853.json,ken-cuccinelli,false,1,speaker_disjoint_split,1,0.5511216656227232,1,0.7500929767988365
10400.json,claire-suggs,mostly-true,0,speaker_disjoint_split,0,0.1629327669759792,0,0.15424809402097145
2743.json,taxpayer-association-oregon,half-true,0,speaker_disjoint_split,0,0.3238133240408284,0,0.39980558115047443
13076.json,john-fleming,false,1,speaker_disjoint_split,1,0.5208448773264615,0,0.44573476747546403
12241.json,bernie-s,half-true,0,speaker_disjoint_split,0,0.17410121857833402,0,0.278320879785624
4678.json,joe-biden,half-true,0,speaker_disjoint_split,0,0.26400018168773187,0,0.13745633885662906
4000.json,nathan-deal,barely-true,1,speaker_disjoint_split,0,0.20025400545810768,0,0.2594848245150506
2148.json,jeb-hensarling,true,0,speaker_disjoint_split,0,0.33504138725456234,0,0.4537360011983886
12300.json,david-jolly,true,0,speaker_disjoint_split,1,0.7756082954379797,1,0.7263537055663116
11274.json,jorge-ramos,half-true,0,speaker_disjoint_split,0,0.37140152346197197,0,0.2470178747279589
9829.json,mike-collier,true,0,speaker_disjoint_split,1,0.6476732175137274,1,0.5933610620598567
7294.json,scott-walker,pants-fire,1,speaker_disjoint_split,1,0.7223687734787978,1,0.7156631198469277
3238.json,scott-walker,false,1,speaker_disjoint_split,1,0.5595085960712084,1,0.6297599188672037
13120.json,donald-trump,half-true,0,speaker_disjoint_split,1,0.54876301949114,1,0.7190708581370925
6650.json,anthony-gemma,mostly-true,0,speaker_disjoint_split,0,0.19276149903939407,0,0.23539002823778998
1487.json,joe-biden,half-true,0,speaker_disjoint_split,0,0.25924758072255205,0,0.23199456878651578
6360.json,bernie-s,true,0,speaker_disjoint_split,0,0.23424512189193358,0,0.07923023224742841
12327.json,bernie-s,mostly-true,0,speaker_disjoint_split,0,0.32011072700212245,1,0.7763769465779671
13162.json,arizonans-responsible-drug-policy,barely-true,1,speaker_disjoint_split,1,0.5486620150769052,1,0.5725206264339142
2172.json,republican-governors-association,half-true,0,speaker_disjoint_split,0,0.36378216472048247,0,0.4414833880290332
5701.json,republican-governors-association,half-true,0,speaker_disjoint_split,0,0.37563443322763806,0,0.41135938888438334
4038.json,robert-brown,false,1,speaker_disjoint_split,1,0.633081983289319,0,0.4943848331980427
1761.json,progress-florida,true,0,speaker_disjoint_split,0,0.41969309820557216,1,0.5055417769848308
2588.json,christine-odonnell,mostly-true,0,speaker_disjoint_split,1,0.674709024672533,0,0.4126566700777546
12934.json,donald-trump,barely-true,1,speaker_disjoint_split,0,0.4472448838128447,1,0.503655709885195
7159.json,jeanne-shaheen,barely-true,1,speaker_disjoint_split,0,0.36241884318760736,0,0.2623680469313739
1851.json,votevetsorg,half-true,0,speaker_disjoint_split,1,0.5932070889452582,1,0.7096606383902522
7464.json,trey-martinez-fischer,half-true,0,speaker_disjoint_split,1,0.5076541788192809,0,0.3965684350178394
13493.json,donald-trump,pants-fire,1,speaker_disjoint_split,1,0.500814843349792,1,0.6404822906480953
13332.json,donald-trump,half-true,0,speaker_disjoint_split,0,0.3447854287045855,0,0.44296319665384853
11783.json,debbie-wasserman-schultz,false,1,speaker_disjoint_split,1,0.6128319247288277,1,0.5529362554811607
7977.json,debbie-wasserman-schultz,true,0,speaker_disjoint_split,0,0.1778763202463745,0,0.413275107989888
10211.json,scott-walker,true,0,speaker_disjoint_split,1,0.6389567346225046,0,0.44962215817856543
5687.json,scott-walker,false,1,speaker_disjoint_split,0,0.46197266004986565,1,0.5447400873830556
13232.json,donald-trump,false,1,speaker_disjoint_split,1,0.6796682039999806,1,0.5412306286927046
6904.json,joe-biden,barely-true,1,speaker_disjoint_split,1,0.5979103708759859,0,0.4110407430617125
9325.json,karl-rove,false,1,speaker_disjoint_split,1,0.5591360929088561,0,0.272822594894954
4736.json,taxpayer-association-oregon,false,1,speaker_disjoint_split,0,0.38604916724201693,0,0.2968341357035211
9830.json,john-mccain,mostly-true,0,speaker_disjoint_split,0,0.3898859015588889,0,0.297920683215029
9078.json,jim-moore,true,0,speaker_disjoint_split,0,0.297750081331149,0,0.42203968802751474
8738.json,rush-limbaugh,pants-fire,1,speaker_disjoint_split,0,0.4592344734146754,1,0.6278682196094426
4419.json,michael-bloomberg,true,0,speaker_disjoint_split,0,0.22456302008963153,0,0.23375028739980228
11293.json,donald-trump,mostly-true,0,speaker_disjoint_split,1,0.5087183588611787,1,0.5390777490521577
12467.json,nfederation-o-independent-business-virginia,half-true,0,speaker_disjoint_split,0,0.3442425297356506,0,0.23433061800075444
2084.json,joe-biden,barely-true,1,speaker_disjoint_split,1,0.5839166295438767,1,0.5131143983519094
6968.json,david-cicilline,true,0,speaker_disjoint_split,0,0.47785559538946454,0,0.2963588137528593
13365.json,donald-trump,half-true,0,speaker_disjoint_split,0,0.30964432997555946,0,0.4889180634427832
9392.json,jeff-merkley,half-true,0,speaker_disjoint_split,1,0.5151375920863038,0,0.3679403179545937
8280.json,blog-posting,pants-fire,1,speaker_disjoint_split,1,0.7240111471777528,1,0.8373977922901391
8424.json,ken-cuccinelli,false,1,speaker_disjoint_split,1,0.56288877099627,1,0.8164698479637938
2219.json,bob-gibbs,pants-fire,1,speaker_disjoint_split,0,0.49388057018890436,1,0.5318601862254778
10096.json,nathan-deal,false,1,speaker_disjoint_split,1,0.5177734904567246,0,0.4385520683454435
6148.json,david-cicilline,barely-true,1,speaker_disjoint_split,0,0.3304468084279767,0,0.2790936602126762
7681.json,carlos-gimenez,false,1,speaker_disjoint_split,0,0.13408249772502864,0,0.15677029429602554
8537.json,steve-israel,true,0,speaker_disjoint_split,1,0.5757059076833348,1,0.7892941129418435
12175.json,donald-trump,half-true,0,speaker_disjoint_split,1,0.9004845004177479,1,0.7490717428809058
9529.json,gilberto-hinojosa,false,1,speaker_disjoint_split,1,0.676854013319939,1,0.7059084192959189
13140.json,afscme-people,mostly-true,0,speaker_disjoint_split,0,0.42682428770691594,0,0.2597082107086965
13337.json,donald-trump,false,1,speaker_disjoint_split,1,0.5436641205152031,0,0.2520300296338947
4849.json,susan-combs,false,1,speaker_disjoint_split,0,0.3834121574327614,0,0.43205584748312587
4725.json,john-kasich,pants-fire,1,speaker_disjoint_split,0,0.402765078491203,0,0.45451733696254093
9002.json,republican-governors-association,barely-true,1,speaker_disjoint_split,1,0.6714166903277571,0,0.44203838144854807
11114.json,scott-walker,mostly-true,0,speaker_disjoint_split,0,0.42942712300516994,0,0.4980136878151352
6790.json,carol-shea-porter,barely-true,1,speaker_disjoint_split,1,0.5460303684228999,0,0.424378198420941
12831.json,james-woods,pants-fire,1,speaker_disjoint_split,1,0.5103112283064365,0,0.4565515824324416
509.json,john-mccain,true,0,speaker_disjoint_split,0,0.38730502555755847,0,0.17661091970421006
8237.json,dan-patrick,half-true,0,speaker_disjoint_split,0,0.4945310436682458,0,0.41702176275955727
3805.json,agenda-project,false,1,speaker_disjoint_split,0,0.47997711684026495,1,0.5382072273407993
11031.json,gus-bilirakis,mostly-true,0,speaker_disjoint_split,0,0.1519565942625807,0,0.11224356671064117
10180.json,jeanne-shaheen,half-true,0,speaker_disjoint_split,0,0.428328200562471,0,0.4647474203786716
3431.json,charles-reed,false,1,speaker_disjoint_split,1,0.6211510662449756,1,0.6884092413742198
4740.json,john-klenke,false,1,speaker_disjoint_split,0,0.08079927370121463,0,0.18349980254988082
7741.json,david-cicilline,true,0,speaker_disjoint_split,0,0.35034377807549233,0,0.1923958948035414
5115.json,ron-paul,half-true,0,speaker_disjoint_split,0,0.4968416981061856,0,0.44795788703644973
473.json,john-mccain,mostly-true,0,speaker_disjoint_split,0,0.3887991959868703,0,0.2801577548398497
3893.json,janice-hahn,half-true,0,speaker_disjoint_split,0,0.3644172432413259,1,0.5452922410016416
398.json,campaign-defend-america,mostly-true,0,speaker_disjoint_split,1,0.5529273513206246,1,0.6477736119617197
4802.json,philip-keefe,false,1,speaker_disjoint_split,0,0.3263460190228462,0,0.4833531641031006
11355.json,jim-gilmore,true,0,speaker_disjoint_split,0,0.48013432148997603,1,0.6012261419664701
242.json,club-growth,half-true,0,speaker_disjoint_split,0,0.2880860422865438,0,0.29896364945287535
11306.json,club-growth,mostly-true,0,speaker_disjoint_split,1,0.6070989922478236,1,0.6877099178387318
8741.json,tom-coburn,barely-true,1,speaker_disjoint_split,1,0.7153052244924428,0,0.4577967429231825
2663.json,citizens-lower-taxes-and-stronger-economy,pants-fire,1,speaker_disjoint_split,1,0.5781883062948363,0,0.43465615176244815
8470.json,john-fleming,true,0,speaker_disjoint_split,0,0.37199122993124856,1,0.5557060082614095
10033.json,democratic-congressional-campaign-committee,pants-fire,1,speaker_disjoint_split,0,0.47524454847788844,0,0.4877889168757909
429.json,focus-family-action,true,0,speaker_disjoint_split,1,0.561414308901309,0,0.3172706574552455
12271.json,bernie-s,mostly-true,0,speaker_disjoint_split,0,0.4441196636670476,0,0.4374650362605971
8439.json,maria-bartiromo,false,1,speaker_disjoint_split,0,0.44744740936086724,0,0.3584055497987319
8772.json,bill-post,pants-fire,1,speaker_disjoint_split,1,0.5130611118195512,1,0.6694039480440946
461.json,john-mccain,mostly-true,0,speaker_disjoint_split,1,0.6921938615182408,1,0.7204176052495244
7092.json,big-gamble-nj,mostly-true,0,speaker_disjoint_split,0,0.3814436424851109,1,0.5713555890867984
550.json,ralph-nader,barely-true,1,speaker_disjoint_split,1,0.6113028363293587,1,0.5120497864208727
11974.json,huey-rey-fischer,mostly-true,0,speaker_disjoint_split,0,0.20872112432154483,0,0.3098473385576311
13082.json,donald-trump,pants-fire,1,speaker_disjoint_split,0,0.43286470044283465,1,0.7193714991125588
8927.json,national-republican-congressional-committee,barely-true,1,speaker_disjoint_split,1,0.6846971159910035,1,0.7213508758391807
13003.json,james-woods,true,0,speaker_disjoint_split,1,0.5082663538223384,0,0.4498857752109493
7635.json,eva-marie-mancuso,half-true,0,speaker_disjoint_split,0,0.32725760008951754,0,0.34108909018219435
5831.json,saxby-chambliss,true,0,speaker_disjoint_split,1,0.6300960756225215,1,0.6044216126657813
3376.json,scott-walker,mostly-true,0,speaker_disjoint_split,0,0.3146263336288471,0,0.28519520840314155
12932.json,joe-biden,barely-true,1,speaker_disjoint_split,1,0.6243952757231956,0,0.30468655261390337
6390.json,jeff-fitzgerald,mostly-true,0,speaker_disjoint_split,0,0.26009204367322225,0,0.3531502139164563
4001.json,david-cicilline,pants-fire,1,speaker_disjoint_split,0,0.2220551097960537,0,0.26292451911519205
12399.json,bernie-s,half-true,0,speaker_disjoint_split,0,0.3203791288704043,0,0.2727236006151261
8598.json,lloyd-doggett,mostly-true,0,speaker_disjoint_split,0,0.23222969158987225,0,0.2220057595016919
5016.json,national-republican-congressional-committee,barely-true,1,speaker_disjoint_split,0,0.46466948909965017,1,0.6771663966233491
4488.json,gary-johnson,half-true,0,speaker_disjoint_split,0,0.16476094170274286,0,0.2728245990407396
9789.json,blog-posting,pants-fire,1,speaker_disjoint_split,1,0.5724877320417578,1,0.5307316777390942
12304.json,donald-trump,false,1,speaker_disjoint_split,0,0.1628853569235295,0,0.23196204891525782
11491.json,peter-kinder,true,0,speaker_disjoint_split,0,0.23663405163377782,0,0.41977230325841464
13345.json,nathan-deal,mostly-true,0,speaker_disjoint_split,0,0.3901617009265247,0,0.46412921325036555
933.json,michael-steele,pants-fire,1,speaker_disjoint_split,0,0.3296674238135884,1,0.5453640409619206
3001.json,dekalb-county,barely-true,1,speaker_disjoint_split,0,0.3168109920523539,0,0.36645953508238066
4581.json,jose-rodriguez,barely-true,1,speaker_disjoint_split,0,0.1474326843676071,0,0.14027328377467746
12510.json,scott-walker,half-true,0,speaker_disjoint_split,0,0.4371577474957162,0,0.34100862798727904
5063.json,ron-paul,false,1,speaker_disjoint_split,1,0.5862371277139923,0,0.39580215460541346
10961.json,donald-trump,false,1,speaker_disjoint_split,0,0.2525743824398579,0,0.4799508864645101
11870.json,donald-trump,false,1,speaker_disjoint_split,0,0.4613335262657266,0,0.42507338453575283
1563.json,hank-gilbert,barely-true,1,speaker_disjoint_split,0,0.4704714861211015,0,0.34348692576242207
5022.json,restore-our-future,half-true,0,speaker_disjoint_split,0,0.19083851794989679,0,0.46022691026977225
10090.json,glenn-beck,half-true,0,speaker_disjoint_split,0,0.41951770286838935,1,0.5978343362120592
1608.json,todd-tiahrt,half-true,0,speaker_disjoint_split,1,0.592159530792108,1,0.6740805448065382
10440.json,nathan-deal,true,0,speaker_disjoint_split,0,0.46688667141185647,0,0.3415101733440805
7198.json,steve-lonegan,barely-true,1,speaker_disjoint_split,0,0.436492775801171,0,0.22484195389308484
1153.json,dick-armey,half-true,0,speaker_disjoint_split,0,0.2773737077109263,0,0.3617121663335649
11161.json,scott-walker,true,0,speaker_disjoint_split,0,0.4135098290557864,1,0.5093464764199302
6923.json,mary-nolan,true,0,speaker_disjoint_split,1,0.565796449131795,0,0.44677587537736063
3661.json,joanne-kloppenburg,barely-true,1,speaker_disjoint_split,1,0.6185813643470379,1,0.534545385307949
3978.json,national-republican-congressional-committee,false,1,speaker_disjoint_split,0,0.4270049919645265,0,0.42048174849857933
3901.json,armond-budish,mostly-true,0,speaker_disjoint_split,0,0.41728465194530484,0,0.24245180202865238
4483.json,ron-paul,pants-fire,1,speaker_disjoint_split,1,0.5212866060751296,0,0.3172996067671646
3819.json,tim-kaine,half-true,0,speaker_disjoint_split,1,0.5486835526443484,1,0.5507663925832431
5139.json,club-growth,mostly-true,0,speaker_disjoint_split,1,0.5140171289836747,1,0.5370659429901509
8972.json,andy-brown,mostly-true,0,speaker_disjoint_split,0,0.3537025464815042,0,0.29120520725816246
6240.json,john-robitaille,half-true,0,speaker_disjoint_split,1,0.5376663746217333,0,0.36474621897717646
12207.json,hilary-treadwell,pants-fire,1,speaker_disjoint_split,0,0.2912062217295128,0,0.3167471871742384
2678.json,charlie-crist,true,0,speaker_disjoint_split,0,0.436566764196948,0,0.4549045274657375
8582.json,david-axelrod,mostly-true,0,speaker_disjoint_split,0,0.42886672156871,1,0.659380374630229
1636.json,charlie-crist,false,1,speaker_disjoint_split,0,0.34159075960035096,0,0.35742971830879006
2870.json,joe-barton,barely-true,1,speaker_disjoint_split,0,0.3704010147976554,1,0.5093840039186045
34.json,john-mccain,mostly-true,0,speaker_disjoint_split,0,0.4609585656906148,0,0.3814695535611164
12949.json,donald-trump,barely-true,1,speaker_disjoint_split,1,0.5440883232426458,1,0.6329734832977829
13092.json,charlie-crist,true,0,speaker_disjoint_split,0,0.39617297677808433,0,0.2121503612221199
12902.json,dana-wachs,true,0,speaker_disjoint_split,1,0.659912940054014,1,0.616700177184089
9724.json,james-woods,false,1,speaker_disjoint_split,1,0.6496394458025271,1,0.5305214942832386
161.json,john-mccain,half-true,0,speaker_disjoint_split,0,0.17808150999919584,0,0.10988518379226424
7306.json,nathan-deal,true,0,speaker_disjoint_split,0,0.2937476304241988,0,0.26401710778767135
11316.json,carly-fiorina,barely-true,1,speaker_disjoint_split,1,0.8276240318468566,1,0.5061801297353428
2056.json,david-cicilline,false,1,speaker_disjoint_split,0,0.4817690680043305,0,0.4133285898413694
12740.json,donald-trump,false,1,speaker_disjoint_split,1,0.7027571757034742,1,0.6335973719225106
11480.json,donald-trump,half-true,0,speaker_disjoint_split,0,0.4434400562543023,1,0.5185676062854605
10110.json,bill-oreilly,mostly-true,0,speaker_disjoint_split,0,0.33739891644955816,0,0.45369264535973786
9816.json,don-beyer,mostly-true,0,speaker_disjoint_split,0,0.2904649618293985,0,0.2824386300140049
13194.json,citizens-michael-mcauliffe-and-house-republican-or,barely-true,1,speaker_disjoint_split,0,0.4080523387687737,0,0.4449744345082067
4263.json,ron-paul,false,1,speaker_disjoint_split,0,0.44174243701988697,0,0.42425096876315216
11178.json,john-kasich,mostly-true,0,speaker_disjoint_split,1,0.5893728425207577,1,0.5851181254078117
7515.json,joseph-levy,barely-true,1,speaker_disjoint_split,1,0.6441148527834878,0,0.4129350144823176
12861.json,donald-trump,pants-fire,1,speaker_disjoint_split,0,0.48006454340190724,1,0.675387463134233
11199.json,state-democratic-party-wisconsin,mostly-true,0,speaker_disjoint_split,1,0.6458369336990261,1,0.6152034703272353
4786.json,state-democratic-party-wisconsin,false,1,speaker_disjoint_split,0,0.3624452266592163,0,0.42460194263247464
7719.json,republican-governors-association,pants-fire,1,speaker_disjoint_split,1,0.6136168219077611,0,0.4942495293281982
3915.json,roberto-dasilva,barely-true,1,speaker_disjoint_split,1,0.5118622982617443,0,0.33760836248776693
10277.json,bill-oreilly,barely-true,1,speaker_disjoint_split,0,0.3722128023843966,0,0.45895781319070056
10452.json,debbie-wasserman-schultz,barely-true,1,speaker_disjoint_split,0,0.4698214467092094,0,0.4575274798827699
8780.json,rhode-island-senate,mostly-true,0,speaker_disjoint_split,0,0.06453368842248461,0,0.20841858738956245
6145.json,pat-kreitlow,pants-fire,1,speaker_disjoint_split,1,0.6016240537197721,1,0.8386312222054172
7948.json,blog-posting,pants-fire,1,speaker_disjoint_split,1,0.6402174125749325,1,0.9030538546374831
12235.json,donald-trump,false,1,speaker_disjoint_split,0,0.4211807970514605,1,0.6643435821257659
970.json,cynthia-lummis,pants-fire,1,speaker_disjoint_split,1,0.5087284849546349,1,0.625856661473339
11466.json,emanuel-cleaver,barely-true,1,speaker_disjoint_split,0,0.30368629486819243,0,0.36036991285001524
1471.json,bill-oreilly,true,0,speaker_disjoint_split,1,0.5719701908074496,1,0.6806579814020779
5397.json,richard-morrison,half-true,0,speaker_disjoint_split,0,0.4593945301054847,1,0.5654598050447172
10938.json,bernie-s,mostly-true,0,speaker_disjoint_split,0,0.4242487923951217,0,0.3887458091468351
12701.json,tim-kaine,barely-true,1,speaker_disjoint_split,0,0.4871695776065125,1,0.7308970543139945
13015.json,gary-johnson,mostly-true,0,speaker_disjoint_split,0,0.40063838522748796,0,0.43882017518503236
2062.json,david-axelrod,half-true,0,speaker_disjoint_split,0,0.296330466612195,0,0.3329235743310755
409.json,bill-clinton,true,0,speaker_disjoint_split,0,0.3690862250917744,0,0.3854968327212226
12776.json,state-democratic-party-wisconsin,half-true,0,speaker_disjoint_split,1,0.5176162651216177,1,0.5497147715520981
11188.json,donald-trump,half-true,0,speaker_disjoint_split,0,0.4679169337330958,1,0.7202098898977181
8722.json,neera-tanden,true,0,speaker_disjoint_split,1,0.5788564803816515,1,0.5193641004065922
10075.json,no-tax-tracks,half-true,0,speaker_disjoint_split,1,0.6546400886083409,1,0.5921706232376782
4167.json,wisconsin-family-action,true,0,speaker_disjoint_split,1,0.6330426439373517,1,0.7294563926632927
6287.json,club-growth,barely-true,1,speaker_disjoint_split,1,0.5568419747495529,0,0.4683791278327987
10505.json,rush-limbaugh,barely-true,1,speaker_disjoint_split,1,0.6452541941087455,1,0.5965675119813805
3698.json,blog-posting,half-true,0,speaker_disjoint_split,1,0.6140255666433785,1,0.7935117426143093
782.json,john-mccain,half-true,0,speaker_disjoint_split,1,0.5978720656287944,0,0.40711045902931314
10138.json,nathan-deal,barely-true,1,speaker_disjoint_split,0,0.1465894373079748,0,0.23046075983618186
2622.json,charlie-crist,false,1,speaker_disjoint_split,1,0.6357147772221312,1,0.5932470896751626
2017.json,john-mccain,mostly-true,0,speaker_disjoint_split,1,0.5218177827894794,0,0.34680067114229296
4061.json,bill-kristol,mostly-true,0,speaker_disjoint_split,1,0.5201778652919852,1,0.6653714384035223
12883.json,debbie-wasserman-schultz,barely-true,1,speaker_disjoint_split,1,0.5287028081186436,0,0.45239214918765686
5708.json,gary-black,mostly-true,0,speaker_disjoint_split,1,0.6335225712181811,1,0.5794310498452876
9929.json,blog-posting,half-true,0,speaker_disjoint_split,1,0.5830876887430683,1,0.8480006441302643
10062.json,john-mccain,false,1,speaker_disjoint_split,1,0.6055186669936808,1,0.6242227671222359
6108.json,marsha-blackburn,barely-true,1,speaker_disjoint_split,1,0.5738256946273307,1,0.522871206033264
11500.json,ben-carson,false,1,speaker_disjoint_split,1,0.8209943044219461,1,0.7233080238866774
6642.json,bill-clinton,half-true,0,speaker_disjoint_split,0,0.42023640227912507,0,0.47832004298324626
5.json,bill-richardson,mostly-true,0,speaker_disjoint_split,0,0.18517964741996273,0,0.4038611041404788
1541.json,charlie-crist,false,1,speaker_disjoint_split,0,0.3652619458424196,0,0.4928594436140801
7911.json,saxby-chambliss,pants-fire,1,speaker_disjoint_split,1,0.6585327243421584,1,0.6594438244912029
367.json,john-mccain,pants-fire,1,speaker_disjoint_split,1,0.6227531893086657,1,0.5396339378365334
4082.json,jim-whelan,half-true,0,speaker_disjoint_split,0,0.38589251841478384,0,0.23889105895831667
6952.json,linda-mcmahon,false,1,speaker_disjoint_split,0,0.18132692106327042,0,0.2410836830492567
2180.json,randy-neugebauer,pants-fire,1,speaker_disjoint_split,0,0.3805395616465731,0,0.37296491712159907
7138.json,saxby-chambliss,true,0,speaker_disjoint_split,1,0.6703717957500558,1,0.6440296493419505
6677.json,kal-penn,mostly-true,0,speaker_disjoint_split,1,0.6457148486422636,1,0.5841511809915917
2595.json,christine-odonnell,pants-fire,1,speaker_disjoint_split,1,0.8046067433160672,1,0.7098080334339263
1351.json,glenn-beck,false,1,speaker_disjoint_split,0,0.49554788089127905,1,0.560161924219276
9847.json,burger-king,half-true,0,speaker_disjoint_split,0,0.2461382363863872,0,0.35350808059847655
12551.json,bernie-s,mostly-true,0,speaker_disjoint_split,0,0.43294574331260366,1,0.5753082972117372
9175.json,republican-party-florida,true,0,speaker_disjoint_split,1,0.6450191916644867,0,0.43541520405331813
1278.json,charlie-crist,false,1,speaker_disjoint_split,0,0.3620562454954442,0,0.3234000235928254
9634.json,kate-obenshain,barely-true,1,speaker_disjoint_split,1,0.6888181168566477,1,0.813151050459132
12200.json,donald-trump,half-true,0,speaker_disjoint_split,0,0.30398798566579127,0,0.393695949809596
8098.json,david-cicilline,true,0,speaker_disjoint_split,1,0.5253794248058978,0,0.403548410974834
9689.json,charlie-crist,mostly-true,0,speaker_disjoint_split,0,0.10012624962529261,0,0.2876323217515255
5797.json,mary-nolan,half-true,0,speaker_disjoint_split,0,0.19971674425780142,0,0.3020793341421135
10588.json,doug-collins,mostly-true,0,speaker_disjoint_split,0,0.49699793047432095,1,0.5343878607193688
4225.json,jon-husted,mostly-true,0,speaker_disjoint_split,0,0.2660416539571016,0,0.40931780194723694
579.json,john-mccain,mostly-true,0,speaker_disjoint_split,0,0.36158421181533557,0,0.4132383043257248
1661.json,silvestre-reyes,pants-fire,1,speaker_disjoint_split,0,0.29881033977541316,0,0.15035459343373805
5442.json,jon-husted,half-true,0,speaker_disjoint_split,1,0.6278094755927015,0,0.3367165260390997
6028.json,memphis-police-association,false,1,speaker_disjoint_split,0,0.3718866405331276,0,0.4396524171204941
5294.json,nathan-deal,true,0,speaker_disjoint_split,0,0.4428318809182083,0,0.3683571391341226
3972.json,nina-perales,mostly-true,0,speaker_disjoint_split,0,0.3335678186312524,0,0.2546096117936694
1348.json,keith-olbermann,half-true,0,speaker_disjoint_split,1,0.682386115279041,1,0.5828481337896189
1740.json,keith-olbermann,half-true,0,speaker_disjoint_split,0,0.3993019462191688,0,0.4704917764660264
10851.json,akbar-al-baker,barely-true,1,speaker_disjoint_split,0,0.3305516197500185,0,0.24825665974126385
13250.json,pat-mccrory,barely-true,1,speaker_disjoint_split,0,0.37276677987663753,0,0.39692701615562265
10926.json,blog-posting,mostly-true,0,speaker_disjoint_split,1,0.8850922141149082,1,0.6618660455969869
11097.json,atlanta-neighborhood-association,true,0,speaker_disjoint_split,0,0.2971540454557188,0,0.3509216458787317
9278.json,tom-corbett,barely-true,1,speaker_disjoint_split,0,0.4411909622784393,0,0.4796886825297127
5001.json,tim-kaine,false,1,speaker_disjoint_split,0,0.4605861940558157,1,0.5139972120970955
11454.json,ben-carson,false,1,speaker_disjoint_split,1,0.7158848217164304,0,0.4834536270933923
3765.json,jay-goyal,barely-true,1,speaker_disjoint_split,0,0.39601487249345185,0,0.37526977004617995
11231.json,donald-trump,half-true,0,speaker_disjoint_split,1,0.6211293656034942,1,0.5991140982854817
11130.json,scott-walker,false,1,speaker_disjoint_split,1,0.5114778090647746,1,0.6982057958437473
13104.json,tom-nelson,half-true,0,speaker_disjoint_split,1,0.7572052301478436,1,0.8276688286336412
9618.json,mark-begich,mostly-true,0,speaker_disjoint_split,0,0.32740609953357197,0,0.1800481818493041
11921.json,bernie-s,mostly-true,0,speaker_disjoint_split,0,0.09032082030523073,0,0.1339019514854866
10980.json,bill-clinton,half-true,0,speaker_disjoint_split,0,0.4478041514772338,1,0.5871680052535373
13325.json,tim-kaine,mostly-true,0,speaker_disjoint_split,1,0.5704003669049517,1,0.5630628684743701
12583.json,david-miliband,true,0,speaker_disjoint_split,0,0.3747451740262588,0,0.49840293478083175
307.json,john-mccain,half-true,0,speaker_disjoint_split,0,0.4203233727987178,1,0.5447432513863284
11387.json,scott-walker,mostly-true,0,speaker_disjoint_split,0,0.4247853754599719,0,0.49836174215105616
10652.json,jerry-falwell,true,0,speaker_disjoint_split,0,0.3663469966017246,0,0.3811369909896577
4110.json,gary-johnson,half-true,0,speaker_disjoint_split,0,0.344513088860987,0,0.3471757118511923
7856.json,karl-rove,mostly-true,0,speaker_disjoint_split,0,0.49629583476929157,0,0.2854532775805141
8106.json,kari-chisholm,false,1,speaker_disjoint_split,0,0.3556671468936067,0,0.42948460476227235
13021.json,donald-trump,false,1,speaker_disjoint_split,0,0.41967731426286864,0,0.4787770860731152
12150.json,donald-trump,false,1,speaker_disjoint_split,1,0.5184062574838865,0,0.43351619059595903
9414.json,democratic-congressional-campaign-committee,false,1,speaker_disjoint_split,1,0.5915165502525555,1,0.5351686512148683
434.json,focus-family-action,false,1,speaker_disjoint_split,1,0.5315125357681528,1,0.5535703776734201
7585.json,dennis-richardson,mostly-true,0,speaker_disjoint_split,0,0.178441785725866,0,0.26996946734860094
8377.json,dan-patrick,false,1,speaker_disjoint_split,1,0.567339674080926,1,0.65968735069287
8962.json,bill-kristol,false,1,speaker_disjoint_split,0,0.45105184356698586,0,0.32944375639938756
7551.json,john-kasich,true,0,speaker_disjoint_split,1,0.5637794390094384,0,0.40845454916227353
9268.json,dan-patrick,half-true,0,speaker_disjoint_split,1,0.5646076655281952,1,0.633475909462654
543.json,john-mccain,mostly-true,0,speaker_disjoint_split,1,0.5562729008928275,1,0.6444606098444957
10134.json,charlie-crist,false,1,speaker_disjoint_split,1,0.6202790887151105,0,0.4461481055905579
6667.json,joe-biden,mostly-true,0,speaker_disjoint_split,1,0.6045248807714642,0,0.36912759011247637
11143.json,rush-limbaugh,pants-fire,1,speaker_disjoint_split,0,0.4309764013340294,1,0.748554599841914
2512.json,we-love-usa-pac,false,1,speaker_disjoint_split,1,0.6153028051911167,1,0.7652515457093788
11396.json,debbie-wasserman-schultz,half-true,0,speaker_disjoint_split,1,0.5248059141503194,1,0.5183192456593309
690.json,john-mccain,true,0,speaker_disjoint_split,0,0.2964356918845728,0,0.2656520861851581
11819.json,ben-carson,barely-true,1,speaker_disjoint_split,0,0.2918655885762348,0,0.31070599067955773
4808.json,john-stemberger,barely-true,1,speaker_disjoint_split,0,0.4588842286269692,0,0.15468166899304694
7615.json,b-heath-mitchell,half-true,0,speaker_disjoint_split,0,0.41974822338887025,0,0.22193353027024962
6066.json,lamar-alexander,half-true,0,speaker_disjoint_split,1,0.6288832282687667,1,0.7183433001386029
11868.json,donald-trump,barely-true,1,speaker_disjoint_split,0,0.48905148005545035,1,0.5920304632661735
4913.json,jon-huntsman,barely-true,1,speaker_disjoint_split,0,0.2818644412053473,0,0.2631302419267389
10027.json,gloria-steinem,true,0,speaker_disjoint_split,0,0.39973569988118673,0,0.4493736087190623
8535.json,jay-leno,barely-true,1,speaker_disjoint_split,1,0.506835034350219,1,0.5378230585854056
10990.json,scott-walker,barely-true,1,speaker_disjoint_split,1,0.7101815730871462,1,0.692573585945885
3635.json,nathan-deal,half-true,0,speaker_disjoint_split,0,0.3168058580095356,0,0.15109331385750846
12013.json,bill-clinton,half-true,0,speaker_disjoint_split,0,0.2918453377418596,0,0.34004302882797616
6856.json,joe-biden,barely-true,1,speaker_disjoint_split,0,0.462733421963004,0,0.28998584949408546
13079.json,donald-trump,false,1,speaker_disjoint_split,1,0.6403879722744756,1,0.5818152599720126
10428.json,gsu-alumni-association,true,0,speaker_disjoint_split,0,0.10333756364364585,0,0.23237694774625423
3019.json,lloyd-doggett,mostly-true,0,speaker_disjoint_split,0,0.36939345084831765,0,0.2503307243257494
6666.json,bill-clinton,mostly-true,0,speaker_disjoint_split,1,0.6470641436595976,0,0.46307677776024975
6143.json,nathan-deal,barely-true,1,speaker_disjoint_split,1,0.5217718984082589,0,0.3046931209703296
6960.json,ohio-republican-party,half-true,0,speaker_disjoint_split,1,0.5333306489588147,1,0.6563351301170889
597.json,votevetsorg,false,1,speaker_disjoint_split,1,0.5306320764396114,1,0.6320867052115429
11727.json,will-kraus,half-true,0,speaker_disjoint_split,0,0.3195064016026109,1,0.5421569934484893
7192.json,larry-kilgore,false,1,speaker_disjoint_split,0,0.23663807252843871,0,0.1528534217822724
5595.json,bill-pascrell,false,1,speaker_disjoint_split,0,0.27950639539315075,0,0.170732790287798
1197.json,lamar-alexander,false,1,speaker_disjoint_split,1,0.6934189571409421,1,0.5962438795555413
13115.json,donald-trump,false,1,speaker_disjoint_split,1,0.5084119759962004,1,0.6582154684938536
6021.json,scott-walker,mostly-true,0,speaker_disjoint_split,0,0.3396967042185497,0,0.3198239622453901
5879.json,national-republican-congressional-committee,pants-fire,1,speaker_disjoint_split,1,0.5625515328640158,1,0.6742083957441807
1110.json,bill-pascrell,mostly-true,0,speaker_disjoint_split,0,0.17965905309303712,0,0.21984466864686114
1258.json,glenn-beck,barely-true,1,speaker_disjoint_split,1,0.6615200307120439,1,0.7626701573376381
7213.json,scott-walker,true,0,speaker_disjoint_split,0,0.2855347998047074,0,0.48595919739109406
7760.json,tom-coburn,false,1,speaker_disjoint_split,0,0.3172441450505174,0,0.24904113757583815
7370.json,jeff-merkley,true,0,speaker_disjoint_split,0,0.2946129615665528,0,0.26471298590355274
2064.json,nathan-deal,half-true,0,speaker_disjoint_split,0,0.36462766708775096,0,0.29136967496629407
13391.json,austin-board-realtors-pac,false,1,speaker_disjoint_split,0,0.3780297593490752,1,0.5087114507179913
9621.json,glenn-beck,half-true,0,speaker_disjoint_split,1,0.7103515239991509,1,0.6815315624651668
11572.json,megyn-kelly,half-true,0,speaker_disjoint_split,1,0.5502960166667848,1,0.6076966735696211
8671.json,eugene-yu,mostly-true,0,speaker_disjoint_split,0,0.44840664484242637,1,0.6546077082317906
8203.json,scott-walker,half-true,0,speaker_disjoint_split,0,0.48124643126715,1,0.7320736597525507
4727.json,corey-stewart,false,1,speaker_disjoint_split,0,0.41927044134256986,1,0.7446757094323121
5916.json,samuel-wurzelbacher,pants-fire,1,speaker_disjoint_split,1,0.6044794806349896,1,0.7555014525699824
10010.json,republican-party-florida,half-true,0,speaker_disjoint_split,0,0.4201200153489244,0,0.38465945519200423
524.json,john-mccain,false,1,speaker_disjoint_split,1,0.5689718656532008,0,0.35765453731595054
400.json,campaign-defend-america,false,1,speaker_disjoint_split,1,0.5364463415904194,1,0.5015640520171923
2535.json,charlie-crist,half-true,0,speaker_disjoint_split,0,0.47052790477093226,0,0.47973429405571766
12377.json,scott-walker,pants-fire,1,speaker_disjoint_split,0,0.14433547539209418,0,0.30419056740429506
3267.json,wesley-smith,half-true,0,speaker_disjoint_split,0,0.4699809149686991,1,0.6834234199422743
9750.json,libre-initiative,half-true,0,speaker_disjoint_split,0,0.1440275007323888,0,0.25063246574797743
593.json,john-mccain,barely-true,1,speaker_disjoint_split,0,0.42972734808512475,0,0.32066589876983037
7305.json,nathan-deal,true,0,speaker_disjoint_split,0,0.46608075452765746,0,0.2046222053439608
6581.json,anthony-gemma,false,1,speaker_disjoint_split,0,0.3682103152138641,1,0.6248635657513607
12707.json,mark-geist,barely-true,1,speaker_disjoint_split,0,0.4108107939873656,1,0.7133107340412211
10389.json,john-mccain,barely-true,1,speaker_disjoint_split,0,0.30937182643080896,0,0.2077393724643695
8787.json,nathan-deal,true,0,speaker_disjoint_split,0,0.23320805417698257,0,0.1519189047293333
11567.json,ben-carson,false,1,speaker_disjoint_split,0,0.4235160862919415,0,0.36292369940285363
7221.json,john-kasich,half-true,0,speaker_disjoint_split,0,0.42974706566860843,0,0.45830274374746977
3867.json,john-kasich,false,1,speaker_disjoint_split,0,0.4495704846611659,0,0.46860996439826397
2398.json,ron-klein,false,1,speaker_disjoint_split,0,0.4765533877611507,1,0.6828475193944363
12138.json,joanne-kloppenburg,mostly-true,0,speaker_disjoint_split,0,0.46777558910959566,1,0.5434645676691735
2472.json,bob-hackworth,false,1,speaker_disjoint_split,0,0.4701929352543847,0,0.3980447075730434
2938.json,organizing-america,half-true,0,speaker_disjoint_split,1,0.5130438638215971,1,0.5113592549506233
11514.json,donald-trump,false,1,speaker_disjoint_split,1,0.5578141773704438,1,0.6738304761687157
3033.json,pat-mullins,true,0,speaker_disjoint_split,0,0.4734765996749914,1,0.6281980394761333
9660.json,charlie-crist,half-true,0,speaker_disjoint_split,1,0.584417562546662,0,0.42802829844167056
1253.json,blog-posting,mostly-true,0,speaker_disjoint_split,1,0.5673409100787205,1,0.7399590368871942
13165.json,basil-seggos,false,1,speaker_disjoint_split,1,0.7035057666921554,0,0.4246406946817811
3874.json,charlotte-nash,barely-true,1,speaker_disjoint_split,0,0.2342528829323138,0,0.4431683994010589
13491.json,javier-m-gonzales,half-true,0,speaker_disjoint_split,0,0.2530775848387627,0,0.4796943355526031
9710.json,greta-van-susteren,false,1,speaker_disjoint_split,1,0.5453379654104729,1,0.6951749398631144
2480.json,david-axelrod,half-true,0,speaker_disjoint_split,0,0.47775566156618854,0,0.44939630476855946
11331.json,scott-walker,half-true,0,speaker_disjoint_split,1,0.6508354200251936,1,0.7154478000674614
6476.json,aclu-florida,false,1,speaker_disjoint_split,1,0.6469606002107785,1,0.572721215506506
7584.json,joe-barton,barely-true,1,speaker_disjoint_split,1,0.5495133973424259,1,0.5504651583290755
2207.json,john-mccain,half-true,0,speaker_disjoint_split,0,0.44260735044482685,0,0.3883764669051399
11470.json,centers-disease-control,mostly-true,0,speaker_disjoint_split,0,0.27708901061505087,0,0.2759790042409859
6651.json,david-cicilline,barely-true,1,speaker_disjoint_split,0,0.4032009369903277,0,0.4177232521497474
11155.json,scott-walker,half-true,0,speaker_disjoint_split,0,0.3051548460250173,0,0.4604957742643039
9614.json,blog-posting,barely-true,1,speaker_disjoint_split,1,0.6819513236823034,1,0.8109160654079535
555.json,john-mccain,half-true,0,speaker_disjoint_split,1,0.5121193040488576,0,0.3717212197917986
10262.json,chuck-todd,true,0,speaker_disjoint_split,0,0.14477118541068618,0,0.25097887251299306
9288.json,nathan-deal,mostly-true,0,speaker_disjoint_split,0,0.15879073067723568,0,0.1455032630483664
11253.json,donald-trump,false,1,speaker_disjoint_split,0,0.21145990144588825,0,0.3503997846330509
961.json,elijah-cummings,true,0,speaker_disjoint_split,0,0.45463271536225314,0,0.4165157313634847
11205.json,donald-trump,half-true,0,speaker_disjoint_split,1,0.5925996942081724,1,0.6212439540328294
13253.json,donald-trump,barely-true,1,speaker_disjoint_split,0,0.39929240969719915,0,0.44212431232207156
13462.json,donald-trump,false,1,speaker_disjoint_split,0,0.4903099024215735,1,0.5441455814743988
11515.json,donald-trump,barely-true,1,speaker_disjoint_split,1,0.6939130602188419,1,0.8251213114907989
7000.json,diane-hurley,true,0,speaker_disjoint_split,0,0.35709153313994074,0,0.30892654524224583
2282.json,anthony-gemma,mostly-true,0,speaker_disjoint_split,0,0.4566261250407135,1,0.62276996553556
503.json,john-mccain,true,0,speaker_disjoint_split,1,0.566401836726928,0,0.48356162055049196
10174.json,charlie-crist,half-true,0,speaker_disjoint_split,0,0.37700620967026227,0,0.3273677101895601
5979.json,corey-stewart,barely-true,1,speaker_disjoint_split,0,0.490091614634266,1,0.628389220721664
10755.json,scott-walker,half-true,0,speaker_disjoint_split,0,0.409772184322878,0,0.22735918595318425
6808.json,tim-kaine,mostly-true,0,speaker_disjoint_split,1,0.603469282325358,1,0.5329393042913287
8659.json,blog-posting,pants-fire,1,speaker_disjoint_split,1,0.6353092684224043,1,0.8922158545603001
8417.json,louie-gohmert,barely-true,1,speaker_disjoint_split,0,0.41974580624088936,0,0.3681874883097888
4758.json,state-democratic-party-wisconsin,barely-true,1,speaker_disjoint_split,1,0.6745009716592881,1,0.6045019728675476
12198.json,blog-posting,false,1,speaker_disjoint_split,1,0.7019885510117121,1,0.8112811011681449
12843.json,joe-biden,false,1,speaker_disjoint_split,1,0.7268719480174092,0,0.466767061895151
118.json,john-mccain,true,0,speaker_disjoint_split,0,0.33645375845250725,0,0.2307176112713351
1706.json,bill-clinton,barely-true,1,speaker_disjoint_split,0,0.40069985449016793,0,0.33925690875255526
12018.json,bernie-s,barely-true,1,speaker_disjoint_split,0,0.4259619971818284,1,0.5389799978367453
1646.json,cliff-stearns,half-true,0,speaker_disjoint_split,1,0.5246096106209971,0,0.4190603737257544
3532.json,tim-kaine,half-true,0,speaker_disjoint_split,1,0.6105255131589529,1,0.5326315044169929
3862.json,national-republican-congressional-committee,barely-true,1,speaker_disjoint_split,1,0.6285292155754202,1,0.6349221465399195
5064.json,democratic-congressional-campaign-committee,false,1,speaker_disjoint_split,1,0.584687783925999,1,0.6897546919175886
13156.json,donald-trump,barely-true,1,speaker_disjoint_split,1,0.525734633944042,1,0.5456196843196717
11767.json,bernie-s,half-true,0,speaker_disjoint_split,1,0.6332081941491011,1,0.5593145793343233
2120.json,richard-cordray,half-true,0,speaker_disjoint_split,1,0.5349015944133304,1,0.559702318925051
13422.json,richard-burr,mostly-true,0,speaker_disjoint_split,1,0.5883853840309184,1,0.6434422760178328
10719.json,nathan-deal,half-true,0,speaker_disjoint_split,1,0.540239679481469,0,0.300100193506847
12211.json,glenn-beck,true,0,speaker_disjoint_split,0,0.3798304242947978,1,0.5660969796057055
8796.json,nathan-deal,half-true,0,speaker_disjoint_split,0,0.2956220078892299,0,0.25494638451257434
12047.json,donald-trump,barely-true,1,speaker_disjoint_split,0,0.4936433383777234,1,0.5125500126978592
10194.json,bill-clinton,barely-true,1,speaker_disjoint_split,0,0.34712404449655815,0,0.36686326621248405
2941.json,blog-posting,false,1,speaker_disjoint_split,1,0.5758395451844205,1,0.8104627080870096
8751.json,scott-walker,false,1,speaker_disjoint_split,0,0.3569027489337634,0,0.41887829649416075
12554.json,donald-trump,false,1,speaker_disjoint_split,1,0.726000703848051,1,0.7368252974040067
11962.json,donald-trump,pants-fire,1,speaker_disjoint_split,0,0.4147858482528301,0,0.4333794966243888
4895.json,david-axelrod,half-true,0,speaker_disjoint_split,1,0.583794994897474,1,0.5643660152093919
12162.json,californians-lower-drug-prices,half-true,0,speaker_disjoint_split,0,0.32181053666030185,0,0.26968517108706547
3355.json,state-democratic-party-wisconsin,pants-fire,1,speaker_disjoint_split,0,0.3629968888599162,1,0.5989238767490943
9796.json,rush-limbaugh,false,1,speaker_disjoint_split,1,0.7034268861608289,1,0.656195715252649
1591.json,rush-limbaugh,pants-fire,1,speaker_disjoint_split,1,0.5390228752310078,1,0.7316590533605861
13137.json,donald-trump,false,1,speaker_disjoint_split,1,0.5520078332954604,1,0.699525725364885
8696.json,scott-walker,false,1,speaker_disjoint_split,0,0.49036814112556915,1,0.6394240969307143
13183.json,tim-kaine,half-true,0,speaker_disjoint_split,0,0.44147648823927843,1,0.6754530308622411
12317.json,amy-schumer,half-true,0,speaker_disjoint_split,0,0.15388865556118056,0,0.21682297234074646
11002.json,scott-walker,mostly-true,0,speaker_disjoint_split,1,0.6645366603796902,1,0.5787849610575112
10459.json,rhode-island-center-freedom-and-prosperity,barely-true,1,speaker_disjoint_split,0,0.34331466865281596,0,0.19296153803020907
3457.json,ann-coulter,barely-true,1,speaker_disjoint_split,1,0.5946347137870011,1,0.5539070621476829
7172.json,scott-walker,pants-fire,1,speaker_disjoint_split,0,0.48148989698715855,0,0.28469976779890804
11247.json,donald-trump,false,1,speaker_disjoint_split,0,0.25984895891547455,0,0.3024503771833038
7248.json,national-republican-congressional-committee,true,0,speaker_disjoint_split,1,0.627627198311202,0,0.2473349224071424
6670.json,cnsnews,false,1,speaker_disjoint_split,0,0.3411193051110986,0,0.4341645076486733
9982.json,jane-harman,false,1,speaker_disjoint_split,1,0.6093792910228975,1,0.6291438839522092
6354.json,tim-kaine,mostly-true,0,speaker_disjoint_split,0,0.4059936137960776,0,0.40008644901671936
10369.json,chuck-todd,half-true,0,speaker_disjoint_split,1,0.6069792120051485,1,0.5793163638523755
7321.json,wayne-lapierre,half-true,0,speaker_disjoint_split,0,0.26661958946188374,0,0.23560215819891622
3797.json,amy-hanauer,true,0,speaker_disjoint_split,0,0.1693472515929551,0,0.3257080135359329
13459.json,pat-robertson,pants-fire,1,speaker_disjoint_split,1,0.7102887073567371,1,0.5924250309563907
12869.json,richard-burr,half-true,0,speaker_disjoint_split,1,0.7489608136063968,1,0.8961472281265829
2730.json,nathan-deal-and-roy-barnes,pants-fire,1,speaker_disjoint_split,1,0.6111740055541913,1,0.7047052730438793
8416.json,gilberto-hinojosa,mostly-true,0,speaker_disjoint_split,1,0.5858414899682065,0,0.42325144218548894
10781.json,ben-carson,barely-true,1,speaker_disjoint_split,0,0.14729552521433537,0,0.2972802210084216
1079.json,rush-limbaugh,barely-true,1,speaker_disjoint_split,1,0.5509485100774795,0,0.4551088812048092
10876.json,glenn-beck,barely-true,1,speaker_disjoint_split,0,0.2395974017472836,0,0.35604560486219483
10778.json,nation-islam-research-group,pants-fire,1,speaker_disjoint_split,1,0.6397686439647324,1,0.5367623771714685
8479.json,scott-walker,barely-true,1,speaker_disjoint_split,0,0.19171773129610795,0,0.28321157391102203
3589.json,saxby-chambliss,half-true,0,speaker_disjoint_split,0,0.4308100998010854,1,0.5535401997617415
6065.json,jeff-fitzgerald,half-true,0,speaker_disjoint_split,0,0.34983583032308735,0,0.39119409609194067
4326.json,bob-ryan,mostly-true,0,speaker_disjoint_split,1,0.5569321636814566,1,0.566993922102683
10701.json,bernie-s,mostly-true,0,speaker_disjoint_split,0,0.14856101704742947,0,0.08957500835590876
6382.json,national-republican-congressional-committee,false,1,speaker_disjoint_split,1,0.5527082497948662,1,0.5297825206190123
11927.json,gary-cobb,barely-true,1,speaker_disjoint_split,1,0.598590575396254,1,0.7541541255159411
10615.json,scott-walker,half-true,0,speaker_disjoint_split,1,0.7624449456761685,1,0.6101598634653504
2295.json,nathan-deal,true,0,speaker_disjoint_split,0,0.416336324611185,1,0.5292972451061673
417.json,john-mccain,false,1,speaker_disjoint_split,0,0.3605721307941166,0,0.3040150910036271
6286.json,rush-limbaugh,pants-fire,1,speaker_disjoint_split,0,0.4852631467735592,1,0.6062651906401881
6151.json,lamar-alexander,true,0,speaker_disjoint_split,0,0.3158839464609728,0,0.29722165085523206
8108.json,dan-patrick,barely-true,1,speaker_disjoint_split,1,0.8164043571730479,1,0.5771758074041682
2801.json,allen-alley,mostly-true,0,speaker_disjoint_split,0,0.28342407235189043,0,0.13103545720017026
8075.json,louie-gohmert,barely-true,1,speaker_disjoint_split,1,0.6853802530601735,0,0.46141884765674623
3850.json,janet-napolitano,half-true,0,speaker_disjoint_split,0,0.20274657508798558,0,0.1829686493667311
8612.json,saxby-chambliss,half-true,0,speaker_disjoint_split,0,0.31554399756105334,0,0.21918561283145843
2395.json,john-kasich,half-true,0,speaker_disjoint_split,0,0.3966116319834864,0,0.4912202739686827
11525.json,scott-walker,half-true,0,speaker_disjoint_split,0,0.409910164112364,1,0.5114290672243211
11071.json,donald-trump,false,1,speaker_disjoint_split,0,0.4919633592539107,1,0.6381699155113432
1543.json,charlie-crist,barely-true,1,speaker_disjoint_split,0,0.26792086059059966,0,0.4056776257837132
10972.json,scott-walker,false,1,speaker_disjoint_split,1,0.8361806591499683,1,0.6783744811008826
11057.json,carly-fiorina,half-true,0,speaker_disjoint_split,0,0.2592563216105225,0,0.19830582039586603
11210.json,donald-trump,half-true,0,speaker_disjoint_split,0,0.23951990938501125,0,0.4034808008214351
6630.json,julian-castro,true,0,speaker_disjoint_split,0,0.440236626477691,0,0.3733393035094062
9138.json,charlie-crist,mostly-true,0,speaker_disjoint_split,1,0.5747090095417944,1,0.5772599834339333
9406.json,claire-mccaskill,barely-true,1,speaker_disjoint_split,0,0.3471573896514842,0,0.4537940618542977
5011.json,restore-our-future,true,0,speaker_disjoint_split,1,0.5355737128342679,1,0.5707196846698978
11317.json,scott-walker,barely-true,1,speaker_disjoint_split,1,0.5479218398447203,1,0.5930500856622053
2703.json,nathan-deal,barely-true,1,speaker_disjoint_split,1,0.7575487903486348,1,0.708661593896521
12193.json,new-day-america,false,1,speaker_disjoint_split,1,0.5121698828932648,1,0.5820175332022094
6635.json,joe-biden,half-true,0,speaker_disjoint_split,1,0.5124316971681762,0,0.27946758496905816
4276.json,jon-huntsman,mostly-true,0,speaker_disjoint_split,1,0.574407999721573,1,0.5712089135967322
12759.json,donald-trump,pants-fire,1,speaker_disjoint_split,1,0.5195211690270147,0,0.4987391042248211
2345.json,kevin-boyce,pants-fire,1,speaker_disjoint_split,0,0.29817344877989405,0,0.18324368372859956
10070.json,donald-trump,pants-fire,1,speaker_disjoint_split,1,0.6872302931494522,1,0.639207256313733
3837.json,sam-adams,false,1,speaker_disjoint_split,0,0.3911996372584065,0,0.07937489019009358
2396.json,julie-lassa,half-true,0,speaker_disjoint_split,0,0.25394533089679516,0,0.18202576871270765
7349.json,dan-becker,false,1,speaker_disjoint_split,0,0.4130581227926429,0,0.3527372086515704
8228.json,debbie-wasserman-schultz,mostly-true,0,speaker_disjoint_split,1,0.7697550958113464,1,0.504133564660861
7683.json,louie-gohmert,false,1,speaker_disjoint_split,1,0.6504120762896052,1,0.7368584545126912
10602.json,state-democratic-party-wisconsin,false,1,speaker_disjoint_split,1,0.5683525010009417,1,0.6265214901097472
2146.json,gordon-quan,half-true,0,speaker_disjoint_split,0,0.4536977601842781,1,0.6096076807211956
1560.json,glenn-beck,true,0,speaker_disjoint_split,1,0.5170226096753038,0,0.3986352870549278
9885.json,charlie-crist,mostly-true,0,speaker_disjoint_split,1,0.6819088429490177,0,0.49458981135471725
9619.json,whoopi-goldberg,barely-true,1,speaker_disjoint_split,0,0.4518988970684255,0,0.45644676941129747
8704.json,bill-kristol,mostly-true,0,speaker_disjoint_split,1,0.666148146276519,0,0.4725805800219338
10840.json,donald-trump,half-true,0,speaker_disjoint_split,0,0.4567555047758617,1,0.5518086802423023
10989.json,ann-coulter,pants-fire,1,speaker_disjoint_split,1,0.6738432136401277,1,0.5375821932699335
9987.json,charlie-crist,false,1,speaker_disjoint_split,1,0.5313230736516575,1,0.6124699002526857
8643.json,scott-walker,false,1,speaker_disjoint_split,0,0.25154060879365886,0,0.43400329916611957
13234.json,donald-trump,mostly-true,0,speaker_disjoint_split,0,0.18888180600105658,0,0.1429462666423306
10317.json,matthew-cooke,barely-true,1,speaker_disjoint_split,0,0.15445151347479522,0,0.23763364059017522
12839.json,donald-trump,pants-fire,1,speaker_disjoint_split,1,0.5945225884056277,1,0.8433828608446793
6103.json,nathan-deal,false,1,speaker_disjoint_split,1,0.5808063758283829,0,0.4389183525875531
12988.json,donald-trump,mostly-true,0,speaker_disjoint_split,0,0.48388219749461037,1,0.6791247828104916
569.json,john-mccain,half-true,0,speaker_disjoint_split,0,0.45284126323607427,1,0.5033018046729958
6137.json,michael-chippendale,true,0,speaker_disjoint_split,0,0.15111139210801144,0,0.14286411344024458
13300.json,donald-trump,half-true,0,speaker_disjoint_split,1,0.5869898606462761,1,0.7632777461245105
13431.json,tim-kaine,true,0,speaker_disjoint_split,1,0.5438480652308146,1,0.6011270287864973
1587.json,citizens-lower-taxes-and-stronger-economy,half-true,0,speaker_disjoint_split,0,0.29819473194946255,0,0.39906186664428533
9297.json,madison-action-fund,pants-fire,1,speaker_disjoint_split,0,0.4529884552215333,0,0.47277008997871356
12955.json,club-growth,half-true,0,speaker_disjoint_split,0,0.3271194898655189,0,0.4093100719309907
8943.json,brad-avakian,mostly-true,0,speaker_disjoint_split,0,0.3067179482756162,0,0.20737188311876067
10204.json,breitbart,pants-fire,1,speaker_disjoint_split,1,0.5754485426376672,1,0.5199531003728571
12256.json,bernie-s,barely-true,1,speaker_disjoint_split,0,0.3469823137317369,0,0.4406133995470627
12428.json,donald-trump,pants-fire,1,speaker_disjoint_split,0,0.39385284736486587,0,0.40195244707000916
1491.json,joe-biden,mostly-true,0,speaker_disjoint_split,0,0.23696407948223724,0,0.18637642152837677
11578.json,bernie-s,barely-true,1,speaker_disjoint_split,0,0.3233686619351906,0,0.1716129377413681
6806.json,our-portland-our-schools,half-true,0,speaker_disjoint_split,1,0.6751984498558351,1,0.6491223119741837
3689.json,dick-armey,false,1,speaker_disjoint_split,0,0.3196591582994973,0,0.3228267319569111
8874.json,bill-oreilly,barely-true,1,speaker_disjoint_split,0,0.46761290374347914,1,0.6252121059668325
10082.json,charlie-crist,half-true,0,speaker_disjoint_split,0,0.4552474025585693,0,0.4465859489532637
6288.json,jeff-fitzgerald,pants-fire,1,speaker_disjoint_split,1,0.7847866890923113,1,0.692934343473239
2807.json,state-democratic-party-wisconsin,barely-true,1,speaker_disjoint_split,1,0.6674929142779294,1,0.5594049283060378
11377.json,ora-houston,false,1,speaker_disjoint_split,0,0.43896608874343773,0,0.4897167490225427
3892.json,janice-hahn,true,0,speaker_disjoint_split,1,0.5174325338895784,1,0.8295864520586204
7657.json,lenny-curry,half-true,0,speaker_disjoint_split,0,0.2527340375639364,0,0.22292626374408397
11349.json,scott-walker,false,1,speaker_disjoint_split,0,0.4168066727326726,1,0.6581992730455306
11292.json,david-cicilline,half-true,0,speaker_disjoint_split,0,0.4403101795465125,0,0.49388533795696343
13319.json,donald-trump,half-true,0,speaker_disjoint_split,1,0.6147764778876335,1,0.6922538739850151
6124.json,democratic-congressional-campaign-committee,false,1,speaker_disjoint_split,1,0.7510826720770805,1,0.7450367181013079
8970.json,blog-posting,pants-fire,1,speaker_disjoint_split,1,0.6161295691986961,1,0.7161589068366729
12353.json,donald-trump,false,1,speaker_disjoint_split,0,0.18504955619892055,0,0.17510274625325373
4144.json,club-growth,true,0,speaker_disjoint_split,1,0.6886220082567803,1,0.5408054360608411
8085.json,don-lemon,true,0,speaker_disjoint_split,0,0.1430593691279736,0,0.19424986242390144
2325.json,nathan-deal,half-true,0,speaker_disjoint_split,1,0.7324207020564696,1,0.7499715750581296
12850.json,donald-trump,mostly-true,0,speaker_disjoint_split,1,0.5435822056587666,1,0.5375111458470263
5781.json,ron-oakley,barely-true,1,speaker_disjoint_split,0,0.4374506004453917,1,0.5235254065220852
7443.json,ohio-republican-party,mostly-true,0,speaker_disjoint_split,0,0.4096257429855058,1,0.6441573467972456
11522.json,donald-trump,false,1,speaker_disjoint_split,1,0.5144436211033447,1,0.5189875311416053
10182.json,david-cicilline,true,0,speaker_disjoint_split,0,0.10057142688045854,0,0.10676010813054336
12378.json,solar-energy-fairness,half-true,0,speaker_disjoint_split,1,0.8674432586468949,1,0.6439308273195118
2361.json,democratic-congressional-campaign-committee,pants-fire,1,speaker_disjoint_split,1,0.5687549980229447,1,0.6696443470016232
13097.json,john-mccain,half-true,0,speaker_disjoint_split,1,0.7060722072140959,1,0.7096536725555974
6446.json,multnomah-county-library-foundation,false,1,speaker_disjoint_split,0,0.4729578435407662,1,0.5046211776367396
12880.json,donald-trump,false,1,speaker_disjoint_split,0,0.36333412028151224,1,0.742140908511656
5427.json,scott-walker,true,0,speaker_disjoint_split,1,0.7044239555200855,1,0.6037806357524865
12804.json,tim-kaine,half-true,0,speaker_disjoint_split,0,0.36251630642731164,0,0.3610938926708657
8415.json,bill-foster,mostly-true,0,speaker_disjoint_split,0,0.45376703052046136,0,0.4920950483837859
7397.json,brian-patrick-kennedy,barely-true,1,speaker_disjoint_split,1,0.5737952832358406,0,0.4889931681068563
6248.json,democratic-congressional-campaign-committee,pants-fire,1,speaker_disjoint_split,0,0.47796862168378823,1,0.6844082248249768
11950.json,bill-clinton,pants-fire,1,speaker_disjoint_split,0,0.3112552984048112,0,0.347116778774051
5939.json,jeff-fitzgerald,mostly-true,0,speaker_disjoint_split,0,0.3961263355091768,0,0.4137237567127848
10455.json,scott-walker,half-true,0,speaker_disjoint_split,0,0.3199499628340887,0,0.3786018967516955
12422.json,george-holding,half-true,0,speaker_disjoint_split,1,0.6397250625686081,0,0.3948208868591796
2943.json,bernie-s,true,0,speaker_disjoint_split,0,0.09745690978923588,0,0.15242847048088723
2696.json,scott-walker,barely-true,1,speaker_disjoint_split,1,0.508103207129311,1,0.6063307985829496
8906.json,sly-james,false,1,speaker_disjoint_split,0,0.3242766717158506,0,0.23289476047963423
13032.json,donald-trump,barely-true,1,speaker_disjoint_split,1,0.5735506954479765,1,0.6208947539212517
12114.json,gina-hinojosa,mostly-true,0,speaker_disjoint_split,0,0.17915763729984982,0,0.23685243727467195
4021.json,stephen-sweeney,true,0,speaker_disjoint_split,1,0.516856567726604,1,0.547902300697419
2558.json,hank-gilbert,true,0,speaker_disjoint_split,1,0.5016501929639213,1,0.5215353738243054
1045.json,bill-oreilly,false,1,speaker_disjoint_split,1,0.6279363092119036,1,0.8343411071039348
1885.json,glenn-beck,half-true,0,speaker_disjoint_split,1,0.6476124093624545,1,0.5713350273364414
9866.json,bob-beckel,false,1,speaker_disjoint_split,0,0.14005091795201027,0,0.29132397338240784
2240.json,john-kasich,false,1,speaker_disjoint_split,1,0.7198483340494398,1,0.7065499195677961
11350.json,ben-carson,barely-true,1,speaker_disjoint_split,1,0.5493090484594708,0,0.4048257824728393
8947.json,republican-party-florida,barely-true,1,speaker_disjoint_split,1,0.7638610303298798,1,0.542038434385476
22.json,joe-biden,mostly-true,0,speaker_disjoint_split,0,0.19679065606485438,0,0.17224308429802362
13327.json,gary-johnson,half-true,0,speaker_disjoint_split,0,0.3976978026444049,0,0.37845589003179375
9909.json,dan-patrick,pants-fire,1,speaker_disjoint_split,1,0.7326441702661198,1,0.5793717029369087
11164.json,donald-trump,pants-fire,1,speaker_disjoint_split,1,0.604465431530813,1,0.6231975302623188
7873.json,bob-gibbs,mostly-true,0,speaker_disjoint_split,1,0.6260249850606494,1,0.6761484945904771
11144.json,donald-trump,false,1,speaker_disjoint_split,1,0.5807691894429027,1,0.6007413982785779
2110.json,yvette-mcgee-brown,true,0,speaker_disjoint_split,0,0.21616937341386083,0,0.27493409490271875
8965.json,richard-durbin,pants-fire,1,speaker_disjoint_split,0,0.3115729000975123,0,0.23127005267530254
2985.json,john-mccain,true,0,speaker_disjoint_split,1,0.535617191173355,1,0.5771527238545695
4286.json,democratic-congressional-campaign-committee,false,1,speaker_disjoint_split,1,0.6081349901941785,1,0.6724892994220792
4447.json,hetty-rosenstein,half-true,0,speaker_disjoint_split,0,0.3772492628280042,0,0.2795518816158291
11566.json,carly-fiorina,half-true,0,speaker_disjoint_split,1,0.6580711945325844,0,0.4194451935235559
8824.json,ann-coulter,half-true,0,speaker_disjoint_split,1,0.8459433975814615,1,0.7302277072899638
453.json,john-mccain,half-true,0,speaker_disjoint_split,1,0.5206035897521991,1,0.5872758790816354
9748.json,blog-posting,pants-fire,1,speaker_disjoint_split,1,0.7692371823921593,1,0.865054878334654
8703.json,glenn-beck,mostly-true,0,speaker_disjoint_split,1,0.6756795940818743,1,0.6540458954174326
13378.json,chris-malone,pants-fire,1,speaker_disjoint_split,0,0.4364074680709703,0,0.47548275178220495
920.json,national-republican-congressional-committee,mostly-true,0,speaker_disjoint_split,0,0.4958691034666139,1,0.5462573619619989
8615.json,charlie-crist,mostly-true,0,speaker_disjoint_split,0,0.46510154593064273,0,0.43243357635448676
1820.json,michael-steele,true,0,speaker_disjoint_split,1,0.5672801093559524,0,0.49579993799604916
8204.json,kathleen-vinehout,half-true,0,speaker_disjoint_split,0,0.37460466722560987,0,0.4373157059966945
7332.json,keith-faber,half-true,0,speaker_disjoint_split,0,0.16417154880870788,0,0.3493446626181111
2672.json,scott-walker,barely-true,1,speaker_disjoint_split,0,0.43704824727422437,1,0.5377067103188727
4402.json,democratic-congressional-campaign-committee,barely-true,1,speaker_disjoint_split,1,0.7169976951052651,1,0.7049772769937815
10513.json,lori-haas,half-true,0,speaker_disjoint_split,0,0.3144896797438938,0,0.2653474686544286
11399.json,club-growth,true,0,speaker_disjoint_split,1,0.5910119627606846,1,0.6623764024192988
8903.json,charlie-crist,false,1,speaker_disjoint_split,1,0.6086500887535766,1,0.5442377079483424
3599.json,joaquin-castro,barely-true,1,speaker_disjoint_split,1,0.710913595511454,1,0.8325583263680411
1895.json,florida-first-initiative,barely-true,1,speaker_disjoint_split,1,0.6691438061743887,1,0.7634811418260027
10353.json,naha-daily,pants-fire,1,speaker_disjoint_split,1,0.5512428699582158,0,0.3876136837632308
8765.json,carly-fiorina,false,1,speaker_disjoint_split,0,0.39577137656406836,0,0.2671078686613036
7422.json,wayne-lapierre,barely-true,1,speaker_disjoint_split,1,0.7100669204327308,0,0.41980549383919613
12022.json,bernie-s,false,1,speaker_disjoint_split,0,0.3920134118900457,1,0.50774635595211
613.json,john-mccain,mostly-true,0,speaker_disjoint_split,1,0.6079364251628311,0,0.45927847919320475
6481.json,national-republican-congressional-committee,pants-fire,1,speaker_disjoint_split,1,0.5466799256371883,1,0.6347885034180275
573.json,john-mccain,false,1,speaker_disjoint_split,0,0.3810188279135106,1,0.5109483601074284
822.json,republican-party-florida,false,1,speaker_disjoint_split,1,0.5494302135090218,0,0.3637049337872597
12560.json,donald-trump,pants-fire,1,speaker_disjoint_split,1,0.629280612382794,1,0.5503018253823009
12743.json,donald-trump,barely-true,1,speaker_disjoint_split,0,0.4579059140126661,0,0.4570511099545297
1377.json,hank-gilbert,half-true,0,speaker_disjoint_split,1,0.5162167273433024,0,0.2115044310479832
9605.json,angel-taveras,mostly-true,0,speaker_disjoint_split,1,0.6565418400866234,1,0.72767225211501
13149.json,donald-trump,barely-true,1,speaker_disjoint_split,1,0.7187138753823912,1,0.5616690914355442
10233.json,enough-already-wisconsin-inc,false,1,speaker_disjoint_split,0,0.26562600862747254,0,0.44066394631800104
164.json,bill-richardson,half-true,0,speaker_disjoint_split,1,0.616835597602929,1,0.6584380146366672
551.json,ralph-nader,true,0,speaker_disjoint_split,1,0.5475372967412947,0,0.3101614983603949
10566.json,texas-democratic-party,mostly-true,0,speaker_disjoint_split,0,0.318641302060503,1,0.5682207020144954
11315.json,donald-trump,mostly-true,0,speaker_disjoint_split,0,0.45638473193824347,1,0.5108894129071209
4551.json,john-fleming,false,1,speaker_disjoint_split,0,0.46264709824326705,1,0.5343351265454088
6394.json,steve-doell,mostly-true,0,speaker_disjoint_split,0,0.3641295788572668,0,0.299579195842498
4449.json,valerie-vainieri-huttle,barely-true,1,speaker_disjoint_split,1,0.5403902554932469,0,0.4777784903562298
7500.json,national-republican-congressional-committee,pants-fire,1,speaker_disjoint_split,1,0.719118221318841,1,0.6031012534375656
10044.json,scott-walker,false,1,speaker_disjoint_split,0,0.08553043711398503,0,0.08767115742119569
10161.json,dan-patrick,barely-true,1,speaker_disjoint_split,1,0.7775840735611544,1,0.5720162183936268
9926.json,lois-frankel,pants-fire,1,speaker_disjoint_split,1,0.6102050447278536,1,0.6114403515162211
7489.json,debbie-wasserman-schultz,true,0,speaker_disjoint_split,1,0.7279193154288094,1,0.6386989446916571
13389.json,michelle-mosby,half-true,0,speaker_disjoint_split,0,0.3066597416043006,0,0.36153294231358846
1159.json,rush-limbaugh,pants-fire,1,speaker_disjoint_split,1,0.7541873720221373,1,0.6198492477901939
4464.json,ted-piccolo,false,1,speaker_disjoint_split,1,0.5398172988061462,1,0.700290722591396
719.json,john-mccain,false,1,speaker_disjoint_split,1,0.6917085507129034,1,0.5180507807284205
11460.json,dan-patrick,pants-fire,1,speaker_disjoint_split,0,0.3929592037985415,0,0.2845623146982338
5889.json,scott-walker,barely-true,1,speaker_disjoint_split,1,0.6054357183384887,1,0.7110554652428807
798.json,john-mccain,half-true,0,speaker_disjoint_split,1,0.8099312963560494,1,0.6036472735810731
1366.json,karl-rove,mostly-true,0,speaker_disjoint_split,0,0.41558770373013687,0,0.43523088892698764
2397.json,national-republican-congressional-committee,barely-true,1,speaker_disjoint_split,1,0.6770404795865862,1,0.7647572989548562
12206.json,bill-clinton,barely-true,1,speaker_disjoint_split,1,0.5290331117919784,0,0.32612124833946937
13404.json,donald-trump,false,1,speaker_disjoint_split,1,0.5941955386413614,1,0.5847850831778595
710.json,john-mccain,barely-true,1,speaker_disjoint_split,0,0.21186171378190008,0,0.3044560658534015
1882.json,nathan-deal,mostly-true,0,speaker_disjoint_split,1,0.5734571825995508,1,0.647413393576216
1548.json,charlie-crist,barely-true,1,speaker_disjoint_split,0,0.4183092030234873,0,0.3459291615831696
1643.json,charlie-crist,true,0,speaker_disjoint_split,0,0.4530044644499504,0,0.4312463952317042
10590.json,scott-walker,false,1,speaker_disjoint_split,0,0.19462760979535573,0,0.14897841602665426
6048.json,bill-clinton,mostly-true,0,speaker_disjoint_split,1,0.534392420356999,0,0.4388809997504698
8380.json,chris-latvala,true,0,speaker_disjoint_split,0,0.37426666864437175,0,0.1996665005565855
3392.json,john-mccain,false,1,speaker_disjoint_split,0,0.2800164793232947,0,0.3820661600567419
12915.json,gary-johnson,barely-true,1,speaker_disjoint_split,0,0.2298136445540671,0,0.28970497757439934
2093.json,joe-biden,true,0,speaker_disjoint_split,1,0.7536474308590645,1,0.6795404858620334
12658.json,donald-trump,mostly-true,0,speaker_disjoint_split,0,0.4341931220825024,0,0.4394558329620861
1625.json,charlie-crist,half-true,0,speaker_disjoint_split,0,0.349970323557252,0,0.48078617234514276
9275.json,wilton-gregory,mostly-true,0,speaker_disjoint_split,0,0.3034505580518349,1,0.5744630753597545
1459.json,ron-paul,barely-true,1,speaker_disjoint_split,0,0.4107507949849616,0,0.2918598130035083
10267.json,tim-kaine,mostly-true,0,speaker_disjoint_split,1,0.5001360916673292,0,0.4514050716685677
9496.json,joe-biden,half-true,0,speaker_disjoint_split,0,0.4243339031237978,0,0.3933861277684011
5943.json,beth-harwell,half-true,0,speaker_disjoint_split,0,0.3387443835509154,0,0.414062387678878
10850.json,megyn-kelly,half-true,0,speaker_disjoint_split,0,0.4554683479405278,0,0.396460651696397
11390.json,ben-carson,false,1,speaker_disjoint_split,1,0.798994041824824,1,0.7881864170697715
6819.json,ann-coulter,false,1,speaker_disjoint_split,1,0.5777172499947063,1,0.6466904529038568
4290.json,sam-olens,true,0,speaker_disjoint_split,0,0.33605380070606533,0,0.39150097214504803
13492.json,donald-trump,pants-fire,1,speaker_disjoint_split,1,0.5607150727053045,1,0.6599849881953231
7595.json,mark-kelly,true,0,speaker_disjoint_split,0,0.2581341188368543,0,0.4036090825240545
9563.json,scott-walker,mostly-true,0,speaker_disjoint_split,0,0.39476096060035226,0,0.3784682161114688
8641.json,james-carville,mostly-true,0,speaker_disjoint_split,0,0.43837317090392974,0,0.4584873448809421
5261.json,scott-walker,half-true,0,speaker_disjoint_split,0,0.45640583707129595,0,0.3922712205891867
2780.json,robert-brown,true,0,speaker_disjoint_split,1,0.5929350865446967,0,0.43978273848720495
2996.json,louie-gohmert,false,1,speaker_disjoint_split,1,0.5305214980108939,0,0.4835605547063704
13394.json,donald-trump,half-true,0,speaker_disjoint_split,0,0.3909235274013792,0,0.47982733684603474
3335.json,scott-walker,true,0,speaker_disjoint_split,0,0.26221079093558264,1,0.5595832351103758
8940.json,lauren-kane,half-true,0,speaker_disjoint_split,1,0.6929843058546781,0,0.37768822990179146
12352.json,donald-trump,false,1,speaker_disjoint_split,0,0.2808552616576749,1,0.5571223587979028
13263.json,bernie-s,half-true,0,speaker_disjoint_split,1,0.5615671704518161,0,0.47147046551502747
12622.json,michael-cohen,pants-fire,1,speaker_disjoint_split,1,0.5731605288298853,1,0.8121732367037333
3675.json,jon-husted,pants-fire,1,speaker_disjoint_split,0,0.2614177581600357,0,0.3198956992524357
12907.json,tim-kaine,half-true,0,speaker_disjoint_split,1,0.54821223668078,1,0.5077899576035808
11627.json,bernie-s,true,0,speaker_disjoint_split,0,0.40739145557288314,0,0.3753781654950671
10960.json,breitbart,pants-fire,1,speaker_disjoint_split,1,0.5897596326618865,1,0.6837061178218989
3965.json,chris-widener,barely-true,1,speaker_disjoint_split,0,0.46883464807745673,1,0.5040362541117736
12905.json,donald-trump,half-true,0,speaker_disjoint_split,0,0.4768147499939339,1,0.5570924639304123
1221.json,patients-first,barely-true,1,speaker_disjoint_split,0,0.4320404003109373,1,0.5111152313628771
11520.json,ben-carson,false,1,speaker_disjoint_split,1,0.5059029966920455,0,0.38135953466970035
8048.json,bill-foster,mostly-true,0,speaker_disjoint_split,0,0.17522864848741063,0,0.13347823480160462
7854.json,national-republican-congressional-committee,barely-true,1,speaker_disjoint_split,1,0.6760246071852806,1,0.8427658473791405
3592.json,online-petition,mostly-true,0,speaker_disjoint_split,0,0.4161114173996575,0,0.43491796848111225
13259.json,national-republican-congressional-committee,mostly-true,0,speaker_disjoint_split,1,0.7975214945352241,1,0.6441326614175674
5232.json,ohio-republican-party,true,0,speaker_disjoint_split,0,0.2899162225459003,1,0.7579175779086931
13240.json,donald-trump,false,1,speaker_disjoint_split,1,0.5452151227602234,1,0.500603086790361
4334.json,donna-brazile,mostly-true,0,speaker_disjoint_split,0,0.2288700696539087,0,0.31345152763709383
4493.json,gary-johnson,false,1,speaker_disjoint_split,1,0.6184664947515125,0,0.39796198325789456
4906.json,scott-walker,false,1,speaker_disjoint_split,1,0.526769221947089,0,0.4066689269759409
13261.json,donald-trump,pants-fire,1,speaker_disjoint_split,0,0.24378534361301166,0,0.3749787614020062
1137.json,david-axelrod,mostly-true,0,speaker_disjoint_split,1,0.5399084852374876,1,0.566645302861037
1413.json,joe-biden,false,1,speaker_disjoint_split,0,0.21434279655107097,0,0.2533581156394164
838.json,john-mccain,half-true,0,speaker_disjoint_split,1,0.6906453474260232,1,0.7786212598223079
12674.json,mike-turzai,half-true,0,speaker_disjoint_split,0,0.37265513266049893,1,0.6044377867430167
13212.json,donald-trump,mostly-true,0,speaker_disjoint_split,0,0.4566314029511657,1,0.6417667582920747
3964.json,michael-cutler,true,0,speaker_disjoint_split,1,0.508549063904872,1,0.5148660340194847
6920.json,joe-biden,half-true,0,speaker_disjoint_split,0,0.4232085688170389,0,0.38595815357288143
11756.json,donald-trump,false,1,speaker_disjoint_split,0,0.38267404019611,0,0.2964324488039262
9817.json,republican-party-florida,half-true,0,speaker_disjoint_split,0,0.4501889249837148,0,0.29807579228687253
11039.json,bernie-s,barely-true,1,speaker_disjoint_split,0,0.1485349768946128,0,0.11534577248808767
2007.json,john-mccain,barely-true,1,speaker_disjoint_split,0,0.4296693869602011,0,0.4662019692930003
12513.json,donald-trump,mostly-true,0,speaker_disjoint_split,1,0.6179832149361612,1,0.753510785943161
3294.json,scott-walker,false,1,speaker_disjoint_split,1,0.7568492854694502,0,0.4669903736354709
13111.json,donald-trump,half-true,0,speaker_disjoint_split,1,0.54237584622474,1,0.5114682425708877
3729.json,nina-turner,true,0,speaker_disjoint_split,1,0.5612576937808237,0,0.46735539177427554
1249.json,jay-rockefeller,half-true,0,speaker_disjoint_split,0,0.25213785460530014,0,0.18709870742086596
9505.json,scott-walker,false,1,speaker_disjoint_split,1,0.6696932972036056,1,0.5800295479059938
13257.json,katherine-cloonen,pants-fire,1,speaker_disjoint_split,1,0.7200782844494389,1,0.8069108250472998
5154.json,restore-our-future,half-true,0,speaker_disjoint_split,1,0.671515221338192,0,0.4996604217966196
4620.json,david-axelrod,mostly-true,0,speaker_disjoint_split,0,0.46729523214096896,0,0.3130385820163713
12124.json,bill-clinton,mostly-true,0,speaker_disjoint_split,0,0.1959242946205867,0,0.19303692959500182
12053.json,donald-trump,false,1,speaker_disjoint_split,0,0.32425917559698,0,0.4300107661982212
11378.json,carly-fiorina,mostly-true,0,speaker_disjoint_split,1,0.5146563671283435,0,0.35996940425250173
3630.json,state-democratic-party-wisconsin,false,1,speaker_disjoint_split,1,0.7804772515900945,1,0.8563095521604634
12944.json,tim-kaine,true,0,speaker_disjoint_split,0,0.24211942001490194,0,0.34059691045343155
7682.json,texas-state-employees-union,true,0,speaker_disjoint_split,0,0.4073822063722111,0,0.4284064944022836
12302.json,shawn-oconnor,pants-fire,1,speaker_disjoint_split,0,0.35074914340922936,0,0.4791284974530894
4154.json,victoria-jackson,pants-fire,1,speaker_disjoint_split,1,0.5037662239508548,0,0.4658254983985894
11204.json,ben-carson,half-true,0,speaker_disjoint_split,1,0.592962587870648,0,0.43199788156758473
8802.json,scott-walker,mostly-true,0,speaker_disjoint_split,0,0.3420833570456682,0,0.302266632066362
557.json,john-mccain,false,1,speaker_disjoint_split,1,0.6305416197215374,0,0.4735598128913074
7513.json,bob-bennett,mostly-true,0,speaker_disjoint_split,0,0.22964047688850892,0,0.3588490207842392
5366.json,stephen-sweeney,false,1,speaker_disjoint_split,1,0.5083865348730127,0,0.3849697460646608
12782.json,bill-clinton,mostly-true,0,speaker_disjoint_split,1,0.6586856163238659,1,0.6921026313415525
12491.json,donald-trump,barely-true,1,speaker_disjoint_split,1,0.7315124180474982,0,0.4723642259868412
7576.json,charles-cooper,half-true,0,speaker_disjoint_split,0,0.37052840036798634,0,0.34239142545383605
134.json,john-mccain,true,0,speaker_disjoint_split,0,0.4772536482607018,1,0.6355349727798848
9173.json,nathan-deal,half-true,0,speaker_disjoint_split,1,0.6463970441064918,0,0.4530555571424686
988.json,keith-olbermann,mostly-true,0,speaker_disjoint_split,1,0.5257972803730631,0,0.48812878450960356
11225.json,ben-carson,half-true,0,speaker_disjoint_split,0,0.31218006589448066,1,0.5658992083687743
619.json,john-mccain,false,1,speaker_disjoint_split,1,0.5046378401585837,0,0.4129331997702321
9159.json,republican-party-florida,mostly-true,0,speaker_disjoint_split,0,0.26545597754689004,0,0.2779997833143488
12339.json,pat-mccrory,pants-fire,1,speaker_disjoint_split,1,0.6091777118001083,1,0.5384453531308887
11800.json,glenn-beck,true,0,speaker_disjoint_split,1,0.5388439765796088,0,0.4184499430225881
13497.json,donald-trump,pants-fire,1,speaker_disjoint_split,1,0.5339719007832268,1,0.5831293525935145
7265.json,scott-walker,half-true,0,speaker_disjoint_split,1,0.5183865116100455,1,0.6111613650509167
11700.json,donald-trump,false,1,speaker_disjoint_split,0,0.49261352379344153,1,0.6040047834169551
6111.json,debbie-wasserman-schultz,false,1,speaker_disjoint_split,0,0.4507287182013067,1,0.5115757168888887
5133.json,marsha-blackburn,barely-true,1,speaker_disjoint_split,1,0.5167640443820826,1,0.6524472523581234
334.json,john-mccain,mostly-true,0,speaker_disjoint_split,0,0.35592724943613513,0,0.3617558675971897
7365.json,david-cicilline,half-true,0,speaker_disjoint_split,0,0.1578452634287004,0,0.128054679801833
943.json,john-mccain,true,0,speaker_disjoint_split,0,0.329889351008034,0,0.2691839723648972
5675.json,republican-governors-association,barely-true,1,speaker_disjoint_split,0,0.42449111827635344,0,0.31755025211978466
12566.json,donald-trump,false,1,speaker_disjoint_split,1,0.8115523292937936,1,0.8380452876270511
12308.json,donald-trump,half-true,0,speaker_disjoint_split,1,0.5649170340442126,1,0.598247250329754
2239.json,john-stemberger,false,1,speaker_disjoint_split,1,0.6265433208354562,1,0.5034505157264633
11451.json,elton-john,mostly-true,0,speaker_disjoint_split,1,0.5412383812606353,1,0.6278123348767266
1401.json,debra-medina,half-true,0,speaker_disjoint_split,1,0.6179258720763564,1,0.584383544117416
1611.json,bob-schieffer,false,1,speaker_disjoint_split,0,0.4616583668583517,0,0.46920026949983284
5157.json,judy-manning,pants-fire,1,speaker_disjoint_split,0,0.3948583505527696,0,0.31826848861309887
2408.json,republican-governors-association,barely-true,1,speaker_disjoint_split,1,0.5101920575073171,1,0.5492066433536172
671.json,joe-biden,true,0,speaker_disjoint_split,0,0.48976406796192945,1,0.5083165425880786
7277.json,bernie-s,barely-true,1,speaker_disjoint_split,0,0.3122975100785455,0,0.1781703621367621
10118.json,charlie-crist,false,1,speaker_disjoint_split,1,0.7180769839391177,1,0.6491359239274628
12228.json,jan-brewer,barely-true,1,speaker_disjoint_split,1,0.5443306711647795,0,0.3264296812621886
11771.json,bernie-s,barely-true,1,speaker_disjoint_split,1,0.649742332355927,1,0.7218834173283496
12281.json,unbreakable-kimmy-schmidt,false,1,speaker_disjoint_split,1,0.5333191110969839,0,0.49507728472694945
10169.json,color-change,barely-true,1,speaker_disjoint_split,1,0.6566654790590218,1,0.6511365035155626
914.json,joe-barton,true,0,speaker_disjoint_split,1,0.5742496767772051,0,0.4580992584895763
286.json,john-mccain,half-true,0,speaker_disjoint_split,0,0.4013646702017902,0,0.1884728817804161
780.json,john-mccain,true,0,speaker_disjoint_split,1,0.7361706822235913,1,0.7404101652623528
4637.json,stephen-sweeney,half-true,0,speaker_disjoint_split,0,0.4379096488913561,1,0.5575739588241572
9340.json,campaign-liberty,barely-true,1,speaker_disjoint_split,1,0.712796547685417,1,0.8690428014765207
7102.json,lamar-alexander,false,1,speaker_disjoint_split,0,0.4286069047587482,0,0.33716096006078206
3269.json,lynn-westmoreland,half-true,0,speaker_disjoint_split,0,0.43842503090580565,0,0.3006432791013968
3487.json,karl-rove,false,1,speaker_disjoint_split,1,0.5157172472569517,1,0.6160145379488218
7460.json,nancy-devaney,mostly-true,0,speaker_disjoint_split,0,0.2745014450250009,0,0.45702911909817817
6050.json,nathan-deal,false,1,speaker_disjoint_split,1,0.8269768814847317,1,0.5705181632158154
11319.json,ben-carson,pants-fire,1,speaker_disjoint_split,1,0.5330590074217167,0,0.27558131675769804
11085.json,donald-trump,false,1,speaker_disjoint_split,0,0.47597814283819906,1,0.6092509667716939
2213.json,kevin-boyce,true,0,speaker_disjoint_split,0,0.43452081320952923,1,0.5167390872834771
5722.json,susan-combs,pants-fire,1,speaker_disjoint_split,0,0.41202887407371985,0,0.2944119182829483
12242.json,bernie-s,mostly-true,0,speaker_disjoint_split,1,0.5416475525314216,1,0.6758611537758329
7766.json,gilberto-hinojosa,mostly-true,0,speaker_disjoint_split,0,0.35008620252912814,0,0.245405228753741
12825.json,tim-kaine,true,0,speaker_disjoint_split,0,0.4103242437586257,1,0.5513853340407893
8034.json,scott-walker,mostly-true,0,speaker_disjoint_split,0,0.3996550484652868,0,0.45662375685821555
1306.json,glenn-beck,false,1,speaker_disjoint_split,1,0.7072020077866616,1,0.5925104861888449
2320.json,debbie-wasserman-schultz,barely-true,1,speaker_disjoint_split,1,0.7000578148580177,1,0.6470255911362155
7253.json,club-growth,false,1,speaker_disjoint_split,0,0.3252117763874392,0,0.3087776974041654
2670.json,david-cicilline,mostly-true,0,speaker_disjoint_split,1,0.7127174667225776,1,0.5201309561304606
8430.json,florida-stop-common-core-coalition,pants-fire,1,speaker_disjoint_split,0,0.31052226395272925,1,0.5560133435509531
6025.json,scott-walker,half-true,0,speaker_disjoint_split,1,0.5446589891592988,1,0.5542561759260473
5706.json,john-kasich,true,0,speaker_disjoint_split,1,0.50343997376646,1,0.5543724982846396
4335.json,jonathan-steitz,false,1,speaker_disjoint_split,1,0.612304665108348,1,0.5115545670688377
7861.json,derek-ryan,true,0,speaker_disjoint_split,0,0.2912550733590764,0,0.2909863265328107
5747.json,peter-defazio,true,0,speaker_disjoint_split,0,0.44022887965722207,0,0.2578195943335847
12514.json,nevada-assembly-republican-candidates,false,1,speaker_disjoint_split,1,0.6129862026993054,1,0.7676450549913045
4297.json,susan-combs,false,1,speaker_disjoint_split,0,0.32783563922414494,1,0.5508507543250812
10526.json,joe-biden,pants-fire,1,speaker_disjoint_split,0,0.4546462664391327,0,0.26023333402694915
13071.json,donald-trump,pants-fire,1,speaker_disjoint_split,1,0.7022904179918062,0,0.4636164301742529
5391.json,texas-democratic-party,true,0,speaker_disjoint_split,1,0.5268254431008421,1,0.7206517281014402
10357.json,louie-gohmert,false,1,speaker_disjoint_split,0,0.3329533906943427,0,0.3250095099473103
11709.json,bernie-s,true,0,speaker_disjoint_split,0,0.27782104807581415,0,0.339750996135414
6915.json,ohio-republican-party,barely-true,1,speaker_disjoint_split,1,0.6565138694560653,1,0.8341642731965471
8952.json,david-cicilline,mostly-true,0,speaker_disjoint_split,0,0.20422338183969177,0,0.14097634713506607
10475.json,megyn-kelly,true,0,speaker_disjoint_split,1,0.7518096568335378,1,0.5378804170392775
12289.json,bernie-s,true,0,speaker_disjoint_split,1,0.520012138362515,1,0.6038400966313339
8911.json,oregon-citizens-lobby,false,1,speaker_disjoint_split,1,0.5652303747368992,1,0.6549350076416971
589.json,john-mccain,half-true,0,speaker_disjoint_split,0,0.46546721151903525,1,0.526539227672395
12664.json,firearms-policy-coalition,barely-true,1,speaker_disjoint_split,1,0.6788373656568432,1,0.6696410154393128
1896.json,donna-brazile,false,1,speaker_disjoint_split,1,0.5135514887921674,1,0.6358846757897569
7553.json,scott-walker,half-true,0,speaker_disjoint_split,1,0.5938567674249368,1,0.5927442172248416
8222.json,libertarian-party-broward-county,false,1,speaker_disjoint_split,0,0.2793603973499302,0,0.24648909516152245
12544.json,donald-trump,barely-true,1,speaker_disjoint_split,0,0.32038783468888,0,0.43380426395727867
5464.json,ron-paul,mostly-true,0,speaker_disjoint_split,1,0.6156356452977354,0,0.39186395434010296
6864.json,jim-kyle,false,1,speaker_disjoint_split,0,0.37212521969631107,0,0.33621246716374287
11642.json,donald-trump,pants-fire,1,speaker_disjoint_split,0,0.3755058471573694,1,0.5141782670457845
9352.json,major-garrett,true,0,speaker_disjoint_split,0,0.3690478167950587,0,0.3581787857580974
9371.json,charlie-crist,half-true,0,speaker_disjoint_split,1,0.5922564595940226,0,0.4854685845082957
5804.json,tom-rooney,barely-true,1,speaker_disjoint_split,1,0.6341440192562201,1,0.6966661401227332
6636.json,debbie-wasserman-schultz,pants-fire,1,speaker_disjoint_split,1,0.654404588181794,1,0.5268140580312024
10154.json,scott-walker,mostly-true,0,speaker_disjoint_split,1,0.5949767956045606,1,0.5479091979291596
13201.json,tim-kaine,half-true,0,speaker_disjoint_split,1,0.6176335865195096,1,0.5907116924688701
12746.json,donald-trump,half-true,0,speaker_disjoint_split,0,0.3808440171114925,1,0.6339105392877902
4914.json,club-growth,half-true,0,speaker_disjoint_split,0,0.353357988068698,1,0.5817870438112283
3822.json,anti-defamation-league,half-true,0,speaker_disjoint_split,0,0.30780142134206073,1,0.5436842788280569
8009.json,larry-elder,false,1,speaker_disjoint_split,1,0.617326988380433,1,0.5549867254524509
11136.json,bill-oreilly,mostly-true,0,speaker_disjoint_split,1,0.5480526006985322,1,0.6982789177505471
13050.json,william-weld,half-true,0,speaker_disjoint_split,0,0.2680023280031202,0,0.3017109781304617
4463.json,new-jersey-sierra-club,half-true,0,speaker_disjoint_split,0,0.2858146972461875,0,0.35360741993399725
13282.json,donald-trump,barely-true,1,speaker_disjoint_split,0,0.22434079114672767,0,0.22120647884858294
6996.json,promote-oregon-leadership-pac-oregon-house-republi,barely-true,1,speaker_disjoint_split,1,0.6637580791867072,0,0.4627854554360707
2697.json,jeff-merkley,half-true,0,speaker_disjoint_split,1,0.6596615358765754,0,0.383913086936692
12333.json,donald-trump,pants-fire,1,speaker_disjoint_split,1,0.7485923062433819,1,0.5137300600721689
2521.json,bob-gibbs,false,1,speaker_disjoint_split,1,0.5456262985292084,1,0.6070040317944313
1316.json,rush-limbaugh,half-true,0,speaker_disjoint_split,1,0.5032447521215118,1,0.7360633183264502
436.json,john-mccain,barely-true,1,speaker_disjoint_split,0,0.23292827422073767,0,0.4385961621807122
4415.json,bill-pascrell,mostly-true,0,speaker_disjoint_split,0,0.36882245193440694,0,0.24443903785508247
4707.json,robert-menendez,false,1,speaker_disjoint_split,0,0.28578824941123837,0,0.19272864561026803
10826.json,scott-walker,false,1,speaker_disjoint_split,0,0.43473518649170223,1,0.6161967808274756
3403.json,john-kasich,true,0,speaker_disjoint_split,0,0.27213293430100033,0,0.4176392920452107
6430.json,american-commitment,barely-true,1,speaker_disjoint_split,1,0.6621009854654001,1,0.872075083887524
13062.json,donald-trump,mostly-true,0,speaker_disjoint_split,0,0.23633591548929359,0,0.4476476633553296
12091.json,new-hampshire-republican-party,mostly-true,0,speaker_disjoint_split,0,0.4131454082263366,0,0.3187656559969955
6349.json,lights-liberty,barely-true,1,speaker_disjoint_split,1,0.5882486708848766,1,0.500440099637811
13248.json,william-ruto,false,1,speaker_disjoint_split,0,0.32199486578769615,0,0.29896060721236034
4652.json,eileen-brady,false,1,speaker_disjoint_split,1,0.7665962465312913,0,0.48516242060543013
5411.json,ron-paul,pants-fire,1,speaker_disjoint_split,0,0.42557515073448104,0,0.37438311251080275
1533.json,lamar-alexander,half-true,0,speaker_disjoint_split,1,0.5214311769303547,0,0.4553066047546558
13072.json,tim-kaine,true,0,speaker_disjoint_split,1,0.5706623851634943,0,0.42112843418301255
12941.json,tim-kaine,barely-true,1,speaker_disjoint_split,0,0.4114729617826498,0,0.3644328240534829
9531.json,state-democratic-party-wisconsin,barely-true,1,speaker_disjoint_split,0,0.39652868371130917,0,0.42448866481712216
3872.json,democratic-congressional-campaign-committee,false,1,speaker_disjoint_split,0,0.4772954598711187,1,0.5941625808368877
2632.json,john-kasich,false,1,speaker_disjoint_split,1,0.5483965647997462,1,0.5449486055713697
11591.json,donald-trump,pants-fire,1,speaker_disjoint_split,0,0.4804622248080485,1,0.6801268028378572
1050.json,karl-rove,false,1,speaker_disjoint_split,1,0.6139200839575508,1,0.5689996416626806
8513.json,scott-walker,pants-fire,1,speaker_disjoint_split,0,0.3955486601384557,0,0.38391404635136045
634.json,john-mccain,mostly-true,0,speaker_disjoint_split,1,0.6945967753203035,1,0.5368189324513136
12404.json,vote-no-2,half-true,0,speaker_disjoint_split,0,0.3439985721563678,0,0.23991730065968608
13297.json,colorado-citizens-accountable-government,pants-fire,1,speaker_disjoint_split,1,0.6072620930410627,1,0.5598014315478298
5009.json,michael-chippendale,false,1,speaker_disjoint_split,0,0.4666827910159465,0,0.36941134311402213
11213.json,bill-clinton,mostly-true,0,speaker_disjoint_split,0,0.4446995423539756,1,0.583775290518739
9870.json,jeanne-shaheen,half-true,0,speaker_disjoint_split,0,0.45291901248719707,1,0.5587077379795387
1770.json,michael-bloomberg,true,0,speaker_disjoint_split,0,0.4099550560736529,0,0.44343260246490845
2648.json,maryellen-oshaughnessy,true,0,speaker_disjoint_split,0,0.3565497888238659,0,0.20962644680236636
9439.json,chuck-todd,true,0,speaker_disjoint_split,0,0.30729007020498755,0,0.22162769144423797
751.json,john-mccain,true,0,speaker_disjoint_split,0,0.32179262747962034,0,0.16365371879324478
4028.json,yard-sign,true,0,speaker_disjoint_split,0,0.4915979522497978,0,0.3816038727485261
1173.json,glenn-beck,barely-true,1,speaker_disjoint_split,0,0.44366427430051325,1,0.6017218291246951
2592.json,chris-coons,true,0,speaker_disjoint_split,0,0.4830172193682786,0,0.45550649581008185
4610.json,john-driscoll,barely-true,1,speaker_disjoint_split,1,0.538920243206306,1,0.5608280281162824
1699.json,charlie-crist,half-true,0,speaker_disjoint_split,0,0.442932567966204,1,0.5182557160371593
11038.json,chuck-todd,mostly-true,0,speaker_disjoint_split,0,0.44949221996316086,0,0.4333725057627501
11682.json,donald-trump,barely-true,1,speaker_disjoint_split,1,0.5873779192711911,0,0.4383068463176755
2404.json,patrick-lynch,half-true,0,speaker_disjoint_split,1,0.5912588073477655,1,0.5780303341247497
3420.json,nathan-deal,true,0,speaker_disjoint_split,0,0.130991715956105,0,0.11548145769774017
3407.json,patti-doyle,mostly-true,0,speaker_disjoint_split,0,0.325056208377896,0,0.36127308962662896
5046.json,judy-shiprack-diane-mckeel,half-true,0,speaker_disjoint_split,0,0.42118393218739014,0,0.2952965506370106
1170.json,arne-duncan,false,1,speaker_disjoint_split,1,0.7542220482954095,1,0.6735642430554603
7075.json,robert-menendez,half-true,0,speaker_disjoint_split,0,0.45105123806549485,0,0.37247019631820005
1655.json,lloyd-doggett,true,0,speaker_disjoint_split,0,0.4824469533146032,0,0.4797165794756947
460.json,john-mccain,barely-true,1,speaker_disjoint_split,1,0.7748501041320911,1,0.7088299938128169
7150.json,ken-detzner,mostly-true,0,speaker_disjoint_split,0,0.21540836133368477,0,0.16098408626801683
8956.json,americans-prosperity-georgia-chapter,half-true,0,speaker_disjoint_split,1,0.6549638046135394,1,0.7555079892485713
11650.json,heather-moore,barely-true,1,speaker_disjoint_split,0,0.13611347100991408,0,0.15569443347896694
36.json,john-mccain,barely-true,1,speaker_disjoint_split,0,0.36589118979322777,0,0.22505009622638197
11899.json,bernie-s,true,0,speaker_disjoint_split,0,0.33040260070594474,0,0.29116321865461814
3324.json,scott-walker,mostly-true,0,speaker_disjoint_split,0,0.4356958443194919,0,0.48777416355363284
11452.json,donald-trump,pants-fire,1,speaker_disjoint_split,1,0.5348919618740239,1,0.5451300147665168
10656.json,jess-mcintosh,true,0,speaker_disjoint_split,1,0.7844392991107687,0,0.4617045508878786
11027.json,donald-trump,barely-true,1,speaker_disjoint_split,1,0.5311171354258929,0,0.42505321643884814
11413.json,lynn-westmoreland,false,1,speaker_disjoint_split,1,0.5538351649802404,1,0.5369527418079663
2006.json,jorge-ramos,mostly-true,0,speaker_disjoint_split,0,0.2839642375680825,0,0.2298899225955145
11649.json,joe-donald,mostly-true,0,speaker_disjoint_split,0,0.3713486574537697,0,0.3657262165416668
5477.json,laurie-monnes-anderson,true,0,speaker_disjoint_split,1,0.56101701173113,0,0.38357783233559317
2546.json,jon-husted,false,1,speaker_disjoint_split,0,0.4292825093792165,0,0.38807721749114676
8682.json,charlie-crist,barely-true,1,speaker_disjoint_split,1,0.6383338221302952,1,0.6015635226756019
572.json,john-mccain,barely-true,1,speaker_disjoint_split,1,0.7643718888046698,1,0.7231619992288831
13273.json,donald-trump,false,1,speaker_disjoint_split,1,0.6297725552861312,1,0.5811385758198391
8517.json,charlie-crist,half-true,0,speaker_disjoint_split,1,0.7008557249960934,1,0.6480968350573826
12231.json,bernie-s,mostly-true,0,speaker_disjoint_split,1,0.5306807029502872,0,0.467291360339011
6840.json,robert-menendez,mostly-true,0,speaker_disjoint_split,1,0.606832078127413,1,0.6146737885763975
8647.json,rush-limbaugh,false,1,speaker_disjoint_split,1,0.8051488757745561,1,0.868502693709334
3564.json,david-pepper,mostly-true,0,speaker_disjoint_split,0,0.17167084682393816,0,0.45629132648977366
7882.json,wisconsin-institute-law-liberty,true,0,speaker_disjoint_split,1,0.5263051837231185,0,0.3393007984912005
7829.json,greg-walden,barely-true,1,speaker_disjoint_split,0,0.3968893174015849,0,0.45840198540128996
583.json,john-mccain,half-true,0,speaker_disjoint_split,1,0.635579301805399,1,0.53171572838422
4582.json,scott-walker,half-true,0,speaker_disjoint_split,0,0.32570681541715835,0,0.46239005860941046
3069.json,scott-walker,false,1,speaker_disjoint_split,0,0.46874646259545344,1,0.6811874977074021
13143.json,donald-trump,false,1,speaker_disjoint_split,1,0.5810744912119289,1,0.5350732824985479
10586.json,scott-walker,false,1,speaker_disjoint_split,0,0.369189562914785,0,0.4538685229456887
941.json,john-mccain,mostly-true,0,speaker_disjoint_split,1,0.5444781232889505,1,0.5854946878656562
4409.json,jon-huntsman,half-true,0,speaker_disjoint_split,0,0.25239454122794563,0,0.2353371295383813
12755.json,donald-trump,true,0,speaker_disjoint_split,1,0.6668741624642625,1,0.6525837510688028
11976.json,bernie-s,half-true,0,speaker_disjoint_split,0,0.29764114020075966,0,0.3454732290373306
10675.json,trebor-banstetter,mostly-true,0,speaker_disjoint_split,0,0.1366242889651666,0,0.12490051031562628
12815.json,donald-trump,false,1,speaker_disjoint_split,0,0.3023097825653068,0,0.4420943016948814
10907.json,nathan-deal,true,0,speaker_disjoint_split,0,0.27557160260794444,0,0.3738734643114756
628.json,john-mccain,barely-true,1,speaker_disjoint_split,1,0.5368783001321115,1,0.5627103169600569
601.json,john-mccain,half-true,0,speaker_disjoint_split,0,0.1056747582667169,0,0.19017765205056483
1181.json,joe-wilson,false,1,speaker_disjoint_split,1,0.8694973622248273,1,0.8307122139139156
6595.json,callista-gingrich,barely-true,1,speaker_disjoint_split,1,0.7509728046743441,1,0.7920079387141825
283.json,john-mccain,true,0,speaker_disjoint_split,1,0.7633886606063278,1,0.6920847438392282
9824.json,don-lemon,false,1,speaker_disjoint_split,0,0.2527358676498301,0,0.42318275145959783
12315.json,john-kasich,true,0,speaker_disjoint_split,0,0.322050515533349,0,0.3607300182740357
3973.json,david-axelrod,half-true,0,speaker_disjoint_split,0,0.25487291793516037,0,0.19732727491288826
4065.json,scott-walker,false,1,speaker_disjoint_split,0,0.3122019589437889,0,0.4419121513223785
13121.json,donald-trump,false,1,speaker_disjoint_split,1,0.5276462199804304,1,0.779639413689889
5208.json,ken-cuccinelli,pants-fire,1,speaker_disjoint_split,1,0.576625792421102,1,0.7125999566234066
12066.json,pat-mccrory,half-true,0,speaker_disjoint_split,0,0.49098220754513505,1,0.6184535734190678
11340.json,common-sense-kids-action,mostly-true,0,speaker_disjoint_split,0,0.1920345712784697,0,0.16800134229379246
1275.json,ann-coulter,half-true,0,speaker_disjoint_split,1,0.5842492267249295,1,0.5027913148696576
11203.json,israel-oquinn,false,1,speaker_disjoint_split,0,0.3754458470099657,1,0.558163293083277
7267.json,scott-walker,half-true,0,speaker_disjoint_split,0,0.17835539964397779,0,0.12559079669001297
12660.json,state-democratic-party-wisconsin,barely-true,1,speaker_disjoint_split,1,0.5391625478880167,1,0.548235865045054
254.json,john-mccain,mostly-true,0,speaker_disjoint_split,0,0.46655345120782216,0,0.33901232074933346
1298.json,debbie-wasserman-schultz,mostly-true,0,speaker_disjoint_split,1,0.7095679058598882,1,0.6698935359074465
1117.json,donna-brazile,half-true,0,speaker_disjoint_split,0,0.3006816010204093,0,0.38361567548369196
12502.json,john-mccain,mostly-true,0,speaker_disjoint_split,1,0.5940713313277218,0,0.48376777042266866
7774.json,mike-foley,mostly-true,0,speaker_disjoint_split,0,0.3194558492827481,0,0.1363143871504486
1360.json,rush-limbaugh,false,1,speaker_disjoint_split,1,0.5057475828807342,1,0.6109800713340358
4877.json,scott-walker,false,1,speaker_disjoint_split,1,0.5735267179349912,1,0.5189397721206469
11440.json,scott-walker,false,1,speaker_disjoint_split,0,0.43796921036391384,0,0.3030263780693006
484.json,john-mccain,false,1,speaker_disjoint_split,1,0.5227584444489515,0,0.303462906142316
8633.json,heritage-foundation,half-true,0,speaker_disjoint_split,1,0.7262685694613121,1,0.6858771055586086
9826.json,truth-accounting,barely-true,1,speaker_disjoint_split,0,0.4869273316902846,1,0.7242281124166265
10643.json,ken-plum,mostly-true,0,speaker_disjoint_split,1,0.5056444525359763,1,0.5238086964335186
5767.json,jim-cooper,true,0,speaker_disjoint_split,0,0.17052125029490423,0,0.17200274228259804
1604.json,barbara-cargill,barely-true,1,speaker_disjoint_split,0,0.13715236657437946,0,0.14009666928466952
1757.json,janet-napolitano,mostly-true,0,speaker_disjoint_split,0,0.4767435581042403,0,0.4533374705378228
530.json,john-mccain,mostly-true,0,speaker_disjoint_split,0,0.35773389579055176,0,0.34517865320645796
10520.json,peter-defazio,half-true,0,speaker_disjoint_split,1,0.6313649447401964,1,0.6958018871632019
12102.json,club-growth,false,1,speaker_disjoint_split,1,0.7959813709128759,1,0.7874837731299087
12266.json,donald-trump,false,1,speaker_disjoint_split,0,0.3421426914886595,1,0.7689418376221763
12747.json,donald-trump,mostly-true,0,speaker_disjoint_split,1,0.5731817151819047,1,0.6934377861960362
8524.json,charlie-crist,mostly-true,0,speaker_disjoint_split,0,0.28550201762891,0,0.2901670823088832
2351.json,jan-brewer,pants-fire,1,speaker_disjoint_split,0,0.37691059252666526,0,0.42324345470637614
9764.json,scott-walker,mostly-true,0,speaker_disjoint_split,1,0.7084251466483065,0,0.4582261583365546
11457.json,donald-trump,false,1,speaker_disjoint_split,1,0.7343436776785669,1,0.708408032291682
11250.json,bernie-s,true,0,speaker_disjoint_split,0,0.21840104407663039,0,0.15368389637168411
4889.json,ron-paul,barely-true,1,speaker_disjoint_split,1,0.7825543645276579,0,0.4500622720189784
6443.json,peter-defazio,mostly-true,0,speaker_disjoint_split,1,0.6935027833510521,1,0.758554859787567
1463.json,john-mccain,false,1,speaker_disjoint_split,1,0.6707216133503794,0,0.3860197849751929
11534.json,donald-trump,half-true,0,speaker_disjoint_split,0,0.17601986167349218,0,0.43841870015784135
10490.json,susan-shapiro,true,0,speaker_disjoint_split,0,0.22131945634887018,0,0.20949945072082998
6062.json,john-kasich,mostly-true,0,speaker_disjoint_split,1,0.6797707461620142,1,0.6508355350211218
7074.json,steve-lonegan,true,0,speaker_disjoint_split,0,0.36940489404574545,0,0.4453393755018631
2074.json,john-mccain,mostly-true,0,speaker_disjoint_split,0,0.3655743691307692,0,0.3651248214978285
23.json,obama-girl,true,0,speaker_disjoint_split,1,0.756467048573049,1,0.6682180616642877
3310.json,john-kasich,barely-true,1,speaker_disjoint_split,1,0.6810088202711172,1,0.5678919379856202
8410.json,ann-coulter,pants-fire,1,speaker_disjoint_split,1,0.6989153618445105,1,0.6902948337597696
3545.json,roberto-dasilva,mostly-true,0,speaker_disjoint_split,0,0.3465557022282597,0,0.1850802524576823
3521.json,citizens-strong-america,pants-fire,1,speaker_disjoint_split,1,0.64515992245643,0,0.4797335973506523
2241.json,eddie-bernice-johnson,true,0,speaker_disjoint_split,0,0.2670716479812792,0,0.26667477892707286
12111.json,debbie-wasserman-schultz,mostly-true,0,speaker_disjoint_split,0,0.3585674108039131,1,0.5214764119256877
4311.json,jon-huntsman,mostly-true,0,speaker_disjoint_split,0,0.28970427216822303,0,0.3761192213518217
1392.json,hector-uribe,pants-fire,1,speaker_disjoint_split,1,0.7941379678981263,1,0.6831680401550265
10985.json,athens-banner-herald,true,0,speaker_disjoint_split,0,0.1514367883550444,0,0.16848998315617167
12459.json,donald-trump,half-true,0,speaker_disjoint_split,0,0.4734868153337677,1,0.6048138777748436
9980.json,republican-party-florida,barely-true,1,speaker_disjoint_split,0,0.42104482197392235,0,0.4183997418154385
2529.json,john-robitaille,true,0,speaker_disjoint_split,0,0.25386555381340475,0,0.3693321706815615
13235.json,donald-trump,barely-true,1,speaker_disjoint_split,1,0.84009005542348,1,0.7407272106756743
2383.json,david-axelrod,barely-true,1,speaker_disjoint_split,1,0.6310004812382384,1,0.5893040332155066
9988.json,charlie-crist,half-true,0,speaker_disjoint_split,1,0.8434867470617899,1,0.795620300697467
4384.json,blog-posting,pants-fire,1,speaker_disjoint_split,1,0.7329783202574078,1,0.7027892985211088
2080.json,joe-biden,half-true,0,speaker_disjoint_split,1,0.5438306478656805,0,0.3464136833985586
8599.json,grady-judd,mostly-true,0,speaker_disjoint_split,1,0.5898688008250433,0,0.3774836731832109
12088.json,bill-oreilly,false,1,speaker_disjoint_split,0,0.4182268786259499,1,0.8049937996594239
8812.json,louie-gohmert,pants-fire,1,speaker_disjoint_split,0,0.43417949788310245,1,0.5073943715066654
8825.json,national-republican-congressional-committee,mostly-true,0,speaker_disjoint_split,1,0.6063236054562842,1,0.5932984620883048
11889.json,donald-trump,half-true,0,speaker_disjoint_split,1,0.589628744296438,1,0.5776661360196422
10477.json,scott-walker,half-true,0,speaker_disjoint_split,0,0.369189562914785,0,0.4538685229456887
2088.json,john-kasich,true,0,speaker_disjoint_split,0,0.24076110176062004,0,0.3020574603386256
8844.json,nathan-deal,barely-true,1,speaker_disjoint_split,0,0.41993697665631896,1,0.5817170258695453
11507.json,ben-carson,half-true,0,speaker_disjoint_split,0,0.33440143960576635,0,0.3329850968096508
9321.json,ralph-nader,false,1,speaker_disjoint_split,0,0.41165679580160147,0,0.30132386896838975
7076.json,charlie-crist,barely-true,1,speaker_disjoint_split,0,0.3688755432287186,0,0.41870511227256024
4509.json,john-kasich,barely-true,1,speaker_disjoint_split,0,0.42896608982417084,0,0.47577589787187496
4269.json,sam-olens,true,0,speaker_disjoint_split,0,0.28681523896417976,0,0.4992499835379818
9564.json,sean-spicer,pants-fire,1,speaker_disjoint_split,0,0.3735037023852674,1,0.5070663318972355
4730.json,joe-biden,mostly-true,0,speaker_disjoint_split,0,0.3620251531108554,0,0.16501741615761978
9350.json,larry-pratt,false,1,speaker_disjoint_split,1,0.6881570249098578,1,0.6860656623242577
10494.json,don-beyer,mostly-true,0,speaker_disjoint_split,0,0.23453291210968363,0,0.2461380899362876
4788.json,tim-kaine,false,1,speaker_disjoint_split,1,0.7379201535077521,0,0.4556551158982394
7616.json,john-kasich,true,0,speaker_disjoint_split,0,0.30118754966564626,0,0.45083330085207823
677.json,john-mccain,true,0,speaker_disjoint_split,0,0.4669031901431518,0,0.15173548118677538
7522.json,jeff-tittel,half-true,0,speaker_disjoint_split,0,0.27643465967900954,0,0.3456321902915135
12519.json,bernie-s,half-true,0,speaker_disjoint_split,1,0.5158011302062858,0,0.2998357587465465
11999.json,donald-trump,mostly-true,0,speaker_disjoint_split,0,0.49243195563155145,1,0.594360023331496
8494.json,rush-limbaugh,barely-true,1,speaker_disjoint_split,1,0.6686424234141458,1,0.6361427071347288
10877.json,john-mccain,true,0,speaker_disjoint_split,0,0.24516099298099006,0,0.27395966052154036
10426.json,carly-fiorina,barely-true,1,speaker_disjoint_split,1,0.8062689621160828,1,0.532094811071357
11202.json,scott-walker,mostly-true,0,speaker_disjoint_split,0,0.24323744834365307,0,0.36270044765104964
12590.json,donald-trump,barely-true,1,speaker_disjoint_split,0,0.40302548948906064,1,0.6188337193690397
2216.json,john-kasich,half-true,0,speaker_disjoint_split,0,0.450810767093304,0,0.44495344015703925
8462.json,nick-gillespie,mostly-true,0,speaker_disjoint_split,0,0.4382485431825193,0,0.3987947019982394
3853.json,bob-graham,barely-true,1,speaker_disjoint_split,1,0.7250997511080732,1,0.65114619787636
8686.json,republican-party-florida,barely-true,1,speaker_disjoint_split,0,0.3406314216254773,0,0.12160291825346396
12865.json,donald-trump,false,1,speaker_disjoint_split,1,0.7062644775012449,1,0.7176234196323418
11483.json,donald-trump,false,1,speaker_disjoint_split,0,0.4359236514035372,0,0.27037533357532184
4164.json,mike-males,mostly-true,0,speaker_disjoint_split,0,0.3120312293457458,0,0.1784389117989026
12918.json,gary-johnson,half-true,0,speaker_disjoint_split,0,0.4814794123384475,0,0.4162835752499992
2952.json,debbie-wasserman-schultz,true,0,speaker_disjoint_split,0,0.3589129656113084,0,0.42924971288195607
12123.json,bernie-s,mostly-true,0,speaker_disjoint_split,0,0.13279550086309974,0,0.12837065150538557
1586.json,charlie-crist,mostly-true,0,speaker_disjoint_split,0,0.33228273010995696,0,0.47488889043513355
11784.json,carly-fiorina,false,1,speaker_disjoint_split,0,0.43176129123103124,1,0.5846963224318139
452.json,bill-clinton,pants-fire,1,speaker_disjoint_split,0,0.4096463860567849,0,0.42008615823058204
12629.json,donald-trump,false,1,speaker_disjoint_split,0,0.4542073281750283,1,0.5861367168967502
8107.json,tom-cole,mostly-true,0,speaker_disjoint_split,0,0.42270370188043255,0,0.3360462992407976
12874.json,donald-trump,true,0,speaker_disjoint_split,1,0.6421335075798676,1,0.5924533603488682
6075.json,sam-adams,true,0,speaker_disjoint_split,0,0.15770215131784346,0,0.06994095944846394
9684.json,scott-walker,false,1,speaker_disjoint_split,0,0.37450911145793864,0,0.4173669261118876
8665.json,larry-pratt,half-true,0,speaker_disjoint_split,0,0.22373911082435283,0,0.38292478305835975
7898.json,stephen-sweeney,false,1,speaker_disjoint_split,0,0.39900646792976835,0,0.40411659124160526
12531.json,donald-trump,mostly-true,0,speaker_disjoint_split,1,0.50696780320006,1,0.5250333836603908
8281.json,mayors-against-illegal-guns,half-true,0,speaker_disjoint_split,0,0.2920203441584314,0,0.23440445963987833
4470.json,nathan-deal,true,0,speaker_disjoint_split,0,0.3315961949638311,0,0.22292253595143002
12452.json,bernie-s,mostly-true,0,speaker_disjoint_split,0,0.46285274879448723,1,0.6770729381656055
12568.json,donald-trump,false,1,speaker_disjoint_split,1,0.5616136110763765,1,0.5326728320702429
4478.json,scott-walker,pants-fire,1,speaker_disjoint_split,0,0.21886145820100927,0,0.33535456170245614
11821.json,john-mccain,mostly-true,0,speaker_disjoint_split,0,0.4138032155790173,0,0.3330982493744079
1193.json,karl-rove,half-true,0,speaker_disjoint_split,1,0.7949118927185633,1,0.7141460339925717
11045.json,blog-posting,pants-fire,1,speaker_disjoint_split,1,0.8326332812734367,1,0.7622659873382794
4377.json,blog-posting,pants-fire,1,speaker_disjoint_split,0,0.4702528068799856,1,0.7458238138841797
10845.json,alex-mcmurtrie-jr,false,1,speaker_disjoint_split,1,0.6780809421226451,1,0.5736608080712454
11095.json,scott-walker,barely-true,1,speaker_disjoint_split,1,0.5269189583572327,1,0.6535059215118486
8783.json,lloyd-doggett,true,0,speaker_disjoint_split,1,0.5480711576322048,0,0.3097046473671611
5858.json,eileen-brady,true,0,speaker_disjoint_split,1,0.7418181235322928,1,0.6327318550904459
13476.json,blog-posting,false,1,speaker_disjoint_split,1,0.6756454905220055,1,0.8613647460435344
13307.json,donald-trump,false,1,speaker_disjoint_split,0,0.32515628477818603,1,0.5545719218782061
12772.json,bernie-s,mostly-true,0,speaker_disjoint_split,0,0.46304838938145504,0,0.4544402367887416
7262.json,college-presidents,mostly-true,0,speaker_disjoint_split,0,0.39795827679847073,0,0.42921084606625926
9474.json,rush-limbaugh,false,1,speaker_disjoint_split,1,0.5522735156695862,1,0.5769374682782449
2456.json,scott-walker,half-true,0,speaker_disjoint_split,0,0.2893385155327887,0,0.3339199354104039
2896.json,angel-taveras,mostly-true,0,speaker_disjoint_split,0,0.31494760576041797,0,0.29306144770031406
12081.json,donald-trump,false,1,speaker_disjoint_split,1,0.5149027310577513,1,0.5661925617812438
11896.json,donald-trump,pants-fire,1,speaker_disjoint_split,0,0.41818392704198076,1,0.5135371443770473
10771.json,tim-kaine,barely-true,1,speaker_disjoint_split,0,0.25408823596133023,0,0.18234854696813288
3178.json,ron-paul,pants-fire,1,speaker_disjoint_split,1,0.683723354476923,1,0.6688324986807145
273.json,john-mccain,false,1,speaker_disjoint_split,1,0.6151271422784684,0,0.3632288121796568
8142.json,jeff-merkley,mostly-true,0,speaker_disjoint_split,0,0.35062243214188094,0,0.38417131136774524
564.json,john-mccain,mostly-true,0,speaker_disjoint_split,0,0.3797621016456517,1,0.5112199504200039
4675.json,new-jersey-democratic-state-committee,barely-true,1,speaker_disjoint_split,0,0.44625866362575184,0,0.44280298019544706
11535.json,ben-carson,mostly-true,0,speaker_disjoint_split,0,0.2543885855187977,0,0.3127704763600581
8980.json,scott-walker,false,1,speaker_disjoint_split,1,0.5996462270540835,1,0.7119722766909967
10364.json,peter-feigin,false,1,speaker_disjoint_split,1,0.6719494558588616,0,0.46173370417876236
13276.json,donald-trump,pants-fire,1,speaker_disjoint_split,0,0.4362665201092757,1,0.6070118455679365
1597.json,citizens-lower-taxes-and-stronger-economy,half-true,0,speaker_disjoint_split,0,0.4703016746513571,1,0.5176552310969046
13427.json,donald-trump,false,1,speaker_disjoint_split,1,0.5712355649473452,1,0.5195935620093711
10958.json,bernie-s,mostly-true,0,speaker_disjoint_split,0,0.1078138316760489,0,0.19670626900464552
3198.json,bill-oreilly,true,0,speaker_disjoint_split,0,0.3632157334758987,1,0.7691183468645587
11979.json,bernie-s,barely-true,1,speaker_disjoint_split,0,0.3703750077112053,0,0.13181452916821515
11022.json,donna-brazile,mostly-true,0,speaker_disjoint_split,0,0.24587976820434837,0,0.3125140259656176
3247.json,whoopi-goldberg,half-true,0,speaker_disjoint_split,0,0.3713092459290781,0,0.36945590142141554
11309.json,donald-trump,barely-true,1,speaker_disjoint_split,0,0.3509792468443466,0,0.4677289844789428
10934.json,pamela-geller,half-true,0,speaker_disjoint_split,1,0.6522468978169823,1,0.5836131176749557
448.json,john-mccain,barely-true,1,speaker_disjoint_split,0,0.4365585900577559,0,0.3703547124986781
5359.json,restore-our-future,pants-fire,1,speaker_disjoint_split,1,0.6007559001988518,1,0.6595278696907956
1987.json,ron-klein,false,1,speaker_disjoint_split,1,0.6272782612652231,1,0.5805275897368278
6825.json,promote-oregon-leadership-pac-oregon-house-republi,half-true,0,speaker_disjoint_split,1,0.6078024287054264,1,0.6307236824244804
127.json,joe-biden,half-true,0,speaker_disjoint_split,0,0.2715876726504405,0,0.3376363051730738
5173.json,arne-duncan,mostly-true,0,speaker_disjoint_split,0,0.33559514026836534,0,0.4840436053002124
12232.json,john-kasich,mostly-true,0,speaker_disjoint_split,0,0.18425015731540226,0,0.2161781198829305
946.json,john-mccain,false,1,speaker_disjoint_split,0,0.3305544135747248,0,0.3483570766566171
6961.json,oregon-senate-republicans,mostly-true,0,speaker_disjoint_split,1,0.5613609492898641,1,0.6107644866497374
6631.json,kathleen-sebelius,half-true,0,speaker_disjoint_split,1,0.6264438460131214,1,0.6677687172764477
2285.json,sam-rashid,barely-true,1,speaker_disjoint_split,0,0.2683875831176459,0,0.24187109474911972
12536.json,david-beckham,true,0,speaker_disjoint_split,0,0.21807349522963923,0,0.1600099889981832
7860.json,keith-faber,true,0,speaker_disjoint_split,0,0.14541334510671555,0,0.29449420731928994
1949.json,vern-buchanan,true,0,speaker_disjoint_split,0,0.4746974426679557,0,0.3134985538835076
3602.json,jeff-cogen,half-true,0,speaker_disjoint_split,1,0.5793334827572569,1,0.5474536423727082
12299.json,john-kirby,false,1,speaker_disjoint_split,1,0.7658491133104551,1,0.7139303423279515
7400.json,ed-fallone,false,1,speaker_disjoint_split,1,0.5835433589768483,1,0.5737388197771929
783.json,john-mccain,true,0,speaker_disjoint_split,0,0.35501899006615634,0,0.3188427810820426
3549.json,donald-trump,false,1,speaker_disjoint_split,1,0.5530254584526554,1,0.6642137834806912
10006.json,republican-party-florida,barely-true,1,speaker_disjoint_split,1,0.6718641067690094,1,0.5298781916000153
13353.json,donald-trump,barely-true,1,speaker_disjoint_split,1,0.605254661518847,1,0.5015483029936901
12173.json,don-beyer,mostly-true,0,speaker_disjoint_split,0,0.25369875145047965,0,0.4895222204738848
3353.json,john-kasich,true,0,speaker_disjoint_split,0,0.15877327942580216,0,0.22860332096940342
1614.json,orrin-hatch,true,0,speaker_disjoint_split,1,0.6674980290808998,1,0.6627000825629885
6569.json,artur-davis,barely-true,1,speaker_disjoint_split,1,0.7225879130134694,1,0.5147905076085106
9205.json,gary-peters,half-true,0,speaker_disjoint_split,1,0.687005977809153,1,0.5640987678219447
7883.json,dave-joyce,true,0,speaker_disjoint_split,1,0.5757715422001873,1,0.7388975226298031
7205.json,deepwater-wind,true,0,speaker_disjoint_split,1,0.7521393621966694,1,0.6664907291655349
9397.json,john-mccain,mostly-true,0,speaker_disjoint_split,1,0.5030240931167507,0,0.2962080315750787
8515.json,republican-party-florida,barely-true,1,speaker_disjoint_split,0,0.425225690971359,0,0.36359671984075365
6954.json,democratic-congressional-campaign-committee,barely-true,1,speaker_disjoint_split,0,0.44379107682001795,1,0.6053424577045606
1602.json,annise-parker,half-true,0,speaker_disjoint_split,0,0.3592038123673679,0,0.3277132157317563
11673.json,charlotte-nash,true,0,speaker_disjoint_split,0,0.2845281246975236,0,0.25992812653607533
9611.json,blog-posting,pants-fire,1,speaker_disjoint_split,0,0.4651478758891698,1,0.6226664727125074
11107.json,club-growth,true,0,speaker_disjoint_split,1,0.7949214286188095,1,0.6779944219054526
8284.json,se-cupp,half-true,0,speaker_disjoint_split,0,0.45050068256017617,0,0.3489936389906113
12059.json,bernie-s,true,0,speaker_disjoint_split,0,0.20793432026466435,0,0.10499454258713868
12386.json,minka-kelly,half-true,0,speaker_disjoint_split,0,0.3278380317820241,0,0.3847261699249443
676.json,john-mccain,false,1,speaker_disjoint_split,1,0.5238498628855055,1,0.5622009146469212
12753.json,donald-trump,mostly-true,0,speaker_disjoint_split,0,0.47934862166884273,1,0.5557359015225489
3248.json,john-kasich,mostly-true,0,speaker_disjoint_split,0,0.2957029751219543,0,0.4395283830745139
2336.json,scott-walker,barely-true,1,speaker_disjoint_split,0,0.24794937763310015,0,0.23176510635173364
5446.json,national-republican-congressional-committee,half-true,0,speaker_disjoint_split,0,0.19549385254637253,0,0.42109006231139307
7020.json,republican-governors-association,barely-true,1,speaker_disjoint_split,1,0.5188862218707119,1,0.5106475848217525
950.json,tom-coburn,false,1,speaker_disjoint_split,1,0.8119600798317761,1,0.7639087964200695
2927.json,randy-leonard,barely-true,1,speaker_disjoint_split,0,0.3982443093547627,0,0.22649771453548317
12139.json,pat-mccrory,half-true,0,speaker_disjoint_split,0,0.4514437669316498,1,0.5141621187060864
11179.json,donald-trump,false,1,speaker_disjoint_split,1,0.6857427630879981,1,0.7495742350823626
4459.json,david-cicilline,true,0,speaker_disjoint_split,1,0.5533387704922128,0,0.36488492727427396
3655.json,donald-trump,pants-fire,1,speaker_disjoint_split,0,0.4363026590260948,0,0.4873688599449988
5537.json,john-kasich,half-true,0,speaker_disjoint_split,0,0.22342067883142686,0,0.2808426902938458
12711.json,tim-kaine,barely-true,1,speaker_disjoint_split,0,0.4324671712419773,0,0.42874528394296785
9134.json,heather-mcghee,barely-true,1,speaker_disjoint_split,0,0.1876871054038478,0,0.18227406272314067
10195.json,leonard-pitts-jr,half-true,0,speaker_disjoint_split,1,0.5526275253989233,1,0.5700558288756462
1397.json,karl-rove,half-true,0,speaker_disjoint_split,0,0.33108937882072864,0,0.3384425339233042
11329.json,carly-fiorina,mostly-true,0,speaker_disjoint_split,0,0.28218071493085045,0,0.11922550815018576
4015.json,democratic-congressional-campaign-committee,barely-true,1,speaker_disjoint_split,1,0.7705518443072688,1,0.8533600534976613
5298.json,armond-budish,true,0,speaker_disjoint_split,0,0.2740407986294319,0,0.26547755990498567
45.json,bill-richardson,pants-fire,1,speaker_disjoint_split,1,0.576647120382313,1,0.6096770875473531
10752.json,texas-organizing-project,true,0,speaker_disjoint_split,0,0.22372962526765636,0,0.1500602006757298
12032.json,john-kasich,half-true,0,speaker_disjoint_split,0,0.16162628179450886,0,0.2242445891985458
10775.json,rush-limbaugh,barely-true,1,speaker_disjoint_split,1,0.5125029312835581,0,0.4325794055107231
1030.json,colin-powell,half-true,0,speaker_disjoint_split,1,0.6147742812783795,0,0.2967919262568432
5711.json,elizabeth-ames-jones,barely-true,1,speaker_disjoint_split,0,0.4306394072356915,1,0.6435068608449718
11397.json,john-stemberger,false,1,speaker_disjoint_split,1,0.5221742682401181,0,0.4758977126078589
11790.json,john-cortes,true,0,speaker_disjoint_split,1,0.7741111032847614,1,0.7128228523126297
9792.json,john-padgett,true,0,speaker_disjoint_split,0,0.49631421998035824,0,0.3893587147880657
1058.json,ann-coulter,barely-true,1,speaker_disjoint_split,0,0.4757042520278919,1,0.6752814627746448
8912.json,charlie-crist,true,0,speaker_disjoint_split,1,0.7052986248321024,1,0.6557643372735364
824.json,john-mccain,half-true,0,speaker_disjoint_split,1,0.6909718649080224,1,0.7554265010894416
10792.json,jim-lampley,pants-fire,1,speaker_disjoint_split,1,0.5209105799766853,0,0.29061314864537113
5407.json,bill-pascrell,false,1,speaker_disjoint_split,0,0.1574057493833887,0,0.074504715221753
11991.json,bernie-s,mostly-true,0,speaker_disjoint_split,0,0.30829950284117064,0,0.16549309398295867
7457.json,carolyn-medeiros,barely-true,1,speaker_disjoint_split,0,0.3650443339028008,0,0.4003076247052163
13348.json,debbie-wasserman-schultz,false,1,speaker_disjoint_split,1,0.5397772423307298,1,0.5667525620435818
13461.json,blog-posting,pants-fire,1,speaker_disjoint_split,1,0.5910242855198394,1,0.8258681087756631
1188.json,thomas-sowell,false,1,speaker_disjoint_split,1,0.6034379161139178,1,0.501975318990319
797.json,john-mccain,false,1,speaker_disjoint_split,1,0.5907201230751363,0,0.44089785136863663
2304.json,arne-duncan,half-true,0,speaker_disjoint_split,0,0.14218845260723126,0,0.07549752055303416
7609.json,jeff-tittel,pants-fire,1,speaker_disjoint_split,0,0.3266886362910966,0,0.2596669204215062
9085.json,matt-damon,half-true,0,speaker_disjoint_split,1,0.5385357522401102,0,0.33651746289897577
8221.json,john-mccain,true,0,speaker_disjoint_split,1,0.5223396735055117,0,0.21090151189116838
4775.json,bill-clinton,half-true,0,speaker_disjoint_split,0,0.4618489729638565,1,0.7112549833258479
8522.json,steve-leslie,mostly-true,0,speaker_disjoint_split,0,0.43108945514142344,0,0.44704182869870757
12974.json,gary-johnson,false,1,speaker_disjoint_split,0,0.3434910116472686,0,0.3261741433549072
13018.json,alex-castellanos,barely-true,1,speaker_disjoint_split,1,0.5062433243429936,1,0.6397867271231161
1832.json,carly-fiorina,false,1,speaker_disjoint_split,0,0.31038698447391,0,0.41392962336535233
3290.json,florida-department-corrections-worker,mostly-true,0,speaker_disjoint_split,0,0.33663059302566356,0,0.2525693072062484
6020.json,lisa-blais,barely-true,1,speaker_disjoint_split,0,0.3207832461696422,0,0.4970509024237701
10836.json,thomas-perez,half-true,0,speaker_disjoint_split,0,0.317834273836753,0,0.39942624560472917
11067.json,scott-walker,mostly-true,0,speaker_disjoint_split,0,0.24838652163541483,0,0.35857840818307096
8007.json,robert-menendez,mostly-true,0,speaker_disjoint_split,0,0.49164989963079325,1,0.6437144228180058
3193.json,scott-walker,true,0,speaker_disjoint_split,0,0.30481481977266317,0,0.33965663084918296
3756.json,janet-napolitano,pants-fire,1,speaker_disjoint_split,0,0.1611459555353974,0,0.4707878103745669
3140.json,oregon-senate-republicans,barely-true,1,speaker_disjoint_split,1,0.6964552214495805,1,0.6569432838573038
6082.json,john-kasich,mostly-true,0,speaker_disjoint_split,1,0.5109968169724854,0,0.40247139781366637
12767.json,corey-stewart,barely-true,1,speaker_disjoint_split,1,0.6600579038363287,1,0.7101403952076014
8657.json,daniel-mckee,mostly-true,0,speaker_disjoint_split,0,0.20634449954715356,0,0.2425766425924448
6278.json,debbie-wasserman-schultz,mostly-true,0,speaker_disjoint_split,0,0.18520761179863662,0,0.24907816467737098
2839.json,atlanta-sports-council,false,1,speaker_disjoint_split,0,0.45110537948022644,0,0.26470011199917076
2471.json,susan-latvala,false,1,speaker_disjoint_split,0,0.37278979742823265,1,0.5932609384514562
3707.json,gary-johnson,mostly-true,0,speaker_disjoint_split,0,0.31045382789822257,0,0.34064162744873405
4.json,bill-richardson,mostly-true,0,speaker_disjoint_split,1,0.6350043103562745,0,0.4578049945892429
3344.json,scott-walker,false,1,speaker_disjoint_split,1,0.5729477881144351,1,0.6559334966563387
10651.json,blog-posting,barely-true,1,speaker_disjoint_split,0,0.49751783682465256,1,0.717435061876325
13105.json,gary-johnson,mostly-true,0,speaker_disjoint_split,0,0.4056101526286932,0,0.4444929793127381
2532.json,scott-walker,true,0,speaker_disjoint_split,0,0.27868103171901965,0,0.35188013724018796
7028.json,tim-kaine,mostly-true,0,speaker_disjoint_split,0,0.36787541621526565,0,0.4149527176147344
3936.json,wisconsin-humane-society,mostly-true,0,speaker_disjoint_split,0,0.2574442680201991,0,0.22758712369844122
9901.json,connie-stokes,half-true,0,speaker_disjoint_split,0,0.34099098671003036,0,0.36739331580546186
13088.json,tim-kaine,mostly-true,0,speaker_disjoint_split,0,0.40302253202268334,0,0.3643601499679237
11007.json,bernie-s,half-true,0,speaker_disjoint_split,1,0.5015296773971706,0,0.46830527696160207
9066.json,kathleen-sebelius,barely-true,1,speaker_disjoint_split,1,0.6449982792421936,1,0.6013373572962459
495.json,john-mccain,true,0,speaker_disjoint_split,1,0.5658540694904792,1,0.5292698087993457
10395.json,scott-walker,half-true,0,speaker_disjoint_split,0,0.3558199006568964,0,0.2711555260856189
1709.json,charlie-crist,half-true,0,speaker_disjoint_split,1,0.55124312631767,1,0.6769593676766503
2452.json,republican-governors-association,pants-fire,1,speaker_disjoint_split,1,0.6689812567068982,1,0.5976390923054837
13266.json,donald-trump,barely-true,1,speaker_disjoint_split,0,0.3498398042953756,1,0.5779169129588291
3543.json,stefani-carter,half-true,0,speaker_disjoint_split,0,0.219435618940458,0,0.22712884878085102
11803.json,donald-trump,false,1,speaker_disjoint_split,0,0.282322779722395,0,0.44696176066726667
12188.json,bernie-s,false,1,speaker_disjoint_split,0,0.3957803135711052,0,0.3431290191729313
13393.json,national-republican-congressional-committee,barely-true,1,speaker_disjoint_split,0,0.39454745398218727,1,0.6202804545226163
6815.json,lois-frankel,barely-true,1,speaker_disjoint_split,0,0.39834506799480496,0,0.39149678585294856
9839.json,scott-walker,mostly-true,0,speaker_disjoint_split,0,0.06830400562631117,0,0.3099023824275332
2077.json,yvette-mcgee-brown,true,0,speaker_disjoint_split,1,0.5172378115353887,0,0.46983782570199734
8298.json,dennis-richardson,false,1,speaker_disjoint_split,0,0.23846096802875782,0,0.15620349003800346
11354.json,ben-carson,barely-true,1,speaker_disjoint_split,0,0.3963111908100439,0,0.3065116612988923
8767.json,kathleen-vinehout,mostly-true,0,speaker_disjoint_split,0,0.17452714757599935,0,0.3597207917332187
44.json,bill-richardson,mostly-true,0,speaker_disjoint_split,0,0.3997702788346697,0,0.12704101720321698
11763.json,david-sweetser,true,0,speaker_disjoint_split,0,0.3264329824462662,0,0.45002618280405654
987.json,rush-limbaugh,false,1,speaker_disjoint_split,1,0.6061030474565368,1,0.6493616788999428
9579.json,charlie-crist,mostly-true,0,speaker_disjoint_split,0,0.45307940245951445,0,0.4318937332214072
6746.json,restore-our-future,barely-true,1,speaker_disjoint_split,0,0.36059858695056113,1,0.5196577068484614
9331.json,dan-patrick,false,1,speaker_disjoint_split,0,0.46967433949908066,0,0.37983299441458024
10109.json,no-tax-tracks,false,1,speaker_disjoint_split,0,0.4579143291660843,1,0.736521425683248
6364.json,club-growth,barely-true,1,speaker_disjoint_split,1,0.7294121884290252,1,0.6993630238585183
11739.json,donald-trump,barely-true,1,speaker_disjoint_split,0,0.3446590940284068,0,0.44391801408941667
10045.json,nik-kovac,false,1,speaker_disjoint_split,0,0.43735141299962127,1,0.5362088808514061
4697.json,blog-posting,false,1,speaker_disjoint_split,0,0.40062864717436375,1,0.5641826323082791
7832.json,bryan-long,half-true,0,speaker_disjoint_split,0,0.1705437904807853,0,0.12417113577886567
5648.json,lynn-westmoreland,half-true,0,speaker_disjoint_split,0,0.41610814464183826,0,0.37042491354977736
7672.json,blog-posting,false,1,speaker_disjoint_split,1,0.5731332675615964,1,0.7206678448184184
9027.json,scott-walker,true,0,speaker_disjoint_split,1,0.5304813242057499,1,0.5691825583552376
6641.json,bill-clinton,true,0,speaker_disjoint_split,0,0.2735135443141039,0,0.36103052016357234
7932.json,blog-posting,false,1,speaker_disjoint_split,0,0.2536230661391965,0,0.3767492120284451
11961.json,donald-trump,false,1,speaker_disjoint_split,1,0.6984993809223363,1,0.7338830534941261
2463.json,tom-nelson,false,1,speaker_disjoint_split,0,0.15785874831635968,1,0.6148250856774834
430.json,focus-family-action,false,1,speaker_disjoint_split,1,0.5802870911315999,0,0.4896488408284577
974.json,arlen-specter,mostly-true,0,speaker_disjoint_split,0,0.2880362342617556,0,0.318046781604229
7870.json,scott-walker,half-true,0,speaker_disjoint_split,0,0.26104617114262024,0,0.2202523652981482
425.json,john-mccain,false,1,speaker_disjoint_split,0,0.3248591767718544,0,0.2626496433899597
10802.json,ben-carson,false,1,speaker_disjoint_split,0,0.14794817025551377,0,0.193701745513422
9070.json,no-tax-tracks,false,1,speaker_disjoint_split,0,0.3843048364971168,0,0.32177551165464047
10026.json,charlie-crist,mostly-true,0,speaker_disjoint_split,0,0.3276969725395101,1,0.5833659247644705
3556.json,saxby-chambliss,mostly-true,0,speaker_disjoint_split,0,0.26234889371543996,0,0.39929401668110065
11392.json,dan-patrick,pants-fire,1,speaker_disjoint_split,0,0.4816613146271307,0,0.449370396009156
12161.json,donald-trump,false,1,speaker_disjoint_split,0,0.43846543810911215,0,0.4971025032993489
13091.json,libre-initiative,mostly-true,0,speaker_disjoint_split,0,0.4966075291075371,0,0.4770821566688403
4785.json,robert-hagan,mostly-true,0,speaker_disjoint_split,0,0.32197975831216635,0,0.3677365964765668
2260.json,national-republican-congressional-committee,half-true,0,speaker_disjoint_split,0,0.4831797492916949,0,0.38138373049779856
9011.json,john-bolton,mostly-true,0,speaker_disjoint_split,1,0.5036986836947815,1,0.5649581668738928
2998.json,dean-cannon,true,0,speaker_disjoint_split,0,0.21034984234439663,0,0.1397865713613659
11953.json,donald-trump,false,1,speaker_disjoint_split,0,0.19112251974279573,0,0.4945091555995074
5296.json,democratic-congressional-campaign-committee,pants-fire,1,speaker_disjoint_split,1,0.7333730086254571,1,0.7463034014001156
1605.json,republican-party-florida,pants-fire,1,speaker_disjoint_split,1,0.8386157056997684,1,0.6611733934494497
3315.json,christopher-peace,false,1,speaker_disjoint_split,1,0.5168397118650329,1,0.6954928823698778
7710.json,susan-b-anthony-list,pants-fire,1,speaker_disjoint_split,1,0.5842630279021547,1,0.5586106018526749
8349.json,debbie-wasserman-schultz,mostly-true,0,speaker_disjoint_split,1,0.6461907299376961,0,0.4222805031658305
10684.json,scott-walker,true,0,speaker_disjoint_split,1,0.610127735485899,1,0.6157793071058422
4324.json,arne-duncan,false,1,speaker_disjoint_split,0,0.40382338785835303,0,0.4529575158375318
12458.json,donald-trump,pants-fire,1,speaker_disjoint_split,1,0.5350852574954313,1,0.670539767336289
807.json,john-mccain,mostly-true,0,speaker_disjoint_split,0,0.2677789119254812,0,0.3029381510706256
8954.json,dan-branch,half-true,0,speaker_disjoint_split,0,0.3218546050006492,1,0.5954147338978356
13193.json,tim-kaine,true,0,speaker_disjoint_split,0,0.496902882198278,1,0.5786813889500378
3077.json,john-kasich,true,0,speaker_disjoint_split,1,0.5618140045176467,1,0.5276318020496138
6441.json,new-jersey-democratic-state-committee,half-true,0,speaker_disjoint_split,0,0.30226024408816843,0,0.2716792361424813
9772.json,republican-party-florida,true,0,speaker_disjoint_split,0,0.46298509415856054,0,0.26994908970701703
1311.json,charlie-crist,false,1,speaker_disjoint_split,0,0.49163222525080413,1,0.5138663693017484
7079.json,saxby-chambliss,mostly-true,0,speaker_disjoint_split,0,0.3802799977498174,0,0.32388220052274325
11977.json,donald-trump,false,1,speaker_disjoint_split,1,0.5940614135234166,1,0.8362128186761375
11936.json,donald-trump,mostly-true,0,speaker_disjoint_split,0,0.38265664586377696,0,0.3035784808943494
706.json,john-mccain,pants-fire,1,speaker_disjoint_split,0,0.49641981021238674,1,0.579421350361763
11190.json,scott-walker,mostly-true,0,speaker_disjoint_split,0,0.4197895302498859,0,0.3515734866365423
11531.json,bernie-s,false,1,speaker_disjoint_split,0,0.1700057518706937,0,0.2474286449929216
6611.json,anthony-gemma,pants-fire,1,speaker_disjoint_split,0,0.466946744123715,0,0.3476379916915676
12380.json,ken-cuccinelli,mostly-true,0,speaker_disjoint_split,0,0.329086992015601,1,0.5222768663983698
10737.json,charlie-bethel,half-true,0,speaker_disjoint_split,0,0.1614873627278093,0,0.17535602744217701
13312.json,donald-trump,false,1,speaker_disjoint_split,0,0.46067007397410487,1,0.5526629446972005
26.json,john-mccain,mostly-true,0,speaker_disjoint_split,0,0.3736049115158715,0,0.3423348805731854
9664.json,scott-walker,mostly-true,0,speaker_disjoint_split,0,0.289558149862792,0,0.28812274490960066
13446.json,ohio-republican-party,barely-true,1,speaker_disjoint_split,1,0.5603422217182311,1,0.7665766677979643
4569.json,steve-lonegan,false,1,speaker_disjoint_split,1,0.5719568194785282,0,0.41382051817666426
8581.json,pat-mccrory,barely-true,1,speaker_disjoint_split,0,0.392827863750224,0,0.3076598608075005
13518.json,donald-trump,half-true,0,speaker_disjoint_split,1,0.6002863710081131,1,0.7284218529631155
11008.json,donald-trump,false,1,speaker_disjoint_split,1,0.5488299831958424,1,0.728779207601077
10545.json,blog-posting,barely-true,1,speaker_disjoint_split,1,0.8281420959467618,1,0.7618383094352174
3446.json,david-cicilline,barely-true,1,speaker_disjoint_split,0,0.266220724996768,0,0.2632622896087122
3086.json,nathan-deal,mostly-true,0,speaker_disjoint_split,1,0.7268305501876738,1,0.7219138334237307
10955.json,donald-trump,barely-true,1,speaker_disjoint_split,0,0.20219191264271685,0,0.38640455046058914
10441.json,scott-walker,pants-fire,1,speaker_disjoint_split,0,0.3323978485083199,1,0.748906614905894
10047.json,jeanne-shaheen,barely-true,1,speaker_disjoint_split,1,0.6516607993904745,1,0.5313543161504329
9544.json,no-tax-tracks,half-true,0,speaker_disjoint_split,1,0.6253259578084331,1,0.715287397959692
9064.json,karl-rove,mostly-true,0,speaker_disjoint_split,1,0.6840408566043076,1,0.594872940565491
11088.json,donald-trump,barely-true,1,speaker_disjoint_split,0,0.26418899177768035,0,0.48223832002694594
3509.json,joanne-kloppenburg,pants-fire,1,speaker_disjoint_split,1,0.6452164193111508,1,0.7606065928882935
1112.json,bill-pascrell,half-true,0,speaker_disjoint_split,0,0.3439363702275627,0,0.25216820210394986
8652.json,bill-oreilly,false,1,speaker_disjoint_split,0,0.4151094097976729,1,0.6180196255359043
2942.json,scott-walker,barely-true,1,speaker_disjoint_split,1,0.6777539979871712,1,0.7112304301386921
9840.json,megyn-kelly,true,0,speaker_disjoint_split,1,0.7263552836747301,1,0.5838421919065524
7597.json,kirk-watson,true,0,speaker_disjoint_split,0,0.4715946450422143,0,0.2709492945726725
6093.json,robert-menendez,false,1,speaker_disjoint_split,0,0.3984635222173139,0,0.4938352553192991
768.json,joe-biden,barely-true,1,speaker_disjoint_split,0,0.35884586489426584,0,0.2741390833666099
11897.json,bernie-s,mostly-true,0,speaker_disjoint_split,0,0.26251561785282385,0,0.4175312433964493
12306.json,donald-trump,false,1,speaker_disjoint_split,0,0.4044532923825827,1,0.6195362527075684
1453.json,franklin-sands,half-true,0,speaker_disjoint_split,0,0.15411071018407896,0,0.10792131508793866
11558.json,carly-fiorina,pants-fire,1,speaker_disjoint_split,1,0.7343436963519483,1,0.6573109304926587
13447.json,donald-trump,mostly-true,0,speaker_disjoint_split,0,0.45806351522797445,0,0.29215450587143266
3317.json,tim-kaine,mostly-true,0,speaker_disjoint_split,0,0.4909258411956295,0,0.35765923924371124
1057.json,glenn-beck,false,1,speaker_disjoint_split,0,0.3555308109176473,0,0.2858464003549577
12969.json,donald-trump,barely-true,1,speaker_disjoint_split,1,0.5056872089139718,1,0.6677463190573951
5899.json,tim-kaine,true,0,speaker_disjoint_split,0,0.1324611429614522,0,0.35030955995650587
10112.json,scott-walker,false,1,speaker_disjoint_split,0,0.47579487299090173,1,0.5426349581670693
6959.json,rob-moshein,half-true,0,speaker_disjoint_split,0,0.3664818675353087,0,0.2756857136804475
3944.json,john-kasich,barely-true,1,speaker_disjoint_split,0,0.3943407304410698,0,0.40313089329193746
13465.json,donald-trump,half-true,0,speaker_disjoint_split,0,0.4350998602233158,0,0.36666291628257175
8642.json,jorge-ramos,barely-true,1,speaker_disjoint_split,0,0.4099519689358748,1,0.5245781894685922
3992.json,better-austin-today-political-action-committee,barely-true,1,speaker_disjoint_split,0,0.44050044451543047,0,0.35178539537813514
4247.json,alberto-carvalho,half-true,0,speaker_disjoint_split,0,0.1125578658919951,0,0.17915332229768127
1521.json,charles-boustany,mostly-true,0,speaker_disjoint_split,1,0.5699129931956755,1,0.6326490233881664
11408.json,debbie-wasserman-schultz,mostly-true,0,speaker_disjoint_split,0,0.4411595538098289,0,0.4690899094712591
6480.json,arne-duncan,mostly-true,0,speaker_disjoint_split,0,0.30952725733534614,0,0.4490223795260071
1714.json,lamar-alexander,true,0,speaker_disjoint_split,0,0.3282769750104601,1,0.5101101828118555
13452.json,amy-schumer,half-true,0,speaker_disjoint_split,0,0.49099173458522094,0,0.2844270867854639
5685.json,vern-buchanan,half-true,0,speaker_disjoint_split,1,0.7185812528349945,1,0.714707918769472
8181.json,carly-fiorina,half-true,0,speaker_disjoint_split,0,0.37466668483304383,0,0.334990325584962
622.json,john-mccain,half-true,0,speaker_disjoint_split,0,0.47732743213182505,0,0.47458006207738146
13054.json,chris-sununu,half-true,0,speaker_disjoint_split,1,0.5832944306748548,0,0.4629541973586884
703.json,john-mccain,mostly-true,0,speaker_disjoint_split,1,0.6068132873565288,1,0.6603219118666226
270.json,joe-biden,false,1,speaker_disjoint_split,0,0.4873194638062052,0,0.4789542420704068
319.json,john-mccain,true,0,speaker_disjoint_split,1,0.5257804994848837,0,0.4698693963717197
4040.json,scott-walker,false,1,speaker_disjoint_split,0,0.288165513956932,0,0.3251463067190748
7745.json,allison-tant,false,1,speaker_disjoint_split,1,0.5767523455903406,0,0.37660622375149827
11983.json,donald-trump,false,1,speaker_disjoint_split,0,0.4502430679359892,0,0.27513918547079946
2610.json,john-robitaille,true,0,speaker_disjoint_split,0,0.3676233333860909,1,0.5657735755713184
11441.json,bill-oreilly,barely-true,1,speaker_disjoint_split,0,0.4379635053453203,0,0.3502660914458896
7980.json,lynn-westmoreland,true,0,speaker_disjoint_split,1,0.5897363126787583,1,0.7326670210921077
3612.json,john-kasich,half-true,0,speaker_disjoint_split,0,0.3826054515776607,1,0.5047117960915055
8546.json,scott-walker,half-true,0,speaker_disjoint_split,0,0.1789244643188041,0,0.25939565229407263
9607.json,bill-oreilly,mostly-true,0,speaker_disjoint_split,0,0.18674255086089483,0,0.3299667471820727
496.json,john-mccain,false,1,speaker_disjoint_split,0,0.2758756404394908,0,0.3811123001653095
2386.json,austan-goolsbee,false,1,speaker_disjoint_split,1,0.6219482781926662,1,0.5843147809746262
7270.json,protect-families-first,false,1,speaker_disjoint_split,1,0.5358053842244869,0,0.4239047944492388
578.json,john-mccain,mostly-true,0,speaker_disjoint_split,1,0.6617504699784282,0,0.4297147756599251
8283.json,scott-walker,barely-true,1,speaker_disjoint_split,0,0.29211861459187144,0,0.31560827126785324
13225.json,donald-trump,half-true,0,speaker_disjoint_split,0,0.3150748120778974,0,0.1784721830237533
13256.json,national-republican-congressional-committee,true,0,speaker_disjoint_split,1,0.6551208582456458,0,0.4454289347616504
12556.json,donald-trump,true,0,speaker_disjoint_split,1,0.6876353277136139,1,0.5896786722458839
12539.json,joaquin-castro,mostly-true,0,speaker_disjoint_split,1,0.5420847001072405,0,0.4685779753316198
71.json,ron-paul,false,1,speaker_disjoint_split,0,0.1468459590208167,0,0.20775435955609353
4244.json,saxby-chambliss,mostly-true,0,speaker_disjoint_split,0,0.4114561617595543,0,0.48630596011550825
1887.json,john-oxendine,true,0,speaker_disjoint_split,0,0.06687080971909208,0,0.12962786009908142
567.json,john-mccain,true,0,speaker_disjoint_split,1,0.7338485745420021,1,0.5974905072016542
271.json,joe-biden,false,1,speaker_disjoint_split,0,0.42921964949284824,0,0.46430093139372447
12120.json,bernie-s,true,0,speaker_disjoint_split,0,0.28845728290011957,0,0.2651169292426103
1001.json,arlen-specter,false,1,speaker_disjoint_split,1,0.6089001092735606,0,0.4796237958431334
4723.json,jon-huntsman,mostly-true,0,speaker_disjoint_split,1,0.5542692540537527,0,0.48481113966777556
3395.json,dan-patrick,barely-true,1,speaker_disjoint_split,0,0.16153562084159986,0,0.16630068666363979
9935.json,charlie-crist,barely-true,1,speaker_disjoint_split,0,0.44822924168793166,0,0.4301541717494212
68.json,joe-biden,half-true,0,speaker_disjoint_split,1,0.5144032779740579,1,0.5215405669786716
2567.json,citizens-lower-taxes-and-stronger-economy,barely-true,1,speaker_disjoint_split,1,0.517331123053584,0,0.3804205605012863
11357.json,bernie-s,barely-true,1,speaker_disjoint_split,0,0.355860666719581,0,0.3404858183037285
952.json,joe-biden,half-true,0,speaker_disjoint_split,0,0.093511476903395,0,0.08464032738835665
224.json,joe-biden,true,0,speaker_disjoint_split,1,0.5617905415833354,0,0.4306291702655508
2795.json,tim-kaine,mostly-true,0,speaker_disjoint_split,0,0.4133852910520904,1,0.5113723962058127
1371.json,karl-rove,barely-true,1,speaker_disjoint_split,0,0.4319005287607067,1,0.5047044368794605
9645.json,jamie-weinstein,half-true,0,speaker_disjoint_split,0,0.22568045262428185,0,0.25409386898349734
577.json,john-mccain,half-true,0,speaker_disjoint_split,1,0.6708914425774888,1,0.608975609793121
8964.json,republican-party-florida,barely-true,1,speaker_disjoint_split,1,0.7744552724713408,1,0.5701841404510324
6355.json,george-flinn,pants-fire,1,speaker_disjoint_split,1,0.5871247277952227,1,0.7760125108293373
9924.json,blog-posting,pants-fire,1,speaker_disjoint_split,0,0.38816479792334857,1,0.6058149977461783
6388.json,francisco-quico-canseco,half-true,0,speaker_disjoint_split,1,0.5939217336560653,1,0.6379466462082238
3882.json,tom-rooney,mostly-true,0,speaker_disjoint_split,0,0.3901359869665651,1,0.5245544766560835
4158.json,john-kasich,mostly-true,0,speaker_disjoint_split,0,0.24283555989377317,0,0.3317850508912427
12989.json,donald-trump,false,1,speaker_disjoint_split,1,0.5748329709276773,1,0.6158187894730962
2751.json,democratic-congressional-campaign-committee,half-true,0,speaker_disjoint_split,1,0.5576414511942669,1,0.6736724564505417
8539.json,mr-conservative,pants-fire,1,speaker_disjoint_split,1,0.5071326008440827,1,0.5777032939983227
8478.json,kathleen-sebelius,pants-fire,1,speaker_disjoint_split,1,0.6706290655294201,1,0.5395405201746588
7558.json,bruce-hanna,false,1,speaker_disjoint_split,0,0.40612654232974654,0,0.30278546625473957
11240.json,donald-trump,half-true,0,speaker_disjoint_split,0,0.3313593978918065,0,0.4942168185684017
12616.json,donald-trump,barely-true,1,speaker_disjoint_split,1,0.5920549708261564,1,0.6056345491191949
10247.json,scott-walker,barely-true,1,speaker_disjoint_split,0,0.18073166106479427,0,0.35436834621160723
791.json,john-mccain,half-true,0,speaker_disjoint_split,1,0.57196489188089,1,0.6516577548934347
11341.json,donald-trump,false,1,speaker_disjoint_split,1,0.5107945014227613,1,0.5892264554931422
11702.json,scott-walker,true,0,speaker_disjoint_split,0,0.21436908324568946,0,0.39453088646427786
12564.json,tim-kaine,mostly-true,0,speaker_disjoint_split,0,0.4212360612396569,0,0.40323751329068336
12346.json,joe-biden,false,1,speaker_disjoint_split,0,0.4744510943073563,0,0.348638764071942
12742.json,donald-trump,half-true,0,speaker_disjoint_split,0,0.24600078566181546,0,0.36828838961348825
2799.json,kathie-glass,pants-fire,1,speaker_disjoint_split,0,0.29568492478774505,0,0.4834165045931973
12297.json,new-day-america,half-true,0,speaker_disjoint_split,1,0.5306615961718407,1,0.6143735924481771
10636.json,florida-students-concealed-carry,barely-true,1,speaker_disjoint_split,0,0.4340454513602588,0,0.292382829290662
3297.json,state-democratic-party-wisconsin,false,1,speaker_disjoint_split,0,0.20139231301980423,0,0.33570737691553393
3770.json,ron-paul,mostly-true,0,speaker_disjoint_split,0,0.39257072356153927,0,0.13604660750020237
8661.json,michael-chippendale,mostly-true,0,speaker_disjoint_split,0,0.3568541159061701,0,0.3560322194431009
12263.json,donald-trump,false,1,speaker_disjoint_split,0,0.4770015573796726,1,0.7194894155653819
159.json,joe-biden,barely-true,1,speaker_disjoint_split,1,0.5031133219926307,0,0.4379196815493758
11651.json,scott-walker,barely-true,1,speaker_disjoint_split,0,0.24455271837135195,0,0.24571570260010034
11613.json,peter-kinder,pants-fire,1,speaker_disjoint_split,0,0.44353812687887906,1,0.5386557543970291
8784.json,robert-puente,false,1,speaker_disjoint_split,0,0.2688627825881143,0,0.18776201747756072
10582.json,david-jolly,mostly-true,0,speaker_disjoint_split,0,0.4745488879332634,1,0.6307346947325085
4265.json,state-democratic-party-wisconsin,pants-fire,1,speaker_disjoint_split,1,0.6465573747920883,1,0.705393003236519
6927.json,nathan-deal,half-true,0,speaker_disjoint_split,0,0.21895335648122893,0,0.2183684858068771
547.json,john-mccain,pants-fire,1,speaker_disjoint_split,1,0.7098419925448346,1,0.7432378469394995
11419.json,bernie-s,mostly-true,0,speaker_disjoint_split,0,0.20491786463656037,0,0.16803483218870163
3234.json,glenn-beck,false,1,speaker_disjoint_split,1,0.6379262737906469,1,0.5511975468897901
12476.json,rush-limbaugh,false,1,speaker_disjoint_split,1,0.6275222866548154,1,0.6486851432907872
3715.json,scott-walker,true,0,speaker_disjoint_split,1,0.5559071626982918,1,0.6099401410500286
7611.json,susan-yoshihara,false,1,speaker_disjoint_split,1,0.7836017093933363,1,0.7863792518866846
8923.json,national-republican-congressional-committee,half-true,0,speaker_disjoint_split,1,0.6497150311045959,1,0.6678207872277805
8786.json,national-republican-congressional-committee,half-true,0,speaker_disjoint_split,1,0.6264327978460174,1,0.7171404113671068
318.json,john-mccain,barely-true,1,speaker_disjoint_split,1,0.5166740666349606,0,0.4213687815649321
10776.json,richard-clarke,barely-true,1,speaker_disjoint_split,0,0.4698197476327408,1,0.6661913518505678
2718.json,lloyd-doggett,mostly-true,0,speaker_disjoint_split,0,0.4679606072000973,1,0.5790579725189883
12501.json,gary-johnson,barely-true,1,speaker_disjoint_split,1,0.5086380146655929,1,0.6381672450144776
6894.json,joe-biden,half-true,0,speaker_disjoint_split,1,0.5360099423713642,0,0.29621605959930974
12852.json,donald-trump,pants-fire,1,speaker_disjoint_split,0,0.38748636350935706,0,0.2959741675499119
11618.json,donald-trump,pants-fire,1,speaker_disjoint_split,0,0.3909993716100489,0,0.4251354119752545
4176.json,sam-olens,false,1,speaker_disjoint_split,0,0.490428024215844,1,0.5460787202674334
7058.json,taxpayer-association-oregon,half-true,0,speaker_disjoint_split,0,0.3748257932000031,1,0.5056238509714504
2454.json,republican-party-florida,barely-true,1,speaker_disjoint_split,1,0.5297114468699066,1,0.5524781885246594
5726.json,sara-stevenson,barely-true,1,speaker_disjoint_split,0,0.3744583883620865,0,0.32419871800941
3015.json,mike-polensek,half-true,0,speaker_disjoint_split,0,0.21487628459705352,0,0.07454488679970374
5901.json,oregon-league-conservation-voters,barely-true,1,speaker_disjoint_split,1,0.5038728808434424,1,0.6105470555541617
11882.json,carly-fiorina,true,0,speaker_disjoint_split,0,0.2951291696768592,0,0.31690536762850463
8227.json,bill-clinton,true,0,speaker_disjoint_split,0,0.4927707519936415,1,0.6092232041951889
3138.json,ken-cuccinelli,true,0,speaker_disjoint_split,0,0.24316192388153146,0,0.38056578643550587
2301.json,michael-thurmond,true,0,speaker_disjoint_split,0,0.3741644164834367,0,0.22030098959836228
5809.json,samuel-wurzelbacher,false,1,speaker_disjoint_split,1,0.9075312925053033,1,0.6141551409442156
7761.json,charlie-crist,false,1,speaker_disjoint_split,1,0.6470918697063017,0,0.4172652626887597
2488.json,sam-adams,half-true,0,speaker_disjoint_split,0,0.3731112955658384,0,0.3683021639546307
3947.json,ted-ferrioli,half-true,0,speaker_disjoint_split,0,0.21669147104060044,0,0.36526395658855815
12862.json,donald-trump,pants-fire,1,speaker_disjoint_split,1,0.6122398992951761,1,0.7110447827897447
1004.json,joe-biden,pants-fire,1,speaker_disjoint_split,0,0.24685532170763544,0,0.26119575611519485
1466.json,debra-medina,half-true,0,speaker_disjoint_split,0,0.3113537568856999,0,0.40500917904889266
2343.json,yvette-mcgee-brown,true,0,speaker_disjoint_split,0,0.3688398220365152,0,0.3071003629449116
2951.json,democratic-congressional-campaign-committee,half-true,0,speaker_disjoint_split,0,0.4482568203851069,0,0.48432567851543307
2156.json,catherine-taylor,false,1,speaker_disjoint_split,1,0.5628156273301831,0,0.4770083021867412
13414.json,donald-trump,half-true,0,speaker_disjoint_split,0,0.3894744590735004,0,0.22140426968004417
11597.json,ben-carson,barely-true,1,speaker_disjoint_split,0,0.3907666879270575,0,0.3902614361741178
9795.json,republican-party-florida,pants-fire,1,speaker_disjoint_split,0,0.4888490879884279,0,0.35193879329658656
5295.json,joseph-trillo,half-true,0,speaker_disjoint_split,0,0.3072600262098699,1,0.5165613680757977
48.json,ron-paul,mostly-true,0,speaker_disjoint_split,0,0.3246904134727213,0,0.3903157864841183
4587.json,jon-huntsman,half-true,0,speaker_disjoint_split,0,0.27410075555983393,0,0.3607198093113154
2583.json,rob-cornilles,half-true,0,speaker_disjoint_split,0,0.27841211945298106,0,0.3968686827359889
13406.json,donald-trump,true,0,speaker_disjoint_split,1,0.5060577343748395,0,0.38046192281561986
12357.json,david-jolly,barely-true,1,speaker_disjoint_split,0,0.43509547223766953,1,0.537360448419195
3184.json,glenn-beck,half-true,0,speaker_disjoint_split,1,0.7514899712752525,1,0.6119728731352633
11530.json,republican-party-florida,mostly-true,0,speaker_disjoint_split,0,0.4916923260786408,0,0.3970486612304164
5267.json,nathan-deal,false,1,speaker_disjoint_split,0,0.1404935459548408,0,0.14075457359719348
5088.json,jon-huntsman,half-true,0,speaker_disjoint_split,0,0.39336995873420955,0,0.31568347337190017
8346.json,jeb-hensarling,pants-fire,1,speaker_disjoint_split,1,0.6803123940803447,1,0.78556492360967
10629.json,james-carville,false,1,speaker_disjoint_split,0,0.4742931768542171,0,0.2683615432406683
2118.json,melanie-crozier,pants-fire,1,speaker_disjoint_split,1,0.6002129498243766,1,0.6140529540863047
3812.json,rush-limbaugh,barely-true,1,speaker_disjoint_split,1,0.538909738770424,1,0.5867065071630149
3042.json,new-georgia-encyclopedia,true,0,speaker_disjoint_split,1,0.8327414495487665,1,0.6567346845029325
2694.json,promote-oregon-leadership-pac-oregon-house-republi,true,0,speaker_disjoint_split,1,0.5824795878379655,1,0.5758074871760794
3383.json,blog-posting,false,1,speaker_disjoint_split,1,0.5882340674647026,1,0.7659675542607327
5823.json,nathan-deal,barely-true,1,speaker_disjoint_split,0,0.04246773358223317,0,0.1136278501397136
12470.json,donald-trump,barely-true,1,speaker_disjoint_split,1,0.5716292573376104,1,0.6819988953962655
666.json,joe-biden,half-true,0,speaker_disjoint_split,0,0.4733837947434702,0,0.3297579976116691
2937.json,john-kasich,true,0,speaker_disjoint_split,0,0.22420615369646663,0,0.21055567089267238
138.json,ron-paul,mostly-true,0,speaker_disjoint_split,1,0.9251930321517844,1,0.8023568058531644
4720.json,jon-huntsman,true,0,speaker_disjoint_split,0,0.17155122497884182,0,0.32726044329187154
1111.json,bill-pascrell,half-true,0,speaker_disjoint_split,0,0.17254823367581415,0,0.29594614397263014
7105.json,paul-levesque,mostly-true,0,speaker_disjoint_split,0,0.34725285707714465,1,0.5272516722691184
8605.json,donna-brazile,mostly-true,0,speaker_disjoint_split,1,0.7748605286954049,1,0.725412493916534
330.json,john-mccain,half-true,0,speaker_disjoint_split,0,0.2048664221820943,0,0.1864265731870024
12693.json,joe-biden,half-true,0,speaker_disjoint_split,0,0.23730638372646223,0,0.18555235685308671
819.json,republican-party-florida,half-true,0,speaker_disjoint_split,1,0.8805434401657947,1,0.5772725715625517
7934.json,stephen-sweeney,mostly-true,0,speaker_disjoint_split,1,0.5565495961811131,1,0.5456737957558879
614.json,john-mccain,barely-true,1,speaker_disjoint_split,1,0.5582205246328329,1,0.6216279076396122
7208.json,american-international-group,mostly-true,0,speaker_disjoint_split,0,0.2619806960885753,0,0.2798075188924872
642.json,joe-biden,true,0,speaker_disjoint_split,0,0.4545125988102801,0,0.39795594556937625
12166.json,donald-trump,pants-fire,1,speaker_disjoint_split,1,0.6293953921810784,1,0.5336228598197958
6793.json,yes-82-and-83-campaign,half-true,0,speaker_disjoint_split,0,0.4298077533497142,0,0.42243983872784985
9565.json,charlie-crist,half-true,0,speaker_disjoint_split,1,0.6434782037160195,1,0.7135880532077837
13376.json,dan-patrick,true,0,speaker_disjoint_split,1,0.675636935282536,1,0.5006887106522243
11061.json,jan-brewer,barely-true,1,speaker_disjoint_split,0,0.4235413867248739,1,0.5987223080276969
12434.json,donald-trump,pants-fire,1,speaker_disjoint_split,1,0.7466310017299329,1,0.746295377527938
1703.json,bill-clinton,half-true,0,speaker_disjoint_split,0,0.4770519536008082,1,0.6129144169208208
4443.json,ron-paul,mostly-true,0,speaker_disjoint_split,0,0.16363392729312723,0,0.18555177459476452
9918.json,scott-walker,true,0,speaker_disjoint_split,0,0.28915036272699207,0,0.4058365776826369
10319.json,tom-coburn,half-true,0,speaker_disjoint_split,0,0.2612125802175519,0,0.3446038001138606
9057.json,nathan-deal,barely-true,1,speaker_disjoint_split,0,0.306670880405052,0,0.16804133141283087
1457.json,glenn-beck,half-true,0,speaker_disjoint_split,1,0.6083354069658969,1,0.7423042751690859
4163.json,ron-paul,true,0,speaker_disjoint_split,0,0.43936094535703435,0,0.18372520059356165
3183.json,democratic-congressional-campaign-committee,pants-fire,1,speaker_disjoint_split,1,0.5311887625459266,1,0.7613303877729186
2038.json,john-oxendine,half-true,0,speaker_disjoint_split,1,0.6753468579951786,0,0.4694242534458095
1837.json,colin-powell,true,0,speaker_disjoint_split,0,0.19037622046164349,0,0.1997167181126867
6296.json,bill-pascrell,false,1,speaker_disjoint_split,1,0.6224631761502847,1,0.5045997799134063
3448.json,sam-adams,mostly-true,0,speaker_disjoint_split,0,0.3822054570839936,0,0.3077564920475499
3292.json,donna-brazile,mostly-true,0,speaker_disjoint_split,0,0.43646569959899717,1,0.5221416517262146
12828.json,bike-austin,barely-true,1,speaker_disjoint_split,0,0.3912182163664845,0,0.2740859957619691
10596.json,john-fredericks,false,1,speaker_disjoint_split,0,0.4081505591370209,0,0.44927308663705867
4942.json,jon-huntsman,barely-true,1,speaker_disjoint_split,0,0.3994691853849501,0,0.3146686882271157
6718.json,jeanne-shaheen,half-true,0,speaker_disjoint_split,0,0.3263590968473439,0,0.3059690013637161
6796.json,val-demings,barely-true,1,speaker_disjoint_split,1,0.699759876425086,1,0.6219486338371444
3479.json,joanne-kloppenburg,barely-true,1,speaker_disjoint_split,1,0.8481345415024292,1,0.6203291620585317
6997.json,tim-kaine,mostly-true,0,speaker_disjoint_split,0,0.29681756745330506,0,0.3988085687375239
8398.json,national-republican-congressional-committee,barely-true,1,speaker_disjoint_split,1,0.6138439125819121,1,0.6518488631809344
11003.json,blog-posting,false,1,speaker_disjoint_split,1,0.613467938834635,1,0.8230864567884673
4674.json,iowans-some-semblance-christian-decency,false,1,speaker_disjoint_split,1,0.5439761257004586,0,0.437810341861169
2025.json,keith-olbermann,false,1,speaker_disjoint_split,0,0.4005103473149829,0,0.43657888973629705
11041.json,bernie-s,mostly-true,0,speaker_disjoint_split,0,0.22081394857398115,0,0.20867939496245716
1374.json,charlie-crist,true,0,speaker_disjoint_split,1,0.6441541150980848,1,0.6475346256776363
8144.json,ken-cuccinelli,half-true,0,speaker_disjoint_split,1,0.5060010582463159,1,0.6723406096983964
4441.json,debbie-wasserman-schultz,mostly-true,0,speaker_disjoint_split,0,0.1645908023197646,0,0.1962678179732718
5504.json,lenny-curry,false,1,speaker_disjoint_split,1,0.7397300688938174,1,0.7581491480448466
6646.json,bill-clinton,true,0,speaker_disjoint_split,0,0.3587125522936721,0,0.24127321755404044
13349.json,donald-trump,pants-fire,1,speaker_disjoint_split,0,0.2832622128498558,1,0.5271213136911505
11556.json,ben-carson,barely-true,1,speaker_disjoint_split,1,0.7798370795715688,1,0.5385303346409558
1795.json,charlie-crist,mostly-true,0,speaker_disjoint_split,0,0.44407588734427494,0,0.3759480888777667
8256.json,steve-munisteri,half-true,0,speaker_disjoint_split,1,0.514355831955767,0,0.36825497398578455
10052.json,sarah-silverman,half-true,0,speaker_disjoint_split,0,0.20163825217240605,0,0.1916655265657814
9651.json,debbie-wasserman-schultz,mostly-true,0,speaker_disjoint_split,1,0.5649827564469131,1,0.5164326356138436
12277.json,donald-trump,mostly-true,0,speaker_disjoint_split,0,0.1668474853420184,0,0.15737032556972322
12326.json,donald-trump,pants-fire,1,speaker_disjoint_split,0,0.46345205120864297,1,0.7319389036363393
8715.json,donna-brazile,mostly-true,0,speaker_disjoint_split,1,0.5736688857908933,0,0.4195437928237317
2150.json,chris-carpenter,pants-fire,1,speaker_disjoint_split,1,0.6384200892247194,1,0.6863345198200019
5030.json,jeff-merkley,true,0,speaker_disjoint_split,0,0.3954136990165249,0,0.41261322301448444
11734.json,carly-fiorina,barely-true,1,speaker_disjoint_split,0,0.22484688116291643,0,0.33432808515126816
616.json,john-mccain,barely-true,1,speaker_disjoint_split,1,0.5636251588942022,1,0.5141732817158746
1901.json,james-carville,barely-true,1,speaker_disjoint_split,0,0.32354708986862757,0,0.24543078530978962
13373.json,chris-sununu,false,1,speaker_disjoint_split,0,0.37862675405309937,0,0.3543540484539055
1637.json,charlie-crist,false,1,speaker_disjoint_split,0,0.2756541068900696,0,0.34548615318873177
5255.json,john-kasich,true,0,speaker_disjoint_split,0,0.122903986973525,0,0.15127337530025628
11104.json,donald-trump,false,1,speaker_disjoint_split,0,0.4836420335813287,0,0.46712315537352916
13233.json,donald-trump,barely-true,1,speaker_disjoint_split,1,0.761900486124287,1,0.6965384463096742
2306.json,donna-brazile,mostly-true,0,speaker_disjoint_split,0,0.1200188800624362,0,0.08914226667596208
9677.json,joe-biden,half-true,0,speaker_disjoint_split,1,0.6450965080593051,0,0.3673030627708438
11975.json,john-mccain,barely-true,1,speaker_disjoint_split,1,0.6252126767009297,1,0.53200511654956
2310.json,chip-rogers,barely-true,1,speaker_disjoint_split,0,0.31031061749612204,0,0.29064133470517867
12876.json,bill-clinton,mostly-true,0,speaker_disjoint_split,1,0.532546656210935,0,0.4165715770330476
6005.json,scott-walker,half-true,0,speaker_disjoint_split,0,0.28778644925405616,0,0.32979752060640155
6798.json,yg-action-fund,half-true,0,speaker_disjoint_split,0,0.43812369696908293,1,0.7019615981203098
2350.json,blog-posting,pants-fire,1,speaker_disjoint_split,0,0.45799595973583795,1,0.7124457122875354
5969.json,scott-walker,false,1,speaker_disjoint_split,0,0.37330972786188693,0,0.49420540838872595
9086.json,mark-begich,mostly-true,0,speaker_disjoint_split,0,0.48598778958091954,1,0.5147670079809796
2886.json,blog-posting,pants-fire,1,speaker_disjoint_split,1,0.7618140648890341,1,0.637801150669989
9188.json,james-carville,barely-true,1,speaker_disjoint_split,1,0.6573676114212912,1,0.6938384830854457
7875.json,abel-collins,mostly-true,0,speaker_disjoint_split,0,0.40428338717348933,0,0.3241360213195267
3925.json,debbie-wasserman-schultz,mostly-true,0,speaker_disjoint_split,0,0.4049554600218991,1,0.5155696608105863
4196.json,jon-huntsman,barely-true,1,speaker_disjoint_split,0,0.44302076049383826,0,0.40147082495054787
2119.json,john-robitaille,half-true,0,speaker_disjoint_split,1,0.5538335384902039,1,0.5185199579921996
13501.json,blog-posting,pants-fire,1,speaker_disjoint_split,1,0.6979248331333683,1,0.8781383523469309
13195.json,donald-trump,false,1,speaker_disjoint_split,0,0.2744977499071471,0,0.28643409416254134
3347.json,brian-moran,half-true,0,speaker_disjoint_split,1,0.5361922564477193,0,0.48401708229780727
10979.json,bill-clinton,mostly-true,0,speaker_disjoint_split,1,0.7010552537598057,1,0.5262736225886574
12726.json,donald-trump,false,1,speaker_disjoint_split,1,0.5236415553759208,1,0.7423747425957316
3569.json,john-kasich,false,1,speaker_disjoint_split,1,0.8343522700942639,1,0.8262028629220246
4577.json,occupied-wall-street-journal,half-true,0,speaker_disjoint_split,0,0.0872213745774209,0,0.1698805156694795
13008.json,donald-trump,barely-true,1,speaker_disjoint_split,1,0.5824351756000072,1,0.6788988450214114
11856.json,bernie-s,half-true,0,speaker_disjoint_split,0,0.179269465930837,0,0.19649757880226268
8579.json,mike-plant,mostly-true,0,speaker_disjoint_split,1,0.5468209006845063,0,0.4510901851535583
5291.json,jim-whelan,mostly-true,0,speaker_disjoint_split,0,0.1054274985148993,0,0.07719096760607948
12421.json,scott-walker,mostly-true,0,speaker_disjoint_split,0,0.16438766804585345,0,0.29534439303365334
7391.json,keith-faber,true,0,speaker_disjoint_split,0,0.04406673870777314,0,0.10598495449341443
632.json,jerome-corsi,false,1,speaker_disjoint_split,1,0.7908984575170546,1,0.6247412934957928
13189.json,tim-kaine,true,0,speaker_disjoint_split,0,0.29135166329111134,0,0.45549899153478607
7996.json,ken-cuccinelli,false,1,speaker_disjoint_split,0,0.32846527338447257,1,0.6882181750334178
3924.json,gary-black,half-true,0,speaker_disjoint_split,0,0.42805402558193345,1,0.6206062120415903
3467.json,nathan-deal,mostly-true,0,speaker_disjoint_split,0,0.20038621228942796,0,0.22536088564984535
11508.json,david-cicilline,half-true,0,speaker_disjoint_split,0,0.2807246946872732,0,0.18807144959389496
2497.json,mark-hinkle,true,0,speaker_disjoint_split,0,0.4588882987594506,0,0.33505416187692144
12785.json,bill-clinton,mostly-true,0,speaker_disjoint_split,1,0.6021964176693538,1,0.5140485518275529
3690.json,national-republican-congressional-committee,mostly-true,0,speaker_disjoint_split,0,0.16711185066755432,0,0.2876591803759816
1402.json,donna-brazile,mostly-true,0,speaker_disjoint_split,1,0.6876991902692434,1,0.5909482650980178
13243.json,donald-trump,barely-true,1,speaker_disjoint_split,1,0.5762489612874032,1,0.7546983261236822
7409.json,dave-joyce,true,0,speaker_disjoint_split,0,0.1543318441423247,0,0.16801896291196308
2129.json,jeanne-shaheen,half-true,0,speaker_disjoint_split,0,0.242585553111417,0,0.332194483646197
3530.json,bob-graham,mostly-true,0,speaker_disjoint_split,0,0.10833825344872576,0,0.11103610320888516
320.json,john-mccain,true,0,speaker_disjoint_split,0,0.24664386739630645,0,0.31035210531537244
7078.json,kirk-watson,mostly-true,0,speaker_disjoint_split,0,0.3019624455041224,1,0.563602523552811
696.json,john-mccain,false,1,speaker_disjoint_split,0,0.44410582772391655,1,0.5294205971277879
4648.json,phil-kent,false,1,speaker_disjoint_split,1,0.5555032520830502,1,0.6394937718817147
10736.json,mike-huebsch,false,1,speaker_disjoint_split,0,0.47579333167387783,0,0.466609668903721
12857.json,donald-trump,false,1,speaker_disjoint_split,1,0.8589250265183036,1,0.7891102993672963
11671.json,debbie-wasserman-schultz,pants-fire,1,speaker_disjoint_split,1,0.7068115960327447,1,0.5928206047432374
1.json,barbara-ann-radnofsky,pants-fire,1,speaker_disjoint_split,1,0.5651163074074889,0,0.3337085587382377
8135.json,dubose-porter,mostly-true,0,speaker_disjoint_split,0,0.20049686052848292,0,0.2586134309599741
4469.json,brad-avakian,false,1,speaker_disjoint_split,0,0.313666865596862,0,0.16041871723018142
6993.json,democratic-congressional-campaign-committee,false,1,speaker_disjoint_split,0,0.4458654867505109,1,0.53561946409881
8700.json,gilberto-hinojosa,half-true,0,speaker_disjoint_split,0,0.2530800872963242,0,0.18281514321070905
5641.json,graeme-zielinski,pants-fire,1,speaker_disjoint_split,1,0.7857386415931534,1,0.5177584968583359
2479.json,scott-walker,barely-true,1,speaker_disjoint_split,1,0.7091065703355257,1,0.7080106795076406
9447.json,democratic-congressional-campaign-committee,false,1,speaker_disjoint_split,0,0.3955022922133509,1,0.5239570358503032
311.json,john-mccain,false,1,speaker_disjoint_split,0,0.31164567596139797,0,0.17883460285106514
2735.json,charlie-crist,barely-true,1,speaker_disjoint_split,0,0.39679694522082554,0,0.39281816418840676
477.json,john-mccain,mostly-true,0,speaker_disjoint_split,1,0.6738123572284757,1,0.6189665138747734
12144.json,tim-finchem,mostly-true,0,speaker_disjoint_split,0,0.32332891542608105,0,0.2366493815789838
11110.json,scott-walker,barely-true,1,speaker_disjoint_split,1,0.5682859657793282,1,0.7647424467287335
8190.json,michael-bloomberg,mostly-true,0,speaker_disjoint_split,0,0.1896795392178539,0,0.2370640501358978
13246.json,national-republican-congressional-committee,false,1,speaker_disjoint_split,1,0.6644771888441418,0,0.439099870926258
2049.json,charlie-crist,true,0,speaker_disjoint_split,0,0.36013186775308437,0,0.2391224703425332
1135.json,david-axelrod,true,0,speaker_disjoint_split,1,0.5795842930234522,0,0.4078247369890622
1898.json,charlie-crist,mostly-true,0,speaker_disjoint_split,1,0.5104423640171157,1,0.6132385874754201
2840.json,dean-cannon,barely-true,1,speaker_disjoint_split,0,0.3921725397403212,0,0.3405566454907441
9341.json,miami-seaport-alliance,mostly-true,0,speaker_disjoint_split,0,0.383944031193012,0,0.34712272737714567
3670.json,david-cicilline,barely-true,1,speaker_disjoint_split,1,0.6055424435725784,1,0.6594316981504961
10892.json,ann-coulter,pants-fire,1,speaker_disjoint_split,0,0.20398845616248346,0,0.3110768604335155
8194.json,bookerfail,barely-true,1,speaker_disjoint_split,0,0.3746416087302153,0,0.39446474304208384
2226.json,debbie-wasserman-schultz,half-true,0,speaker_disjoint_split,1,0.5914732493252819,1,0.8018081567057677
8926.json,national-republican-congressional-committee,half-true,0,speaker_disjoint_split,1,0.6076012386412454,1,0.7954535790913304
5118.json,democratic-party-oregon,barely-true,1,speaker_disjoint_split,1,0.785369477344062,1,0.7625031693138048
8548.json,jeff-merkley,true,0,speaker_disjoint_split,1,0.6598556253511606,1,0.6053155115495562
1359.json,eugene-robinson,mostly-true,0,speaker_disjoint_split,0,0.368058031759545,0,0.45060118942921745
8431.json,larry-elder,false,1,speaker_disjoint_split,1,0.647430867709923,1,0.753132348202108
1036.json,rush-limbaugh,barely-true,1,speaker_disjoint_split,1,0.6668311394734385,1,0.5180924534602779
2530.json,national-republican-congressional-committee,false,1,speaker_disjoint_split,1,0.8149019706407965,1,0.5868781974985035
6622.json,julian-castro,true,0,speaker_disjoint_split,0,0.31072085113912823,0,0.25364855469318576
7564.json,wayne-lapierre,half-true,0,speaker_disjoint_split,1,0.7939561882247688,1,0.5742588344753541
4518.json,gary-johnson,half-true,0,speaker_disjoint_split,0,0.2996869147464073,0,0.35413974127599007
3858.json,jeff-merkley,mostly-true,0,speaker_disjoint_split,0,0.19488699441487145,0,0.2954408821531416
5527.json,state-democratic-party-wisconsin,false,1,speaker_disjoint_split,1,0.5317973496631219,0,0.36182248876633105
8702.json,jeff-merkley,true,0,speaker_disjoint_split,0,0.2365190219131052,0,0.2661542212577399
12264.json,bernie-s,barely-true,1,speaker_disjoint_split,0,0.43713131504076297,0,0.46833545500957946
4271.json,nicholas-scutari,true,0,speaker_disjoint_split,0,0.3988209902059254,1,0.5858522258877765
11804.json,dale-kooyenga,false,1,speaker_disjoint_split,1,0.5484467069891131,0,0.38956112876644644
12030.json,bernie-s,mostly-true,0,speaker_disjoint_split,0,0.37841916046141577,0,0.45023048222176765
4097.json,joseph-trillo,pants-fire,1,speaker_disjoint_split,0,0.1879264338266311,0,0.27998499901857593
11294.json,scott-walker,true,0,speaker_disjoint_split,0,0.41645547233013736,0,0.39909146608042445
532.json,john-mccain,false,1,speaker_disjoint_split,0,0.3162533537914853,0,0.4069712769037259
8810.json,ron-paul,false,1,speaker_disjoint_split,1,0.5574216848617833,0,0.25574785607570194
9088.json,florida-stop-common-core-coalition,half-true,0,speaker_disjoint_split,0,0.43686601652581636,0,0.4431268877283145
1365.json,charlie-crist,half-true,0,speaker_disjoint_split,0,0.22601675014980235,0,0.3325846849390496
5842.json,jana-duty,barely-true,1,speaker_disjoint_split,0,0.488512525249847,0,0.4381644670948033
12878.json,democratic-congressional-campaign-committee,barely-true,1,speaker_disjoint_split,0,0.39382664362304354,1,0.6557905836328781
8315.json,carol-shea-porter,mostly-true,0,speaker_disjoint_split,1,0.6179227063926638,1,0.6372399494217872
91.json,bill-richardson,mostly-true,0,speaker_disjoint_split,0,0.2839229284751217,1,0.5135280202666427
12916.json,donald-trump,false,1,speaker_disjoint_split,0,0.4700148253454395,0,0.4570674694526555
13442.json,donald-trump,pants-fire,1,speaker_disjoint_split,1,0.645808514052467,1,0.5917844928757173
13309.json,donald-trump,pants-fire,1,speaker_disjoint_split,1,0.6389380397769502,1,0.652553716127407
1383.json,michael-bloomberg,half-true,0,speaker_disjoint_split,0,0.31393601170039165,0,0.29107606927427804
117.json,john-mccain,false,1,speaker_disjoint_split,0,0.3741925959660992,0,0.3260331286505197
7560.json,robert-kando,half-true,0,speaker_disjoint_split,0,0.42784545753112335,0,0.3992101496498792
5049.json,ron-paul,false,1,speaker_disjoint_split,0,0.34155279828015345,0,0.40084749383692636
11216.json,alliance-defending-freedom,half-true,0,speaker_disjoint_split,0,0.47756673242507625,0,0.48704541556338604
6216.json,stephen-sweeney,true,0,speaker_disjoint_split,1,0.5229314074235105,0,0.34557584158756166
4246.json,tom-coburn,half-true,0,speaker_disjoint_split,0,0.27738177040374795,0,0.4328016768848655
7955.json,raymond-gallison,half-true,0,speaker_disjoint_split,0,0.30269509493646646,0,0.41341787595485036
12035.json,arnold-schwarzenegger,mostly-true,0,speaker_disjoint_split,0,0.37120973643042887,0,0.3383396543402177
2745.json,national-republican-congressional-committee,false,1,speaker_disjoint_split,1,0.6434552491152492,1,0.8005864653409592
5508.json,texas-democratic-party,mostly-true,0,speaker_disjoint_split,0,0.3582159700361132,0,0.341861323666928
1717.json,house-natural-resources-committee-republicans,barely-true,1,speaker_disjoint_split,0,0.47148828261757475,0,0.47084962382278595
1865.json,thurbert-baker,half-true,0,speaker_disjoint_split,0,0.3590216152684871,0,0.43057883321074614
11537.json,tim-echols,mostly-true,0,speaker_disjoint_split,0,0.30764618453253123,0,0.28327727223589017
1081.json,ann-coulter,false,1,speaker_disjoint_split,1,0.5924714072731414,1,0.634638226613904
8512.json,glenn-beck,pants-fire,1,speaker_disjoint_split,1,0.6688301796516841,1,0.7463784372303759
5376.json,elizabeth-ames-jones,false,1,speaker_disjoint_split,1,0.593948495342859,0,0.48035755903834065
5141.json,rob-cornilles,true,0,speaker_disjoint_split,1,0.5138153641520548,1,0.7927411931583677
9572.json,scott-walker,mostly-true,0,speaker_disjoint_split,1,0.61678076322095,1,0.7172051389798584
2478.json,jeff-merkley,mostly-true,0,speaker_disjoint_split,0,0.2845568288588421,0,0.3367020006801364
10563.json,scott-walker,true,0,speaker_disjoint_split,0,0.2381185969106289,0,0.3015433224949795
12181.json,bernie-s,half-true,0,speaker_disjoint_split,1,0.532888706392233,1,0.5774170056590338
10077.json,mark-shields,barely-true,1,speaker_disjoint_split,0,0.468485311587211,1,0.6103633151963811
5404.json,frank-niceley,pants-fire,1,speaker_disjoint_split,1,0.5282297225207455,0,0.3549514529043598
5989.json,bob-gibbs,true,0,speaker_disjoint_split,0,0.19225428759854307,0,0.17282057411213014
12525.json,louie-gohmert,half-true,0,speaker_disjoint_split,0,0.3384030743580679,0,0.20581729134202906
2766.json,democratic-party-oregon,false,1,speaker_disjoint_split,1,0.5782740079806827,1,0.6926087698222791
4360.json,club-growth,half-true,0,speaker_disjoint_split,1,0.5873420589045621,1,0.7230955945397824
4618.json,sam-adams,barely-true,1,speaker_disjoint_split,0,0.3951156501319426,0,0.1840039159273047
6395.json,steve-doell,true,0,speaker_disjoint_split,0,0.3723042168377909,0,0.2907369342617256
5977.json,scott-walker,barely-true,1,speaker_disjoint_split,0,0.37741095350807535,0,0.4185063675619155
12748.json,donald-trump,true,0,speaker_disjoint_split,0,0.29166940965543525,0,0.33909871292182947
5067.json,bill-pascrell,half-true,0,speaker_disjoint_split,0,0.3056294433705978,0,0.26728600449104206
2220.json,courtney-combs,pants-fire,1,speaker_disjoint_split,1,0.5115829154718513,1,0.6394938374555181
12799.json,michael-bloomberg,mostly-true,0,speaker_disjoint_split,0,0.4979320634553128,1,0.5694455112857824
7805.json,tim-echols,half-true,0,speaker_disjoint_split,0,0.21172790822748358,0,0.43415625547196973
12576.json,donald-trump,pants-fire,1,speaker_disjoint_split,1,0.6367689103033448,0,0.4484686731978686
5622.json,peter-defazio,barely-true,1,speaker_disjoint_split,0,0.2984217180429282,0,0.4949997183740554
11728.json,donald-trump,pants-fire,1,speaker_disjoint_split,1,0.6920651065309507,1,0.8386570559601628
9039.json,rush-limbaugh,false,1,speaker_disjoint_split,1,0.6071727972547686,1,0.6128153312516105
5748.json,lamar-alexander,barely-true,1,speaker_disjoint_split,1,0.6515693689511342,1,0.5939117694188376
2959.json,bernie-s,true,0,speaker_disjoint_split,0,0.28051370466184,0,0.24409326608609067
2045.json,david-axelrod,mostly-true,0,speaker_disjoint_split,1,0.6681193516649125,1,0.5659306790859336
7031.json,david-cicilline,true,0,speaker_disjoint_split,1,0.6082123224860346,1,0.6148384837762165
6507.json,friends-democracy,barely-true,1,speaker_disjoint_split,1,0.602630470334605,1,0.5866331636267956
561.json,john-mccain,false,1,speaker_disjoint_split,0,0.48395809391706507,1,0.6396339133523238
639.json,john-mccain,pants-fire,1,speaker_disjoint_split,1,0.7318225271996514,0,0.4429103069269628
1582.json,cathie-adams,pants-fire,1,speaker_disjoint_split,1,0.6863442389976521,1,0.7018789484685994
513.json,john-mccain,true,0,speaker_disjoint_split,0,0.2494722089597318,0,0.14248113101192272
747.json,john-mccain,mostly-true,0,speaker_disjoint_split,1,0.5048100048478981,0,0.4658130823767559
3873.json,austan-goolsbee,mostly-true,0,speaker_disjoint_split,0,0.10523747878343372,0,0.14669138232662066
3214.json,joe-biden,barely-true,1,speaker_disjoint_split,0,0.2954531737121152,0,0.21525919276472888
5818.json,ron-paul,false,1,speaker_disjoint_split,1,0.6922757358836845,1,0.5166069678645924
3680.json,kathleen-sebelius,mostly-true,0,speaker_disjoint_split,1,0.6548009703409539,0,0.40942299987075514
12956.json,donald-trump,barely-true,1,speaker_disjoint_split,1,0.6326045473367101,1,0.5534969721859253
12320.json,julian-castro,half-true,0,speaker_disjoint_split,1,0.738591482297457,0,0.49630708170369525
10136.json,national-republican-congressional-committee,barely-true,1,speaker_disjoint_split,0,0.4352257823894176,0,0.32128315146043424
3742.json,john-kasich,true,0,speaker_disjoint_split,0,0.32003580290919725,0,0.4315874003099193
5686.json,john-kasich,true,0,speaker_disjoint_split,0,0.28812607102591375,0,0.32544184939560616
2100.json,john-mccain,barely-true,1,speaker_disjoint_split,1,0.5564582423541473,0,0.48655399287209494
7451.json,greg-walden,barely-true,1,speaker_disjoint_split,1,0.5408526018284682,1,0.6881614864774337
158.json,joe-biden,false,1,speaker_disjoint_split,0,0.36386368316197126,0,0.25873004803646693
2548.json,national-republican-congressional-committee,barely-true,1,speaker_disjoint_split,0,0.32488453637620474,0,0.3962456364002
11222.json,rhode-island-center-freedom-and-prosperity,half-true,0,speaker_disjoint_split,1,0.6391243212655665,0,0.47799641032454704
12614.json,charlie-crist,barely-true,1,speaker_disjoint_split,0,0.4932450046694805,0,0.4715300205300462
12597.json,arizona-house-democrats,mostly-true,0,speaker_disjoint_split,1,0.5200445760871208,1,0.5136870853196296
10772.json,scott-walker,false,1,speaker_disjoint_split,0,0.4396246516000601,1,0.5441816748782579
2031.json,anthony-gemma,false,1,speaker_disjoint_split,1,0.6381255946610537,1,0.784277138141442
1946.json,fair-districts-florida,true,0,speaker_disjoint_split,0,0.3533637927976556,0,0.10730803414281874
6672.json,julian-castro,mostly-true,0,speaker_disjoint_split,0,0.30373114650731564,0,0.23214462672032368
3824.json,ej-finocchio,false,1,speaker_disjoint_split,1,0.5426040407539167,1,0.5641027407283996
8806.json,democratic-congressional-campaign-committee,half-true,0,speaker_disjoint_split,0,0.3182121536392065,1,0.5646872307097022
12607.json,donald-trump,half-true,0,speaker_disjoint_split,0,0.4386864951990122,0,0.49904851343110335
687.json,john-mccain,barely-true,1,speaker_disjoint_split,0,0.3309210366561231,0,0.4277699633579617
182.json,bill-richardson,true,0,speaker_disjoint_split,0,0.23832253998115607,0,0.21554990703143956
10862.json,eric-turner,pants-fire,1,speaker_disjoint_split,0,0.2240687470414292,0,0.2224799728818893
7863.json,republican-governors-association,mostly-true,0,speaker_disjoint_split,0,0.4588054175424245,0,0.3052591756687869
6196.json,majority-pac,barely-true,1,speaker_disjoint_split,0,0.35904675308133854,0,0.13375753053279144
11866.json,bernie-s,half-true,0,speaker_disjoint_split,1,0.5902239425350142,0,0.46632665462904965
2281.json,michael-bloomberg,true,0,speaker_disjoint_split,1,0.6250121260236395,1,0.5433090168103358
7813.json,lynn-derbyshire,mostly-true,0,speaker_disjoint_split,0,0.3028788310392045,0,0.3468005339307552
778.json,john-mccain,false,1,speaker_disjoint_split,0,0.1587483665298595,0,0.18824917053913964
9131.json,republican-governors-association,mostly-true,0,speaker_disjoint_split,1,0.5203727384238475,1,0.5085416396854867
1281.json,claire-mccaskill,true,0,speaker_disjoint_split,0,0.4954932217545366,1,0.6236394371496218
9715.json,dennis-richardson,true,0,speaker_disjoint_split,0,0.2746152456680774,0,0.226634342153299
3230.json,donald-trump,pants-fire,1,speaker_disjoint_split,1,0.5322317085624017,1,0.7153560747907901
6105.json,ron-paul,barely-true,1,speaker_disjoint_split,0,0.2114459301654344,0,0.22149586455887313
9846.json,charlie-crist,false,1,speaker_disjoint_split,1,0.7599478341187152,1,0.6212576757387097
6907.json,joe-biden,true,0,speaker_disjoint_split,1,0.6109023916013909,0,0.4906872799342599
4341.json,regina-benjamin,true,0,speaker_disjoint_split,0,0.37707544165082024,0,0.35857542453804936
1536.json,debbie-wasserman-schultz,mostly-true,0,speaker_disjoint_split,0,0.2705969936930643,0,0.40785099099901584
12978.json,david-plouffe,mostly-true,0,speaker_disjoint_split,0,0.37904386676433766,0,0.4596199520437971
13107.json,donald-trump,pants-fire,1,speaker_disjoint_split,1,0.501049605500463,0,0.4429335829951617
2949.json,bernie-s,false,1,speaker_disjoint_split,0,0.30328658094824684,0,0.2066666575141165
13158.json,vote-no-2,half-true,0,speaker_disjoint_split,1,0.6234796520768504,0,0.35123464746815597
12700.json,scott-walker,true,0,speaker_disjoint_split,0,0.17942706442344636,0,0.31206430389935014
4046.json,national-republican-congressional-committee,false,1,speaker_disjoint_split,1,0.5966922902623846,0,0.3860447172494022
62.json,bill-richardson,mostly-true,0,speaker_disjoint_split,1,0.5137223702335896,0,0.44016479909841266
5207.json,silvestre-reyes,half-true,0,speaker_disjoint_split,0,0.21717579216455826,0,0.28964227734912507
7480.json,al-cardenas,false,1,speaker_disjoint_split,0,0.36230625258083776,0,0.4894538323378593
3412.json,jeff-merkley,mostly-true,0,speaker_disjoint_split,0,0.4368020659539111,0,0.46761041984547713
11382.json,donald-trump,false,1,speaker_disjoint_split,0,0.38752147664371583,0,0.25884943632129875
4520.json,jennette-gayer,half-true,0,speaker_disjoint_split,0,0.3678857524093293,0,0.3773429087808346
2510.json,promote-oregon-leadership-pac-oregon-house-republi,false,1,speaker_disjoint_split,1,0.5787358088919102,1,0.5711673257329041
1808.json,charlie-crist,false,1,speaker_disjoint_split,1,0.6013232886781666,0,0.4447238520998437
4039.json,jeff-fitzgerald,pants-fire,1,speaker_disjoint_split,0,0.4705836324732268,0,0.48246728861792315
7190.json,don-pridemore,true,0,speaker_disjoint_split,0,0.19036365713782444,0,0.15578535047794154
8861.json,national-republican-congressional-committee,half-true,0,speaker_disjoint_split,1,0.6666121970734921,1,0.6810550646903861
5111.json,jon-huntsman,barely-true,1,speaker_disjoint_split,0,0.3556838370182218,0,0.37251908811987106
12440.json,dale-kooyenga,half-true,0,speaker_disjoint_split,0,0.23892572719236818,0,0.29907661291248455
4555.json,bernie-s,true,0,speaker_disjoint_split,0,0.14051901328697716,0,0.2258259294078723
1821.json,tim-kaine,half-true,0,speaker_disjoint_split,0,0.2807605871727128,0,0.3515532944377095
7973.json,ken-cuccinelli,false,1,speaker_disjoint_split,1,0.6298341064010495,1,0.5907402564478882
3799.json,evan-longoria,pants-fire,1,speaker_disjoint_split,1,0.5787871830142942,1,0.6816758457971935
7413.json,wayne-lapierre,false,1,speaker_disjoint_split,0,0.3250031597932244,0,0.2920633964175396
11042.json,ron-paul,true,0,speaker_disjoint_split,0,0.45906121028693503,0,0.44096321183009846
7099.json,health-first-wisconsin,false,1,speaker_disjoint_split,0,0.2793977753366109,0,0.2530059786386213
7835.json,republican-party-florida,barely-true,1,speaker_disjoint_split,0,0.4430331981911221,1,0.5766880366300228
9963.json,charlie-crist,half-true,0,speaker_disjoint_split,0,0.3437641502532745,0,0.24589349943030528
13141.json,stop-57-campaign,barely-true,1,speaker_disjoint_split,0,0.4991059180277744,0,0.31785852550182925
9755.json,nextgen-climate,half-true,0,speaker_disjoint_split,1,0.6804363307597254,1,0.5948704035977476
11129.json,bernie-s,mostly-true,0,speaker_disjoint_split,0,0.152139530472253,0,0.0841418460530939
13504.json,dan-patrick,mostly-true,0,speaker_disjoint_split,0,0.11558181692630395,0,0.1592635839127209
1164.json,organizing-america,pants-fire,1,speaker_disjoint_split,1,0.513523502426837,1,0.7273210064260143
11818.json,donald-trump,false,1,speaker_disjoint_split,1,0.6322692259783894,1,0.664835250171365
12744.json,donald-trump,mostly-true,0,speaker_disjoint_split,0,0.35133138915767986,1,0.5224141938722036
12574.json,scott-walker,mostly-true,0,speaker_disjoint_split,0,0.3821447326425189,0,0.3007145982229834
10692.json,scott-walker,barely-true,1,speaker_disjoint_split,0,0.48324836094658025,1,0.6230294759202785
11381.json,mark-kelly,half-true,0,speaker_disjoint_split,0,0.4648383829565633,0,0.3870901838923326
6897.json,joe-biden,half-true,0,speaker_disjoint_split,0,0.40945762898358584,0,0.3377767755783537
12757.json,donald-trump,mostly-true,0,speaker_disjoint_split,0,0.4181253954172208,1,0.6006476887112261
5299.json,susan-combs,false,1,speaker_disjoint_split,1,0.7389889207357854,1,0.6276978266477514
7563.json,michael-bloomberg,true,0,speaker_disjoint_split,1,0.5385284161601008,0,0.3902633745770022
8329.json,saxby-chambliss,barely-true,1,speaker_disjoint_split,1,0.5854211989779127,1,0.5197368196239349
4387.json,chip-rogers,mostly-true,0,speaker_disjoint_split,1,0.5476473672106748,0,0.4415499501557276
8451.json,amardeep-kaleka,pants-fire,1,speaker_disjoint_split,0,0.4451565458227488,0,0.4179723459580678
12504.json,blog-posting,pants-fire,1,speaker_disjoint_split,0,0.3580050306128627,0,0.4945619262452631
11074.json,don-beyer,half-true,0,speaker_disjoint_split,1,0.6133325761215435,1,0.7743876998310285
8262.json,charlie-crist,barely-true,1,speaker_disjoint_split,0,0.4758848906681603,0,0.40497353664123104
13239.json,donald-trump,barely-true,1,speaker_disjoint_split,0,0.47147659972592193,1,0.6035788935482737
1592.json,david-axelrod,half-true,0,speaker_disjoint_split,1,0.5903896787567494,1,0.6037690065660635
5473.json,aclu-florida,mostly-true,0,speaker_disjoint_split,0,0.17355473806075444,0,0.21874221465228066
3408.json,alan-powell,mostly-true,0,speaker_disjoint_split,1,0.6052781333703371,0,0.4560397998687139
1155.json,michael-steele,pants-fire,1,speaker_disjoint_split,0,0.4869492869940253,0,0.36196979560553366
1122.json,club-growth,false,1,speaker_disjoint_split,1,0.7050585780062021,1,0.7621236490481812
12803.json,tim-kaine,half-true,0,speaker_disjoint_split,1,0.5810092920279009,1,0.7201373485386887
5409.json,kathleen-vinehout,false,1,speaker_disjoint_split,0,0.32118943006163936,0,0.36827147193578025
7313.json,steve-henson,half-true,0,speaker_disjoint_split,0,0.3979007011439439,0,0.34091904699539444
4809.json,joe-biden,true,0,speaker_disjoint_split,0,0.27495605495772035,0,0.2774370922444642
12366.json,philadelphia-daily-news,half-true,0,speaker_disjoint_split,1,0.5916535395788494,1,0.5903723021084002
4778.json,lynn-westmoreland,true,0,speaker_disjoint_split,0,0.16323636791307444,0,0.19874444352148765
7908.json,peter-roskam,mostly-true,0,speaker_disjoint_split,0,0.42761793020971256,0,0.308171375629395
9287.json,scott-walker,half-true,0,speaker_disjoint_split,0,0.4517866328568207,1,0.5831647285809435
4795.json,david-plouffe,mostly-true,0,speaker_disjoint_split,1,0.6955997498193772,1,0.6542375970114495
4534.json,john-kasich,true,0,speaker_disjoint_split,1,0.7380796068216304,1,0.642217512304622
7738.json,scott-walker,false,1,speaker_disjoint_split,0,0.3748367763617656,0,0.39402421969151463
2755.json,john-kasich,half-true,0,speaker_disjoint_split,0,0.39995277869776763,0,0.48051369372582087
9949.json,scott-walker,half-true,0,speaker_disjoint_split,1,0.5504150323346889,1,0.7421784779376881
11069.json,allison-tant,barely-true,1,speaker_disjoint_split,0,0.4582297393371921,1,0.584768532523216
12409.json,william-devereaux,true,0,speaker_disjoint_split,0,0.48786093564120353,0,0.3454404803806553
9898.json,angel-taveras,barely-true,1,speaker_disjoint_split,1,0.7535222463277201,1,0.741351383435256
12400.json,donald-trump,barely-true,1,speaker_disjoint_split,0,0.32551192079572977,0,0.31698079028798243
6802.json,david-cicilline,barely-true,1,speaker_disjoint_split,1,0.7304533825278257,1,0.5829188691293543
2957.json,teresa-fedor,barely-true,1,speaker_disjoint_split,0,0.18129737860969403,0,0.17505216588004038
1617.json,charlie-crist,half-true,0,speaker_disjoint_split,0,0.3538834835994446,0,0.23001998273986457
8930.json,jonathan-boucher,pants-fire,1,speaker_disjoint_split,0,0.4113007303506534,0,0.3103877962564729
5684.json,lenny-curry,barely-true,1,speaker_disjoint_split,0,0.16602117620410545,0,0.08441691545602548
13481.json,corey-stewart,false,1,speaker_disjoint_split,1,0.5022602174425395,1,0.7114315255151807
8386.json,bill-burton,mostly-true,0,speaker_disjoint_split,0,0.47998534092177275,0,0.48973776161277355
8542.json,ken-detzner,false,1,speaker_disjoint_split,0,0.3073894351498997,0,0.11908364690749072
1026.json,richard-durbin,true,0,speaker_disjoint_split,0,0.41452468460432546,0,0.4019197285265824
7215.json,louie-gohmert,false,1,speaker_disjoint_split,1,0.7634840005221926,0,0.4498684020129392
6737.json,gary-johnson,mostly-true,0,speaker_disjoint_split,0,0.3938049501849993,0,0.41531417408717203
11871.json,bernie-s,barely-true,1,speaker_disjoint_split,0,0.4098284684795961,1,0.5094409302222017
3473.json,armond-budish,mostly-true,0,speaker_disjoint_split,0,0.37743932415762343,1,0.5566212474165189
3309.json,cliff-stearns,true,0,speaker_disjoint_split,0,0.34229758975577856,0,0.3667562134850726
1488.json,joe-biden,true,0,speaker_disjoint_split,0,0.4663739829309444,0,0.2878677292476793
9127.json,arian-foster,half-true,0,speaker_disjoint_split,0,0.4047539982832241,1,0.609226169123965
3379.json,mike-huebsch,pants-fire,1,speaker_disjoint_split,1,0.8534249357462338,1,0.6260638522369173
8895.json,keith-ellison,mostly-true,0,speaker_disjoint_split,0,0.14658718028352913,0,0.24708531962890254
11167.json,donald-trump,false,1,speaker_disjoint_split,1,0.6044486006594653,1,0.7307325248524821
99.json,john-mccain,true,0,speaker_disjoint_split,0,0.4576857577329338,0,0.40605593571766657
1701.json,bill-clinton,true,0,speaker_disjoint_split,0,0.40082450523703694,0,0.4816681182900357
7503.json,dan-patrick,mostly-true,0,speaker_disjoint_split,0,0.491760392003394,0,0.2978019619803116
13368.json,donald-trump,half-true,0,speaker_disjoint_split,0,0.11694783236098528,0,0.12324413942870449
12115.json,donald-trump,half-true,0,speaker_disjoint_split,0,0.34441033229389606,0,0.3163292835724489
10658.json,blog-posting,false,1,speaker_disjoint_split,1,0.6668316222256121,1,0.8141249952623398
8120.json,nancy-gordeuk,half-true,0,speaker_disjoint_split,0,0.43366054464476494,1,0.5419972966076337
11260.json,blog-posting,pants-fire,1,speaker_disjoint_split,1,0.7355386672547134,1,0.815509557684857
9722.json,blog-posting,pants-fire,1,speaker_disjoint_split,1,0.6999327932196594,1,0.6776335552594921
11134.json,blog-posting,false,1,speaker_disjoint_split,1,0.7827854753996754,1,0.8824452574392058
11366.json,bernie-s,mostly-true,0,speaker_disjoint_split,1,0.5302851623975605,1,0.631238426592472
13080.json,donald-trump,mostly-true,0,speaker_disjoint_split,1,0.5060394235790949,0,0.45642131636631306
1285.json,bill-oreilly,false,1,speaker_disjoint_split,1,0.574337238472597,1,0.708327831230622
11124.json,donald-trump,pants-fire,1,speaker_disjoint_split,0,0.18330813223228543,0,0.14694228503492693
10436.json,john-kasich,pants-fire,1,speaker_disjoint_split,1,0.8069887583734843,1,0.7949888501950887
11175.json,ben-carson,false,1,speaker_disjoint_split,1,0.6005641941947653,0,0.4548749787544957
10976.json,eugene-robinson,mostly-true,0,speaker_disjoint_split,1,0.6530598824226995,1,0.7212358674828152
11678.json,donald-trump,barely-true,1,speaker_disjoint_split,1,0.7497242914502626,1,0.6429713000844484
6342.json,tim-kaine,true,0,speaker_disjoint_split,0,0.33863166939607325,1,0.5077727546817212
8877.json,ann-coulter,pants-fire,1,speaker_disjoint_split,1,0.5049832531227105,1,0.5735899230888312
328.json,john-mccain,barely-true,1,speaker_disjoint_split,0,0.30720918738021175,0,0.26141811387252506
8867.json,charlie-crist,barely-true,1,speaker_disjoint_split,1,0.6377538897048017,1,0.5229066418843434
9145.json,scott-walker,false,1,speaker_disjoint_split,0,0.34189166615545435,0,0.4240877868811132
11797.json,bernie-s,mostly-true,0,speaker_disjoint_split,1,0.5602565769504051,1,0.585855970387808
5135.json,angel-taveras,half-true,0,speaker_disjoint_split,0,0.17397808583498883,0,0.39383024472256567
712.json,john-mccain,pants-fire,1,speaker_disjoint_split,1,0.5434506637706917,1,0.6426095699816446
6074.json,samuel-wurzelbacher,mostly-true,0,speaker_disjoint_split,0,0.48994991817557154,1,0.6995003418263718
627.json,john-mccain,true,0,speaker_disjoint_split,0,0.2909528316437979,0,0.35266974694240405
11439.json,jason-villalba,pants-fire,1,speaker_disjoint_split,1,0.7395477071119955,1,0.6243740459102671
12582.json,tim-kaine,mostly-true,0,speaker_disjoint_split,1,0.6948588035581742,1,0.7009568240567907
10486.json,scott-walker,pants-fire,1,speaker_disjoint_split,1,0.5039244649910861,1,0.6930146930322786
12254.json,donald-trump,false,1,speaker_disjoint_split,0,0.3885518073559723,1,0.5301380136341893
2924.json,tom-coburn,false,1,speaker_disjoint_split,0,0.38459475776167096,0,0.38606745331178444
13496.json,blog-posting,false,1,speaker_disjoint_split,1,0.565071527528777,1,0.7420924929328324
8161.json,scott-walker,false,1,speaker_disjoint_split,0,0.343072417120492,1,0.570589594936219
3817.json,armond-budish,true,0,speaker_disjoint_split,0,0.4767899242730246,0,0.26955214728922394
2462.json,patrick-rose,barely-true,1,speaker_disjoint_split,0,0.470540926416345,0,0.4874776945889536
9208.json,dan-patrick,mostly-true,0,speaker_disjoint_split,0,0.25541696382282664,0,0.24669850760040268
8465.json,diane-ravitch,barely-true,1,speaker_disjoint_split,1,0.6280691788415097,1,0.6539631815406798
8521.json,larry-elder,barely-true,1,speaker_disjoint_split,0,0.34065918058201755,0,0.43542955310162146
6818.json,ohio-republican-party,false,1,speaker_disjoint_split,1,0.5555651145172356,1,0.6725214800965025
12273.json,ben-carson,mostly-true,0,speaker_disjoint_split,0,0.4020439548635952,0,0.3789104346663262
731.json,blog-posting,half-true,0,speaker_disjoint_split,1,0.5301419157425149,1,0.7589224453948211
4796.json,john-kasich,mostly-true,0,speaker_disjoint_split,0,0.24711991551714657,0,0.17816777066800307
12347.json,michael-oneill,mostly-true,0,speaker_disjoint_split,1,0.6119731396604354,1,0.7738807755748541
7718.json,friends-miami-first,half-true,0,speaker_disjoint_split,1,0.5273333084225799,0,0.4539519678072511
5735.json,scott-walker,half-true,0,speaker_disjoint_split,1,0.6689168086884798,1,0.8250925281554987
2451.json,charlie-crist,pants-fire,1,speaker_disjoint_split,0,0.4274244691830971,0,0.44225002630864924
12555.json,donald-trump,false,1,speaker_disjoint_split,0,0.4066369585860003,1,0.525406944945749
790.json,john-mccain,pants-fire,1,speaker_disjoint_split,1,0.7450127450123026,1,0.537488928806109
9357.json,debbie-wasserman-schultz,mostly-true,0,speaker_disjoint_split,0,0.47265065973764514,0,0.3446982081968432
5639.json,bill-pascrell,half-true,0,speaker_disjoint_split,1,0.6610787117441747,1,0.6179754442332016
2800.json,sonny-perdue,half-true,0,speaker_disjoint_split,0,0.2369877073086587,0,0.46958677432084084
4604.json,jon-huntsman,pants-fire,1,speaker_disjoint_split,1,0.6741524236501941,0,0.4365131589769496
11447.json,donald-trump,false,1,speaker_disjoint_split,0,0.34105089060699484,0,0.2985396184645391
6389.json,nathan-deal,barely-true,1,speaker_disjoint_split,0,0.42610815202242225,0,0.4636554310552373
2008.json,charlie-crist,mostly-true,0,speaker_disjoint_split,0,0.3129281452134119,0,0.21456562010898866
10160.json,lloyd-doggett,half-true,0,speaker_disjoint_split,1,0.5587081971127035,0,0.42176750867870316
410.json,blog-posting,pants-fire,1,speaker_disjoint_split,1,0.698384765129183,1,0.7210185043851459
12249.json,pat-mccrory,barely-true,1,speaker_disjoint_split,1,0.5665863169707726,1,0.6031959468422994
4281.json,ron-paul,half-true,0,speaker_disjoint_split,0,0.30167058093759536,0,0.23733237892226874
1537.json,republican-party-florida,mostly-true,0,speaker_disjoint_split,0,0.4522141274626778,0,0.4374633305304727
9068.json,karl-rove,barely-true,1,speaker_disjoint_split,0,0.25933071581516265,0,0.2369406932971335
11854.json,michael-m-crow,mostly-true,0,speaker_disjoint_split,0,0.2107120920352313,0,0.13435854275548517
8235.json,mayors-against-illegal-guns,half-true,0,speaker_disjoint_split,1,0.7640803824112183,1,0.684391397073647
13494.json,donald-trump,pants-fire,1,speaker_disjoint_split,1,0.6912923648587413,1,0.6615868820434198
7050.json,democratic-party-oregon,half-true,0,speaker_disjoint_split,1,0.6758941120165936,1,0.6854464228306482
1771.json,vern-buchanan,true,0,speaker_disjoint_split,0,0.38939470819267047,0,0.30656745607096575
13196.json,tim-kaine,mostly-true,0,speaker_disjoint_split,0,0.4806665301345888,0,0.4975980992972887
11359.json,john-kasich,barely-true,1,speaker_disjoint_split,0,0.41718880436332406,0,0.4163293114251348
9526.json,bill-clinton,half-true,0,speaker_disjoint_split,0,0.4313202539233299,0,0.39345638686776424
12072.json,john-kasich,false,1,speaker_disjoint_split,1,0.5460636495553791,1,0.5098118141468234
406.json,john-mccain,false,1,speaker_disjoint_split,1,0.6318319765264696,1,0.6774830424313727
7712.json,john-mccain,half-true,0,speaker_disjoint_split,0,0.14722418324268713,0,0.21889959060215783
10950.json,donald-trump,pants-fire,1,speaker_disjoint_split,0,0.2585255773588125,0,0.24187733066072767
8200.json,janet-napolitano,barely-true,1,speaker_disjoint_split,1,0.6939594002000691,1,0.7391418710223904
10431.json,nathan-deal,mostly-true,0,speaker_disjoint_split,1,0.5295361583263778,0,0.4088049766052184
5350.json,wayne-lapierre,barely-true,1,speaker_disjoint_split,0,0.36825463453794693,0,0.448444843767715
3906.json,debbie-wasserman-schultz,false,1,speaker_disjoint_split,0,0.43997901545431545,0,0.3644326849981847
5630.json,jimmie-t-smith,false,1,speaker_disjoint_split,0,0.4051302448415762,1,0.506780123733426
9640.json,fresh-start-pa,mostly-true,0,speaker_disjoint_split,0,0.3689719595341975,0,0.41349551253925393
6608.json,sam-olens,mostly-true,0,speaker_disjoint_split,1,0.560461601288785,0,0.4569118101190345
13419.json,donald-trump,barely-true,1,speaker_disjoint_split,0,0.22495369892084627,0,0.23794587875935258
8215.json,cynthia-lummis,mostly-true,0,speaker_disjoint_split,0,0.4120964540367824,0,0.12212304881505812
745.json,john-mccain,barely-true,1,speaker_disjoint_split,0,0.40132932087361095,1,0.5532881409904777
12375.json,blog-posting,pants-fire,1,speaker_disjoint_split,0,0.4607016154934194,1,0.5652789232521129
480.json,blog-posting,pants-fire,1,speaker_disjoint_split,1,0.5126034842067491,1,0.6520898466811214
5882.json,freedom-pac,half-true,0,speaker_disjoint_split,1,0.5596702248859298,1,0.7149551528125723
8649.json,bill-oreilly,mostly-true,0,speaker_disjoint_split,1,0.6910520357361105,1,0.7378234702113886
11248.json,bernie-s,mostly-true,0,speaker_disjoint_split,0,0.3674895012322028,0,0.3559414782936893
11908.json,donald-trump,false,1,speaker_disjoint_split,1,0.6477020611711936,1,0.7259144615348521
3041.json,debbie-wasserman-schultz,true,0,speaker_disjoint_split,1,0.6846460489871484,1,0.5765790022149796
2095.json,blog-posting,false,1,speaker_disjoint_split,1,0.7276909816908966,1,0.579733622888512
10084.json,charlie-crist,true,0,speaker_disjoint_split,0,0.42002160055968785,1,0.5615218907750951
2298.json,glenn-beck,true,0,speaker_disjoint_split,0,0.2844615925775037,0,0.32157176926299125
13468.json,americanpoliticnews,pants-fire,1,speaker_disjoint_split,0,0.4642940141758767,0,0.40675165618045706
2048.json,ron-paul,true,0,speaker_disjoint_split,0,0.37110487630634365,0,0.2721066247750262
13093.json,david-jolly,half-true,0,speaker_disjoint_split,1,0.7065778556768207,1,0.7042217104442786
7103.json,carolyn-medeiros,true,0,speaker_disjoint_split,1,0.5165318252674346,0,0.27051309172608506
3773.json,nathan-deal,false,1,speaker_disjoint_split,0,0.2525494238358676,0,0.21661376426080725
10740.json,bernie-s,mostly-true,0,speaker_disjoint_split,0,0.24411294623828553,0,0.28964868624335394
11166.json,john-kasich,mostly-true,0,speaker_disjoint_split,0,0.374496211259696,0,0.4733229025355369
6243.json,american-commitment,barely-true,1,speaker_disjoint_split,1,0.5177638210398409,1,0.8005475036608606
12176.json,donald-trump,half-true,0,speaker_disjoint_split,0,0.20099912969517275,0,0.37579493510291806
8541.json,scott-walker,true,0,speaker_disjoint_split,0,0.4993422479852419,0,0.3769351886710988
2266.json,florida-first-initiative,false,1,speaker_disjoint_split,1,0.749371680990294,1,0.697258066470455
5175.json,nathan-deal,half-true,0,speaker_disjoint_split,1,0.717095366817921,1,0.6073735454948549
10071.json,charlie-crist,true,0,speaker_disjoint_split,0,0.2774539713332945,0,0.365584522651939
6146.json,david-plouffe,true,0,speaker_disjoint_split,0,0.31310113221134694,0,0.2181462294527954
6838.json,john-kasich,mostly-true,0,speaker_disjoint_split,0,0.28105032578551625,0,0.2614219050171044
8712.json,kimberly-nelson,true,0,speaker_disjoint_split,0,0.4514071588983485,1,0.559454099316433
7242.json,bill-pascrell,mostly-true,0,speaker_disjoint_split,0,0.15765867870724348,0,0.1643139232118101
8717.json,blog-posting,pants-fire,1,speaker_disjoint_split,1,0.8627227342057292,1,0.8804373410656102
1807.json,national-republican-congressional-committee,false,1,speaker_disjoint_split,1,0.6826582097757172,1,0.6609187185128256
5515.json,sam-adams,half-true,0,speaker_disjoint_split,0,0.25966581458168636,0,0.19982770838800137
9026.json,allen-peake,half-true,0,speaker_disjoint_split,0,0.26585673655920944,0,0.26037732525743157
11343.json,martin-shkreli,false,1,speaker_disjoint_split,0,0.40301817555500663,0,0.2529487744949565
10150.json,charlie-crist,barely-true,1,speaker_disjoint_split,0,0.3343938816293303,0,0.409700863543488
4030.json,jeff-tittel,false,1,speaker_disjoint_split,0,0.3882419116207482,1,0.519724872407008
301.json,bill-clinton,false,1,speaker_disjoint_split,0,0.3147850645850862,0,0.2901921140624308
11326.json,karl-rove,mostly-true,0,speaker_disjoint_split,0,0.17914257594441121,0,0.20280807885344818
6246.json,american-commitment,false,1,speaker_disjoint_split,0,0.4458994355954853,1,0.8145978717296253
717.json,joe-biden,half-true,0,speaker_disjoint_split,1,0.5497290794219951,0,0.46603417533559455
580.json,john-mccain,false,1,speaker_disjoint_split,1,0.726663626865247,1,0.8258856267126778
12393.json,chris-sgro,false,1,speaker_disjoint_split,0,0.48940214481241995,0,0.49928601058643995
8266.json,debbie-wasserman-schultz,pants-fire,1,speaker_disjoint_split,1,0.6705172601293047,1,0.5409425584894709
10642.json,don-beyer,false,1,speaker_disjoint_split,0,0.40147413351013805,1,0.50580640856381
9290.json,tom-coburn,barely-true,1,speaker_disjoint_split,0,0.27026661382355144,0,0.19925767277328296
6860.json,laurie-monnes-anderson,false,1,speaker_disjoint_split,1,0.8273288959699525,1,0.7797285031037753
11574.json,bernie-s,mostly-true,0,speaker_disjoint_split,0,0.42760207718959037,0,0.42436035080072065
337.json,john-mccain,barely-true,1,speaker_disjoint_split,0,0.27768093712891606,0,0.31791412364695604
3839.json,national-republican-congressional-committee,pants-fire,1,speaker_disjoint_split,0,0.4838780654072295,1,0.6641030519019187
4787.json,ron-paul,true,0,speaker_disjoint_split,0,0.3836843877746167,0,0.4833494169034243
12646.json,debbie-wasserman-schultz,mostly-true,0,speaker_disjoint_split,0,0.41126401105426214,0,0.2684935251020205
760.json,john-mccain,false,1,speaker_disjoint_split,1,0.5009488014892177,1,0.7913706975744341
641.json,john-mccain,mostly-true,0,speaker_disjoint_split,0,0.4262719281039663,0,0.2956781537509206
9858.json,mark-begich,pants-fire,1,speaker_disjoint_split,1,0.5237946816856565,1,0.7170551281052198
10541.json,joseph-yost,mostly-true,0,speaker_disjoint_split,0,0.44149138958758505,0,0.3076038472601244
733.json,john-mccain,barely-true,1,speaker_disjoint_split,0,0.3059715718347658,0,0.3134438757311965
11857.json,bernie-s,false,1,speaker_disjoint_split,0,0.45252794627535226,0,0.3317421163152976
2634.json,democratic-congressional-campaign-committee,half-true,0,speaker_disjoint_split,0,0.4435777810085011,1,0.6033064602304044
8731.json,gus-bilirakis,false,1,speaker_disjoint_split,0,0.4157054289142422,0,0.25422156855723854
9878.json,jeff-merkley,half-true,0,speaker_disjoint_split,0,0.2488651058139855,0,0.22778760086687544
2139.json,donna-brazile,true,0,speaker_disjoint_split,0,0.34383012092281445,0,0.28380860567384664
5068.json,david-cicilline,mostly-true,0,speaker_disjoint_split,0,0.2468882374251693,0,0.20837213116541223
11801.json,bernie-s,false,1,speaker_disjoint_split,0,0.13958805262626606,0,0.16617816108807898
6652.json,bill-clinton,true,0,speaker_disjoint_split,1,0.6193677637965254,0,0.47412771233638334
399.json,campaign-defend-america,mostly-true,0,speaker_disjoint_split,1,0.6122844748793512,0,0.4347714824177379
12275.json,pat-mccrory,false,1,speaker_disjoint_split,0,0.4301337985074095,0,0.25025079612090256
13096.json,donald-trump,true,0,speaker_disjoint_split,0,0.16953511122194678,0,0.16978763206563968
428.json,bill-clinton,pants-fire,1,speaker_disjoint_split,0,0.3421652942094638,1,0.5271966311610471
12042.json,bernie-s,mostly-true,0,speaker_disjoint_split,0,0.2547648780284109,0,0.3521723233165369
7839.json,oregon-pta,true,0,speaker_disjoint_split,0,0.1814151512914621,0,0.2801406155795885
10126.json,scott-walker,false,1,speaker_disjoint_split,0,0.429320024486011,1,0.5000879121311371
7956.json,richard-durbin,half-true,0,speaker_disjoint_split,0,0.3743166661701806,1,0.5029221005066815
1335.json,orrin-hatch,barely-true,1,speaker_disjoint_split,1,0.8007482925763165,1,0.7469265649863915
5372.json,scott-walker,pants-fire,1,speaker_disjoint_split,0,0.4820892777750798,0,0.4593245765342246
4676.json,ron-paul,false,1,speaker_disjoint_split,1,0.7712643612536035,1,0.5186153678646441
1741.json,arlen-specter,true,0,speaker_disjoint_split,1,0.622226268440501,1,0.5386309606383199
11047.json,ben-ferguson,barely-true,1,speaker_disjoint_split,0,0.4246719753380444,0,0.25819766946940553
12117.json,bernie-s,half-true,0,speaker_disjoint_split,0,0.4064059470327364,1,0.5531214681503454
3066.json,ohio-alliance-retired-americans,false,1,speaker_disjoint_split,1,0.6126744230449979,1,0.8273307672934813
519.json,john-mccain,barely-true,1,speaker_disjoint_split,1,0.5336681013467405,0,0.470827170601341
6757.json,its-still-bad-idea,mostly-true,0,speaker_disjoint_split,1,0.5829808324146198,0,0.4922593928398618
1758.json,jan-brewer,barely-true,1,speaker_disjoint_split,1,0.5459615136358222,1,0.5648520061603883
4219.json,ash-williams,false,1,speaker_disjoint_split,1,0.5412609320925714,0,0.40033132964763124
12751.json,donald-trump,true,0,speaker_disjoint_split,0,0.22131080389144922,0,0.3491099491048563
5942.json,graeme-zielinski,pants-fire,1,speaker_disjoint_split,1,0.579143204404152,0,0.37352106605973123
9999.json,dan-patrick,false,1,speaker_disjoint_split,1,0.5381779906481196,1,0.5825719758261518
5881.json,shaun-ireland,mostly-true,0,speaker_disjoint_split,1,0.5192838608963742,0,0.183583182266652
3047.json,robert-hagan,half-true,0,speaker_disjoint_split,0,0.36587790336541204,0,0.4016881555371685
9705.json,scott-walker,pants-fire,1,speaker_disjoint_split,0,0.1534238268842235,0,0.18810378233375705
6039.json,new-jersey-democratic-state-committee,false,1,speaker_disjoint_split,0,0.4680245280619372,0,0.3803080043117409
4120.json,scott-walker,false,1,speaker_disjoint_split,0,0.3163908332521502,0,0.4048615649898989
3359.json,scott-mccown,true,0,speaker_disjoint_split,0,0.34684593924526214,0,0.44607249629522805
7820.json,bill-ratliff,barely-true,1,speaker_disjoint_split,0,0.40087362863507076,0,0.19936990028076135
7134.json,scott-walker,barely-true,1,speaker_disjoint_split,0,0.4418712249072531,0,0.4361136821320282
9534.json,debbie-wasserman-schultz,mostly-true,0,speaker_disjoint_split,0,0.3214520556976639,1,0.5249326509829481
5546.json,frank-wolf,true,0,speaker_disjoint_split,0,0.3220658821806503,0,0.23685695466783838
4304.json,state-democratic-party-wisconsin,barely-true,1,speaker_disjoint_split,1,0.8136741299854656,1,0.6580389990635261
1938.json,richard-durbin,false,1,speaker_disjoint_split,0,0.25880666225311205,0,0.2545602434481506
12157.json,pat-mccrory,half-true,0,speaker_disjoint_split,0,0.27346617382410976,0,0.3041626002412524
3653.json,donald-trump,pants-fire,1,speaker_disjoint_split,1,0.7342811685510752,1,0.7441157109761165
11557.json,donald-trump,half-true,0,speaker_disjoint_split,0,0.42710158529209763,1,0.5957788114922905
5751.json,wayne-lapierre,mostly-true,0,speaker_disjoint_split,0,0.4332285042175175,0,0.345688885043986
10607.json,joe-biden,half-true,0,speaker_disjoint_split,1,0.7000476820609305,1,0.521026498460834
4874.json,greg-walden,half-true,0,speaker_disjoint_split,1,0.554140707166576,1,0.6099389138410416
11180.json,heather-mcghee,true,0,speaker_disjoint_split,0,0.21997326855917537,0,0.1790421321020619
6917.json,marsha-blackburn,false,1,speaker_disjoint_split,1,0.8559161096892729,1,0.6506231808057638
6368.json,bill-clinton,half-true,0,speaker_disjoint_split,0,0.4960169688715294,0,0.3130734651584055
7874.json,13th-district-gop-slate,half-true,0,speaker_disjoint_split,1,0.557601686738684,0,0.3411486496915804
8583.json,lynn-westmoreland,half-true,0,speaker_disjoint_split,0,0.23767143172299768,1,0.5441258742919645
8242.json,georgia-campaign-liberty,false,1,speaker_disjoint_split,1,0.6337033494791198,0,0.4738737963007302
2372.json,ann-coulter,half-true,0,speaker_disjoint_split,0,0.4037849247615789,0,0.3558240645871249
12197.json,bernie-s,barely-true,1,speaker_disjoint_split,1,0.6865858730823676,1,0.5919428197295553
7067.json,peoples-majority,pants-fire,1,speaker_disjoint_split,1,0.5493480640580399,0,0.41386210021828035
9215.json,donald-trump,false,1,speaker_disjoint_split,1,0.6938071935462147,1,0.5322233824665793
10029.json,nathan-deal,true,0,speaker_disjoint_split,0,0.26616560144991486,0,0.24329885211393618
12637.json,pat-robertson,barely-true,1,speaker_disjoint_split,1,0.7841206512897809,1,0.6110353414866955
8361.json,steve-lonegan,half-true,0,speaker_disjoint_split,0,0.24403011456185417,0,0.2732207149587318
11883.json,donald-trump,barely-true,1,speaker_disjoint_split,0,0.44213452711672346,0,0.3768788580509194
7935.json,ron-hood,pants-fire,1,speaker_disjoint_split,0,0.47749945341061395,0,0.48568589438037646
8077.json,republican-party-florida,mostly-true,0,speaker_disjoint_split,0,0.35192701664097115,0,0.29663673928553325
2904.json,kirk-watson,mostly-true,0,speaker_disjoint_split,1,0.5778471962803741,0,0.37472106102299185
1581.json,cathie-adams,barely-true,1,speaker_disjoint_split,0,0.4842516952556229,0,0.4889700358794871
2606.json,hank-gilbert,half-true,0,speaker_disjoint_split,0,0.43290607560775307,0,0.31237630306730263
7419.json,wayne-lapierre,barely-true,1,speaker_disjoint_split,1,0.7380511531262607,1,0.5768711733321993
13153.json,donald-trump,mostly-true,0,speaker_disjoint_split,1,0.6090396031219449,1,0.6857280748696618
13130.json,donald-trump,true,0,speaker_disjoint_split,1,0.5218711626079431,0,0.198787639319133
8889.json,thomas-perez,mostly-true,0,speaker_disjoint_split,0,0.2577689281714223,1,0.5421159911507807
3842.json,national-republican-congressional-committee,barely-true,1,speaker_disjoint_split,0,0.2964041005866041,0,0.34653154972452116
4252.json,daniel-mckee,half-true,0,speaker_disjoint_split,0,0.3428636161394552,0,0.1987637955495108
8300.json,dale-kooyenga,barely-true,1,speaker_disjoint_split,0,0.4509965997026487,0,0.4698530969439728
6414.json,john-kasich,true,0,speaker_disjoint_split,0,0.36906302549644415,0,0.27634717193139235
11957.json,donald-trump,pants-fire,1,speaker_disjoint_split,0,0.47380919887030365,0,0.4256090366937195
12509.json,donald-trump,mostly-true,0,speaker_disjoint_split,0,0.20924040895376433,0,0.3424604738389089
3349.json,scott-walker,barely-true,1,speaker_disjoint_split,1,0.5253378579172009,0,0.47961796848738036
4991.json,jon-huntsman,barely-true,1,speaker_disjoint_split,0,0.34365275313578303,0,0.3911287628143644
12766.json,donald-trump,false,1,speaker_disjoint_split,0,0.4508379913388342,0,0.439632908585767
10127.json,nathan-deal,mostly-true,0,speaker_disjoint_split,1,0.5214408855457862,0,0.3294359405818382
13209.json,donald-trump,barely-true,1,speaker_disjoint_split,1,0.6160301389479307,1,0.5515858376976359
6695.json,democratic-congressional-campaign-committee,false,1,speaker_disjoint_split,0,0.4937697676808889,1,0.5008884258176155
12786.json,bill-clinton,half-true,0,speaker_disjoint_split,0,0.202144887835601,0,0.25085239425585437
12196.json,john-kasich,mostly-true,0,speaker_disjoint_split,1,0.6166133077856967,0,0.4157387595207599
12121.json,donald-trump,pants-fire,1,speaker_disjoint_split,0,0.1237693470065148,0,0.2795374715604567
8630.json,scott-walker,mostly-true,0,speaker_disjoint_split,0,0.39977654961457487,0,0.35631916345555986
12050.json,donald-trump,false,1,speaker_disjoint_split,1,0.8185942587683116,1,0.856702265323406
1846.json,glenn-beck,mostly-true,0,speaker_disjoint_split,0,0.3101834611727063,0,0.29207343510121186
6655.json,charlie-crist,half-true,0,speaker_disjoint_split,0,0.4838082301689527,0,0.39986205313258966
1730.json,bill-oreilly,pants-fire,1,speaker_disjoint_split,1,0.6170227825263741,1,0.7849400617569472
2899.json,jeff-fitzgerald,barely-true,1,speaker_disjoint_split,1,0.5133339228031646,1,0.5642362394590159
10059.json,charlie-crist,mostly-true,0,speaker_disjoint_split,1,0.5262624036748625,0,0.47578110592457024
12450.json,pat-mccrory,barely-true,1,speaker_disjoint_split,1,0.5759631181406104,1,0.6783911264141171
5869.json,saxby-chambliss,half-true,0,speaker_disjoint_split,0,0.308318295535252,0,0.28613091867205276
1601.json,karl-rove,false,1,speaker_disjoint_split,1,0.6272300254255515,0,0.35950391053231534
7743.json,ken-cuccinelli,false,1,speaker_disjoint_split,1,0.6220079575715516,1,0.5420130845362395
12995.json,donald-trump,barely-true,1,speaker_disjoint_split,0,0.2667967323041522,0,0.3398715550533351
8636.json,debra-medina,true,0,speaker_disjoint_split,0,0.23350091583613605,0,0.4760178983042311
483.json,john-mccain,mostly-true,0,speaker_disjoint_split,0,0.32694843810472884,0,0.38197261844699776
1212.json,michael-steele,true,0,speaker_disjoint_split,1,0.7589727190608159,1,0.6028905395625904
3264.json,lloyd-doggett,mostly-true,0,speaker_disjoint_split,0,0.4377321013522473,0,0.42628817231227156
11330.json,donald-trump,mostly-true,0,speaker_disjoint_split,0,0.30657701432768975,0,0.4264923748516155
12595.json,donald-trump,false,1,speaker_disjoint_split,1,0.7148581912477429,1,0.5956570953028728
9102.json,chris-chocola,half-true,0,speaker_disjoint_split,0,0.33434545154921314,0,0.36240797997098567
6299.json,scott-walker,false,1,speaker_disjoint_split,1,0.6510531666382227,1,0.70041998805732
4210.json,joshua-henne,false,1,speaker_disjoint_split,0,0.46931831920368916,0,0.37838150832178324
6643.json,bill-clinton,mostly-true,0,speaker_disjoint_split,0,0.20691031215135938,0,0.18846448381449796
4918.json,ron-paul,barely-true,1,speaker_disjoint_split,0,0.33433778879252357,0,0.3875521040229193
5041.json,steve-lonegan,false,1,speaker_disjoint_split,0,0.3692328373375009,0,0.30544608334477086
7508.json,ed-fallone,mostly-true,0,speaker_disjoint_split,1,0.6931873427008917,0,0.4335268275109708
9366.json,valarie-wilson,half-true,0,speaker_disjoint_split,1,0.6160823663772332,0,0.36937254184935775
7462.json,ken-cuccinelli,true,0,speaker_disjoint_split,0,0.41947563045137687,1,0.6293960415923343
4791.json,debbie-wasserman-schultz,half-true,0,speaker_disjoint_split,0,0.19287912011740677,0,0.2543728245554926
813.json,john-mccain,false,1,speaker_disjoint_split,1,0.6781636236857471,1,0.6637455892738233
12760.json,donald-trump,mostly-true,0,speaker_disjoint_split,0,0.2176019705291387,0,0.3528682151206488
4511.json,john-sherman,false,1,speaker_disjoint_split,0,0.287892804723901,1,0.5126372870733762
11598.json,donald-trump,half-true,0,speaker_disjoint_split,1,0.5174873943450676,1,0.5566664206493688
528.json,john-mccain,true,0,speaker_disjoint_split,0,0.48576468302203346,0,0.3768518309536088
13450.json,donald-trump,false,1,speaker_disjoint_split,1,0.5529873439208401,0,0.4705028363124213
121.json,john-mccain,false,1,speaker_disjoint_split,1,0.6340086504591731,1,0.6193427937085189
19.json,joe-biden,pants-fire,1,speaker_disjoint_split,1,0.8594110737161537,1,0.7075262262275335
801.json,john-mccain,half-true,0,speaker_disjoint_split,1,0.5729363881019323,0,0.40491207295284753
6365.json,democratic-congressional-campaign-committee,pants-fire,1,speaker_disjoint_split,1,0.6167661812242768,1,0.6590772209309025
8177.json,blog-posting,pants-fire,1,speaker_disjoint_split,1,0.6893105769724237,1,0.8048573582632828
7469.json,carol-shea-porter,half-true,0,speaker_disjoint_split,0,0.1637014034135013,0,0.23011758550811853
9617.json,charlie-crist,mostly-true,0,speaker_disjoint_split,0,0.3925138917254372,0,0.39168224022244985
10537.json,trebor-banstetter,true,0,speaker_disjoint_split,1,0.7428740899940137,0,0.4956743937554404
4925.json,rob-cornilles,half-true,0,speaker_disjoint_split,0,0.298064086216165,0,0.3615115471331721
2642.json,charlie-crist,barely-true,1,speaker_disjoint_split,1,0.521066207126607,0,0.37319957146256444
8905.json,charlie-crist,false,1,speaker_disjoint_split,1,0.8458051491297125,1,0.7367024393548575
12031.json,john-kasich,barely-true,1,speaker_disjoint_split,0,0.2965557036758984,0,0.20228596638478105
1318.json,glenn-beck,pants-fire,1,speaker_disjoint_split,1,0.5559820384349629,0,0.3314932209581622
9236.json,scott-walker,mostly-true,0,speaker_disjoint_split,0,0.13722615785277983,0,0.15288159823349756
8201.json,national-republican-congressional-committee,barely-true,1,speaker_disjoint_split,1,0.7199513107799907,1,0.7748141583334441
13052.json,donald-trump,true,0,speaker_disjoint_split,0,0.41580310049166597,0,0.27018212306293016
6440.json,tomorrows-vision-florida,false,1,speaker_disjoint_split,1,0.6350257034334801,1,0.6128424904499528
633.json,jerome-corsi,false,1,speaker_disjoint_split,0,0.3496311225332737,0,0.1993905568729977
510.json,republican-party-florida,pants-fire,1,speaker_disjoint_split,1,0.6180308485931876,1,0.5554847413024784
12752.json,donald-trump,mostly-true,0,speaker_disjoint_split,0,0.4098603192587662,1,0.657376534363519
3984.json,jon-huntsman,true,0,speaker_disjoint_split,0,0.38966685145459523,0,0.4040365963368005
1825.json,michael-steele,true,0,speaker_disjoint_split,0,0.26108722276391766,0,0.24475130695986164
11864.json,john-kasich,false,1,speaker_disjoint_split,0,0.25161130198719767,0,0.23422049045088542
278.json,john-mccain,false,1,speaker_disjoint_split,0,0.42194618274260176,1,0.5190970542683804
401.json,campaign-defend-america,true,0,speaker_disjoint_split,1,0.5112461145823751,1,0.6663498158425483
11096.json,donald-trump,false,1,speaker_disjoint_split,1,0.6597450089509036,1,0.5624671130685241
5209.json,rob-cornilles,half-true,0,speaker_disjoint_split,1,0.6409161147924056,1,0.7032927439410311
9524.json,state-democratic-party-wisconsin,pants-fire,1,speaker_disjoint_split,1,0.6001655915545487,1,0.6614211578711336
9198.json,marsha-blackburn,half-true,0,speaker_disjoint_split,0,0.3080610514893821,0,0.3315489494394308
12169.json,chris-sgro,mostly-true,0,speaker_disjoint_split,1,0.5437260113740249,0,0.47648017283995125
12996.json,donald-trump,pants-fire,1,speaker_disjoint_split,0,0.1923528683470826,0,0.2905925085849681
10064.json,republican-party-florida,false,1,speaker_disjoint_split,1,0.7055476208185293,1,0.6226081418469374
4161.json,cliff-stearns,mostly-true,0,speaker_disjoint_split,0,0.4922018781085773,0,0.36477617229868886
2646.json,democratic-congressional-campaign-committee,half-true,0,speaker_disjoint_split,0,0.47120193917685366,0,0.4370715890613005
12381.json,mamie-locke,true,0,speaker_disjoint_split,0,0.4243403206526234,0,0.21890005283856884
10055.json,jeanne-shaheen,mostly-true,0,speaker_disjoint_split,1,0.5460407645704347,1,0.5294220827103799
13251.json,donald-trump,pants-fire,1,speaker_disjoint_split,0,0.19646113889096345,0,0.4469042391397171
6239.json,robert-menendez,barely-true,1,speaker_disjoint_split,0,0.452367589627106,0,0.435931265261869
9612.json,republican-party-florida,half-true,0,speaker_disjoint_split,1,0.6825317013714619,1,0.527840368550455
1087.json,joe-biden,mostly-true,0,speaker_disjoint_split,0,0.30030945513936624,0,0.34715580044629535
267.json,bill-richardson,true,0,speaker_disjoint_split,1,0.5597392102183436,1,0.6263603158311294
4272.json,lloyd-doggett,true,0,speaker_disjoint_split,0,0.2072065618237872,0,0.14044315944245697
2357.json,scott-walker,false,1,speaker_disjoint_split,0,0.49349197385782917,0,0.35797928201484064
12541.json,donald-trump,barely-true,1,speaker_disjoint_split,1,0.5767162999721094,1,0.7493443586749893
2854.json,carole-smith,pants-fire,1,speaker_disjoint_split,1,0.6825003481835711,1,0.577810316082328
2072.json,david-cicilline,true,0,speaker_disjoint_split,0,0.2138709331433818,0,0.11436789649397122
1420.json,debra-medina,mostly-true,0,speaker_disjoint_split,0,0.33334236008294693,0,0.48446045157238127
6370.json,julian-castro,true,0,speaker_disjoint_split,0,0.31072085113912823,0,0.25364855469318576
10163.json,james-carr,true,0,speaker_disjoint_split,1,0.545364140005401,0,0.31899138968034546
2796.json,safe-routes-schools,false,1,speaker_disjoint_split,0,0.1444921170001073,0,0.4118159388379521
2679.json,charlie-crist,true,0,speaker_disjoint_split,0,0.39822082354553623,0,0.36621495211800903
10040.json,bill-oreilly,half-true,0,speaker_disjoint_split,1,0.5712745713911329,1,0.7173939695167351
8667.json,bob-schieffer,true,0,speaker_disjoint_split,0,0.32008666816694376,0,0.22028462969066326
9746.json,mark-emmert,half-true,0,speaker_disjoint_split,0,0.348064126822411,0,0.33034560655804823
4698.json,americans-prosperity-new-jersey,false,1,speaker_disjoint_split,1,0.6049781349793786,1,0.6921088423430853
2585.json,christine-odonnell,barely-true,1,speaker_disjoint_split,1,0.6514130318556838,1,0.5898445025950242
6026.json,scott-walker,half-true,0,speaker_disjoint_split,0,0.45990738072228543,1,0.5401804834655256
13056.json,national-republican-congressional-committee,true,0,speaker_disjoint_split,0,0.36758283689678845,0,0.26715249198018626
1103.json,glenn-beck,pants-fire,1,speaker_disjoint_split,1,0.6146954887822139,1,0.5519326721383233
4105.json,shelly-moore,pants-fire,1,speaker_disjoint_split,1,0.563527176180165,1,0.7754577730148001
8533.json,frank-fahrenkopf,barely-true,1,speaker_disjoint_split,0,0.4143062841172062,0,0.2915622662067087
13125.json,donald-trump,barely-true,1,speaker_disjoint_split,1,0.6531876472907697,1,0.5632067877972172
3107.json,dean-cannon,true,0,speaker_disjoint_split,0,0.2720040599202506,0,0.18228739587115605
6765.json,joaquin-castro,true,0,speaker_disjoint_split,0,0.13546271128888177,0,0.25552531808559686
4243.json,jon-huntsman,mostly-true,0,speaker_disjoint_split,0,0.2905654841042327,0,0.22805020855734526
7818.json,carolyn-tomei,mostly-true,0,speaker_disjoint_split,0,0.33807169665889775,0,0.40339252290789185
10871.json,gina-hinojosa,half-true,0,speaker_disjoint_split,0,0.39790561501219596,0,0.2969429555303593
11324.json,dale-kooyenga,mostly-true,0,speaker_disjoint_split,0,0.19911052782758637,0,0.1950048358851635
3637.json,donald-trump,mostly-true,0,speaker_disjoint_split,0,0.25686597890246693,0,0.26561755163274475
6060.json,jeanne-shaheen,barely-true,1,speaker_disjoint_split,0,0.257596278536052,0,0.37378055340920247
603.json,john-mccain,false,1,speaker_disjoint_split,1,0.6290453036158767,1,0.5707536770133752
11545.json,bernie-s,mostly-true,0,speaker_disjoint_split,0,0.3235022120692498,0,0.3059210861952993
6684.json,its-still-bad-idea,pants-fire,1,speaker_disjoint_split,0,0.28433290181594817,0,0.3316304317032326
11711.json,donald-trump,true,0,speaker_disjoint_split,0,0.36289014448553725,1,0.5198979468620387
8869.json,scott-surovell,mostly-true,0,speaker_disjoint_split,0,0.2828626753596062,0,0.16614514572442246
8320.json,charlie-crist,mostly-true,0,speaker_disjoint_split,0,0.35545403604133674,0,0.36580797313812796
5505.json,lenny-curry,true,0,speaker_disjoint_split,1,0.5211490698211498,0,0.4527242325843154
11778.json,donald-trump,barely-true,1,speaker_disjoint_split,1,0.6352552961692675,1,0.5946568380553855
1251.json,jay-rockefeller,true,0,speaker_disjoint_split,0,0.31975622300250683,0,0.25897514847481584
6112.json,jeff-merkley,mostly-true,0,speaker_disjoint_split,0,0.23264745383560423,0,0.2683448306770459
2652.json,kathie-glass,pants-fire,1,speaker_disjoint_split,0,0.3791914527149121,1,0.5409445258681183
11764.json,state-democratic-party-wisconsin,pants-fire,1,speaker_disjoint_split,0,0.21817949882180052,0,0.20646532956640473
7692.json,dan-patrick,mostly-true,0,speaker_disjoint_split,0,0.26361998097412553,0,0.19933353568955078
11185.json,carly-fiorina,barely-true,1,speaker_disjoint_split,0,0.3001267978503295,0,0.42692174166941405
2412.json,republican-party-florida,false,1,speaker_disjoint_split,1,0.7059589408488353,1,0.6452760167700833
592.json,john-mccain,barely-true,1,speaker_disjoint_split,0,0.4770618490838179,1,0.6735179274108861
12745.json,donald-trump,half-true,0,speaker_disjoint_split,0,0.17030058540792337,0,0.26457886704043493
2547.json,lloyd-doggett,true,0,speaker_disjoint_split,1,0.5100630437653194,0,0.42034002182608615
6386.json,democratic-congressional-campaign-committee,barely-true,1,speaker_disjoint_split,1,0.6865890797154308,1,0.6022412362143768
4708.json,nina-turner,true,0,speaker_disjoint_split,0,0.24749814434652515,0,0.14877829138052961
12167.json,bernie-s,barely-true,1,speaker_disjoint_split,1,0.5336972845325284,1,0.59794738886477
2876.json,john-kasich,mostly-true,0,speaker_disjoint_split,0,0.0924207295730674,0,0.0966784146351205
12943.json,donald-trump,half-true,0,speaker_disjoint_split,1,0.6505628314661517,1,0.5165421962847457
2777.json,michael-bloomberg,mostly-true,0,speaker_disjoint_split,0,0.26957333676481576,0,0.33518644009796816
7758.json,bill-richardson,mostly-true,0,speaker_disjoint_split,0,0.36215076507534677,1,0.5578649253388701
11796.json,donald-trump,half-true,0,speaker_disjoint_split,1,0.6598041842293562,1,0.5885653624417556
10208.json,anna-kooiman,barely-true,1,speaker_disjoint_split,1,0.6074915431498115,1,0.6341307207645399
805.json,john-mccain,mostly-true,0,speaker_disjoint_split,0,0.424671745484844,0,0.3615420975268481
7461.json,arne-duncan,barely-true,1,speaker_disjoint_split,0,0.4271644388796572,1,0.5419507416722849
3575.json,scott-walker,true,0,speaker_disjoint_split,1,0.6956212583933536,1,0.7763251134386538
384.json,votevetsorg,true,0,speaker_disjoint_split,0,0.3712486189107549,0,0.4152774772009638
729.json,john-mccain,half-true,0,speaker_disjoint_split,1,0.6663885628682653,1,0.685540729938545
656.json,joe-biden,mostly-true,0,speaker_disjoint_split,0,0.20441050731211646,0,0.22624808361042872
6010.json,lenny-curry,half-true,0,speaker_disjoint_split,0,0.26324356880608324,0,0.2138164216582642
727.json,john-mccain,mostly-true,0,speaker_disjoint_split,0,0.2595504118710727,0,0.12991544851135337
6262.json,democratic-congressional-campaign-committee,pants-fire,1,speaker_disjoint_split,1,0.5450947142376823,1,0.566852136458102
12084.json,donald-trump,true,0,speaker_disjoint_split,1,0.725888552310166,1,0.6386918203106563
12461.json,blog-posting,true,0,speaker_disjoint_split,1,0.7763075580781292,1,0.85894530484938
11910.json,ben-carson,pants-fire,1,speaker_disjoint_split,1,0.6457732424003888,1,0.5309315624577687
10175.json,scott-walker,mostly-true,0,speaker_disjoint_split,0,0.38186442350332306,0,0.3961599362947441
1881.json,thomas-melsheimer,barely-true,1,speaker_disjoint_split,0,0.4780982865292099,1,0.5662235841941755
5536.json,stephen-sweeney,half-true,0,speaker_disjoint_split,1,0.5171048563302855,1,0.6966040890795839
12787.json,donald-trump,half-true,0,speaker_disjoint_split,1,0.6439152310811501,1,0.6653891795457707
2442.json,delia-lopez,pants-fire,1,speaker_disjoint_split,1,0.7274245217814702,1,0.5939570025871976
2983.json,sam-adams,true,0,speaker_disjoint_split,0,0.489647499008669,0,0.29391913849685236
6577.json,scott-walker,half-true,0,speaker_disjoint_split,0,0.1446688595357663,0,0.17982801442440377
4711.json,lloyd-doggett,mostly-true,0,speaker_disjoint_split,0,0.19755139675946223,0,0.11054835180288489
11865.json,adrian-garcia,barely-true,1,speaker_disjoint_split,0,0.45661297870073253,1,0.5569302470589587
3021.json,david-wyss,true,0,speaker_disjoint_split,0,0.3381517569551321,0,0.3253680136975434
5272.json,ron-paul,half-true,0,speaker_disjoint_split,0,0.4541187041561484,0,0.3144985090026193
3991.json,scott-walker,half-true,0,speaker_disjoint_split,0,0.385688625927639,0,0.38739622915345584
6290.json,ohio-republican-party,half-true,0,speaker_disjoint_split,1,0.8097666231620329,1,0.6843957610872746
1394.json,texas-democratic-party,false,1,speaker_disjoint_split,0,0.3697555242086546,1,0.7189962910553178
1052.json,john-mccain,true,0,speaker_disjoint_split,1,0.6683673442402454,1,0.6574161793400075
3700.json,stephen-ucci,false,1,speaker_disjoint_split,1,0.5880375101726564,0,0.45589429400958265
1999.json,charlie-crist,true,0,speaker_disjoint_split,0,0.2362972603544422,0,0.11784674912620136
9683.json,peter-lavelle,pants-fire,1,speaker_disjoint_split,0,0.4490592211884144,0,0.31370855802781694
2626.json,edwin-pacheco,false,1,speaker_disjoint_split,1,0.6819120850642372,1,0.5124653433631919
2814.json,john-kasich,half-true,0,speaker_disjoint_split,0,0.31449196016482667,0,0.20450824258983905
12448.json,donald-trump,barely-true,1,speaker_disjoint_split,0,0.3668874420150732,1,0.5396150206516905
8701.json,state-democratic-party-wisconsin,false,1,speaker_disjoint_split,0,0.44604999759253905,0,0.488306069625295
2371.json,john-mccain,barely-true,1,speaker_disjoint_split,1,0.6046635551797509,1,0.7605272587416577
12065.json,donald-trump,true,0,speaker_disjoint_split,1,0.6113099420963911,1,0.58269995530709
13305.json,donald-trump,true,0,speaker_disjoint_split,0,0.4904994631367092,0,0.477724398075583
2428.json,republican-governors-association,half-true,0,speaker_disjoint_split,0,0.38579993253177564,0,0.3129205715878011
4425.json,john-kasich,barely-true,1,speaker_disjoint_split,0,0.45124547016583033,0,0.4798565102480041
5551.json,dennis-richardson,half-true,0,speaker_disjoint_split,0,0.3169358170666711,0,0.2019436782642548
757.json,john-mccain,half-true,0,speaker_disjoint_split,0,0.43713854319070367,0,0.44182491798437956
2284.json,glenn-beck,pants-fire,1,speaker_disjoint_split,0,0.33123337580736195,0,0.4601971179472075
12650.json,donald-trump,barely-true,1,speaker_disjoint_split,1,0.5856286227710704,1,0.6969228511622892
643.json,joe-biden,half-true,0,speaker_disjoint_split,0,0.3119342709503636,0,0.24466312405183346
11562.json,donald-trump,pants-fire,1,speaker_disjoint_split,0,0.4325902961893626,0,0.37060051054176774
12098.json,john-kasich,mostly-true,0,speaker_disjoint_split,1,0.5255978547103086,1,0.5793518068929815
1480.json,glenn-beck,barely-true,1,speaker_disjoint_split,0,0.44534574454162396,1,0.5217361736667273
10517.json,nathan-deal,half-true,0,speaker_disjoint_split,0,0.20043918201643418,0,0.1229556372351122
531.json,john-mccain,mostly-true,0,speaker_disjoint_split,0,0.30541225933192806,0,0.23670924085061235
126.json,joe-biden,mostly-true,0,speaker_disjoint_split,0,0.4971043410287411,0,0.4932622722148817
526.json,john-mccain,barely-true,1,speaker_disjoint_split,0,0.2466434758294906,0,0.14074009437590418
3.json,bill-richardson,mostly-true,0,speaker_disjoint_split,0,0.36769908578640437,0,0.43328680226514515
1150.json,orrin-hatch,half-true,0,speaker_disjoint_split,0,0.34836401498071895,0,0.47055077818724667
4289.json,sam-adams,half-true,0,speaker_disjoint_split,0,0.2760505166879715,0,0.16007898756038952
4383.json,dennis-richardson,false,1,speaker_disjoint_split,1,0.5781824235355604,1,0.5418181242012113
2643.json,scott-walker,false,1,speaker_disjoint_split,1,0.5515211859370122,1,0.6847652904769392
13236.json,tim-kaine,barely-true,1,speaker_disjoint_split,0,0.48453101610871097,0,0.3325508809523803
1894.json,donna-brazile,half-true,0,speaker_disjoint_split,0,0.4239683801769117,0,0.2868928252991552
792.json,john-mccain,half-true,0,speaker_disjoint_split,0,0.3926396157089434,1,0.6000628456361964
12929.json,julian-castro,true,0,speaker_disjoint_split,0,0.4058218514399985,0,0.1864790277199734
12791.json,democratic-congressional-campaign-committee,barely-true,1,speaker_disjoint_split,1,0.6020774413992844,1,0.5510083859020751
10283.json,bernie-s,mostly-true,0,speaker_disjoint_split,0,0.22290721573557573,0,0.2283222829734334
2165.json,sam-olens,half-true,0,speaker_disjoint_split,1,0.6582554433876856,0,0.46458381127548803
6455.json,warren-kampf,mostly-true,0,speaker_disjoint_split,1,0.5367702507428072,0,0.32945527966223354
211.json,john-mccain,true,0,speaker_disjoint_split,0,0.4218565777019457,0,0.4400019541868453
7676.json,michael-chippendale,barely-true,1,speaker_disjoint_split,1,0.5354441882161638,0,0.38188090119623413
2443.json,john-kasich,half-true,0,speaker_disjoint_split,0,0.20773446647668609,0,0.3391746030371998
12284.json,bernie-s,mostly-true,0,speaker_disjoint_split,1,0.6039750146496314,0,0.3905278249762083
3414.json,bernie-s,false,1,speaker_disjoint_split,0,0.3096457681879797,0,0.4116639919068667
1450.json,debra-medina,half-true,0,speaker_disjoint_split,0,0.4645124169361376,1,0.5280117416319752
2894.json,glenn-beck,pants-fire,1,speaker_disjoint_split,1,0.6064620918769801,1,0.6848228479719536
9301.json,blog-posting,pants-fire,1,speaker_disjoint_split,0,0.4714263965038196,1,0.8239786036953258
5486.json,silvestre-reyes,half-true,0,speaker_disjoint_split,1,0.6379579380581473,1,0.5824166011340014
13227.json,donald-trump,false,1,speaker_disjoint_split,1,0.5574044931982621,1,0.6213630144291812
2603.json,hank-gilbert,false,1,speaker_disjoint_split,0,0.2364807232733784,0,0.31270736574644625
788.json,john-mccain,mostly-true,0,speaker_disjoint_split,0,0.46498638656513314,0,0.3571367628172825
605.json,john-mccain,false,1,speaker_disjoint_split,1,0.5365575761523219,0,0.4817778765486406
13186.json,tim-kaine,half-true,0,speaker_disjoint_split,1,0.5762128717411886,1,0.5370434788789249
3037.json,tim-kaine,half-true,0,speaker_disjoint_split,0,0.3120429003090218,0,0.27033932885925827
207.json,john-mccain,true,0,speaker_disjoint_split,1,0.5009766485620701,0,0.40660175075241295
10069.json,debbie-wasserman-schultz,false,1,speaker_disjoint_split,0,0.46678334442950004,1,0.7232302295921957
13486.json,rush-limbaugh,half-true,0,speaker_disjoint_split,1,0.8507413559332848,1,0.860979467787417
10633.json,glenn-beck,false,1,speaker_disjoint_split,1,0.6002467718055456,1,0.6299187141269176
10883.json,rebecca-quigley,false,1,speaker_disjoint_split,0,0.26571087220998657,0,0.32714236607312625
11307.json,donald-trump,barely-true,1,speaker_disjoint_split,1,0.6445625902964692,1,0.6547926524393283
4175.json,debbie-wasserman-schultz,half-true,0,speaker_disjoint_split,0,0.45782802618816304,0,0.3711860462525035
3987.json,democratic-congressional-campaign-committee,mostly-true,0,speaker_disjoint_split,1,0.5008041937944943,0,0.3917380887691949
12834.json,donald-trump,false,1,speaker_disjoint_split,1,0.598662586356133,1,0.6800428795075422
386.json,john-mccain,mostly-true,0,speaker_disjoint_split,1,0.545395536182329,0,0.34983270101127595
446.json,focus-family-action,barely-true,1,speaker_disjoint_split,1,0.6725576170881193,1,0.5173549070057195
10271.json,keisha-lance-bottoms,mostly-true,0,speaker_disjoint_split,1,0.539764837632356,1,0.5236594751080119
317.json,bill-clinton,true,0,speaker_disjoint_split,0,0.07751079619028362,0,0.1681802558077193
5450.json,ron-paul,half-true,0,speaker_disjoint_split,1,0.7643483634549644,1,0.505330732627931
3740.json,tim-kaine,half-true,0,speaker_disjoint_split,0,0.1754533400966834,0,0.22014710075545948
10543.json,scott-walker,false,1,speaker_disjoint_split,1,0.5249342725722612,1,0.676770038796369
7904.json,scott-walker,barely-true,1,speaker_disjoint_split,0,0.3421554741550269,0,0.43461660532673935
12805.json,joe-biden,mostly-true,0,speaker_disjoint_split,0,0.42819503838965206,0,0.3583236292031034
9771.json,nextgen-climate,half-true,0,speaker_disjoint_split,0,0.3928017787484687,0,0.4772286788050642
2394.json,republican-governors-association,half-true,0,speaker_disjoint_split,0,0.40698318562261937,1,0.6695956295289412
3541.json,armond-budish,half-true,0,speaker_disjoint_split,1,0.5184888487751481,0,0.38171229320803346
12187.json,rick-scotts-starbucks-heckler,half-true,0,speaker_disjoint_split,1,0.6994199676432965,1,0.6452374573717197
6325.json,michael-bloomberg,half-true,0,speaker_disjoint_split,0,0.3707571807094415,0,0.24972982871995408
12855.json,richard-durbin,true,0,speaker_disjoint_split,0,0.20115939517126233,0,0.2091897279249582
11726.json,dan-patrick,barely-true,1,speaker_disjoint_split,0,0.2869798199346239,0,0.2788735080057384
699.json,john-mccain,half-true,0,speaker_disjoint_split,1,0.7301021537515875,1,0.7745020309291033
10041.json,dan-patrick,half-true,0,speaker_disjoint_split,0,0.4090162123960521,1,0.5369908443631409
4189.json,national-republican-congressional-committee,false,1,speaker_disjoint_split,1,0.5734154445720242,1,0.6477248290835512
1405.json,glenn-beck,barely-true,1,speaker_disjoint_split,0,0.24107026339766963,0,0.25657553325142657
6919.json,tim-kaine,barely-true,1,speaker_disjoint_split,0,0.2244625839624398,0,0.41522244674948094
9774.json,republican-party-florida,false,1,speaker_disjoint_split,1,0.6149621806289639,1,0.5663852197536312
2616.json,christine-odonnell,pants-fire,1,speaker_disjoint_split,1,0.8216791690448221,1,0.6799299495981439
1280.json,charlie-crist,barely-true,1,speaker_disjoint_split,0,0.3366570894050892,0,0.39084855855327816
6720.json,rob-zerban,false,1,speaker_disjoint_split,1,0.5157986016468292,0,0.45657959547705906
4442.json,ron-paul,half-true,0,speaker_disjoint_split,1,0.5722937316531649,1,0.5509042671624821
7111.json,sam-adams,barely-true,1,speaker_disjoint_split,1,0.6765398080414015,0,0.32605737142265767
9235.json,blog-posting,pants-fire,1,speaker_disjoint_split,1,0.6230424206558303,1,0.8790525973590309
1243.json,barney-bishop,false,1,speaker_disjoint_split,0,0.3122122856961129,0,0.41250114880758215
3369.json,sam-adams,half-true,0,speaker_disjoint_split,1,0.5315318997294741,0,0.3442544679126429
12952.json,donald-trump,barely-true,1,speaker_disjoint_split,1,0.5658606699098823,1,0.5686022100624778
2187.json,michael-bloomberg,false,1,speaker_disjoint_split,0,0.4573234311258613,1,0.5336526042214559
2774.json,scott-walker,half-true,0,speaker_disjoint_split,1,0.7029715874091168,1,0.5570874238281085
6555.json,teresa-fedor,true,0,speaker_disjoint_split,0,0.28368607982912214,0,0.3876925228153498
5710.json,joe-biden,false,1,speaker_disjoint_split,0,0.47830531427002215,0,0.4553673621635092
12537.json,donald-trump,false,1,speaker_disjoint_split,0,0.28018310766189575,0,0.3352998728235489
4841.json,eileen-brady,mostly-true,0,speaker_disjoint_split,0,0.4394920131281681,1,0.5596997800080454
13512.json,blog-posting,pants-fire,1,speaker_disjoint_split,1,0.5986822890818824,1,0.8618141710758926
7329.json,mayors-against-illegal-guns,half-true,0,speaker_disjoint_split,0,0.3947760156613091,0,0.18151353968504658
13385.json,donald-trump,mostly-true,0,speaker_disjoint_split,0,0.4876929426703248,1,0.7155813138810794
9937.json,jeanne-shaheen,mostly-true,0,speaker_disjoint_split,0,0.328019040024215,0,0.18942287036909072
5124.json,restore-our-future,pants-fire,1,speaker_disjoint_split,1,0.6406545106896804,1,0.6649987866444068
9437.json,scott-walker,half-true,0,speaker_disjoint_split,1,0.6544670570579807,1,0.5649969289154346
235.json,john-mccain,true,0,speaker_disjoint_split,0,0.2544658307214205,0,0.2927495044111974
9489.json,scott-walker,false,1,speaker_disjoint_split,1,0.5665900958585133,1,0.7311079596729347
5836.json,mary-nolan,half-true,0,speaker_disjoint_split,0,0.3892156255689477,0,0.3536484037451054
13324.json,donald-trump,mostly-true,0,speaker_disjoint_split,0,0.37580675457447965,1,0.6680533208068321
5230.json,nathan-deal,true,0,speaker_disjoint_split,0,0.2621322020052069,0,0.30383480686677256
6900.json,karen-huber,half-true,0,speaker_disjoint_split,1,0.5293136933817844,1,0.6443206972824751
10524.json,lloyd-doggett,true,0,speaker_disjoint_split,1,0.6840423154705815,1,0.6129849578280727
12599.json,thomas-perez,true,0,speaker_disjoint_split,0,0.32011144545484893,0,0.30338427454730604
7084.json,dan-patrick,true,0,speaker_disjoint_split,0,0.40604292460254326,0,0.30006892561133097
9323.json,julian-castro,true,0,speaker_disjoint_split,1,0.549304787717872,0,0.3267677550822632
7607.json,john-kasich,pants-fire,1,speaker_disjoint_split,0,0.45331613571078005,0,0.4092621822208297
1061.json,lynn-westmoreland,barely-true,1,speaker_disjoint_split,1,0.5131295959864385,0,0.33319217593723194
12321.json,pat-mccrory,true,0,speaker_disjoint_split,0,0.19802088844395882,0,0.17804838312643342
12546.json,blog-posting,false,1,speaker_disjoint_split,1,0.6619741538287289,1,0.9076182360773305
2877.json,scott-walker,false,1,speaker_disjoint_split,1,0.5446600928927805,1,0.6023418464570919
3885.json,new-jersey-sierra-club,half-true,0,speaker_disjoint_split,0,0.22436581276749085,0,0.13386304902880783
11150.json,centers-disease-control,true,0,speaker_disjoint_split,1,0.6411656803152433,1,0.6901804941114806
2316.json,charlie-crist,mostly-true,0,speaker_disjoint_split,0,0.1956635508184896,0,0.24181347952449145
1497.json,eve-schatelowitz-alcantar,false,1,speaker_disjoint_split,0,0.30709184518517485,0,0.4240821095595617
4543.json,bill-oreilly,barely-true,1,speaker_disjoint_split,0,0.4882558748624335,1,0.6452798545448403
5091.json,jon-huntsman,false,1,speaker_disjoint_split,1,0.660257879159618,1,0.6024936789196156
4212.json,john-kasich,true,0,speaker_disjoint_split,0,0.34218097790429114,0,0.23383311976942753
1623.json,charlie-crist,true,0,speaker_disjoint_split,0,0.29073673822103696,0,0.3738924950689917
11802.json,bernie-s,mostly-true,0,speaker_disjoint_split,0,0.49667032891576884,0,0.4593996754103481
2581.json,julie-lassa,barely-true,1,speaker_disjoint_split,1,0.5176551927667337,1,0.5414227608393098
12179.json,blog-posting,pants-fire,1,speaker_disjoint_split,1,0.574671255085463,1,0.8120945169097592
9364.json,angel-taveras,barely-true,1,speaker_disjoint_split,0,0.3238004325176416,0,0.3301782735904109
544.json,joe-biden,barely-true,1,speaker_disjoint_split,0,0.3380148672828841,1,0.5362158565082821
3679.json,john-kasich,false,1,speaker_disjoint_split,1,0.8266485968298293,1,0.6353649526074411
1184.json,charles-boustany,barely-true,1,speaker_disjoint_split,1,0.6543770566542066,1,0.658292277282752
13214.json,oxfam-america,mostly-true,0,speaker_disjoint_split,0,0.3486918311910813,0,0.17757520634328622
7268.json,scott-walker,mostly-true,0,speaker_disjoint_split,0,0.24198683021151582,0,0.2641925432002913
2252.json,tim-kaine,half-true,0,speaker_disjoint_split,1,0.546276713607768,0,0.47753923897393574
3029.json,scott-walker,mostly-true,0,speaker_disjoint_split,1,0.6210398472505879,1,0.6902560381045416
3710.json,nathan-deal,true,0,speaker_disjoint_split,0,0.14295880233989935,0,0.1596982383831523
13409.json,donald-trump,barely-true,1,speaker_disjoint_split,0,0.2564634848179824,0,0.34629647902098426
4568.json,new-jersey-democratic-state-committee,barely-true,1,speaker_disjoint_split,1,0.5140600717056764,1,0.5733014399077851
1849.json,john-oxendine,half-true,0,speaker_disjoint_split,0,0.31665976412521685,0,0.2854863754621782
10739.json,karl-rove,mostly-true,0,speaker_disjoint_split,1,0.6264595050535041,0,0.4356843065135681
13128.json,donald-trump,mostly-true,0,speaker_disjoint_split,0,0.28770150360334235,0,0.38695078084364365
7195.json,lenny-curry,barely-true,1,speaker_disjoint_split,1,0.5428250656855796,1,0.582551124669196
13047.json,donald-trump,half-true,0,speaker_disjoint_split,1,0.5227184257153203,1,0.5674006282305368
8352.json,blog-posting,pants-fire,1,speaker_disjoint_split,1,0.5331169206064416,1,0.7806194351881962
12749.json,donald-trump,half-true,0,speaker_disjoint_split,0,0.15479087697934973,0,0.1383904076714343
12011.json,donald-trump,half-true,0,speaker_disjoint_split,1,0.5042001505620726,1,0.5124508385550912
13490.json,don-beyer,false,1,speaker_disjoint_split,0,0.1799727165881079,1,0.5064683531557388
180.json,bill-richardson,false,1,speaker_disjoint_split,1,0.5596925262400324,0,0.3253559303244633
12368.json,donald-trump,barely-true,1,speaker_disjoint_split,0,0.37884372504648883,0,0.3394304366446312
5788.json,frank-wolf,true,0,speaker_disjoint_split,1,0.581200505184328,1,0.6230307123100959
3522.json,jason-haas,false,1,speaker_disjoint_split,0,0.3999826145823265,0,0.22126173992616835
10846.json,scott-walker,false,1,speaker_disjoint_split,1,0.8479815773525712,1,0.8101365473553398
700.json,john-mccain,true,0,speaker_disjoint_split,1,0.6606088037755083,1,0.6906111126915906
12214.json,bernie-s,mostly-true,0,speaker_disjoint_split,0,0.3197174057321257,0,0.3610234421839849
6922.json,lois-frankel,barely-true,1,speaker_disjoint_split,1,0.6195363635761462,0,0.44885568804993825
7416.json,david-plouffe,barely-true,1,speaker_disjoint_split,0,0.43664561397884927,1,0.7221622378253472
1262.json,glenn-beck,false,1,speaker_disjoint_split,0,0.44860051041690585,1,0.5843384794494992
1677.json,karen-sage,true,0,speaker_disjoint_split,0,0.4903085070392128,0,0.3589350054809444
13049.json,blog-posting,false,1,speaker_disjoint_split,0,0.3964882775770147,1,0.6896396312737492
13423.json,donald-trump,false,1,speaker_disjoint_split,1,0.6272115328870642,1,0.6515999234054328
3087.json,brian-moran,pants-fire,1,speaker_disjoint_split,0,0.3314177861617954,0,0.35190265346561417
3460.json,john-kasich,half-true,0,speaker_disjoint_split,1,0.5183716962578455,0,0.37669787914801695
9256.json,rush-limbaugh,false,1,speaker_disjoint_split,0,0.3206795233238513,0,0.3653586698651894
8104.json,don-lemon,mostly-true,0,speaker_disjoint_split,0,0.23380089243696847,0,0.21552072744746664
7970.json,todd-young,false,1,speaker_disjoint_split,1,0.6065506876204307,1,0.663689138288628
3257.json,dan-patrick,true,0,speaker_disjoint_split,0,0.39498432801522676,0,0.4368668270695791
70.json,ron-paul,mostly-true,0,speaker_disjoint_split,0,0.2876153425723348,0,0.06471924736513839
10140.json,john-carlevale,false,1,speaker_disjoint_split,0,0.2658799359689242,0,0.3660641188993695
8595.json,ken-cuccinelli,barely-true,1,speaker_disjoint_split,1,0.8540426514722067,1,0.8813848849375943
4885.json,joe-biden,mostly-true,0,speaker_disjoint_split,0,0.39029395461244576,0,0.22775850702379552
11917.json,john-mccain,true,0,speaker_disjoint_split,1,0.6031341081544825,1,0.6582411170575583
10978.json,don-beyer,true,0,speaker_disjoint_split,0,0.16025725490037587,0,0.33377917220416486
7164.json,john-kasich,true,0,speaker_disjoint_split,1,0.5395436272498669,0,0.3746345680438301
5251.json,blog-posting,mostly-true,0,speaker_disjoint_split,0,0.4442507372167822,1,0.7380529511309891
4689.json,jeb-hensarling,false,1,speaker_disjoint_split,0,0.4890806230218622,1,0.5335683553908663
9227.json,charlie-crist,barely-true,1,speaker_disjoint_split,0,0.49490459668247205,0,0.43812852299602706
12927.json,joaquin-castro,mostly-true,0,speaker_disjoint_split,0,0.4813780568214153,1,0.5937004424511031
340.json,john-mccain,true,0,speaker_disjoint_split,0,0.3899993496881048,1,0.5217327657788917
12924.json,gary-johnson,true,0,speaker_disjoint_split,0,0.3867350131926638,0,0.4701598892588373
13484.json,blog-posting,pants-fire,1,speaker_disjoint_split,1,0.554602482352421,1,0.5705708211462207
11261.json,scott-walker,mostly-true,0,speaker_disjoint_split,1,0.6272036154151079,1,0.7287463309254808
8285.json,bill-foster,barely-true,1,speaker_disjoint_split,1,0.5965438027998311,0,0.4307494465374827
9229.json,bob-cole,half-true,0,speaker_disjoint_split,0,0.41833235722779183,0,0.42811857009982884
8685.json,kathleen-sebelius,true,0,speaker_disjoint_split,0,0.23564490191087545,0,0.27661088440566983
9200.json,louie-gohmert,false,1,speaker_disjoint_split,0,0.3323649019098896,0,0.3683935275395973
2533.json,republican-party-florida,half-true,0,speaker_disjoint_split,0,0.4325952734909937,0,0.4710866550651006
9292.json,charlie-crist,half-true,0,speaker_disjoint_split,0,0.4079907571462296,0,0.30855719643218704
631.json,jerome-corsi,pants-fire,1,speaker_disjoint_split,0,0.30632229026466223,1,0.570963799811685
5074.json,john-kasich,mostly-true,0,speaker_disjoint_split,0,0.1049500740913748,0,0.245123370143012
6795.json,bill-clinton,barely-true,1,speaker_disjoint_split,1,0.5087509988937573,0,0.32530154527551625
12511.json,donald-trump,false,1,speaker_disjoint_split,0,0.4595954973960952,0,0.467577165380124
3186.json,john-kasich,barely-true,1,speaker_disjoint_split,1,0.5214090548010176,0,0.45321342259513797
