id,speaker,label,is_low_truth,setting,text_only_pred,text_only_score,text_plus_graph_pred,text_plus_graph_score
11972.json,rick-perry,true,0,fixed_split_train_test,1,0.6710233686472866,1,0.6226345778504743
11685.json,katrina-shankland,false,1,fixed_split_train_test,0,0.4178324065233085,1,0.607590034367698
11096.json,donald-trump,false,1,fixed_split_train_test,0,0.49901961769967373,1,0.7836945817586215
5209.json,rob-cornilles,half-true,0,fixed_split_train_test,0,0.46450537699030325,1,0.6264582817589593
9524.json,state-democratic-party-wisconsin,pants-fire,1,fixed_split_train_test,1,0.7413841770267771,1,0.7187186754662742
5962.json,brendan-doherty,true,0,fixed_split_train_test,0,0.4681222214505637,0,0.44829148639453037
7070.json,stand-children-tennessee,true,0,fixed_split_train_test,0,0.412119052226761,0,0.3838810758731156
1046.json,john-boehner,barely-true,1,fixed_split_train_test,1,0.6348573336461556,1,0.6413743820299785
12849.json,sean-patrick-maloney,true,0,fixed_split_train_test,0,0.428762495298197,0,0.3953424993816402
13270.json,mike-pence,barely-true,1,fixed_split_train_test,0,0.3198965116364672,0,0.4125365682011472
6649.json,mike-berlon,barely-true,1,fixed_split_train_test,0,0.47808718787147597,0,0.4131390259621521
2508.json,bill-flores,barely-true,1,fixed_split_train_test,1,0.5900776391944714,1,0.6189846468559859
11269.json,viral-image,pants-fire,1,fixed_split_train_test,1,0.6170563070622723,1,0.7373928582501444
11200.json,facebook-posts,false,1,fixed_split_train_test,0,0.3652540331900733,0,0.4695082270745819
8047.json,chris-abele,half-true,0,fixed_split_train_test,1,0.6704739983536894,1,0.6006517955117098
4888.json,rick-santorum,true,0,fixed_split_train_test,0,0.4633462743985169,1,0.5527741639446668
3331.json,tom-niehaus,pants-fire,1,fixed_split_train_test,0,0.42949501520164923,0,0.41300549403598086
9198.json,marsha-blackburn,half-true,0,fixed_split_train_test,0,0.41167450941313904,0,0.42906789858475053
73.json,hillary-clinton,true,0,fixed_split_train_test,0,0.4805623759324505,0,0.49958340324729866
1328.json,sarah-palin,false,1,fixed_split_train_test,0,0.4310992447247945,0,0.42179042743791084
12169.json,chris-sgro,mostly-true,0,fixed_split_train_test,1,0.5983341277380662,0,0.445901828003115
5244.json,marco-rubio,half-true,0,fixed_split_train_test,0,0.31850724966166183,0,0.42767190249681336
12996.json,donald-trump,pants-fire,1,fixed_split_train_test,0,0.4152916532551447,1,0.6938300163245539
8162.json,marijuana-policy-project,mostly-true,0,fixed_split_train_test,0,0.3968977525842476,0,0.4066836748107565
10064.json,republican-party-florida,false,1,fixed_split_train_test,1,0.6004904644958647,1,0.5550211613517834
1084.json,lindsey-graham,true,0,fixed_split_train_test,1,0.5446822157372668,0,0.43456406150548643
13231.json,hillary-clinton,barely-true,1,fixed_split_train_test,0,0.4539418070300583,0,0.3755736783580665
13089.json,republican-national-committee-republican,half-true,0,fixed_split_train_test,0,0.4783722898479543,0,0.4633898324457363
1051.json,mike-pence,true,0,fixed_split_train_test,1,0.6934659237973567,1,0.6443770722079494
4161.json,cliff-stearns,mostly-true,0,fixed_split_train_test,0,0.4297657052232054,0,0.38132930588927705
11966.json,cory-gardner,false,1,fixed_split_train_test,0,0.46420545043735867,0,0.4453474821253792
9800.json,sarah-palin,false,1,fixed_split_train_test,1,0.6089608617066338,0,0.4944175762170295
816.json,barack-obama,half-true,0,fixed_split_train_test,0,0.42940779597143774,0,0.36045511937028796
2646.json,democratic-congressional-campaign-committee,half-true,0,fixed_split_train_test,0,0.37598235893661486,1,0.5194766150881356
12381.json,mamie-locke,true,0,fixed_split_train_test,0,0.3726845115109104,0,0.4328448118578328
8567.json,herman-cain,half-true,0,fixed_split_train_test,1,0.7001588088983277,1,0.7451585383968263
9092.json,rick-scott,barely-true,1,fixed_split_train_test,0,0.47232801843445504,0,0.4723588306906641
10055.json,jeanne-shaheen,mostly-true,0,fixed_split_train_test,1,0.5424854126546222,1,0.56551264717256
4513.json,dennis-kucinich,true,0,fixed_split_train_test,0,0.422834827075677,0,0.294697483653942
10340.json,kevin-brady,true,0,fixed_split_train_test,0,0.41134602074200777,0,0.3804745243287472
6849.json,mitt-romney,barely-true,1,fixed_split_train_test,1,0.6602167598918789,1,0.556230140997175
10971.json,doonesbury,half-true,0,fixed_split_train_test,1,0.5986081721724311,0,0.45837057136413784
13251.json,donald-trump,pants-fire,1,fixed_split_train_test,0,0.4928348516269736,1,0.7578378632404518
7545.json,drew-springer,barely-true,1,fixed_split_train_test,1,0.6042176489970552,1,0.5292775875563588
4929.json,michele-bachmann,mostly-true,0,fixed_split_train_test,0,0.47166164464336674,1,0.6736142569332372
6239.json,robert-menendez,barely-true,1,fixed_split_train_test,0,0.43823959248540595,0,0.4397796282147828
266.json,hillary-clinton,half-true,0,fixed_split_train_test,1,0.6203611357051965,0,0.4371280624779576
8841.json,barack-obama,mostly-true,0,fixed_split_train_test,0,0.29042307825404495,0,0.3065954603695376
6313.json,steve-brown,false,1,fixed_split_train_test,1,0.7082968383246399,1,0.6038698630414894
9550.json,hillary-clinton,barely-true,1,fixed_split_train_test,1,0.7152616165360164,0,0.46913632238953296
9612.json,republican-party-florida,half-true,0,fixed_split_train_test,0,0.43063070056500985,1,0.531584628803755
13272.json,national-rifle-association,barely-true,1,fixed_split_train_test,1,0.6901245539860407,1,0.5905542775485931
7562.json,jeb-bush,mostly-true,0,fixed_split_train_test,0,0.25875762335843194,0,0.2670165024862416
3121.json,david-dewhurst,half-true,0,fixed_split_train_test,0,0.32600498809902984,0,0.4190512660451177
9578.json,jeff-flake,false,1,fixed_split_train_test,0,0.44503581717288526,0,0.33566439942720316
4553.json,committee-our-childrens-future,half-true,0,fixed_split_train_test,0,0.4014256798304319,0,0.3724723895096496
2356.json,steven-costantino,mostly-true,0,fixed_split_train_test,0,0.4877728555692975,1,0.6379170702726176
3453.json,hank-johnson,half-true,0,fixed_split_train_test,0,0.4248883886257058,0,0.44423122811260857
1066.json,michele-bachmann,pants-fire,1,fixed_split_train_test,1,0.6711799593156657,1,0.6468813447746703
2092.json,russell-pearce,pants-fire,1,fixed_split_train_test,0,0.38778147886278386,0,0.4268836796399835
7442.json,barack-obama,barely-true,1,fixed_split_train_test,1,0.6041064282359935,0,0.4714206623448596
9910.json,chris-matthews,barely-true,1,fixed_split_train_test,1,0.668541520284393,1,0.5751429789374602
11083.json,carlos-curbelo,true,0,fixed_split_train_test,1,0.6537744991280183,1,0.6195082047959265
11443.json,steven-costantino,false,1,fixed_split_train_test,1,0.6324497606739828,1,0.6235558947416516
11539.json,ezekiel-emanuel,half-true,0,fixed_split_train_test,0,0.4203523150835332,1,0.5911620693954586
2966.json,sherrod-brown,false,1,fixed_split_train_test,1,0.5658591265032318,0,0.3926370818578877
13367.json,patrick-murphy,mostly-true,0,fixed_split_train_test,1,0.687121682545255,1,0.5553652345774033
1087.json,joe-biden,mostly-true,0,fixed_split_train_test,0,0.4206733422517233,0,0.2909797539494007
267.json,bill-richardson,true,0,fixed_split_train_test,0,0.4179254865815549,0,0.4344120913636964
4272.json,lloyd-doggett,true,0,fixed_split_train_test,0,0.36831617817893336,0,0.37275988265867155
8849.json,ian-prior,half-true,0,fixed_split_train_test,0,0.42345763176814644,0,0.3750468441073306
12542.json,priorities-usa-action,half-true,0,fixed_split_train_test,0,0.3724679404575604,1,0.5046933340844444
8372.json,david-pennington,barely-true,1,fixed_split_train_test,0,0.46092779326503847,1,0.5936148809814222
3518.json,tim-pawlenty,mostly-true,0,fixed_split_train_test,0,0.18424692880648302,0,0.2524521166147952
8340.json,ted-cruz,false,1,fixed_split_train_test,1,0.5457420959850964,1,0.657878606879266
10218.json,friends-india-point-park,half-true,0,fixed_split_train_test,0,0.45899310265688076,0,0.3871029366371069
12698.json,reince-priebus,false,1,fixed_split_train_test,1,0.5841545038914338,1,0.500645495196188
2357.json,scott-walker,false,1,fixed_split_train_test,1,0.6251236216454943,1,0.6418094978063734
7823.json,barbara-buono,half-true,0,fixed_split_train_test,0,0.4818150457117863,0,0.39001698862781303
12541.json,donald-trump,barely-true,1,fixed_split_train_test,1,0.5892485778952457,1,0.7879680928615614
2854.json,carole-smith,pants-fire,1,fixed_split_train_test,0,0.34394772430981685,0,0.24685766400732032
4719.json,H204TEXAS-PAC,half-true,0,fixed_split_train_test,1,0.5078256359506864,0,0.4115512828386256
2072.json,david-cicilline,true,0,fixed_split_train_test,0,0.3066560622627688,0,0.35502335053663514
2885.json,bill-nelson,false,1,fixed_split_train_test,1,0.5626856099474712,1,0.5746685934003578
13334.json,gerald-daugherty,half-true,0,fixed_split_train_test,0,0.49739637726716807,1,0.5211557148680771
4820.json,facebook-posts,half-true,0,fixed_split_train_test,0,0.35238280875643135,0,0.35269728488883195
12309.json,paul-ryan,barely-true,1,fixed_split_train_test,1,0.5779669829189146,1,0.5737152045504663
1420.json,debra-medina,mostly-true,0,fixed_split_train_test,0,0.46937909709861975,0,0.4697085929643345
8761.json,facebook-posts,false,1,fixed_split_train_test,0,0.38397243624979205,1,0.5089813092102207
2491.json,dave-yost,true,0,fixed_split_train_test,1,0.6151304860268635,0,0.48945995078596005
1075.json,democratic-national-committee,barely-true,1,fixed_split_train_test,1,0.5976431844424134,1,0.5415830842763343
9762.json,bob-donovan,true,0,fixed_split_train_test,0,0.3727120786901336,0,0.3346224259314012
5935.json,brett-bittner,barely-true,1,fixed_split_train_test,0,0.37275513733761145,0,0.402761618674481
2821.json,george-allen,pants-fire,1,fixed_split_train_test,1,0.7704335233030842,1,0.7366315145418364
6370.json,julian-castro,true,0,fixed_split_train_test,0,0.3415658221783635,0,0.3538831722401356
3706.json,mike-bennett,pants-fire,1,fixed_split_train_test,0,0.4711400987672785,1,0.5248615517859009
10163.json,james-carr,true,0,fixed_split_train_test,0,0.4391773665570301,0,0.3727519911262191
2796.json,safe-routes-schools,false,1,fixed_split_train_test,0,0.47118129975521994,1,0.5159414037999454
6083.json,rick-scott,barely-true,1,fixed_split_train_test,0,0.3749247694424272,0,0.40911155003781574
5913.json,conservative-renewal-pac,barely-true,1,fixed_split_train_test,1,0.6367826512005016,1,0.7529704898992776
934.json,barack-obama,true,0,fixed_split_train_test,1,0.5384634178876683,0,0.41436880616482025
2162.json,kasim-reed,barely-true,1,fixed_split_train_test,0,0.4731390397985667,0,0.28602777363408904
3161.json,rachel-maddow,mostly-true,0,fixed_split_train_test,0,0.23361363758900033,0,0.30627933548070285
2679.json,charlie-crist,true,0,fixed_split_train_test,0,0.49742767768246626,1,0.5108076099850873
8929.json,mark-pocan,true,0,fixed_split_train_test,1,0.5395466935237195,1,0.5809698359752614
10040.json,bill-oreilly,half-true,0,fixed_split_train_test,1,0.571062685864596,1,0.6233836922181267
12398.json,priorities-usa-action,pants-fire,1,fixed_split_train_test,0,0.45933800576678413,0,0.46497572331530324
2690.json,kendrick-meek,pants-fire,1,fixed_split_train_test,0,0.37225227943417794,0,0.4809673404110169
8667.json,bob-schieffer,true,0,fixed_split_train_test,0,0.3279246212392014,0,0.3933511312132133
8941.json,wolf-blitzer,true,0,fixed_split_train_test,1,0.6342479160715597,1,0.6245746607541126
6821.json,chris-christie,pants-fire,1,fixed_split_train_test,0,0.49339501162631677,1,0.6441127310487001
10631.json,william-obrien,false,1,fixed_split_train_test,0,0.4549751677566628,1,0.5339113534889883
6579.json,nikki-haley,half-true,0,fixed_split_train_test,1,0.6563806989581273,1,0.6044028645902497
11400.json,league-conservation-voters,mostly-true,0,fixed_split_train_test,1,0.5206528442287744,0,0.43229476570182573
3228.json,cenk-uygur,true,0,fixed_split_train_test,1,0.6453332884922295,1,0.7455010491378107
9746.json,mark-emmert,half-true,0,fixed_split_train_test,0,0.37211946620177855,0,0.3730611880054062
1915.json,donna-campbell,false,1,fixed_split_train_test,0,0.3562011009080261,0,0.4635807136410189
12456.json,pat-toomey,barely-true,1,fixed_split_train_test,0,0.49422575462984325,0,0.3037980403688078
4856.json,democratic-national-committee,half-true,0,fixed_split_train_test,0,0.3931181150787611,0,0.32958067077320474
4698.json,americans-prosperity-new-jersey,false,1,fixed_split_train_test,0,0.41400445617723275,1,0.5116656495337855
2585.json,christine-odonnell,barely-true,1,fixed_split_train_test,1,0.614310008074698,1,0.6736866271507688
6604.json,crossroads-gps,barely-true,1,fixed_split_train_test,0,0.4921908352500396,0,0.48052297828233664
4495.json,michele-bachmann,pants-fire,1,fixed_split_train_test,0,0.36869805993836446,1,0.6729209062209098
8406.json,ted-cruz,barely-true,1,fixed_split_train_test,1,0.5681208940507219,1,0.7466425416772665
10147.json,jason-carter,false,1,fixed_split_train_test,1,0.5075218172371988,0,0.4165785646081398
10623.json,mark-pocan,mostly-true,0,fixed_split_train_test,1,0.504708612346663,0,0.4672380432125464
2277.json,roy-barnes,half-true,0,fixed_split_train_test,1,0.6579833207263447,1,0.6508382283113288
8146.json,al-sharpton,mostly-true,0,fixed_split_train_test,1,0.5347386068556028,0,0.4790505547155889
6026.json,scott-walker,half-true,0,fixed_split_train_test,1,0.6942432267532821,1,0.5823441993748761
13056.json,national-republican-congressional-committee,true,0,fixed_split_train_test,0,0.3145902867155224,0,0.4833796611165102
1103.json,glenn-beck,pants-fire,1,fixed_split_train_test,1,0.5121653243991362,1,0.5495691355432266
4444.json,gail-collins,mostly-true,0,fixed_split_train_test,0,0.48758969327443363,0,0.49936767122353204
9269.json,matt-bevin,false,1,fixed_split_train_test,1,0.5380040943583798,0,0.30069017931671466
4105.json,shelly-moore,pants-fire,1,fixed_split_train_test,1,0.6503967539163579,1,0.6690074455609429
8533.json,frank-fahrenkopf,barely-true,1,fixed_split_train_test,1,0.5009488068122722,0,0.4625352298194715
6950.json,connie-mack,mostly-true,0,fixed_split_train_test,0,0.460327275107639,1,0.533155143456866
13125.json,donald-trump,barely-true,1,fixed_split_train_test,1,0.5059510346033431,1,0.7901741649879425
8294.json,nan-rich,mostly-true,0,fixed_split_train_test,1,0.5318532591545105,0,0.494916840894186
9908.json,mike-wise,mostly-true,0,fixed_split_train_test,0,0.39920506271106115,0,0.447278784578941
12424.json,todd-wilcox,false,1,fixed_split_train_test,1,0.539093176739271,1,0.6238940214322836
4309.json,democratic-party-virginia,false,1,fixed_split_train_test,0,0.39766066377458614,1,0.5219843102106899
110.json,fred-thompson,false,1,fixed_split_train_test,1,0.617481398760231,0,0.4981288283814684
7677.json,ohio-public-defenders-office,mostly-true,0,fixed_split_train_test,1,0.591264695038035,0,0.46162708535571795
4780.json,jim-webb,true,0,fixed_split_train_test,0,0.24839836122782266,0,0.25289985670919474
715.json,sarah-palin,false,1,fixed_split_train_test,1,0.6139439354783861,1,0.6555435071875407
3107.json,dean-cannon,true,0,fixed_split_train_test,0,0.21966778808854398,0,0.3577055980217603
7565.json,steve-latourette,mostly-true,0,fixed_split_train_test,1,0.5166108109234943,0,0.38946329734529866
8606.json,ron-johnson,half-true,0,fixed_split_train_test,1,0.5833987983261361,1,0.6361422146677225
3869.json,chris-christie,half-true,0,fixed_split_train_test,1,0.6048394553280625,1,0.6585207877926776
10948.json,occupy-democrats,false,1,fixed_split_train_test,1,0.5849271832320317,0,0.4902121630548959
12210.json,dan-forest,false,1,fixed_split_train_test,1,0.516527172778881,0,0.4957350227788175
4119.json,barack-obama,mostly-true,0,fixed_split_train_test,0,0.31896524437348406,0,0.3038970459517312
7272.json,hank-johnson,barely-true,1,fixed_split_train_test,1,0.5712426953434616,0,0.47752477119623316
12236.json,hillary-clinton,half-true,0,fixed_split_train_test,0,0.20380228391783692,0,0.28090250749286994
4016.json,alberta-darling,false,1,fixed_split_train_test,1,0.5381692617345756,1,0.5407278631525818
6765.json,joaquin-castro,true,0,fixed_split_train_test,0,0.4869194595273067,0,0.39483979631095445
11867.json,ted-cruz,false,1,fixed_split_train_test,1,0.5951556757002993,1,0.6723223384277
11777.json,paul-ryan,true,0,fixed_split_train_test,0,0.46430658058759383,0,0.3807512233373449
9051.json,chain-email,pants-fire,1,fixed_split_train_test,0,0.48232576833395335,1,0.7433532641118878
4243.json,jon-huntsman,mostly-true,0,fixed_split_train_test,0,0.4017491586008756,0,0.37730858121995997
7818.json,carolyn-tomei,mostly-true,0,fixed_split_train_test,0,0.35970753156232355,0,0.3844994707330707
10871.json,gina-hinojosa,half-true,0,fixed_split_train_test,0,0.31225683967866136,0,0.3782138955542094
4710.json,john-lee,half-true,0,fixed_split_train_test,0,0.3720140670971148,0,0.2874429869760412
9507.json,steve-doocy,pants-fire,1,fixed_split_train_test,1,0.5315449587133706,1,0.5082153816605935
11324.json,dale-kooyenga,mostly-true,0,fixed_split_train_test,1,0.6374170033417401,1,0.5098367008624999
6046.json,jim-renacci,false,1,fixed_split_train_test,1,0.5985382254353767,1,0.6042988390563124
8434.json,mark-obenshain,barely-true,1,fixed_split_train_test,1,0.650097848132502,1,0.6027310550826939
3637.json,donald-trump,mostly-true,0,fixed_split_train_test,0,0.33318781916316076,0,0.46774688373052903
7744.json,george-lavender,mostly-true,0,fixed_split_train_test,1,0.5830711907558616,0,0.49263301606446824
2897.json,lee-holloway,barely-true,1,fixed_split_train_test,1,0.6058860038861625,1,0.5827277138033283
6060.json,jeanne-shaheen,barely-true,1,fixed_split_train_test,0,0.331453910146888,0,0.344759135345956
603.json,john-mccain,false,1,fixed_split_train_test,0,0.34985635977979757,1,0.5139007240371305
11545.json,bernie-s,mostly-true,0,fixed_split_train_test,0,0.42085926832590975,0,0.32192472476893785
10448.json,florida-chamber-commerce,half-true,0,fixed_split_train_test,0,0.2963347561443615,0,0.36991257746670064
5461.json,newt-gingrich,true,0,fixed_split_train_test,1,0.5144356939021748,1,0.5863460286757473
6684.json,its-still-bad-idea,pants-fire,1,fixed_split_train_test,0,0.4351956437705576,0,0.3344640176164537
450.json,hillary-clinton,barely-true,1,fixed_split_train_test,1,0.5829207603379757,0,0.48044857155285886
769.json,sarah-palin,true,0,fixed_split_train_test,1,0.5856853091725772,1,0.5661371313351365
6425.json,eric-hovde,half-true,0,fixed_split_train_test,0,0.4635324231153168,1,0.5068527556478322
502.json,barack-obama,true,0,fixed_split_train_test,0,0.4165413709790377,0,0.33564741722140845
11711.json,donald-trump,true,0,fixed_split_train_test,0,0.46975924427560023,1,0.7044423522713061
5470.json,heather-fiorentino,true,0,fixed_split_train_test,0,0.29649069679211426,0,0.3647601292351433
8869.json,scott-surovell,mostly-true,0,fixed_split_train_test,0,0.3494767952585516,0,0.3502285004943795
8159.json,wendy-davis,half-true,0,fixed_split_train_test,0,0.36830025089138624,0,0.468223543093708
6884.json,american-crossroads,half-true,0,fixed_split_train_test,1,0.6109995248126636,1,0.6818401828381836
10250.json,david-hallock,false,1,fixed_split_train_test,0,0.4692686828147237,0,0.45633756046370827
10757.json,marco-rubio,false,1,fixed_split_train_test,0,0.4491360385385935,1,0.5480013245118953
8320.json,charlie-crist,mostly-true,0,fixed_split_train_test,0,0.32204844463881765,0,0.2856296070945105
5472.json,red-white-and-blue-fund,false,1,fixed_split_train_test,0,0.22603246327399765,0,0.3029583529419395
5505.json,lenny-curry,true,0,fixed_split_train_test,0,0.44734364159952356,0,0.36964045450897764
12427.json,job-itkzkowitz,mostly-true,0,fixed_split_train_test,0,0.48471376071996203,0,0.3979721427239624
11464.json,viral-image,barely-true,1,fixed_split_train_test,0,0.4013676891121283,1,0.5714718322613243
11778.json,donald-trump,barely-true,1,fixed_split_train_test,0,0.3332455637392816,1,0.6452546504303122
12961.json,reince-priebus,false,1,fixed_split_train_test,0,0.33527871261782627,0,0.3743926738888911
10269.json,facebook-posts,barely-true,1,fixed_split_train_test,0,0.4061849859935198,1,0.5676237216687836
2833.json,rick-perry,half-true,0,fixed_split_train_test,0,0.2827511708472621,0,0.38153892970650116
6110.json,rick-perry,half-true,0,fixed_split_train_test,1,0.576408037228305,1,0.6385083518982908
13400.json,eric-greitens,barely-true,1,fixed_split_train_test,1,0.5087101292715001,1,0.5049800381742345
1251.json,jay-rockefeller,true,0,fixed_split_train_test,1,0.6953057873150505,1,0.5767806829450597
6112.json,jeff-merkley,mostly-true,0,fixed_split_train_test,0,0.2589321850431002,0,0.29631536519818097
6431.json,jay-carney,false,1,fixed_split_train_test,1,0.5972998683520153,0,0.44983234116936016
2615.json,rob-portman,false,1,fixed_split_train_test,0,0.37208827965878394,0,0.34877644397641555
3709.json,robert-watson,false,1,fixed_split_train_test,1,0.6213638650133544,1,0.5402668211421228
2652.json,kathie-glass,pants-fire,1,fixed_split_train_test,1,0.582357208937225,1,0.5459661682553476
9146.json,linda-finn,mostly-true,0,fixed_split_train_test,0,0.41452909439801905,0,0.39868965878911794
184.json,barack-obama,false,1,fixed_split_train_test,0,0.34388477902871756,0,0.37457751294036673
11764.json,state-democratic-party-wisconsin,pants-fire,1,fixed_split_train_test,0,0.2808719373801743,0,0.406901555894239
7692.json,dan-patrick,mostly-true,0,fixed_split_train_test,0,0.44603214577980577,0,0.3966543984703158
7876.json,chain-email,pants-fire,1,fixed_split_train_test,1,0.6939291925697361,1,0.7814834515315962
5171.json,rick-santorum,false,1,fixed_split_train_test,1,0.6617377774626804,1,0.5962016226960815
12950.json,independent-voice-illinois-pac,barely-true,1,fixed_split_train_test,0,0.47230097825129136,0,0.47769189369029574
11185.json,carly-fiorina,barely-true,1,fixed_split_train_test,0,0.39221985871936116,0,0.4669674463955302
2412.json,republican-party-florida,false,1,fixed_split_train_test,1,0.6243952685360693,1,0.6155421969274932
3215.json,scott-suder,pants-fire,1,fixed_split_train_test,1,0.5734658253404703,0,0.430968571325198
948.json,john-boehner,true,0,fixed_split_train_test,1,0.6015670229263604,1,0.620705110345486
11766.json,wendy-davis,half-true,0,fixed_split_train_test,0,0.3922946306803868,1,0.520259563337656
592.json,john-mccain,barely-true,1,fixed_split_train_test,0,0.4566690957962812,0,0.48587993306414806
5732.json,mitt-romney,barely-true,1,fixed_split_train_test,1,0.5104391985219662,1,0.5168224386982739
12745.json,donald-trump,half-true,0,fixed_split_train_test,0,0.4254866079887551,1,0.5294523522390724
5017.json,john-boehner,barely-true,1,fixed_split_train_test,1,0.7801902321132668,1,0.6703118604384191
12331.json,enterprise-florida,barely-true,1,fixed_split_train_test,0,0.4034133516461388,0,0.3930451915948228
10424.json,barack-obama,mostly-true,0,fixed_split_train_test,1,0.5876474326101523,0,0.48095458324403484
9091.json,facebook-posts,false,1,fixed_split_train_test,0,0.35618311829590676,0,0.4217744107409321
2547.json,lloyd-doggett,true,0,fixed_split_train_test,1,0.6770475162650338,1,0.6282761309360474
12571.json,paul-ryan,mostly-true,0,fixed_split_train_test,1,0.558215635168295,0,0.40734493151911816
7810.json,rick-scott,mostly-true,0,fixed_split_train_test,0,0.40786493887157116,0,0.3983223780329394
10935.json,motion-picture-association-america,mostly-true,0,fixed_split_train_test,0,0.27141295113523584,0,0.21605326998522792
8433.json,milly-silva,mostly-true,0,fixed_split_train_test,0,0.36648744124168126,0,0.2772280583847056
7087.json,robin-vos,mostly-true,0,fixed_split_train_test,0,0.4622838596918651,0,0.3467068632801999
1025.json,michele-bachmann,false,1,fixed_split_train_test,0,0.416503603437779,1,0.5383285966204755
6386.json,democratic-congressional-campaign-committee,barely-true,1,fixed_split_train_test,1,0.5682193462460962,1,0.6094415586217072
2844.json,jeff-scrima,half-true,0,fixed_split_train_test,1,0.5120766077809219,1,0.5015902142787763
2392.json,george-will,barely-true,1,fixed_split_train_test,0,0.4992379600094569,0,0.44329503726320596
4708.json,nina-turner,true,0,fixed_split_train_test,0,0.3947662432490985,0,0.3251485730717047
8676.json,florida-democratic-party,barely-true,1,fixed_split_train_test,0,0.4833571817197528,0,0.4298928724614903
8809.json,jason-carter,true,0,fixed_split_train_test,0,0.1580284070625851,0,0.21617083198808065
4095.json,barack-obama,mostly-true,0,fixed_split_train_test,1,0.5345151114216659,0,0.4273137178329286
13102.json,hillary-clinton,half-true,0,fixed_split_train_test,1,0.6020368550063269,0,0.4839287510954689
12167.json,bernie-s,barely-true,1,fixed_split_train_test,1,0.6278819920174051,1,0.5675837813548077
2876.json,john-kasich,mostly-true,0,fixed_split_train_test,0,0.3441081280749399,0,0.28395494865633353
4769.json,john-birch-society,half-true,0,fixed_split_train_test,1,0.629865741894126,1,0.5822272474680598
1760.json,rick-perry,barely-true,1,fixed_split_train_test,0,0.3041671281706585,0,0.33381829432159965
12943.json,donald-trump,half-true,0,fixed_split_train_test,1,0.5739269761742655,1,0.7460491575208713
6513.json,special-operations-opsec-education-fund,false,1,fixed_split_train_test,1,0.5527235418190809,1,0.606188779972469
7780.json,barack-obama,barely-true,1,fixed_split_train_test,1,0.5697860122344907,0,0.391784007967571
7418.json,jon-bramnick,mostly-true,0,fixed_split_train_test,1,0.6253601476183057,1,0.576603867122818
2777.json,michael-bloomberg,mostly-true,0,fixed_split_train_test,0,0.3192658883725226,0,0.22771270865854773
8853.json,rand-paul,false,1,fixed_split_train_test,1,0.6409208375379936,0,0.4938073112525865
7758.json,bill-richardson,mostly-true,0,fixed_split_train_test,1,0.6188986281227559,1,0.5751528424476529
11796.json,donald-trump,half-true,0,fixed_split_train_test,1,0.5666870747447329,1,0.6516553150566143
11573.json,hillary-clinton,half-true,0,fixed_split_train_test,0,0.39633954379874,0,0.37426167986652703
9521.json,ted-cruz,half-true,0,fixed_split_train_test,0,0.4462453862771058,1,0.5747561104837265
10208.json,anna-kooiman,barely-true,1,fixed_split_train_test,1,0.6427617479847554,1,0.5788399300559937
5756.json,barack-obama,half-true,0,fixed_split_train_test,0,0.4170518183942484,0,0.30920861989365983
1569.json,george-will,mostly-true,0,fixed_split_train_test,0,0.27657157893221296,0,0.2658346031982754
11805.json,virginia-center-public-safety,true,0,fixed_split_train_test,0,0.3329636439833286,0,0.31171408154751495
805.json,john-mccain,mostly-true,0,fixed_split_train_test,1,0.5352854016690349,0,0.47005005958021867
8030.json,tweets,barely-true,1,fixed_split_train_test,0,0.23249868462104478,0,0.3114472984460554
7678.json,clean-water-portland,false,1,fixed_split_train_test,1,0.6007006564711929,0,0.44727772458088083
139.json,tom-tancredo,mostly-true,0,fixed_split_train_test,0,0.48262068070581643,0,0.46840969534718435
7271.json,john-kitzhaber,true,0,fixed_split_train_test,0,0.3366752872758802,0,0.399627943146658
11409.json,dave-brat,false,1,fixed_split_train_test,1,0.520182408877782,0,0.4684140710165931
688.json,fred-thompson,false,1,fixed_split_train_test,0,0.44230807692109214,0,0.4154280181818219
3726.json,one-wisconsin-now,mostly-true,0,fixed_split_train_test,0,0.38005815886034233,0,0.4390133309229437
7461.json,arne-duncan,barely-true,1,fixed_split_train_test,0,0.4607322617986213,0,0.36669474083999787
5363.json,us-chamber-commerce,false,1,fixed_split_train_test,1,0.7077778414510287,1,0.674757712351942
9942.json,george-will,true,0,fixed_split_train_test,1,0.5807941096831762,0,0.4807123080080287
3575.json,scott-walker,true,0,fixed_split_train_test,1,0.6330268400172437,1,0.6632838989099573
2205.json,gen-peter-chiarelli,true,0,fixed_split_train_test,0,0.30864815493669046,0,0.36917626165222406
7552.json,jeff-mullis,mostly-true,0,fixed_split_train_test,0,0.4025767763601151,0,0.3485495794579134
7135.json,association-mature-american-citizens,pants-fire,1,fixed_split_train_test,0,0.48079153175316847,1,0.6485055773665475
384.json,votevetsorg,true,0,fixed_split_train_test,1,0.5095154933634112,1,0.5419096686037767
13007.json,sean-hannity,true,0,fixed_split_train_test,0,0.3996508607721821,0,0.3825480528273559
12994.json,hilary-rosen,mostly-true,0,fixed_split_train_test,1,0.6254376215870603,1,0.5503189401737709
3436.json,matt-gaetz,false,1,fixed_split_train_test,1,0.6070075800688164,1,0.5592490365589148
5810.json,citizens-transportation-mobility,mostly-true,0,fixed_split_train_test,0,0.41381667816477136,0,0.3432796755398302
6141.json,tommy-thompson,pants-fire,1,fixed_split_train_test,1,0.7245310625858395,1,0.7107962726871401
6.json,chris-dodd,half-true,0,fixed_split_train_test,1,0.683245455716019,1,0.5118691120057137
9891.json,ted-cruz,half-true,0,fixed_split_train_test,1,0.6305485755361198,1,0.70640797698872
1971.json,john-albers,false,1,fixed_split_train_test,0,0.29903988197807224,0,0.4542365814141461
7008.json,mitt-romney,mostly-true,0,fixed_split_train_test,0,0.4010181544456768,0,0.38179306280123704
8963.json,matt-bevin,pants-fire,1,fixed_split_train_test,1,0.5759106438865105,1,0.5380995846640868
13040.json,russ-feingold,half-true,0,fixed_split_train_test,0,0.43451625347098366,1,0.5032345718320185
8151.json,rand-paul,false,1,fixed_split_train_test,0,0.26394779649092664,0,0.1638034587143733
6236.json,eric-hovde,barely-true,1,fixed_split_train_test,0,0.26869992310890006,0,0.20530371275060813
6974.json,tennessee-republican-party,false,1,fixed_split_train_test,1,0.6026192945605823,1,0.6800477910310302
6879.json,josh-mandel,barely-true,1,fixed_split_train_test,1,0.5661512622722068,1,0.5742552385537956
11639.json,jeb-bush,mostly-true,0,fixed_split_train_test,0,0.49906449897981775,0,0.4829225580762147
9343.json,dick-cheney,barely-true,1,fixed_split_train_test,1,0.5229532250237732,1,0.6508496823743857
422.json,hillary-clinton,half-true,0,fixed_split_train_test,1,0.5611386352091865,0,0.4433479717518445
1448.json,barack-obama,half-true,0,fixed_split_train_test,0,0.4070275711180168,0,0.35956841881870744
737.json,barack-obama,false,1,fixed_split_train_test,1,0.5020220085898847,0,0.43641946133628334
10516.json,dave-claunch,mostly-true,0,fixed_split_train_test,0,0.37128867368801816,0,0.2978983596286975
4750.json,allen-west,false,1,fixed_split_train_test,1,0.6870035369374492,1,0.6938774570108165
8604.json,chain-email,false,1,fixed_split_train_test,1,0.6206362713272763,1,0.8023317314555143
729.json,john-mccain,half-true,0,fixed_split_train_test,1,0.5802771937010172,1,0.5005226853745699
12702.json,mike-cernovich,pants-fire,1,fixed_split_train_test,1,0.6130933542453113,1,0.5575229775922405
8901.json,van-jones,true,0,fixed_split_train_test,1,0.7364708881932078,1,0.512626258505312
11546.json,richard-paglia,half-true,0,fixed_split_train_test,0,0.29319865224729424,0,0.2931442373027744
1353.json,john-murtha,barely-true,1,fixed_split_train_test,0,0.39464404186947033,0,0.4150104851345162
5938.json,mark-neumann,false,1,fixed_split_train_test,1,0.6280710476111814,1,0.5237063296408572
12158.json,rick-scott,barely-true,1,fixed_split_train_test,1,0.5140498479250833,0,0.4289296770780615
656.json,joe-biden,mostly-true,0,fixed_split_train_test,0,0.4716473789978138,0,0.3758109182037993
10085.json,larry-pressler,false,1,fixed_split_train_test,1,0.5026089117571542,1,0.5318106831568986
5824.json,jennifer-carroll,false,1,fixed_split_train_test,1,0.5885882130003839,1,0.540555941989161
5753.json,lisa-tomasso,true,0,fixed_split_train_test,0,0.40685252692343027,0,0.34446317472563676
5512.json,stephen-laffey,false,1,fixed_split_train_test,0,0.40799891911338615,1,0.510283465556116
125.json,mitt-romney,mostly-true,0,fixed_split_train_test,1,0.5382093738252913,0,0.4680646343643946
6010.json,lenny-curry,half-true,0,fixed_split_train_test,0,0.3831752022124438,0,0.2866051931795032
727.json,john-mccain,mostly-true,0,fixed_split_train_test,0,0.43119023243875987,0,0.4000458499839509
42.json,rudy-giuliani,barely-true,1,fixed_split_train_test,0,0.42243394945874585,0,0.4618226897161025
8511.json,sid-covington,half-true,0,fixed_split_train_test,1,0.6680058908352542,1,0.5596657576299215
6262.json,democratic-congressional-campaign-committee,pants-fire,1,fixed_split_train_test,1,0.6388250945829951,1,0.6274087059123526
9502.json,barack-obama,mostly-true,0,fixed_split_train_test,0,0.43681398000811034,0,0.33431796139642606
11351.json,jennifer-shilling,mostly-true,0,fixed_split_train_test,0,0.2814461769559931,0,0.42486555654024627
8558.json,kenneth-block,false,1,fixed_split_train_test,0,0.34951408808752304,0,0.33576094290999814
12084.json,donald-trump,true,0,fixed_split_train_test,1,0.5249866894483721,1,0.7286938948042772
568.json,barack-obama,true,0,fixed_split_train_test,1,0.6483733996334509,0,0.4276785487604424
7537.json,sean-duffy,half-true,0,fixed_split_train_test,0,0.47450439115451115,0,0.4371380918190719
9708.json,rick-perry,pants-fire,1,fixed_split_train_test,0,0.4197166325336011,0,0.4889231606978526
7524.json,jamie-radtke,half-true,0,fixed_split_train_test,1,0.6585845233372724,1,0.5260519771006608
4537.json,rick-perry,mostly-true,0,fixed_split_train_test,0,0.22293126689343648,0,0.3850517505227338
8549.json,city-austin,barely-true,1,fixed_split_train_test,0,0.3885280117228019,0,0.41416578359088585
11736.json,jeb-bush,half-true,0,fixed_split_train_test,0,0.2800273719772736,0,0.355388732422478
8062.json,barack-obama,half-true,0,fixed_split_train_test,0,0.410401572478323,0,0.3484690803954854
3158.json,john-kitzhaber,mostly-true,0,fixed_split_train_test,0,0.41947152521648984,0,0.4334873488108334
10794.json,robert-hurt,false,1,fixed_split_train_test,1,0.6176518513006188,1,0.6091137175042077
12461.json,blog-posting,true,0,fixed_split_train_test,1,0.5728594035618647,1,0.8283730924718834
8609.json,kurt-schrader,half-true,0,fixed_split_train_test,1,0.6284566427628585,1,0.6245517619883267
63.json,chris-dodd,mostly-true,0,fixed_split_train_test,1,0.5780035845791954,0,0.4417523745547178
6560.json,jeb-bush,true,0,fixed_split_train_test,0,0.3499732485892211,0,0.2866912436354469
3546.json,john-boehner,half-true,0,fixed_split_train_test,0,0.4627199837243383,1,0.6219571190747293
3036.json,national-federation-independent-business-wiscons,false,1,fixed_split_train_test,0,0.19600241173712174,0,0.2984482066315739
11910.json,ben-carson,pants-fire,1,fixed_split_train_test,1,0.6765928462784164,1,0.7253846388562294
4101.json,marco-rubio,mostly-true,0,fixed_split_train_test,0,0.44758343825417923,1,0.5422457561425559
10175.json,scott-walker,mostly-true,0,fixed_split_train_test,1,0.5292315987971709,1,0.589164423628444
4593.json,edd-houck,false,1,fixed_split_train_test,1,0.5810298280146579,1,0.5572904436607705
5985.json,anastasia-williams,false,1,fixed_split_train_test,1,0.5364178186763247,0,0.42448593212545893
1881.json,thomas-melsheimer,barely-true,1,fixed_split_train_test,0,0.29425184457918324,0,0.34525802139257894
204.json,mitt-romney,false,1,fixed_split_train_test,1,0.5431996279738492,0,0.43079701700693107
10091.json,Rhode_Island_Catholic,true,0,fixed_split_train_test,1,0.5657175587571547,1,0.5380206011518266
1409.json,kay-bailey-hutchison,false,1,fixed_split_train_test,1,0.5191458870922839,1,0.5440604032475176
2769.json,childrens-healthcare-atlanta,true,0,fixed_split_train_test,0,0.2929579498222634,0,0.2867485710385947
2600.json,betty-sutton,mostly-true,0,fixed_split_train_test,1,0.5590901162858987,1,0.5558703448099446
4822.json,rebecca-kleefisch,half-true,0,fixed_split_train_test,0,0.44167095726389066,1,0.6400948871566853
5536.json,stephen-sweeney,half-true,0,fixed_split_train_test,1,0.7424290724277021,1,0.5889241191476146
2911.json,dennis-kucinich,false,1,fixed_split_train_test,0,0.2540959177405584,0,0.26072843815608804
12787.json,donald-trump,half-true,0,fixed_split_train_test,1,0.506505506766413,1,0.7706183279823473
2442.json,delia-lopez,pants-fire,1,fixed_split_train_test,1,0.6564093340743151,1,0.6208832260961388
3489.json,greater-wisconsin-political-fund,barely-true,1,fixed_split_train_test,1,0.7215096664532654,1,0.5662223592638927
12006.json,paul-ryan,false,1,fixed_split_train_test,1,0.6575615772872718,0,0.4943867472051033
9109.json,ed-schultz,barely-true,1,fixed_split_train_test,1,0.661680066102179,1,0.5787666857019422
12661.json,cory-booker,mostly-true,0,fixed_split_train_test,0,0.4361467917165914,0,0.34611960707779854
6447.json,gail-collins,half-true,0,fixed_split_train_test,1,0.5458423032931752,1,0.6230040595499217
2983.json,sam-adams,true,0,fixed_split_train_test,0,0.4036458613513199,0,0.37171137694236533
13467.json,political-insider,pants-fire,1,fixed_split_train_test,1,0.7874950536479395,1,0.7044427881392938
921.json,barack-obama,false,1,fixed_split_train_test,1,0.7499521577258478,1,0.558893811540016
9141.json,charles-krauthammer,barely-true,1,fixed_split_train_test,1,0.6684984237916786,1,0.639029472446061
12648.json,freedom-partners-action-fund,barely-true,1,fixed_split_train_test,0,0.46498907038710513,1,0.5819443948915672
3674.json,troy-fraser,pants-fire,1,fixed_split_train_test,0,0.3876201369581003,0,0.3900967811122705
6577.json,scott-walker,half-true,0,fixed_split_train_test,0,0.38614635702971006,0,0.4529440993539035
8240.json,james-oneil,false,1,fixed_split_train_test,1,0.5245934541422909,0,0.43598971551952415
9405.json,rick-scott,mostly-true,0,fixed_split_train_test,0,0.3385004325475134,0,0.371232253494762
1892.json,john-boehner,true,0,fixed_split_train_test,1,0.551369576047062,1,0.5277034451271306
2754.json,john-boccieri,half-true,0,fixed_split_train_test,0,0.461926524263295,0,0.3980297633138956
31.json,tommy-thompson,true,0,fixed_split_train_test,0,0.4266043939356515,0,0.4102238260816472
4711.json,lloyd-doggett,mostly-true,0,fixed_split_train_test,0,0.2249508029183046,0,0.2801484962122803
664.json,hillary-clinton,false,1,fixed_split_train_test,0,0.44000221689112,0,0.4032918445371303
1199.json,national-right-life-committee,true,0,fixed_split_train_test,1,0.6540792979266383,1,0.5660272172604833
11865.json,adrian-garcia,barely-true,1,fixed_split_train_test,0,0.438252538347292,0,0.48070929318829764
87.json,barack-obama,true,0,fixed_split_train_test,1,0.5928379346541974,1,0.5610963992100017
9312.json,rick-santorum,mostly-true,0,fixed_split_train_test,1,0.5513735642735127,1,0.5813598240186222
10638.json,tyrone-brooks,half-true,0,fixed_split_train_test,1,0.5565711236873626,0,0.36098563031185615
3021.json,david-wyss,true,0,fixed_split_train_test,0,0.39848542795547737,0,0.44421321587542395
379.json,hillary-clinton,true,0,fixed_split_train_test,0,0.48937992645467765,0,0.3526145731885558
5272.json,ron-paul,half-true,0,fixed_split_train_test,0,0.3420807783104492,0,0.48353326005075625
683.json,rudy-giuliani,true,0,fixed_split_train_test,1,0.6375711428761927,1,0.6420343414616589
1781.json,linda-chavez-thompson,true,0,fixed_split_train_test,0,0.4565496922759586,0,0.33062256101748977
11687.json,jeb-bush,mostly-true,0,fixed_split_train_test,1,0.5195859485942005,0,0.3861697587528859
2975.json,kay-bailey-hutchison,half-true,0,fixed_split_train_test,0,0.40403748674024476,0,0.3755978663974574
771.json,sarah-palin,barely-true,1,fixed_split_train_test,0,0.4950114866671657,1,0.5715525830238877
3991.json,scott-walker,half-true,0,fixed_split_train_test,0,0.46607582775492834,0,0.46410302253456276
11923.json,hillary-clinton,half-true,0,fixed_split_train_test,0,0.42335730097430974,0,0.42587639570978436
10749.json,gwyneth-paltrow,barely-true,1,fixed_split_train_test,1,0.5114463969923211,0,0.46903924002685954
3946.json,doug-whitsett,half-true,0,fixed_split_train_test,0,0.43932828636287347,1,0.5200422413790666
7834.json,mark-pocan,true,0,fixed_split_train_test,0,0.44668136486141125,0,0.4685098661216163
6290.json,ohio-republican-party,half-true,0,fixed_split_train_test,1,0.6502697799060846,1,0.6250609876677578
1477.json,chain-email,false,1,fixed_split_train_test,1,0.5732824063005607,1,0.7805971448517891
10881.json,chris-taylor,mostly-true,0,fixed_split_train_test,1,0.603358171837148,1,0.5936254274831673
4396.json,george-allen,mostly-true,0,fixed_split_train_test,1,0.5063946050059621,0,0.44872178465581697
6206.json,chris-christie,true,0,fixed_split_train_test,0,0.32859806679442455,0,0.3991637178365846
9970.json,jason-carter,true,0,fixed_split_train_test,0,0.3044210320996509,0,0.2036012720629983
4353.json,sherrod-brown,true,0,fixed_split_train_test,1,0.6487713035858089,0,0.43571435943139497
1394.json,texas-democratic-party,false,1,fixed_split_train_test,1,0.5728612989224586,1,0.5436507815548518
7695.json,johnny-isakson,true,0,fixed_split_train_test,0,0.29460207791069754,0,0.21720802590102523
4770.json,mitt-romney,barely-true,1,fixed_split_train_test,1,0.6569653462055253,1,0.5883962950284427
1052.json,john-mccain,true,0,fixed_split_train_test,0,0.3142472586723628,0,0.31975072853290765
5249.json,donald-mceachin,false,1,fixed_split_train_test,1,0.6004249156243404,1,0.6117236352079868
3700.json,stephen-ucci,false,1,fixed_split_train_test,1,0.654824804860969,1,0.5745360568046467
8683.json,peter-orszag,true,0,fixed_split_train_test,0,0.2722801229575312,0,0.3722142243609022
12798.json,harry-reid,barely-true,1,fixed_split_train_test,1,0.5146269872970151,1,0.5068622013551467
4838.json,george-lemieux,half-true,0,fixed_split_train_test,1,0.5235693494582558,1,0.5460907668235924
7680.json,dianne-feinstein,mostly-true,0,fixed_split_train_test,0,0.3092956784686842,0,0.4347089165077396
1999.json,charlie-crist,true,0,fixed_split_train_test,0,0.3395227300426511,0,0.31446472828021355
12873.json,viral-image,pants-fire,1,fixed_split_train_test,0,0.3865309889669197,1,0.5232749385477689
9683.json,peter-lavelle,pants-fire,1,fixed_split_train_test,1,0.6527948455134727,1,0.6476149563557082
6660.json,barack-obama,mostly-true,0,fixed_split_train_test,1,0.5238084202719743,0,0.398507911139789
13527.json,reince-priebus,false,1,fixed_split_train_test,1,0.6774533259026577,1,0.5919461919081103
2626.json,edwin-pacheco,false,1,fixed_split_train_test,0,0.4416807188870301,0,0.49226489701571174
2814.json,john-kasich,half-true,0,fixed_split_train_test,0,0.43103025044918,0,0.34326873690069915
7598.json,john-lewis,half-true,0,fixed_split_train_test,0,0.4724130242701573,1,0.5394321829317116
2746.json,matt-wand,barely-true,1,fixed_split_train_test,1,0.6455227046295948,1,0.6600684357864208
12448.json,donald-trump,barely-true,1,fixed_split_train_test,0,0.45261832414565145,1,0.6880342152191039
3232.json,matt-lundy,true,0,fixed_split_train_test,0,0.3414472182480983,0,0.4820714826352354
11226.json,jim-webb,mostly-true,0,fixed_split_train_test,0,0.4302267398407679,0,0.37798379435384816
487.json,hillary-clinton,barely-true,1,fixed_split_train_test,0,0.3966682680586937,0,0.43060325431826607
6858.json,dan-sebring,mostly-true,0,fixed_split_train_test,0,0.3439851830449586,0,0.4716866218820077
8701.json,state-democratic-party-wisconsin,false,1,fixed_split_train_test,1,0.5840643465951632,1,0.5950916017742368
10606.json,jeb-bush,barely-true,1,fixed_split_train_test,0,0.35521987036019537,0,0.288499699375267
9016.json,tom-graves,half-true,0,fixed_split_train_test,0,0.39666329870223976,0,0.29943346567519574
2371.json,john-mccain,barely-true,1,fixed_split_train_test,1,0.6313543115086586,1,0.5408493104650005
12065.json,donald-trump,true,0,fixed_split_train_test,1,0.5277214616682611,1,0.7952522806186887
2362.json,barack-obama,mostly-true,0,fixed_split_train_test,0,0.49053524137851323,0,0.2689011299031708
2868.json,jim-doyle,false,1,fixed_split_train_test,1,0.5280749742755361,1,0.5927880215112791
13305.json,donald-trump,true,0,fixed_split_train_test,1,0.602563256167097,1,0.7448042808999007
8503.json,jonathan-karl,true,0,fixed_split_train_test,0,0.44253846704007116,0,0.3732688543194816
2428.json,republican-governors-association,half-true,0,fixed_split_train_test,0,0.2996825534923447,0,0.4784903596790237
636.json,barack-obama,true,0,fixed_split_train_test,0,0.47636865436337195,0,0.42066970734524667
5758.json,afscme,barely-true,1,fixed_split_train_test,1,0.6086113161727565,1,0.581690760461453
2793.json,greg-abbott,mostly-true,0,fixed_split_train_test,0,0.3665209458135742,0,0.42582714522962306
9426.json,john-oliver,true,0,fixed_split_train_test,0,0.37863974771575126,0,0.44078096486002033
5898.json,george-lemieux,barely-true,1,fixed_split_train_test,1,0.6337635120215193,0,0.46806577651188347
11218.json,marco-rubio,mostly-true,0,fixed_split_train_test,0,0.32918363490454616,0,0.4744267731142158
12703.json,unicef,mostly-true,0,fixed_split_train_test,0,0.2395776975150326,0,0.2821513999811629
5462.json,campaign-primary-accountability,false,1,fixed_split_train_test,0,0.48594479267654744,0,0.4182083471026708
1955.json,michael-j-gardiner,pants-fire,1,fixed_split_train_test,1,0.6754172727640868,1,0.6572615399972991
11647.json,george-will,mostly-true,0,fixed_split_train_test,0,0.35486344598591374,0,0.43247488944652185
11139.json,jeb-bush,mostly-true,0,fixed_split_train_test,0,0.16943948220487945,0,0.3014444327992433
1648.json,barack-obama,mostly-true,0,fixed_split_train_test,0,0.35489759558534095,0,0.3023808009655844
5371.json,rick-santorum,false,1,fixed_split_train_test,1,0.5912446710401067,1,0.5328802890347034
4425.json,john-kasich,barely-true,1,fixed_split_train_test,0,0.4202773729951509,0,0.3713829079580974
2498.json,bill-white,mostly-true,0,fixed_split_train_test,0,0.3267958029466761,0,0.34736949500791764
4131.json,brian-kemp,true,0,fixed_split_train_test,0,0.4087602221815871,0,0.3827337363926468
2341.json,mark-neumann,mostly-true,0,fixed_split_train_test,1,0.5282620465290487,1,0.5579230950720169
5551.json,dennis-richardson,half-true,0,fixed_split_train_test,0,0.2570001211702945,0,0.40298453154974934
757.json,john-mccain,half-true,0,fixed_split_train_test,1,0.5420498424553308,0,0.4967935549895615
11519.json,tammy-baldwin,true,0,fixed_split_train_test,0,0.3292053767566172,0,0.4814732305792932
5785.json,chain-email,pants-fire,1,fixed_split_train_test,1,0.5750518613552487,1,0.7980926739589778
2284.json,glenn-beck,pants-fire,1,fixed_split_train_test,1,0.6210297945808099,1,0.5936852957139473
12650.json,donald-trump,barely-true,1,fixed_split_train_test,1,0.6432332333460979,1,0.7522924601019014
9480.json,erin-lynch,barely-true,1,fixed_split_train_test,1,0.5037128251402954,0,0.42807195651161467
643.json,joe-biden,half-true,0,fixed_split_train_test,0,0.25562711154027745,0,0.21076743012531984
11242.json,nicholas-kristof,true,0,fixed_split_train_test,0,0.23735221503477089,0,0.26036469968981707
7038.json,sherrod-brown,true,0,fixed_split_train_test,0,0.27733224317264665,0,0.27628013601637524
6772.json,Yes-on-79,pants-fire,1,fixed_split_train_test,0,0.2791694233958276,0,0.37480987697203016
7952.json,jeff-sessions,false,1,fixed_split_train_test,0,0.4822064659245541,1,0.5625022840596732
13134.json,hillary-clinton,half-true,0,fixed_split_train_test,0,0.3523586345350152,0,0.3342152645117402
2181.json,james-langevin,half-true,0,fixed_split_train_test,0,0.4515765533833768,0,0.41456819218981383
9629.json,john-kerry,mostly-true,0,fixed_split_train_test,0,0.371947283791486,0,0.4031192893340961
3668.json,richard-saslaw,false,1,fixed_split_train_test,1,0.6615238976875055,1,0.5995389323303055
11327.json,marco-rubio,mostly-true,0,fixed_split_train_test,0,0.29722124274118333,0,0.4121559914748313
3818.json,adam-hasner,mostly-true,0,fixed_split_train_test,0,0.3927061150162044,0,0.43021743314205335
2218.json,todd-staples,half-true,0,fixed_split_train_test,1,0.5067420676284535,1,0.5165263084141486
11562.json,donald-trump,pants-fire,1,fixed_split_train_test,1,0.5722007874351319,1,0.7657604011462229
9622.json,mitch-mcconnell,true,0,fixed_split_train_test,0,0.378588934748406,0,0.35862089444992884
9995.json,mary-burke,mostly-true,0,fixed_split_train_test,0,0.478941547080114,0,0.43540726650158
7344.json,paul-ryan,barely-true,1,fixed_split_train_test,0,0.40197559603590965,0,0.41682155209012395
5840.json,americans-prosperity,false,1,fixed_split_train_test,1,0.6033788869249379,1,0.6310235507489929
1576.json,americas-health-insurance-plans,true,0,fixed_split_train_test,0,0.4328027323431867,1,0.5400386112912507
13127.json,hillary-clinton,mostly-true,0,fixed_split_train_test,0,0.2724716243279222,0,0.25864743633710185
12098.json,john-kasich,mostly-true,0,fixed_split_train_test,1,0.6299985825026269,1,0.527546079600734
12272.json,hillary-clinton,mostly-true,0,fixed_split_train_test,0,0.4527770490036208,0,0.32200437547234395
5993.json,conservative-voters-texas-pac,pants-fire,1,fixed_split_train_test,1,0.5094770136082744,1,0.5787607362459943
9285.json,laura-ingraham,false,1,fixed_split_train_test,1,0.6466296620695062,1,0.6770812607547955
7165.json,libertarian-party-georgia,half-true,0,fixed_split_train_test,0,0.31489580245810805,0,0.45009755170147503
11025.json,maggie-hassan,false,1,fixed_split_train_test,1,0.5188010298790263,1,0.5494919703411414
7577.json,deborah-gist,mostly-true,0,fixed_split_train_test,0,0.40301416843183097,0,0.3838207854397651
2719.json,bill-white,barely-true,1,fixed_split_train_test,0,0.3429840773009058,0,0.3102092110538432
3631.json,kathleen-angelucci,barely-true,1,fixed_split_train_test,1,0.5226620465346115,0,0.45982972223779855
7211.json,john-boehner,false,1,fixed_split_train_test,0,0.26867704662169223,0,0.3382315914542463
1480.json,glenn-beck,barely-true,1,fixed_split_train_test,0,0.38209875970117096,0,0.3986035592034106
1512.json,marco-rubio,half-true,0,fixed_split_train_test,1,0.5024377111374444,0,0.3894364511277231
10517.json,nathan-deal,half-true,0,fixed_split_train_test,0,0.22826290077955655,0,0.20106349279633473
5723.json,allen-west,pants-fire,1,fixed_split_train_test,0,0.4242918488482705,1,0.639435560641028
7378.json,marco-rubio,half-true,0,fixed_split_train_test,1,0.5420072262756472,1,0.5981461171008711
531.json,john-mccain,mostly-true,0,fixed_split_train_test,0,0.4841099641677753,0,0.44904368874247497
474.json,barack-obama,barely-true,1,fixed_split_train_test,1,0.5897892187796049,0,0.4268642643574961
2250.json,rick-scott,false,1,fixed_split_train_test,1,0.7355002326650611,1,0.6308227563948822
126.json,joe-biden,mostly-true,0,fixed_split_train_test,0,0.30072876758774486,0,0.4223807590893461
10646.json,juda-engelmayer,pants-fire,1,fixed_split_train_test,0,0.4591505962756674,1,0.6284205213577295
1823.json,chris-matthews,true,0,fixed_split_train_test,1,0.560611094685876,0,0.44667284918307976
9731.json,rick-scott,barely-true,1,fixed_split_train_test,0,0.37901504731603153,0,0.3579750461882603
9594.json,facebook-posts,pants-fire,1,fixed_split_train_test,1,0.5823401763200097,1,0.6267381596879003
12026.json,jim-kenney,half-true,0,fixed_split_train_test,1,0.6532572660686501,1,0.5165680028861694
5971.json,cory-booker,false,1,fixed_split_train_test,0,0.4529900059141419,0,0.3711677782147569
6857.json,mitt-romney,false,1,fixed_split_train_test,1,0.6415409512739911,1,0.6185275107171767
3112.json,mario-gallegos,half-true,0,fixed_split_train_test,1,0.6450516696851584,1,0.5669947076064408
11832.json,bob,pants-fire,1,fixed_split_train_test,1,0.5753544902547714,0,0.478448617810971
2337.json,rick-scott,half-true,0,fixed_split_train_test,1,0.5975866025386641,1,0.5597263186999556
10853.json,hillary-clinton,false,1,fixed_split_train_test,0,0.32161800035774923,0,0.29908250728155966
9050.json,dan-pfeiffer,mostly-true,0,fixed_split_train_test,1,0.5065933951463204,0,0.4789774424347466
9427.json,robin-vos,mostly-true,0,fixed_split_train_test,0,0.41677758661400627,0,0.43320733413892115
2830.json,paul-krugman,half-true,0,fixed_split_train_test,0,0.4019747609732468,0,0.32698277440110585
9756.json,alison-lundergan-grimes,half-true,0,fixed_split_train_test,0,0.48817725262475986,1,0.5700593349941522
6532.json,barack-obama,mostly-true,0,fixed_split_train_test,0,0.4270373637987899,0,0.31349004772482136
4805.json,kurt-schuller,false,1,fixed_split_train_test,0,0.4899416213976284,0,0.48889542444759954
3648.json,miguel-diaz-de-la-portilla,false,1,fixed_split_train_test,0,0.3856406497131717,0,0.4765592706956743
4994.json,newt-gingrich,half-true,0,fixed_split_train_test,1,0.6385492287064976,1,0.6740293526338325
4715.json,democratic-national-committee,half-true,0,fixed_split_train_test,0,0.4268791123302331,0,0.39185084465544007
526.json,john-mccain,barely-true,1,fixed_split_train_test,0,0.3814937733794227,0,0.44863671836236446
8673.json,pam-bondi,true,0,fixed_split_train_test,1,0.5833361970388942,0,0.417856426246691
9273.json,brian-wilson,pants-fire,1,fixed_split_train_test,0,0.4956842252470247,1,0.5111569219671882
9973.json,emma-watson,half-true,0,fixed_split_train_test,0,0.44035797892274103,1,0.5967259441860078
3.json,bill-richardson,mostly-true,0,fixed_split_train_test,0,0.35767516991464565,1,0.5018796170426376
9197.json,jim-demint,false,1,fixed_split_train_test,0,0.4814512322250268,1,0.5235317769283832
9610.json,jack-kingston,false,1,fixed_split_train_test,1,0.5566635146007518,1,0.6421417851850684
1150.json,orrin-hatch,half-true,0,fixed_split_train_test,0,0.3189864219848797,0,0.48801064965627045
2087.json,dennis-kucinich,true,0,fixed_split_train_test,0,0.47434993454110536,0,0.34381730365745233
7051.json,betty-sutton,half-true,0,fixed_split_train_test,1,0.5578182351224218,1,0.6010656356643657
8035.json,robert-reich,false,1,fixed_split_train_test,0,0.44889678745270106,0,0.46786002985265895
1329.json,ed-rendell,barely-true,1,fixed_split_train_test,1,0.5887641008813583,1,0.6395958580618258
1574.json,americans-united-change,mostly-true,0,fixed_split_train_test,0,0.4727127861847201,1,0.6634101865079751
6745.json,mitt-romney,mostly-true,0,fixed_split_train_test,1,0.5742539666935638,1,0.5096402191682156
4289.json,sam-adams,half-true,0,fixed_split_train_test,0,0.2575227472974283,0,0.3941265532668795
4383.json,dennis-richardson,false,1,fixed_split_train_test,0,0.46784171012957987,1,0.5193990646699079
12089.json,katie-mcginty,mostly-true,0,fixed_split_train_test,0,0.31406449509907775,0,0.28414134547663805
12976.json,sean-hannity,false,1,fixed_split_train_test,1,0.5214934498482606,0,0.479260524191922
5170.json,lou-greenwald,true,0,fixed_split_train_test,1,0.6046254380004451,1,0.5626193784971464
6976.json,george-allen,true,0,fixed_split_train_test,0,0.4503367291201215,0,0.42320212565930926
7838.json,chain-email,pants-fire,1,fixed_split_train_test,1,0.673507118452113,1,0.8215182011278142
2643.json,scott-walker,false,1,fixed_split_train_test,0,0.48815044339618974,1,0.6160509172043415
1810.json,todd-staples,half-true,0,fixed_split_train_test,1,0.6009772026950948,0,0.4946019839735253
10097.json,Local-799-international-assoc-fire-fighters,pants-fire,1,fixed_split_train_test,1,0.637264212781422,1,0.6287399409057801
13236.json,tim-kaine,barely-true,1,fixed_split_train_test,1,0.5422345861479367,0,0.3915468640378939
2568.json,doug-ainge,false,1,fixed_split_train_test,1,0.6273574999669431,1,0.6243688931509689
12833.json,dave-brat,false,1,fixed_split_train_test,1,0.5693578461945352,1,0.5536926317673069
1894.json,donna-brazile,half-true,0,fixed_split_train_test,0,0.38297092195339616,0,0.26938212881540224
7881.json,kirsten-gillibrand,mostly-true,0,fixed_split_train_test,0,0.3055763235865149,0,0.21268120342425068
5603.json,glenn-grothman,true,0,fixed_split_train_test,1,0.5620300876117381,0,0.3753550316518163
5759.json,anonymous-flier,false,1,fixed_split_train_test,0,0.4532178166395385,0,0.4709223744367499
6207.json,chris-christie,half-true,0,fixed_split_train_test,0,0.2894889967882451,0,0.34972145074080085
2149.json,kendrick-meek,false,1,fixed_split_train_test,1,0.6479930202004117,1,0.5773646446681662
2445.json,mahmoud-ahmadinejad,false,1,fixed_split_train_test,0,0.3497308402690219,0,0.43136501181434844
5910.json,john-ludlow,half-true,0,fixed_split_train_test,1,0.6170582059580978,1,0.6665234137289643
2596.json,john-kitzhaber,half-true,0,fixed_split_train_test,1,0.5777021614974613,1,0.5790072331785376
10399.json,rand-paul,false,1,fixed_split_train_test,0,0.4498372337260945,0,0.383543138415678
792.json,john-mccain,half-true,0,fixed_split_train_test,0,0.38344364774829154,0,0.43138694584945286
12929.json,julian-castro,true,0,fixed_split_train_test,0,0.34644616100101644,0,0.29054722039835434
12791.json,democratic-congressional-campaign-committee,barely-true,1,fixed_split_train_test,1,0.5536690776142575,1,0.567488076177698
9003.json,rick-scott,barely-true,1,fixed_split_train_test,0,0.3982108374524653,0,0.30383223005651866
3811.json,scott-fitzgerald,false,1,fixed_split_train_test,0,0.3822031721766803,1,0.5832052262016375
3399.json,morgan-griffith,false,1,fixed_split_train_test,1,0.5116453854266926,1,0.5090087599358774
11229.json,glen-sturtevant,true,0,fixed_split_train_test,0,0.32518506594969376,0,0.38857802571821587
3800.json,herman-cain,false,1,fixed_split_train_test,0,0.40870462605840147,0,0.4723758277448433
10283.json,bernie-s,mostly-true,0,fixed_split_train_test,0,0.3670867208015202,0,0.2525126291326724
352.json,hillary-clinton,mostly-true,0,fixed_split_train_test,1,0.5736411697398762,0,0.46797427093164834
4134.json,alan-hays,false,1,fixed_split_train_test,1,0.609333561429612,1,0.6170200867282201
5278.json,jim-jordan,half-true,0,fixed_split_train_test,0,0.367052172301753,0,0.3462587108291406
2165.json,sam-olens,half-true,0,fixed_split_train_test,1,0.6231135754056429,1,0.6454651765413741
7448.json,kasim-reed,true,0,fixed_split_train_test,0,0.4286686794426082,0,0.23514649387636913
12987.json,jimmy-carter,true,0,fixed_split_train_test,1,0.5438349462348664,0,0.46614272157791004
5132.json,georgia-democrats,half-true,0,fixed_split_train_test,1,0.6050637711037565,1,0.6374657786149147
13329.json,kellyanne-conway,barely-true,1,fixed_split_train_test,1,0.6901952237774831,1,0.7138690472924095
4588.json,rick-perry,true,0,fixed_split_train_test,0,0.3402687371919534,0,0.3267309062661845
6455.json,warren-kampf,mostly-true,0,fixed_split_train_test,0,0.44037228050391286,0,0.41437589043113754
10282.json,jesse-ventura,pants-fire,1,fixed_split_train_test,1,0.5134524016135869,0,0.4510616871514754
211.json,john-mccain,true,0,fixed_split_train_test,1,0.550586474069684,0,0.4509277590983663
7676.json,michael-chippendale,barely-true,1,fixed_split_train_test,1,0.640662014240257,1,0.6139771481687628
1873.json,chain-email,false,1,fixed_split_train_test,0,0.4385921965367084,1,0.7362933824134605
2443.json,john-kasich,half-true,0,fixed_split_train_test,0,0.3960947067764157,0,0.406410127179475
3841.json,tim-pawlenty,half-true,0,fixed_split_train_test,0,0.24656426914990864,0,0.44164515698420487
12284.json,bernie-s,mostly-true,0,fixed_split_train_test,0,0.3724315168035553,0,0.30242045026980724
7197.json,john-kitzhaber,mostly-true,0,fixed_split_train_test,1,0.7192332709887364,0,0.4945817032372724
12858.json,barack-obama,half-true,0,fixed_split_train_test,1,0.5709408203003264,0,0.4345045991943948
2633.json,mark-kirk,half-true,0,fixed_split_train_test,0,0.3642573936572715,0,0.41138534471765303
6041.json,jack-latvala,half-true,0,fixed_split_train_test,0,0.3535815593450428,0,0.4096329029648115
3414.json,bernie-s,false,1,fixed_split_train_test,0,0.45696955801241507,0,0.3681640461402263
4323.json,thaddeus-mccotter,mostly-true,0,fixed_split_train_test,0,0.30728060277746677,0,0.18223920384323541
1679.json,robert-gates,half-true,0,fixed_split_train_test,1,0.5861888322628077,0,0.46503697855528586
275.json,rudy-giuliani,barely-true,1,fixed_split_train_test,1,0.5530234664933981,1,0.5752776094810703
13208.json,jason-kander,mostly-true,0,fixed_split_train_test,1,0.5021862055206888,0,0.43567038812646247
5911.json,rob-portman,half-true,0,fixed_split_train_test,1,0.6293007146711288,1,0.616810400396137
4277.json,reince-priebus,false,1,fixed_split_train_test,0,0.416621203636746,0,0.4394196841135476
752.json,barack-obama,half-true,0,fixed_split_train_test,1,0.6173376632236853,1,0.5196735901331848
2601.json,kurt-schrader,false,1,fixed_split_train_test,1,0.5663973886642965,1,0.6074888835692285
1450.json,debra-medina,half-true,0,fixed_split_train_test,1,0.6385628264096112,1,0.5520546996942266
5653.json,andrew-napolitano,pants-fire,1,fixed_split_train_test,1,0.723303932543725,1,0.6408702928177644
13046.json,yes-55,barely-true,1,fixed_split_train_test,1,0.5110078146076017,0,0.4078390077865736
3103.json,jamie-radtke,true,0,fixed_split_train_test,0,0.30904764821032904,0,0.2697735138402784
2894.json,glenn-beck,pants-fire,1,fixed_split_train_test,1,0.5605481245047923,0,0.4253115994361365
1012.json,nancy-pelosi,false,1,fixed_split_train_test,0,0.48901232097979225,0,0.39070100330022667
9112.json,facebook-posts,false,1,fixed_split_train_test,1,0.5644004069561502,1,0.5029742680280007
2945.json,jack-kingston,mostly-true,0,fixed_split_train_test,0,0.4532511139189178,0,0.49020196963082185
9944.json,bob-goodlatte,true,0,fixed_split_train_test,0,0.4066247482385025,0,0.47689419504798863
6839.json,tammy-baldwin,barely-true,1,fixed_split_train_test,1,0.5591973111100234,1,0.5908211680730845
3673.json,chris-larson,barely-true,1,fixed_split_train_test,1,0.6636406048570871,1,0.6206782949098617
13058.json,barack-obama,true,0,fixed_split_train_test,1,0.6392039398223633,0,0.44397241487698025
3941.json,rob-portman,half-true,0,fixed_split_train_test,1,0.5525424240051257,1,0.5868756678037167
10917.json,bobby-jindal,false,1,fixed_split_train_test,1,0.662178773242418,1,0.5631738277295978
13155.json,russ-feingold,false,1,fixed_split_train_test,1,0.5810106321621976,1,0.5975417300180274
9301.json,blog-posting,pants-fire,1,fixed_split_train_test,1,0.6332339466744041,1,0.810848539517275
5486.json,silvestre-reyes,half-true,0,fixed_split_train_test,1,0.6808383439772565,1,0.595850036394374
4579.json,american-crossroads,false,1,fixed_split_train_test,1,0.6056558167126536,1,0.680276123622763
10943.json,austin-scott,true,0,fixed_split_train_test,1,0.6347702034077011,1,0.6953409892624705
12728.json,rick-scott,false,1,fixed_split_train_test,0,0.46080629383609445,0,0.38029132570917973
92.json,mitt-romney,half-true,0,fixed_split_train_test,1,0.6315449268815211,1,0.5182364973897388
11230.json,bobby-jindal,half-true,0,fixed_split_train_test,1,0.5602504293716405,0,0.471578271210328
2720.json,american-federation-children,pants-fire,1,fixed_split_train_test,1,0.7016908858857629,1,0.5961373190012996
582.json,barack-obama,true,0,fixed_split_train_test,0,0.3736205857270064,0,0.3555088076348308
13227.json,donald-trump,false,1,fixed_split_train_test,1,0.5530441699291954,1,0.7801736732767932
12052.json,marco-rubio,true,0,fixed_split_train_test,0,0.26175871004832124,0,0.3965764436556814
1010.json,barack-obama,half-true,0,fixed_split_train_test,1,0.5168685737269056,0,0.3134167554832871
1333.json,chain-email,true,0,fixed_split_train_test,0,0.4665518408588247,1,0.7058385676466831
2603.json,hank-gilbert,false,1,fixed_split_train_test,0,0.33013510589816175,0,0.33996013903323163
2731.json,barack-obama,mostly-true,0,fixed_split_train_test,0,0.3202136200366566,0,0.33649951224077423
3434.json,rick-perry,mostly-true,0,fixed_split_train_test,0,0.3394091931846607,1,0.5103190321451766
788.json,john-mccain,mostly-true,0,fixed_split_train_test,1,0.6364601016286087,1,0.5544615720246302
1691.json,julian-assange,half-true,0,fixed_split_train_test,1,0.5167918334790074,1,0.5365475839308338
605.json,john-mccain,false,1,fixed_split_train_test,1,0.5013721886256228,0,0.49386192775472715
6195.json,dan-ramos,false,1,fixed_split_train_test,0,0.47856412317476205,0,0.38816561158869783
1350.json,mitch-mcconnell,true,0,fixed_split_train_test,1,0.6432617947026188,1,0.6355191907627225
7706.json,sheldon-whitehouse,half-true,0,fixed_split_train_test,0,0.3534556340921909,0,0.388569397880613
12037.json,ron-johnson,half-true,0,fixed_split_train_test,1,0.5892130361945355,1,0.6582713974290431
8710.json,brett-smiley,mostly-true,0,fixed_split_train_test,0,0.4348995958263497,0,0.38471152785938123
960.json,chuck-grassley,half-true,0,fixed_split_train_test,0,0.4292600415121898,0,0.4405122575014123
10544.json,rudy-giuliani,false,1,fixed_split_train_test,1,0.7334061774298801,1,0.6406592635871812
4391.json,kinky-friedman,barely-true,1,fixed_split_train_test,1,0.5796477702156935,1,0.5217558816691047
13186.json,tim-kaine,half-true,0,fixed_split_train_test,0,0.3492502091020751,0,0.3672111536788493
9692.json,ed-macdougall,barely-true,1,fixed_split_train_test,1,0.6054417089279152,1,0.6285388728986819
7401.json,peter-courtney,mostly-true,0,fixed_split_train_test,1,0.5381533473478479,1,0.5872903020372839
13405.json,mike-pence,half-true,0,fixed_split_train_test,0,0.4841259284999381,1,0.5116752717913636
230.json,hillary-clinton,true,0,fixed_split_train_test,0,0.4998487403223978,0,0.3905523084185896
3037.json,tim-kaine,half-true,0,fixed_split_train_test,1,0.5618160617166547,0,0.4875315911612469
207.json,john-mccain,true,0,fixed_split_train_test,1,0.6300275126595373,1,0.5353109233852799
3608.json,mike-ford,false,1,fixed_split_train_test,0,0.4277533167422417,1,0.5651176015715342
3789.json,ameripac,barely-true,1,fixed_split_train_test,0,0.4386697371831459,0,0.3640182606140725
7775.json,ron-meyer,half-true,0,fixed_split_train_test,0,0.32459024130191005,0,0.33485634843792594
12160.json,viral-media-reports,barely-true,1,fixed_split_train_test,1,0.52886784897439,1,0.5339574717536054
12870.json,america-rising-now,barely-true,1,fixed_split_train_test,0,0.4248557397088592,1,0.5848955324305347
10069.json,debbie-wasserman-schultz,false,1,fixed_split_train_test,1,0.6897520087771385,1,0.6395024905739379
3366.json,ward-armstrong,true,0,fixed_split_train_test,1,0.7439448286989385,1,0.6882481252687771
10806.json,john-taylor-2,true,0,fixed_split_train_test,0,0.35373882371315424,0,0.40236441305252363
9681.json,bryan-fischer,pants-fire,1,fixed_split_train_test,1,0.6920906080516903,1,0.6138072029489015
1015.json,newt-gingrich,barely-true,1,fixed_split_train_test,0,0.43390046435757174,1,0.5408013049737557
13486.json,rush-limbaugh,half-true,0,fixed_split_train_test,1,0.5810591554486247,1,0.6729789388863581
8798.json,bob-terry,false,1,fixed_split_train_test,0,0.2637446301510347,0,0.2920070081323507
2514.json,phil-gingrey,false,1,fixed_split_train_test,0,0.45607709633484406,1,0.6113279833559115
10633.json,glenn-beck,false,1,fixed_split_train_test,1,0.5819614137140864,1,0.5338718545597666
10883.json,rebecca-quigley,false,1,fixed_split_train_test,1,0.5144730930580488,0,0.47581583974491815
13213.json,kamala-harris,half-true,0,fixed_split_train_test,0,0.4493928601015555,0,0.3914723303541037
5698.json,barack-obama,half-true,0,fixed_split_train_test,0,0.25898389505471187,0,0.26937961112174696
11701.json,lamar-smith,false,1,fixed_split_train_test,0,0.46071626167677016,0,0.4917017174484988
2315.json,blanche-lincoln,barely-true,1,fixed_split_train_test,1,0.7147236635025037,1,0.6979690894755798
4626.json,no-casinos,mostly-true,0,fixed_split_train_test,0,0.3588769520366205,0,0.2528287298052935
11307.json,donald-trump,barely-true,1,fixed_split_train_test,0,0.4986333173109729,1,0.7718559273900049
11925.json,tim-mcginty,true,0,fixed_split_train_test,0,0.3087162956596363,0,0.3472547652704423
4259.json,richard-codey,true,0,fixed_split_train_test,0,0.43559021711704815,0,0.4042098853764277
5061.json,chris-christie,pants-fire,1,fixed_split_train_test,1,0.559406811646566,0,0.35026452405744873
4141.json,ann-marie-buerkle,half-true,0,fixed_split_train_test,1,0.6311132779867826,0,0.48047288585530507
4175.json,debbie-wasserman-schultz,half-true,0,fixed_split_train_test,0,0.40098455483392637,0,0.4943112965596907
9462.json,florida-democratic-party,mostly-true,0,fixed_split_train_test,1,0.5403470943386687,1,0.5450656504165831
3987.json,democratic-congressional-campaign-committee,mostly-true,0,fixed_split_train_test,1,0.6163544145641707,1,0.6557596552508715
293.json,vietnam-veterans-against-john-mccain,pants-fire,1,fixed_split_train_test,1,0.5445730491596346,1,0.5707444700813294
7728.json,chris-christie,mostly-true,0,fixed_split_train_test,0,0.3897459192272165,0,0.3457154235660382
2117.json,susana-martinez,half-true,0,fixed_split_train_test,1,0.6030086216495676,1,0.613501797824864
4825.json,democratic-national-committee,half-true,0,fixed_split_train_test,0,0.4467695795576377,0,0.45804328625847873
9516.json,greg-abbott,barely-true,1,fixed_split_train_test,1,0.6215039846580281,1,0.6542025167563216
12834.json,donald-trump,false,1,fixed_split_train_test,1,0.6503839866573614,1,0.8300060238104242
3980.json,piers-morgan,false,1,fixed_split_train_test,1,0.5293138207409104,0,0.4466120753400538
3231.json,herman-cain,half-true,0,fixed_split_train_test,0,0.35638754300926256,0,0.45487690422388255
386.json,john-mccain,mostly-true,0,fixed_split_train_test,1,0.6997296790108917,1,0.624810317326063
11288.json,reid-ribble,half-true,0,fixed_split_train_test,1,0.5103833080367313,1,0.5130804714901402
660.json,mark-warner,half-true,0,fixed_split_train_test,1,0.6005890183053348,1,0.5594002914486442
1106.json,chain-email,true,0,fixed_split_train_test,1,0.6333681470078583,1,0.8310277574771215
2105.json,rick-perry,false,1,fixed_split_train_test,0,0.49426667659915574,1,0.5551880340229719
446.json,focus-family-action,barely-true,1,fixed_split_train_test,1,0.5536289558702732,1,0.5759112665789122
10271.json,keisha-lance-bottoms,mostly-true,0,fixed_split_train_test,0,0.4904138446594805,1,0.5269465226216331
4866.json,republican-national-committee-republican,half-true,0,fixed_split_train_test,1,0.518840231982635,0,0.3839570764992302
8419.json,ted-cruz,false,1,fixed_split_train_test,0,0.4410514752447689,1,0.5917861239980134
3136.json,peter-kilmartin,half-true,0,fixed_split_train_test,1,0.510812437836738,1,0.5527533018558671
12093.json,mark-herring,barely-true,1,fixed_split_train_test,1,0.5307928777122611,0,0.4967362274650299
317.json,bill-clinton,true,0,fixed_split_train_test,0,0.18365159172588985,0,0.27898042990094296
6295.json,josh-mandel,pants-fire,1,fixed_split_train_test,1,0.659914487250504,1,0.6156485716436458
6610.json,bob-buckhorn,mostly-true,0,fixed_split_train_test,1,0.5164669874469978,0,0.40173662102330887
5597.json,susan-cole,true,0,fixed_split_train_test,0,0.48439698250893,0,0.3797738506677339
1234.json,michael-moore,false,1,fixed_split_train_test,0,0.43782385996936324,0,0.4690838676417372
4995.json,jim-sensenbrenner,true,0,fixed_split_train_test,0,0.37538938139589745,0,0.397343546385582
9095.json,facebook-posts,pants-fire,1,fixed_split_train_test,1,0.6432233385039949,1,0.66964432657453
10451.json,john-boehner,half-true,0,fixed_split_train_test,1,0.6587009764278884,1,0.7464171435050756
4679.json,rick-perry,half-true,0,fixed_split_train_test,0,0.3026600748388142,0,0.4088469311061171
6011.json,caroline-casagrande,mostly-true,0,fixed_split_train_test,1,0.7044495821263701,1,0.5194775688635733
255.json,chris-dodd,mostly-true,0,fixed_split_train_test,0,0.31337093963010615,0,0.45243913608196296
3664.json,victoria-taft,false,1,fixed_split_train_test,1,0.5748263388720684,1,0.5749616311131277
11262.json,eric-bolling,false,1,fixed_split_train_test,0,0.23592471640286294,0,0.32981161130288267
9388.json,mike-collins,barely-true,1,fixed_split_train_test,0,0.4375984313700457,0,0.4754657700646717
12596.json,hillary-clinton,barely-true,1,fixed_split_train_test,0,0.43966228506966437,0,0.3553701724018221
8689.json,dennis-hastert,half-true,0,fixed_split_train_test,1,0.6305681466294275,1,0.6055699207576568
13420.json,hillary-clinton,true,0,fixed_split_train_test,0,0.3767083251914795,0,0.33071402665323013
11911.json,marco-rubio,barely-true,1,fixed_split_train_test,1,0.6039710167760955,1,0.6172350078735647
5450.json,ron-paul,half-true,0,fixed_split_train_test,1,0.5253862242470223,1,0.6440155216079437
2993.json,rick-perry,mostly-true,0,fixed_split_train_test,1,0.5817494656434932,1,0.5616593485970767
3740.json,tim-kaine,half-true,0,fixed_split_train_test,0,0.20652857095136146,0,0.24444776152635012
12720.json,chris-christie,half-true,0,fixed_split_train_test,1,0.6178369221473711,1,0.5642585478368515
1653.json,democratic-national-committee,half-true,0,fixed_split_train_test,1,0.5498134382260859,0,0.48077654954694504
3731.json,barack-obama,true,0,fixed_split_train_test,0,0.3129351122545659,0,0.24973199166389914
8103.json,rick-kriseman,half-true,0,fixed_split_train_test,1,0.599560872778512,0,0.4475977207605477
1439.json,democratic-national-committee,half-true,0,fixed_split_train_test,0,0.3589066143797161,0,0.38928348000195157
5779.json,michael-adams,half-true,0,fixed_split_train_test,1,0.5483372665504705,0,0.45086922796203643
10567.json,thomas-tobin,false,1,fixed_split_train_test,0,0.43283750500638296,1,0.5723748687735861
10111.json,rick-scott,false,1,fixed_split_train_test,0,0.27133465218410774,0,0.28441875920553433
11256.json,viral-image,mostly-true,0,fixed_split_train_test,1,0.5040069763326985,1,0.5122110609577535
10543.json,scott-walker,false,1,fixed_split_train_test,0,0.41589674923192216,1,0.5619085772389707
7904.json,scott-walker,barely-true,1,fixed_split_train_test,0,0.44396817691912566,1,0.5304546324989327
4709.json,allen-west,barely-true,1,fixed_split_train_test,1,0.5054032543796211,1,0.6330274467815478
8854.json,mary-burke,half-true,0,fixed_split_train_test,0,0.3063926185721444,0,0.2952748527265125
4116.json,john-boehner,false,1,fixed_split_train_test,0,0.4541144725727679,0,0.48005862719315545
5131.json,kriner-cash,mostly-true,0,fixed_split_train_test,0,0.1816812685955254,0,0.3645360707800232
11861.json,sarah-palin,false,1,fixed_split_train_test,1,0.620055226773879,1,0.5545869512033157
9435.json,hillary-clinton,mostly-true,0,fixed_split_train_test,0,0.3217612408584795,0,0.29221744186645177
12805.json,joe-biden,mostly-true,0,fixed_split_train_test,1,0.5165920507028692,0,0.3681323560871754
9801.json,gina-raimondo,true,0,fixed_split_train_test,0,0.49416467521524965,0,0.3696797532947577
2195.json,rick-perry,false,1,fixed_split_train_test,0,0.48342847500402547,1,0.6128256370644737
11370.json,espn,mostly-true,0,fixed_split_train_test,0,0.49292167262605424,0,0.437401570590015
9771.json,nextgen-climate,half-true,0,fixed_split_train_test,1,0.6001394139438392,1,0.5625389092043405
3676.json,adam-hasner,mostly-true,0,fixed_split_train_test,1,0.6551884287160868,1,0.5555328081840974
4615.json,tom-kean-jr,half-true,0,fixed_split_train_test,0,0.29084391828434075,0,0.44177769492322594
7742.json,metro,false,1,fixed_split_train_test,1,0.5985005608929398,1,0.5759914174100721
2394.json,republican-governors-association,half-true,0,fixed_split_train_test,1,0.6641374278167642,1,0.5872767382284568
817.json,republican-national-committee-republican,pants-fire,1,fixed_split_train_test,1,0.7056334509312897,1,0.5762067030060924
13051.json,paul-wolfowitz,barely-true,1,fixed_split_train_test,0,0.47564434138948075,0,0.4634139616768382
11345.json,tammy-baldwin,half-true,0,fixed_split_train_test,1,0.6154137932598283,1,0.5476819726179336
7387.json,marco-rubio,barely-true,1,fixed_split_train_test,0,0.4993723234951517,1,0.5845749164128555
4400.json,new-hampshire-democratic-party,half-true,0,fixed_split_train_test,1,0.5924519344614589,1,0.6197120795914524
3541.json,armond-budish,half-true,0,fixed_split_train_test,0,0.4193717459020959,0,0.46949782385595096
12187.json,rick-scotts-starbucks-heckler,half-true,0,fixed_split_train_test,1,0.5777271907479051,1,0.5444342250509271
7340.json,barack-obama,true,0,fixed_split_train_test,0,0.35539746415189216,0,0.34521127081255976
10355.json,hank-huckaby,true,0,fixed_split_train_test,0,0.22307940322235498,0,0.2599282323640667
10467.json,rick-perry,half-true,0,fixed_split_train_test,0,0.23937160485664322,0,0.3831239835351317
8089.json,oregon-catalyst,false,1,fixed_split_train_test,1,0.7733839916454393,1,0.6145614040635883
12526.json,larry-yarborough,mostly-true,0,fixed_split_train_test,1,0.6104495207740513,1,0.5775132567057452
10898.json,al-sharpton,barely-true,1,fixed_split_train_test,1,0.6793220958783016,1,0.6498347983443313
7541.json,chris-christie,half-true,0,fixed_split_train_test,1,0.5281024638001557,0,0.36318913010852616
7136.json,john-kitzhaber,barely-true,1,fixed_split_train_test,0,0.37289005834524436,0,0.41160845915145144
6325.json,michael-bloomberg,half-true,0,fixed_split_train_test,0,0.27448587282031967,0,0.26468205488323615
12855.json,richard-durbin,true,0,fixed_split_train_test,0,0.3981853916394048,0,0.26647550899859523
10512.json,leonidas-raptakis,false,1,fixed_split_train_test,0,0.39364447560454313,0,0.2602850693833937
12336.json,colorado-health-institute,mostly-true,0,fixed_split_train_test,0,0.3998789081478953,1,0.5043008050726532
11726.json,dan-patrick,barely-true,1,fixed_split_train_test,0,0.435585368048001,0,0.4475989828040478
3904.json,brian-deese,half-true,0,fixed_split_train_test,0,0.34737854716652566,0,0.28320007937450514
6774.json,national-rifle-association,mostly-true,0,fixed_split_train_test,1,0.6500500522665669,1,0.6363792975196224
1324.json,rachel-maddow,barely-true,1,fixed_split_train_test,1,0.5920856834769566,1,0.5922950613142339
6813.json,paul-ryan,barely-true,1,fixed_split_train_test,1,0.6974568008739352,1,0.6408464441531775
9737.json,dbanj,false,1,fixed_split_train_test,0,0.4981443878763698,1,0.6062278285231262
6366.json,scott-garrett,barely-true,1,fixed_split_train_test,0,0.436606554536228,1,0.6125034702868067
9316.json,harry-reid,mostly-true,0,fixed_split_train_test,0,0.32626487264252235,0,0.3936779534714469
992.json,barack-obama,mostly-true,0,fixed_split_train_test,1,0.5182432614167877,0,0.3660246916997094
699.json,john-mccain,half-true,0,fixed_split_train_test,0,0.3742765838959281,0,0.4473273191397622
9033.json,rob-portman,true,0,fixed_split_train_test,0,0.3113845686474275,0,0.256419298106111
5950.json,mitt-romney,true,0,fixed_split_train_test,1,0.703023447669894,0,0.496115080185283
10041.json,dan-patrick,half-true,0,fixed_split_train_test,0,0.440468687752487,1,0.5649967819821318
5528.json,paul-sadler,true,0,fixed_split_train_test,0,0.4692707118891046,0,0.38264803046863655
8414.json,rick-kriseman,false,1,fixed_split_train_test,1,0.5284269749517926,0,0.4879775461357196
4189.json,national-republican-congressional-committee,false,1,fixed_split_train_test,0,0.4914932351657148,1,0.6021819748518313
9333.json,sean-hannity,half-true,0,fixed_split_train_test,1,0.5493365161259259,1,0.5911190624522871
9052.json,david-dewhurst,mostly-true,0,fixed_split_train_test,1,0.5117881859457849,1,0.5757011397572188
12478.json,sharron-angle,barely-true,1,fixed_split_train_test,0,0.3955116902978203,0,0.4495973396101571
1405.json,glenn-beck,barely-true,1,fixed_split_train_test,0,0.4796621688576883,0,0.4837987758208589
3235.json,barack-obama,false,1,fixed_split_train_test,0,0.4864926901010159,0,0.271021001234036
1514.json,alex-sink,barely-true,1,fixed_split_train_test,0,0.4488289608883918,0,0.46718091337368645
6919.json,tim-kaine,barely-true,1,fixed_split_train_test,1,0.5199571270912758,0,0.3987375259172221
9774.json,republican-party-florida,false,1,fixed_split_train_test,1,0.7252111582116803,1,0.638042000773956
5640.json,chain-email,barely-true,1,fixed_split_train_test,1,0.794576443181261,1,0.8060959388262957
9444.json,mary-burke,barely-true,1,fixed_split_train_test,0,0.4445576807458847,0,0.3943128879751165
12449.json,kelly-ayotte,mostly-true,0,fixed_split_train_test,0,0.3695034280028901,0,0.33618135277592265
4432.json,dan-ramos,mostly-true,0,fixed_split_train_test,1,0.5026379262137102,1,0.5214726811851618
5749.json,greg-abbott,half-true,0,fixed_split_train_test,0,0.494028164005252,1,0.5091015178073982
8192.json,rene-garcia,barely-true,1,fixed_split_train_test,0,0.47390097530380165,0,0.46640908542285936
7886.json,christine-whitman,mostly-true,0,fixed_split_train_test,1,0.5083806226187286,1,0.5271394983570894
9431.json,americans-safe-access,barely-true,1,fixed_split_train_test,1,0.5971495588685725,0,0.445577119242646
7721.json,bob-goodlatte,half-true,0,fixed_split_train_test,0,0.3819916074364311,1,0.5831508274792202
2616.json,christine-odonnell,pants-fire,1,fixed_split_train_test,1,0.6158127236294776,1,0.5660385045253574
2122.json,americans-job-security,half-true,0,fixed_split_train_test,0,0.4601931266121842,1,0.55194910759306
1280.json,charlie-crist,barely-true,1,fixed_split_train_test,0,0.4035919665681571,0,0.40488296264142487
2477.json,steve-southerland,false,1,fixed_split_train_test,0,0.30079474256031175,0,0.40438368679729986
6123.json,eric-hovde,false,1,fixed_split_train_test,1,0.5119322230242156,0,0.4303975186461638
7814.json,new-jersey-state-afl-cio,mostly-true,0,fixed_split_train_test,0,0.427669568624319,0,0.39216074723910804
901.json,spencer-bachus,false,1,fixed_split_train_test,0,0.4618192476262756,0,0.46569048481271197
6720.json,rob-zerban,false,1,fixed_split_train_test,0,0.3502217183390966,0,0.4088117835507877
4628.json,hank-johnson,mostly-true,0,fixed_split_train_test,0,0.2594835731562682,0,0.3224748642752156
11303.json,jay-nixon,mostly-true,0,fixed_split_train_test,0,0.3265491841228438,0,0.3613083123562152
2986.json,talgo-inc,true,0,fixed_split_train_test,0,0.49233021932672716,1,0.5544670833685347
10783.json,representus,mostly-true,0,fixed_split_train_test,0,0.4917152490900116,1,0.5088242668755415
13350.json,patrick-murphy,half-true,0,fixed_split_train_test,1,0.5987630147390844,1,0.6416789199230468
258.json,mitt-romney,true,0,fixed_split_train_test,0,0.4421591882681925,0,0.396587902213605
1248.json,michael-moore,mostly-true,0,fixed_split_train_test,1,0.6232791879484143,0,0.48775894055109137
10450.json,rand-paul,half-true,0,fixed_split_train_test,0,0.4892731331088946,0,0.3172168519779089
8758.json,barack-obama,half-true,0,fixed_split_train_test,0,0.3295497758294987,0,0.1945810151826478
4442.json,ron-paul,half-true,0,fixed_split_train_test,0,0.46316344639440205,0,0.44138171701702383
7930.json,pete-gallego,true,0,fixed_split_train_test,0,0.4744478116448536,0,0.3902047202823599
12122.json,paul-ryan,mostly-true,0,fixed_split_train_test,1,0.6917370739115148,1,0.5867590189967665
6678.json,leonard-lance,true,0,fixed_split_train_test,0,0.32369668922586037,0,0.3483030987062453
9957.json,facebook-posts,pants-fire,1,fixed_split_train_test,0,0.37345393674766836,1,0.5062064491353484
7111.json,sam-adams,barely-true,1,fixed_split_train_test,1,0.5186433297208273,0,0.46471061041047873
9235.json,blog-posting,pants-fire,1,fixed_split_train_test,1,0.6611141729341637,1,0.7985880538927242
1243.json,barney-bishop,false,1,fixed_split_train_test,1,0.5388252927232223,1,0.5004729823021422
5693.json,kathleen-falk,false,1,fixed_split_train_test,1,0.5781333026937965,1,0.5362846090575362
2305.json,john-boehner,true,0,fixed_split_train_test,1,0.5393370618708944,1,0.5707027386225357
2040.json,george-will,barely-true,1,fixed_split_train_test,1,0.6827594085056006,1,0.5522260474526829
9192.json,progressive-choice,true,0,fixed_split_train_test,1,0.5672257645465723,0,0.479212914472297
11375.json,glenn-hegar,true,0,fixed_split_train_test,0,0.21088583572700706,0,0.35309404392019333
9674.json,jeb-bush,mostly-true,0,fixed_split_train_test,0,0.2616779868277123,0,0.33591599517079973
3369.json,sam-adams,half-true,0,fixed_split_train_test,0,0.45311728473169205,0,0.47623055184748453
8855.json,wendy-davis,mostly-true,0,fixed_split_train_test,1,0.5261755904637665,1,0.5251221558797707
1641.json,michele-bachmann,false,1,fixed_split_train_test,1,0.6517173865545627,1,0.7581404449297948
9080.json,greg-morris,true,0,fixed_split_train_test,0,0.4647401002874836,1,0.5316832445442142
4233.json,jennifer-granholm,mostly-true,0,fixed_split_train_test,0,0.29559990712758183,0,0.39850351729354977
12952.json,donald-trump,barely-true,1,fixed_split_train_test,0,0.4405777049503242,1,0.7925277108816435
2135.json,lincoln-chafee,false,1,fixed_split_train_test,1,0.5908939781314145,0,0.4860494340157124
7696.json,mark-pocan,barely-true,1,fixed_split_train_test,1,0.5560052407008722,0,0.49068757557103526
11751.json,barack-obama,mostly-true,0,fixed_split_train_test,0,0.42162156784127247,0,0.29573456344263244
2187.json,michael-bloomberg,false,1,fixed_split_train_test,0,0.37281581818607856,0,0.2565997969902854
3196.json,rick-scott,false,1,fixed_split_train_test,1,0.5824702783933656,0,0.41191589565125825
6263.json,ovide-lamontagne,half-true,0,fixed_split_train_test,1,0.5750547156398401,0,0.4024295292606452
2774.json,scott-walker,half-true,0,fixed_split_train_test,1,0.6806414291423629,1,0.6828137849063907
6555.json,teresa-fedor,true,0,fixed_split_train_test,0,0.38401639222348616,0,0.47197756237376787
8961.json,david-brooks,half-true,0,fixed_split_train_test,0,0.3187246231259847,0,0.4064125459421426
8011.json,elliott-naishtat,true,0,fixed_split_train_test,0,0.42861155320559946,0,0.4280671837186219
1290.json,ginny-brown-waite,barely-true,1,fixed_split_train_test,1,0.6258692789014435,1,0.5503398923867369
9151.json,michael-mccaul,true,0,fixed_split_train_test,1,0.5717410057246156,0,0.46197298281977545
11625.json,greg-abbott,mostly-true,0,fixed_split_train_test,0,0.2868799878715018,0,0.2878095752213612
7426.json,bill-jackson,pants-fire,1,fixed_split_train_test,0,0.38877327452336274,0,0.4001587308131266
1462.json,kay-bailey-hutchison,mostly-true,0,fixed_split_train_test,1,0.73549281601445,1,0.5468382988231247
1777.json,john-cornyn,true,0,fixed_split_train_test,1,0.5315179617333289,1,0.5276448269075101
12982.json,reince-priebus,half-true,0,fixed_split_train_test,1,0.5930360133565201,1,0.550996146080521
6015.json,reince-priebus,false,1,fixed_split_train_test,1,0.5425195749614127,0,0.459998735360682
12520.json,hillary-clinton,true,0,fixed_split_train_test,0,0.476893864786052,0,0.3607575211630955
8944.json,lawrence-odonnell,mostly-true,0,fixed_split_train_test,0,0.4265504390278589,0,0.4195788097978643
6035.json,eric-fehrnstrom,half-true,0,fixed_split_train_test,0,0.38259197004676976,0,0.3519009828180171
10309.json,michael-needham,mostly-true,0,fixed_split_train_test,1,0.6410475779770765,1,0.6523579206808601
7336.json,texas-federation-republican-women,barely-true,1,fixed_split_train_test,0,0.3190646915835833,0,0.37158135766661954
7726.json,ed-fitzgerald,false,1,fixed_split_train_test,1,0.6172290429978172,1,0.563824174521607
12768.json,kirsten-gillibrand,mostly-true,0,fixed_split_train_test,1,0.5491536861980897,0,0.32202654300659533
12012.json,chris-koster,mostly-true,0,fixed_split_train_test,0,0.35502401974047665,0,0.4493976584452562
5710.json,joe-biden,false,1,fixed_split_train_test,0,0.4736710305128155,0,0.4116692504515162
376.json,barack-obama,half-true,0,fixed_split_train_test,1,0.6760522492320812,0,0.48494175013626123
4198.json,ohio-democratic-party,pants-fire,1,fixed_split_train_test,1,0.5221729047146102,1,0.5557355067323234
4901.json,florida-democratic-party,barely-true,1,fixed_split_train_test,0,0.42730777789383806,1,0.507815809867962
7806.json,leah-vukmir,false,1,fixed_split_train_test,1,0.5690981890257308,1,0.6070757485692162
12537.json,donald-trump,false,1,fixed_split_train_test,0,0.3002559187345941,1,0.5322080903270098
3593.json,rick-scott,mostly-true,0,fixed_split_train_test,0,0.2180657529982085,0,0.2176955815636362
9779.json,occupy-democrats,pants-fire,1,fixed_split_train_test,1,0.6389909971399389,1,0.5545510031409212
8990.json,john-kerry,mostly-true,0,fixed_split_train_test,1,0.5346216133006949,1,0.5299642000927663
3979.json,george-allen,false,1,fixed_split_train_test,1,0.6107231519810372,1,0.5923335153807626
10897.json,rick-perry,true,0,fixed_split_train_test,0,0.33609546331765655,0,0.4289330296323723
4841.json,eileen-brady,mostly-true,0,fixed_split_train_test,1,0.5920133361311968,1,0.5347939395986766
2570.json,russ-feingold,half-true,0,fixed_split_train_test,1,0.5899946565795535,1,0.5568090942831456
4068.json,lisa-hamler-fugitt,mostly-true,0,fixed_split_train_test,0,0.401052318935962,0,0.19662079817334652
12301.json,john-oliver,mostly-true,0,fixed_split_train_test,1,0.5274691824128002,0,0.484723263060377
7236.json,rick-scott,half-true,0,fixed_split_train_test,0,0.2848587668762725,0,0.22386841862791673
6571.json,chris-christie,half-true,0,fixed_split_train_test,1,0.6596659322937353,1,0.5667390035213619
2640.json,chuck-riley,false,1,fixed_split_train_test,1,0.5560350536691911,1,0.5623099660615845
13512.json,blog-posting,pants-fire,1,fixed_split_train_test,1,0.5844717126833437,1,0.789641440813663
166.json,mitt-romney,half-true,0,fixed_split_train_test,1,0.504301638567932,1,0.502053863811559
7329.json,mayors-against-illegal-guns,half-true,0,fixed_split_train_test,0,0.24280523071891835,0,0.2953559436543061
13385.json,donald-trump,mostly-true,0,fixed_split_train_test,1,0.5401936502589963,1,0.7631443554519982
7827.json,meals-wheels-rhode-island,barely-true,1,fixed_split_train_test,1,0.5733780672872388,0,0.4428642135281071
11670.json,american-action-network,barely-true,1,fixed_split_train_test,0,0.4119538185181472,0,0.45204038253041756
13029.json,national-republican-senatorial-committee,barely-true,1,fixed_split_train_test,1,0.5656203940996639,1,0.7384609047690206
9937.json,jeanne-shaheen,mostly-true,0,fixed_split_train_test,0,0.37492042403706477,0,0.3816239563371057
2811.json,mark-warner,mostly-true,0,fixed_split_train_test,1,0.633657754410885,0,0.42002217283538845
6333.json,chris-christie,false,1,fixed_split_train_test,0,0.4206719610968828,0,0.47206854104263457
5124.json,restore-our-future,pants-fire,1,fixed_split_train_test,1,0.7320750645284123,1,0.6533049180863452
66.json,john-edwards,true,0,fixed_split_train_test,1,0.519049429168927,0,0.42102792468988387
5403.json,bruce-starr,mostly-true,0,fixed_split_train_test,0,0.38226783909017154,0,0.48378362704847544
9437.json,scott-walker,half-true,0,fixed_split_train_test,1,0.5994249245917351,1,0.6416864760447529
235.json,john-mccain,true,0,fixed_split_train_test,1,0.5212282854484973,0,0.4827826356349735
793.json,barack-obama,half-true,0,fixed_split_train_test,0,0.4827022235213654,0,0.3203937490056091
11080.json,rick-perry,barely-true,1,fixed_split_train_test,0,0.2883977590628148,0,0.3428692066268098
9489.json,scott-walker,false,1,fixed_split_train_test,1,0.5600085037171497,1,0.5230498707430313
1444.json,barack-obama,mostly-true,0,fixed_split_train_test,0,0.44082312588490563,0,0.35326369070269154
2484.json,alan-grayson,half-true,0,fixed_split_train_test,1,0.553584236888338,1,0.5748847763873828
5836.json,mary-nolan,half-true,0,fixed_split_train_test,1,0.6194944138867189,1,0.5830618471956173
12.json,mike-huckabee,false,1,fixed_split_train_test,1,0.5568076569646631,1,0.5487816261641354
11588.json,viral-media-reports,false,1,fixed_split_train_test,1,0.5447326964578842,1,0.585557992619779
6264.json,eric-cantor,barely-true,1,fixed_split_train_test,1,0.5561394941875334,1,0.6446106312008518
13324.json,donald-trump,mostly-true,0,fixed_split_train_test,1,0.5328561698106336,1,0.778123774768259
5230.json,nathan-deal,true,0,fixed_split_train_test,0,0.43055673957941837,0,0.3503475060657597
8519.json,americans-prosperity,false,1,fixed_split_train_test,1,0.5725289065354249,1,0.6038452725895885
6900.json,karen-huber,half-true,0,fixed_split_train_test,1,0.556549879553179,1,0.608897728128795
10524.json,lloyd-doggett,true,0,fixed_split_train_test,0,0.4470188164722371,0,0.4462226735236011
12599.json,thomas-perez,true,0,fixed_split_train_test,0,0.4849982122821577,1,0.5059693332856896
917.json,eric-cantor,false,1,fixed_split_train_test,0,0.3700498207499951,1,0.5675068584431828
8336.json,grover-fugate,true,0,fixed_split_train_test,1,0.5962770699512149,1,0.587859724411072
6811.json,barack-obama,mostly-true,0,fixed_split_train_test,0,0.47920935190934444,0,0.4663486597379747
7084.json,dan-patrick,true,0,fixed_split_train_test,0,0.24787280315924723,0,0.4126936164320017
7900.json,john-nygren,half-true,0,fixed_split_train_test,1,0.6378918771359818,1,0.5141964790926723
9323.json,julian-castro,true,0,fixed_split_train_test,1,0.6169873433401311,1,0.5756875051129249
1460.json,bill-white,true,0,fixed_split_train_test,0,0.323633780408993,0,0.3544622302450984
7607.json,john-kasich,pants-fire,1,fixed_split_train_test,0,0.4088368223636095,0,0.3701149329538417
1061.json,lynn-westmoreland,barely-true,1,fixed_split_train_test,0,0.4635463947343531,1,0.5251133515247137
12321.json,pat-mccrory,true,0,fixed_split_train_test,0,0.2533125243908457,0,0.2933609059506446
6473.json,stephanie-cutter,true,0,fixed_split_train_test,1,0.5462924761764253,1,0.6363019373438203
12546.json,blog-posting,false,1,fixed_split_train_test,1,0.6346602929450824,1,0.8066140481388461
2877.json,scott-walker,false,1,fixed_split_train_test,1,0.5885055211766493,1,0.5542671856472089
9432.json,rachel-maddow,mostly-true,0,fixed_split_train_test,0,0.4968498559070343,1,0.521485406269626
7145.json,john-kitzhaber,true,0,fixed_split_train_test,0,0.26135832417853666,0,0.3257047574698361
2760.json,sierra-club,barely-true,1,fixed_split_train_test,1,0.513999635303645,1,0.6750714003976142
6945.json,crossroads-gps,barely-true,1,fixed_split_train_test,1,0.6333180520044452,1,0.6452315787319773
4899.json,newt-gingrich,false,1,fixed_split_train_test,1,0.7211844690297365,1,0.6710831854496763
10906.json,facebook-posts,pants-fire,1,fixed_split_train_test,1,0.5632239408536491,1,0.6305821696297798
3885.json,new-jersey-sierra-club,half-true,0,fixed_split_train_test,0,0.36866002814194093,0,0.23233912798358416
11150.json,centers-disease-control,true,0,fixed_split_train_test,0,0.42300634928089426,1,0.6075105654912386
6953.json,bill-nelson,half-true,0,fixed_split_train_test,1,0.5169423982083224,0,0.49200494404270273
5510.json,steve-rothman,mostly-true,0,fixed_split_train_test,0,0.3131489928764621,0,0.3966722811476295
3455.json,robin-wright,true,0,fixed_split_train_test,0,0.42547557715346324,0,0.4903200166610347
10061.json,rick-scott,half-true,0,fixed_split_train_test,1,0.5268765851173114,1,0.5473398762874008
9927.json,julie-pace,mostly-true,0,fixed_split_train_test,1,0.6822585706061892,1,0.5854090890146219
2316.json,charlie-crist,mostly-true,0,fixed_split_train_test,0,0.3647327643366177,0,0.30731167502737794
11276.json,ron-bergeron,mostly-true,0,fixed_split_train_test,1,0.5762626223307321,0,0.42864894682305255
1497.json,eve-schatelowitz-alcantar,false,1,fixed_split_train_test,1,0.5597078274319021,0,0.4738344206109798
4337.json,ron-kind,half-true,0,fixed_split_train_test,0,0.35113214038576673,0,0.3688143484445467
4543.json,bill-oreilly,barely-true,1,fixed_split_train_test,1,0.5309993894129889,1,0.5633590776450529
5091.json,jon-huntsman,false,1,fixed_split_train_test,1,0.7272052727393115,1,0.6293326605114951
40.json,democratic-national-committee,true,0,fixed_split_train_test,0,0.3837621733036673,0,0.3592981665825755
2852.json,sherrod-brown,mostly-true,0,fixed_split_train_test,0,0.2790590408362599,0,0.2548376839964045
2506.json,scott-bruun,barely-true,1,fixed_split_train_test,1,0.6690812013389554,1,0.6138133580074544
4212.json,john-kasich,true,0,fixed_split_train_test,1,0.6028787504157923,0,0.4910706244138615
10474.json,greg-abbott,half-true,0,fixed_split_train_test,0,0.489495952952988,0,0.407698187451079
10117.json,rick-scott,half-true,0,fixed_split_train_test,0,0.358356035749479,0,0.49607000179593014
7877.json,john-lewis,mostly-true,0,fixed_split_train_test,0,0.20348933313305131,0,0.1977487399350285
12051.json,ted-cruz,mostly-true,0,fixed_split_train_test,1,0.5764729434275089,1,0.6915095237233179
3957.json,national-republican-senatorial-committee,false,1,fixed_split_train_test,1,0.7390902737634109,1,0.7205831911105446
10893.json,jeb-bush,mostly-true,0,fixed_split_train_test,0,0.3509608514650197,0,0.32682990886307417
1623.json,charlie-crist,true,0,fixed_split_train_test,1,0.5099964425740342,0,0.44982444509452507
6428.json,salmon-all,half-true,0,fixed_split_train_test,1,0.6195585978667472,1,0.6340837842283619
4287.json,greater-wisconsin-political-fund,half-true,0,fixed_split_train_test,1,0.5160783409223594,1,0.50638446794008
9793.json,ending-spending-action-fund,barely-true,1,fixed_split_train_test,1,0.6047397475140607,1,0.632556243720463
2910.json,donald-carcieri,mostly-true,0,fixed_split_train_test,1,0.5535152668308192,1,0.5508669429280271
4653.json,barack-obama,true,0,fixed_split_train_test,1,0.5939871171706494,0,0.4657168693123156
12279.json,robby-mook,mostly-true,0,fixed_split_train_test,0,0.35047530322267545,0,0.40641146806581435
6982.json,barack-obama,half-true,0,fixed_split_train_test,0,0.4525570761780127,0,0.3572202772067173
11802.json,bernie-s,mostly-true,0,fixed_split_train_test,1,0.5973598941857274,1,0.5056653158782228
4609.json,mitt-romney,false,1,fixed_split_train_test,1,0.5242368616928069,0,0.4646018096920616
8115.json,michelle-nunn,true,0,fixed_split_train_test,1,0.5807225891396702,1,0.5624005786591649
11296.json,viral-image,false,1,fixed_split_train_test,1,0.5530127055782769,1,0.7026459192769685
9093.json,rick-scott,barely-true,1,fixed_split_train_test,0,0.47220439252124313,0,0.43424652646905737
10799.json,anonymous-cyber-squatter,half-true,0,fixed_split_train_test,1,0.6366418883939279,1,0.5796707852137939
9383.json,dawson-hodgson,barely-true,1,fixed_split_train_test,1,0.5996718803000872,1,0.5781127775331262
12009.json,mitt-romney,false,1,fixed_split_train_test,1,0.5003406920336437,0,0.46750192574088106
7223.json,kenneth-block,mostly-true,0,fixed_split_train_test,0,0.33411406062481736,0,0.44681766173765075
11118.json,john-oliver,true,0,fixed_split_train_test,0,0.45190105847520395,0,0.47962591612927097
3381.json,rick-scott,mostly-true,0,fixed_split_train_test,0,0.34607344530255907,0,0.27583930443352506
7244.json,dawson-hodgson,false,1,fixed_split_train_test,0,0.41477586961899504,0,0.40440976589633315
2581.json,julie-lassa,barely-true,1,fixed_split_train_test,1,0.5146150762210765,0,0.4680946560047724
2958.json,city-beaverton,false,1,fixed_split_train_test,0,0.3310961256067034,0,0.2839270030784221
12179.json,blog-posting,pants-fire,1,fixed_split_train_test,1,0.7103813609855374,1,0.8362127044409592
11373.json,viral-image,barely-true,1,fixed_split_train_test,1,0.7341357780120646,1,0.5821248664731073
2114.json,georgia-politicians,barely-true,1,fixed_split_train_test,0,0.45859867371577095,0,0.3836360400623568
9588.json,david-perdue,half-true,0,fixed_split_train_test,0,0.4553976735267003,1,0.5309233292570517
3430.json,eric-cantor,half-true,0,fixed_split_train_test,1,0.5234904393745533,0,0.40590686033547313
9364.json,angel-taveras,barely-true,1,fixed_split_train_test,0,0.39116934216600674,0,0.38126158676271976
10695.json,rick-santorum,true,0,fixed_split_train_test,0,0.270614846939639,0,0.2954103163949886
1158.json,anthony-weiner,barely-true,1,fixed_split_train_test,1,0.7013665696998778,1,0.7653384084208776
5848.json,bill-johnson,false,1,fixed_split_train_test,1,0.6681571164387955,1,0.6403426569135825
10561.json,tom-graves,half-true,0,fixed_split_train_test,1,0.5553984598183851,0,0.4519765900619075
512.json,barack-obama,true,0,fixed_split_train_test,0,0.34285293248774934,0,0.28022213242521055
5815.json,steve-rothman,barely-true,1,fixed_split_train_test,1,0.6026597880647003,1,0.7216126163857786
12906.json,paul-manafort,half-true,0,fixed_split_train_test,0,0.4981869902021814,1,0.5618565120200064
7909.json,barry-bone,true,0,fixed_split_train_test,1,0.5602186940764128,0,0.48756517219685064
7044.json,voters-first-ohio,barely-true,1,fixed_split_train_test,0,0.4255381491367784,0,0.48392718849145844
11284.json,jeb-bush,half-true,0,fixed_split_train_test,0,0.4504605167537432,0,0.43090585782870894
11761.json,ted-cruz,true,0,fixed_split_train_test,1,0.5494543275931584,1,0.6490212439818969
13291.json,catherine-cortez-masto,half-true,0,fixed_split_train_test,1,0.6602927945413306,1,0.7266411351559677
6933.json,mitt-romney,half-true,0,fixed_split_train_test,0,0.3682589988577255,0,0.3271265808419276
9916.json,pam-bondi,mostly-true,0,fixed_split_train_test,0,0.35233840571833674,0,0.2694372519113043
9248.json,alicia-menendez,true,0,fixed_split_train_test,0,0.3057714114910635,0,0.2940334372406289
544.json,joe-biden,barely-true,1,fixed_split_train_test,0,0.41027431302462386,0,0.35196616644121836
3679.json,john-kasich,false,1,fixed_split_train_test,1,0.5060425649541352,0,0.441664059031533
11825.json,paul-saldana,half-true,0,fixed_split_train_test,1,0.5013217624897733,0,0.43651241862978474
7420.json,josh-mandel,mostly-true,0,fixed_split_train_test,1,0.5260400820843414,1,0.6295497080250688
2723.json,ted-strickland,pants-fire,1,fixed_split_train_test,1,0.6607584632431452,1,0.6248055007938159
5530.json,johnny-isakson,barely-true,1,fixed_split_train_test,1,0.532455431907018,0,0.35526021328865254
4617.json,michele-bachmann,half-true,0,fixed_split_train_test,0,0.30929111049489505,0,0.3482591905543679
4498.json,rush-holt,true,0,fixed_split_train_test,0,0.3477142180077215,0,0.4107605605028944
2994.json,boyd-richie,barely-true,1,fixed_split_train_test,0,0.4641966845899404,1,0.5462376859886275
1184.json,charles-boustany,barely-true,1,fixed_split_train_test,1,0.6000136647503436,1,0.5434694351117881
11169.json,marco-rubio,mostly-true,0,fixed_split_train_test,0,0.2693883939263758,0,0.4792944386217813
8924.json,david-perdue,mostly-true,0,fixed_split_train_test,0,0.4577570695316549,0,0.4589339793570028
3194.json,chris-abele,false,1,fixed_split_train_test,1,0.5658515485839151,1,0.534677422701124
985.json,rachel-maddow,false,1,fixed_split_train_test,1,0.6609748721819491,1,0.5437015392153456
7379.json,barack-obama,mostly-true,0,fixed_split_train_test,0,0.1879099488951618,0,0.20896167500649657
2926.json,ted-poe,barely-true,1,fixed_split_train_test,1,0.554438106298301,1,0.5204670956874999
5283.json,phil-gingrey,half-true,0,fixed_split_train_test,0,0.45508074430197737,1,0.571623942131155
4204.json,tom-leppert,false,1,fixed_split_train_test,1,0.5926119658711907,1,0.6304556467875053
7288.json,terry-mcauliffe,false,1,fixed_split_train_test,1,0.622959665549088,1,0.6847121686534727
10223.json,russ-girling,false,1,fixed_split_train_test,0,0.4468581921023062,0,0.3916756603848051
4526.json,mike-mccabe,false,1,fixed_split_train_test,0,0.455720580594688,0,0.48799618626879987
10493.json,ted-cruz,mostly-true,0,fixed_split_train_test,1,0.7217363358505606,1,0.7299803569586487
6812.json,americans-tax-reform,barely-true,1,fixed_split_train_test,1,0.6106266754746876,1,0.5905350477933141
13214.json,oxfam-america,mostly-true,0,fixed_split_train_test,0,0.49497375387814674,1,0.5696673502565163
12662.json,charles-ramsey,mostly-true,0,fixed_split_train_test,0,0.43085769193691287,0,0.33174848635821785
3933.json,rick-santorum,false,1,fixed_split_train_test,1,0.7245851630484192,1,0.5611899806363698
7268.json,scott-walker,mostly-true,0,fixed_split_train_test,0,0.3818675889010307,0,0.33290001462781066
2717.json,marco-rubio,half-true,0,fixed_split_train_test,0,0.23310524897553941,0,0.2842473447507548
2252.json,tim-kaine,half-true,0,fixed_split_train_test,1,0.6567529579064185,1,0.5152697680406763
3029.json,scott-walker,mostly-true,0,fixed_split_train_test,1,0.5273303514555053,1,0.5897452553745158
3471.json,jeff-stone,half-true,0,fixed_split_train_test,1,0.6865974541555032,1,0.598800316777651
3710.json,nathan-deal,true,0,fixed_split_train_test,0,0.23508854725042164,0,0.27638931222854635
1855.json,bill-white,mostly-true,0,fixed_split_train_test,0,0.47493168914064215,1,0.50315081452282
7771.json,joee-lindbeck,half-true,0,fixed_split_train_test,0,0.2557432143948874,0,0.3112543229285888
13409.json,donald-trump,barely-true,1,fixed_split_train_test,0,0.37304824957963373,1,0.7147755008154028
5101.json,mitt-romney,half-true,0,fixed_split_train_test,0,0.2661093459025392,0,0.38520296543984
7356.json,sherrod-brown,true,0,fixed_split_train_test,1,0.5724930251179985,0,0.32692027057295964
4568.json,new-jersey-democratic-state-committee,barely-true,1,fixed_split_train_test,1,0.6160178708454902,1,0.5245269352817099
2099.json,john-boehner,false,1,fixed_split_train_test,0,0.45454361623771056,0,0.4381401998633492
1849.json,john-oxendine,half-true,0,fixed_split_train_test,1,0.5243519757154794,0,0.48155271286102685
7790.json,john-depetro,pants-fire,1,fixed_split_train_test,1,0.559697209363057,1,0.6617221821769758
6320.json,barack-obama,mostly-true,0,fixed_split_train_test,0,0.42702511570053636,0,0.35713778134291674
3500.json,greater-wisconsin-political-fund,half-true,0,fixed_split_train_test,1,0.7701683720169673,1,0.7424695192785427
2460.json,steve-kagen,pants-fire,1,fixed_split_train_test,1,0.6563568488259692,1,0.6528488825984454
1948.json,john-faulk,false,1,fixed_split_train_test,0,0.38125792458943303,0,0.4816962464837517
10739.json,karl-rove,mostly-true,0,fixed_split_train_test,1,0.5348418594297006,1,0.5932683752355075
13020.json,catherine-cortez-masto,mostly-true,0,fixed_split_train_test,1,0.6082553474488042,1,0.6006090588270893
1119.json,barack-obama,false,1,fixed_split_train_test,1,0.5026966731677396,0,0.3147236508783679
13128.json,donald-trump,mostly-true,0,fixed_split_train_test,1,0.5332620546416197,1,0.7728973696340102
11050.json,generation-forward-pac,mostly-true,0,fixed_split_train_test,0,0.3552581862367317,1,0.573049180131179
7195.json,lenny-curry,barely-true,1,fixed_split_train_test,1,0.5479590271136017,0,0.3914962113451112
13047.json,donald-trump,half-true,0,fixed_split_train_test,1,0.56619827219529,1,0.7348120574722489
2560.json,future-pac-oregon-house-democrats,pants-fire,1,fixed_split_train_test,1,0.5118112409116157,1,0.5244900286749108
8463.json,chris-abele,false,1,fixed_split_train_test,0,0.4160566819931499,0,0.415316147547217
3458.json,morgan-griffith,barely-true,1,fixed_split_train_test,0,0.4344489644861501,0,0.42028795224976395
8352.json,blog-posting,pants-fire,1,fixed_split_train_test,1,0.5824993887570359,1,0.7933034719783107
11847.json,national-republican-senatorial-committee,barely-true,1,fixed_split_train_test,1,0.6549947689003046,1,0.7005679201614331
8170.json,eric-cantor,pants-fire,1,fixed_split_train_test,1,0.7583867680499949,1,0.6094242701708997
10293.json,steve-adler,mostly-true,0,fixed_split_train_test,1,0.6338597569173476,1,0.616963505783533
5314.json,kathleen-clyde,true,0,fixed_split_train_test,0,0.18643124101173117,0,0.37415616425848536
2625.json,jack-conway,mostly-true,0,fixed_split_train_test,1,0.5352011017987268,0,0.46142939803643207
12749.json,donald-trump,half-true,0,fixed_split_train_test,0,0.3364935775038208,1,0.552108922063849
6905.json,paul-ryan,mostly-true,0,fixed_split_train_test,0,0.21394635979703294,0,0.29270816215970263
10672.json,sally-kohn,false,1,fixed_split_train_test,0,0.4017231195799342,1,0.552587199096777
2217.json,rachel-maddow,half-true,0,fixed_split_train_test,1,0.5391956629239554,0,0.4874721570272524
10232.json,mitch-mcconnell,barely-true,1,fixed_split_train_test,0,0.39898671514498163,0,0.4378165194283219
7230.json,chris-christie,half-true,0,fixed_split_train_test,0,0.46057046683951713,0,0.45997434860045333
4993.json,maciver-institute,barely-true,1,fixed_split_train_test,1,0.655677791917165,1,0.6442804163314678
794.json,barack-obama,half-true,0,fixed_split_train_test,1,0.6721944087763534,1,0.5233083685780107
12011.json,donald-trump,half-true,0,fixed_split_train_test,1,0.526771683601097,1,0.7409444620958496
8946.json,rachel-maddow,true,0,fixed_split_train_test,0,0.4320877378589657,0,0.4754068907947735
3508.json,david-prosser,pants-fire,1,fixed_split_train_test,0,0.3646941958222096,1,0.5333748046459156
3306.json,rob-woodall,half-true,0,fixed_split_train_test,1,0.5797336505807172,0,0.4824365807838264
1189.json,tom-price,mostly-true,0,fixed_split_train_test,0,0.381790281664395,0,0.40459749979111576
9107.json,alison-lundergan-grimes,true,0,fixed_split_train_test,1,0.5685866259425956,1,0.5099808182974036
809.json,barack-obama,true,0,fixed_split_train_test,1,0.6688008460172435,0,0.4750990013826646
171.json,rudy-giuliani,false,1,fixed_split_train_test,1,0.5341158160902492,1,0.6499128697911091
1739.json,kay-bailey-hutchison,half-true,0,fixed_split_train_test,1,0.5166415368622156,1,0.6770401458335933
9047.json,david-dewhurst,mostly-true,0,fixed_split_train_test,1,0.6025522918447875,1,0.6100773158675303
7685.json,linda-finn,half-true,0,fixed_split_train_test,1,0.5513287519867403,1,0.548611735390076
13490.json,don-beyer,false,1,fixed_split_train_test,1,0.5163247369664936,0,0.4107374791165259
10962.json,sheldon-whitehouse,true,0,fixed_split_train_test,0,0.3104695502477764,0,0.3803676920273204
7845.json,chris-christie,half-true,0,fixed_split_train_test,0,0.4908505662971255,0,0.4482557038566162
10388.json,jonathan-turley,barely-true,1,fixed_split_train_test,1,0.6906317702822201,1,0.6297141144775852
180.json,bill-richardson,false,1,fixed_split_train_test,0,0.4947509220298156,1,0.5004047758315999
781.json,barack-obama,false,1,fixed_split_train_test,0,0.44076216235820853,0,0.2964436645254495
12627.json,hillary-clinton,true,0,fixed_split_train_test,1,0.6561367721002082,1,0.504364143181856
2594.json,joe-manchin,true,0,fixed_split_train_test,0,0.38388708003248256,0,0.4568103768239194
7543.json,michele-bachmann,pants-fire,1,fixed_split_train_test,0,0.4980259673294763,1,0.5502002423690804
7073.json,priorities-usa-action,barely-true,1,fixed_split_train_test,0,0.38620388890707963,0,0.460094670165045
12195.json,mark-pocan,true,0,fixed_split_train_test,0,0.3922369850065742,0,0.46655246168234393
13190.json,mike-pence,barely-true,1,fixed_split_train_test,0,0.4824964630546437,1,0.5576092537225769
7447.json,greg-abbott,true,0,fixed_split_train_test,1,0.5407916423597577,1,0.5666351968446736
9472.json,oregon-department-agriculture,half-true,0,fixed_split_train_test,0,0.2374925061579098,0,0.4818392503341874
12368.json,donald-trump,barely-true,1,fixed_split_train_test,0,0.4425943677922627,1,0.7609429075877113
5788.json,frank-wolf,true,0,fixed_split_train_test,1,0.5340390918825609,0,0.4160492370200437
6665.json,barack-obama,half-true,0,fixed_split_train_test,0,0.32682251483676605,0,0.273544524072478
10858.json,facebook-posts,pants-fire,1,fixed_split_train_test,0,0.4016489713313662,0,0.45377993968431746
3522.json,jason-haas,false,1,fixed_split_train_test,1,0.5446261915280367,1,0.5098955977269453
6469.json,americans-prosperity,false,1,fixed_split_train_test,1,0.6329119686350104,1,0.5839402027486995
13502.json,sean-duffy,barely-true,1,fixed_split_train_test,1,0.6173882533510711,1,0.5165069879363101
9834.json,edward-flynn,mostly-true,0,fixed_split_train_test,0,0.3736625258848805,0,0.361660694664574
7991.json,phil-burress,half-true,0,fixed_split_train_test,1,0.5074439611756795,1,0.5666136562267973
7994.json,jonathan-stickland,barely-true,1,fixed_split_train_test,0,0.38600396997786224,0,0.3953977363452044
10846.json,scott-walker,false,1,fixed_split_train_test,1,0.6470980014841988,1,0.6716648411210608
8830.json,rick-scott,half-true,0,fixed_split_train_test,0,0.35366723998979477,0,0.28369371150766226
6033.json,bill-nelson,true,0,fixed_split_train_test,1,0.5357627485149873,0,0.45536136022127044
700.json,john-mccain,true,0,fixed_split_train_test,1,0.5365320012566817,0,0.45096615654611355
12214.json,bernie-s,mostly-true,0,fixed_split_train_test,0,0.38032678292472394,0,0.4857221201377483
11661.json,occupy-democrats,false,1,fixed_split_train_test,1,0.609031779367062,0,0.48623945503758464
8986.json,barack-obama,mostly-true,0,fixed_split_train_test,1,0.6029268616618819,0,0.395882753360533
6922.json,lois-frankel,barely-true,1,fixed_split_train_test,0,0.4868349108781061,1,0.6071847775061039
2738.json,georgia-house-democratic-caucus-behalf-elena-paren,false,1,fixed_split_train_test,1,0.5062580081011312,1,0.51590793550529
7416.json,david-plouffe,barely-true,1,fixed_split_train_test,1,0.5077876327067372,1,0.5770975949142433
9101.json,barbara-boxer,half-true,0,fixed_split_train_test,0,0.39536121173315664,0,0.4125948488717918
2494.json,mark-belling,pants-fire,1,fixed_split_train_test,1,0.6132021737788568,1,0.6529337260661712
553.json,wesley-clark,false,1,fixed_split_train_test,0,0.49415373968138904,1,0.5757736142048104
574.json,campaign-money-watch,true,0,fixed_split_train_test,0,0.42296234407337163,0,0.4829272781266149
1262.json,glenn-beck,false,1,fixed_split_train_test,0,0.4856570429798081,0,0.4722597208056328
9900.json,mark-harris,mostly-true,0,fixed_split_train_test,1,0.6037878303503273,1,0.635235662099885
1677.json,karen-sage,true,0,fixed_split_train_test,1,0.5243561906454973,1,0.5231068291319695
575.json,campaign-money-watch,barely-true,1,fixed_split_train_test,0,0.486467381492052,1,0.5474749382040207
447.json,barack-obama,false,1,fixed_split_train_test,1,0.64075207019262,1,0.5676815140384626
13049.json,blog-posting,false,1,fixed_split_train_test,0,0.4327361180560108,1,0.6456635397301593
12168.json,your-choice-colorado,half-true,0,fixed_split_train_test,1,0.6306253030681069,1,0.593055213431502
11308.json,hugh-hewitt,half-true,0,fixed_split_train_test,0,0.42426796660300387,0,0.38094297612006994
11212.json,matt-wuerker,mostly-true,0,fixed_split_train_test,0,0.3952809139323328,1,0.5209143130490054
3697.json,jim-renacci,mostly-true,0,fixed_split_train_test,0,0.24960926067845632,0,0.301071797796202
12770.json,michelle-obama,true,0,fixed_split_train_test,1,0.6845305278604683,0,0.39837717452311827
11955.json,wisconsin-working-families-party,false,1,fixed_split_train_test,0,0.47376865869613055,0,0.37334564669996256
13423.json,donald-trump,false,1,fixed_split_train_test,1,0.6739076618599399,1,0.8217375539191019
3087.json,brian-moran,pants-fire,1,fixed_split_train_test,1,0.5063342253531665,1,0.5230637978036117
3046.json,jim-doyle,mostly-true,0,fixed_split_train_test,1,0.5966699112696209,1,0.52375421542644
12203.json,tom-price,half-true,0,fixed_split_train_test,1,0.5742610355297814,1,0.612528860934701
12734.json,mike-pence,barely-true,1,fixed_split_train_test,1,0.5201122857637026,0,0.48890811166327464
1515.json,americans-united-change,half-true,0,fixed_split_train_test,1,0.5093242561038567,1,0.6008278458385116
9553.json,ted-cruz,false,1,fixed_split_train_test,1,0.5588242782660764,1,0.7016179729257142
8557.json,jan-schakowsky,true,0,fixed_split_train_test,0,0.44787897350357664,1,0.5169770929257453
4194.json,tim-pawlenty,mostly-true,0,fixed_split_train_test,1,0.6374858108751084,1,0.6789051332567723
13487.json,james-quintero,barely-true,1,fixed_split_train_test,1,0.5485656903910313,1,0.5087640226385645
11184.json,facebook-posts,false,1,fixed_split_train_test,1,0.6380403834358409,1,0.6063459476990443
12221.json,ted-cruz,mostly-true,0,fixed_split_train_test,0,0.4515237887272508,1,0.6141502056486284
3460.json,john-kasich,half-true,0,fixed_split_train_test,1,0.5568210862042572,0,0.4724542203152188
7529.json,service-employees-international-union-committee-po,false,1,fixed_split_train_test,1,0.6044291567234658,1,0.5969338134599491
10717.json,rick-perry,half-true,0,fixed_split_train_test,0,0.45715593171192015,0,0.47901077303810485
4714.json,barack-obama,false,1,fixed_split_train_test,0,0.3535047575020463,0,0.3430265382978054
4017.json,newt-gingrich,mostly-true,0,fixed_split_train_test,0,0.3034836032749624,0,0.4275184995055956
9256.json,rush-limbaugh,false,1,fixed_split_train_test,0,0.20381241688238488,1,0.5274526628212327
6006.json,william-obrien,false,1,fixed_split_train_test,1,0.5646431470670753,1,0.5428789229165373
6197.json,sean-duffy,barely-true,1,fixed_split_train_test,1,0.7089036234923262,1,0.6103901042857878
1187.json,paul-hipp,mostly-true,0,fixed_split_train_test,0,0.4274231963962138,0,0.35329667622214733
8104.json,don-lemon,mostly-true,0,fixed_split_train_test,0,0.2348547982597257,0,0.34924158521725973
1556.json,bill-white,true,0,fixed_split_train_test,0,0.4231510070316763,0,0.31380764974137565
7970.json,todd-young,false,1,fixed_split_train_test,0,0.40626512271214604,1,0.546019925084201
12487.json,joyce-beatty,barely-true,1,fixed_split_train_test,0,0.3053958222124209,0,0.2832236093039173
1310.json,cw-bill-young,false,1,fixed_split_train_test,1,0.617896000238969,1,0.5381004863118992
6163.json,shawn-lindsay,false,1,fixed_split_train_test,0,0.47322059566364244,0,0.4045046318053674
7819.json,alberta-darling,true,0,fixed_split_train_test,0,0.3657051957814303,0,0.36226826701224796
814.json,barack-obama,mostly-true,0,fixed_split_train_test,1,0.5904734166485156,0,0.4124387992572135
8486.json,suzanne-somers,true,0,fixed_split_train_test,1,0.670654208673346,1,0.6838269223189447
12141.json,roy-blunt,barely-true,1,fixed_split_train_test,0,0.42489710300588945,0,0.35625184052429126
3257.json,dan-patrick,true,0,fixed_split_train_test,0,0.351296399147838,0,0.4440629435312541
3330.json,rick-scott,barely-true,1,fixed_split_train_test,1,0.6269699977178497,1,0.5312708610713021
6436.json,eric-hovde,half-true,0,fixed_split_train_test,1,0.5517268678021661,0,0.3425179951463202
70.json,ron-paul,mostly-true,0,fixed_split_train_test,0,0.4329148491349981,0,0.4988297655426168
10140.json,john-carlevale,false,1,fixed_split_train_test,0,0.49266262446076814,0,0.4163762110252803
1120.json,john-boehner,false,1,fixed_split_train_test,1,0.7175382140525411,1,0.6610309311892689
8595.json,ken-cuccinelli,barely-true,1,fixed_split_train_test,1,0.6750320692567106,1,0.6749114295252282
4885.json,joe-biden,mostly-true,0,fixed_split_train_test,0,0.44107729240446863,0,0.3400169288894961
11917.json,john-mccain,true,0,fixed_split_train_test,0,0.47193698309511223,0,0.4669149159684327
10773.json,marco-rubio,half-true,0,fixed_split_train_test,1,0.5500256698164911,1,0.5741313525779339
4718.json,ann-lininger,false,1,fixed_split_train_test,1,0.7084518908407323,1,0.6144924452417947
6616.json,george-lemieux,true,0,fixed_split_train_test,0,0.48162449913721866,0,0.4863710809598583
3284.json,bill-posey,mostly-true,0,fixed_split_train_test,1,0.6417729815957021,1,0.6252315140604097
2290.json,barack-obama,barely-true,1,fixed_split_train_test,1,0.5404396657225718,0,0.4588652441407106
10978.json,don-beyer,true,0,fixed_split_train_test,0,0.29055137497993394,0,0.38753575469564816
8764.json,marilinda-garcia,mostly-true,0,fixed_split_train_test,0,0.3980658749891199,0,0.4306932361596706
2203.json,marco-rubio,mostly-true,0,fixed_split_train_test,1,0.5432900147678612,1,0.5600563441629318
7118.json,patricia-morgan,half-true,0,fixed_split_train_test,0,0.26424287918200356,0,0.3349287093064724
7164.json,john-kasich,true,0,fixed_split_train_test,0,0.3384851848994306,0,0.4066060050674587
4208.json,allen-west,false,1,fixed_split_train_test,0,0.35778294822576195,1,0.5389232855101267
714.json,sarah-palin,mostly-true,0,fixed_split_train_test,1,0.6064273936608391,1,0.5837445777787805
13437.json,maggie-hassan,barely-true,1,fixed_split_train_test,1,0.5683522495013771,1,0.617056809543606
6401.json,american-bridge-21st-century,mostly-true,0,fixed_split_train_test,1,0.6447858389418155,1,0.5802589492099655
5251.json,blog-posting,mostly-true,0,fixed_split_train_test,0,0.3775842637458055,0,0.4862866843490448
378.json,hillary-clinton,half-true,0,fixed_split_train_test,1,0.5242322141884755,0,0.37175918981155504
5095.json,rick-perry,pants-fire,1,fixed_split_train_test,1,0.7548335312407047,1,0.6754384043529967
11000.json,jim-steineke,false,1,fixed_split_train_test,1,0.5246704078982506,0,0.4488705499314041
3741.json,sherrod-brown,barely-true,1,fixed_split_train_test,0,0.33849528718827876,0,0.2529609798710921
8979.json,mark-pryor,barely-true,1,fixed_split_train_test,0,0.4862300407809909,1,0.6518731553906064
3803.json,todd-staples,mostly-true,0,fixed_split_train_test,0,0.42879454666734856,0,0.4968303854631368
12087.json,hillary-clinton,barely-true,1,fixed_split_train_test,0,0.4177755699001617,0,0.34826287540458783
1712.json,tom-grady,false,1,fixed_split_train_test,1,0.5371948772525525,1,0.6302084702001094
1093.json,sarah-palin,false,1,fixed_split_train_test,1,0.7993543421339426,1,0.7156277768398197
3027.json,gerry-connolly,half-true,0,fixed_split_train_test,0,0.4564880401113969,0,0.35986433486965813
4977.json,marish-agana,barely-true,1,fixed_split_train_test,0,0.3390413513730933,0,0.36495149379534186
4689.json,jeb-hensarling,false,1,fixed_split_train_test,0,0.2882239993996361,0,0.3861014577847071
9227.json,charlie-crist,barely-true,1,fixed_split_train_test,1,0.5062698940548043,0,0.37919862955701183
12927.json,joaquin-castro,mostly-true,0,fixed_split_train_test,1,0.5412149631844729,1,0.5601274126918643
3997.json,martin-omalley,half-true,0,fixed_split_train_test,1,0.5376414334400218,0,0.38368874306016487
13000.json,bruce-rauner,barely-true,1,fixed_split_train_test,0,0.2745158693406038,0,0.2321930604804758
11704.json,greg-abbott,barely-true,1,fixed_split_train_test,1,0.5863814994273364,1,0.5125571480309753
11654.json,kevin-russell,mostly-true,0,fixed_split_train_test,0,0.4425457334038211,0,0.34381996881419
340.json,john-mccain,true,0,fixed_split_train_test,1,0.6503551547051752,0,0.46890880941904306
6485.json,barack-obama,half-true,0,fixed_split_train_test,0,0.36203232455588136,0,0.3759174785548352
9231.json,chain-email,false,1,fixed_split_train_test,0,0.23970110395870092,0,0.4933145557281011
10416.json,barack-obama,mostly-true,0,fixed_split_train_test,0,0.49630921772898917,0,0.3587574170126633
12924.json,gary-johnson,true,0,fixed_split_train_test,0,0.2611146733172945,0,0.3870498756922896
6816.json,american-future-fund,barely-true,1,fixed_split_train_test,0,0.41000703100183084,0,0.4781041856851837
13172.json,chris-koster,half-true,0,fixed_split_train_test,1,0.5702772447597376,1,0.605317924508172
13484.json,blog-posting,pants-fire,1,fixed_split_train_test,0,0.47995125959564483,1,0.681111921470982
10869.json,family-foundation,true,0,fixed_split_train_test,0,0.41602244698823204,0,0.4940111006983864
9823.json,senate-majority-pac,false,1,fixed_split_train_test,1,0.611220009246896,1,0.6195704232077965
3738.json,newt-gingrich,false,1,fixed_split_train_test,0,0.39172316395056067,0,0.4616418861988009
8552.json,ellen-qualls,half-true,0,fixed_split_train_test,0,0.41452871124716245,0,0.46658830030662884
3044.json,allen-west,false,1,fixed_split_train_test,1,0.621685341007542,1,0.7700363936759129
6121.json,chris-christie,barely-true,1,fixed_split_train_test,1,0.6846845712441162,1,0.6371744592531543
11261.json,scott-walker,mostly-true,0,fixed_split_train_test,0,0.4750516877445596,0,0.49010799756061063
12392.json,alan-grayson,barely-true,1,fixed_split_train_test,1,0.5788027688600086,1,0.5751814490793501
4522.json,josh-mandel,barely-true,1,fixed_split_train_test,1,0.6783851943927293,1,0.6471516449250838
8285.json,bill-foster,barely-true,1,fixed_split_train_test,0,0.3459139341178461,0,0.29279155353558717
12244.json,hillary-clinton,true,0,fixed_split_train_test,1,0.5699506815109977,0,0.49174351432440516
7667.json,national-rifle-association,barely-true,1,fixed_split_train_test,0,0.42136383307301467,1,0.5586912514457447
101.json,democratic-national-committee,barely-true,1,fixed_split_train_test,1,0.5735400037822389,1,0.5135252404462601
2775.json,eric-cantor,true,0,fixed_split_train_test,0,0.3667703637293813,0,0.3204006209952944
1909.json,barack-obama,half-true,0,fixed_split_train_test,1,0.5068682878064358,0,0.3816211629924915
13203.json,naral-pro-choice,false,1,fixed_split_train_test,1,0.5778234346135833,0,0.4683748590079027
8303.json,barbara-buono,half-true,0,fixed_split_train_test,0,0.2225546543998351,0,0.3475503313900632
10466.json,barack-obama,barely-true,1,fixed_split_train_test,1,0.6025679702546575,0,0.35245402893454136
9229.json,bob-cole,half-true,0,fixed_split_train_test,1,0.6226391721405975,0,0.49689915866382467
8498.json,gina-raimondo,mostly-true,0,fixed_split_train_test,0,0.18474145066011452,0,0.31668993573794346
11887.json,j-jacobs,true,0,fixed_split_train_test,1,0.6177047461016375,0,0.43380230594383695
11895.json,tom-wolf,barely-true,1,fixed_split_train_test,0,0.3779469255533483,1,0.5125094180877497
1385.json,farouk-shami,half-true,0,fixed_split_train_test,1,0.6325865624851803,1,0.5363185384237231
6097.json,stephen-simpson,mostly-true,0,fixed_split_train_test,1,0.5041528182207697,1,0.6120535662811761
1652.json,barack-obama,half-true,0,fixed_split_train_test,1,0.6498560064384461,1,0.5679702515795183
1950.json,vernon-jones,pants-fire,1,fixed_split_train_test,0,0.46553569532079836,0,0.40769192763867607
8685.json,kathleen-sebelius,true,0,fixed_split_train_test,0,0.31258777177105124,0,0.23008847887866826
9200.json,louie-gohmert,false,1,fixed_split_train_test,0,0.3571247802426654,0,0.41852721992919156
2374.json,jim-sensenbrenner,false,1,fixed_split_train_test,1,0.5170414309435072,1,0.5558509322470481
2533.json,republican-party-florida,half-true,0,fixed_split_train_test,0,0.3920606105352592,0,0.4229003491047047
5416.json,alan-bates,true,0,fixed_split_train_test,0,0.486353774785201,0,0.3680705351803973
2557.json,allen-boyd,false,1,fixed_split_train_test,0,0.41653086968212205,0,0.4680332853998768
5087.json,mitt-romney,false,1,fixed_split_train_test,1,0.6619746134473738,1,0.5403649573401351
8960.json,mark-obenshain,mostly-true,0,fixed_split_train_test,0,0.3900048429214261,0,0.3815715416464025
3362.json,phyllis-schlafly,false,1,fixed_split_train_test,1,0.6195645938096664,1,0.5291845758145082
9844.json,david-dewhurst,false,1,fixed_split_train_test,0,0.2854909904243535,0,0.37210423255702313
9292.json,charlie-crist,half-true,0,fixed_split_train_test,0,0.3789537833397156,0,0.4290996279776249
6119.json,jim-demint,barely-true,1,fixed_split_train_test,1,0.7296643666880779,1,0.6532121246755519
12371.json,ed-gillespie,true,0,fixed_split_train_test,0,0.48578031354543155,0,0.47281971329848177
7665.json,gabrielle-giffords,true,0,fixed_split_train_test,0,0.3941667526757219,0,0.3620756314043613
8576.json,city-austin,true,0,fixed_split_train_test,0,0.42357288417449995,0,0.42338526121470704
6637.json,jack-markell,false,1,fixed_split_train_test,0,0.24715397673648504,0,0.32182607667548685
9096.json,john-mccallum,mostly-true,0,fixed_split_train_test,0,0.42718157824954905,0,0.39951121368023623
7698.json,randy-forbes,true,0,fixed_split_train_test,1,0.661538639414582,1,0.5214558860582621
10547.json,associated-press,true,0,fixed_split_train_test,0,0.40541592470906446,1,0.5385302122113064
187.json,hillary-clinton,half-true,0,fixed_split_train_test,0,0.428616811446643,0,0.32519104014912875
2470.json,allen-west,pants-fire,1,fixed_split_train_test,0,0.38062412627155573,1,0.5878377866664536
6045.json,chain-email,pants-fire,1,fixed_split_train_test,1,0.7133616799905972,1,0.8426414299465022
339.json,hillary-clinton,true,0,fixed_split_train_test,1,0.5112747918230621,0,0.38382536142798557
11004.json,hillary-clinton,true,0,fixed_split_train_test,1,0.5078529494573644,0,0.35140086702640544
11337.json,martin-omalley,mostly-true,0,fixed_split_train_test,1,0.6181450351915035,1,0.5626650256949611
4250.json,alberta-darling,pants-fire,1,fixed_split_train_test,1,0.7460396868813516,1,0.7059683867759772
631.json,jerome-corsi,pants-fire,1,fixed_split_train_test,1,0.6957585542679269,1,0.7050393635438043
9351.json,charles-van-zant,pants-fire,1,fixed_split_train_test,0,0.44458959601970804,1,0.5619153960784368
5746.json,clarence-thomas,true,0,fixed_split_train_test,1,0.5689878910825114,1,0.5722458711257994
4136.json,kris-jordan,half-true,0,fixed_split_train_test,1,0.5384272742319853,0,0.37976816983361855
1681.json,paul-ryan,barely-true,1,fixed_split_train_test,0,0.17857909305183914,0,0.23115808667663557
5074.json,john-kasich,mostly-true,0,fixed_split_train_test,0,0.2874528750625756,0,0.27492086932472554
4195.json,rick-santorum,barely-true,1,fixed_split_train_test,0,0.41064932944271015,0,0.49090726375832555
3931.json,adam-hasner,barely-true,1,fixed_split_train_test,1,0.5451319043670435,0,0.4626730988465403
4883.json,matt-mackowiak,true,0,fixed_split_train_test,1,0.6353659687060065,1,0.6293539936869399
6795.json,bill-clinton,barely-true,1,fixed_split_train_test,1,0.5733938731086762,0,0.4986265939721549
9818.json,michelle-nunn,barely-true,1,fixed_split_train_test,0,0.4132137855618489,0,0.42720402518657025
8573.json,tom-cotton,half-true,0,fixed_split_train_test,1,0.6063075004219036,1,0.6947901570397703
13184.json,mike-pence,mostly-true,0,fixed_split_train_test,1,0.6418934320644708,1,0.537508622701207
11559.json,rand-paul,mostly-true,0,fixed_split_train_test,0,0.4662477417850093,0,0.37134776433837774
9241.json,don-balfour,true,0,fixed_split_train_test,1,0.5148793603322657,0,0.4392497844867451
8902.json,hugh-fitzsimons,mostly-true,0,fixed_split_train_test,1,0.6291277898739714,1,0.6027053011844182
12511.json,donald-trump,false,1,fixed_split_train_test,1,0.5641352282292776,1,0.8058296190852867
7285.json,barbara-buono,pants-fire,1,fixed_split_train_test,1,0.6117416739268712,1,0.5476259573982337
1005.json,chain-email,pants-fire,1,fixed_split_train_test,1,0.5821049247454082,1,0.7538068375096615
609.json,barack-obama,half-true,0,fixed_split_train_test,0,0.3251169977904367,0,0.34839307015955057
9436.json,hillary-clinton,barely-true,1,fixed_split_train_test,0,0.49138566359650165,0,0.4630617766798239
5671.json,rick-santorum,false,1,fixed_split_train_test,0,0.3376678336889209,0,0.49510927180564945
6699.json,menendez-facts,pants-fire,1,fixed_split_train_test,1,0.5983594492812598,0,0.4443179057363783
7334.json,rick-scott,half-true,0,fixed_split_train_test,0,0.4755008998157747,0,0.37258643846515926
9788.json,jay-nixon,barely-true,1,fixed_split_train_test,0,0.44110019493963004,0,0.4586638924796827
10710.json,mackubin-thomas-owens,barely-true,1,fixed_split_train_test,1,0.5777792131902503,1,0.5890547368762986
3186.json,john-kasich,barely-true,1,fixed_split_train_test,1,0.582941539936197,1,0.5532538355987143
6743.json,john-burzichelli,false,1,fixed_split_train_test,1,0.5052408718044782,0,0.45115136793568344
