id,speaker,label,is_low_truth,setting,text_only_pred,text_only_score,text_plus_graph_pred,text_plus_graph_score
10540.json,scott-surovell,half-true,0,speaker_disjoint_split,0,0.4875817682117933,1,0.6134196794904708
1123.json,blog-posting,false,1,speaker_disjoint_split,1,0.6416086435670197,1,0.8759812673368906
9028.json,charlie-crist,half-true,0,speaker_disjoint_split,0,0.1888771465879783,0,0.32887318314632713
7115.json,robert-menendez,mostly-true,0,speaker_disjoint_split,0,0.12358920409059579,0,0.11109653038351908
4148.json,bernie-s,half-true,0,speaker_disjoint_split,0,0.17042439813227422,0,0.18642381002459474
10683.json,bernie-s,half-true,0,speaker_disjoint_split,0,0.19043777172845366,0,0.31007161702872743
3863.json,national-republican-congressional-committee,barely-true,1,speaker_disjoint_split,1,0.6213375069083861,1,0.6175912494681204
10173.json,dennis-richardson,false,1,speaker_disjoint_split,0,0.41427896597333763,0,0.42941953857168885
11092.json,pamela-geller,false,1,speaker_disjoint_split,0,0.4457353355192012,1,0.5686466702819135
12163.json,peter-kinder,mostly-true,0,speaker_disjoint_split,0,0.39280388697903745,0,0.30719534980608154
1038.json,north-korea,true,0,speaker_disjoint_split,0,0.17502565643075338,0,0.26260316935205985
5210.json,national-republican-congressional-committee,pants-fire,1,speaker_disjoint_split,0,0.43569586396012994,1,0.704609742335757
11418.json,bernie-s,half-true,0,speaker_disjoint_split,0,0.17579958602227314,0,0.20770256342083662
13503.json,blog-posting,true,0,speaker_disjoint_split,1,0.5682790851885909,1,0.702406569269506
8187.json,ken-cuccinelli,false,1,speaker_disjoint_split,1,0.5524236840241936,1,0.5643442462623169
12981.json,donald-trump,barely-true,1,speaker_disjoint_split,1,0.5193485574677618,1,0.5429634291338132
812.json,john-mccain,false,1,speaker_disjoint_split,1,0.5324445159773132,0,0.3863694841786804
12056.json,donald-trump,false,1,speaker_disjoint_split,0,0.4470002348168138,1,0.6087727813465276
1738.json,alfredo-gutierrez,mostly-true,0,speaker_disjoint_split,0,0.4603387495389081,0,0.3603120450140613
3005.json,texas-veterans-commission,barely-true,1,speaker_disjoint_split,1,0.5216507947841024,0,0.4454647784973154
9165.json,republican-party-florida,false,1,speaker_disjoint_split,0,0.43515417535871775,0,0.2814212784312885
10053.json,jeanne-shaheen,true,0,speaker_disjoint_split,1,0.7562341874027008,1,0.6426182295782414
9613.json,susan-happ,half-true,0,speaker_disjoint_split,0,0.32781068136231895,0,0.23188906902487716
8755.json,karl-rove,false,1,speaker_disjoint_split,1,0.5174354158956119,1,0.610541212099852
767.json,joe-biden,barely-true,1,speaker_disjoint_split,1,0.5708896891508579,1,0.5823179477568925
10263.json,jim-skaggs,false,1,speaker_disjoint_split,0,0.16791518780998918,0,0.11303625406919648
1969.json,john-mccain,false,1,speaker_disjoint_split,1,0.5065617523347614,0,0.4702261423950288
2020.json,ralph-hudgens,mostly-true,0,speaker_disjoint_split,1,0.6523220262593609,1,0.6856921994952295
7258.json,mark-shields,true,0,speaker_disjoint_split,0,0.12103856675826997,0,0.09715907611891803
13142.json,donald-trump,false,1,speaker_disjoint_split,0,0.3986426913886042,1,0.5089425071813468
7467.json,scott-walker,mostly-true,0,speaker_disjoint_split,0,0.36980313118733316,1,0.5712933665366874
9492.json,donna-brazile,half-true,0,speaker_disjoint_split,1,0.7471095570532817,1,0.6885065796238322
4357.json,blog-posting,pants-fire,1,speaker_disjoint_split,1,0.6705448637895575,1,0.8074056340134411
162.json,joe-biden,pants-fire,1,speaker_disjoint_split,0,0.30288328109687596,0,0.24495753427294506
8164.json,kathleen-sebelius,mostly-true,0,speaker_disjoint_split,0,0.16071974629807723,0,0.1658079901531348
9500.json,republican-party-florida,mostly-true,0,speaker_disjoint_split,1,0.5198087511756794,1,0.569100241783363
7555.json,blog-posting,false,1,speaker_disjoint_split,0,0.24160472023960639,1,0.6984125955992551
325.json,john-mccain,mostly-true,0,speaker_disjoint_split,1,0.6348822561790864,0,0.41576919250880423
8985.json,david-jolly,true,0,speaker_disjoint_split,1,0.6594831262478957,1,0.671293996156098
2932.json,oregon-right-life-pac,true,0,speaker_disjoint_split,1,0.7123416451164034,1,0.6681402800993655
7324.json,rush-limbaugh,barely-true,1,speaker_disjoint_split,0,0.20540299640826196,0,0.4247467047769996
2257.json,john-robitaille,false,1,speaker_disjoint_split,1,0.5667422970786578,1,0.6108573193147335
3782.json,louie-gohmert,false,1,speaker_disjoint_split,0,0.2963127580502031,0,0.41037814965449526
11536.json,donald-trump,barely-true,1,speaker_disjoint_split,1,0.5478118640221235,1,0.6342463887275602
5236.json,democratic-congressional-campaign-committee,barely-true,1,speaker_disjoint_split,1,0.7168216171653846,1,0.6986608755360583
2869.json,armond-budish,half-true,0,speaker_disjoint_split,1,0.6904929814470244,1,0.6197320793752016
11582.json,bernie-s,barely-true,1,speaker_disjoint_split,1,0.5713498985774165,1,0.6240868256362978
10887.json,robert-puente,half-true,0,speaker_disjoint_split,0,0.24822303438468538,0,0.2766782171304039
4504.json,ron-paul,barely-true,1,speaker_disjoint_split,0,0.4826958308814994,1,0.5360545828511303
9561.json,blog-posting,false,1,speaker_disjoint_split,0,0.46407593255797297,1,0.6579333356475177
12683.json,gary-johnson,mostly-true,0,speaker_disjoint_split,0,0.34059210900987613,0,0.312375722049911
7295.json,stephen-sweeney,half-true,0,speaker_disjoint_split,0,0.31362327522112515,0,0.27409233702250696
6969.json,david-cicilline,false,1,speaker_disjoint_split,0,0.26252628243935267,0,0.16396707230420945
11886.json,bernie-s,false,1,speaker_disjoint_split,1,0.5606976108709008,1,0.6275489906678493
11844.json,bernie-s,half-true,0,speaker_disjoint_split,0,0.19716212002379113,0,0.17808379736815863
13370.json,john-skvarla,barely-true,1,speaker_disjoint_split,1,0.5002436857046229,1,0.5428682732564649
11636.json,ben-carson,false,1,speaker_disjoint_split,1,0.6759711812180936,1,0.6794339954387263
9837.json,nextgen-climate,half-true,0,speaker_disjoint_split,1,0.6432452323418548,0,0.4784957015237529
4267.json,john-kasich,half-true,0,speaker_disjoint_split,0,0.4391514115827529,1,0.5320483435304303
827.json,joe-biden,half-true,0,speaker_disjoint_split,0,0.2991582042356914,0,0.17203420581383053
3806.json,agenda-project,mostly-true,0,speaker_disjoint_split,0,0.44301276808543727,1,0.5739150640825968
9133.json,kesha-rogers,barely-true,1,speaker_disjoint_split,1,0.527892639615618,1,0.7413891572780116
4327.json,jeff-merkley,mostly-true,0,speaker_disjoint_split,0,0.3296756913797898,0,0.24531080386148046
13026.json,donald-trump,barely-true,1,speaker_disjoint_split,1,0.6369884976144936,1,0.62121399257129
240.json,bill-richardson,barely-true,1,speaker_disjoint_split,0,0.3979846581450687,0,0.3218910363392078
7884.json,rush-limbaugh,barely-true,1,speaker_disjoint_split,1,0.6338005363460211,1,0.6516700757852326
8489.json,ken-cuccinelli,false,1,speaker_disjoint_split,1,0.650754741205637,0,0.4984248614675252
12446.json,donald-trump,half-true,0,speaker_disjoint_split,1,0.5310562075616885,1,0.6611316308102355
534.json,john-mccain,half-true,0,speaker_disjoint_split,0,0.3669400242781393,0,0.2867705929206172
5387.json,doug-thomas,half-true,0,speaker_disjoint_split,1,0.705629536544978,0,0.2599610050146508
10356.json,scott-walker,barely-true,1,speaker_disjoint_split,0,0.18580048819395448,0,0.1465648381889938
12497.json,scott-walker,true,0,speaker_disjoint_split,0,0.28890050084275953,0,0.33327594121346604
4893.json,thomas-brown,mostly-true,0,speaker_disjoint_split,1,0.5275361120459724,0,0.4021213159407764
6627.json,julian-castro,mostly-true,0,speaker_disjoint_split,0,0.4894686464527641,1,0.656303285270634
10580.json,dan-patrick,pants-fire,1,speaker_disjoint_split,0,0.07289689984845675,0,0.1395185311907122
8004.json,rachel-campos-duffy,false,1,speaker_disjoint_split,0,0.21680650639047194,0,0.3954733157318338
256.json,ron-paul,mostly-true,0,speaker_disjoint_split,0,0.241733832495858,0,0.22155216156225585
2722.json,national-republican-congressional-committee,barely-true,1,speaker_disjoint_split,1,0.5490138055596755,1,0.6032719822524417
1171.json,rush-limbaugh,barely-true,1,speaker_disjoint_split,1,0.843266428506923,1,0.8455137724323405
8794.json,republican-party-florida,false,1,speaker_disjoint_split,0,0.3167859396696049,1,0.5711561038859613
2060.json,joe-biden,mostly-true,0,speaker_disjoint_split,0,0.21755305543728226,0,0.14296672027655127
7210.json,nathan-deal,half-true,0,speaker_disjoint_split,1,0.5223340570809836,0,0.3443554449292262
12185.json,bill-clinton,mostly-true,0,speaker_disjoint_split,0,0.23243180154731555,0,0.28257411528856136
4332.json,chip-rogers,half-true,0,speaker_disjoint_split,0,0.25974374522243016,0,0.24584663217508834
2925.json,john-kasich,half-true,0,speaker_disjoint_split,0,0.38226765017728115,0,0.40263248967193976
9838.json,bernie-s,mostly-true,0,speaker_disjoint_split,0,0.1392798874006812,0,0.17718692040931214
11407.json,ben-carson,pants-fire,1,speaker_disjoint_split,0,0.4703865189223766,1,0.5022715854996294
35.json,joe-biden,true,0,speaker_disjoint_split,1,0.5508106854958351,0,0.4894162529664265
10663.json,bernie-s,half-true,0,speaker_disjoint_split,0,0.18934138548444246,0,0.22028867110782752
8147.json,bill-foster,half-true,0,speaker_disjoint_split,1,0.587694193517089,1,0.589802053656693
3443.json,organizing-america,half-true,0,speaker_disjoint_split,0,0.3548632707243459,0,0.3382897631357898
11291.json,lloyd-doggett,mostly-true,0,speaker_disjoint_split,0,0.46104839559331573,0,0.3587980342111361
5110.json,rob-cornilles,pants-fire,1,speaker_disjoint_split,1,0.5113419423905362,1,0.5573641112927371
12754.json,donald-trump,barely-true,1,speaker_disjoint_split,0,0.13852497371356434,0,0.20681155273141624
9853.json,larry-elder,false,1,speaker_disjoint_split,0,0.4915437249864987,1,0.7303865464286722
10931.json,dale-kooyenga,half-true,0,speaker_disjoint_split,0,0.2407008648250386,0,0.20211725454425072
6014.json,mary-nolan,true,0,speaker_disjoint_split,0,0.4127862920485359,0,0.2652855772434912
3695.json,joe-gibbons,barely-true,1,speaker_disjoint_split,1,0.6602047484627659,1,0.5633126735890593
5047.json,david-cicilline,half-true,0,speaker_disjoint_split,0,0.47114453713917837,0,0.3171456099766841
8910.json,charlie-crist,half-true,0,speaker_disjoint_split,0,0.4206381595587384,0,0.39199154127318
12285.json,bob-graham,half-true,0,speaker_disjoint_split,1,0.5573683945300569,1,0.5279637267396966
8677.json,kathleen-vinehout,barely-true,1,speaker_disjoint_split,1,0.621675112637109,1,0.7283704683734353
9434.json,republican-governors-association,barely-true,1,speaker_disjoint_split,1,0.71715484323436,1,0.6206250799666576
549.json,ralph-nader,mostly-true,0,speaker_disjoint_split,0,0.33143438131372205,0,0.23213436558018455
4366.json,blog-posting,pants-fire,1,speaker_disjoint_split,1,0.5481290496591905,1,0.7278206544165607
11363.json,donald-trump,pants-fire,1,speaker_disjoint_split,1,0.6651268471059572,1,0.5559496945055961
12499.json,donald-trump,pants-fire,1,speaker_disjoint_split,0,0.39246371283784237,0,0.38084517588609107
12023.json,bernie-s,mostly-true,0,speaker_disjoint_split,1,0.5724280025311204,0,0.4965535190491821
8347.json,bernie-s,false,1,speaker_disjoint_split,1,0.7709159361835327,1,0.6937453376345822
5750.json,joe-biden,half-true,0,speaker_disjoint_split,0,0.3644194344542157,0,0.28217812819952665
13159.json,democratic-congressional-campaign-committee,barely-true,1,speaker_disjoint_split,1,0.5544681471613394,1,0.6166741361454802
2699.json,michael-steele,false,1,speaker_disjoint_split,0,0.44855559760768937,0,0.41166264492330656
3485.json,dennis-richardson,false,1,speaker_disjoint_split,0,0.32229091300017093,0,0.2989960823887044
11453.json,claire-mccaskill,false,1,speaker_disjoint_split,0,0.33008161037803213,0,0.304722010778348
5031.json,tim-kaine,half-true,0,speaker_disjoint_split,0,0.47602744270080505,0,0.39467247281205353
7976.json,debbie-wasserman-schultz,half-true,0,speaker_disjoint_split,1,0.640587468736099,1,0.6901521736756215
11906.json,joanne-kloppenburg,mostly-true,0,speaker_disjoint_split,0,0.4531002528486294,1,0.5583625520154178
9652.json,debbie-wasserman-schultz,barely-true,1,speaker_disjoint_split,0,0.4771373137933478,0,0.4237508736164698
13228.json,donald-trump,pants-fire,1,speaker_disjoint_split,1,0.5330062461935419,1,0.5188348263618517
4373.json,scott-walker,pants-fire,1,speaker_disjoint_split,0,0.3336933547606808,0,0.35600072311672293
8214.json,bookerfail,half-true,0,speaker_disjoint_split,1,0.5000336832484548,0,0.3618805402519597
6462.json,debbie-wasserman-schultz,false,1,speaker_disjoint_split,0,0.19961901033704593,0,0.42604262387398983
5870.json,mike-foley,mostly-true,0,speaker_disjoint_split,0,0.3950413569480251,0,0.3658596992505239
6903.json,rob-zerban,pants-fire,1,speaker_disjoint_split,1,0.6220047243432788,1,0.7557038755274168
6308.json,jackie-cilley,true,0,speaker_disjoint_split,0,0.3918238535398614,0,0.37488230025691405
13145.json,national-republican-congressional-committee,barely-true,1,speaker_disjoint_split,0,0.30145180163482144,1,0.570741849604142
11617.json,arsalan-iftikhar,false,1,speaker_disjoint_split,1,0.6713191195635663,0,0.4955126675698677
12246.json,john-pagliarini,half-true,0,speaker_disjoint_split,0,0.47691135152318204,1,0.6294940453147129
10286.json,diego-arene-morley,true,0,speaker_disjoint_split,0,0.2796770303578791,0,0.22963538476938153
12813.json,donald-trump,mostly-true,0,speaker_disjoint_split,0,0.24515893711571032,0,0.30166850850805776
10192.json,delia-garza,false,1,speaker_disjoint_split,1,0.5363216145375032,0,0.3839656188104624
2464.json,john-kasich,barely-true,1,speaker_disjoint_split,0,0.32763353235066894,0,0.23976927920994073
4552.json,david-axelrod,mostly-true,0,speaker_disjoint_split,1,0.5420929135223226,1,0.6202174476709755
5897.json,joe-biden,false,1,speaker_disjoint_split,1,0.5025785445279113,0,0.4232851591792266
9831.json,blog-posting,true,0,speaker_disjoint_split,0,0.4504171733462536,1,0.7079538969512942
1445.json,charlie-crist,mostly-true,0,speaker_disjoint_split,1,0.5078043783121634,0,0.3079199229669117
4064.json,scott-walker,false,1,speaker_disjoint_split,0,0.4985907575321372,0,0.45385797358891083
12201.json,david-jolly,barely-true,1,speaker_disjoint_split,1,0.5693438161981564,1,0.6526647951407493
4807.json,rob-cornilles,true,0,speaker_disjoint_split,0,0.4918145969453431,0,0.4330682663442832
8333.json,steve-lonegan,true,0,speaker_disjoint_split,0,0.31217530212397965,0,0.3235564757088412
9199.json,anissa-naouai,half-true,0,speaker_disjoint_split,0,0.06762789853928837,0,0.06786658147421784
13262.json,donald-trump,barely-true,1,speaker_disjoint_split,1,0.5673438438846918,1,0.5934606617957425
1603.json,karl-rove,mostly-true,0,speaker_disjoint_split,0,0.3844046649077689,0,0.2873760587841877
5702.json,nathan-deal,mostly-true,0,speaker_disjoint_split,1,0.6003277004396882,0,0.34167046942331
3795.json,angel-taveras,false,1,speaker_disjoint_split,0,0.3069776522124588,0,0.3206617658020587
10828.json,david-cicilline,true,0,speaker_disjoint_split,0,0.21988496822264827,0,0.12192800583560992
6116.json,terry-lawler,barely-true,1,speaker_disjoint_split,1,0.5470025888076776,1,0.6437674069080073
1283.json,blog-posting,pants-fire,1,speaker_disjoint_split,1,0.6811645204830062,1,0.7671021928298338
11915.json,centre-research-globalization,false,1,speaker_disjoint_split,1,0.7746148419854731,1,0.6200349666868151
4340.json,club-growth,false,1,speaker_disjoint_split,1,0.7222587076512653,1,0.7453507899415147
12822.json,joaquin-castro,half-true,0,speaker_disjoint_split,0,0.3198353136925104,0,0.3898958118808037
11501.json,carly-fiorina,false,1,speaker_disjoint_split,1,0.5563303909342735,0,0.2956344230115471
9067.json,kesha-rogers,half-true,0,speaker_disjoint_split,1,0.609657361061547,1,0.7332791445490796
239.json,ron-paul,true,0,speaker_disjoint_split,0,0.47915735355215894,1,0.530707443847172
9247.json,neera-tanden,mostly-true,0,speaker_disjoint_split,0,0.18843960877443952,0,0.09096277052717634
9873.json,chuck-todd,true,0,speaker_disjoint_split,0,0.17778633972592528,0,0.17162190387566684
11713.json,bernie-s,barely-true,1,speaker_disjoint_split,1,0.550366645788884,0,0.3378924609651899
1919.json,debbie-wasserman-schultz,half-true,0,speaker_disjoint_split,1,0.50616221640621,0,0.4529629611866877
1294.json,keith-olbermann,mostly-true,0,speaker_disjoint_split,1,0.5042896211305592,1,0.5302539403737799
7278.json,jennette-gayer,mostly-true,0,speaker_disjoint_split,0,0.47816093617629446,0,0.4311038054127331
13382.json,donald-trump,false,1,speaker_disjoint_split,0,0.3751077438219161,0,0.4155938520238111
13464.json,donald-trump,false,1,speaker_disjoint_split,1,0.6557562854878823,1,0.7345212307850638
13218.json,rush-limbaugh,pants-fire,1,speaker_disjoint_split,1,0.6787263774256559,1,0.6077114820322795
7142.json,dan-micciche,mostly-true,0,speaker_disjoint_split,0,0.10968077438070176,0,0.09741059380278995
6016.json,joe-biden,mostly-true,0,speaker_disjoint_split,0,0.33584962586656975,0,0.24444137116475595
11995.json,donald-trump,false,1,speaker_disjoint_split,1,0.5092356875300484,1,0.5527216900953975
1630.json,tom-coburn,mostly-true,0,speaker_disjoint_split,1,0.7036588450781697,1,0.739751588164573
12938.json,donald-trump,mostly-true,0,speaker_disjoint_split,0,0.4634003148022352,0,0.4039191823317299
5716.json,robert-menendez,true,0,speaker_disjoint_split,0,0.17843005029944004,0,0.2735547520513718
11079.json,blog-posting,pants-fire,1,speaker_disjoint_split,1,0.6392353565310263,1,0.856383631817139
13039.json,donald-trump,false,1,speaker_disjoint_split,1,0.6507811661157461,1,0.600370044192917
1149.json,bernie-s,false,1,speaker_disjoint_split,0,0.12444461089468702,0,0.15862227466531126
8473.json,joe-barton,false,1,speaker_disjoint_split,0,0.480470378821743,1,0.6211908834147479
3749.json,david-cicilline,barely-true,1,speaker_disjoint_split,0,0.3961184469309659,0,0.23010007737081142
5734.json,bettylou-decroce,half-true,0,speaker_disjoint_split,0,0.22563480582143436,0,0.23526136057630412
12922.json,pat-mccrory,barely-true,1,speaker_disjoint_split,1,0.6104469453468324,0,0.4001361302421942
1506.json,charlie-crist,true,0,speaker_disjoint_split,0,0.15312241292379924,0,0.15691067663511554
2828.json,marvin-pratt,false,1,speaker_disjoint_split,0,0.42346520619366823,1,0.6353677276719374
5145.json,rob-cornilles,barely-true,1,speaker_disjoint_split,0,0.4840863692075668,0,0.4335412261464384
11283.json,reader-email,mostly-true,0,speaker_disjoint_split,0,0.4645249751418217,0,0.44424228363914814
10185.json,sean-spicer,true,0,speaker_disjoint_split,0,0.19222022475728312,0,0.26683933628242823
12267.json,lee-camp,half-true,0,speaker_disjoint_split,0,0.4850895103846225,0,0.40299213804827816
10579.json,scott-walker,mostly-true,0,speaker_disjoint_split,0,0.23814847410078907,0,0.24953540686198974
12307.json,bernie-s,mostly-true,0,speaker_disjoint_split,0,0.43521922744402547,1,0.5276101622151766
6344.json,lou-ann-zelenik,false,1,speaker_disjoint_split,1,0.6322266296012579,1,0.5066661559212768
8021.json,karl-rove,mostly-true,0,speaker_disjoint_split,0,0.19445263244274413,0,0.16924421566008083
11314.json,carly-fiorina,true,0,speaker_disjoint_split,1,0.5546158061826072,0,0.4958562213828647
2851.json,joe-barton,barely-true,1,speaker_disjoint_split,1,0.5115220674633228,1,0.5660761589585116
12570.json,donald-trump,pants-fire,1,speaker_disjoint_split,0,0.49168855888256763,1,0.5503405697369811
828.json,john-mccain,false,1,speaker_disjoint_split,1,0.6331130901018505,1,0.5010273155443221
1861.json,carly-fiorina,pants-fire,1,speaker_disjoint_split,1,0.6163189183655643,1,0.588975321519621
5337.json,nickie-antonio,barely-true,1,speaker_disjoint_split,0,0.27718619517508514,0,0.20951871246769713
3023.json,john-kasich,false,1,speaker_disjoint_split,0,0.11263610918982232,0,0.11364855527946599
11577.json,bernie-s,true,0,speaker_disjoint_split,0,0.43199149373850443,0,0.36846802564168557
12844.json,donald-trump,mostly-true,0,speaker_disjoint_split,0,0.26036913589960275,0,0.19619719975226546
11576.json,bernie-s,half-true,0,speaker_disjoint_split,0,0.37917015581636376,0,0.46720980252820904
2827.json,republican-state-senators,pants-fire,1,speaker_disjoint_split,1,0.6071849577933999,0,0.4841639762638064
10609.json,scott-walker,false,1,speaker_disjoint_split,1,0.6557004253775752,0,0.4582888957302546
4166.json,debbie-wasserman-schultz,true,0,speaker_disjoint_split,1,0.6323495701291454,0,0.47571445763463766
1186.json,blog-posting,pants-fire,1,speaker_disjoint_split,1,0.7932228814604816,1,0.753267238206488
12784.json,bill-clinton,half-true,0,speaker_disjoint_split,0,0.3403200902797982,0,0.4963797088976754
97.json,bill-richardson,mostly-true,0,speaker_disjoint_split,0,0.4024108204145641,0,0.3578294928577104
11788.json,scott-walker,mostly-true,0,speaker_disjoint_split,0,0.22214543424647387,0,0.3339629777466005
4828.json,armond-budish,false,1,speaker_disjoint_split,1,0.6983099309342079,1,0.6001783089377372
1868.json,blog-posting,pants-fire,1,speaker_disjoint_split,1,0.7804772791993473,1,0.6678396804649208
9121.json,rush-limbaugh,false,1,speaker_disjoint_split,1,0.6663174498410217,1,0.629234927605091
8335.json,deadspin,true,0,speaker_disjoint_split,0,0.35470178246241685,0,0.4389024239867669
10612.json,nancy-devaney,false,1,speaker_disjoint_split,0,0.3400937058682296,0,0.24862197429351476
5143.json,rob-cornilles,mostly-true,0,speaker_disjoint_split,0,0.46561962831575354,1,0.5420541588089866
9922.json,donald-trump,mostly-true,0,speaker_disjoint_split,0,0.3159709580154285,0,0.3082747060342813
2421.json,scott-walker,half-true,0,speaker_disjoint_split,0,0.2488776396501137,0,0.396104404800058
3350.json,glenn-beck,pants-fire,1,speaker_disjoint_split,0,0.44693269281691816,0,0.39621741297303964
10116.json,scott-walker,barely-true,1,speaker_disjoint_split,0,0.3814559058864614,0,0.34265589624005965
786.json,john-mccain,false,1,speaker_disjoint_split,1,0.5921263168297921,1,0.6697274004409897
10725.json,addicting-information,false,1,speaker_disjoint_split,0,0.16860600828679026,0,0.3290285955204633
9713.json,charlotte-nash,half-true,0,speaker_disjoint_split,1,0.5282305553995894,0,0.46488962143866264
9318.json,miami-seaport-alliance,false,1,speaker_disjoint_split,0,0.48890127926912746,0,0.3146532647358567
4395.json,state-democratic-party-wisconsin,pants-fire,1,speaker_disjoint_split,0,0.3468998571121991,1,0.5657572483719765
4532.json,mary-nolan,half-true,0,speaker_disjoint_split,1,0.6342391610060641,1,0.5984497172147994
4909.json,tim-kaine,true,0,speaker_disjoint_split,0,0.3644034228402423,0,0.33648969171992904
13081.json,donald-trump,false,1,speaker_disjoint_split,0,0.4682692424254351,0,0.4915253838256693
7290.json,coalition-stop-gun-violence,pants-fire,1,speaker_disjoint_split,0,0.4721609363666527,0,0.31598206806776824
1163.json,republican-party-florida,pants-fire,1,speaker_disjoint_split,1,0.5688463407709775,1,0.5110751241869126
3155.json,scott-walker,false,1,speaker_disjoint_split,1,0.5277403293822474,0,0.3630649437868604
8882.json,charlie-crist,half-true,0,speaker_disjoint_split,1,0.8648679900580633,1,0.7498436166951713
12689.json,donald-trump,false,1,speaker_disjoint_split,1,0.5248944082536434,1,0.6350158924753664
834.json,john-mccain,true,0,speaker_disjoint_split,1,0.5155419179962177,1,0.5094693522914036
7307.json,nathan-deal,mostly-true,0,speaker_disjoint_split,0,0.17042945092053943,0,0.14596590822747782
5651.json,marsha-blackburn,false,1,speaker_disjoint_split,1,0.6242271489048756,1,0.7010529322505864
10709.json,scott-walker,half-true,0,speaker_disjoint_split,1,0.7235685470962863,0,0.49036037503747915
10008.json,republican-governors-association,false,1,speaker_disjoint_split,0,0.34316950791484946,0,0.22997831126129267
11423.json,bernie-s,barely-true,1,speaker_disjoint_split,0,0.4759555467706182,0,0.39497040708122155
8578.json,debbie-wasserman-schultz,half-true,0,speaker_disjoint_split,1,0.5920422712347703,1,0.544699938409064
12750.json,donald-trump,half-true,0,speaker_disjoint_split,0,0.3292890397043325,0,0.390739317924131
2884.json,oregon-healthy-kids,mostly-true,0,speaker_disjoint_split,0,0.43243638824447983,0,0.45969938936328075
2373.json,david-porter,half-true,0,speaker_disjoint_split,0,0.41604519285991076,1,0.5007428648205133
4810.json,dekalb-county,mostly-true,0,speaker_disjoint_split,0,0.4253759686156131,0,0.25335337194679397
3760.json,steve-oelrich,true,0,speaker_disjoint_split,0,0.49095962685674105,1,0.5191720849438455
630.json,john-mccain,true,0,speaker_disjoint_split,0,0.19234980883745925,0,0.18955777288734024
2587.json,national-republican-congressional-committee,pants-fire,1,speaker_disjoint_split,1,0.5294705383666193,1,0.5904702395866757
8988.json,americans-prosperity-georgia-chapter,mostly-true,0,speaker_disjoint_split,0,0.229065780698493,0,0.1933670055487668
5816.json,national-republican-congressional-committee,barely-true,1,speaker_disjoint_split,1,0.5217889116759662,0,0.47989842713543757
8872.json,mr-conservative,false,1,speaker_disjoint_split,1,0.8206692470264038,1,0.6121738173144603
9415.json,scott-walker,mostly-true,0,speaker_disjoint_split,0,0.28685558344775003,0,0.3636185043616906
8991.json,david-ignatius,true,0,speaker_disjoint_split,0,0.4240445249028301,0,0.3367559438777625
13217.json,donald-trump,false,1,speaker_disjoint_split,1,0.646220075455029,0,0.47322345679302064
5013.json,restore-our-future,mostly-true,0,speaker_disjoint_split,0,0.44252648444420767,0,0.3661757395251922
5114.json,scott-walker,false,1,speaker_disjoint_split,0,0.4912287780840378,1,0.5208280844226437
2609.json,nathan-deal,half-true,0,speaker_disjoint_split,1,0.6213826481675694,1,0.5517467628677531
8536.json,scott-walker,mostly-true,0,speaker_disjoint_split,1,0.5464828153019995,1,0.5918483485288891
6085.json,julian-castro,half-true,0,speaker_disjoint_split,0,0.24224598027748623,0,0.4120655299504486
3540.json,tim-kaine,true,0,speaker_disjoint_split,1,0.5289258187561418,0,0.4213373502077665
1194.json,keith-olbermann,half-true,0,speaker_disjoint_split,0,0.23458379489531964,0,0.3161291776451946
5704.json,republican-governors-association,half-true,0,speaker_disjoint_split,0,0.3742907919104747,0,0.2986850895421871
6820.json,ann-coulter,true,0,speaker_disjoint_split,0,0.34343385477005334,0,0.4012121808406629
1859.json,nathan-deal,barely-true,1,speaker_disjoint_split,1,0.6673888580742575,1,0.5774335159803496
13131.json,donald-trump,false,1,speaker_disjoint_split,0,0.24002848809140484,0,0.42832153750184804
8384.json,ken-cuccinelli,false,1,speaker_disjoint_split,1,0.6648900889098869,1,0.5903951105532543
13511.json,heather-mcghee,half-true,0,speaker_disjoint_split,0,0.1763503693366419,0,0.30552950074859675
13103.json,donald-trump,false,1,speaker_disjoint_split,1,0.5697296735634666,1,0.578523866326448
8823.json,mark-schlereth,mostly-true,0,speaker_disjoint_split,0,0.135087228247172,0,0.15012176917689996
735.json,john-mccain,barely-true,1,speaker_disjoint_split,1,0.6798217996538142,1,0.6224304095137408
9090.json,kathleen-sebelius,mostly-true,0,speaker_disjoint_split,0,0.25312701153132317,0,0.302082541083897
4249.json,club-growth,barely-true,1,speaker_disjoint_split,1,0.5742615177236047,1,0.685385906710119
12771.json,bernie-s,mostly-true,0,speaker_disjoint_split,0,0.17645879406494983,0,0.19007086367543038
12029.json,donald-trump,half-true,0,speaker_disjoint_split,0,0.40291073415751866,1,0.5254521257347897
7273.json,keith-faber,true,0,speaker_disjoint_split,1,0.5249437091957432,1,0.5908878697490737
11328.json,bernie-s,mostly-true,0,speaker_disjoint_split,0,0.08303591685427611,0,0.1906014452911393
7579.json,ed-fallone,half-true,0,speaker_disjoint_split,0,0.43311322234695837,1,0.5356166896471649
9659.json,dan-patrick,false,1,speaker_disjoint_split,0,0.16433090512342882,0,0.3580049445098853
7844.json,harry-alford,pants-fire,1,speaker_disjoint_split,1,0.8967412260624847,1,0.738856248104804
349.json,bill-clinton,false,1,speaker_disjoint_split,1,0.5803174428467903,1,0.6149339229939753
12041.json,bernie-s,mostly-true,0,speaker_disjoint_split,1,0.5593283297801711,0,0.48674132477751403
4521.json,jim-whelan,half-true,0,speaker_disjoint_split,0,0.4004200543145805,0,0.31397084492568006
6170.json,sam-adams,mostly-true,0,speaker_disjoint_split,0,0.2339346424501782,0,0.16447095147046434
2176.json,nathan-deal,mostly-true,0,speaker_disjoint_split,0,0.23922501385781,0,0.4193933036741798
2116.json,bill-oreilly,false,1,speaker_disjoint_split,1,0.748559862789805,1,0.6557120126965793
4019.json,new-jersey-democratic-state-committee,false,1,speaker_disjoint_split,0,0.17307463517300348,0,0.09523709119641265
1531.json,charles-rangel,pants-fire,1,speaker_disjoint_split,0,0.47033148800915847,0,0.2694056388911034
5365.json,greg-walden,true,0,speaker_disjoint_split,0,0.43480363344418393,1,0.5063851265791415
3768.json,terry-moulton,false,1,speaker_disjoint_split,0,0.31969569017517274,0,0.34204651919397644
13126.json,donald-trump,false,1,speaker_disjoint_split,1,0.6058407131453433,1,0.5429999838024
13299.json,donald-trump,barely-true,1,speaker_disjoint_split,1,0.7915037371581414,1,0.7888097356759851
698.json,john-mccain,false,1,speaker_disjoint_split,0,0.4880069269015269,1,0.5044254554901977
9586.json,jeff-merkley,false,1,speaker_disjoint_split,0,0.3608121830629072,0,0.27736479431986927
4128.json,national-republican-congressional-committee,false,1,speaker_disjoint_split,1,0.6818216367462572,1,0.8240164127664462
12276.json,jerry-jones,pants-fire,1,speaker_disjoint_split,0,0.22770619479227067,0,0.32786580873028387
12001.json,donald-trump,false,1,speaker_disjoint_split,1,0.6239078857118141,1,0.7515297890513726
3312.json,scott-walker,false,1,speaker_disjoint_split,1,0.619299327448532,1,0.6165169959785147
13151.json,blog-posting,pants-fire,1,speaker_disjoint_split,1,0.6133747246926625,1,0.6431079716156645
13187.json,tim-kaine,half-true,0,speaker_disjoint_split,0,0.35084951595511255,0,0.338563152536456
11916.json,john-kasich,mostly-true,0,speaker_disjoint_split,0,0.4858468602522486,0,0.4918860520201442
12464.json,scott-walker,half-true,0,speaker_disjoint_split,1,0.5584468336099812,0,0.40616929631562737
1606.json,charlie-crist,mostly-true,0,speaker_disjoint_split,1,0.7307641597641663,0,0.43696044404701073
12268.json,donald-trump,mostly-true,0,speaker_disjoint_split,1,0.6179100872175096,0,0.49911236599708303
4891.json,alan-simpson,true,0,speaker_disjoint_split,0,0.1814295622883299,0,0.09898927287941879
8793.json,florida-all,barely-true,1,speaker_disjoint_split,1,0.5628930388185118,1,0.6257103379451583
5495.json,david-axelrod,false,1,speaker_disjoint_split,1,0.5332554472678334,0,0.3316293260231198
516.json,john-mccain,true,0,speaker_disjoint_split,0,0.44676542503536126,1,0.5540918467553999
11063.json,donald-trump,false,1,speaker_disjoint_split,1,0.6552837527128217,1,0.6502346453065745
113.json,john-mccain,half-true,0,speaker_disjoint_split,0,0.14124390130395528,0,0.26106191545319113
11992.json,donald-trump,pants-fire,1,speaker_disjoint_split,1,0.6176227009626464,1,0.5645292571645721
8769.json,chris-murphy,true,0,speaker_disjoint_split,0,0.3893962509765905,0,0.43132707776271784
10370.json,chris-coons,barely-true,1,speaker_disjoint_split,1,0.8131949989217726,1,0.6663864354122697
991.json,gus-bilirakis,barely-true,1,speaker_disjoint_split,0,0.45160790559049047,0,0.33819841623950864
507.json,john-mccain,barely-true,1,speaker_disjoint_split,0,0.4674176121209848,0,0.41457670068736574
7747.json,blog-posting,barely-true,1,speaker_disjoint_split,1,0.7219420996467331,1,0.8330478160306182
10968.json,bill-clinton,mostly-true,0,speaker_disjoint_split,1,0.5608583229973307,1,0.6286906164969426
12682.json,donald-trump,true,0,speaker_disjoint_split,0,0.31218417111908964,0,0.4466866350927383
10190.json,ben-cardin,barely-true,1,speaker_disjoint_split,0,0.15268221389564163,0,0.336278945424967
13060.json,blog-posting,pants-fire,1,speaker_disjoint_split,1,0.7239675523808353,1,0.8765483473232917
12443.json,vicki-martin,mostly-true,0,speaker_disjoint_split,0,0.26009027613280167,0,0.2122906338606384
6210.json,bill-weimer,true,0,speaker_disjoint_split,0,0.4802357914875495,1,0.5207547005544759
3590.json,peter-defazio,false,1,speaker_disjoint_split,1,0.6984329301910492,1,0.7359206392627647
4625.json,fred-karger,pants-fire,1,speaker_disjoint_split,0,0.3539588160419409,1,0.7350642952861796
1932.json,bill-lynch,pants-fire,1,speaker_disjoint_split,0,0.32644432679261426,1,0.5179274768091632
10984.json,scott-walker,half-true,0,speaker_disjoint_split,0,0.27968785311104066,0,0.3308881316689677
13041.json,donald-trump,pants-fire,1,speaker_disjoint_split,1,0.6284940781806186,1,0.5989690151516023
9955.json,blog-posting,pants-fire,1,speaker_disjoint_split,1,0.8035308076505001,1,0.7940712043745263
3533.json,charles-rangel,half-true,0,speaker_disjoint_split,0,0.34902948450517274,0,0.38606517092468234
4671.json,ron-paul,mostly-true,0,speaker_disjoint_split,0,0.4333434267425631,0,0.45630347060894666
701.json,john-mccain,barely-true,1,speaker_disjoint_split,0,0.46359172703195983,0,0.3930928778676922
9894.json,john-mccain,mostly-true,0,speaker_disjoint_split,1,0.5918433557228561,1,0.509240766101092
2955.json,state-democratic-party-wisconsin,pants-fire,1,speaker_disjoint_split,1,0.8063403566079391,1,0.7859022600813756
8724.json,carol-shea-porter,true,0,speaker_disjoint_split,0,0.4515054430317621,1,0.6068433716644666
11224.json,se-cupp,true,0,speaker_disjoint_split,0,0.36003090989547165,0,0.31364332925141925
12890.json,donald-trump,barely-true,1,speaker_disjoint_split,0,0.44863544670540917,1,0.665973409634605
3683.json,saxby-chambliss,false,1,speaker_disjoint_split,1,0.5336824087048133,1,0.5597777346858296
12983.json,tim-kaine,false,1,speaker_disjoint_split,0,0.4159117148587165,1,0.6599555986953358
1302.json,charlie-crist,pants-fire,1,speaker_disjoint_split,1,0.5857473025392937,1,0.7590513795665317
6676.json,gilberto-hinojosa,false,1,speaker_disjoint_split,0,0.4811280906535204,0,0.4732158302579161
12212.json,bernie-s,half-true,0,speaker_disjoint_split,0,0.4990658437106315,1,0.5355428258251222
4179.json,jessica-king,barely-true,1,speaker_disjoint_split,1,0.5785086228908413,1,0.5445512594779466
12814.json,bill-clinton,half-true,0,speaker_disjoint_split,0,0.4187112567422629,0,0.3521242481794176
3057.json,greg-walden,barely-true,1,speaker_disjoint_split,0,0.23115752064645304,0,0.0938216354963783
3371.json,andy-brown,false,1,speaker_disjoint_split,1,0.6122484286764996,1,0.5366720785814568
8319.json,state-democratic-party-wisconsin,half-true,0,speaker_disjoint_split,0,0.4909443967728964,1,0.612635445057603
598.json,john-mccain,barely-true,1,speaker_disjoint_split,1,0.5781615338772585,1,0.6172649407967418
8509.json,charlie-crist,true,0,speaker_disjoint_split,1,0.5656702802591239,1,0.5949769859673928
8803.json,scott-walker,mostly-true,0,speaker_disjoint_split,1,0.5608039717379724,0,0.3543822186880497
9653.json,angel-taveras,half-true,0,speaker_disjoint_split,0,0.2886418056178487,0,0.28012272422610024
13002.json,donald-trump,mostly-true,0,speaker_disjoint_split,0,0.28455828211765155,0,0.22459302156094496
12126.json,stephen-zappala,half-true,0,speaker_disjoint_split,0,0.42633791735446674,0,0.4682926580888864
8487.json,republican-party-florida,half-true,0,speaker_disjoint_split,0,0.4662195654103396,1,0.6220978449706597
1510.json,republican-governors-association,mostly-true,0,speaker_disjoint_split,1,0.651558813239296,1,0.5750594909420966
5798.json,scott-walker,barely-true,1,speaker_disjoint_split,1,0.6157031289684434,1,0.6815681886855883
546.json,john-mccain,true,0,speaker_disjoint_split,1,0.5904600186310451,1,0.5794235099524515
1544.json,charlie-crist,true,0,speaker_disjoint_split,0,0.3601589651476127,0,0.3893288140990369
8045.json,tom-cole,true,0,speaker_disjoint_split,0,0.4123553049622151,0,0.3876830195416817
10508.json,scott-walker,false,1,speaker_disjoint_split,0,0.345531698180389,0,0.2891897056180671
11550.json,donald-trump,barely-true,1,speaker_disjoint_split,0,0.39762141147346586,0,0.42404241909258905
1686.json,charlie-crist,half-true,0,speaker_disjoint_split,1,0.5898115247786856,1,0.6070754637428329
12216.json,donald-trump,false,1,speaker_disjoint_split,0,0.4634406093810864,0,0.488591731679607
5028.json,kyleen-wright,barely-true,1,speaker_disjoint_split,0,0.42421408882109357,0,0.4611566832844274
5014.json,national-republican-congressional-committee,true,0,speaker_disjoint_split,1,0.6076132332177794,1,0.5757186312745028
1746.json,charlie-crist,false,1,speaker_disjoint_split,0,0.4863590337451109,1,0.5016864750605364
120.json,joe-biden,true,0,speaker_disjoint_split,0,0.35609017160478257,0,0.3790570840330707
7849.json,national-republican-congressional-committee,mostly-true,0,speaker_disjoint_split,1,0.671044149126402,1,0.6507179888467923
3567.json,donald-trump,false,1,speaker_disjoint_split,0,0.39895325305006474,1,0.7260416826701794
515.json,john-mccain,half-true,0,speaker_disjoint_split,0,0.200490673897566,0,0.2496460778820908
7431.json,john-kasich,mostly-true,0,speaker_disjoint_split,1,0.5435961896962411,0,0.2617511314980237
1396.json,david-axelrod,mostly-true,0,speaker_disjoint_split,0,0.1993194469765619,0,0.20635529890997376
6305.json,robert-dimuccio,true,0,speaker_disjoint_split,0,0.22251115596376334,0,0.2666392325112557
831.json,john-mccain,mostly-true,0,speaker_disjoint_split,1,0.6758442492807285,1,0.6321494053373294
8248.json,karl-rove,mostly-true,0,speaker_disjoint_split,0,0.4520982360894328,1,0.5901302002985566
12802.json,tim-kaine,half-true,0,speaker_disjoint_split,0,0.43829945686014865,0,0.4032996466080119
646.json,joe-biden,false,1,speaker_disjoint_split,1,0.6439400385820628,1,0.5943674557869734
2627.json,alexi-giannoulias,barely-true,1,speaker_disjoint_split,0,0.4308040557169608,1,0.5211757619367918
3463.json,glenn-beck,half-true,0,speaker_disjoint_split,1,0.8004164832130022,1,0.568254852877555
8528.json,charlotte-nash,true,0,speaker_disjoint_split,0,0.30426117017737747,0,0.18677070041072275
9065.json,nathan-deal,true,0,speaker_disjoint_split,0,0.30996239426374145,0,0.19237483878224176
5217.json,robert-hagan,half-true,0,speaker_disjoint_split,1,0.6669762095348679,1,0.5213208671350811
1412.json,rush-limbaugh,pants-fire,1,speaker_disjoint_split,1,0.6683515549281176,1,0.6418059634478629
13384.json,donald-trump,pants-fire,1,speaker_disjoint_split,1,0.5118434437207597,1,0.6744761339703137
617.json,john-mccain,barely-true,1,speaker_disjoint_split,1,0.7190398943100093,1,0.560944566095819
3723.json,john-kasich,barely-true,1,speaker_disjoint_split,0,0.29594318713527623,0,0.4140437993632679
5937.json,lloyd-doggett,mostly-true,0,speaker_disjoint_split,0,0.4330686295432556,1,0.5540518765446704
13016.json,donald-trump,half-true,0,speaker_disjoint_split,1,0.5412389509133936,1,0.7035231187924832
12920.json,vote-no-2,barely-true,1,speaker_disjoint_split,0,0.4259205281616126,0,0.273630642326691
6245.json,american-commitment,pants-fire,1,speaker_disjoint_split,1,0.5986497585780213,1,0.6727621960982321
10292.json,allen-peake,true,0,speaker_disjoint_split,1,0.6105705394659229,1,0.653886194450541
2915.json,vern-buchanan,false,1,speaker_disjoint_split,0,0.36565495241162843,0,0.3983370936089111
11361.json,tom-cole,true,0,speaker_disjoint_split,1,0.8871221080534167,1,0.7595062437717829
8018.json,gilberto-hinojosa,pants-fire,1,speaker_disjoint_split,0,0.41659597701832296,1,0.6332520113795334
8678.json,blog-posting,barely-true,1,speaker_disjoint_split,1,0.5969347712994185,1,0.7757455366934343
10819.json,carly-fiorina,mostly-true,0,speaker_disjoint_split,1,0.5146979230718223,0,0.4037902382381193
9303.json,joaquin-castro,true,0,speaker_disjoint_split,0,0.30003752453113364,0,0.40411336724907715
928.json,fidelis,mostly-true,0,speaker_disjoint_split,1,0.6280827656979525,1,0.7004501839805544
11909.json,donald-trump,barely-true,1,speaker_disjoint_split,0,0.4142609109192859,0,0.3692556244606423
11367.json,ben-carson,barely-true,1,speaker_disjoint_split,0,0.4797928601488392,1,0.5775394414126559
4852.json,john-kasich,true,0,speaker_disjoint_split,0,0.48283627646649274,1,0.5960766996343833
8400.json,michael-thurmond,barely-true,1,speaker_disjoint_split,1,0.6681296678161172,1,0.6582021898674831
3961.json,blog-posting,false,1,speaker_disjoint_split,1,0.6753090517076933,1,0.7205648041847792
5428.json,alissa-keny-guyer,true,0,speaker_disjoint_split,0,0.4349884430482075,0,0.4566582677916796
6582.json,david-cicilline,mostly-true,0,speaker_disjoint_split,0,0.30573764841633977,0,0.2118094989929797
3857.json,robert-brown,barely-true,1,speaker_disjoint_split,1,0.5786060440172108,0,0.47487592054064104
9580.json,republican-party-florida,mostly-true,0,speaker_disjoint_split,0,0.48570385621226075,1,0.5800918188643039
742.json,john-mccain,barely-true,1,speaker_disjoint_split,0,0.4667894810523878,0,0.31702054841147215
10201.json,greta-van-susteren,mostly-true,0,speaker_disjoint_split,0,0.2857886633843159,0,0.4033842041707162
8750.json,david-jolly,barely-true,1,speaker_disjoint_split,0,0.2926700468207486,0,0.4477953951019097
9136.json,mike-collier,false,1,speaker_disjoint_split,1,0.7693522172462168,1,0.5236840728388007
3898.json,elijah-cummings,true,0,speaker_disjoint_split,0,0.22138323649029348,0,0.36410728346850857
11103.json,chuck-baldwin,pants-fire,1,speaker_disjoint_split,1,0.5534661789146922,1,0.7160685387049452
9811.json,john-carlevale,half-true,0,speaker_disjoint_split,0,0.18629140268718677,0,0.10889933629416264
8471.json,david-axelrod,mostly-true,0,speaker_disjoint_split,0,0.4827212630283001,0,0.47253489259162007
3825.json,debbie-wasserman-schultz,half-true,0,speaker_disjoint_split,1,0.6265711113432803,1,0.7635616072249612
8706.json,david-jolly,barely-true,1,speaker_disjoint_split,1,0.5865811698774923,0,0.42355319784562345
458.json,john-mccain,pants-fire,1,speaker_disjoint_split,0,0.4819741155533425,1,0.6752571735887305
140.json,bill-richardson,half-true,0,speaker_disjoint_split,1,0.7282660943819096,1,0.7966158242924714
2961.json,tom-coburn,mostly-true,0,speaker_disjoint_split,0,0.2591304002835011,0,0.28651490712756106
4278.json,ken-plum,false,1,speaker_disjoint_split,1,0.7102172256895708,1,0.6468972614308549
9673.json,nathan-deal,false,1,speaker_disjoint_split,1,0.7010416794770014,1,0.5249870838353194
12871.json,tim-kaine,half-true,0,speaker_disjoint_split,0,0.34045104128561565,0,0.40130448625192294
12149.json,donald-trump,barely-true,1,speaker_disjoint_split,0,0.20467296193635487,0,0.1708093151482604
12959.json,donald-trump,barely-true,1,speaker_disjoint_split,0,0.11923951078120035,0,0.13164788215706966
12777.json,bernie-s,half-true,0,speaker_disjoint_split,0,0.2007816102389883,0,0.07402864928922517
12584.json,thomas-perez,barely-true,1,speaker_disjoint_split,1,0.5722787386029549,1,0.6621686755746761
7866.json,bernie-s,true,0,speaker_disjoint_split,0,0.19053587269321592,0,0.15065220970465687
7962.json,debbie-wasserman-schultz,mostly-true,0,speaker_disjoint_split,1,0.6243162276144508,1,0.5173648388751552
12710.json,donald-trump,false,1,speaker_disjoint_split,0,0.4919235793653701,0,0.39549299186988607
13191.json,tim-kaine,barely-true,1,speaker_disjoint_split,0,0.44091445881390356,0,0.4487722827622997
12251.json,don-beyer,barely-true,1,speaker_disjoint_split,0,0.4142902530676186,0,0.21185887238162435
1980.json,jan-brewer,false,1,speaker_disjoint_split,0,0.3390203497916282,0,0.3333142800658743
9678.json,rush-limbaugh,mostly-true,0,speaker_disjoint_split,0,0.3759372049367567,0,0.44478877097210984
2111.json,bob-gibbs,true,0,speaker_disjoint_split,0,0.4680914289215577,1,0.6058132179591766
9251.json,julian-castro,mostly-true,0,speaker_disjoint_split,0,0.45290161710064814,0,0.35784576196543677
2692.json,tim-kaine,barely-true,1,speaker_disjoint_split,0,0.49314415920639415,1,0.6127954625656273
11368.json,scott-walker,half-true,0,speaker_disjoint_split,0,0.4075635775018596,1,0.5257018270446973
13520.json,blog-posting,mostly-true,0,speaker_disjoint_split,0,0.21906535843559047,0,0.4586207266268235
662.json,john-mccain,false,1,speaker_disjoint_split,1,0.6331130901018505,1,0.5010273155443221
7822.json,nathan-deal,half-true,0,speaker_disjoint_split,0,0.14765268592333974,0,0.19265631030430647
2158.json,bill-lynch,barely-true,1,speaker_disjoint_split,0,0.4240460795539962,0,0.37525967993406945
10497.json,scott-walker,mostly-true,0,speaker_disjoint_split,0,0.14572959693950538,0,0.18974694856783317
1542.json,charlie-crist,true,0,speaker_disjoint_split,1,0.529549260273439,0,0.26231143835680515
4667.json,sam-adams,barely-true,1,speaker_disjoint_split,1,0.669449808988745,0,0.34409013503292096
11512.json,carly-fiorina,half-true,0,speaker_disjoint_split,0,0.35287443532098545,0,0.16870077622668392
10698.json,foundation-secure-and-prosperous-america,barely-true,1,speaker_disjoint_split,1,0.6470502807099647,1,0.6103525649081984
13224.json,donald-trump,barely-true,1,speaker_disjoint_split,1,0.7354920027715126,1,0.6201687245221171
1754.json,lamar-mckay,barely-true,1,speaker_disjoint_split,1,0.5162559548858686,1,0.5427900140882311
1454.json,david-axelrod,true,0,speaker_disjoint_split,1,0.5431810377710027,1,0.6182293614816367
11273.json,donald-trump,false,1,speaker_disjoint_split,1,0.6231068906783968,1,0.6957733623915627
7846.json,dale-kooyenga,mostly-true,0,speaker_disjoint_split,0,0.46067657814949553,1,0.5080806572679533
10993.json,stanley-mcchrystal,half-true,0,speaker_disjoint_split,0,0.4004767593204703,0,0.401757272321894
12097.json,joanne-kloppenburg,false,1,speaker_disjoint_split,1,0.5986680948312549,1,0.623765766470742
6464.json,david-cicilline,false,1,speaker_disjoint_split,1,0.6569409824329845,1,0.571128157630565
8553.json,goldie-taylor,false,1,speaker_disjoint_split,0,0.17812402908808758,0,0.10271106997222616
9961.json,catherine-taylor,true,0,speaker_disjoint_split,0,0.4019879338655792,1,0.5891263671587171
2545.json,debbie-jackow,false,1,speaker_disjoint_split,0,0.38199914631368326,0,0.42880089928759474
4142.json,dominick-marino,half-true,0,speaker_disjoint_split,0,0.46019518269397613,1,0.59264550136727
3213.json,peter-defazio,mostly-true,0,speaker_disjoint_split,0,0.329243454899687,0,0.49033389098217506
12801.json,chris-murphy,true,0,speaker_disjoint_split,0,0.32638726803010265,1,0.573517538731105
10867.json,scott-walker,mostly-true,0,speaker_disjoint_split,0,0.21636798648631714,0,0.335896355756866
6101.json,tim-kaine,mostly-true,0,speaker_disjoint_split,0,0.4449161573011296,0,0.45142278056083945
11422.json,bernie-s,mostly-true,0,speaker_disjoint_split,0,0.1540419413453663,0,0.2032373893933888
13185.json,tim-kaine,half-true,0,speaker_disjoint_split,0,0.474090494615841,0,0.3657020957217104
10574.json,bill-oreilly,half-true,0,speaker_disjoint_split,0,0.48606421327152216,1,0.5021157027231438
6852.json,robert-menendez,true,0,speaker_disjoint_split,0,0.17309430635520642,0,0.1444347335079055
6044.json,gary-johnson,barely-true,1,speaker_disjoint_split,0,0.3483026334864214,0,0.35828936036915965
5148.json,democratic-congressional-campaign-committee,pants-fire,1,speaker_disjoint_split,0,0.3715394035878017,1,0.5345053500680718
12239.json,bernie-s,mostly-true,0,speaker_disjoint_split,0,0.21395562996156306,0,0.3497593768294289
1255.json,carl-levin,true,0,speaker_disjoint_split,0,0.39928140750968916,0,0.32426326247217885
9887.json,charlie-crist,mostly-true,0,speaker_disjoint_split,1,0.6100410410234829,1,0.65666552301552
12971.json,donald-trump,false,1,speaker_disjoint_split,0,0.3567852176123048,0,0.45348650984232336
10584.json,ben-carson,false,1,speaker_disjoint_split,0,0.3681841820907874,1,0.6258814144895268
3295.json,tim-kaine,mostly-true,0,speaker_disjoint_split,0,0.25866273582706445,0,0.3251660457936331
4052.json,united-fair-economy,mostly-true,0,speaker_disjoint_split,0,0.16627852673356994,0,0.22997802344217408
10619.json,rush-limbaugh,false,1,speaker_disjoint_split,1,0.5436382717166641,0,0.35440602605013194
9604.json,rush-limbaugh,half-true,0,speaker_disjoint_split,0,0.34706540832928456,0,0.39455024929702687
1721.json,debbie-wasserman-schultz,barely-true,1,speaker_disjoint_split,1,0.5863353652648218,1,0.7557665847932128
5437.json,national-republican-congressional-committee,barely-true,1,speaker_disjoint_split,0,0.4678547860767802,1,0.6191610617608664
3833.json,national-republican-congressional-committee,barely-true,1,speaker_disjoint_split,1,0.7645195792834468,1,0.752709068680174
1062.json,keith-olbermann,false,1,speaker_disjoint_split,1,0.5776527644359944,1,0.5087605859100359
13396.json,blog-posting,pants-fire,1,speaker_disjoint_split,1,0.7152445523771293,1,0.7670264008633603
3299.json,scott-walker,false,1,speaker_disjoint_split,1,0.5596546674089374,1,0.6862687869620117
6719.json,national-republican-congressional-committee,half-true,0,speaker_disjoint_split,1,0.5222662205249011,0,0.38731702386321454
8918.json,dan-patrick,false,1,speaker_disjoint_split,1,0.9089872892141456,1,0.7454445222763743
13011.json,donald-trump,half-true,0,speaker_disjoint_split,0,0.4753126602244587,0,0.26578480713221825
1296.json,rush-limbaugh,half-true,0,speaker_disjoint_split,0,0.2545162234781791,0,0.4347085299130268
4448.json,debbie-wasserman-schultz,barely-true,1,speaker_disjoint_split,0,0.45745524338894566,0,0.25007683924920204
10875.json,sarah-silverman,true,0,speaker_disjoint_split,1,0.6472803326035563,1,0.5490437397911255
11044.json,donald-trump,pants-fire,1,speaker_disjoint_split,1,0.5277646716852011,0,0.48393334891735157
10805.json,danny-porter,half-true,0,speaker_disjoint_split,1,0.8720128331090097,1,0.577561277518584
4772.json,kathleen-connell,false,1,speaker_disjoint_split,0,0.36052411971708154,1,0.50828083507962
9855.json,blog-posting,pants-fire,1,speaker_disjoint_split,1,0.7153313031098332,1,0.7119144739704805
12984.json,donald-trump,pants-fire,1,speaker_disjoint_split,0,0.4405576246054766,0,0.30296252392234857
3328.json,bill-oreilly,mostly-true,0,speaker_disjoint_split,0,0.23859707304263025,0,0.20528936759622396
9972.json,scott-walker,mostly-true,0,speaker_disjoint_split,0,0.38873512999018306,0,0.38375267290245535
10476.json,celine-gounder,true,0,speaker_disjoint_split,0,0.30599172320090595,0,0.449281637845685
8132.json,bill-foster,half-true,0,speaker_disjoint_split,0,0.4244421079760548,0,0.3035998003391229
6172.json,rush-limbaugh,pants-fire,1,speaker_disjoint_split,1,0.6524558567055027,1,0.6082680967530967
12892.json,donald-trump,pants-fire,1,speaker_disjoint_split,1,0.6662297471886279,1,0.7095583196092469
10094.json,scott-walker,mostly-true,0,speaker_disjoint_split,0,0.45338514387014583,0,0.36570656061047757
514.json,john-mccain,true,0,speaker_disjoint_split,1,0.5605869936102569,1,0.544746539204247
2586.json,john-kasich,mostly-true,0,speaker_disjoint_split,0,0.3545273889553888,0,0.489096313169029
1923.json,orrin-hatch,barely-true,1,speaker_disjoint_split,0,0.25592570475563,0,0.2940918682084734
5301.json,debbie-wasserman-schultz,false,1,speaker_disjoint_split,0,0.3359469506694096,0,0.19570467112756446
1291.json,tom-mcclintock,false,1,speaker_disjoint_split,0,0.3674608806459345,1,0.5067674106627734
9903.json,national-republican-congressional-committee,barely-true,1,speaker_disjoint_split,0,0.4134736236706392,1,0.5182575121636931
12796.json,donald-trump,mostly-true,0,speaker_disjoint_split,1,0.551998753535058,1,0.772906170598058
7180.json,sam-adams,false,1,speaker_disjoint_split,0,0.23273314501935466,0,0.22899438155327229
3716.json,ron-paul,half-true,0,speaker_disjoint_split,1,0.5266378436141071,1,0.7176637020844655
9654.json,dennis-richardson,mostly-true,0,speaker_disjoint_split,0,0.20755082391542537,0,0.2983030418726461
2836.json,john-pistole,true,0,speaker_disjoint_split,1,0.5600950308572767,1,0.7655090953933052
9697.json,lenar-whitney,pants-fire,1,speaker_disjoint_split,1,0.7560233868589663,1,0.787013161590839
4405.json,daniel-mckee,mostly-true,0,speaker_disjoint_split,0,0.26711890684380557,0,0.2808592065760951
3515.json,donald-trump,false,1,speaker_disjoint_split,0,0.3199098439805582,0,0.27955450448737207
11745.json,dan-patrick,half-true,0,speaker_disjoint_split,0,0.3895865464359591,0,0.4641022708571103
9700.json,charlie-crist,barely-true,1,speaker_disjoint_split,1,0.6430012322520479,1,0.5582807100473876
10515.json,scott-walker,half-true,0,speaker_disjoint_split,1,0.7453856742805843,1,0.7507200466535567
9753.json,scott-walker,true,0,speaker_disjoint_split,0,0.42352348054315275,0,0.48397979545277275
11098.json,rush-limbaugh,half-true,0,speaker_disjoint_split,0,0.416076109413834,0,0.35565023103501975
7600.json,blog-posting,mostly-true,0,speaker_disjoint_split,1,0.5475668390957316,1,0.654554090366175
13139.json,donald-trump,barely-true,1,speaker_disjoint_split,0,0.43329335815879794,1,0.5438573118767261
718.json,john-mccain,mostly-true,0,speaker_disjoint_split,0,0.4389228477527251,0,0.4439521639100653
5516.json,scott-walker,half-true,0,speaker_disjoint_split,1,0.6216872497110958,0,0.45022344077594095
13308.json,donald-trump,barely-true,1,speaker_disjoint_split,1,0.6181865982478227,1,0.7008479607966296
3298.json,scott-walker,true,0,speaker_disjoint_split,1,0.8076207770220736,1,0.7722185516742354
8063.json,instagram-posts,false,1,speaker_disjoint_split,1,0.5461973270866195,1,0.7094253598417395
4280.json,ron-paul,false,1,speaker_disjoint_split,0,0.30883424711801116,0,0.33005634303632075
476.json,john-mccain,half-true,0,speaker_disjoint_split,0,0.16573208571364398,0,0.2864379192357017
1870.json,fulton-county-government,true,0,speaker_disjoint_split,0,0.293106151872259,0,0.3952715141737185
5745.json,joe-biden,half-true,0,speaker_disjoint_split,0,0.26096228674265143,0,0.2095347968490538
3486.json,larry-ahern,false,1,speaker_disjoint_split,0,0.314762028451948,0,0.3414084437983526
8565.json,saxby-chambliss,mostly-true,0,speaker_disjoint_split,0,0.39855731403129335,0,0.35937369666030244
1899.json,john-mccain,true,0,speaker_disjoint_split,1,0.7041643316155088,1,0.6304575230399244
3775.json,ken-cuccinelli,true,0,speaker_disjoint_split,1,0.674398001360019,0,0.3572184721311282
2895.json,michael-steele,half-true,0,speaker_disjoint_split,0,0.22770500050145678,0,0.14348477763097403
665.json,joe-biden,half-true,0,speaker_disjoint_split,0,0.46458854950202194,0,0.2980991895364974
11733.json,donald-trump,false,1,speaker_disjoint_split,0,0.36674255072455003,0,0.44991393200549024
12369.json,donald-trump,false,1,speaker_disjoint_split,1,0.7672555589850603,1,0.7276285169690262
11220.json,julian-castro,true,0,speaker_disjoint_split,0,0.10992817805054945,0,0.2527536817648541
13475.json,blog-posting,pants-fire,1,speaker_disjoint_split,1,0.5928186186874589,1,0.8090196208978102
668.json,joe-biden,barely-true,1,speaker_disjoint_split,0,0.44181253222140027,0,0.3784536167505708
6347.json,robert-menendez,true,0,speaker_disjoint_split,0,0.24050283401246483,0,0.28817841450769627
8273.json,eddie-bernice-johnson,false,1,speaker_disjoint_split,0,0.4946791359491225,0,0.33299429853526374
2382.json,austan-goolsbee,mostly-true,0,speaker_disjoint_split,0,0.21535033728208572,0,0.33139640673256276
2389.json,jb-van-hollen,mostly-true,0,speaker_disjoint_split,0,0.34331042128702594,0,0.40046140931337376
2365.json,maryellen-oshaughnessy,false,1,speaker_disjoint_split,0,0.4218787533879951,0,0.4388588719985275
90.json,joe-biden,false,1,speaker_disjoint_split,0,0.36778881821963166,1,0.5945560656724663
9108.json,gilberto-hinojosa,false,1,speaker_disjoint_split,1,0.550982619331442,1,0.5383151380577132
8184.json,steve-lonegan,half-true,0,speaker_disjoint_split,0,0.3322483837945312,0,0.2864981317099538
9649.json,republican-party-florida,barely-true,1,speaker_disjoint_split,1,0.6020088854744065,1,0.5646223062262641
10480.json,rush-limbaugh,pants-fire,1,speaker_disjoint_split,1,0.5849301706700324,1,0.6183506055668176
11631.json,ben-carson,false,1,speaker_disjoint_split,0,0.25844276162407787,0,0.33733563161993824
9387.json,aclu-florida,half-true,0,speaker_disjoint_split,0,0.2742091915874091,0,0.4128182643507811
1596.json,cliff-stearns,half-true,0,speaker_disjoint_split,1,0.6368250310321634,1,0.6182437077254459
2028.json,alexi-giannoulias,true,0,speaker_disjoint_split,0,0.3903108102732855,0,0.47378768002960026
11237.json,scott-walker,true,0,speaker_disjoint_split,0,0.38603881132067575,0,0.3866237957065326
744.json,john-mccain,false,1,speaker_disjoint_split,0,0.45648166009785135,0,0.26370751782287516
559.json,john-mccain,false,1,speaker_disjoint_split,0,0.33585893509918135,0,0.296783901533301
667.json,joe-biden,true,0,speaker_disjoint_split,0,0.20508914481909346,0,0.12263018054162526
1007.json,rush-limbaugh,mostly-true,0,speaker_disjoint_split,0,0.45140242512284995,1,0.6916585435158229
12935.json,donald-trump,false,1,speaker_disjoint_split,1,0.6084100653262794,1,0.5710189350655162
10214.json,lynda-rife,barely-true,1,speaker_disjoint_split,0,0.24733856253144149,0,0.13442508488318564
9767.json,scott-walker,mostly-true,0,speaker_disjoint_split,1,0.5393398638892197,1,0.627568557225376
766.json,joe-biden,mostly-true,0,speaker_disjoint_split,0,0.4231632282325433,0,0.4495814934296996
570.json,john-mccain,half-true,0,speaker_disjoint_split,1,0.591806833181246,1,0.6696324830708273
11942.json,donald-trump,barely-true,1,speaker_disjoint_split,1,0.7556458997477455,1,0.6558436498001732
9952.json,republican-governors-association,mostly-true,0,speaker_disjoint_split,1,0.5062780639196851,1,0.5899500793947093
806.json,john-mccain,true,0,speaker_disjoint_split,1,0.645630406985412,0,0.43001186950712234
4829.json,scott-walker,false,1,speaker_disjoint_split,0,0.09890085698621832,0,0.10900603832437754
8220.json,ken-cuccinelli,false,1,speaker_disjoint_split,1,0.6926194892922181,1,0.6712930727289973
3832.json,charlotte-nash,mostly-true,0,speaker_disjoint_split,0,0.26522298412402606,0,0.19213783144980268
12119.json,donald-trump,false,1,speaker_disjoint_split,1,0.5069042860414248,1,0.7325345538883306
8155.json,bill-foster,true,0,speaker_disjoint_split,0,0.3888281739391843,0,0.20540707776483205
11533.json,ben-carson,pants-fire,1,speaker_disjoint_split,1,0.7647508310718727,1,0.794895950790652
8138.json,jeb-hensarling,half-true,0,speaker_disjoint_split,1,0.6691570658301574,1,0.7257879622858564
7209.json,robert-menendez,true,0,speaker_disjoint_split,0,0.45961214647391146,0,0.41684904603042267
4078.json,stephen-sweeney,barely-true,1,speaker_disjoint_split,0,0.46854355181763,1,0.6241128914889018
11853.json,bernie-s,false,1,speaker_disjoint_split,1,0.5483817870350196,1,0.5730920827498567
773.json,joe-biden,true,0,speaker_disjoint_split,0,0.3380561994962782,0,0.3255584974813998
13530.json,donald-trump,false,1,speaker_disjoint_split,0,0.39356214522028593,1,0.5489646508966791
13426.json,donald-trump,mostly-true,0,speaker_disjoint_split,1,0.6109744171208779,1,0.6108163539949445
2415.json,steve-munisteri,half-true,0,speaker_disjoint_split,0,0.31729394448551956,0,0.2131381447989773
4055.json,nina-turner,true,0,speaker_disjoint_split,0,0.30278231033573716,0,0.4321382081217698
188.json,bill-richardson,false,1,speaker_disjoint_split,0,0.2995195977161279,0,0.3630432442586328
2229.json,esquire-magazine,true,0,speaker_disjoint_split,0,0.4856765917458573,0,0.3943337684228555
3618.json,democratic-congressional-campaign-committee,pants-fire,1,speaker_disjoint_split,1,0.5607687236405937,1,0.5434800290438704
12659.json,donald-trump,half-true,0,speaker_disjoint_split,0,0.34762059873273105,0,0.42516101808805046
10953.json,donald-trump,false,1,speaker_disjoint_split,0,0.37924345706618207,0,0.21681535344436476
11336.json,ben-carson,false,1,speaker_disjoint_split,1,0.5451801012136456,1,0.5067533604174077
6855.json,sam-adams,true,0,speaker_disjoint_split,1,0.5801832744786369,1,0.5537473863769162
2907.json,nfl-players-association,false,1,speaker_disjoint_split,0,0.1555850595222189,0,0.2554720766569542
3988.json,vern-buchanan,barely-true,1,speaker_disjoint_split,1,0.5561078350589939,1,0.5253868133849074
3579.json,donald-trump,false,1,speaker_disjoint_split,1,0.7347368805361274,1,0.6630028631170887
4159.json,bruce-hanna,barely-true,1,speaker_disjoint_split,0,0.3482272607951626,0,0.43114448346153195
252.json,joe-biden,barely-true,1,speaker_disjoint_split,1,0.7490354440988465,1,0.595894019008423
5035.json,restore-our-future,half-true,0,speaker_disjoint_split,1,0.7566372814610762,1,0.6019015227036737
8890.json,state-democratic-party-wisconsin,false,1,speaker_disjoint_split,1,0.5044205075980146,1,0.6634262141341
9852.json,tim-kaine,mostly-true,0,speaker_disjoint_split,0,0.4441643127174924,1,0.5522869312796367
4980.json,lloyd-doggett,barely-true,1,speaker_disjoint_split,0,0.2910411680581949,0,0.30464783751000524
3370.json,ken-cuccinelli,half-true,0,speaker_disjoint_split,0,0.40115451300684557,0,0.44329795563016866
12062.json,culinary-workers-union,mostly-true,0,speaker_disjoint_split,0,0.48463497395662813,1,0.5067980789332569
10392.json,nathan-deal,mostly-true,0,speaker_disjoint_split,0,0.10258412249778154,0,0.0805201376185981
1040.json,michael-steele,true,0,speaker_disjoint_split,0,0.4385764885166014,0,0.430519192820991
13065.json,bob-duffy,mostly-true,0,speaker_disjoint_split,0,0.08157712040475872,0,0.18226653622853828
12040.json,bernie-s,mostly-true,0,speaker_disjoint_split,1,0.6087531422665968,0,0.4565790056824004
1002.json,wayne-lapierre,half-true,0,speaker_disjoint_split,0,0.4889693917084062,0,0.34226586461229397
9530.json,rush-limbaugh,pants-fire,1,speaker_disjoint_split,1,0.7326352704078255,1,0.6097446758152679
3265.json,club-growth,barely-true,1,speaker_disjoint_split,0,0.34214464927029803,0,0.49355983824670346
7923.json,joe-biden,true,0,speaker_disjoint_split,0,0.37670396000354095,0,0.3167836413088593
12094.json,donald-trump,false,1,speaker_disjoint_split,1,0.8096736542634348,1,0.640338961825356
3547.json,donald-trump,half-true,0,speaker_disjoint_split,1,0.669783425893072,1,0.6492326867486956
10043.json,morgan-brittany,pants-fire,1,speaker_disjoint_split,1,0.812090325355024,1,0.867621751186333
10973.json,scott-walker,half-true,0,speaker_disjoint_split,0,0.1139786208102122,0,0.1751462323315242
697.json,john-mccain,half-true,0,speaker_disjoint_split,0,0.46474488237709427,1,0.5125482023285209
2300.json,ron-klein,mostly-true,0,speaker_disjoint_split,0,0.49265103992078746,1,0.5806968880379197
5861.json,eileen-brady,false,1,speaker_disjoint_split,1,0.5740849918217497,1,0.580763712792033
8668.json,sam-houston,half-true,0,speaker_disjoint_split,0,0.2469078805959861,1,0.5348548764547177
7068.json,republican-governors-association,half-true,0,speaker_disjoint_split,1,0.648311339398462,0,0.4433460189878455
5888.json,bill-spelman,false,1,speaker_disjoint_split,1,0.5646398294421533,1,0.7072328019043773
13388.json,arizonans-responsible-drug-policy,half-true,0,speaker_disjoint_split,1,0.5193421260881471,0,0.2947931632256574
6549.json,charlie-crist,half-true,0,speaker_disjoint_split,1,0.5221338609256609,1,0.5579060989378135
4059.json,better-austin-today-political-action-committee,false,1,speaker_disjoint_split,0,0.2377121850852566,0,0.1191578503190516
1590.json,citizens-lower-taxes-and-stronger-economy,true,0,speaker_disjoint_split,1,0.610320260452147,0,0.4083032569260398
365.json,blog-posting,pants-fire,1,speaker_disjoint_split,1,0.667995434295975,1,0.6577079426864453
8325.json,bernie-s,half-true,0,speaker_disjoint_split,0,0.3143276025355677,0,0.3624833570765404
12911.json,donald-trump,pants-fire,1,speaker_disjoint_split,1,0.5402702287334248,1,0.6557870341688791
10368.json,jerry-jones,false,1,speaker_disjoint_split,0,0.48934062174066567,0,0.46751029919791126
721.json,john-mccain,barely-true,1,speaker_disjoint_split,1,0.7087017754078788,1,0.7033016970583897
2022.json,jan-brewer,half-true,0,speaker_disjoint_split,0,0.40606554745616746,0,0.48440506340042255
4762.json,blog-posting,barely-true,1,speaker_disjoint_split,1,0.6666182452117227,1,0.8189053488122884
12872.json,tim-kaine,false,1,speaker_disjoint_split,0,0.4460531146422388,0,0.3308260939745333
1546.json,charlie-crist,mostly-true,0,speaker_disjoint_split,0,0.14936260735174464,0,0.2290637824031698
408.json,bill-clinton,true,0,speaker_disjoint_split,1,0.5036586981993006,0,0.3440886142430498
9895.json,dan-patrick,true,0,speaker_disjoint_split,0,0.31609092334752975,0,0.3526104918516625
4747.json,jon-huntsman,half-true,0,speaker_disjoint_split,0,0.15565670707220405,0,0.1864821468316089
9105.json,charlie-crist,mostly-true,0,speaker_disjoint_split,1,0.7052649477863788,1,0.5408614704062835
2446.json,bill-clinton,half-true,0,speaker_disjoint_split,0,0.3226388682200583,0,0.37806563904974794
3669.json,dan-boren,half-true,0,speaker_disjoint_split,0,0.12980685104961898,0,0.1599924182600733
4385.json,blog-posting,pants-fire,1,speaker_disjoint_split,1,0.6471553019033458,1,0.8673849378396709
8211.json,jeffrey-grybowski,mostly-true,0,speaker_disjoint_split,1,0.6904776610442974,0,0.4959805553475909
146.json,bill-richardson,half-true,0,speaker_disjoint_split,1,0.7519373690618038,1,0.6628424641087272
5476.json,charlotte-nash,mostly-true,0,speaker_disjoint_split,0,0.2509555911585196,0,0.22648782143078625
12329.json,donald-trump,false,1,speaker_disjoint_split,0,0.15440493978162576,0,0.32773161227041925
9647.json,club-growth,false,1,speaker_disjoint_split,0,0.3996338300251271,1,0.5942606902698487
6752.json,marsha-blackburn,true,0,speaker_disjoint_split,1,0.8168291586809734,1,0.7136313325918079
6619.json,david-cicilline,false,1,speaker_disjoint_split,0,0.23074643790428923,0,0.07938746644764252
10660.json,state-democratic-party-wisconsin,pants-fire,1,speaker_disjoint_split,0,0.4786268992981056,0,0.3690618269299265
12406.json,national-republican-congressional-committee,pants-fire,1,speaker_disjoint_split,1,0.5129524210981499,0,0.39715178200802154
1157.json,tom-coburn,half-true,0,speaker_disjoint_split,0,0.4576429087250984,1,0.5371201839237452
3373.json,democratic-congressional-campaign-committee,barely-true,1,speaker_disjoint_split,1,0.518025536232369,1,0.5762508608036611
1447.json,jeb-hensarling,false,1,speaker_disjoint_split,0,0.42880099433921404,1,0.5221436944093584
1317.json,bob-beckel,half-true,0,speaker_disjoint_split,1,0.6626362577677689,1,0.5139173581612941
11206.json,bernie-s,false,1,speaker_disjoint_split,0,0.18125393092620964,0,0.17749555377248658
6613.json,democratic-party-oregon,half-true,0,speaker_disjoint_split,1,0.5888509638871053,1,0.6545557090190882
12641.json,colorado-citizens-accountable-government,pants-fire,1,speaker_disjoint_split,1,0.7299840200943889,1,0.6396837040718728
10323.json,scott-walker,true,0,speaker_disjoint_split,0,0.26565282699194065,0,0.2642059220729933
743.json,john-mccain,mostly-true,0,speaker_disjoint_split,0,0.3108442581500729,0,0.4337338014212398
12413.json,david-miliband,mostly-true,0,speaker_disjoint_split,0,0.1581842677634533,0,0.20334563081945906
13318.json,donald-trump,half-true,0,speaker_disjoint_split,0,0.4896110754727207,0,0.3270066043286775
9170.json,john-e-sununu,false,1,speaker_disjoint_split,0,0.4366441295914457,0,0.4832931754467687
11688.json,carly-fiorina,barely-true,1,speaker_disjoint_split,0,0.47393632279898235,1,0.5454671047136201
3273.json,scott-walker,pants-fire,1,speaker_disjoint_split,0,0.47743009423671967,1,0.594924351895331
10465.json,nathan-deal,true,0,speaker_disjoint_split,0,0.26389694662797386,0,0.13736045207320274
6804.json,national-republican-congressional-committee,pants-fire,1,speaker_disjoint_split,1,0.7736128733400972,1,0.7012310964666347
129.json,joe-biden,true,0,speaker_disjoint_split,0,0.48800157653322374,0,0.33890611547851385
7219.json,sam-adams,half-true,0,speaker_disjoint_split,0,0.12158442938989272,0,0.19262660293874148
13436.json,chris-sununu,pants-fire,1,speaker_disjoint_split,1,0.5587915123691592,0,0.28682714815122873
9665.json,city-brookhaven,half-true,0,speaker_disjoint_split,0,0.4087407828396518,0,0.4069631755654431
8362.json,ken-cuccinelli,mostly-true,0,speaker_disjoint_split,0,0.35088370477647834,0,0.36909929084202847
7995.json,americans-prosperity-georgia-chapter,half-true,0,speaker_disjoint_split,0,0.43025769158396066,0,0.21723752555672265
12262.json,bernie-s,barely-true,1,speaker_disjoint_split,0,0.4241764921120803,0,0.45503914584202465
7252.json,kirk-watson,true,0,speaker_disjoint_split,0,0.3261435118002637,0,0.2807753380814383
12462.json,donald-trump,half-true,0,speaker_disjoint_split,0,0.2113419605733712,0,0.4128086897113092
5103.json,nina-turner,barely-true,1,speaker_disjoint_split,1,0.6451705955831021,1,0.5674818711410079
8660.json,generation-opportunity,half-true,0,speaker_disjoint_split,1,0.6598084445600083,0,0.44595079027246093
10558.json,kurt-bauer,barely-true,1,speaker_disjoint_split,0,0.384673884734995,0,0.42580286493214564
10790.json,van-taylor,barely-true,1,speaker_disjoint_split,0,0.4449268778814562,0,0.3463791064774148
11362.json,chuck-todd,true,0,speaker_disjoint_split,0,0.3975113897762719,0,0.4366128841635739
5600.json,blog-posting,false,1,speaker_disjoint_split,1,0.5134207791968244,1,0.8020532067718928
6078.json,scott-walker,barely-true,1,speaker_disjoint_split,1,0.8211667763658859,1,0.7934676247626403
3830.json,john-kasich,mostly-true,0,speaker_disjoint_split,0,0.25063881148518113,0,0.2658809288230428
1368.json,charlie-crist,true,0,speaker_disjoint_split,0,0.4756494289259034,0,0.4829990881304355
1456.json,debra-medina,false,1,speaker_disjoint_split,0,0.3942661686627409,0,0.4168500705725312
602.json,john-mccain,true,0,speaker_disjoint_split,1,0.6486325096124054,1,0.617899695693131
13024.json,donald-trump,false,1,speaker_disjoint_split,0,0.3744384662128251,0,0.2960827420523207
4773.json,rob-cornilles,false,1,speaker_disjoint_split,1,0.5621098501837485,1,0.5196211661135854
11667.json,donald-trump,barely-true,1,speaker_disjoint_split,0,0.3714821191237124,0,0.33973152254045264
13456.json,ann-coulter,false,1,speaker_disjoint_split,1,0.5452645799290395,1,0.5229261867487439
10797.json,scott-walker,barely-true,1,speaker_disjoint_split,1,0.6745119945833293,1,0.6132679377400527
7486.json,scott-walker,mostly-true,0,speaker_disjoint_split,0,0.48427665469661785,1,0.5306883960502068
12762.json,donald-trump,pants-fire,1,speaker_disjoint_split,1,0.6697171689569434,0,0.4551557277679888
6893.json,coalition-bring-jobs-ri,barely-true,1,speaker_disjoint_split,0,0.3897524824421328,0,0.20398733456065105
10345.json,patrick-lynch,barely-true,1,speaker_disjoint_split,1,0.7654295056214028,1,0.5887490014088498
11498.json,donald-trump,pants-fire,1,speaker_disjoint_split,0,0.4935875051512318,0,0.39876313775902444
802.json,john-mccain,false,1,speaker_disjoint_split,1,0.5838213870709258,1,0.5899803035266327
5930.json,bill-pascrell,mostly-true,0,speaker_disjoint_split,0,0.2246182776599156,0,0.34121024018045015
7567.json,carlos-trujillo,false,1,speaker_disjoint_split,1,0.7023780602716521,1,0.5387863355167405
12495.json,state-democratic-party-wisconsin,mostly-true,0,speaker_disjoint_split,1,0.5060956772672381,1,0.635787040391628
12451.json,bernie-s,mostly-true,0,speaker_disjoint_split,0,0.3780068773860701,0,0.45310852273533386
3605.json,jim-keffer,true,0,speaker_disjoint_split,0,0.38609932422502663,0,0.4463002872397935
116.json,john-mccain,half-true,0,speaker_disjoint_split,0,0.43068647447559383,0,0.15365366707877479
9959.json,ryan-lizza,true,0,speaker_disjoint_split,1,0.6394836412691844,1,0.56414703418174
12337.json,bernie-s,barely-true,1,speaker_disjoint_split,0,0.2686037099690608,0,0.46017836740659607
12208.json,jorge-ramos,half-true,0,speaker_disjoint_split,0,0.4506863762542366,0,0.3815403474881236
5827.json,democratic-congressional-campaign-committee,barely-true,1,speaker_disjoint_split,1,0.5434140146275478,1,0.5549168802357425
11812.json,fox-news-channel,half-true,0,speaker_disjoint_split,0,0.3980070581821619,1,0.5110825732812636
821.json,john-mccain,false,1,speaker_disjoint_split,0,0.2026474605965876,0,0.3140797800499444
4199.json,bill-oreilly,false,1,speaker_disjoint_split,0,0.15495830659744006,0,0.2792199864723073
11614.json,bernie-s,half-true,0,speaker_disjoint_split,1,0.5901595506491988,1,0.5690033472737351
3199.json,bill-oreilly,half-true,0,speaker_disjoint_split,0,0.40280971067157295,0,0.4173002178923348
12532.json,donald-trump,pants-fire,1,speaker_disjoint_split,1,0.7269802895280311,1,0.7022813363690297
2370.json,ron-paul,half-true,0,speaker_disjoint_split,0,0.2180229722241149,0,0.28813275615315265
4177.json,ron-paul,true,0,speaker_disjoint_split,1,0.7282724147248523,1,0.680278237498034
2228.json,rebecca-bell-metereau,barely-true,1,speaker_disjoint_split,1,0.7220421161341942,1,0.5108889740554268
7025.json,george-flinn,false,1,speaker_disjoint_split,0,0.24561808749013342,0,0.3104145204353339
9158.json,bob-beckel,true,0,speaker_disjoint_split,1,0.5575909492149207,0,0.39402578898213814
7636.json,caddy-mckeown,true,0,speaker_disjoint_split,0,0.2510409724569749,0,0.3591720633443121
1841.json,cathie-adams,half-true,0,speaker_disjoint_split,1,0.8075847673650042,1,0.8517501933117941
10168.json,megyn-kelly,false,1,speaker_disjoint_split,0,0.4469719636789569,0,0.30689525188687844
6902.json,robert-menendez,false,1,speaker_disjoint_split,0,0.4648152180062647,0,0.39938180356172226
10951.json,donald-trump,false,1,speaker_disjoint_split,1,0.6793316330909333,1,0.511580642621861
9571.json,blog-posting,pants-fire,1,speaker_disjoint_split,1,0.6004680218531272,1,0.8157636653182853
9732.json,charlie-crist,half-true,0,speaker_disjoint_split,0,0.17150937419536075,0,0.18352306560812032
8091.json,blog-posting,barely-true,1,speaker_disjoint_split,0,0.4301540303447657,1,0.7123462640985541
9899.json,john-mccain,mostly-true,0,speaker_disjoint_split,1,0.6423214577277739,1,0.6976106783649453
8554.json,lynn-westmoreland,true,0,speaker_disjoint_split,1,0.5439656012275724,0,0.42006579762807184
2637.json,ohio-republican-party,false,1,speaker_disjoint_split,1,0.6219851101353376,1,0.6446283287213896
12973.json,republican-party-florida,barely-true,1,speaker_disjoint_split,1,0.6138581658396489,0,0.49200786646736744
542.json,john-mccain,true,0,speaker_disjoint_split,1,0.5431994032649315,0,0.4952814694277455
5455.json,ron-paul,half-true,0,speaker_disjoint_split,1,0.739583641336256,1,0.750905224340521
7053.json,majority-pac,half-true,0,speaker_disjoint_split,0,0.2925321500575712,1,0.5674040616679034
4452.json,scott-walker,barely-true,1,speaker_disjoint_split,1,0.5873112804261057,1,0.6570577750999974
3654.json,joe-biden,mostly-true,0,speaker_disjoint_split,1,0.604250670542993,0,0.41092269631690986
4394.json,joe-biden,false,1,speaker_disjoint_split,1,0.6743147278341836,1,0.5257246372753086
1583.json,cathie-adams,false,1,speaker_disjoint_split,1,0.5582710466058084,1,0.6717769526671935
11549.json,ben-carson,false,1,speaker_disjoint_split,0,0.3808812687507873,0,0.47067437434045956
4320.json,jon-huntsman,half-true,0,speaker_disjoint_split,0,0.2602995226314344,0,0.4328703626775627
7282.json,mike-polensek,true,0,speaker_disjoint_split,1,0.6539512409286472,1,0.5645523478808031
12129.json,democratic-congressional-campaign-committee,barely-true,1,speaker_disjoint_split,1,0.688429066461025,1,0.6446557379592169
12979.json,donald-trump,false,1,speaker_disjoint_split,1,0.5727682152369233,1,0.6151967506467245
12466.json,donald-trump,false,1,speaker_disjoint_split,1,0.5055556961959962,0,0.496421070635655
272.json,joe-biden,mostly-true,0,speaker_disjoint_split,1,0.513032870654387,0,0.3969550808296065
8816.json,state-democratic-party-wisconsin,true,0,speaker_disjoint_split,0,0.2668823051345538,0,0.2611166590438718
3053.json,jeff-fitzgerald,barely-true,1,speaker_disjoint_split,0,0.37789150640379365,0,0.4827484360350856
11785.json,bernie-s,mostly-true,0,speaker_disjoint_split,0,0.37613796890081236,0,0.2841958071470372
1961.json,dubose-porter,true,0,speaker_disjoint_split,0,0.46913736179433124,0,0.27345109360846853
10801.json,bill-clinton,true,0,speaker_disjoint_split,0,0.2343572031517136,0,0.2598716738656931
3437.json,georgia-state-senators,false,1,speaker_disjoint_split,0,0.399729522758332,0,0.46630869284376425
1423.json,dick-armey,false,1,speaker_disjoint_split,1,0.5034472618873266,1,0.551324382586598
7612.json,scott-walker,half-true,0,speaker_disjoint_split,0,0.44280083686645844,0,0.3855824120824748
10152.json,scott-walker,mostly-true,0,speaker_disjoint_split,1,0.6289008707921575,0,0.47089102062923693
13295.json,donald-trump,pants-fire,1,speaker_disjoint_split,1,0.5053039422237601,0,0.37795311038236257
535.json,john-mccain,true,0,speaker_disjoint_split,1,0.6206895514826701,1,0.5871863572898994
407.json,john-mccain,false,1,speaker_disjoint_split,1,0.7223659917750372,1,0.6898140590474872
4455.json,debbie-wasserman-schultz,false,1,speaker_disjoint_split,0,0.4045102367770234,0,0.48254564837132613
4672.json,scott-walker,false,1,speaker_disjoint_split,0,0.37214213386719935,1,0.5093082235862202
3678.json,donald-trump,half-true,0,speaker_disjoint_split,1,0.7435504189920138,1,0.6571943989305797
8134.json,scott-walker,true,0,speaker_disjoint_split,1,0.6372593246910647,1,0.7194946294874467
3868.json,austan-goolsbee,mostly-true,0,speaker_disjoint_split,0,0.3393787823860009,0,0.4202651003228303
11948.json,samir-chachoua,pants-fire,1,speaker_disjoint_split,1,0.7424153995768518,0,0.44299829024697057
206.json,ron-paul,true,0,speaker_disjoint_split,0,0.3186889246308054,0,0.2246338228288979
8297.json,ken-cuccinelli,false,1,speaker_disjoint_split,0,0.47813240379874383,1,0.5744737250121738
7801.json,david-cicilline,barely-true,1,speaker_disjoint_split,0,0.3205596652498435,0,0.1396854882411745
11775.json,bernie-s,barely-true,1,speaker_disjoint_split,0,0.26966739600475637,0,0.2835994320597478
2515.json,david-cicilline,half-true,0,speaker_disjoint_split,1,0.5370038454906979,1,0.5396929328026197
6224.json,julian-castro,half-true,0,speaker_disjoint_split,1,0.529994245100626,1,0.6922463720276896
2485.json,david-axelrod,barely-true,1,speaker_disjoint_split,1,0.6441700904724321,1,0.5695120811504812
12430.json,donald-trump,false,1,speaker_disjoint_split,0,0.25561407893800286,0,0.31347443835753874
11122.json,donald-trump,barely-true,1,speaker_disjoint_split,1,0.8389723546223946,1,0.5612945150972657
2579.json,armond-budish,mostly-true,0,speaker_disjoint_split,0,0.46936483416235386,0,0.40717329483654713
3427.json,bill-kristol,mostly-true,0,speaker_disjoint_split,0,0.27280821584149184,0,0.3737399000500993
2549.json,susan-b-anthony-list,false,1,speaker_disjoint_split,1,0.5060884527142607,0,0.26968089656188204
748.json,john-mccain,barely-true,1,speaker_disjoint_split,0,0.36375626600880817,0,0.33172896511146277
9869.json,scott-walker,mostly-true,0,speaker_disjoint_split,1,0.5683332592126605,0,0.4859596881831408
5490.json,gary-johnson,mostly-true,0,speaker_disjoint_split,0,0.16811335122085688,0,0.3464888967617613
12644.json,donald-trump,mostly-true,0,speaker_disjoint_split,0,0.43410727910266494,1,0.5084397901324571
6794.json,jon-husted,mostly-true,0,speaker_disjoint_split,0,0.28837403676233087,0,0.48598409104090473
7143.json,anne-goodman,true,0,speaker_disjoint_split,0,0.3773836262163809,0,0.1982338307158922
13242.json,donald-trump,false,1,speaker_disjoint_split,1,0.7073970264501064,1,0.7101782176590179
8160.json,mark-kelly,true,0,speaker_disjoint_split,0,0.15888024651293398,0,0.3234167888528008
12153.json,pat-mccrory,false,1,speaker_disjoint_split,0,0.4148643902515779,0,0.27373716706407913
13449.json,donald-trump,half-true,0,speaker_disjoint_split,0,0.30057850896030286,0,0.4825253442118068
1172.json,glenn-beck,half-true,0,speaker_disjoint_split,0,0.4786334573125096,1,0.521406415497757
9912.json,rhue-reis,false,1,speaker_disjoint_split,0,0.2827098996279604,0,0.24435276210972706
4417.json,donna-shalala,barely-true,1,speaker_disjoint_split,0,0.3742656946192799,0,0.27495400618964955
11313.json,donald-trump,false,1,speaker_disjoint_split,1,0.6811220227448976,0,0.45683674410534086
1272.json,christopher-monckton,pants-fire,1,speaker_disjoint_split,1,0.6605105400682071,1,0.50682051455151
1356.json,glenn-beck,false,1,speaker_disjoint_split,1,0.5529979298217612,0,0.3395829653859822
3787.json,frank-wolf,barely-true,1,speaker_disjoint_split,0,0.22662832501850244,0,0.18384653837583115
5323.json,joe-biden,mostly-true,0,speaker_disjoint_split,0,0.28402020556389,0,0.17492188321972968
1642.json,liberty-institute,half-true,0,speaker_disjoint_split,1,0.6071403546050077,0,0.314774049347089
11489.json,reader-email,pants-fire,1,speaker_disjoint_split,1,0.5414761140055635,1,0.7038019477449008
9296.json,defending-main-street,barely-true,1,speaker_disjoint_split,1,0.6944525669815205,1,0.6371777977817673
3279.json,donna-brazile,half-true,0,speaker_disjoint_split,1,0.6501703299003021,1,0.8024164314729357
284.json,bill-clinton,half-true,0,speaker_disjoint_split,1,0.7294933189211528,0,0.4668671247272387
11611.json,donald-trump,pants-fire,1,speaker_disjoint_split,0,0.3141254472344041,1,0.5360994910110367
3223.json,get-equal-texas,half-true,0,speaker_disjoint_split,0,0.43086564302455793,0,0.39627431656991285
9191.json,new-hampshire-republican-party,mostly-true,0,speaker_disjoint_split,0,0.38013655561662324,0,0.37738674575795506
5968.json,gilberto-hinojosa,false,1,speaker_disjoint_split,1,0.8616260563507531,1,0.65887623224899
12152.json,donald-trump,pants-fire,1,speaker_disjoint_split,1,0.6283488825173208,1,0.720899646064517
6792.json,stefani-carter,half-true,0,speaker_disjoint_split,0,0.4107260053470699,1,0.5171707368234049
7289.json,lloyd-doggett,half-true,0,speaker_disjoint_split,0,0.4581578036432891,1,0.5397508716585949
9733.json,michael-bloomberg,false,1,speaker_disjoint_split,0,0.07560350370905486,0,0.07081799352597362
12000.json,john-kasich,mostly-true,0,speaker_disjoint_split,0,0.2655487191145826,0,0.24705016911523836
5614.json,new-hampshire-republican-party,barely-true,1,speaker_disjoint_split,1,0.646441720429766,1,0.6914380054446543
12217.json,bernie-s,true,0,speaker_disjoint_split,1,0.6739263480945369,1,0.845955224558404
8389.json,jeanne-shaheen,true,0,speaker_disjoint_split,0,0.14712470114542833,0,0.15539708789469842
1609.json,charlie-crist,barely-true,1,speaker_disjoint_split,0,0.21465789835538454,0,0.3623799030028842
8274.json,ken-cuccinelli,half-true,0,speaker_disjoint_split,1,0.6574797461499231,0,0.46959772886953066
5233.json,scott-walker,mostly-true,0,speaker_disjoint_split,1,0.7211029023355312,1,0.7800872858278879
1663.json,john-mccain,pants-fire,1,speaker_disjoint_split,1,0.603388137631707,1,0.7338259511180093
7199.json,terry-russell,true,0,speaker_disjoint_split,0,0.2983074432430825,0,0.23463643096187842
9523.json,james-buchal,false,1,speaker_disjoint_split,0,0.3584871821921878,0,0.3509468079091287
11738.json,donald-trump,false,1,speaker_disjoint_split,1,0.5024503749890801,1,0.5573249882636786
1752.json,rush-limbaugh,false,1,speaker_disjoint_split,0,0.2617521679648028,0,0.26177348309768217
8143.json,ken-cuccinelli,false,1,speaker_disjoint_split,0,0.4894537547181144,0,0.4280590791844784
10589.json,julie-lassa,half-true,0,speaker_disjoint_split,0,0.08053051174789724,0,0.1845532991953792
4183.json,chip-rogers,true,0,speaker_disjoint_split,0,0.09844197517515292,0,0.17621627999207287
11148.json,jack-hanna,mostly-true,0,speaker_disjoint_split,0,0.24939221637150671,0,0.21757378323604284
6422.json,protect-your-vote-ohio-protect-your-vote-ohio,mostly-true,0,speaker_disjoint_split,1,0.5491312004918056,0,0.2830258220070461
4752.json,debbie-wasserman-schultz,mostly-true,0,speaker_disjoint_split,1,0.5123798717469285,1,0.5124546404418474
69.json,ron-paul,true,0,speaker_disjoint_split,0,0.4403823928138715,1,0.5316803068834344
6036.json,david-axelrod,half-true,0,speaker_disjoint_split,0,0.11254454373611941,0,0.21682900121529308
3725.json,silvestre-reyes,mostly-true,0,speaker_disjoint_split,0,0.07605956810087919,0,0.25012267138578276
8407.json,debbie-wasserman-schultz,barely-true,1,speaker_disjoint_split,1,0.5291186974689377,1,0.6101698205831028
12340.json,joe-biden,mostly-true,0,speaker_disjoint_split,1,0.6735179648513347,0,0.45862438760330826
6887.json,jon-husted,false,1,speaker_disjoint_split,1,0.5712467887261127,1,0.6523333459185164
11885.json,bernie-s,mostly-true,0,speaker_disjoint_split,0,0.374761524202293,1,0.5164708001100745
9904.json,national-republican-congressional-committee,half-true,0,speaker_disjoint_split,0,0.18533982941034405,0,0.36992409581242275
11609.json,carly-fiorina,false,1,speaker_disjoint_split,1,0.5825653777754359,0,0.4964403592939618
3834.json,debbie-wasserman-schultz,false,1,speaker_disjoint_split,1,0.5479174066119142,1,0.6415745814111374
7853.json,ken-cuccinelli,false,1,speaker_disjoint_split,0,0.22895426145167874,0,0.3855418684968997
10400.json,claire-suggs,mostly-true,0,speaker_disjoint_split,0,0.1127424923623043,0,0.231205393770659
2743.json,taxpayer-association-oregon,half-true,0,speaker_disjoint_split,1,0.538462023314263,0,0.46430484778932973
13076.json,john-fleming,false,1,speaker_disjoint_split,1,0.5654284420363482,1,0.6380783733096936
12241.json,bernie-s,half-true,0,speaker_disjoint_split,0,0.18081718870447006,0,0.26027924250784873
4678.json,joe-biden,half-true,0,speaker_disjoint_split,0,0.46699147120183565,0,0.25631143233488446
4000.json,nathan-deal,barely-true,1,speaker_disjoint_split,0,0.26435094089206546,0,0.24861594835257306
2148.json,jeb-hensarling,true,0,speaker_disjoint_split,0,0.170908708447865,0,0.14142655034174814
12300.json,david-jolly,true,0,speaker_disjoint_split,0,0.3577115633025349,1,0.5760003641878709
11274.json,jorge-ramos,half-true,0,speaker_disjoint_split,0,0.19792502735982728,0,0.1880512457461763
9829.json,mike-collier,true,0,speaker_disjoint_split,0,0.37479827039703334,0,0.3626333614215101
7294.json,scott-walker,pants-fire,1,speaker_disjoint_split,0,0.47080865087815277,1,0.6925715899377766
3238.json,scott-walker,false,1,speaker_disjoint_split,0,0.2466256476368408,0,0.3548452471256432
13120.json,donald-trump,half-true,0,speaker_disjoint_split,1,0.6184052435202568,1,0.700282437773633
6650.json,anthony-gemma,mostly-true,0,speaker_disjoint_split,0,0.25311904711627486,0,0.24904023508879566
1487.json,joe-biden,half-true,0,speaker_disjoint_split,0,0.14862757460920453,0,0.1216290715491614
6360.json,bernie-s,true,0,speaker_disjoint_split,0,0.25614768513396974,0,0.31113763243700127
12327.json,bernie-s,mostly-true,0,speaker_disjoint_split,1,0.524099243492531,0,0.42158007768822015
13162.json,arizonans-responsible-drug-policy,barely-true,1,speaker_disjoint_split,0,0.42455825001934255,1,0.5130092068914656
2172.json,republican-governors-association,half-true,0,speaker_disjoint_split,0,0.43515932779567806,1,0.531558207919281
5701.json,republican-governors-association,half-true,0,speaker_disjoint_split,0,0.3279383605739718,0,0.35519419757040527
4038.json,robert-brown,false,1,speaker_disjoint_split,0,0.10257404125968857,0,0.19844754363064704
1761.json,progress-florida,true,0,speaker_disjoint_split,0,0.48795276322558856,0,0.4299773602380405
2588.json,christine-odonnell,mostly-true,0,speaker_disjoint_split,0,0.4341998208800457,0,0.1894352049536973
12934.json,donald-trump,barely-true,1,speaker_disjoint_split,0,0.305058628035108,1,0.5007382960207586
7159.json,jeanne-shaheen,barely-true,1,speaker_disjoint_split,1,0.5954127048891559,1,0.6412581135794928
1851.json,votevetsorg,half-true,0,speaker_disjoint_split,1,0.7570198944897544,1,0.7491756788221173
7464.json,trey-martinez-fischer,half-true,0,speaker_disjoint_split,0,0.3015821116533021,0,0.24595221309630338
13493.json,donald-trump,pants-fire,1,speaker_disjoint_split,1,0.5932783448634871,1,0.7563397079061349
13332.json,donald-trump,half-true,0,speaker_disjoint_split,0,0.4041211772870703,1,0.5223954984170779
11783.json,debbie-wasserman-schultz,false,1,speaker_disjoint_split,1,0.5661439446879238,1,0.633112129646325
7977.json,debbie-wasserman-schultz,true,0,speaker_disjoint_split,0,0.1880341584448758,0,0.30602542329801924
10211.json,scott-walker,true,0,speaker_disjoint_split,0,0.09871329695529053,0,0.12372689870363986
5687.json,scott-walker,false,1,speaker_disjoint_split,1,0.6821023352475771,1,0.7455598548496432
13232.json,donald-trump,false,1,speaker_disjoint_split,1,0.5418638305828344,1,0.6035114182510771
6904.json,joe-biden,barely-true,1,speaker_disjoint_split,1,0.5192326050469597,1,0.5414333497779895
9325.json,karl-rove,false,1,speaker_disjoint_split,0,0.3626495100417424,0,0.48405408973205827
4736.json,taxpayer-association-oregon,false,1,speaker_disjoint_split,1,0.5356386495590285,0,0.343714836268265
9830.json,john-mccain,mostly-true,0,speaker_disjoint_split,0,0.30484996637649,0,0.4905175913174507
9078.json,jim-moore,true,0,speaker_disjoint_split,0,0.4457310131169377,1,0.5023494475415686
8738.json,rush-limbaugh,pants-fire,1,speaker_disjoint_split,1,0.886815920527402,1,0.7689019662074553
4419.json,michael-bloomberg,true,0,speaker_disjoint_split,0,0.3041828934938137,0,0.12783943751633553
11293.json,donald-trump,mostly-true,0,speaker_disjoint_split,1,0.5824276755348486,0,0.4713943547727932
12467.json,nfederation-o-independent-business-virginia,half-true,0,speaker_disjoint_split,0,0.25977848012089405,0,0.19576572225861186
2084.json,joe-biden,barely-true,1,speaker_disjoint_split,1,0.662300511294228,0,0.4204348477688576
6968.json,david-cicilline,true,0,speaker_disjoint_split,0,0.43833349803534194,0,0.3139468768252078
13365.json,donald-trump,half-true,0,speaker_disjoint_split,0,0.2657221431513769,0,0.3274341364241526
9392.json,jeff-merkley,half-true,0,speaker_disjoint_split,1,0.6583943664970073,1,0.6236374893910882
8280.json,blog-posting,pants-fire,1,speaker_disjoint_split,0,0.37114682243180863,1,0.721608237731372
8424.json,ken-cuccinelli,false,1,speaker_disjoint_split,1,0.5036700620078677,0,0.33434230058534065
2219.json,bob-gibbs,pants-fire,1,speaker_disjoint_split,0,0.48372803417520926,1,0.5433115291212308
10096.json,nathan-deal,false,1,speaker_disjoint_split,1,0.6032135967733275,0,0.4451007875185915
6148.json,david-cicilline,barely-true,1,speaker_disjoint_split,0,0.31946867899624737,0,0.1287905226543336
7681.json,carlos-gimenez,false,1,speaker_disjoint_split,0,0.37101333438399575,0,0.32693435203268
8537.json,steve-israel,true,0,speaker_disjoint_split,1,0.6265814399900395,1,0.7688701772472069
12175.json,donald-trump,half-true,0,speaker_disjoint_split,1,0.5342713651883998,0,0.49883193938334913
9529.json,gilberto-hinojosa,false,1,speaker_disjoint_split,1,0.5899532726250531,1,0.6067923282681167
13140.json,afscme-people,mostly-true,0,speaker_disjoint_split,0,0.3504450551451011,0,0.4080220248033082
13337.json,donald-trump,false,1,speaker_disjoint_split,0,0.20281195020630688,0,0.22314579717997862
4849.json,susan-combs,false,1,speaker_disjoint_split,0,0.25825570354224653,0,0.4469837069534475
4725.json,john-kasich,pants-fire,1,speaker_disjoint_split,0,0.4288518738015938,1,0.522548187522924
9002.json,republican-governors-association,barely-true,1,speaker_disjoint_split,0,0.48929867127352794,0,0.4559405000127165
11114.json,scott-walker,mostly-true,0,speaker_disjoint_split,0,0.3064642393344983,0,0.4198302619190293
6790.json,carol-shea-porter,barely-true,1,speaker_disjoint_split,0,0.36432316559200695,0,0.3983336218674609
12831.json,james-woods,pants-fire,1,speaker_disjoint_split,1,0.7126789671790426,1,0.5457131837373412
509.json,john-mccain,true,0,speaker_disjoint_split,0,0.48285556597097096,0,0.2521342013583619
8237.json,dan-patrick,half-true,0,speaker_disjoint_split,0,0.44856536457684115,1,0.5853379399608912
3805.json,agenda-project,false,1,speaker_disjoint_split,0,0.4453766742847938,1,0.5166700761881358
11031.json,gus-bilirakis,mostly-true,0,speaker_disjoint_split,0,0.33188025772517843,0,0.252985798590035
10180.json,jeanne-shaheen,half-true,0,speaker_disjoint_split,1,0.5276246472625602,1,0.5726110850411539
3431.json,charles-reed,false,1,speaker_disjoint_split,0,0.4948498065758337,1,0.5736441224674677
4740.json,john-klenke,false,1,speaker_disjoint_split,0,0.2149757864939208,0,0.15946898029595602
7741.json,david-cicilline,true,0,speaker_disjoint_split,0,0.4578653121674985,1,0.5089045069715984
5115.json,ron-paul,half-true,0,speaker_disjoint_split,1,0.5517260120635014,1,0.518499255256801
473.json,john-mccain,mostly-true,0,speaker_disjoint_split,0,0.30397876224082365,0,0.1970467172857258
3893.json,janice-hahn,half-true,0,speaker_disjoint_split,0,0.4178732404187224,0,0.4895668190560073
398.json,campaign-defend-america,mostly-true,0,speaker_disjoint_split,0,0.40379290719570254,1,0.5693096976311621
4802.json,philip-keefe,false,1,speaker_disjoint_split,0,0.38778484527037027,1,0.5178723231076531
11355.json,jim-gilmore,true,0,speaker_disjoint_split,1,0.6458025309215125,0,0.42823630774319715
242.json,club-growth,half-true,0,speaker_disjoint_split,0,0.39020532068246744,0,0.49988152554892473
11306.json,club-growth,mostly-true,0,speaker_disjoint_split,1,0.5211549487533669,1,0.6112263231914343
8741.json,tom-coburn,barely-true,1,speaker_disjoint_split,1,0.5755322859854858,1,0.705163412533527
2663.json,citizens-lower-taxes-and-stronger-economy,pants-fire,1,speaker_disjoint_split,1,0.6049817945984837,0,0.415840145434791
8470.json,john-fleming,true,0,speaker_disjoint_split,1,0.5646058801997347,1,0.6141449789120267
10033.json,democratic-congressional-campaign-committee,pants-fire,1,speaker_disjoint_split,1,0.6413995346689935,0,0.4109084783522444
429.json,focus-family-action,true,0,speaker_disjoint_split,1,0.5126950271815052,1,0.7025680982890032
12271.json,bernie-s,mostly-true,0,speaker_disjoint_split,0,0.47916388544354577,0,0.4687330214958918
8439.json,maria-bartiromo,false,1,speaker_disjoint_split,1,0.5944678729713624,1,0.7021170784732683
8772.json,bill-post,pants-fire,1,speaker_disjoint_split,0,0.2746003504657225,1,0.6338625533949174
461.json,john-mccain,mostly-true,0,speaker_disjoint_split,0,0.3143674861472513,0,0.37146484747961156
7092.json,big-gamble-nj,mostly-true,0,speaker_disjoint_split,0,0.4515693279151057,0,0.41486336556248826
550.json,ralph-nader,barely-true,1,speaker_disjoint_split,0,0.4920925896784597,1,0.5501310264717839
11974.json,huey-rey-fischer,mostly-true,0,speaker_disjoint_split,0,0.3265471626507816,0,0.36816566112417276
13082.json,donald-trump,pants-fire,1,speaker_disjoint_split,1,0.6196917097963286,1,0.5441596678162541
8927.json,national-republican-congressional-committee,barely-true,1,speaker_disjoint_split,1,0.8184408009071013,1,0.6839957765896079
13003.json,james-woods,true,0,speaker_disjoint_split,0,0.22530436583272848,0,0.1353993362876914
7635.json,eva-marie-mancuso,half-true,0,speaker_disjoint_split,0,0.42874606971576423,0,0.38306509749746365
5831.json,saxby-chambliss,true,0,speaker_disjoint_split,1,0.6188189583979209,0,0.45223939458330437
3376.json,scott-walker,mostly-true,0,speaker_disjoint_split,1,0.6350626279132198,1,0.6970848427089924
12932.json,joe-biden,barely-true,1,speaker_disjoint_split,0,0.2112051830590073,0,0.24874528484290975
6390.json,jeff-fitzgerald,mostly-true,0,speaker_disjoint_split,0,0.2852509577570502,0,0.3481778360416516
4001.json,david-cicilline,pants-fire,1,speaker_disjoint_split,0,0.2993328087669986,0,0.2390969282094547
12399.json,bernie-s,half-true,0,speaker_disjoint_split,0,0.30236189755696546,0,0.40734598595094423
8598.json,lloyd-doggett,mostly-true,0,speaker_disjoint_split,0,0.2028231097636617,0,0.16205160913398894
5016.json,national-republican-congressional-committee,barely-true,1,speaker_disjoint_split,1,0.5263349123128979,0,0.3956656495843064
4488.json,gary-johnson,half-true,0,speaker_disjoint_split,0,0.18477275166077528,0,0.06853450301491075
9789.json,blog-posting,pants-fire,1,speaker_disjoint_split,1,0.6454761148589239,1,0.6924672277365432
12304.json,donald-trump,false,1,speaker_disjoint_split,1,0.5119990118425434,1,0.6014456856601229
11491.json,peter-kinder,true,0,speaker_disjoint_split,1,0.603161451679878,0,0.4792606296506975
13345.json,nathan-deal,mostly-true,0,speaker_disjoint_split,0,0.4285203120013408,0,0.34503360574657604
933.json,michael-steele,pants-fire,1,speaker_disjoint_split,0,0.4571692829212281,0,0.4771183872711742
3001.json,dekalb-county,barely-true,1,speaker_disjoint_split,1,0.5480774968790898,0,0.1928244831335256
4581.json,jose-rodriguez,barely-true,1,speaker_disjoint_split,0,0.26088487243322284,0,0.19150601563179914
12510.json,scott-walker,half-true,0,speaker_disjoint_split,0,0.3461731851438406,0,0.4596791940861005
5063.json,ron-paul,false,1,speaker_disjoint_split,0,0.46733168111933004,1,0.5688543361486086
10961.json,donald-trump,false,1,speaker_disjoint_split,1,0.6251528350347351,1,0.6351988236188314
11870.json,donald-trump,false,1,speaker_disjoint_split,0,0.12594000942272945,0,0.20542725736767367
1563.json,hank-gilbert,barely-true,1,speaker_disjoint_split,1,0.6385261062992599,1,0.5220458129965496
5022.json,restore-our-future,half-true,0,speaker_disjoint_split,0,0.3638480493564055,0,0.30272089347763825
10090.json,glenn-beck,half-true,0,speaker_disjoint_split,1,0.7457562447822258,1,0.7227570636098078
1608.json,todd-tiahrt,half-true,0,speaker_disjoint_split,1,0.7208806364096936,1,0.797298055853914
10440.json,nathan-deal,true,0,speaker_disjoint_split,0,0.21065836631198503,0,0.11920616726077325
7198.json,steve-lonegan,barely-true,1,speaker_disjoint_split,0,0.41546230618229674,0,0.3798239893718005
1153.json,dick-armey,half-true,0,speaker_disjoint_split,0,0.39357659732508754,1,0.5775351580612613
11161.json,scott-walker,true,0,speaker_disjoint_split,0,0.25400836740656474,0,0.4505122741085654
6923.json,mary-nolan,true,0,speaker_disjoint_split,0,0.3440608673134806,1,0.5244400943229516
3661.json,joanne-kloppenburg,barely-true,1,speaker_disjoint_split,1,0.5208649881793294,0,0.43794131146695187
3978.json,national-republican-congressional-committee,false,1,speaker_disjoint_split,1,0.5114682120547503,1,0.5408407590180503
3901.json,armond-budish,mostly-true,0,speaker_disjoint_split,0,0.1820886404899056,0,0.27719955831026666
4483.json,ron-paul,pants-fire,1,speaker_disjoint_split,1,0.64270264106419,1,0.606963220713349
3819.json,tim-kaine,half-true,0,speaker_disjoint_split,1,0.7386507217816713,1,0.6687209376088902
5139.json,club-growth,mostly-true,0,speaker_disjoint_split,1,0.7744756044679008,1,0.7266695086799602
8972.json,andy-brown,mostly-true,0,speaker_disjoint_split,0,0.11736228898129135,0,0.21917877280093728
6240.json,john-robitaille,half-true,0,speaker_disjoint_split,0,0.24332110837600834,0,0.21853713384694856
12207.json,hilary-treadwell,pants-fire,1,speaker_disjoint_split,0,0.25393276494005007,1,0.5494667956351145
2678.json,charlie-crist,true,0,speaker_disjoint_split,0,0.3429060533945215,0,0.33640334997344307
8582.json,david-axelrod,mostly-true,0,speaker_disjoint_split,0,0.3833835620084567,0,0.47317081336356237
1636.json,charlie-crist,false,1,speaker_disjoint_split,1,0.534751559775446,0,0.41060898966421866
2870.json,joe-barton,barely-true,1,speaker_disjoint_split,0,0.3564947669963152,0,0.38833607350857313
34.json,john-mccain,mostly-true,0,speaker_disjoint_split,0,0.30931650019924545,1,0.5291981831154777
12949.json,donald-trump,barely-true,1,speaker_disjoint_split,1,0.5918373020439653,1,0.7202326098296892
13092.json,charlie-crist,true,0,speaker_disjoint_split,0,0.18860316599768545,0,0.14890058452106536
12902.json,dana-wachs,true,0,speaker_disjoint_split,1,0.611597611210261,1,0.5808853576239031
9724.json,james-woods,false,1,speaker_disjoint_split,0,0.467850107900499,1,0.5574070498208916
161.json,john-mccain,half-true,0,speaker_disjoint_split,1,0.5295856703194294,0,0.23712532530675615
7306.json,nathan-deal,true,0,speaker_disjoint_split,0,0.24932682626999073,0,0.17807248750704127
11316.json,carly-fiorina,barely-true,1,speaker_disjoint_split,1,0.7386351270244319,1,0.7859400523996827
2056.json,david-cicilline,false,1,speaker_disjoint_split,0,0.3787840901816388,0,0.28772252415052246
12740.json,donald-trump,false,1,speaker_disjoint_split,1,0.6834206517540685,1,0.7346521230238241
11480.json,donald-trump,half-true,0,speaker_disjoint_split,1,0.596061132810875,1,0.5162087765616241
10110.json,bill-oreilly,mostly-true,0,speaker_disjoint_split,1,0.5803634401119324,1,0.5134346808401606
9816.json,don-beyer,mostly-true,0,speaker_disjoint_split,0,0.3847916203831979,0,0.32860489593369296
13194.json,citizens-michael-mcauliffe-and-house-republican-or,barely-true,1,speaker_disjoint_split,1,0.538317452792358,0,0.4825857072948602
4263.json,ron-paul,false,1,speaker_disjoint_split,1,0.5392553015392431,1,0.6091859067492659
11178.json,john-kasich,mostly-true,0,speaker_disjoint_split,0,0.44770907287948974,1,0.5276572316780763
7515.json,joseph-levy,barely-true,1,speaker_disjoint_split,1,0.5817774795584797,1,0.5796546933113418
12861.json,donald-trump,pants-fire,1,speaker_disjoint_split,0,0.2637010350317895,1,0.5069592754800791
11199.json,state-democratic-party-wisconsin,mostly-true,0,speaker_disjoint_split,1,0.5562098138584808,1,0.6708595640897205
4786.json,state-democratic-party-wisconsin,false,1,speaker_disjoint_split,1,0.6272642060769307,1,0.6856614224144273
7719.json,republican-governors-association,pants-fire,1,speaker_disjoint_split,1,0.6491248553012725,1,0.6454900620500081
3915.json,roberto-dasilva,barely-true,1,speaker_disjoint_split,0,0.22445435485026144,0,0.42058036779931207
10277.json,bill-oreilly,barely-true,1,speaker_disjoint_split,0,0.31439855029910585,0,0.24063773360166804
10452.json,debbie-wasserman-schultz,barely-true,1,speaker_disjoint_split,0,0.4498962385426275,1,0.5107112145137708
8780.json,rhode-island-senate,mostly-true,0,speaker_disjoint_split,1,0.636028235860643,1,0.5278582798308072
6145.json,pat-kreitlow,pants-fire,1,speaker_disjoint_split,1,0.8192272325422514,1,0.7544735979298544
7948.json,blog-posting,pants-fire,1,speaker_disjoint_split,0,0.398967351744298,1,0.5644810463417672
12235.json,donald-trump,false,1,speaker_disjoint_split,0,0.3585186606878021,1,0.5562544946139368
970.json,cynthia-lummis,pants-fire,1,speaker_disjoint_split,1,0.5977752892986821,1,0.6177040821132262
11466.json,emanuel-cleaver,barely-true,1,speaker_disjoint_split,0,0.31197053008436754,0,0.45033531536119853
1471.json,bill-oreilly,true,0,speaker_disjoint_split,0,0.2793491620766976,0,0.4652641241439282
5397.json,richard-morrison,half-true,0,speaker_disjoint_split,1,0.5104901673400996,0,0.25376313388214444
10938.json,bernie-s,mostly-true,0,speaker_disjoint_split,0,0.3199987445113178,0,0.40861106739693703
12701.json,tim-kaine,barely-true,1,speaker_disjoint_split,0,0.423259663814895,0,0.45881564893210985
13015.json,gary-johnson,mostly-true,0,speaker_disjoint_split,0,0.3730187240233468,0,0.3489362641372091
2062.json,david-axelrod,half-true,0,speaker_disjoint_split,1,0.5035965047011658,1,0.5027740305961155
409.json,bill-clinton,true,0,speaker_disjoint_split,0,0.3680086299350546,0,0.4254532188543801
12776.json,state-democratic-party-wisconsin,half-true,0,speaker_disjoint_split,1,0.5335448972179072,0,0.3364805651911061
11188.json,donald-trump,half-true,0,speaker_disjoint_split,0,0.30945307639637826,0,0.4057092361895873
8722.json,neera-tanden,true,0,speaker_disjoint_split,0,0.4948347241150674,0,0.4040070078438901
10075.json,no-tax-tracks,half-true,0,speaker_disjoint_split,1,0.7349203168105678,0,0.4988691462867536
4167.json,wisconsin-family-action,true,0,speaker_disjoint_split,1,0.5980422977187083,0,0.47338509184025074
6287.json,club-growth,barely-true,1,speaker_disjoint_split,0,0.4588232038317588,0,0.4335847368184901
10505.json,rush-limbaugh,barely-true,1,speaker_disjoint_split,0,0.33035166271331834,0,0.34861309619866016
3698.json,blog-posting,half-true,0,speaker_disjoint_split,0,0.3792437315238925,1,0.7873499135261272
782.json,john-mccain,half-true,0,speaker_disjoint_split,1,0.5844185540694975,0,0.4715000450916867
10138.json,nathan-deal,barely-true,1,speaker_disjoint_split,0,0.19875438181270622,0,0.2753922451487187
2622.json,charlie-crist,false,1,speaker_disjoint_split,1,0.6077113081247572,1,0.6882601310259902
2017.json,john-mccain,mostly-true,0,speaker_disjoint_split,0,0.48980482729906055,1,0.5084964876953386
4061.json,bill-kristol,mostly-true,0,speaker_disjoint_split,0,0.23005817001021928,0,0.43921755981423277
12883.json,debbie-wasserman-schultz,barely-true,1,speaker_disjoint_split,0,0.4193208361123253,0,0.4500722698980758
5708.json,gary-black,mostly-true,0,speaker_disjoint_split,1,0.6094018098319304,1,0.6843315795926023
9929.json,blog-posting,half-true,0,speaker_disjoint_split,0,0.40009851928877455,1,0.7614724677219311
10062.json,john-mccain,false,1,speaker_disjoint_split,1,0.7342934015708036,1,0.7875598386102349
6108.json,marsha-blackburn,barely-true,1,speaker_disjoint_split,1,0.6455972613823855,1,0.6903152698140793
11500.json,ben-carson,false,1,speaker_disjoint_split,1,0.5471630879939346,0,0.49748422059039304
6642.json,bill-clinton,half-true,0,speaker_disjoint_split,0,0.4115761768570625,0,0.3216503512119348
5.json,bill-richardson,mostly-true,0,speaker_disjoint_split,0,0.2522510370382732,0,0.16629566074162463
1541.json,charlie-crist,false,1,speaker_disjoint_split,0,0.4572224533815355,0,0.30812107783129133
7911.json,saxby-chambliss,pants-fire,1,speaker_disjoint_split,0,0.4047354827268361,0,0.32344815757721124
367.json,john-mccain,pants-fire,1,speaker_disjoint_split,1,0.7820346096132461,1,0.6961244365794127
4082.json,jim-whelan,half-true,0,speaker_disjoint_split,1,0.5675367819088878,0,0.3665828861500455
6952.json,linda-mcmahon,false,1,speaker_disjoint_split,1,0.7032172395643413,1,0.602134878488938
2180.json,randy-neugebauer,pants-fire,1,speaker_disjoint_split,0,0.47517417269581236,1,0.6272473916656929
7138.json,saxby-chambliss,true,0,speaker_disjoint_split,1,0.6613344303999058,1,0.5582422469401627
6677.json,kal-penn,mostly-true,0,speaker_disjoint_split,1,0.5991426936052177,1,0.6062799761884909
2595.json,christine-odonnell,pants-fire,1,speaker_disjoint_split,1,0.7407085816510519,1,0.7935202970263072
1351.json,glenn-beck,false,1,speaker_disjoint_split,1,0.715358820262213,1,0.5645133464920107
9847.json,burger-king,half-true,0,speaker_disjoint_split,1,0.7121688346722986,1,0.6706847340926617
12551.json,bernie-s,mostly-true,0,speaker_disjoint_split,1,0.6972241668053423,1,0.6196706148095628
9175.json,republican-party-florida,true,0,speaker_disjoint_split,0,0.46826047072250415,0,0.2942104265276473
1278.json,charlie-crist,false,1,speaker_disjoint_split,0,0.31100613436614055,0,0.2373825006741139
9634.json,kate-obenshain,barely-true,1,speaker_disjoint_split,0,0.4099195977817329,1,0.5697205441189234
12200.json,donald-trump,half-true,0,speaker_disjoint_split,1,0.6135470394340522,0,0.4517122990419777
8098.json,david-cicilline,true,0,speaker_disjoint_split,0,0.3991204889512246,0,0.402547937223751
9689.json,charlie-crist,mostly-true,0,speaker_disjoint_split,0,0.44254335653924276,0,0.35223447002589336
5797.json,mary-nolan,half-true,0,speaker_disjoint_split,0,0.4953955144426389,1,0.6695078112287197
10588.json,doug-collins,mostly-true,0,speaker_disjoint_split,0,0.4637400510436815,0,0.4308759751771606
4225.json,jon-husted,mostly-true,0,speaker_disjoint_split,1,0.6033271139033418,0,0.44363040241111634
579.json,john-mccain,mostly-true,0,speaker_disjoint_split,0,0.43892012534552716,1,0.5933993853702759
1661.json,silvestre-reyes,pants-fire,1,speaker_disjoint_split,0,0.47295320592019036,0,0.30164186137828464
5442.json,jon-husted,half-true,0,speaker_disjoint_split,1,0.7329796133223886,1,0.6035845544820455
6028.json,memphis-police-association,false,1,speaker_disjoint_split,1,0.6967385749627261,1,0.5496449462356322
5294.json,nathan-deal,true,0,speaker_disjoint_split,1,0.5111447140273153,0,0.3958708902816343
3972.json,nina-perales,mostly-true,0,speaker_disjoint_split,0,0.46902898146709987,0,0.47115377071785697
1348.json,keith-olbermann,half-true,0,speaker_disjoint_split,1,0.5768541664975542,1,0.5878304851486217
1740.json,keith-olbermann,half-true,0,speaker_disjoint_split,1,0.6854787848864409,1,0.6676419744819715
10851.json,akbar-al-baker,barely-true,1,speaker_disjoint_split,0,0.23432783480283767,0,0.3517161383500245
13250.json,pat-mccrory,barely-true,1,speaker_disjoint_split,1,0.6583883145456525,0,0.4959355786634117
10926.json,blog-posting,mostly-true,0,speaker_disjoint_split,1,0.7878824935693424,1,0.73219431742061
11097.json,atlanta-neighborhood-association,true,0,speaker_disjoint_split,1,0.5237086640808394,0,0.25242254616097914
9278.json,tom-corbett,barely-true,1,speaker_disjoint_split,0,0.470879878442631,1,0.6542128928829067
5001.json,tim-kaine,false,1,speaker_disjoint_split,1,0.5585215958144026,1,0.6393483897992229
11454.json,ben-carson,false,1,speaker_disjoint_split,1,0.7446606562991809,1,0.7465720552522191
3765.json,jay-goyal,barely-true,1,speaker_disjoint_split,0,0.3192023812198363,0,0.23356006295865692
11231.json,donald-trump,half-true,0,speaker_disjoint_split,1,0.5084283861854799,1,0.658622142583252
11130.json,scott-walker,false,1,speaker_disjoint_split,0,0.4710339151816423,0,0.4198792534403551
13104.json,tom-nelson,half-true,0,speaker_disjoint_split,1,0.6399836706219496,1,0.8018166235510754
9618.json,mark-begich,mostly-true,0,speaker_disjoint_split,0,0.40663987640044075,0,0.4110996118795403
11921.json,bernie-s,mostly-true,0,speaker_disjoint_split,0,0.21784926853657655,0,0.2133894986812018
10980.json,bill-clinton,half-true,0,speaker_disjoint_split,1,0.754538324018339,1,0.5912066579991607
13325.json,tim-kaine,mostly-true,0,speaker_disjoint_split,0,0.31189976960001553,1,0.5130285728735432
12583.json,david-miliband,true,0,speaker_disjoint_split,0,0.4789583835503508,1,0.5185450568120404
307.json,john-mccain,half-true,0,speaker_disjoint_split,1,0.5126273805076919,0,0.3178797198785158
11387.json,scott-walker,mostly-true,0,speaker_disjoint_split,0,0.2945960371446279,0,0.39265369875456657
10652.json,jerry-falwell,true,0,speaker_disjoint_split,0,0.3093584175898646,0,0.41112566332944067
4110.json,gary-johnson,half-true,0,speaker_disjoint_split,0,0.15581450430569896,0,0.12464431874236924
7856.json,karl-rove,mostly-true,0,speaker_disjoint_split,0,0.30622772038784213,0,0.47709830388658203
8106.json,kari-chisholm,false,1,speaker_disjoint_split,1,0.5923211345952862,0,0.4981453695283906
13021.json,donald-trump,false,1,speaker_disjoint_split,1,0.5014730272210901,1,0.5194573208756232
12150.json,donald-trump,false,1,speaker_disjoint_split,1,0.5480607399200409,0,0.4311339006936882
9414.json,democratic-congressional-campaign-committee,false,1,speaker_disjoint_split,1,0.5209772576908405,0,0.45576966824585813
434.json,focus-family-action,false,1,speaker_disjoint_split,1,0.6306336339793057,0,0.47331836698004853
7585.json,dennis-richardson,mostly-true,0,speaker_disjoint_split,0,0.451892846446504,0,0.4003514977332617
8377.json,dan-patrick,false,1,speaker_disjoint_split,1,0.7365442785165498,1,0.7149115740020695
8962.json,bill-kristol,false,1,speaker_disjoint_split,1,0.6308334152378039,0,0.4624409731652935
7551.json,john-kasich,true,0,speaker_disjoint_split,0,0.22024575396331275,0,0.25198832887876094
9268.json,dan-patrick,half-true,0,speaker_disjoint_split,1,0.7383155770587287,1,0.7068580624002069
543.json,john-mccain,mostly-true,0,speaker_disjoint_split,0,0.31697817788084415,0,0.3469506366118413
10134.json,charlie-crist,false,1,speaker_disjoint_split,1,0.559442690847322,0,0.32595012632541226
6667.json,joe-biden,mostly-true,0,speaker_disjoint_split,0,0.335690978863517,0,0.2768967658403838
11143.json,rush-limbaugh,pants-fire,1,speaker_disjoint_split,1,0.6135254960361777,0,0.434688586555942
2512.json,we-love-usa-pac,false,1,speaker_disjoint_split,1,0.741503060093022,1,0.7544941259940671
11396.json,debbie-wasserman-schultz,half-true,0,speaker_disjoint_split,0,0.2539288989194084,0,0.17849777330971825
690.json,john-mccain,true,0,speaker_disjoint_split,1,0.5637390984061994,0,0.3130876867101743
11819.json,ben-carson,barely-true,1,speaker_disjoint_split,0,0.38657901460918603,0,0.46154516490122854
4808.json,john-stemberger,barely-true,1,speaker_disjoint_split,0,0.24656260488756757,0,0.053805641708793685
7615.json,b-heath-mitchell,half-true,0,speaker_disjoint_split,0,0.3642277765340377,0,0.43601858785120123
6066.json,lamar-alexander,half-true,0,speaker_disjoint_split,1,0.6738412507320981,1,0.6162832094551759
11868.json,donald-trump,barely-true,1,speaker_disjoint_split,1,0.5114778920772706,1,0.6221829422716232
4913.json,jon-huntsman,barely-true,1,speaker_disjoint_split,1,0.5989356265657738,0,0.3253438232649403
10027.json,gloria-steinem,true,0,speaker_disjoint_split,0,0.37806845364878455,0,0.49695227116429636
8535.json,jay-leno,barely-true,1,speaker_disjoint_split,0,0.47368967348914054,1,0.6949100716763255
10990.json,scott-walker,barely-true,1,speaker_disjoint_split,1,0.7483420926379536,1,0.7508041697407613
3635.json,nathan-deal,half-true,0,speaker_disjoint_split,0,0.30971999723267457,0,0.2001693312839955
12013.json,bill-clinton,half-true,0,speaker_disjoint_split,0,0.10834311104505931,0,0.20077440571909358
6856.json,joe-biden,barely-true,1,speaker_disjoint_split,0,0.34269958050974325,0,0.28119691143408443
13079.json,donald-trump,false,1,speaker_disjoint_split,1,0.7088079774771648,1,0.6573253282829565
10428.json,gsu-alumni-association,true,0,speaker_disjoint_split,0,0.259460346423973,0,0.1568253657725595
3019.json,lloyd-doggett,mostly-true,0,speaker_disjoint_split,0,0.17637127299372105,0,0.2982206691075147
6666.json,bill-clinton,mostly-true,0,speaker_disjoint_split,0,0.40336421180584575,0,0.30851036783295077
6143.json,nathan-deal,barely-true,1,speaker_disjoint_split,0,0.20162395721702003,0,0.17570302119324527
6960.json,ohio-republican-party,half-true,0,speaker_disjoint_split,1,0.5120262668542852,1,0.6838247442484293
597.json,votevetsorg,false,1,speaker_disjoint_split,0,0.4544890451032997,0,0.4274228567638755
11727.json,will-kraus,half-true,0,speaker_disjoint_split,0,0.15669467308494392,0,0.21922830335325577
7192.json,larry-kilgore,false,1,speaker_disjoint_split,0,0.14080795093095777,0,0.16306617000439258
5595.json,bill-pascrell,false,1,speaker_disjoint_split,0,0.2660977762164217,0,0.16943128655623316
1197.json,lamar-alexander,false,1,speaker_disjoint_split,0,0.3779683234246028,1,0.5482201858372598
13115.json,donald-trump,false,1,speaker_disjoint_split,1,0.5176053964646716,1,0.6061016328047494
6021.json,scott-walker,mostly-true,0,speaker_disjoint_split,0,0.24017797584492054,0,0.32818703817187145
5879.json,national-republican-congressional-committee,pants-fire,1,speaker_disjoint_split,1,0.5512553690956675,1,0.5138051211224678
1110.json,bill-pascrell,mostly-true,0,speaker_disjoint_split,0,0.24546116392678435,0,0.3761628321310155
1258.json,glenn-beck,barely-true,1,speaker_disjoint_split,1,0.5011125482059472,1,0.614460691019462
7213.json,scott-walker,true,0,speaker_disjoint_split,0,0.3471426409495163,0,0.4062834071209576
7760.json,tom-coburn,false,1,speaker_disjoint_split,0,0.44907414971286946,0,0.4327409000112146
7370.json,jeff-merkley,true,0,speaker_disjoint_split,0,0.18878037268145254,0,0.20602726098027008
2064.json,nathan-deal,half-true,0,speaker_disjoint_split,0,0.34631722777972757,0,0.21259552915964788
13391.json,austin-board-realtors-pac,false,1,speaker_disjoint_split,0,0.4731068715481125,0,0.489407071637518
9621.json,glenn-beck,half-true,0,speaker_disjoint_split,1,0.5014438366012431,0,0.4493101918235861
11572.json,megyn-kelly,half-true,0,speaker_disjoint_split,0,0.3646205767563513,1,0.5118805017126532
8671.json,eugene-yu,mostly-true,0,speaker_disjoint_split,0,0.3917040438633962,0,0.4861651121135513
8203.json,scott-walker,half-true,0,speaker_disjoint_split,0,0.4689051455714065,1,0.6673202067690741
4727.json,corey-stewart,false,1,speaker_disjoint_split,1,0.5957296508539529,1,0.7267268249814645
5916.json,samuel-wurzelbacher,pants-fire,1,speaker_disjoint_split,1,0.6519786456860712,1,0.8162433200013494
10010.json,republican-party-florida,half-true,0,speaker_disjoint_split,0,0.35884198597527556,0,0.3464727964552221
524.json,john-mccain,false,1,speaker_disjoint_split,1,0.594918331074286,1,0.5114843578568655
400.json,campaign-defend-america,false,1,speaker_disjoint_split,0,0.3267196520196086,1,0.5510335099214994
2535.json,charlie-crist,half-true,0,speaker_disjoint_split,1,0.5098521517625857,0,0.4151320956763268
12377.json,scott-walker,pants-fire,1,speaker_disjoint_split,0,0.28739309185089784,0,0.3514046991348479
3267.json,wesley-smith,half-true,0,speaker_disjoint_split,1,0.7122708414868381,1,0.6794651052578307
9750.json,libre-initiative,half-true,0,speaker_disjoint_split,0,0.14918077186869316,0,0.19784170044126703
593.json,john-mccain,barely-true,1,speaker_disjoint_split,0,0.4297414949011746,0,0.3604009149444738
7305.json,nathan-deal,true,0,speaker_disjoint_split,0,0.19924552962580247,0,0.07838221292716975
6581.json,anthony-gemma,false,1,speaker_disjoint_split,0,0.3849527387379883,0,0.38302713020874446
12707.json,mark-geist,barely-true,1,speaker_disjoint_split,1,0.5445182905432824,1,0.7436771759889653
10389.json,john-mccain,barely-true,1,speaker_disjoint_split,0,0.3073229404510182,0,0.2071133235569616
8787.json,nathan-deal,true,0,speaker_disjoint_split,0,0.3129778977029576,0,0.21162604546725913
11567.json,ben-carson,false,1,speaker_disjoint_split,1,0.6796981663553702,0,0.4828985588032981
7221.json,john-kasich,half-true,0,speaker_disjoint_split,0,0.4634713685339512,0,0.4875321980903072
3867.json,john-kasich,false,1,speaker_disjoint_split,0,0.2694170109616237,0,0.16879481700640614
2398.json,ron-klein,false,1,speaker_disjoint_split,1,0.6368956459652463,1,0.6495964988195926
12138.json,joanne-kloppenburg,mostly-true,0,speaker_disjoint_split,1,0.5731661068500258,1,0.5853652014538612
2472.json,bob-hackworth,false,1,speaker_disjoint_split,0,0.30792840566434604,0,0.37168428626601735
2938.json,organizing-america,half-true,0,speaker_disjoint_split,0,0.4880146731517558,0,0.4401056138307412
11514.json,donald-trump,false,1,speaker_disjoint_split,0,0.39405873433011357,1,0.5181252759809349
3033.json,pat-mullins,true,0,speaker_disjoint_split,1,0.620737195978782,1,0.6097100981195035
9660.json,charlie-crist,half-true,0,speaker_disjoint_split,0,0.4634755526394022,0,0.4095963218248916
1253.json,blog-posting,mostly-true,0,speaker_disjoint_split,1,0.7853845492254684,1,0.8556116847693965
13165.json,basil-seggos,false,1,speaker_disjoint_split,1,0.5598713763935833,0,0.3795431740002646
3874.json,charlotte-nash,barely-true,1,speaker_disjoint_split,0,0.19365002998572217,0,0.3597859917446242
13491.json,javier-m-gonzales,half-true,0,speaker_disjoint_split,0,0.3382025621383415,1,0.5807204290153516
9710.json,greta-van-susteren,false,1,speaker_disjoint_split,0,0.43965891615289826,1,0.6034561438630636
2480.json,david-axelrod,half-true,0,speaker_disjoint_split,0,0.2970918518560672,0,0.4621488585929067
11331.json,scott-walker,half-true,0,speaker_disjoint_split,1,0.6256435642717116,1,0.5666009383330802
6476.json,aclu-florida,false,1,speaker_disjoint_split,0,0.33423590910176404,0,0.3784549342979022
7584.json,joe-barton,barely-true,1,speaker_disjoint_split,0,0.4014869181726128,0,0.4596314482628233
2207.json,john-mccain,half-true,0,speaker_disjoint_split,0,0.49503351162405057,1,0.5211518190118453
11470.json,centers-disease-control,mostly-true,0,speaker_disjoint_split,0,0.2041505104537054,0,0.42078559895827844
6651.json,david-cicilline,barely-true,1,speaker_disjoint_split,1,0.6454030200476324,1,0.5475382890753073
11155.json,scott-walker,half-true,0,speaker_disjoint_split,1,0.524336609102729,0,0.44229294961640786
9614.json,blog-posting,barely-true,1,speaker_disjoint_split,1,0.6196484420178046,1,0.7535384636823667
555.json,john-mccain,half-true,0,speaker_disjoint_split,0,0.46731724410534903,0,0.3731279765688164
10262.json,chuck-todd,true,0,speaker_disjoint_split,0,0.36931150714851896,1,0.5598271519592847
9288.json,nathan-deal,mostly-true,0,speaker_disjoint_split,0,0.258856837570828,0,0.1498151082576653
11253.json,donald-trump,false,1,speaker_disjoint_split,0,0.25817035085538054,0,0.33249769652969374
961.json,elijah-cummings,true,0,speaker_disjoint_split,0,0.3487745295397979,0,0.3368220901474559
11205.json,donald-trump,half-true,0,speaker_disjoint_split,0,0.33036519340566184,0,0.4224558399281703
13253.json,donald-trump,barely-true,1,speaker_disjoint_split,1,0.5411664423436557,1,0.6312683707121144
13462.json,donald-trump,false,1,speaker_disjoint_split,1,0.5406065614011527,1,0.6946772932810674
11515.json,donald-trump,barely-true,1,speaker_disjoint_split,0,0.42154612773250094,0,0.39999074454181965
7000.json,diane-hurley,true,0,speaker_disjoint_split,0,0.28052822932951293,0,0.13556755657220607
2282.json,anthony-gemma,mostly-true,0,speaker_disjoint_split,1,0.749489036960397,1,0.6938448640063226
503.json,john-mccain,true,0,speaker_disjoint_split,0,0.411564307979393,1,0.5927959958134242
10174.json,charlie-crist,half-true,0,speaker_disjoint_split,1,0.654932422036746,0,0.420549667971836
5979.json,corey-stewart,barely-true,1,speaker_disjoint_split,0,0.32458805709964234,1,0.512114854682732
10755.json,scott-walker,half-true,0,speaker_disjoint_split,0,0.15410102420349694,0,0.18243275025874606
6808.json,tim-kaine,mostly-true,0,speaker_disjoint_split,0,0.40039475173920885,0,0.3787282650560729
8659.json,blog-posting,pants-fire,1,speaker_disjoint_split,1,0.777807757180521,1,0.8876756949240593
8417.json,louie-gohmert,barely-true,1,speaker_disjoint_split,0,0.3482663678596243,0,0.3776934140552893
4758.json,state-democratic-party-wisconsin,barely-true,1,speaker_disjoint_split,1,0.574416666271769,1,0.6705030228288485
12198.json,blog-posting,false,1,speaker_disjoint_split,0,0.3810738700313392,1,0.6564796688148627
12843.json,joe-biden,false,1,speaker_disjoint_split,0,0.4918656660057001,0,0.3384831621726645
118.json,john-mccain,true,0,speaker_disjoint_split,0,0.4604621582602802,0,0.4471088527825963
1706.json,bill-clinton,barely-true,1,speaker_disjoint_split,0,0.3862179800749064,0,0.26865503089582354
12018.json,bernie-s,barely-true,1,speaker_disjoint_split,1,0.7386367593563904,1,0.5090816238303754
1646.json,cliff-stearns,half-true,0,speaker_disjoint_split,1,0.822650026043495,1,0.6091313282736021
3532.json,tim-kaine,half-true,0,speaker_disjoint_split,1,0.607714927458754,1,0.7334498087108263
3862.json,national-republican-congressional-committee,barely-true,1,speaker_disjoint_split,0,0.4639011333762319,0,0.41629178033927744
5064.json,democratic-congressional-campaign-committee,false,1,speaker_disjoint_split,1,0.5850821333607474,1,0.6164573628511981
13156.json,donald-trump,barely-true,1,speaker_disjoint_split,0,0.4543172699046461,1,0.553213720483159
11767.json,bernie-s,half-true,0,speaker_disjoint_split,1,0.7279185290393035,1,0.6601344229598435
2120.json,richard-cordray,half-true,0,speaker_disjoint_split,0,0.44647929464599384,1,0.642014238249488
13422.json,richard-burr,mostly-true,0,speaker_disjoint_split,0,0.43546875612405983,1,0.5311576405291623
10719.json,nathan-deal,half-true,0,speaker_disjoint_split,0,0.22437153283970965,0,0.149768141564853
12211.json,glenn-beck,true,0,speaker_disjoint_split,0,0.13088075947536132,0,0.4634560001629128
8796.json,nathan-deal,half-true,0,speaker_disjoint_split,0,0.12822249412273518,0,0.12993996522082338
12047.json,donald-trump,barely-true,1,speaker_disjoint_split,0,0.39781776639742644,0,0.4686157238100454
10194.json,bill-clinton,barely-true,1,speaker_disjoint_split,1,0.5442154522395968,0,0.31222195171818695
2941.json,blog-posting,false,1,speaker_disjoint_split,0,0.3342452280920478,1,0.6760780326217667
8751.json,scott-walker,false,1,speaker_disjoint_split,0,0.47772848130197776,0,0.4698010924244608
12554.json,donald-trump,false,1,speaker_disjoint_split,0,0.42694588583746396,0,0.33962971156566557
11962.json,donald-trump,pants-fire,1,speaker_disjoint_split,0,0.3525183297012873,0,0.4696547423769903
4895.json,david-axelrod,half-true,0,speaker_disjoint_split,1,0.5705737302256679,1,0.6755855168237201
12162.json,californians-lower-drug-prices,half-true,0,speaker_disjoint_split,0,0.18427587615676244,0,0.2402818130194559
3355.json,state-democratic-party-wisconsin,pants-fire,1,speaker_disjoint_split,1,0.6873586583603739,1,0.8816994303761874
9796.json,rush-limbaugh,false,1,speaker_disjoint_split,1,0.5720198638573392,1,0.664641861140741
1591.json,rush-limbaugh,pants-fire,1,speaker_disjoint_split,1,0.570752513300072,1,0.6106487085525807
13137.json,donald-trump,false,1,speaker_disjoint_split,1,0.6513281540264102,1,0.6800474211638179
8696.json,scott-walker,false,1,speaker_disjoint_split,1,0.5508599093011586,0,0.43124697833598324
13183.json,tim-kaine,half-true,0,speaker_disjoint_split,0,0.4969800919089456,1,0.5132799580453364
12317.json,amy-schumer,half-true,0,speaker_disjoint_split,0,0.3759662519650556,0,0.28617908548434323
11002.json,scott-walker,mostly-true,0,speaker_disjoint_split,0,0.4744702645582923,0,0.4409280948769739
10459.json,rhode-island-center-freedom-and-prosperity,barely-true,1,speaker_disjoint_split,0,0.1681826024305617,0,0.2719965154067441
3457.json,ann-coulter,barely-true,1,speaker_disjoint_split,1,0.7073728192035729,1,0.5969522435048098
7172.json,scott-walker,pants-fire,1,speaker_disjoint_split,0,0.36614373152658247,0,0.330271485511741
11247.json,donald-trump,false,1,speaker_disjoint_split,0,0.26162066087712016,0,0.23275318371442505
7248.json,national-republican-congressional-committee,true,0,speaker_disjoint_split,0,0.21943355405117698,0,0.1547341661705924
6670.json,cnsnews,false,1,speaker_disjoint_split,0,0.47135598406998686,0,0.45211332300387397
9982.json,jane-harman,false,1,speaker_disjoint_split,1,0.808118342178226,1,0.8434915493120466
6354.json,tim-kaine,mostly-true,0,speaker_disjoint_split,0,0.4874254910282455,0,0.4763730199859968
10369.json,chuck-todd,half-true,0,speaker_disjoint_split,0,0.3183521561858304,0,0.3121382035977924
7321.json,wayne-lapierre,half-true,0,speaker_disjoint_split,0,0.2669402999198859,0,0.2882615583625017
3797.json,amy-hanauer,true,0,speaker_disjoint_split,0,0.10574288988875119,0,0.07650676228297668
13459.json,pat-robertson,pants-fire,1,speaker_disjoint_split,1,0.6372740866069898,1,0.7383300204192584
12869.json,richard-burr,half-true,0,speaker_disjoint_split,1,0.6827556149733591,1,0.7197843964198574
2730.json,nathan-deal-and-roy-barnes,pants-fire,1,speaker_disjoint_split,1,0.590219811977394,0,0.40922353819477664
8416.json,gilberto-hinojosa,mostly-true,0,speaker_disjoint_split,0,0.4780655500930829,1,0.5017080125804542
10781.json,ben-carson,barely-true,1,speaker_disjoint_split,0,0.1950588695919304,0,0.14366238520997948
1079.json,rush-limbaugh,barely-true,1,speaker_disjoint_split,1,0.6578080037679672,1,0.5459428947536302
10876.json,glenn-beck,barely-true,1,speaker_disjoint_split,0,0.4874652851936181,0,0.44481126571280927
10778.json,nation-islam-research-group,pants-fire,1,speaker_disjoint_split,1,0.6339956395038826,1,0.6531107102403487
8479.json,scott-walker,barely-true,1,speaker_disjoint_split,0,0.4149792063495527,0,0.4996895359698515
3589.json,saxby-chambliss,half-true,0,speaker_disjoint_split,0,0.19031412533423958,0,0.1416393219452934
6065.json,jeff-fitzgerald,half-true,0,speaker_disjoint_split,0,0.4351616210759952,0,0.42922177481902857
4326.json,bob-ryan,mostly-true,0,speaker_disjoint_split,1,0.6340016938427872,1,0.6025460090832607
10701.json,bernie-s,mostly-true,0,speaker_disjoint_split,0,0.21442613361221505,0,0.25385225939174144
6382.json,national-republican-congressional-committee,false,1,speaker_disjoint_split,1,0.7293116459252325,1,0.6267368800640394
11927.json,gary-cobb,barely-true,1,speaker_disjoint_split,0,0.48975586427641093,1,0.6047798130180809
10615.json,scott-walker,half-true,0,speaker_disjoint_split,1,0.6292886904159724,1,0.6458418513413636
2295.json,nathan-deal,true,0,speaker_disjoint_split,1,0.814031943527354,1,0.7536669495583556
417.json,john-mccain,false,1,speaker_disjoint_split,1,0.6072648882881032,1,0.5849604771580403
6286.json,rush-limbaugh,pants-fire,1,speaker_disjoint_split,1,0.7349007215940144,1,0.6848714583266231
6151.json,lamar-alexander,true,0,speaker_disjoint_split,0,0.24355267366958194,0,0.34484440685361006
8108.json,dan-patrick,barely-true,1,speaker_disjoint_split,0,0.44554031883414313,0,0.4255864333685363
2801.json,allen-alley,mostly-true,0,speaker_disjoint_split,0,0.16594662207523433,0,0.2912261289691498
8075.json,louie-gohmert,barely-true,1,speaker_disjoint_split,0,0.4693783991354125,1,0.5404803779914981
3850.json,janet-napolitano,half-true,0,speaker_disjoint_split,0,0.17751542391391467,0,0.2895229363367695
8612.json,saxby-chambliss,half-true,0,speaker_disjoint_split,0,0.23715669139138154,0,0.36857852023737486
2395.json,john-kasich,half-true,0,speaker_disjoint_split,0,0.23902601839392423,0,0.300783849297119
11525.json,scott-walker,half-true,0,speaker_disjoint_split,1,0.5596559657030121,1,0.5877200848819907
11071.json,donald-trump,false,1,speaker_disjoint_split,1,0.6422474515128577,1,0.6963269729809759
1543.json,charlie-crist,barely-true,1,speaker_disjoint_split,0,0.3011905747037848,0,0.4235458628380132
10972.json,scott-walker,false,1,speaker_disjoint_split,1,0.5343437444051639,1,0.6798358135359573
11057.json,carly-fiorina,half-true,0,speaker_disjoint_split,0,0.418383493678135,0,0.305219636423167
11210.json,donald-trump,half-true,0,speaker_disjoint_split,1,0.5924124553313992,1,0.5639195187569676
6630.json,julian-castro,true,0,speaker_disjoint_split,0,0.24418533301399314,0,0.4682563631548703
9138.json,charlie-crist,mostly-true,0,speaker_disjoint_split,1,0.5699667065873684,0,0.3832887005240258
9406.json,claire-mccaskill,barely-true,1,speaker_disjoint_split,1,0.6976674774431427,1,0.5262861264259872
5011.json,restore-our-future,true,0,speaker_disjoint_split,0,0.45700059805451776,0,0.40387461950458753
11317.json,scott-walker,barely-true,1,speaker_disjoint_split,1,0.6422506577593224,1,0.5384494309697503
2703.json,nathan-deal,barely-true,1,speaker_disjoint_split,0,0.41247040491368364,0,0.39221379268040824
12193.json,new-day-america,false,1,speaker_disjoint_split,1,0.6521476267475668,1,0.5317393205392675
6635.json,joe-biden,half-true,0,speaker_disjoint_split,0,0.3201291761664704,0,0.24522995881158674
4276.json,jon-huntsman,mostly-true,0,speaker_disjoint_split,0,0.2258107670215333,0,0.48247308164698705
12759.json,donald-trump,pants-fire,1,speaker_disjoint_split,0,0.40799622214591036,0,0.4329604034935429
2345.json,kevin-boyce,pants-fire,1,speaker_disjoint_split,0,0.12412753842053824,0,0.14143433883771492
10070.json,donald-trump,pants-fire,1,speaker_disjoint_split,1,0.6488637246083829,1,0.5461081066269001
3837.json,sam-adams,false,1,speaker_disjoint_split,0,0.12270278115352799,0,0.1084945123963519
2396.json,julie-lassa,half-true,0,speaker_disjoint_split,1,0.6925149788019951,1,0.5984574621612185
7349.json,dan-becker,false,1,speaker_disjoint_split,1,0.649888345998233,1,0.5558366874597948
8228.json,debbie-wasserman-schultz,mostly-true,0,speaker_disjoint_split,1,0.6132818513785424,1,0.5092222632021236
7683.json,louie-gohmert,false,1,speaker_disjoint_split,0,0.3910539252801155,0,0.47192642655694844
10602.json,state-democratic-party-wisconsin,false,1,speaker_disjoint_split,1,0.8319554079617596,1,0.7934649097144253
2146.json,gordon-quan,half-true,0,speaker_disjoint_split,0,0.18420984725687847,0,0.377436952447111
1560.json,glenn-beck,true,0,speaker_disjoint_split,1,0.5765817970597598,0,0.4194501566829588
9885.json,charlie-crist,mostly-true,0,speaker_disjoint_split,0,0.21841669324049773,0,0.18853181667030094
9619.json,whoopi-goldberg,barely-true,1,speaker_disjoint_split,1,0.746636318014062,1,0.7217500991412437
8704.json,bill-kristol,mostly-true,0,speaker_disjoint_split,1,0.5174196425941221,1,0.7336094032306031
10840.json,donald-trump,half-true,0,speaker_disjoint_split,0,0.47273401057345615,0,0.4202293167884023
10989.json,ann-coulter,pants-fire,1,speaker_disjoint_split,1,0.6445750729742095,1,0.589557176624509
9987.json,charlie-crist,false,1,speaker_disjoint_split,1,0.516338838594337,1,0.5700126798128904
8643.json,scott-walker,false,1,speaker_disjoint_split,0,0.3620489257410041,0,0.4667867908405508
13234.json,donald-trump,mostly-true,0,speaker_disjoint_split,0,0.3943433227085977,0,0.33988327868276147
10317.json,matthew-cooke,barely-true,1,speaker_disjoint_split,0,0.09096843960695838,0,0.1690023904987832
12839.json,donald-trump,pants-fire,1,speaker_disjoint_split,0,0.3841203587197271,1,0.5286034495956669
6103.json,nathan-deal,false,1,speaker_disjoint_split,1,0.6503754832838848,1,0.6457619623927604
12988.json,donald-trump,mostly-true,0,speaker_disjoint_split,1,0.7029323271576764,1,0.5142734988616948
569.json,john-mccain,half-true,0,speaker_disjoint_split,1,0.6686526800625555,0,0.42327911676149815
6137.json,michael-chippendale,true,0,speaker_disjoint_split,0,0.3767048716482151,0,0.36070846990762445
13300.json,donald-trump,half-true,0,speaker_disjoint_split,1,0.6084516636557324,1,0.5197923739204589
13431.json,tim-kaine,true,0,speaker_disjoint_split,0,0.386220233225138,0,0.44669041733935066
1587.json,citizens-lower-taxes-and-stronger-economy,half-true,0,speaker_disjoint_split,0,0.43203220983382695,0,0.3616680667076811
9297.json,madison-action-fund,pants-fire,1,speaker_disjoint_split,1,0.6256416799653363,0,0.3068487894613971
12955.json,club-growth,half-true,0,speaker_disjoint_split,1,0.6730401340886482,1,0.617429192528099
8943.json,brad-avakian,mostly-true,0,speaker_disjoint_split,0,0.3729676192837384,0,0.12196179700760705
10204.json,breitbart,pants-fire,1,speaker_disjoint_split,1,0.7253199062149238,1,0.8204916072718836
12256.json,bernie-s,barely-true,1,speaker_disjoint_split,0,0.37276586546749935,0,0.32628893449286733
12428.json,donald-trump,pants-fire,1,speaker_disjoint_split,0,0.22025866950934786,0,0.3433240914063448
1491.json,joe-biden,mostly-true,0,speaker_disjoint_split,0,0.2200929418860588,0,0.23965491240246642
11578.json,bernie-s,barely-true,1,speaker_disjoint_split,0,0.13449705881755178,0,0.14563050518752735
6806.json,our-portland-our-schools,half-true,0,speaker_disjoint_split,0,0.4489453661573901,0,0.31208605151900026
3689.json,dick-armey,false,1,speaker_disjoint_split,0,0.30515824911110173,0,0.2987884533650149
8874.json,bill-oreilly,barely-true,1,speaker_disjoint_split,1,0.6433108150714857,1,0.5322544391304583
10082.json,charlie-crist,half-true,0,speaker_disjoint_split,0,0.26016327289369257,0,0.24188118821748794
6288.json,jeff-fitzgerald,pants-fire,1,speaker_disjoint_split,1,0.7612405989472821,1,0.7036492302391761
2807.json,state-democratic-party-wisconsin,barely-true,1,speaker_disjoint_split,1,0.8003051932532649,1,0.7191215053068263
11377.json,ora-houston,false,1,speaker_disjoint_split,0,0.4239600504492891,0,0.21500153866473526
3892.json,janice-hahn,true,0,speaker_disjoint_split,1,0.8216847531620388,1,0.7880075938508719
7657.json,lenny-curry,half-true,0,speaker_disjoint_split,0,0.3104904569666339,0,0.10527901137207604
11349.json,scott-walker,false,1,speaker_disjoint_split,1,0.5970699137763736,1,0.7529324017332129
11292.json,david-cicilline,half-true,0,speaker_disjoint_split,0,0.451717285436841,1,0.5374308367659689
13319.json,donald-trump,half-true,0,speaker_disjoint_split,1,0.7707526133856328,1,0.6521027806030624
6124.json,democratic-congressional-campaign-committee,false,1,speaker_disjoint_split,0,0.27440958987722514,0,0.41550933484178354
8970.json,blog-posting,pants-fire,1,speaker_disjoint_split,0,0.2645175117785158,0,0.34106138013023574
12353.json,donald-trump,false,1,speaker_disjoint_split,0,0.3657729703715837,0,0.40167128251177253
4144.json,club-growth,true,0,speaker_disjoint_split,1,0.5102036653058681,1,0.5399692337162779
8085.json,don-lemon,true,0,speaker_disjoint_split,0,0.2048182839217453,0,0.3300956375578557
2325.json,nathan-deal,half-true,0,speaker_disjoint_split,0,0.215283246864734,0,0.33309231268079076
12850.json,donald-trump,mostly-true,0,speaker_disjoint_split,0,0.37859625646977724,1,0.5296352328052749
5781.json,ron-oakley,barely-true,1,speaker_disjoint_split,0,0.49957636077114653,0,0.4035188979993025
7443.json,ohio-republican-party,mostly-true,0,speaker_disjoint_split,1,0.5881635991801833,1,0.7464666374991381
11522.json,donald-trump,false,1,speaker_disjoint_split,0,0.4959325032177412,1,0.7041764666878727
10182.json,david-cicilline,true,0,speaker_disjoint_split,0,0.19067872428459198,0,0.13491638729124553
12378.json,solar-energy-fairness,half-true,0,speaker_disjoint_split,1,0.6862725058357477,1,0.7880254903644824
2361.json,democratic-congressional-campaign-committee,pants-fire,1,speaker_disjoint_split,1,0.5855579061711367,1,0.6163922027881177
13097.json,john-mccain,half-true,0,speaker_disjoint_split,0,0.46648405868933096,1,0.509559919958371
6446.json,multnomah-county-library-foundation,false,1,speaker_disjoint_split,0,0.4975403867894475,1,0.6066500742757738
12880.json,donald-trump,false,1,speaker_disjoint_split,0,0.48014625357261576,1,0.5794222226329894
5427.json,scott-walker,true,0,speaker_disjoint_split,0,0.30637893049167875,0,0.41592927794748574
12804.json,tim-kaine,half-true,0,speaker_disjoint_split,0,0.4549103566729304,0,0.44283688257424597
8415.json,bill-foster,mostly-true,0,speaker_disjoint_split,1,0.598541877579303,0,0.24193174545663418
7397.json,brian-patrick-kennedy,barely-true,1,speaker_disjoint_split,0,0.4437121111001796,1,0.5803001659282159
6248.json,democratic-congressional-campaign-committee,pants-fire,1,speaker_disjoint_split,0,0.32587910514034824,1,0.5863875872335956
11950.json,bill-clinton,pants-fire,1,speaker_disjoint_split,0,0.4925716539374265,1,0.5363054566402113
5939.json,jeff-fitzgerald,mostly-true,0,speaker_disjoint_split,1,0.634208599592317,1,0.6209378844850215
10455.json,scott-walker,half-true,0,speaker_disjoint_split,0,0.3157240176738756,0,0.456362495879603
12422.json,george-holding,half-true,0,speaker_disjoint_split,1,0.760532950078338,1,0.6311494215346766
2943.json,bernie-s,true,0,speaker_disjoint_split,0,0.14389813940531784,0,0.13761644332211814
2696.json,scott-walker,barely-true,1,speaker_disjoint_split,1,0.7588845579575898,1,0.5981020945700137
8906.json,sly-james,false,1,speaker_disjoint_split,1,0.6273837906676629,0,0.36553386264525817
13032.json,donald-trump,barely-true,1,speaker_disjoint_split,0,0.24660974161649676,0,0.3731756928142121
12114.json,gina-hinojosa,mostly-true,0,speaker_disjoint_split,0,0.22025105611917548,0,0.19681845855103502
4021.json,stephen-sweeney,true,0,speaker_disjoint_split,1,0.5051614758639359,0,0.4285435640825509
2558.json,hank-gilbert,true,0,speaker_disjoint_split,1,0.5121231608095475,1,0.6557004273148155
1045.json,bill-oreilly,false,1,speaker_disjoint_split,1,0.7122716960550391,1,0.7312247382738563
1885.json,glenn-beck,half-true,0,speaker_disjoint_split,1,0.5969419887286302,1,0.6184827723466498
9866.json,bob-beckel,false,1,speaker_disjoint_split,0,0.13512247699013713,0,0.13692603607682538
2240.json,john-kasich,false,1,speaker_disjoint_split,0,0.39324754777432175,1,0.517351544883682
11350.json,ben-carson,barely-true,1,speaker_disjoint_split,0,0.3783262878033925,0,0.2962295317285042
8947.json,republican-party-florida,barely-true,1,speaker_disjoint_split,1,0.7347596030887122,1,0.6517802817965445
22.json,joe-biden,mostly-true,0,speaker_disjoint_split,0,0.32699133388731616,0,0.2450166612925588
13327.json,gary-johnson,half-true,0,speaker_disjoint_split,1,0.5991534296885012,1,0.7206789296203994
9909.json,dan-patrick,pants-fire,1,speaker_disjoint_split,0,0.488780646615347,0,0.40035059832850606
11164.json,donald-trump,pants-fire,1,speaker_disjoint_split,1,0.53548388237164,1,0.5519857775194725
7873.json,bob-gibbs,mostly-true,0,speaker_disjoint_split,1,0.5282491878541147,1,0.6425998282643934
11144.json,donald-trump,false,1,speaker_disjoint_split,0,0.4961285588087262,1,0.5224298679252619
2110.json,yvette-mcgee-brown,true,0,speaker_disjoint_split,0,0.15932485490836884,0,0.13808556135357747
8965.json,richard-durbin,pants-fire,1,speaker_disjoint_split,0,0.3514004248188624,0,0.24358110258590754
2985.json,john-mccain,true,0,speaker_disjoint_split,1,0.5288165101607594,0,0.4603297666045087
4286.json,democratic-congressional-campaign-committee,false,1,speaker_disjoint_split,0,0.24841221499626556,0,0.3873090041259297
4447.json,hetty-rosenstein,half-true,0,speaker_disjoint_split,0,0.2699158930862303,0,0.4296026523151821
11566.json,carly-fiorina,half-true,0,speaker_disjoint_split,1,0.8559121702651206,1,0.7699248178359575
8824.json,ann-coulter,half-true,0,speaker_disjoint_split,1,0.6119425351888871,1,0.6618915944067176
453.json,john-mccain,half-true,0,speaker_disjoint_split,1,0.6299872860707376,1,0.5677957584552011
9748.json,blog-posting,pants-fire,1,speaker_disjoint_split,1,0.7883891772189086,1,0.876998097140686
8703.json,glenn-beck,mostly-true,0,speaker_disjoint_split,1,0.6948329015897131,1,0.6553731156738584
13378.json,chris-malone,pants-fire,1,speaker_disjoint_split,1,0.5564346492026624,0,0.4878520031230801
920.json,national-republican-congressional-committee,mostly-true,0,speaker_disjoint_split,1,0.8513067540558829,1,0.7371043293655593
8615.json,charlie-crist,mostly-true,0,speaker_disjoint_split,0,0.49857939936589113,1,0.5299073807400386
1820.json,michael-steele,true,0,speaker_disjoint_split,0,0.314061363156509,0,0.3145917351839253
8204.json,kathleen-vinehout,half-true,0,speaker_disjoint_split,0,0.2579110062958488,0,0.29287827426045643
7332.json,keith-faber,half-true,0,speaker_disjoint_split,0,0.09839809529663313,0,0.35922134550715934
2672.json,scott-walker,barely-true,1,speaker_disjoint_split,1,0.5645413175873631,1,0.6414317285690253
4402.json,democratic-congressional-campaign-committee,barely-true,1,speaker_disjoint_split,0,0.4590581905619665,1,0.5172749652143137
10513.json,lori-haas,half-true,0,speaker_disjoint_split,0,0.20020578758885782,0,0.17698599200386764
11399.json,club-growth,true,0,speaker_disjoint_split,0,0.38271817639444555,0,0.39235916442470015
8903.json,charlie-crist,false,1,speaker_disjoint_split,1,0.8458679270418222,1,0.5338997786341335
3599.json,joaquin-castro,barely-true,1,speaker_disjoint_split,1,0.5616937952666886,0,0.37300978522096284
1895.json,florida-first-initiative,barely-true,1,speaker_disjoint_split,1,0.7067690985935323,1,0.7215693305255136
10353.json,naha-daily,pants-fire,1,speaker_disjoint_split,1,0.6081201169412968,0,0.48201581348964173
8765.json,carly-fiorina,false,1,speaker_disjoint_split,0,0.2237728152280834,0,0.3931739998431956
7422.json,wayne-lapierre,barely-true,1,speaker_disjoint_split,1,0.5784312845706198,0,0.48327582684716164
12022.json,bernie-s,false,1,speaker_disjoint_split,0,0.30571863192244875,0,0.29963326826987263
613.json,john-mccain,mostly-true,0,speaker_disjoint_split,0,0.47965738599002683,0,0.2633178811632357
6481.json,national-republican-congressional-committee,pants-fire,1,speaker_disjoint_split,1,0.710234233909984,1,0.7184951374547826
573.json,john-mccain,false,1,speaker_disjoint_split,0,0.30583946502006987,0,0.23614462186371138
822.json,republican-party-florida,false,1,speaker_disjoint_split,1,0.6527936803392714,0,0.2841947828966768
12560.json,donald-trump,pants-fire,1,speaker_disjoint_split,1,0.6299270848743038,1,0.634346005909436
12743.json,donald-trump,barely-true,1,speaker_disjoint_split,0,0.4436631355298215,1,0.6654456531311262
1377.json,hank-gilbert,half-true,0,speaker_disjoint_split,1,0.5742800204372152,1,0.5670477098047324
9605.json,angel-taveras,mostly-true,0,speaker_disjoint_split,0,0.2937591122382379,0,0.2952256344912287
13149.json,donald-trump,barely-true,1,speaker_disjoint_split,1,0.5074211039632641,0,0.36641652225771004
10233.json,enough-already-wisconsin-inc,false,1,speaker_disjoint_split,0,0.3804866661761182,0,0.4152549827592771
164.json,bill-richardson,half-true,0,speaker_disjoint_split,0,0.37704373774156896,0,0.39010881036950706
551.json,ralph-nader,true,0,speaker_disjoint_split,1,0.5257634614170915,1,0.5493858109421976
10566.json,texas-democratic-party,mostly-true,0,speaker_disjoint_split,0,0.43837566737161876,1,0.6147074731093141
11315.json,donald-trump,mostly-true,0,speaker_disjoint_split,0,0.27567350857585665,0,0.3266700281164379
4551.json,john-fleming,false,1,speaker_disjoint_split,1,0.7679458883468254,1,0.624224951031758
6394.json,steve-doell,mostly-true,0,speaker_disjoint_split,0,0.19549815859162667,0,0.13364719506737857
4449.json,valerie-vainieri-huttle,barely-true,1,speaker_disjoint_split,0,0.368224750268855,1,0.5145644082606734
7500.json,national-republican-congressional-committee,pants-fire,1,speaker_disjoint_split,1,0.7349568144246517,1,0.7888460404942995
10044.json,scott-walker,false,1,speaker_disjoint_split,1,0.6519789628064289,1,0.7252191072366679
10161.json,dan-patrick,barely-true,1,speaker_disjoint_split,1,0.5859324099706459,1,0.5662909548053245
9926.json,lois-frankel,pants-fire,1,speaker_disjoint_split,1,0.5848123758147917,0,0.35019940466307786
7489.json,debbie-wasserman-schultz,true,0,speaker_disjoint_split,1,0.678804617071948,1,0.7066209340604889
13389.json,michelle-mosby,half-true,0,speaker_disjoint_split,1,0.5570706288136611,1,0.6911688265197743
1159.json,rush-limbaugh,pants-fire,1,speaker_disjoint_split,1,0.572950693899736,1,0.5420428709987174
4464.json,ted-piccolo,false,1,speaker_disjoint_split,0,0.20937349278652934,0,0.33695566384396197
719.json,john-mccain,false,1,speaker_disjoint_split,1,0.5710001124818358,1,0.5571558792919838
11460.json,dan-patrick,pants-fire,1,speaker_disjoint_split,1,0.7468998716590561,1,0.7602734430248286
5889.json,scott-walker,barely-true,1,speaker_disjoint_split,0,0.47202822279624207,0,0.487644910843591
798.json,john-mccain,half-true,0,speaker_disjoint_split,1,0.6362824153193921,1,0.5428083625180011
1366.json,karl-rove,mostly-true,0,speaker_disjoint_split,1,0.5271597992528988,1,0.5140491760236622
2397.json,national-republican-congressional-committee,barely-true,1,speaker_disjoint_split,0,0.4509767009095754,0,0.30979942015088235
12206.json,bill-clinton,barely-true,1,speaker_disjoint_split,0,0.14750735349772154,0,0.17231437204374658
13404.json,donald-trump,false,1,speaker_disjoint_split,1,0.5373438189226951,1,0.6275325642465954
710.json,john-mccain,barely-true,1,speaker_disjoint_split,0,0.46429583775930616,1,0.5948925924659834
1882.json,nathan-deal,mostly-true,0,speaker_disjoint_split,0,0.3585742904012975,0,0.48864897712875327
1548.json,charlie-crist,barely-true,1,speaker_disjoint_split,0,0.33662566515318926,0,0.2686091426807315
1643.json,charlie-crist,true,0,speaker_disjoint_split,0,0.2329978969770375,0,0.4193826069414234
10590.json,scott-walker,false,1,speaker_disjoint_split,0,0.3239838451656674,0,0.3199526676676633
6048.json,bill-clinton,mostly-true,0,speaker_disjoint_split,0,0.24097854243469918,0,0.24880842571434833
8380.json,chris-latvala,true,0,speaker_disjoint_split,0,0.45927571785316046,0,0.3345325508328523
3392.json,john-mccain,false,1,speaker_disjoint_split,0,0.21583664695577684,0,0.15465385678574026
12915.json,gary-johnson,barely-true,1,speaker_disjoint_split,1,0.5283929752641151,1,0.6902530643325101
2093.json,joe-biden,true,0,speaker_disjoint_split,0,0.4274264186171077,0,0.3362140211851016
12658.json,donald-trump,mostly-true,0,speaker_disjoint_split,0,0.3010863618756649,1,0.5517308050270685
1625.json,charlie-crist,half-true,0,speaker_disjoint_split,0,0.486052877873472,1,0.5057457773496832
9275.json,wilton-gregory,mostly-true,0,speaker_disjoint_split,1,0.7104744985798446,1,0.6992821620621865
1459.json,ron-paul,barely-true,1,speaker_disjoint_split,0,0.3153090844576057,0,0.3345580032132912
10267.json,tim-kaine,mostly-true,0,speaker_disjoint_split,1,0.6711724374267309,1,0.5501900333231126
9496.json,joe-biden,half-true,0,speaker_disjoint_split,0,0.4146196966462329,0,0.28022659282828444
5943.json,beth-harwell,half-true,0,speaker_disjoint_split,1,0.5097445601721122,0,0.39382745548339065
10850.json,megyn-kelly,half-true,0,speaker_disjoint_split,0,0.3951485744553163,0,0.4274833424090525
11390.json,ben-carson,false,1,speaker_disjoint_split,1,0.6370572913763013,1,0.6133678478771495
6819.json,ann-coulter,false,1,speaker_disjoint_split,0,0.34563459740343216,0,0.3792728974894504
4290.json,sam-olens,true,0,speaker_disjoint_split,1,0.5750131872403886,1,0.5213617144383634
13492.json,donald-trump,pants-fire,1,speaker_disjoint_split,1,0.6721933244703329,1,0.5554647633925045
7595.json,mark-kelly,true,0,speaker_disjoint_split,0,0.4448582730141981,0,0.47074683832318664
9563.json,scott-walker,mostly-true,0,speaker_disjoint_split,0,0.46309053558099805,0,0.44417396011296
8641.json,james-carville,mostly-true,0,speaker_disjoint_split,1,0.5483309369627051,1,0.5850844568536857
5261.json,scott-walker,half-true,0,speaker_disjoint_split,0,0.4594374156402664,0,0.4440881024820723
2780.json,robert-brown,true,0,speaker_disjoint_split,0,0.25218313594777286,0,0.43489845297211216
2996.json,louie-gohmert,false,1,speaker_disjoint_split,1,0.8018238394533462,1,0.6239690591665591
13394.json,donald-trump,half-true,0,speaker_disjoint_split,0,0.47658849870802716,1,0.6408084533539316
3335.json,scott-walker,true,0,speaker_disjoint_split,1,0.6305593140427511,1,0.6818261600031118
8940.json,lauren-kane,half-true,0,speaker_disjoint_split,1,0.5432303505249423,0,0.39980748977870995
12352.json,donald-trump,false,1,speaker_disjoint_split,0,0.21081569027344838,0,0.2494027619939552
13263.json,bernie-s,half-true,0,speaker_disjoint_split,1,0.642906478417305,1,0.6414145350149972
12622.json,michael-cohen,pants-fire,1,speaker_disjoint_split,0,0.45166900039875474,1,0.6501171455390494
3675.json,jon-husted,pants-fire,1,speaker_disjoint_split,0,0.3957674939791199,0,0.37085288590760596
12907.json,tim-kaine,half-true,0,speaker_disjoint_split,1,0.8621169068288221,1,0.6216936078267562
11627.json,bernie-s,true,0,speaker_disjoint_split,0,0.4274494778579025,0,0.4102307558807694
10960.json,breitbart,pants-fire,1,speaker_disjoint_split,0,0.47180461314806615,1,0.7048040459761032
3965.json,chris-widener,barely-true,1,speaker_disjoint_split,0,0.46223344091689145,0,0.3389899567267696
12905.json,donald-trump,half-true,0,speaker_disjoint_split,0,0.4321954810101525,1,0.7117012472053003
1221.json,patients-first,barely-true,1,speaker_disjoint_split,1,0.6100090882617768,0,0.3970187018445817
11520.json,ben-carson,false,1,speaker_disjoint_split,1,0.5328499238255338,1,0.6321810450943303
8048.json,bill-foster,mostly-true,0,speaker_disjoint_split,0,0.30208550551634633,0,0.19817410527494578
7854.json,national-republican-congressional-committee,barely-true,1,speaker_disjoint_split,1,0.7680236987390443,1,0.7709966224319538
3592.json,online-petition,mostly-true,0,speaker_disjoint_split,1,0.6385042446081889,1,0.5302820768858825
13259.json,national-republican-congressional-committee,mostly-true,0,speaker_disjoint_split,1,0.6952096536833642,1,0.6273584323942899
5232.json,ohio-republican-party,true,0,speaker_disjoint_split,0,0.48772001077226124,1,0.5308820018259701
13240.json,donald-trump,false,1,speaker_disjoint_split,1,0.5808543992679481,0,0.4857961079879207
4334.json,donna-brazile,mostly-true,0,speaker_disjoint_split,0,0.2294672424428609,0,0.25898339034561924
4493.json,gary-johnson,false,1,speaker_disjoint_split,0,0.4112514966192126,1,0.5862239946976363
4906.json,scott-walker,false,1,speaker_disjoint_split,0,0.4654110107859362,0,0.4443488910504188
13261.json,donald-trump,pants-fire,1,speaker_disjoint_split,0,0.49849106897677065,0,0.36177319472968955
1137.json,david-axelrod,mostly-true,0,speaker_disjoint_split,1,0.769223886141495,1,0.8268035864808897
1413.json,joe-biden,false,1,speaker_disjoint_split,0,0.4615750120788918,0,0.3659438903302454
838.json,john-mccain,half-true,0,speaker_disjoint_split,0,0.4111529393521151,1,0.549220510391366
12674.json,mike-turzai,half-true,0,speaker_disjoint_split,1,0.611422791875684,1,0.5446537221614116
13212.json,donald-trump,mostly-true,0,speaker_disjoint_split,1,0.5599868598614348,1,0.6582345847768915
3964.json,michael-cutler,true,0,speaker_disjoint_split,0,0.14108005164931595,0,0.14638046936460322
6920.json,joe-biden,half-true,0,speaker_disjoint_split,0,0.2783794524701466,0,0.303988381488999
11756.json,donald-trump,false,1,speaker_disjoint_split,0,0.3421161431094428,0,0.4800789784971928
9817.json,republican-party-florida,half-true,0,speaker_disjoint_split,1,0.5170480431239048,1,0.5445656825765789
11039.json,bernie-s,barely-true,1,speaker_disjoint_split,0,0.06117114175303988,0,0.08981720022913516
2007.json,john-mccain,barely-true,1,speaker_disjoint_split,0,0.3369981451767379,0,0.45173615509534487
12513.json,donald-trump,mostly-true,0,speaker_disjoint_split,1,0.556530343457651,1,0.6465286299055852
3294.json,scott-walker,false,1,speaker_disjoint_split,0,0.4313814781806906,1,0.5113208950577561
13111.json,donald-trump,half-true,0,speaker_disjoint_split,0,0.45333395840361485,0,0.4239535757188194
3729.json,nina-turner,true,0,speaker_disjoint_split,1,0.5455569761672797,1,0.5422343232627099
1249.json,jay-rockefeller,half-true,0,speaker_disjoint_split,0,0.18024874527365334,0,0.14030012365399255
9505.json,scott-walker,false,1,speaker_disjoint_split,1,0.7618498390568416,1,0.5765191530809811
13257.json,katherine-cloonen,pants-fire,1,speaker_disjoint_split,1,0.6507165330655306,1,0.8114835265387543
5154.json,restore-our-future,half-true,0,speaker_disjoint_split,0,0.3256722938574833,0,0.41374940954227857
4620.json,david-axelrod,mostly-true,0,speaker_disjoint_split,0,0.45273510406587547,1,0.5562931694093429
12124.json,bill-clinton,mostly-true,0,speaker_disjoint_split,0,0.14993874978235727,0,0.2316564694049707
12053.json,donald-trump,false,1,speaker_disjoint_split,0,0.328948694667535,0,0.3708516379878948
11378.json,carly-fiorina,mostly-true,0,speaker_disjoint_split,1,0.6682843450139373,1,0.6849704580517546
3630.json,state-democratic-party-wisconsin,false,1,speaker_disjoint_split,1,0.61565386347356,1,0.5477363496347776
12944.json,tim-kaine,true,0,speaker_disjoint_split,0,0.47652385881009734,0,0.3416013223049653
7682.json,texas-state-employees-union,true,0,speaker_disjoint_split,0,0.49846980346359343,0,0.499383694222505
12302.json,shawn-oconnor,pants-fire,1,speaker_disjoint_split,1,0.5576877300987676,0,0.2583811350669643
4154.json,victoria-jackson,pants-fire,1,speaker_disjoint_split,1,0.6275894432790896,1,0.5932908981361774
11204.json,ben-carson,half-true,0,speaker_disjoint_split,1,0.5224420980345861,1,0.672734888224523
8802.json,scott-walker,mostly-true,0,speaker_disjoint_split,0,0.11987795793897317,0,0.19211001603689976
557.json,john-mccain,false,1,speaker_disjoint_split,1,0.566888855082277,0,0.38171530273998755
7513.json,bob-bennett,mostly-true,0,speaker_disjoint_split,1,0.5418587026835447,0,0.2333419710801854
5366.json,stephen-sweeney,false,1,speaker_disjoint_split,0,0.1971984005374052,0,0.22895349870503318
12782.json,bill-clinton,mostly-true,0,speaker_disjoint_split,1,0.6052707530909565,1,0.504110872816254
12491.json,donald-trump,barely-true,1,speaker_disjoint_split,0,0.4857259613169071,1,0.5815008313926675
7576.json,charles-cooper,half-true,0,speaker_disjoint_split,0,0.42356654108758945,0,0.24734629840015254
134.json,john-mccain,true,0,speaker_disjoint_split,1,0.576611028765737,0,0.4156261651371948
9173.json,nathan-deal,half-true,0,speaker_disjoint_split,0,0.35982295194067776,0,0.31414251194828624
988.json,keith-olbermann,mostly-true,0,speaker_disjoint_split,1,0.6606476444348194,1,0.5149099416288575
11225.json,ben-carson,half-true,0,speaker_disjoint_split,1,0.5673503615196563,0,0.45990965763867003
619.json,john-mccain,false,1,speaker_disjoint_split,1,0.5060829421330802,1,0.5276341586875818
9159.json,republican-party-florida,mostly-true,0,speaker_disjoint_split,1,0.5102629185010507,0,0.36428151570583484
12339.json,pat-mccrory,pants-fire,1,speaker_disjoint_split,0,0.19872647384576134,0,0.36269598978089795
11800.json,glenn-beck,true,0,speaker_disjoint_split,0,0.4079832161415867,1,0.5333333490092914
13497.json,donald-trump,pants-fire,1,speaker_disjoint_split,1,0.6654046125663836,1,0.5703232400287254
7265.json,scott-walker,half-true,0,speaker_disjoint_split,1,0.5803483599841976,0,0.4056964557992174
11700.json,donald-trump,false,1,speaker_disjoint_split,1,0.6203121581186479,1,0.6676268070597974
6111.json,debbie-wasserman-schultz,false,1,speaker_disjoint_split,0,0.46306997213324924,1,0.5368402722687888
5133.json,marsha-blackburn,barely-true,1,speaker_disjoint_split,1,0.8280317630735816,1,0.7214923826851505
334.json,john-mccain,mostly-true,0,speaker_disjoint_split,1,0.6731448566386525,1,0.5195862986744131
7365.json,david-cicilline,half-true,0,speaker_disjoint_split,0,0.3647568588757576,0,0.34230553350008586
943.json,john-mccain,true,0,speaker_disjoint_split,0,0.4742492824932911,0,0.40836936635796556
5675.json,republican-governors-association,barely-true,1,speaker_disjoint_split,1,0.7236350362924778,1,0.6569735270307002
12566.json,donald-trump,false,1,speaker_disjoint_split,1,0.5906511704323473,1,0.5960581331483696
12308.json,donald-trump,half-true,0,speaker_disjoint_split,1,0.5802719429843153,1,0.5869950330872525
2239.json,john-stemberger,false,1,speaker_disjoint_split,1,0.7901779067353492,1,0.5798106219762946
11451.json,elton-john,mostly-true,0,speaker_disjoint_split,0,0.40590853836353696,0,0.30473295856181093
1401.json,debra-medina,half-true,0,speaker_disjoint_split,1,0.6186825152103601,0,0.4650698626898989
1611.json,bob-schieffer,false,1,speaker_disjoint_split,0,0.4977690001580844,1,0.6800496717809673
5157.json,judy-manning,pants-fire,1,speaker_disjoint_split,0,0.29783323751874646,0,0.15582470608339125
2408.json,republican-governors-association,barely-true,1,speaker_disjoint_split,1,0.6747669313075334,1,0.6367261331230211
671.json,joe-biden,true,0,speaker_disjoint_split,0,0.4596084386063315,0,0.3203488878075293
7277.json,bernie-s,barely-true,1,speaker_disjoint_split,0,0.14611656733307798,0,0.14047690208737493
10118.json,charlie-crist,false,1,speaker_disjoint_split,1,0.6028798228199713,1,0.6581551167354979
12228.json,jan-brewer,barely-true,1,speaker_disjoint_split,1,0.6346551030346214,1,0.5285656103496963
11771.json,bernie-s,barely-true,1,speaker_disjoint_split,1,0.5681156646790014,1,0.6287298772988201
12281.json,unbreakable-kimmy-schmidt,false,1,speaker_disjoint_split,0,0.4239462862027841,0,0.35240685697085816
10169.json,color-change,barely-true,1,speaker_disjoint_split,1,0.8120528841844901,1,0.7428592591467678
914.json,joe-barton,true,0,speaker_disjoint_split,1,0.5351329253140517,0,0.42026696919685175
286.json,john-mccain,half-true,0,speaker_disjoint_split,0,0.4048712588357449,0,0.4680164939066262
780.json,john-mccain,true,0,speaker_disjoint_split,1,0.608324415351486,1,0.584351414329879
4637.json,stephen-sweeney,half-true,0,speaker_disjoint_split,0,0.21830260790010236,0,0.20739459141984506
9340.json,campaign-liberty,barely-true,1,speaker_disjoint_split,1,0.9071989153375514,1,0.7497861844167105
7102.json,lamar-alexander,false,1,speaker_disjoint_split,0,0.29150100780098703,0,0.4383403110413746
3269.json,lynn-westmoreland,half-true,0,speaker_disjoint_split,0,0.2874823343522116,0,0.44381807904419146
3487.json,karl-rove,false,1,speaker_disjoint_split,0,0.3656421393049771,0,0.29642361130097455
7460.json,nancy-devaney,mostly-true,0,speaker_disjoint_split,0,0.2703332329373973,0,0.14786406697685914
6050.json,nathan-deal,false,1,speaker_disjoint_split,1,0.5545020804049633,0,0.46198565514049317
11319.json,ben-carson,pants-fire,1,speaker_disjoint_split,0,0.26175236639504795,0,0.49828905245334515
11085.json,donald-trump,false,1,speaker_disjoint_split,1,0.6587880979075997,1,0.727703032249021
2213.json,kevin-boyce,true,0,speaker_disjoint_split,0,0.375553115753073,0,0.37609274745923915
5722.json,susan-combs,pants-fire,1,speaker_disjoint_split,1,0.5045465283412105,1,0.6164276806259896
12242.json,bernie-s,mostly-true,0,speaker_disjoint_split,0,0.2738992078329493,0,0.33225203242078655
7766.json,gilberto-hinojosa,mostly-true,0,speaker_disjoint_split,1,0.5591909670898743,1,0.7129638333281139
12825.json,tim-kaine,true,0,speaker_disjoint_split,0,0.23121383706690946,0,0.3353898127978065
8034.json,scott-walker,mostly-true,0,speaker_disjoint_split,0,0.24514768649842067,0,0.3139795346893085
1306.json,glenn-beck,false,1,speaker_disjoint_split,0,0.43239788839546356,0,0.34516187207277693
2320.json,debbie-wasserman-schultz,barely-true,1,speaker_disjoint_split,1,0.6050538806023271,1,0.6873561757115274
7253.json,club-growth,false,1,speaker_disjoint_split,0,0.17051846181671024,0,0.32667801838876426
2670.json,david-cicilline,mostly-true,0,speaker_disjoint_split,0,0.36870212498632216,1,0.5771343195566143
8430.json,florida-stop-common-core-coalition,pants-fire,1,speaker_disjoint_split,1,0.7702523293362543,1,0.7115405344795146
6025.json,scott-walker,half-true,0,speaker_disjoint_split,1,0.5313384128027795,1,0.6098138229366766
5706.json,john-kasich,true,0,speaker_disjoint_split,0,0.1787652154154874,0,0.25133765178777434
4335.json,jonathan-steitz,false,1,speaker_disjoint_split,1,0.6236364125867736,1,0.5247962636523368
7861.json,derek-ryan,true,0,speaker_disjoint_split,0,0.4044212454139438,0,0.2752873026437796
5747.json,peter-defazio,true,0,speaker_disjoint_split,0,0.4354162727690469,1,0.553561639829284
12514.json,nevada-assembly-republican-candidates,false,1,speaker_disjoint_split,1,0.7446885426232398,0,0.4752504720053386
4297.json,susan-combs,false,1,speaker_disjoint_split,1,0.6641830089352972,1,0.7729212362680737
10526.json,joe-biden,pants-fire,1,speaker_disjoint_split,1,0.5953174700964312,1,0.6244676894521731
13071.json,donald-trump,pants-fire,1,speaker_disjoint_split,0,0.4488112612018475,1,0.6505833953831959
5391.json,texas-democratic-party,true,0,speaker_disjoint_split,1,0.6166531130894279,1,0.720054104432065
10357.json,louie-gohmert,false,1,speaker_disjoint_split,1,0.6128933745232259,1,0.530031856260723
11709.json,bernie-s,true,0,speaker_disjoint_split,0,0.1537490542423483,0,0.15108593111083635
6915.json,ohio-republican-party,barely-true,1,speaker_disjoint_split,1,0.716970468557619,1,0.6429583909562657
8952.json,david-cicilline,mostly-true,0,speaker_disjoint_split,0,0.20416747029725277,0,0.1720340305735512
10475.json,megyn-kelly,true,0,speaker_disjoint_split,1,0.8497275281359669,1,0.6937224886494406
12289.json,bernie-s,true,0,speaker_disjoint_split,0,0.3242940278509575,0,0.3393905347611649
8911.json,oregon-citizens-lobby,false,1,speaker_disjoint_split,0,0.45855682446443585,1,0.7716346442628762
589.json,john-mccain,half-true,0,speaker_disjoint_split,1,0.5754926647281584,0,0.35305498489865683
12664.json,firearms-policy-coalition,barely-true,1,speaker_disjoint_split,1,0.501162313611528,0,0.2844084283050991
1896.json,donna-brazile,false,1,speaker_disjoint_split,0,0.4995338647729487,0,0.44755543094671735
7553.json,scott-walker,half-true,0,speaker_disjoint_split,0,0.3508095112484847,0,0.39251303169920404
8222.json,libertarian-party-broward-county,false,1,speaker_disjoint_split,0,0.45108682941812167,0,0.380688596118541
12544.json,donald-trump,barely-true,1,speaker_disjoint_split,0,0.14131845340486807,0,0.19649515336657838
5464.json,ron-paul,mostly-true,0,speaker_disjoint_split,0,0.20870947330069162,0,0.29177622346690946
6864.json,jim-kyle,false,1,speaker_disjoint_split,1,0.5748829769259987,0,0.4968245290452997
11642.json,donald-trump,pants-fire,1,speaker_disjoint_split,1,0.5235305341330165,0,0.3784745974243519
9352.json,major-garrett,true,0,speaker_disjoint_split,0,0.4171943524272397,1,0.5758948883346073
9371.json,charlie-crist,half-true,0,speaker_disjoint_split,1,0.5388451700529775,0,0.49737073056296666
5804.json,tom-rooney,barely-true,1,speaker_disjoint_split,0,0.41618715420528074,0,0.49116705103197605
6636.json,debbie-wasserman-schultz,pants-fire,1,speaker_disjoint_split,1,0.5351976382499897,1,0.6544743342668945
10154.json,scott-walker,mostly-true,0,speaker_disjoint_split,0,0.48209386971190604,1,0.5264216852910312
13201.json,tim-kaine,half-true,0,speaker_disjoint_split,0,0.4564781095057371,0,0.4612106825418804
12746.json,donald-trump,half-true,0,speaker_disjoint_split,1,0.5566747021371852,1,0.7475649351492942
4914.json,club-growth,half-true,0,speaker_disjoint_split,1,0.5925833976394023,1,0.5155019329535664
3822.json,anti-defamation-league,half-true,0,speaker_disjoint_split,0,0.36632668708649896,0,0.4339788026017199
8009.json,larry-elder,false,1,speaker_disjoint_split,1,0.7011026177000448,1,0.6952389330553455
11136.json,bill-oreilly,mostly-true,0,speaker_disjoint_split,0,0.4311244373086906,0,0.48378608646014976
13050.json,william-weld,half-true,0,speaker_disjoint_split,0,0.36187593746666274,1,0.5431667081798819
4463.json,new-jersey-sierra-club,half-true,0,speaker_disjoint_split,0,0.2271677989787694,0,0.3132639936139615
13282.json,donald-trump,barely-true,1,speaker_disjoint_split,1,0.5776564253796023,1,0.6913416496478275
6996.json,promote-oregon-leadership-pac-oregon-house-republi,barely-true,1,speaker_disjoint_split,1,0.6489517853844188,1,0.7440340432534284
2697.json,jeff-merkley,half-true,0,speaker_disjoint_split,0,0.4032138340147334,0,0.3541693468137965
12333.json,donald-trump,pants-fire,1,speaker_disjoint_split,1,0.828474600189745,1,0.6470392403514006
2521.json,bob-gibbs,false,1,speaker_disjoint_split,1,0.6408310224899744,1,0.7378995411486754
1316.json,rush-limbaugh,half-true,0,speaker_disjoint_split,1,0.5030786016382329,0,0.4973331591016325
436.json,john-mccain,barely-true,1,speaker_disjoint_split,0,0.2507414399341773,1,0.5392122032150984
4415.json,bill-pascrell,mostly-true,0,speaker_disjoint_split,1,0.5239537162514795,1,0.5339517606511373
4707.json,robert-menendez,false,1,speaker_disjoint_split,0,0.233487216778405,0,0.16663568440493742
10826.json,scott-walker,false,1,speaker_disjoint_split,0,0.4188662080865452,1,0.5815433753779866
3403.json,john-kasich,true,0,speaker_disjoint_split,0,0.24167453343773956,0,0.24659951050021608
6430.json,american-commitment,barely-true,1,speaker_disjoint_split,1,0.720952772187529,1,0.7579401332254135
13062.json,donald-trump,mostly-true,0,speaker_disjoint_split,0,0.3903376001550225,0,0.2250829014722544
12091.json,new-hampshire-republican-party,mostly-true,0,speaker_disjoint_split,0,0.4722936845187805,1,0.528049225964644
6349.json,lights-liberty,barely-true,1,speaker_disjoint_split,1,0.6537598040323102,1,0.7092351371653219
13248.json,william-ruto,false,1,speaker_disjoint_split,0,0.37752218170581525,0,0.28980218269124
4652.json,eileen-brady,false,1,speaker_disjoint_split,1,0.7114925740345485,1,0.5713848127628182
5411.json,ron-paul,pants-fire,1,speaker_disjoint_split,0,0.32006847458425247,0,0.4360042230026241
1533.json,lamar-alexander,half-true,0,speaker_disjoint_split,0,0.3108834386269055,0,0.46972091959941764
13072.json,tim-kaine,true,0,speaker_disjoint_split,1,0.5019339981565237,1,0.6159598922147651
12941.json,tim-kaine,barely-true,1,speaker_disjoint_split,1,0.5727021951147262,1,0.5723088644677935
9531.json,state-democratic-party-wisconsin,barely-true,1,speaker_disjoint_split,0,0.313569726808447,0,0.46757951962680044
3872.json,democratic-congressional-campaign-committee,false,1,speaker_disjoint_split,1,0.823059796141169,1,0.6961015245467739
2632.json,john-kasich,false,1,speaker_disjoint_split,1,0.5801326108340862,1,0.5982487032189812
11591.json,donald-trump,pants-fire,1,speaker_disjoint_split,1,0.5683281454022703,1,0.6596914042296843
1050.json,karl-rove,false,1,speaker_disjoint_split,0,0.392155418999055,0,0.37304064081292526
8513.json,scott-walker,pants-fire,1,speaker_disjoint_split,0,0.24903864587393254,0,0.4362830669235393
634.json,john-mccain,mostly-true,0,speaker_disjoint_split,1,0.5418223381554471,0,0.38679205496176255
12404.json,vote-no-2,half-true,0,speaker_disjoint_split,0,0.41410086872680263,0,0.19475746990042642
13297.json,colorado-citizens-accountable-government,pants-fire,1,speaker_disjoint_split,1,0.5452814280315359,0,0.42405824944470155
5009.json,michael-chippendale,false,1,speaker_disjoint_split,1,0.7169991197877748,1,0.6537175288629027
11213.json,bill-clinton,mostly-true,0,speaker_disjoint_split,1,0.5216351099420147,1,0.6445627671788029
9870.json,jeanne-shaheen,half-true,0,speaker_disjoint_split,1,0.7719436064180317,1,0.7321920813594454
1770.json,michael-bloomberg,true,0,speaker_disjoint_split,1,0.5886326180241509,1,0.5022832490975759
2648.json,maryellen-oshaughnessy,true,0,speaker_disjoint_split,0,0.2705990921925139,0,0.29114265810484147
9439.json,chuck-todd,true,0,speaker_disjoint_split,0,0.4409557250496512,0,0.4653057241321342
751.json,john-mccain,true,0,speaker_disjoint_split,0,0.27751434923984925,0,0.27468665105521717
4028.json,yard-sign,true,0,speaker_disjoint_split,0,0.4779376451662459,0,0.48025618225517314
1173.json,glenn-beck,barely-true,1,speaker_disjoint_split,1,0.6094809237559571,1,0.5050737758617548
2592.json,chris-coons,true,0,speaker_disjoint_split,0,0.4634961987434777,0,0.22883524610463682
4610.json,john-driscoll,barely-true,1,speaker_disjoint_split,1,0.5924189647080339,1,0.5890065172102468
1699.json,charlie-crist,half-true,0,speaker_disjoint_split,1,0.6211934146387512,1,0.5742082122779849
11038.json,chuck-todd,mostly-true,0,speaker_disjoint_split,0,0.13100253390321445,0,0.15836545128986912
11682.json,donald-trump,barely-true,1,speaker_disjoint_split,1,0.5185543858132224,0,0.47221818053977804
2404.json,patrick-lynch,half-true,0,speaker_disjoint_split,0,0.4385652053300295,0,0.4581126745986292
3420.json,nathan-deal,true,0,speaker_disjoint_split,0,0.26166812046557114,0,0.17751635842706176
3407.json,patti-doyle,mostly-true,0,speaker_disjoint_split,0,0.24856422857141408,0,0.148026131114653
5046.json,judy-shiprack-diane-mckeel,half-true,0,speaker_disjoint_split,0,0.4466418224855674,0,0.4767740095652282
1170.json,arne-duncan,false,1,speaker_disjoint_split,1,0.7489780424694757,1,0.5041178950855011
7075.json,robert-menendez,half-true,0,speaker_disjoint_split,1,0.504107247008639,0,0.45422546414979953
1655.json,lloyd-doggett,true,0,speaker_disjoint_split,0,0.30979919785075444,1,0.6428259920803426
460.json,john-mccain,barely-true,1,speaker_disjoint_split,1,0.6510755982984145,0,0.4321118156290354
7150.json,ken-detzner,mostly-true,0,speaker_disjoint_split,0,0.2795818501859443,0,0.47178714673444827
8956.json,americans-prosperity-georgia-chapter,half-true,0,speaker_disjoint_split,1,0.7734983349251914,1,0.7429924510522339
11650.json,heather-moore,barely-true,1,speaker_disjoint_split,0,0.2691752076005094,0,0.4295686083973206
36.json,john-mccain,barely-true,1,speaker_disjoint_split,1,0.5324807046272119,0,0.3406445076328833
11899.json,bernie-s,true,0,speaker_disjoint_split,1,0.619765379611788,1,0.6475148254507281
3324.json,scott-walker,mostly-true,0,speaker_disjoint_split,0,0.20828008933548442,0,0.37674221312895545
11452.json,donald-trump,pants-fire,1,speaker_disjoint_split,0,0.48427324861219845,1,0.6743764214649376
10656.json,jess-mcintosh,true,0,speaker_disjoint_split,1,0.7178443915902066,0,0.42202852240646305
11027.json,donald-trump,barely-true,1,speaker_disjoint_split,1,0.5138212146500013,0,0.4822279431052161
11413.json,lynn-westmoreland,false,1,speaker_disjoint_split,1,0.6927713768308458,1,0.5079588880107029
2006.json,jorge-ramos,mostly-true,0,speaker_disjoint_split,1,0.5418441156949301,1,0.5196112837474333
11649.json,joe-donald,mostly-true,0,speaker_disjoint_split,0,0.2577344722681434,0,0.09572993135642327
5477.json,laurie-monnes-anderson,true,0,speaker_disjoint_split,0,0.2726564633797937,0,0.2041328167468017
2546.json,jon-husted,false,1,speaker_disjoint_split,1,0.7120077452765046,1,0.7705492642752851
8682.json,charlie-crist,barely-true,1,speaker_disjoint_split,1,0.5705859027147993,0,0.49697229571666407
572.json,john-mccain,barely-true,1,speaker_disjoint_split,0,0.43964265071339087,1,0.6372357444832184
13273.json,donald-trump,false,1,speaker_disjoint_split,0,0.38409704924183324,1,0.5150418163586519
8517.json,charlie-crist,half-true,0,speaker_disjoint_split,0,0.49673955507958356,0,0.3449252756511959
12231.json,bernie-s,mostly-true,0,speaker_disjoint_split,0,0.43974900254132665,0,0.4127939344141947
6840.json,robert-menendez,mostly-true,0,speaker_disjoint_split,1,0.6117277215034941,1,0.6502198303120383
8647.json,rush-limbaugh,false,1,speaker_disjoint_split,1,0.7465005644845762,1,0.6590252134702651
3564.json,david-pepper,mostly-true,0,speaker_disjoint_split,0,0.2894313686967612,0,0.396584451664953
7882.json,wisconsin-institute-law-liberty,true,0,speaker_disjoint_split,1,0.555014632437085,1,0.5387937179290392
7829.json,greg-walden,barely-true,1,speaker_disjoint_split,0,0.20578787469811904,0,0.35750858216052134
583.json,john-mccain,half-true,0,speaker_disjoint_split,1,0.6317954735721586,1,0.7268427246621393
4582.json,scott-walker,half-true,0,speaker_disjoint_split,1,0.632105876289885,1,0.6025112827951672
3069.json,scott-walker,false,1,speaker_disjoint_split,0,0.4207101710826913,0,0.36452768676043884
13143.json,donald-trump,false,1,speaker_disjoint_split,1,0.5977466025089896,0,0.458855796388194
10586.json,scott-walker,false,1,speaker_disjoint_split,0,0.3934368464320048,0,0.33886723104546906
941.json,john-mccain,mostly-true,0,speaker_disjoint_split,1,0.6784935712474235,1,0.6282143521814206
4409.json,jon-huntsman,half-true,0,speaker_disjoint_split,0,0.2991127148008614,0,0.22965528738997784
12755.json,donald-trump,true,0,speaker_disjoint_split,1,0.7370416222670149,1,0.749078125685952
11976.json,bernie-s,half-true,0,speaker_disjoint_split,0,0.3436693217640725,1,0.5208201962927819
10675.json,trebor-banstetter,mostly-true,0,speaker_disjoint_split,0,0.25183761232337654,0,0.4504495263337171
12815.json,donald-trump,false,1,speaker_disjoint_split,1,0.6100803359273868,1,0.677979568672202
10907.json,nathan-deal,true,0,speaker_disjoint_split,0,0.41591358560533365,0,0.3345103737025607
628.json,john-mccain,barely-true,1,speaker_disjoint_split,1,0.7600610678408507,1,0.5945485979063978
601.json,john-mccain,half-true,0,speaker_disjoint_split,0,0.1579683089656264,0,0.4249978540023047
1181.json,joe-wilson,false,1,speaker_disjoint_split,1,0.6929265501023457,1,0.7248362858681844
6595.json,callista-gingrich,barely-true,1,speaker_disjoint_split,1,0.5966651271412455,1,0.76982672336095
283.json,john-mccain,true,0,speaker_disjoint_split,1,0.5243711354318071,1,0.6410806019209268
9824.json,don-lemon,false,1,speaker_disjoint_split,0,0.4597710454994497,0,0.41906825179288915
12315.json,john-kasich,true,0,speaker_disjoint_split,1,0.6092913504280536,1,0.7058401702411641
3973.json,david-axelrod,half-true,0,speaker_disjoint_split,0,0.12052340013982207,0,0.15452350224035924
4065.json,scott-walker,false,1,speaker_disjoint_split,0,0.4397439524499469,1,0.5870263963106765
13121.json,donald-trump,false,1,speaker_disjoint_split,1,0.675807727096184,1,0.6745013030512451
5208.json,ken-cuccinelli,pants-fire,1,speaker_disjoint_split,1,0.7158345894360331,1,0.6091277594406974
12066.json,pat-mccrory,half-true,0,speaker_disjoint_split,1,0.7277814758005142,1,0.7499890283090613
11340.json,common-sense-kids-action,mostly-true,0,speaker_disjoint_split,0,0.15451129795116608,0,0.35732720778129023
1275.json,ann-coulter,half-true,0,speaker_disjoint_split,0,0.34966064955825044,0,0.3233279635605869
11203.json,israel-oquinn,false,1,speaker_disjoint_split,0,0.33691323251234695,0,0.21056892833287807
7267.json,scott-walker,half-true,0,speaker_disjoint_split,0,0.460326320082289,0,0.40712698086512566
12660.json,state-democratic-party-wisconsin,barely-true,1,speaker_disjoint_split,0,0.49535353348049693,1,0.5582682909263065
254.json,john-mccain,mostly-true,0,speaker_disjoint_split,1,0.5554548789951084,1,0.5827280532913686
1298.json,debbie-wasserman-schultz,mostly-true,0,speaker_disjoint_split,1,0.5482003678978555,1,0.6818220567733858
1117.json,donna-brazile,half-true,0,speaker_disjoint_split,0,0.2453701076848032,0,0.3571195549260966
12502.json,john-mccain,mostly-true,0,speaker_disjoint_split,1,0.6517044134692146,1,0.5399443239756613
7774.json,mike-foley,mostly-true,0,speaker_disjoint_split,0,0.3924720816553011,0,0.24744636226751504
1360.json,rush-limbaugh,false,1,speaker_disjoint_split,0,0.4887306556541081,0,0.40856856360255617
4877.json,scott-walker,false,1,speaker_disjoint_split,1,0.5676801106566721,1,0.5399590469318366
11440.json,scott-walker,false,1,speaker_disjoint_split,1,0.6274917300191856,1,0.649590718520243
484.json,john-mccain,false,1,speaker_disjoint_split,1,0.697942227172624,1,0.6653893168230465
8633.json,heritage-foundation,half-true,0,speaker_disjoint_split,1,0.668843282950312,1,0.6788177325480393
9826.json,truth-accounting,barely-true,1,speaker_disjoint_split,1,0.5476975023167604,0,0.31465867446653767
10643.json,ken-plum,mostly-true,0,speaker_disjoint_split,1,0.5019781241573793,1,0.5055347535312747
5767.json,jim-cooper,true,0,speaker_disjoint_split,0,0.1777369048050682,0,0.32561065291791935
1604.json,barbara-cargill,barely-true,1,speaker_disjoint_split,0,0.33661587257326864,0,0.26390568269180315
1757.json,janet-napolitano,mostly-true,0,speaker_disjoint_split,0,0.45914053572482927,1,0.5668117118591586
530.json,john-mccain,mostly-true,0,speaker_disjoint_split,1,0.5086908759509893,0,0.43407192418313295
10520.json,peter-defazio,half-true,0,speaker_disjoint_split,1,0.5265789891843105,1,0.7932620701951583
12102.json,club-growth,false,1,speaker_disjoint_split,1,0.5478181436986059,0,0.4078928261054431
12266.json,donald-trump,false,1,speaker_disjoint_split,0,0.3371656501375577,0,0.4040577472254186
12747.json,donald-trump,mostly-true,0,speaker_disjoint_split,1,0.6081514510703913,1,0.5951101639665616
8524.json,charlie-crist,mostly-true,0,speaker_disjoint_split,0,0.4045184879982241,0,0.4514441782171474
2351.json,jan-brewer,pants-fire,1,speaker_disjoint_split,0,0.49795866629570507,0,0.4169092630090811
9764.json,scott-walker,mostly-true,0,speaker_disjoint_split,0,0.4710958987241501,1,0.6006773394926146
11457.json,donald-trump,false,1,speaker_disjoint_split,1,0.709161775860558,1,0.7298057291412744
11250.json,bernie-s,true,0,speaker_disjoint_split,0,0.2306095269182815,0,0.2522348010354329
4889.json,ron-paul,barely-true,1,speaker_disjoint_split,1,0.5227529337690738,1,0.5901106706934285
6443.json,peter-defazio,mostly-true,0,speaker_disjoint_split,1,0.6448740351607892,1,0.7502771429405135
1463.json,john-mccain,false,1,speaker_disjoint_split,1,0.531300810322701,0,0.4537749798398672
11534.json,donald-trump,half-true,0,speaker_disjoint_split,0,0.4431694217611561,1,0.6644469199337201
10490.json,susan-shapiro,true,0,speaker_disjoint_split,0,0.12421752560165089,0,0.19587709920455357
6062.json,john-kasich,mostly-true,0,speaker_disjoint_split,1,0.7814743093236528,1,0.635478476716467
7074.json,steve-lonegan,true,0,speaker_disjoint_split,0,0.49281870286049595,0,0.3570491699971159
2074.json,john-mccain,mostly-true,0,speaker_disjoint_split,0,0.34707739795480624,1,0.5476581613514349
23.json,obama-girl,true,0,speaker_disjoint_split,1,0.5021336143916711,1,0.7657215324006044
3310.json,john-kasich,barely-true,1,speaker_disjoint_split,1,0.5919607381930954,0,0.41733440727345333
8410.json,ann-coulter,pants-fire,1,speaker_disjoint_split,1,0.7089980756024341,1,0.6851758419702767
3545.json,roberto-dasilva,mostly-true,0,speaker_disjoint_split,0,0.2823264569779095,0,0.15534096272119938
3521.json,citizens-strong-america,pants-fire,1,speaker_disjoint_split,1,0.5937184682110102,1,0.5464884392404962
2241.json,eddie-bernice-johnson,true,0,speaker_disjoint_split,0,0.1598119023225742,0,0.1466476161238306
12111.json,debbie-wasserman-schultz,mostly-true,0,speaker_disjoint_split,1,0.5726381374732632,0,0.49970337975658374
4311.json,jon-huntsman,mostly-true,0,speaker_disjoint_split,0,0.25595005610870564,0,0.4287649128168645
1392.json,hector-uribe,pants-fire,1,speaker_disjoint_split,1,0.5469441137703537,0,0.4703085995758465
10985.json,athens-banner-herald,true,0,speaker_disjoint_split,0,0.2927898219480891,0,0.2658957954838455
12459.json,donald-trump,half-true,0,speaker_disjoint_split,1,0.6538347031101625,1,0.6331151117469676
9980.json,republican-party-florida,barely-true,1,speaker_disjoint_split,0,0.2148891694986005,0,0.20328677169406764
2529.json,john-robitaille,true,0,speaker_disjoint_split,1,0.5323705340560438,0,0.46367694671563986
13235.json,donald-trump,barely-true,1,speaker_disjoint_split,1,0.7009634810977462,1,0.5739242729321264
2383.json,david-axelrod,barely-true,1,speaker_disjoint_split,0,0.22649754527585972,0,0.28978302422615854
9988.json,charlie-crist,half-true,0,speaker_disjoint_split,1,0.553919767415745,0,0.44829436308975706
4384.json,blog-posting,pants-fire,1,speaker_disjoint_split,1,0.5279558616309702,1,0.7037355458205968
2080.json,joe-biden,half-true,0,speaker_disjoint_split,0,0.38119484794207753,0,0.3168023671636162
8599.json,grady-judd,mostly-true,0,speaker_disjoint_split,0,0.48711503242835175,0,0.31992608715076715
12088.json,bill-oreilly,false,1,speaker_disjoint_split,1,0.7786623463392105,1,0.6994381948012776
8812.json,louie-gohmert,pants-fire,1,speaker_disjoint_split,0,0.42580490238998076,0,0.37608000995675683
8825.json,national-republican-congressional-committee,mostly-true,0,speaker_disjoint_split,1,0.5990033472168794,0,0.4724281257061932
11889.json,donald-trump,half-true,0,speaker_disjoint_split,1,0.5559300966995429,1,0.6372200315868557
10477.json,scott-walker,half-true,0,speaker_disjoint_split,0,0.3934368464320048,0,0.33886723104546906
2088.json,john-kasich,true,0,speaker_disjoint_split,0,0.1933542584858299,0,0.29562389428405744
8844.json,nathan-deal,barely-true,1,speaker_disjoint_split,1,0.5980717098130226,0,0.4936313277050941
11507.json,ben-carson,half-true,0,speaker_disjoint_split,0,0.29638049043247283,0,0.3752150381183972
9321.json,ralph-nader,false,1,speaker_disjoint_split,0,0.4750641985575118,1,0.5052035233245318
7076.json,charlie-crist,barely-true,1,speaker_disjoint_split,1,0.6171279977587363,0,0.46367234771294924
4509.json,john-kasich,barely-true,1,speaker_disjoint_split,1,0.5599811420312596,1,0.591353315401148
4269.json,sam-olens,true,0,speaker_disjoint_split,0,0.41210472647648116,0,0.31638804007148547
9564.json,sean-spicer,pants-fire,1,speaker_disjoint_split,0,0.4736900840034939,0,0.37280465704724414
4730.json,joe-biden,mostly-true,0,speaker_disjoint_split,0,0.18203668345516663,0,0.19515721814713535
9350.json,larry-pratt,false,1,speaker_disjoint_split,0,0.415839272408482,1,0.6070220375488116
10494.json,don-beyer,mostly-true,0,speaker_disjoint_split,0,0.28346276709081497,0,0.25582034462935416
4788.json,tim-kaine,false,1,speaker_disjoint_split,0,0.3712174774962919,0,0.4517077848058361
7616.json,john-kasich,true,0,speaker_disjoint_split,0,0.37477792169791196,0,0.3416446484709807
677.json,john-mccain,true,0,speaker_disjoint_split,0,0.36491865776022925,1,0.5573070717055677
7522.json,jeff-tittel,half-true,0,speaker_disjoint_split,0,0.2956976381485046,0,0.4223138719470398
12519.json,bernie-s,half-true,0,speaker_disjoint_split,1,0.5150753827355199,0,0.48259958965428573
11999.json,donald-trump,mostly-true,0,speaker_disjoint_split,0,0.2603401526530619,0,0.25625089041909743
8494.json,rush-limbaugh,barely-true,1,speaker_disjoint_split,1,0.7403470061511541,1,0.5643099279597186
10877.json,john-mccain,true,0,speaker_disjoint_split,0,0.2712458656202022,0,0.21341853063296
10426.json,carly-fiorina,barely-true,1,speaker_disjoint_split,1,0.5907146979106455,0,0.3659035941833121
11202.json,scott-walker,mostly-true,0,speaker_disjoint_split,0,0.4172999129086524,1,0.5733548079321561
12590.json,donald-trump,barely-true,1,speaker_disjoint_split,1,0.5658822215445407,1,0.6018729870545634
2216.json,john-kasich,half-true,0,speaker_disjoint_split,0,0.4579132093170752,0,0.3954195936106322
8462.json,nick-gillespie,mostly-true,0,speaker_disjoint_split,0,0.3886796125442462,0,0.34681492233661376
3853.json,bob-graham,barely-true,1,speaker_disjoint_split,0,0.3278858163846488,0,0.3652654503764019
8686.json,republican-party-florida,barely-true,1,speaker_disjoint_split,0,0.24999751253227168,0,0.24492107780851524
12865.json,donald-trump,false,1,speaker_disjoint_split,0,0.4955600227391436,1,0.5783476590740012
11483.json,donald-trump,false,1,speaker_disjoint_split,0,0.3885123924443926,0,0.433347909414373
4164.json,mike-males,mostly-true,0,speaker_disjoint_split,0,0.3748245180168336,0,0.3235534856579497
12918.json,gary-johnson,half-true,0,speaker_disjoint_split,0,0.3830553999588861,0,0.260211300247846
2952.json,debbie-wasserman-schultz,true,0,speaker_disjoint_split,0,0.3261808301890741,1,0.5944653793091547
12123.json,bernie-s,mostly-true,0,speaker_disjoint_split,0,0.332650108069286,0,0.1930042156061993
1586.json,charlie-crist,mostly-true,0,speaker_disjoint_split,0,0.41648563161987867,0,0.24477300508743355
11784.json,carly-fiorina,false,1,speaker_disjoint_split,0,0.3973808427379109,0,0.4552596845907996
452.json,bill-clinton,pants-fire,1,speaker_disjoint_split,1,0.5674189328948706,0,0.32416793936282345
12629.json,donald-trump,false,1,speaker_disjoint_split,1,0.5266911785144435,1,0.6899798437250734
8107.json,tom-cole,mostly-true,0,speaker_disjoint_split,0,0.48426897213908693,0,0.4268983265767107
12874.json,donald-trump,true,0,speaker_disjoint_split,1,0.7183737836405338,1,0.722009413973023
6075.json,sam-adams,true,0,speaker_disjoint_split,0,0.2173775164712358,0,0.3655114122018378
9684.json,scott-walker,false,1,speaker_disjoint_split,0,0.2752217977382323,0,0.466865769944849
8665.json,larry-pratt,half-true,0,speaker_disjoint_split,0,0.25418402983447047,0,0.3279688203099368
7898.json,stephen-sweeney,false,1,speaker_disjoint_split,0,0.23487464115039092,0,0.2329594798020917
12531.json,donald-trump,mostly-true,0,speaker_disjoint_split,0,0.3693832049421755,0,0.32088403292128487
8281.json,mayors-against-illegal-guns,half-true,0,speaker_disjoint_split,0,0.3525398474743867,0,0.3445981992243989
4470.json,nathan-deal,true,0,speaker_disjoint_split,0,0.27185732185026046,0,0.22192960257769254
12452.json,bernie-s,mostly-true,0,speaker_disjoint_split,1,0.5083635023152147,1,0.6068902553006692
12568.json,donald-trump,false,1,speaker_disjoint_split,1,0.6689278811718133,1,0.8064131468786081
4478.json,scott-walker,pants-fire,1,speaker_disjoint_split,0,0.37674874184365287,1,0.5010792612852758
11821.json,john-mccain,mostly-true,0,speaker_disjoint_split,0,0.4892847796390868,0,0.3947157791173431
1193.json,karl-rove,half-true,0,speaker_disjoint_split,1,0.714039294995665,1,0.7070145576609161
11045.json,blog-posting,pants-fire,1,speaker_disjoint_split,1,0.7523655460826085,1,0.8157786906742985
4377.json,blog-posting,pants-fire,1,speaker_disjoint_split,1,0.595201347126272,1,0.8141793034659675
10845.json,alex-mcmurtrie-jr,false,1,speaker_disjoint_split,0,0.3509347447232607,0,0.49877545644017796
11095.json,scott-walker,barely-true,1,speaker_disjoint_split,1,0.6304092665926833,1,0.675827527782158
8783.json,lloyd-doggett,true,0,speaker_disjoint_split,1,0.5643895118958623,1,0.5234373272462063
5858.json,eileen-brady,true,0,speaker_disjoint_split,1,0.7125778235098277,1,0.708503784121209
13476.json,blog-posting,false,1,speaker_disjoint_split,1,0.7622704629075384,1,0.8210884263639036
13307.json,donald-trump,false,1,speaker_disjoint_split,1,0.5677589368845659,1,0.5085156048181632
12772.json,bernie-s,mostly-true,0,speaker_disjoint_split,0,0.20881858766856168,0,0.38957265510625116
7262.json,college-presidents,mostly-true,0,speaker_disjoint_split,0,0.31257751281704643,0,0.25789651188032636
9474.json,rush-limbaugh,false,1,speaker_disjoint_split,1,0.5177000335284779,0,0.44476149403700327
2456.json,scott-walker,half-true,0,speaker_disjoint_split,0,0.36533343854522454,0,0.2897536490082749
2896.json,angel-taveras,mostly-true,0,speaker_disjoint_split,0,0.4191164334475182,1,0.5679653223906079
12081.json,donald-trump,false,1,speaker_disjoint_split,0,0.49591859976963804,1,0.6529785406895349
11896.json,donald-trump,pants-fire,1,speaker_disjoint_split,0,0.3797883086145177,0,0.19371834368531374
10771.json,tim-kaine,barely-true,1,speaker_disjoint_split,0,0.24552732228230703,0,0.34225268779862644
3178.json,ron-paul,pants-fire,1,speaker_disjoint_split,1,0.8116309492719121,1,0.6522928937119581
273.json,john-mccain,false,1,speaker_disjoint_split,1,0.7338336290346362,1,0.6450707917750855
8142.json,jeff-merkley,mostly-true,0,speaker_disjoint_split,0,0.24155137928068493,0,0.1372486735994539
564.json,john-mccain,mostly-true,0,speaker_disjoint_split,1,0.5240407848324462,0,0.4816780922947987
4675.json,new-jersey-democratic-state-committee,barely-true,1,speaker_disjoint_split,1,0.6536837779264191,1,0.5444162161596394
11535.json,ben-carson,mostly-true,0,speaker_disjoint_split,1,0.6332347094971614,1,0.58366553925567
8980.json,scott-walker,false,1,speaker_disjoint_split,0,0.3021292772235387,0,0.47124183635767275
10364.json,peter-feigin,false,1,speaker_disjoint_split,0,0.4707497414158688,0,0.3927998894762862
13276.json,donald-trump,pants-fire,1,speaker_disjoint_split,0,0.46096222636612766,1,0.5525309002615548
1597.json,citizens-lower-taxes-and-stronger-economy,half-true,0,speaker_disjoint_split,0,0.4562385094231275,0,0.38153795023694864
13427.json,donald-trump,false,1,speaker_disjoint_split,1,0.5905841953580195,1,0.7822662349737771
10958.json,bernie-s,mostly-true,0,speaker_disjoint_split,0,0.3157171885382097,0,0.23090835095017537
3198.json,bill-oreilly,true,0,speaker_disjoint_split,1,0.8297044852822894,1,0.6836414060775613
11979.json,bernie-s,barely-true,1,speaker_disjoint_split,0,0.28447702811403447,0,0.16742575828188427
11022.json,donna-brazile,mostly-true,0,speaker_disjoint_split,0,0.1758604317790398,0,0.14004343395798177
3247.json,whoopi-goldberg,half-true,0,speaker_disjoint_split,0,0.26931832517074394,0,0.29564296158786996
11309.json,donald-trump,barely-true,1,speaker_disjoint_split,1,0.6931936272360708,1,0.7222461237706989
10934.json,pamela-geller,half-true,0,speaker_disjoint_split,1,0.6645722769838294,1,0.8038763348924114
448.json,john-mccain,barely-true,1,speaker_disjoint_split,0,0.3867257395134532,0,0.33779277702293226
5359.json,restore-our-future,pants-fire,1,speaker_disjoint_split,1,0.5522800508128138,1,0.5258592512484368
1987.json,ron-klein,false,1,speaker_disjoint_split,1,0.6346131910756002,1,0.5421429691515997
6825.json,promote-oregon-leadership-pac-oregon-house-republi,half-true,0,speaker_disjoint_split,0,0.3839054267140434,0,0.4432994143241823
127.json,joe-biden,half-true,0,speaker_disjoint_split,0,0.4146673550555461,0,0.22335539562683035
5173.json,arne-duncan,mostly-true,0,speaker_disjoint_split,0,0.3101607692858674,0,0.44209601549174754
12232.json,john-kasich,mostly-true,0,speaker_disjoint_split,1,0.5174381619688024,0,0.40488867827477765
946.json,john-mccain,false,1,speaker_disjoint_split,0,0.4530582477835505,0,0.3562946666679485
6961.json,oregon-senate-republicans,mostly-true,0,speaker_disjoint_split,1,0.6103791377965015,1,0.6760716231102278
6631.json,kathleen-sebelius,half-true,0,speaker_disjoint_split,1,0.5333046161156777,1,0.5783784444485911
2285.json,sam-rashid,barely-true,1,speaker_disjoint_split,0,0.48151474785285897,0,0.31559936830474467
12536.json,david-beckham,true,0,speaker_disjoint_split,1,0.575857882996051,0,0.20871483819183204
7860.json,keith-faber,true,0,speaker_disjoint_split,0,0.15260640175434523,0,0.25466496130877936
1949.json,vern-buchanan,true,0,speaker_disjoint_split,0,0.40446127373021756,0,0.2767329028832207
3602.json,jeff-cogen,half-true,0,speaker_disjoint_split,0,0.33726659601539183,1,0.5199943994559026
12299.json,john-kirby,false,1,speaker_disjoint_split,1,0.5159435559725366,1,0.6040943033231927
7400.json,ed-fallone,false,1,speaker_disjoint_split,0,0.41885115856881355,0,0.22943490835749797
783.json,john-mccain,true,0,speaker_disjoint_split,0,0.39640952853056166,1,0.5393970973993533
3549.json,donald-trump,false,1,speaker_disjoint_split,1,0.7856641151116829,1,0.8211413593587131
10006.json,republican-party-florida,barely-true,1,speaker_disjoint_split,1,0.5274750001478148,1,0.5977634145615887
13353.json,donald-trump,barely-true,1,speaker_disjoint_split,0,0.4846454400728637,0,0.4972367518081067
12173.json,don-beyer,mostly-true,0,speaker_disjoint_split,0,0.49534026177107254,1,0.5824953063285654
3353.json,john-kasich,true,0,speaker_disjoint_split,0,0.22647647154966327,0,0.26149149938322414
1614.json,orrin-hatch,true,0,speaker_disjoint_split,0,0.34639381255548946,0,0.33699261962183324
6569.json,artur-davis,barely-true,1,speaker_disjoint_split,1,0.7199636625253325,1,0.7020839881907546
9205.json,gary-peters,half-true,0,speaker_disjoint_split,0,0.4738963030841468,1,0.5083858983404438
7883.json,dave-joyce,true,0,speaker_disjoint_split,1,0.7759101010305706,1,0.5634117619070103
7205.json,deepwater-wind,true,0,speaker_disjoint_split,0,0.4836718753530085,0,0.22419107566863553
9397.json,john-mccain,mostly-true,0,speaker_disjoint_split,0,0.4025714316377032,0,0.347818771800872
8515.json,republican-party-florida,barely-true,1,speaker_disjoint_split,1,0.5362993879469107,0,0.32158939012553245
6954.json,democratic-congressional-campaign-committee,barely-true,1,speaker_disjoint_split,1,0.622227909173441,1,0.5795319173375776
1602.json,annise-parker,half-true,0,speaker_disjoint_split,0,0.2855661054284678,0,0.22631982080562194
11673.json,charlotte-nash,true,0,speaker_disjoint_split,0,0.2451271876707406,0,0.21990590157682843
9611.json,blog-posting,pants-fire,1,speaker_disjoint_split,1,0.6291737071506424,1,0.7991287158670396
11107.json,club-growth,true,0,speaker_disjoint_split,1,0.8296866683583325,1,0.686087022102839
8284.json,se-cupp,half-true,0,speaker_disjoint_split,1,0.5372113618067315,0,0.42221005101417286
12059.json,bernie-s,true,0,speaker_disjoint_split,0,0.21609288960488793,0,0.21812635981911274
12386.json,minka-kelly,half-true,0,speaker_disjoint_split,1,0.6687507963615652,0,0.42927709646574486
676.json,john-mccain,false,1,speaker_disjoint_split,0,0.4260883533785472,0,0.4194314675288086
12753.json,donald-trump,mostly-true,0,speaker_disjoint_split,1,0.5607928600739404,1,0.5345642481066335
3248.json,john-kasich,mostly-true,0,speaker_disjoint_split,0,0.12380310399164673,0,0.17880199995825502
2336.json,scott-walker,barely-true,1,speaker_disjoint_split,0,0.4809566890194509,1,0.6950765932457628
5446.json,national-republican-congressional-committee,half-true,0,speaker_disjoint_split,0,0.45358237314105115,0,0.4258680521217831
7020.json,republican-governors-association,barely-true,1,speaker_disjoint_split,1,0.8220852967529622,1,0.7375344142733417
950.json,tom-coburn,false,1,speaker_disjoint_split,1,0.8060387004591116,1,0.7758733763257206
2927.json,randy-leonard,barely-true,1,speaker_disjoint_split,1,0.5005071390576985,1,0.6269984251587761
12139.json,pat-mccrory,half-true,0,speaker_disjoint_split,1,0.743445477205996,0,0.46029601952953497
11179.json,donald-trump,false,1,speaker_disjoint_split,1,0.5389636660940045,1,0.5349040011442916
4459.json,david-cicilline,true,0,speaker_disjoint_split,0,0.3933358170870956,0,0.42288137533472325
3655.json,donald-trump,pants-fire,1,speaker_disjoint_split,0,0.4705799695220432,1,0.7143152124567104
5537.json,john-kasich,half-true,0,speaker_disjoint_split,0,0.20553221762775314,0,0.15856281963700347
12711.json,tim-kaine,barely-true,1,speaker_disjoint_split,0,0.31383730848756075,0,0.34837431750757547
9134.json,heather-mcghee,barely-true,1,speaker_disjoint_split,0,0.40787711781863273,0,0.1633264909680478
10195.json,leonard-pitts-jr,half-true,0,speaker_disjoint_split,0,0.4345429002439987,1,0.5238366027764357
1397.json,karl-rove,half-true,0,speaker_disjoint_split,0,0.21665075478052853,0,0.3515703253653074
11329.json,carly-fiorina,mostly-true,0,speaker_disjoint_split,0,0.20797745519614227,0,0.30640429667676045
4015.json,democratic-congressional-campaign-committee,barely-true,1,speaker_disjoint_split,1,0.8376800464399495,1,0.7238582909106258
5298.json,armond-budish,true,0,speaker_disjoint_split,1,0.5978743086243232,0,0.4744703212356045
45.json,bill-richardson,pants-fire,1,speaker_disjoint_split,0,0.37210728047593333,0,0.469726553557287
10752.json,texas-organizing-project,true,0,speaker_disjoint_split,0,0.2439708768401758,0,0.18674636880121676
12032.json,john-kasich,half-true,0,speaker_disjoint_split,0,0.1323315782655362,0,0.17972858151158483
10775.json,rush-limbaugh,barely-true,1,speaker_disjoint_split,0,0.29280271952792924,0,0.3278087867767614
1030.json,colin-powell,half-true,0,speaker_disjoint_split,0,0.38770369838951224,0,0.18452286442306826
5711.json,elizabeth-ames-jones,barely-true,1,speaker_disjoint_split,0,0.24638958467975292,1,0.5986954041158398
11397.json,john-stemberger,false,1,speaker_disjoint_split,1,0.7154302706312112,1,0.6451773850793254
11790.json,john-cortes,true,0,speaker_disjoint_split,1,0.6089503041154666,0,0.4894613590248114
9792.json,john-padgett,true,0,speaker_disjoint_split,0,0.46354792745921947,0,0.2879662717695065
1058.json,ann-coulter,barely-true,1,speaker_disjoint_split,1,0.5826525778232055,1,0.6225689610167581
8912.json,charlie-crist,true,0,speaker_disjoint_split,0,0.25416450984448596,1,0.5613857541077822
824.json,john-mccain,half-true,0,speaker_disjoint_split,1,0.7219135974868538,1,0.7480672473414152
10792.json,jim-lampley,pants-fire,1,speaker_disjoint_split,0,0.1573454408183069,0,0.13758886925957223
5407.json,bill-pascrell,false,1,speaker_disjoint_split,0,0.2159954767229434,0,0.32123919840225645
11991.json,bernie-s,mostly-true,0,speaker_disjoint_split,0,0.22124176775570933,0,0.48642696476703284
7457.json,carolyn-medeiros,barely-true,1,speaker_disjoint_split,1,0.5869616616416754,0,0.42831363854895804
13348.json,debbie-wasserman-schultz,false,1,speaker_disjoint_split,0,0.44359324001150263,1,0.5148121228066109
13461.json,blog-posting,pants-fire,1,speaker_disjoint_split,0,0.47138517991582235,0,0.42996862334573654
1188.json,thomas-sowell,false,1,speaker_disjoint_split,1,0.626009140160038,1,0.659139756795755
797.json,john-mccain,false,1,speaker_disjoint_split,1,0.7022854064618104,0,0.47406189381156616
2304.json,arne-duncan,half-true,0,speaker_disjoint_split,0,0.12913877363234688,0,0.2336320557687357
7609.json,jeff-tittel,pants-fire,1,speaker_disjoint_split,1,0.6464338382170122,1,0.6576993911244364
9085.json,matt-damon,half-true,0,speaker_disjoint_split,0,0.2296563194001256,0,0.18558900002999507
8221.json,john-mccain,true,0,speaker_disjoint_split,1,0.5261704347739531,1,0.5887390814262613
4775.json,bill-clinton,half-true,0,speaker_disjoint_split,1,0.721222995761215,0,0.47422451025049095
8522.json,steve-leslie,mostly-true,0,speaker_disjoint_split,0,0.3160538011029869,0,0.22151531263008184
12974.json,gary-johnson,false,1,speaker_disjoint_split,0,0.37213877454687366,0,0.4407453066670926
13018.json,alex-castellanos,barely-true,1,speaker_disjoint_split,0,0.2347456570985237,1,0.7509432125169544
1832.json,carly-fiorina,false,1,speaker_disjoint_split,1,0.5057221240611325,0,0.4286294558195773
3290.json,florida-department-corrections-worker,mostly-true,0,speaker_disjoint_split,0,0.256005909655325,0,0.33061752158841107
6020.json,lisa-blais,barely-true,1,speaker_disjoint_split,0,0.3677462246874256,0,0.46084289166216813
10836.json,thomas-perez,half-true,0,speaker_disjoint_split,0,0.49361177627279434,0,0.33433231361801824
11067.json,scott-walker,mostly-true,0,speaker_disjoint_split,0,0.3158234932306572,0,0.3741159774576318
8007.json,robert-menendez,mostly-true,0,speaker_disjoint_split,1,0.5699908450288005,1,0.5615246795592014
3193.json,scott-walker,true,0,speaker_disjoint_split,0,0.4391824371623866,0,0.4191524284420602
3756.json,janet-napolitano,pants-fire,1,speaker_disjoint_split,0,0.4094825538988506,0,0.38839348413888125
3140.json,oregon-senate-republicans,barely-true,1,speaker_disjoint_split,0,0.23435582182360765,0,0.17789217781018976
6082.json,john-kasich,mostly-true,0,speaker_disjoint_split,0,0.410944796090224,0,0.3031790797628609
12767.json,corey-stewart,barely-true,1,speaker_disjoint_split,1,0.6516326733221942,1,0.7006428818316047
8657.json,daniel-mckee,mostly-true,0,speaker_disjoint_split,0,0.28541309881953714,0,0.21568014545141806
6278.json,debbie-wasserman-schultz,mostly-true,0,speaker_disjoint_split,0,0.20766824578998722,0,0.260181664607564
2839.json,atlanta-sports-council,false,1,speaker_disjoint_split,0,0.4000500482037798,0,0.2407032559601224
2471.json,susan-latvala,false,1,speaker_disjoint_split,0,0.21955295673035874,0,0.4031934186349991
3707.json,gary-johnson,mostly-true,0,speaker_disjoint_split,0,0.14798005253132002,0,0.20412016162459318
4.json,bill-richardson,mostly-true,0,speaker_disjoint_split,0,0.3397286952126967,0,0.35193373572626263
3344.json,scott-walker,false,1,speaker_disjoint_split,0,0.4261800302265218,0,0.412200187844283
10651.json,blog-posting,barely-true,1,speaker_disjoint_split,1,0.6992151150228557,1,0.7688111406739089
13105.json,gary-johnson,mostly-true,0,speaker_disjoint_split,0,0.2788128593882552,0,0.30956283017598185
2532.json,scott-walker,true,0,speaker_disjoint_split,1,0.6832994686064483,1,0.5088093476792239
7028.json,tim-kaine,mostly-true,0,speaker_disjoint_split,1,0.5540133788840171,0,0.3200068637133341
3936.json,wisconsin-humane-society,mostly-true,0,speaker_disjoint_split,1,0.6121298208248567,1,0.6216723659845934
9901.json,connie-stokes,half-true,0,speaker_disjoint_split,0,0.36776751779608036,0,0.37459557770193086
13088.json,tim-kaine,mostly-true,0,speaker_disjoint_split,0,0.44134753813286237,0,0.47183079644556747
11007.json,bernie-s,half-true,0,speaker_disjoint_split,0,0.4109298600453049,0,0.40098073770716647
9066.json,kathleen-sebelius,barely-true,1,speaker_disjoint_split,0,0.3618353747216199,1,0.5541166799812011
495.json,john-mccain,true,0,speaker_disjoint_split,1,0.708210824603688,1,0.5887697185033408
10395.json,scott-walker,half-true,0,speaker_disjoint_split,1,0.7343451596381088,0,0.49517511627015554
1709.json,charlie-crist,half-true,0,speaker_disjoint_split,1,0.5502619168064369,0,0.3909590761188741
2452.json,republican-governors-association,pants-fire,1,speaker_disjoint_split,0,0.4855454497348256,1,0.521203696011696
13266.json,donald-trump,barely-true,1,speaker_disjoint_split,0,0.32905306504272064,0,0.3737955497933805
3543.json,stefani-carter,half-true,0,speaker_disjoint_split,0,0.36188850134365197,0,0.22709027493393535
11803.json,donald-trump,false,1,speaker_disjoint_split,0,0.49685267491564095,1,0.5456989506062252
12188.json,bernie-s,false,1,speaker_disjoint_split,1,0.51400159418116,1,0.5097636311798598
13393.json,national-republican-congressional-committee,barely-true,1,speaker_disjoint_split,1,0.6430334092648073,1,0.5615263453033773
6815.json,lois-frankel,barely-true,1,speaker_disjoint_split,0,0.2775113041381758,0,0.3830050062032647
9839.json,scott-walker,mostly-true,0,speaker_disjoint_split,1,0.5772319657121621,1,0.5601241468624526
2077.json,yvette-mcgee-brown,true,0,speaker_disjoint_split,0,0.39865908565313746,0,0.42266378106273894
8298.json,dennis-richardson,false,1,speaker_disjoint_split,0,0.31933586831179567,0,0.30386066435306186
11354.json,ben-carson,barely-true,1,speaker_disjoint_split,0,0.4215209923953899,0,0.31947412060734703
8767.json,kathleen-vinehout,mostly-true,0,speaker_disjoint_split,0,0.42343642858804975,0,0.41232170668033874
44.json,bill-richardson,mostly-true,0,speaker_disjoint_split,0,0.46195467874441026,0,0.45132751223531675
11763.json,david-sweetser,true,0,speaker_disjoint_split,0,0.3031208752128408,0,0.23808995298481309
987.json,rush-limbaugh,false,1,speaker_disjoint_split,1,0.7052358753447917,0,0.41101971288647904
9579.json,charlie-crist,mostly-true,0,speaker_disjoint_split,1,0.7357739955584226,1,0.6507455174081725
6746.json,restore-our-future,barely-true,1,speaker_disjoint_split,0,0.3952733982410739,0,0.27992475810989664
9331.json,dan-patrick,false,1,speaker_disjoint_split,1,0.5696215047378338,1,0.6428798051274033
10109.json,no-tax-tracks,false,1,speaker_disjoint_split,0,0.3006669891951053,0,0.4851478759677352
6364.json,club-growth,barely-true,1,speaker_disjoint_split,0,0.46132841644881956,1,0.7358183382711792
11739.json,donald-trump,barely-true,1,speaker_disjoint_split,0,0.23623167561495367,0,0.3329357009364734
10045.json,nik-kovac,false,1,speaker_disjoint_split,1,0.6294297953593647,1,0.6258536048525506
4697.json,blog-posting,false,1,speaker_disjoint_split,1,0.7604593610555691,1,0.6748114918008102
7832.json,bryan-long,half-true,0,speaker_disjoint_split,0,0.16126312241210553,0,0.2384730793650947
5648.json,lynn-westmoreland,half-true,0,speaker_disjoint_split,0,0.4233300681937249,0,0.23270986030178512
7672.json,blog-posting,false,1,speaker_disjoint_split,1,0.7233045396100205,1,0.8124045749165169
9027.json,scott-walker,true,0,speaker_disjoint_split,0,0.42876973822700415,0,0.477404619268313
6641.json,bill-clinton,true,0,speaker_disjoint_split,0,0.19431617111765692,0,0.40045477623586007
7932.json,blog-posting,false,1,speaker_disjoint_split,0,0.06241736541390295,0,0.23374105485042942
11961.json,donald-trump,false,1,speaker_disjoint_split,1,0.753897457768289,1,0.7902692974609132
2463.json,tom-nelson,false,1,speaker_disjoint_split,1,0.5690600071695103,1,0.6031131524249814
430.json,focus-family-action,false,1,speaker_disjoint_split,1,0.7533357311414227,1,0.7984421713175436
974.json,arlen-specter,mostly-true,0,speaker_disjoint_split,1,0.5640390723418189,1,0.6536011976540784
7870.json,scott-walker,half-true,0,speaker_disjoint_split,0,0.22130484497855363,0,0.2431402923583436
425.json,john-mccain,false,1,speaker_disjoint_split,0,0.4907452087454074,1,0.5977119179829432
10802.json,ben-carson,false,1,speaker_disjoint_split,0,0.2511973389422011,0,0.3777247728042504
9070.json,no-tax-tracks,false,1,speaker_disjoint_split,0,0.4953369482772568,0,0.47330107068404664
10026.json,charlie-crist,mostly-true,0,speaker_disjoint_split,1,0.5361988517641366,1,0.5794838477061556
3556.json,saxby-chambliss,mostly-true,0,speaker_disjoint_split,0,0.222254483194909,0,0.1600508063544379
11392.json,dan-patrick,pants-fire,1,speaker_disjoint_split,0,0.2369956109272349,0,0.35872503388499083
12161.json,donald-trump,false,1,speaker_disjoint_split,1,0.5020421294404964,0,0.37863555465678095
13091.json,libre-initiative,mostly-true,0,speaker_disjoint_split,1,0.6322621625480579,0,0.4826134935890006
4785.json,robert-hagan,mostly-true,0,speaker_disjoint_split,0,0.16888448705786524,0,0.23761311062146803
2260.json,national-republican-congressional-committee,half-true,0,speaker_disjoint_split,1,0.5423642555301528,1,0.5297355918357499
9011.json,john-bolton,mostly-true,0,speaker_disjoint_split,1,0.6588100652926754,1,0.6672431041225706
2998.json,dean-cannon,true,0,speaker_disjoint_split,0,0.4690019182985234,0,0.2619755762865723
11953.json,donald-trump,false,1,speaker_disjoint_split,0,0.3329131534259626,0,0.39808565827915854
5296.json,democratic-congressional-campaign-committee,pants-fire,1,speaker_disjoint_split,1,0.5756825823922138,1,0.5541227256878966
1605.json,republican-party-florida,pants-fire,1,speaker_disjoint_split,1,0.5964873620760187,1,0.694656114347461
3315.json,christopher-peace,false,1,speaker_disjoint_split,1,0.6920257469482534,1,0.6479183660756622
7710.json,susan-b-anthony-list,pants-fire,1,speaker_disjoint_split,1,0.909178516151207,1,0.6196590923178056
8349.json,debbie-wasserman-schultz,mostly-true,0,speaker_disjoint_split,0,0.26622502429348305,0,0.38582714460247847
10684.json,scott-walker,true,0,speaker_disjoint_split,1,0.6913532894222557,1,0.5595770288068264
4324.json,arne-duncan,false,1,speaker_disjoint_split,0,0.4796987350860935,1,0.546855935180378
12458.json,donald-trump,pants-fire,1,speaker_disjoint_split,1,0.5689157346135861,0,0.47459787946054083
807.json,john-mccain,mostly-true,0,speaker_disjoint_split,0,0.46209950523558146,0,0.35476872100036666
8954.json,dan-branch,half-true,0,speaker_disjoint_split,1,0.6069857542288221,1,0.7753087710415208
13193.json,tim-kaine,true,0,speaker_disjoint_split,0,0.35262432144768074,0,0.20911067982909418
3077.json,john-kasich,true,0,speaker_disjoint_split,0,0.3960324695387609,0,0.4469834573278301
6441.json,new-jersey-democratic-state-committee,half-true,0,speaker_disjoint_split,0,0.3904690612245229,1,0.5320203676063856
9772.json,republican-party-florida,true,0,speaker_disjoint_split,1,0.5005591065136317,0,0.4721554911669923
1311.json,charlie-crist,false,1,speaker_disjoint_split,0,0.39322364747487143,0,0.36220634670373997
7079.json,saxby-chambliss,mostly-true,0,speaker_disjoint_split,0,0.36715253242712026,0,0.1812283248347888
11977.json,donald-trump,false,1,speaker_disjoint_split,0,0.46442183393448605,0,0.3379030626790841
11936.json,donald-trump,mostly-true,0,speaker_disjoint_split,1,0.5382012167898063,0,0.32032884268128825
706.json,john-mccain,pants-fire,1,speaker_disjoint_split,1,0.5970085629180176,0,0.40052920728474806
11190.json,scott-walker,mostly-true,0,speaker_disjoint_split,0,0.29010554232516,1,0.5663958440456529
11531.json,bernie-s,false,1,speaker_disjoint_split,0,0.4194355325145746,0,0.4652703319942846
6611.json,anthony-gemma,pants-fire,1,speaker_disjoint_split,0,0.25956587129767233,0,0.2930877621440524
12380.json,ken-cuccinelli,mostly-true,0,speaker_disjoint_split,0,0.4070074271576005,0,0.16801140759856853
10737.json,charlie-bethel,half-true,0,speaker_disjoint_split,0,0.3211265906587277,0,0.2623789881766087
13312.json,donald-trump,false,1,speaker_disjoint_split,1,0.5336497541332834,0,0.4513188407408697
26.json,john-mccain,mostly-true,0,speaker_disjoint_split,0,0.48785794346524725,1,0.6256961421431176
9664.json,scott-walker,mostly-true,0,speaker_disjoint_split,0,0.4994338512326677,0,0.30076156749558675
13446.json,ohio-republican-party,barely-true,1,speaker_disjoint_split,0,0.4938439569549984,1,0.7677550500068904
4569.json,steve-lonegan,false,1,speaker_disjoint_split,0,0.47945168554561557,0,0.43582115494586515
8581.json,pat-mccrory,barely-true,1,speaker_disjoint_split,0,0.3725437833967605,0,0.181145252892603
13518.json,donald-trump,half-true,0,speaker_disjoint_split,0,0.4879048963231093,0,0.307245201140969
11008.json,donald-trump,false,1,speaker_disjoint_split,1,0.6094396639482462,1,0.7293411693503703
10545.json,blog-posting,barely-true,1,speaker_disjoint_split,1,0.5911777250116304,1,0.7590298118998787
3446.json,david-cicilline,barely-true,1,speaker_disjoint_split,0,0.43544104927217847,0,0.19272918737208053
3086.json,nathan-deal,mostly-true,0,speaker_disjoint_split,1,0.6011538747068724,1,0.6527165233676371
10955.json,donald-trump,barely-true,1,speaker_disjoint_split,1,0.5335704613147957,1,0.5299763056627156
10441.json,scott-walker,pants-fire,1,speaker_disjoint_split,1,0.5514654568434192,1,0.5983401967119069
10047.json,jeanne-shaheen,barely-true,1,speaker_disjoint_split,1,0.6484265029363186,1,0.7398015204834858
9544.json,no-tax-tracks,half-true,0,speaker_disjoint_split,1,0.67378509980524,1,0.5738726674132127
9064.json,karl-rove,mostly-true,0,speaker_disjoint_split,0,0.2937992310961692,0,0.3821822129081769
11088.json,donald-trump,barely-true,1,speaker_disjoint_split,0,0.4128720348789705,0,0.28458578510389343
3509.json,joanne-kloppenburg,pants-fire,1,speaker_disjoint_split,1,0.6513133403095562,1,0.8046778094017474
1112.json,bill-pascrell,half-true,0,speaker_disjoint_split,0,0.23972913464432222,0,0.3312334250818942
8652.json,bill-oreilly,false,1,speaker_disjoint_split,1,0.7274625831618292,1,0.7619232704383798
2942.json,scott-walker,barely-true,1,speaker_disjoint_split,1,0.5540867756866256,1,0.7101878016919434
9840.json,megyn-kelly,true,0,speaker_disjoint_split,1,0.5169834187532323,1,0.5596380332291444
7597.json,kirk-watson,true,0,speaker_disjoint_split,1,0.6072240463323999,1,0.5602126361106223
6093.json,robert-menendez,false,1,speaker_disjoint_split,0,0.45559619505969845,0,0.4219191546311632
768.json,joe-biden,barely-true,1,speaker_disjoint_split,1,0.5275600873935862,0,0.4505623279140505
11897.json,bernie-s,mostly-true,0,speaker_disjoint_split,0,0.25520633048273744,0,0.3390155252913542
12306.json,donald-trump,false,1,speaker_disjoint_split,1,0.7112282486776538,1,0.5093682464688385
1453.json,franklin-sands,half-true,0,speaker_disjoint_split,0,0.10236514622175705,0,0.06914980738492459
11558.json,carly-fiorina,pants-fire,1,speaker_disjoint_split,1,0.8129394093852654,1,0.799212896155928
13447.json,donald-trump,mostly-true,0,speaker_disjoint_split,0,0.34847245084378103,1,0.5130271676987378
3317.json,tim-kaine,mostly-true,0,speaker_disjoint_split,0,0.19698066482200013,0,0.13285158199048536
1057.json,glenn-beck,false,1,speaker_disjoint_split,0,0.3477711400344592,0,0.2734742235995509
12969.json,donald-trump,barely-true,1,speaker_disjoint_split,1,0.5925371490608957,1,0.6383229170362272
5899.json,tim-kaine,true,0,speaker_disjoint_split,0,0.24795620056778378,0,0.3595108504017771
10112.json,scott-walker,false,1,speaker_disjoint_split,0,0.10643946017989561,0,0.20428554701908913
6959.json,rob-moshein,half-true,0,speaker_disjoint_split,0,0.17190757498351578,0,0.23542428176780197
3944.json,john-kasich,barely-true,1,speaker_disjoint_split,0,0.44375970789186453,0,0.40244545868948
13465.json,donald-trump,half-true,0,speaker_disjoint_split,1,0.5335150430592092,0,0.4095647311713131
8642.json,jorge-ramos,barely-true,1,speaker_disjoint_split,1,0.6648436821183391,1,0.6385165708810939
3992.json,better-austin-today-political-action-committee,barely-true,1,speaker_disjoint_split,0,0.2761864438647022,0,0.1304885039878816
4247.json,alberto-carvalho,half-true,0,speaker_disjoint_split,0,0.1851899808193066,0,0.2837870499897351
1521.json,charles-boustany,mostly-true,0,speaker_disjoint_split,1,0.582624731537004,1,0.6339707984274084
11408.json,debbie-wasserman-schultz,mostly-true,0,speaker_disjoint_split,0,0.27408894505621484,0,0.22459194696639806
6480.json,arne-duncan,mostly-true,0,speaker_disjoint_split,1,0.5433303949820658,0,0.3391821246996758
1714.json,lamar-alexander,true,0,speaker_disjoint_split,0,0.4220080800735347,1,0.5661214472723647
13452.json,amy-schumer,half-true,0,speaker_disjoint_split,0,0.4468430091717342,0,0.4013450524790007
5685.json,vern-buchanan,half-true,0,speaker_disjoint_split,1,0.6659139243314447,1,0.6397750945421363
8181.json,carly-fiorina,half-true,0,speaker_disjoint_split,0,0.20870415909719575,0,0.28443229476120185
622.json,john-mccain,half-true,0,speaker_disjoint_split,1,0.6605234566948888,0,0.4875741406149409
13054.json,chris-sununu,half-true,0,speaker_disjoint_split,1,0.5526593017979579,0,0.49102373998964854
703.json,john-mccain,mostly-true,0,speaker_disjoint_split,0,0.4053088685059388,1,0.501393858144111
270.json,joe-biden,false,1,speaker_disjoint_split,0,0.30675065817179265,0,0.3057284068365261
319.json,john-mccain,true,0,speaker_disjoint_split,0,0.2852569693013684,0,0.3178909795976269
4040.json,scott-walker,false,1,speaker_disjoint_split,0,0.3362653799795922,0,0.3785922720040929
7745.json,allison-tant,false,1,speaker_disjoint_split,1,0.6554527830626508,1,0.7589595091278756
11983.json,donald-trump,false,1,speaker_disjoint_split,1,0.5308828118523214,1,0.6038127805323527
2610.json,john-robitaille,true,0,speaker_disjoint_split,0,0.447374607602133,0,0.4458472202559753
11441.json,bill-oreilly,barely-true,1,speaker_disjoint_split,0,0.3130848816536612,0,0.2196536161938799
7980.json,lynn-westmoreland,true,0,speaker_disjoint_split,1,0.5237670914499157,0,0.46670400959770614
3612.json,john-kasich,half-true,0,speaker_disjoint_split,1,0.5413990791219836,0,0.4832630663926142
8546.json,scott-walker,half-true,0,speaker_disjoint_split,0,0.24322188141382553,0,0.3195161313065986
9607.json,bill-oreilly,mostly-true,0,speaker_disjoint_split,0,0.34178727135220754,0,0.37995572225725277
496.json,john-mccain,false,1,speaker_disjoint_split,1,0.7297245147689433,1,0.7061796043851746
2386.json,austan-goolsbee,false,1,speaker_disjoint_split,1,0.712475797419726,1,0.7172171877846527
7270.json,protect-families-first,false,1,speaker_disjoint_split,0,0.2261519912566772,0,0.28196539479438654
578.json,john-mccain,mostly-true,0,speaker_disjoint_split,1,0.5637684868609923,0,0.4209783391240928
8283.json,scott-walker,barely-true,1,speaker_disjoint_split,0,0.41723008169827674,0,0.4613830230011507
13225.json,donald-trump,half-true,0,speaker_disjoint_split,0,0.42405793087917104,0,0.4877215356286944
13256.json,national-republican-congressional-committee,true,0,speaker_disjoint_split,1,0.6266126552482146,1,0.5883300504727413
12556.json,donald-trump,true,0,speaker_disjoint_split,0,0.3279981039711985,0,0.49481681968713465
12539.json,joaquin-castro,mostly-true,0,speaker_disjoint_split,0,0.3616542939391094,0,0.23772802318242678
71.json,ron-paul,false,1,speaker_disjoint_split,0,0.37511830037648813,0,0.347873200058001
4244.json,saxby-chambliss,mostly-true,0,speaker_disjoint_split,0,0.36372693730617767,0,0.3149383195223996
1887.json,john-oxendine,true,0,speaker_disjoint_split,0,0.17005982360979222,0,0.14132035347519603
567.json,john-mccain,true,0,speaker_disjoint_split,1,0.5169845376597957,0,0.40914739595649297
271.json,joe-biden,false,1,speaker_disjoint_split,1,0.510651236369174,0,0.333923314488355
12120.json,bernie-s,true,0,speaker_disjoint_split,0,0.26868442883368476,0,0.27881581266447786
1001.json,arlen-specter,false,1,speaker_disjoint_split,1,0.5853775191472795,1,0.7034265171351327
4723.json,jon-huntsman,mostly-true,0,speaker_disjoint_split,0,0.31232027420959835,0,0.39563379478201527
3395.json,dan-patrick,barely-true,1,speaker_disjoint_split,0,0.25142306226238526,0,0.26628616589816706
9935.json,charlie-crist,barely-true,1,speaker_disjoint_split,1,0.6293799150003567,0,0.47226904526664065
68.json,joe-biden,half-true,0,speaker_disjoint_split,0,0.48270406458219584,0,0.28867348298149353
2567.json,citizens-lower-taxes-and-stronger-economy,barely-true,1,speaker_disjoint_split,1,0.5661546525882528,0,0.41452138388545323
11357.json,bernie-s,barely-true,1,speaker_disjoint_split,0,0.3925299606718488,0,0.3090492081367138
952.json,joe-biden,half-true,0,speaker_disjoint_split,0,0.18353768072500454,0,0.26474024411366615
224.json,joe-biden,true,0,speaker_disjoint_split,1,0.698027343781591,1,0.6030021868180181
2795.json,tim-kaine,mostly-true,0,speaker_disjoint_split,0,0.4020759897305768,1,0.5228513117048961
1371.json,karl-rove,barely-true,1,speaker_disjoint_split,1,0.5651205771036887,1,0.6346184320213598
9645.json,jamie-weinstein,half-true,0,speaker_disjoint_split,0,0.18098999165209334,0,0.22083626179016563
577.json,john-mccain,half-true,0,speaker_disjoint_split,1,0.6650718983065725,1,0.6120659103365331
8964.json,republican-party-florida,barely-true,1,speaker_disjoint_split,1,0.7570050681265814,1,0.8240317167959434
6355.json,george-flinn,pants-fire,1,speaker_disjoint_split,1,0.6104058865165287,1,0.641315187996267
9924.json,blog-posting,pants-fire,1,speaker_disjoint_split,1,0.6589508511316846,1,0.6574367456634385
6388.json,francisco-quico-canseco,half-true,0,speaker_disjoint_split,1,0.5493715195282879,0,0.46932129593541005
3882.json,tom-rooney,mostly-true,0,speaker_disjoint_split,0,0.3335652524160503,0,0.3833972093275511
4158.json,john-kasich,mostly-true,0,speaker_disjoint_split,0,0.35829353641111916,0,0.35026722270734556
12989.json,donald-trump,false,1,speaker_disjoint_split,1,0.5715162240275147,1,0.647271452132603
2751.json,democratic-congressional-campaign-committee,half-true,0,speaker_disjoint_split,1,0.655671827856987,1,0.5075982948471076
8539.json,mr-conservative,pants-fire,1,speaker_disjoint_split,1,0.6699943617867128,0,0.4828794206601156
8478.json,kathleen-sebelius,pants-fire,1,speaker_disjoint_split,1,0.5815707255995388,1,0.5009287988748186
7558.json,bruce-hanna,false,1,speaker_disjoint_split,0,0.26362899547856183,0,0.3069450871224279
11240.json,donald-trump,half-true,0,speaker_disjoint_split,0,0.2044633521134272,0,0.2688021968474679
12616.json,donald-trump,barely-true,1,speaker_disjoint_split,1,0.5920723045523024,0,0.3923778576081474
10247.json,scott-walker,barely-true,1,speaker_disjoint_split,0,0.2964321325188063,0,0.3308413384350312
791.json,john-mccain,half-true,0,speaker_disjoint_split,1,0.6354123990883825,1,0.6878892889454599
11341.json,donald-trump,false,1,speaker_disjoint_split,1,0.583693684284136,1,0.643484068192385
11702.json,scott-walker,true,0,speaker_disjoint_split,0,0.30729393239904346,0,0.47829271755638275
12564.json,tim-kaine,mostly-true,0,speaker_disjoint_split,0,0.37644860607281905,0,0.22192749021275607
12346.json,joe-biden,false,1,speaker_disjoint_split,0,0.26624004577184257,0,0.22164064515803902
12742.json,donald-trump,half-true,0,speaker_disjoint_split,1,0.5716980048863901,1,0.6546265820868491
2799.json,kathie-glass,pants-fire,1,speaker_disjoint_split,0,0.3256148304468882,0,0.3892985421229737
12297.json,new-day-america,half-true,0,speaker_disjoint_split,1,0.5040721498173878,1,0.7427186661433386
10636.json,florida-students-concealed-carry,barely-true,1,speaker_disjoint_split,0,0.46686074991627513,0,0.30857777106609674
3297.json,state-democratic-party-wisconsin,false,1,speaker_disjoint_split,0,0.3499739942409509,0,0.3541112298476014
3770.json,ron-paul,mostly-true,0,speaker_disjoint_split,0,0.172999750148049,0,0.3730838031484332
8661.json,michael-chippendale,mostly-true,0,speaker_disjoint_split,0,0.35773596224005555,0,0.23201157315982748
12263.json,donald-trump,false,1,speaker_disjoint_split,0,0.4589161858221285,1,0.5786909100327949
159.json,joe-biden,barely-true,1,speaker_disjoint_split,1,0.5003156250920002,0,0.37474397199204934
11651.json,scott-walker,barely-true,1,speaker_disjoint_split,0,0.3439432439622411,0,0.3485358772641213
11613.json,peter-kinder,pants-fire,1,speaker_disjoint_split,1,0.5164562103730659,1,0.5099168391883916
8784.json,robert-puente,false,1,speaker_disjoint_split,0,0.20580743165933701,0,0.2071863188410074
10582.json,david-jolly,mostly-true,0,speaker_disjoint_split,1,0.7039184466782855,1,0.7285844495627642
4265.json,state-democratic-party-wisconsin,pants-fire,1,speaker_disjoint_split,1,0.568944120055779,0,0.4397595741222535
6927.json,nathan-deal,half-true,0,speaker_disjoint_split,0,0.17289357589735957,0,0.07026586403484675
547.json,john-mccain,pants-fire,1,speaker_disjoint_split,1,0.7904263191330896,1,0.7703650080035446
11419.json,bernie-s,mostly-true,0,speaker_disjoint_split,0,0.13267990834622545,0,0.13056575318729907
3234.json,glenn-beck,false,1,speaker_disjoint_split,1,0.5653826779162265,1,0.5230313439037189
12476.json,rush-limbaugh,false,1,speaker_disjoint_split,1,0.6155581000508064,1,0.6636341885537037
3715.json,scott-walker,true,0,speaker_disjoint_split,0,0.4444558124684951,0,0.456122336176434
7611.json,susan-yoshihara,false,1,speaker_disjoint_split,1,0.6436271357472826,1,0.6892109967863949
8923.json,national-republican-congressional-committee,half-true,0,speaker_disjoint_split,1,0.8063910548717408,1,0.6616781083103993
8786.json,national-republican-congressional-committee,half-true,0,speaker_disjoint_split,0,0.3214397705939995,1,0.5029555564904044
318.json,john-mccain,barely-true,1,speaker_disjoint_split,0,0.2604641212182489,0,0.33238917161234444
10776.json,richard-clarke,barely-true,1,speaker_disjoint_split,1,0.647299488197902,1,0.5901466223433836
2718.json,lloyd-doggett,mostly-true,0,speaker_disjoint_split,1,0.5536960385007159,1,0.7659061483013858
12501.json,gary-johnson,barely-true,1,speaker_disjoint_split,0,0.42931923345563583,0,0.4060786931899979
6894.json,joe-biden,half-true,0,speaker_disjoint_split,0,0.297907836518043,0,0.31584524716060935
12852.json,donald-trump,pants-fire,1,speaker_disjoint_split,0,0.4746558238271953,1,0.6345748995052942
11618.json,donald-trump,pants-fire,1,speaker_disjoint_split,0,0.3448464226916237,0,0.3096543355446524
4176.json,sam-olens,false,1,speaker_disjoint_split,0,0.2896136533156439,0,0.36014570531262535
7058.json,taxpayer-association-oregon,half-true,0,speaker_disjoint_split,1,0.5201348737572883,1,0.5278057883104451
2454.json,republican-party-florida,barely-true,1,speaker_disjoint_split,1,0.6860455642351065,1,0.5617912718961189
5726.json,sara-stevenson,barely-true,1,speaker_disjoint_split,0,0.37699562876711207,0,0.478631778167733
3015.json,mike-polensek,half-true,0,speaker_disjoint_split,0,0.2186078318666511,0,0.20974210834070955
5901.json,oregon-league-conservation-voters,barely-true,1,speaker_disjoint_split,1,0.7576957919097873,1,0.816772436068997
11882.json,carly-fiorina,true,0,speaker_disjoint_split,0,0.37819354297210267,0,0.3006659082976072
8227.json,bill-clinton,true,0,speaker_disjoint_split,0,0.49905824973120827,0,0.4290548766862373
3138.json,ken-cuccinelli,true,0,speaker_disjoint_split,1,0.6340492602543856,0,0.46504782581041865
2301.json,michael-thurmond,true,0,speaker_disjoint_split,0,0.4488711204715325,0,0.30323339357119106
5809.json,samuel-wurzelbacher,false,1,speaker_disjoint_split,1,0.7465959405324535,1,0.6709173738200322
7761.json,charlie-crist,false,1,speaker_disjoint_split,1,0.729462636456489,1,0.6921540209892982
2488.json,sam-adams,half-true,0,speaker_disjoint_split,0,0.38922988673134057,0,0.35885404713313646
3947.json,ted-ferrioli,half-true,0,speaker_disjoint_split,0,0.4220964303158885,1,0.5437022885422537
12862.json,donald-trump,pants-fire,1,speaker_disjoint_split,1,0.5394250341171879,1,0.7293549324927633
1004.json,joe-biden,pants-fire,1,speaker_disjoint_split,1,0.6789691199686887,1,0.6946331032789346
1466.json,debra-medina,half-true,0,speaker_disjoint_split,0,0.14993068146191854,0,0.2793100068501642
2343.json,yvette-mcgee-brown,true,0,speaker_disjoint_split,0,0.17059181518743413,0,0.17171716870122677
2951.json,democratic-congressional-campaign-committee,half-true,0,speaker_disjoint_split,1,0.6383234862502722,0,0.4423367002902244
2156.json,catherine-taylor,false,1,speaker_disjoint_split,0,0.1955922855300372,0,0.1575517221012179
13414.json,donald-trump,half-true,0,speaker_disjoint_split,1,0.6341128494173488,1,0.5320441709311154
11597.json,ben-carson,barely-true,1,speaker_disjoint_split,1,0.7260588816576937,1,0.7437564189134471
9795.json,republican-party-florida,pants-fire,1,speaker_disjoint_split,1,0.6151504619046096,0,0.46926830417353904
5295.json,joseph-trillo,half-true,0,speaker_disjoint_split,0,0.48579358324406613,0,0.4100417801944317
48.json,ron-paul,mostly-true,0,speaker_disjoint_split,0,0.3471536087832407,0,0.44313481594651716
4587.json,jon-huntsman,half-true,0,speaker_disjoint_split,0,0.3734452239646045,0,0.3389342903235046
2583.json,rob-cornilles,half-true,0,speaker_disjoint_split,1,0.6276590310949751,1,0.6063127496548623
13406.json,donald-trump,true,0,speaker_disjoint_split,1,0.541606377539821,1,0.6414995510315782
12357.json,david-jolly,barely-true,1,speaker_disjoint_split,0,0.43885478184529025,0,0.3453959841816033
3184.json,glenn-beck,half-true,0,speaker_disjoint_split,1,0.6204501187662168,1,0.6759508552373603
11530.json,republican-party-florida,mostly-true,0,speaker_disjoint_split,0,0.11807315427138676,0,0.18601940571224881
5267.json,nathan-deal,false,1,speaker_disjoint_split,0,0.41737885492246624,0,0.38125774935444445
5088.json,jon-huntsman,half-true,0,speaker_disjoint_split,0,0.38390074595484164,0,0.3235943859998757
8346.json,jeb-hensarling,pants-fire,1,speaker_disjoint_split,1,0.6508619686522455,1,0.6985298363324846
10629.json,james-carville,false,1,speaker_disjoint_split,1,0.5476107273869405,0,0.46396160920857227
2118.json,melanie-crozier,pants-fire,1,speaker_disjoint_split,1,0.5776959808762707,1,0.717579761012126
3812.json,rush-limbaugh,barely-true,1,speaker_disjoint_split,0,0.46281017045498474,0,0.30135314623230597
3042.json,new-georgia-encyclopedia,true,0,speaker_disjoint_split,1,0.793312193128074,1,0.7590658584363967
2694.json,promote-oregon-leadership-pac-oregon-house-republi,true,0,speaker_disjoint_split,1,0.6857413511423147,1,0.6327094423462206
3383.json,blog-posting,false,1,speaker_disjoint_split,1,0.577604924320381,1,0.702693865548699
5823.json,nathan-deal,barely-true,1,speaker_disjoint_split,0,0.3371312227827381,0,0.3477903884231096
12470.json,donald-trump,barely-true,1,speaker_disjoint_split,0,0.49400746754233915,1,0.6966794154152545
666.json,joe-biden,half-true,0,speaker_disjoint_split,0,0.40050491408976074,0,0.3208256124521145
2937.json,john-kasich,true,0,speaker_disjoint_split,0,0.14640331525491493,0,0.18433784502692413
138.json,ron-paul,mostly-true,0,speaker_disjoint_split,1,0.6452180763214694,1,0.5937321267831631
4720.json,jon-huntsman,true,0,speaker_disjoint_split,0,0.15651350762404953,0,0.29565342685672563
1111.json,bill-pascrell,half-true,0,speaker_disjoint_split,0,0.2688716304996508,0,0.23485741987390532
7105.json,paul-levesque,mostly-true,0,speaker_disjoint_split,1,0.5754712434893936,1,0.5424224470135751
8605.json,donna-brazile,mostly-true,0,speaker_disjoint_split,1,0.6587602383010942,1,0.720465435985009
330.json,john-mccain,half-true,0,speaker_disjoint_split,0,0.2234643146544389,0,0.4513674989839714
12693.json,joe-biden,half-true,0,speaker_disjoint_split,0,0.4626461323269567,0,0.4662890955994418
819.json,republican-party-florida,half-true,0,speaker_disjoint_split,1,0.6922034964097481,1,0.6457433105008922
7934.json,stephen-sweeney,mostly-true,0,speaker_disjoint_split,0,0.49165747659838094,1,0.5694456248362353
614.json,john-mccain,barely-true,1,speaker_disjoint_split,1,0.6006341861631398,0,0.4776320492058207
7208.json,american-international-group,mostly-true,0,speaker_disjoint_split,0,0.33433993776215576,0,0.39917276544806923
642.json,joe-biden,true,0,speaker_disjoint_split,0,0.17447822507280628,0,0.38230979033798496
12166.json,donald-trump,pants-fire,1,speaker_disjoint_split,1,0.6726414251292411,1,0.5945066196331431
6793.json,yes-82-and-83-campaign,half-true,0,speaker_disjoint_split,0,0.36780978165462735,1,0.506118847425503
9565.json,charlie-crist,half-true,0,speaker_disjoint_split,0,0.30706431923682836,0,0.2994766669638828
13376.json,dan-patrick,true,0,speaker_disjoint_split,1,0.6919013628065945,1,0.5962049953830404
11061.json,jan-brewer,barely-true,1,speaker_disjoint_split,1,0.5482824310590353,1,0.5380513459429231
12434.json,donald-trump,pants-fire,1,speaker_disjoint_split,1,0.5448283717398028,1,0.5042074648178851
1703.json,bill-clinton,half-true,0,speaker_disjoint_split,1,0.52972758917507,0,0.43423108347949774
4443.json,ron-paul,mostly-true,0,speaker_disjoint_split,0,0.2780964745839,0,0.4476066580669127
9918.json,scott-walker,true,0,speaker_disjoint_split,1,0.5696445000990661,1,0.5368190437416812
10319.json,tom-coburn,half-true,0,speaker_disjoint_split,1,0.5022452300938574,0,0.23653107640526977
9057.json,nathan-deal,barely-true,1,speaker_disjoint_split,0,0.21394590339286365,0,0.15964399916617944
1457.json,glenn-beck,half-true,0,speaker_disjoint_split,0,0.4913041869623124,0,0.37609441961152884
4163.json,ron-paul,true,0,speaker_disjoint_split,0,0.3410403418633296,0,0.258183043512562
3183.json,democratic-congressional-campaign-committee,pants-fire,1,speaker_disjoint_split,1,0.6785608322912363,1,0.5861901042163099
2038.json,john-oxendine,half-true,0,speaker_disjoint_split,0,0.3455374472936898,0,0.4219869105121895
1837.json,colin-powell,true,0,speaker_disjoint_split,0,0.3197551103634483,0,0.13696821053677322
6296.json,bill-pascrell,false,1,speaker_disjoint_split,1,0.652893024424658,1,0.6944484631054166
3448.json,sam-adams,mostly-true,0,speaker_disjoint_split,1,0.5687382707756726,0,0.4344617859164905
3292.json,donna-brazile,mostly-true,0,speaker_disjoint_split,0,0.2297327462510895,0,0.27816348462928914
12828.json,bike-austin,barely-true,1,speaker_disjoint_split,0,0.48110425304929477,0,0.35972134698643904
10596.json,john-fredericks,false,1,speaker_disjoint_split,0,0.4534497517226827,0,0.38516201005323375
4942.json,jon-huntsman,barely-true,1,speaker_disjoint_split,0,0.18923966402838296,0,0.10715503821583247
6718.json,jeanne-shaheen,half-true,0,speaker_disjoint_split,0,0.23737243554196272,0,0.1507288810733619
6796.json,val-demings,barely-true,1,speaker_disjoint_split,0,0.33983534968266416,1,0.6359609382244307
3479.json,joanne-kloppenburg,barely-true,1,speaker_disjoint_split,1,0.6075779464613297,1,0.7571147504886191
6997.json,tim-kaine,mostly-true,0,speaker_disjoint_split,0,0.3914790084954899,0,0.4776488575354481
8398.json,national-republican-congressional-committee,barely-true,1,speaker_disjoint_split,1,0.6668991018258911,0,0.47221571574607984
11003.json,blog-posting,false,1,speaker_disjoint_split,1,0.7488612653674991,1,0.8971726249283394
4674.json,iowans-some-semblance-christian-decency,false,1,speaker_disjoint_split,0,0.4626891655059743,1,0.5745154333646721
2025.json,keith-olbermann,false,1,speaker_disjoint_split,0,0.2198971440243884,0,0.21695227312942691
11041.json,bernie-s,mostly-true,0,speaker_disjoint_split,0,0.17734154782392714,0,0.21973186499891503
1374.json,charlie-crist,true,0,speaker_disjoint_split,1,0.5658919832513606,0,0.32804798669736795
8144.json,ken-cuccinelli,half-true,0,speaker_disjoint_split,0,0.4538891314714335,1,0.614002435593134
4441.json,debbie-wasserman-schultz,mostly-true,0,speaker_disjoint_split,0,0.13414460874630135,0,0.09599953958279374
5504.json,lenny-curry,false,1,speaker_disjoint_split,1,0.5403740417730983,1,0.5022901384328194
6646.json,bill-clinton,true,0,speaker_disjoint_split,0,0.47093044358627795,1,0.6314250004593758
13349.json,donald-trump,pants-fire,1,speaker_disjoint_split,1,0.6855627954657414,1,0.7683334997193931
11556.json,ben-carson,barely-true,1,speaker_disjoint_split,1,0.6586860105414625,1,0.607084538285944
1795.json,charlie-crist,mostly-true,0,speaker_disjoint_split,0,0.4557336807067545,0,0.3737459800688464
8256.json,steve-munisteri,half-true,0,speaker_disjoint_split,0,0.39884098783158567,0,0.4648955703618374
10052.json,sarah-silverman,half-true,0,speaker_disjoint_split,0,0.1582954318628146,0,0.145693280883583
9651.json,debbie-wasserman-schultz,mostly-true,0,speaker_disjoint_split,1,0.5592507416919956,0,0.49770789378799474
12277.json,donald-trump,mostly-true,0,speaker_disjoint_split,0,0.15984240205280192,0,0.09689646268196804
12326.json,donald-trump,pants-fire,1,speaker_disjoint_split,1,0.5980649110942143,1,0.6259428874493567
8715.json,donna-brazile,mostly-true,0,speaker_disjoint_split,0,0.3703770943402917,0,0.49451786930903513
2150.json,chris-carpenter,pants-fire,1,speaker_disjoint_split,1,0.7097520531000227,1,0.7084512910986319
5030.json,jeff-merkley,true,0,speaker_disjoint_split,0,0.45392205782077255,0,0.335884794139646
11734.json,carly-fiorina,barely-true,1,speaker_disjoint_split,0,0.3733894923839655,0,0.2670253422172499
616.json,john-mccain,barely-true,1,speaker_disjoint_split,1,0.6669756327813958,1,0.6103542382111299
1901.json,james-carville,barely-true,1,speaker_disjoint_split,1,0.5945153136329308,0,0.45339104004419895
13373.json,chris-sununu,false,1,speaker_disjoint_split,1,0.5503011806271626,0,0.3583364327846876
1637.json,charlie-crist,false,1,speaker_disjoint_split,0,0.3556546414752982,0,0.2963296040253241
5255.json,john-kasich,true,0,speaker_disjoint_split,0,0.2180679062161865,0,0.3491364661946383
11104.json,donald-trump,false,1,speaker_disjoint_split,1,0.53291494201348,0,0.4569443704115937
13233.json,donald-trump,barely-true,1,speaker_disjoint_split,1,0.7047220783208633,1,0.6504235073581789
2306.json,donna-brazile,mostly-true,0,speaker_disjoint_split,0,0.26323719043375615,0,0.3406341742181667
9677.json,joe-biden,half-true,0,speaker_disjoint_split,0,0.36618556126833013,0,0.3554413941054772
11975.json,john-mccain,barely-true,1,speaker_disjoint_split,1,0.568378471068178,1,0.6243303012673177
2310.json,chip-rogers,barely-true,1,speaker_disjoint_split,0,0.41158155945113584,0,0.3471683776086234
12876.json,bill-clinton,mostly-true,0,speaker_disjoint_split,1,0.5571624452337774,0,0.4796940893561791
6005.json,scott-walker,half-true,0,speaker_disjoint_split,0,0.24730441081916624,0,0.3933269169750684
6798.json,yg-action-fund,half-true,0,speaker_disjoint_split,1,0.5971172722404634,1,0.7566096236458794
2350.json,blog-posting,pants-fire,1,speaker_disjoint_split,0,0.24514455269602153,0,0.43106013912115543
5969.json,scott-walker,false,1,speaker_disjoint_split,1,0.5071791592311153,1,0.5560316252709199
9086.json,mark-begich,mostly-true,0,speaker_disjoint_split,1,0.599643402200062,0,0.4367940720616497
2886.json,blog-posting,pants-fire,1,speaker_disjoint_split,1,0.6237789251148702,1,0.8356805221426294
9188.json,james-carville,barely-true,1,speaker_disjoint_split,1,0.6106644445728642,1,0.677055427528777
7875.json,abel-collins,mostly-true,0,speaker_disjoint_split,0,0.44558688098124916,0,0.2188733817102839
3925.json,debbie-wasserman-schultz,mostly-true,0,speaker_disjoint_split,0,0.27796513342835444,0,0.30045064821600687
4196.json,jon-huntsman,barely-true,1,speaker_disjoint_split,0,0.36783925066446654,0,0.4883321813308198
2119.json,john-robitaille,half-true,0,speaker_disjoint_split,1,0.633361614700034,1,0.6355789329181029
13501.json,blog-posting,pants-fire,1,speaker_disjoint_split,1,0.580610234915155,1,0.7701970737965665
13195.json,donald-trump,false,1,speaker_disjoint_split,0,0.46789392149005127,1,0.5695449398915753
3347.json,brian-moran,half-true,0,speaker_disjoint_split,1,0.6059133388066014,1,0.6888673149138486
10979.json,bill-clinton,mostly-true,0,speaker_disjoint_split,1,0.5458126062624771,1,0.5297877996574057
12726.json,donald-trump,false,1,speaker_disjoint_split,0,0.43026823405547077,1,0.6561546185468627
3569.json,john-kasich,false,1,speaker_disjoint_split,1,0.5449879839333232,1,0.6414060643813134
4577.json,occupied-wall-street-journal,half-true,0,speaker_disjoint_split,0,0.30368610733836227,0,0.16247571190716398
13008.json,donald-trump,barely-true,1,speaker_disjoint_split,1,0.6328330924638291,1,0.5847649665110355
11856.json,bernie-s,half-true,0,speaker_disjoint_split,0,0.23645700249380003,0,0.2611944284034959
8579.json,mike-plant,mostly-true,0,speaker_disjoint_split,0,0.39821501124798286,0,0.36857335060421814
5291.json,jim-whelan,mostly-true,0,speaker_disjoint_split,0,0.09975538069680036,0,0.14207662962905823
12421.json,scott-walker,mostly-true,0,speaker_disjoint_split,0,0.2531097266083772,0,0.34908477925718634
7391.json,keith-faber,true,0,speaker_disjoint_split,0,0.0827338295849134,0,0.22752251011444202
632.json,jerome-corsi,false,1,speaker_disjoint_split,1,0.7799854427232511,1,0.6709803627500498
13189.json,tim-kaine,true,0,speaker_disjoint_split,0,0.32676337010919115,0,0.4614012660621871
7996.json,ken-cuccinelli,false,1,speaker_disjoint_split,1,0.6954028331508134,1,0.5031793262004293
3924.json,gary-black,half-true,0,speaker_disjoint_split,0,0.2533042915960335,0,0.3294707747142715
3467.json,nathan-deal,mostly-true,0,speaker_disjoint_split,0,0.3567696866311242,0,0.2776970326422606
11508.json,david-cicilline,half-true,0,speaker_disjoint_split,0,0.3478029879159976,0,0.20152495152908342
2497.json,mark-hinkle,true,0,speaker_disjoint_split,0,0.31245903171864997,0,0.4391322035172223
12785.json,bill-clinton,mostly-true,0,speaker_disjoint_split,1,0.5179769958720885,0,0.3896711133319916
3690.json,national-republican-congressional-committee,mostly-true,0,speaker_disjoint_split,0,0.17783672169405743,0,0.087630177905304
1402.json,donna-brazile,mostly-true,0,speaker_disjoint_split,0,0.45330613412267406,0,0.4592238513184588
13243.json,donald-trump,barely-true,1,speaker_disjoint_split,1,0.6014522390774982,1,0.5499851250609119
7409.json,dave-joyce,true,0,speaker_disjoint_split,0,0.1507371766359911,0,0.2140620463263829
2129.json,jeanne-shaheen,half-true,0,speaker_disjoint_split,0,0.20420291095303025,0,0.2792303591061952
3530.json,bob-graham,mostly-true,0,speaker_disjoint_split,0,0.14800917273228037,0,0.22214630909727676
320.json,john-mccain,true,0,speaker_disjoint_split,1,0.5603453115011034,0,0.4291622185156045
7078.json,kirk-watson,mostly-true,0,speaker_disjoint_split,0,0.1602707976774969,0,0.12101711617228783
696.json,john-mccain,false,1,speaker_disjoint_split,1,0.5066092702576787,0,0.44542658017368936
4648.json,phil-kent,false,1,speaker_disjoint_split,1,0.5518994488942565,1,0.6528985437932077
10736.json,mike-huebsch,false,1,speaker_disjoint_split,1,0.6594182934783053,1,0.8456150523024217
12857.json,donald-trump,false,1,speaker_disjoint_split,0,0.29800778867089317,0,0.17693935450166
11671.json,debbie-wasserman-schultz,pants-fire,1,speaker_disjoint_split,0,0.3496451924258024,0,0.4601875671264357
1.json,barbara-ann-radnofsky,pants-fire,1,speaker_disjoint_split,1,0.5764575806345614,1,0.564329195075406
8135.json,dubose-porter,mostly-true,0,speaker_disjoint_split,0,0.1429574851203572,0,0.19579292202276147
4469.json,brad-avakian,false,1,speaker_disjoint_split,0,0.1898506594245287,0,0.48793015547110113
6993.json,democratic-congressional-campaign-committee,false,1,speaker_disjoint_split,0,0.40744533801871874,0,0.3389983704654129
8700.json,gilberto-hinojosa,half-true,0,speaker_disjoint_split,0,0.1675792390921473,0,0.3513086517321287
5641.json,graeme-zielinski,pants-fire,1,speaker_disjoint_split,1,0.5780254811663991,0,0.48023954933785273
2479.json,scott-walker,barely-true,1,speaker_disjoint_split,1,0.728198875038192,1,0.6536995791525874
9447.json,democratic-congressional-campaign-committee,false,1,speaker_disjoint_split,1,0.7312636069994946,1,0.5861301831505048
311.json,john-mccain,false,1,speaker_disjoint_split,0,0.1697468933708521,0,0.19902071055585194
2735.json,charlie-crist,barely-true,1,speaker_disjoint_split,0,0.11856926575918945,0,0.16511267701029617
477.json,john-mccain,mostly-true,0,speaker_disjoint_split,1,0.7017379348462427,0,0.48702859437459944
12144.json,tim-finchem,mostly-true,0,speaker_disjoint_split,0,0.13489402406683781,0,0.16566852436908203
11110.json,scott-walker,barely-true,1,speaker_disjoint_split,0,0.4266720301713559,1,0.509504064212677
8190.json,michael-bloomberg,mostly-true,0,speaker_disjoint_split,0,0.24389064628158308,0,0.1961875798918519
13246.json,national-republican-congressional-committee,false,1,speaker_disjoint_split,1,0.6380366189486343,1,0.638334058099975
2049.json,charlie-crist,true,0,speaker_disjoint_split,1,0.6590342428967166,1,0.6386236322563645
1135.json,david-axelrod,true,0,speaker_disjoint_split,1,0.6898557836648547,1,0.5849444935213828
1898.json,charlie-crist,mostly-true,0,speaker_disjoint_split,0,0.43252305287678505,0,0.3934774247840155
2840.json,dean-cannon,barely-true,1,speaker_disjoint_split,0,0.49146173550334177,1,0.5073394326939311
9341.json,miami-seaport-alliance,mostly-true,0,speaker_disjoint_split,0,0.34975089498338896,0,0.40086522560176285
3670.json,david-cicilline,barely-true,1,speaker_disjoint_split,1,0.7148214292419288,1,0.6804949091168035
10892.json,ann-coulter,pants-fire,1,speaker_disjoint_split,0,0.3691126353638415,0,0.38060969761471897
8194.json,bookerfail,barely-true,1,speaker_disjoint_split,1,0.7095473072540247,0,0.4265389259720378
2226.json,debbie-wasserman-schultz,half-true,0,speaker_disjoint_split,1,0.7413973250759461,1,0.7401558361968897
8926.json,national-republican-congressional-committee,half-true,0,speaker_disjoint_split,1,0.7883081464750725,1,0.8224764076338407
5118.json,democratic-party-oregon,barely-true,1,speaker_disjoint_split,1,0.6351245990331266,1,0.630217701917669
8548.json,jeff-merkley,true,0,speaker_disjoint_split,1,0.6344663771021787,0,0.33281750884892686
1359.json,eugene-robinson,mostly-true,0,speaker_disjoint_split,0,0.4604607789040549,1,0.7498096220394909
8431.json,larry-elder,false,1,speaker_disjoint_split,1,0.5339355509509621,1,0.8059613455623046
1036.json,rush-limbaugh,barely-true,1,speaker_disjoint_split,0,0.32072775929297553,1,0.5447750491003513
2530.json,national-republican-congressional-committee,false,1,speaker_disjoint_split,1,0.7864805623232861,1,0.6353152875282561
6622.json,julian-castro,true,0,speaker_disjoint_split,0,0.1498926995878827,0,0.12707781510777505
7564.json,wayne-lapierre,half-true,0,speaker_disjoint_split,0,0.3399119187156993,0,0.2444703127837661
4518.json,gary-johnson,half-true,0,speaker_disjoint_split,1,0.6334633173405121,0,0.4387965428748631
3858.json,jeff-merkley,mostly-true,0,speaker_disjoint_split,0,0.44763758324161773,1,0.506697616060927
5527.json,state-democratic-party-wisconsin,false,1,speaker_disjoint_split,0,0.4273983433560322,1,0.5563209428717797
8702.json,jeff-merkley,true,0,speaker_disjoint_split,0,0.186774325850641,0,0.1661951175424224
12264.json,bernie-s,barely-true,1,speaker_disjoint_split,1,0.6898219475508788,1,0.6165578650118476
4271.json,nicholas-scutari,true,0,speaker_disjoint_split,0,0.3752846752513662,0,0.1996930530537755
11804.json,dale-kooyenga,false,1,speaker_disjoint_split,0,0.26526681476690167,0,0.4800551067082065
12030.json,bernie-s,mostly-true,0,speaker_disjoint_split,0,0.11909872539131088,0,0.3721618775647762
4097.json,joseph-trillo,pants-fire,1,speaker_disjoint_split,0,0.2853271900326501,0,0.1875174121316895
11294.json,scott-walker,true,0,speaker_disjoint_split,0,0.45928250269579635,0,0.4917502052184779
532.json,john-mccain,false,1,speaker_disjoint_split,1,0.5807374283118678,1,0.5448156831968428
8810.json,ron-paul,false,1,speaker_disjoint_split,1,0.7034349270196862,0,0.4489837133819649
9088.json,florida-stop-common-core-coalition,half-true,0,speaker_disjoint_split,1,0.5384293133821612,0,0.4671204554362803
1365.json,charlie-crist,half-true,0,speaker_disjoint_split,0,0.14112873847740887,0,0.18870663307793764
5842.json,jana-duty,barely-true,1,speaker_disjoint_split,0,0.40690184138865926,0,0.34479769251017567
12878.json,democratic-congressional-campaign-committee,barely-true,1,speaker_disjoint_split,1,0.7177169457574417,1,0.5841184987651177
8315.json,carol-shea-porter,mostly-true,0,speaker_disjoint_split,1,0.5235493221372023,0,0.48595464797920584
91.json,bill-richardson,mostly-true,0,speaker_disjoint_split,0,0.09739822601219406,0,0.10938379454379495
12916.json,donald-trump,false,1,speaker_disjoint_split,0,0.45802388688913553,0,0.4958115951237947
13442.json,donald-trump,pants-fire,1,speaker_disjoint_split,1,0.8216886468660687,1,0.6678870681209162
13309.json,donald-trump,pants-fire,1,speaker_disjoint_split,0,0.49427375755130304,0,0.34871982910823995
1383.json,michael-bloomberg,half-true,0,speaker_disjoint_split,0,0.41961006297249037,0,0.3681340630081533
117.json,john-mccain,false,1,speaker_disjoint_split,0,0.22539213117833898,0,0.12819092835603482
7560.json,robert-kando,half-true,0,speaker_disjoint_split,0,0.33486409345222007,0,0.4573968451164686
5049.json,ron-paul,false,1,speaker_disjoint_split,1,0.548868851577481,0,0.4984879776914532
11216.json,alliance-defending-freedom,half-true,0,speaker_disjoint_split,1,0.5114723760138239,1,0.6362437210915203
6216.json,stephen-sweeney,true,0,speaker_disjoint_split,1,0.5040590507770012,0,0.46449939553838
4246.json,tom-coburn,half-true,0,speaker_disjoint_split,0,0.4436618588975784,0,0.3202791453608429
7955.json,raymond-gallison,half-true,0,speaker_disjoint_split,0,0.334755244616661,0,0.39720348805009326
12035.json,arnold-schwarzenegger,mostly-true,0,speaker_disjoint_split,0,0.4862959902242333,0,0.3318475734861427
2745.json,national-republican-congressional-committee,false,1,speaker_disjoint_split,1,0.6936874965546004,1,0.7365473443918743
5508.json,texas-democratic-party,mostly-true,0,speaker_disjoint_split,0,0.4212211901864857,0,0.4768751742326721
1717.json,house-natural-resources-committee-republicans,barely-true,1,speaker_disjoint_split,0,0.2561329183503548,1,0.543333267227394
1865.json,thurbert-baker,half-true,0,speaker_disjoint_split,0,0.30946600481347564,0,0.37799919998907955
11537.json,tim-echols,mostly-true,0,speaker_disjoint_split,1,0.7145855819061452,0,0.47299011010934927
1081.json,ann-coulter,false,1,speaker_disjoint_split,0,0.3820609159184185,0,0.4264807253156988
8512.json,glenn-beck,pants-fire,1,speaker_disjoint_split,1,0.7181204247731023,1,0.6113705946527959
5376.json,elizabeth-ames-jones,false,1,speaker_disjoint_split,0,0.4292687062240221,0,0.35107558137293626
5141.json,rob-cornilles,true,0,speaker_disjoint_split,1,0.5599314436423123,1,0.7002435301008396
9572.json,scott-walker,mostly-true,0,speaker_disjoint_split,1,0.5124197119940403,1,0.5160429578217478
2478.json,jeff-merkley,mostly-true,0,speaker_disjoint_split,0,0.19711833093146341,1,0.532919812156621
10563.json,scott-walker,true,0,speaker_disjoint_split,0,0.1153077986226556,0,0.20672719745660717
12181.json,bernie-s,half-true,0,speaker_disjoint_split,1,0.566258302219721,1,0.5290949912965052
10077.json,mark-shields,barely-true,1,speaker_disjoint_split,1,0.5809427674402319,1,0.5478263136830818
5404.json,frank-niceley,pants-fire,1,speaker_disjoint_split,1,0.5122991330638599,1,0.5659333250971663
5989.json,bob-gibbs,true,0,speaker_disjoint_split,1,0.541102291824244,1,0.547225222720613
12525.json,louie-gohmert,half-true,0,speaker_disjoint_split,0,0.47094327409725295,0,0.1665220109805265
2766.json,democratic-party-oregon,false,1,speaker_disjoint_split,0,0.3207281603957096,0,0.3570364760415388
4360.json,club-growth,half-true,0,speaker_disjoint_split,1,0.7218912888139011,0,0.47169042015434853
4618.json,sam-adams,barely-true,1,speaker_disjoint_split,0,0.4964405462016869,0,0.48521034922224304
6395.json,steve-doell,true,0,speaker_disjoint_split,0,0.19825094264757356,0,0.3948513952077119
5977.json,scott-walker,barely-true,1,speaker_disjoint_split,1,0.6662666459694209,1,0.5412730814035881
12748.json,donald-trump,true,0,speaker_disjoint_split,0,0.20852055164010475,0,0.15842713418883442
5067.json,bill-pascrell,half-true,0,speaker_disjoint_split,0,0.3946631775493515,0,0.48668257771311896
2220.json,courtney-combs,pants-fire,1,speaker_disjoint_split,1,0.555276265122491,1,0.8066122811208452
12799.json,michael-bloomberg,mostly-true,0,speaker_disjoint_split,0,0.279587184308706,0,0.3979174879704948
7805.json,tim-echols,half-true,0,speaker_disjoint_split,0,0.2454108705089915,0,0.17209761616636807
12576.json,donald-trump,pants-fire,1,speaker_disjoint_split,1,0.693341416636819,1,0.6794092953022287
5622.json,peter-defazio,barely-true,1,speaker_disjoint_split,1,0.6562476679427033,1,0.6855911818279595
11728.json,donald-trump,pants-fire,1,speaker_disjoint_split,0,0.38537642333374594,0,0.4903456784688192
9039.json,rush-limbaugh,false,1,speaker_disjoint_split,0,0.19186882008715064,0,0.4015251077748999
5748.json,lamar-alexander,barely-true,1,speaker_disjoint_split,0,0.35141863756740693,0,0.39229672282873984
2959.json,bernie-s,true,0,speaker_disjoint_split,0,0.49720341677521124,1,0.5666206051698979
2045.json,david-axelrod,mostly-true,0,speaker_disjoint_split,1,0.6182977678457853,1,0.5940642057988356
7031.json,david-cicilline,true,0,speaker_disjoint_split,1,0.6072349612553852,1,0.5482408678909282
6507.json,friends-democracy,barely-true,1,speaker_disjoint_split,1,0.7342545435054729,1,0.6383317605919483
561.json,john-mccain,false,1,speaker_disjoint_split,1,0.5316855228915962,0,0.49773993121839527
639.json,john-mccain,pants-fire,1,speaker_disjoint_split,1,0.7172021769993057,1,0.669581869991736
1582.json,cathie-adams,pants-fire,1,speaker_disjoint_split,0,0.4380117289662336,1,0.5268249706686875
513.json,john-mccain,true,0,speaker_disjoint_split,0,0.32445836251320115,0,0.33712025222172365
747.json,john-mccain,mostly-true,0,speaker_disjoint_split,0,0.41441924243910194,0,0.4451250820052965
3873.json,austan-goolsbee,mostly-true,0,speaker_disjoint_split,0,0.4149722276754933,0,0.28961853178131886
3214.json,joe-biden,barely-true,1,speaker_disjoint_split,0,0.3316805948427836,0,0.22986875630326042
5818.json,ron-paul,false,1,speaker_disjoint_split,1,0.6006192384327902,0,0.44049591100433866
3680.json,kathleen-sebelius,mostly-true,0,speaker_disjoint_split,1,0.7941678521364018,1,0.5979048088072967
12956.json,donald-trump,barely-true,1,speaker_disjoint_split,1,0.6899403472534185,1,0.6692618046923375
12320.json,julian-castro,half-true,0,speaker_disjoint_split,1,0.5192380562695733,1,0.5994061635135214
10136.json,national-republican-congressional-committee,barely-true,1,speaker_disjoint_split,0,0.35925966339723725,0,0.3970932018189404
3742.json,john-kasich,true,0,speaker_disjoint_split,0,0.1618142229454238,0,0.23625373274528153
5686.json,john-kasich,true,0,speaker_disjoint_split,1,0.5568230255143017,1,0.503814890034506
2100.json,john-mccain,barely-true,1,speaker_disjoint_split,0,0.2044568146973739,0,0.23095760726451003
7451.json,greg-walden,barely-true,1,speaker_disjoint_split,1,0.668226671976447,1,0.6572053516879577
158.json,joe-biden,false,1,speaker_disjoint_split,0,0.23846593400473426,0,0.10523569844956596
2548.json,national-republican-congressional-committee,barely-true,1,speaker_disjoint_split,0,0.18205054242050203,0,0.27433036577399017
11222.json,rhode-island-center-freedom-and-prosperity,half-true,0,speaker_disjoint_split,0,0.46454218839443145,0,0.37442273485470046
12614.json,charlie-crist,barely-true,1,speaker_disjoint_split,1,0.5635927999690413,1,0.526646087802895
12597.json,arizona-house-democrats,mostly-true,0,speaker_disjoint_split,1,0.5672258106045509,0,0.3819255497875617
10772.json,scott-walker,false,1,speaker_disjoint_split,0,0.22311985325533293,0,0.3830791978606976
2031.json,anthony-gemma,false,1,speaker_disjoint_split,0,0.2544966421011085,0,0.3516987645368097
1946.json,fair-districts-florida,true,0,speaker_disjoint_split,0,0.3967308415068168,0,0.2111586157830902
6672.json,julian-castro,mostly-true,0,speaker_disjoint_split,0,0.4162650969210362,0,0.32139803430273917
3824.json,ej-finocchio,false,1,speaker_disjoint_split,0,0.4571076075356166,0,0.3960191062815258
8806.json,democratic-congressional-campaign-committee,half-true,0,speaker_disjoint_split,0,0.43579403874095185,1,0.5694395922224251
12607.json,donald-trump,half-true,0,speaker_disjoint_split,0,0.302722525750134,0,0.4881846355300928
687.json,john-mccain,barely-true,1,speaker_disjoint_split,1,0.5129922421568832,0,0.23585943312589727
182.json,bill-richardson,true,0,speaker_disjoint_split,0,0.3752403442694544,1,0.5812469006536267
10862.json,eric-turner,pants-fire,1,speaker_disjoint_split,0,0.2633427074019035,0,0.25876738871751415
7863.json,republican-governors-association,mostly-true,0,speaker_disjoint_split,0,0.2734899587495985,0,0.2853722682735928
6196.json,majority-pac,barely-true,1,speaker_disjoint_split,0,0.4472333497180177,1,0.6362538572334925
11866.json,bernie-s,half-true,0,speaker_disjoint_split,1,0.6372250776151756,1,0.679869880959386
2281.json,michael-bloomberg,true,0,speaker_disjoint_split,1,0.716824914972688,1,0.8352599312542609
7813.json,lynn-derbyshire,mostly-true,0,speaker_disjoint_split,0,0.3624994998484662,0,0.37227320410509324
778.json,john-mccain,false,1,speaker_disjoint_split,0,0.08974704953211396,0,0.22464719083984722
9131.json,republican-governors-association,mostly-true,0,speaker_disjoint_split,0,0.49320413120397366,0,0.3174926426133136
1281.json,claire-mccaskill,true,0,speaker_disjoint_split,1,0.7043964208871861,1,0.6614521224898191
9715.json,dennis-richardson,true,0,speaker_disjoint_split,0,0.4639980400673411,0,0.4038070403708374
3230.json,donald-trump,pants-fire,1,speaker_disjoint_split,1,0.7258915903792993,1,0.6844581889974156
6105.json,ron-paul,barely-true,1,speaker_disjoint_split,0,0.4147635580675093,1,0.5414585971050476
9846.json,charlie-crist,false,1,speaker_disjoint_split,0,0.43838000340261457,0,0.4688904607148036
6907.json,joe-biden,true,0,speaker_disjoint_split,1,0.5915521374035279,0,0.46395671353696416
4341.json,regina-benjamin,true,0,speaker_disjoint_split,0,0.25596792926511647,0,0.27782600782525
1536.json,debbie-wasserman-schultz,mostly-true,0,speaker_disjoint_split,0,0.4058972292816755,1,0.5860602504871798
12978.json,david-plouffe,mostly-true,0,speaker_disjoint_split,1,0.5731241284687887,1,0.6939356771663562
13107.json,donald-trump,pants-fire,1,speaker_disjoint_split,0,0.4647701077713394,1,0.6841600591209854
2949.json,bernie-s,false,1,speaker_disjoint_split,0,0.23620929917952008,0,0.25897365442339704
13158.json,vote-no-2,half-true,0,speaker_disjoint_split,1,0.5872899659356688,0,0.46837098874766825
12700.json,scott-walker,true,0,speaker_disjoint_split,0,0.19909272433438893,0,0.29953922940526345
4046.json,national-republican-congressional-committee,false,1,speaker_disjoint_split,1,0.648744791769259,1,0.6062679240748294
62.json,bill-richardson,mostly-true,0,speaker_disjoint_split,1,0.6042193629844052,1,0.6042641464201702
5207.json,silvestre-reyes,half-true,0,speaker_disjoint_split,0,0.4760660403079479,1,0.7051374160828432
7480.json,al-cardenas,false,1,speaker_disjoint_split,0,0.4966017422021507,0,0.430907714063432
3412.json,jeff-merkley,mostly-true,0,speaker_disjoint_split,0,0.43620240296465207,0,0.43977008456779354
11382.json,donald-trump,false,1,speaker_disjoint_split,1,0.5085887594374654,1,0.6080647078320762
4520.json,jennette-gayer,half-true,0,speaker_disjoint_split,1,0.5608239786016969,1,0.5829902457561411
2510.json,promote-oregon-leadership-pac-oregon-house-republi,false,1,speaker_disjoint_split,1,0.5509449751395757,1,0.545743505904777
1808.json,charlie-crist,false,1,speaker_disjoint_split,1,0.6369563494190682,1,0.5432032760089229
4039.json,jeff-fitzgerald,pants-fire,1,speaker_disjoint_split,1,0.5218512927783665,0,0.3407161146335034
7190.json,don-pridemore,true,0,speaker_disjoint_split,0,0.3290254248741078,0,0.35915720560286063
8861.json,national-republican-congressional-committee,half-true,0,speaker_disjoint_split,1,0.6084706680738793,1,0.6484252153048997
5111.json,jon-huntsman,barely-true,1,speaker_disjoint_split,0,0.47405656499824844,1,0.520994184768192
12440.json,dale-kooyenga,half-true,0,speaker_disjoint_split,0,0.2942345549653848,0,0.17702918903787634
4555.json,bernie-s,true,0,speaker_disjoint_split,0,0.04842520341381233,0,0.06569220768185716
1821.json,tim-kaine,half-true,0,speaker_disjoint_split,0,0.30291822401754204,0,0.351736771168894
7973.json,ken-cuccinelli,false,1,speaker_disjoint_split,1,0.6200282079710876,1,0.6373173308882308
3799.json,evan-longoria,pants-fire,1,speaker_disjoint_split,1,0.5177760267561732,0,0.41595227806993285
7413.json,wayne-lapierre,false,1,speaker_disjoint_split,1,0.8509771893676759,1,0.7900079972951043
11042.json,ron-paul,true,0,speaker_disjoint_split,0,0.24506389055196434,0,0.3020791441296282
7099.json,health-first-wisconsin,false,1,speaker_disjoint_split,0,0.2661068855274875,0,0.38791705652747904
7835.json,republican-party-florida,barely-true,1,speaker_disjoint_split,1,0.6593442256701768,1,0.5135438179358791
9963.json,charlie-crist,half-true,0,speaker_disjoint_split,0,0.20934750879678551,0,0.29999801762951434
13141.json,stop-57-campaign,barely-true,1,speaker_disjoint_split,1,0.6414456380479698,0,0.38635560593011675
9755.json,nextgen-climate,half-true,0,speaker_disjoint_split,1,0.6892598589208793,0,0.4589202820540691
11129.json,bernie-s,mostly-true,0,speaker_disjoint_split,0,0.23295645437536402,0,0.1978222228889108
13504.json,dan-patrick,mostly-true,0,speaker_disjoint_split,0,0.24258463823709686,0,0.2825679232091144
1164.json,organizing-america,pants-fire,1,speaker_disjoint_split,1,0.5855329508267145,1,0.6606478933082081
11818.json,donald-trump,false,1,speaker_disjoint_split,1,0.5747995483830968,1,0.6985253917662614
12744.json,donald-trump,mostly-true,0,speaker_disjoint_split,1,0.513605378546886,0,0.4974710956376627
12574.json,scott-walker,mostly-true,0,speaker_disjoint_split,1,0.733246060778134,0,0.49431379584714025
10692.json,scott-walker,barely-true,1,speaker_disjoint_split,1,0.7081813752966242,1,0.6013035017297531
11381.json,mark-kelly,half-true,0,speaker_disjoint_split,0,0.44908573695759885,0,0.4508595638798027
6897.json,joe-biden,half-true,0,speaker_disjoint_split,0,0.4359156743737867,0,0.39325903315706023
12757.json,donald-trump,mostly-true,0,speaker_disjoint_split,1,0.692265429031346,1,0.5343358731965736
5299.json,susan-combs,false,1,speaker_disjoint_split,1,0.6668229482352093,1,0.5615362199666843
7563.json,michael-bloomberg,true,0,speaker_disjoint_split,0,0.3005318118203883,0,0.3688167616830555
8329.json,saxby-chambliss,barely-true,1,speaker_disjoint_split,1,0.5249518615707734,1,0.6034867836978122
4387.json,chip-rogers,mostly-true,0,speaker_disjoint_split,1,0.6977549393856622,1,0.6439993116073185
8451.json,amardeep-kaleka,pants-fire,1,speaker_disjoint_split,1,0.5480955301814843,0,0.3637699046092202
12504.json,blog-posting,pants-fire,1,speaker_disjoint_split,0,0.43730832969970085,0,0.4405767719083203
11074.json,don-beyer,half-true,0,speaker_disjoint_split,0,0.4064854944014292,0,0.28834705819010614
8262.json,charlie-crist,barely-true,1,speaker_disjoint_split,0,0.2916135807087305,0,0.27497580671529837
13239.json,donald-trump,barely-true,1,speaker_disjoint_split,0,0.4976934556031545,0,0.44488282886323305
1592.json,david-axelrod,half-true,0,speaker_disjoint_split,1,0.5490460201113623,1,0.644290768133073
5473.json,aclu-florida,mostly-true,0,speaker_disjoint_split,0,0.3317540441374393,0,0.2030324349391772
3408.json,alan-powell,mostly-true,0,speaker_disjoint_split,1,0.7324495626371529,1,0.851704596560717
1155.json,michael-steele,pants-fire,1,speaker_disjoint_split,0,0.4279288320794836,1,0.5121317850260553
1122.json,club-growth,false,1,speaker_disjoint_split,0,0.4858552634980402,1,0.6989706707261091
12803.json,tim-kaine,half-true,0,speaker_disjoint_split,0,0.42334460012267605,0,0.4316959498366886
5409.json,kathleen-vinehout,false,1,speaker_disjoint_split,0,0.2489759838236803,0,0.18500179321248933
7313.json,steve-henson,half-true,0,speaker_disjoint_split,0,0.36594715492347585,1,0.700748596381938
4809.json,joe-biden,true,0,speaker_disjoint_split,0,0.13268237420276233,0,0.15831944161887432
12366.json,philadelphia-daily-news,half-true,0,speaker_disjoint_split,0,0.40140755921975363,1,0.6260218620315943
4778.json,lynn-westmoreland,true,0,speaker_disjoint_split,0,0.23168278446050317,0,0.351297175360723
7908.json,peter-roskam,mostly-true,0,speaker_disjoint_split,0,0.2247956426475513,0,0.20412851530315584
9287.json,scott-walker,half-true,0,speaker_disjoint_split,1,0.7130658237014588,1,0.6723151024230696
4795.json,david-plouffe,mostly-true,0,speaker_disjoint_split,1,0.5509863784111416,1,0.6017321660232514
4534.json,john-kasich,true,0,speaker_disjoint_split,1,0.6125207858299726,1,0.5241289585408851
7738.json,scott-walker,false,1,speaker_disjoint_split,1,0.5602504108158449,1,0.559936273751623
2755.json,john-kasich,half-true,0,speaker_disjoint_split,0,0.29653609679118975,0,0.4462124345139771
9949.json,scott-walker,half-true,0,speaker_disjoint_split,1,0.5853478047547914,1,0.7732146459866797
11069.json,allison-tant,barely-true,1,speaker_disjoint_split,1,0.5909695606972208,1,0.6260256548735063
12409.json,william-devereaux,true,0,speaker_disjoint_split,0,0.37416572726404396,0,0.28599772540215385
9898.json,angel-taveras,barely-true,1,speaker_disjoint_split,1,0.5462418234042011,0,0.47581719045207604
12400.json,donald-trump,barely-true,1,speaker_disjoint_split,0,0.45405189453697437,1,0.6832194148342333
6802.json,david-cicilline,barely-true,1,speaker_disjoint_split,1,0.6632574623903835,1,0.7222593201426868
2957.json,teresa-fedor,barely-true,1,speaker_disjoint_split,0,0.29801982425486023,0,0.291327319796826
1617.json,charlie-crist,half-true,0,speaker_disjoint_split,0,0.3537939794810109,0,0.4128137464621804
8930.json,jonathan-boucher,pants-fire,1,speaker_disjoint_split,1,0.512223445624803,1,0.5669951237287013
5684.json,lenny-curry,barely-true,1,speaker_disjoint_split,0,0.4323992348982555,0,0.28136424510077856
13481.json,corey-stewart,false,1,speaker_disjoint_split,0,0.311298334752383,1,0.6195318689614061
8386.json,bill-burton,mostly-true,0,speaker_disjoint_split,1,0.6358560395885855,1,0.7163598320450886
8542.json,ken-detzner,false,1,speaker_disjoint_split,1,0.6433927925932963,0,0.4060730786020552
1026.json,richard-durbin,true,0,speaker_disjoint_split,0,0.3454442168419229,0,0.2374692198609801
7215.json,louie-gohmert,false,1,speaker_disjoint_split,1,0.6440522357960077,1,0.6228084046357387
6737.json,gary-johnson,mostly-true,0,speaker_disjoint_split,1,0.704778639790471,1,0.647411041363878
11871.json,bernie-s,barely-true,1,speaker_disjoint_split,1,0.5732365754587885,1,0.6383353456182572
3473.json,armond-budish,mostly-true,0,speaker_disjoint_split,1,0.581679915609785,0,0.4525950686418549
3309.json,cliff-stearns,true,0,speaker_disjoint_split,1,0.5396773517761297,0,0.26650842131554187
1488.json,joe-biden,true,0,speaker_disjoint_split,0,0.205505838423666,0,0.13656779058586138
9127.json,arian-foster,half-true,0,speaker_disjoint_split,0,0.4367280016376155,0,0.29039858518498485
3379.json,mike-huebsch,pants-fire,1,speaker_disjoint_split,1,0.7998815413804976,1,0.802554062721865
8895.json,keith-ellison,mostly-true,0,speaker_disjoint_split,0,0.2148144579155349,0,0.16127617255532717
11167.json,donald-trump,false,1,speaker_disjoint_split,1,0.5425392624465365,1,0.6331547045956204
99.json,john-mccain,true,0,speaker_disjoint_split,0,0.2899538600752961,0,0.25701436597493316
1701.json,bill-clinton,true,0,speaker_disjoint_split,0,0.3857902386648151,0,0.41491941328675197
7503.json,dan-patrick,mostly-true,0,speaker_disjoint_split,0,0.43405972507532153,0,0.46203302983911093
13368.json,donald-trump,half-true,0,speaker_disjoint_split,0,0.3120056639655474,0,0.4282458915251181
12115.json,donald-trump,half-true,0,speaker_disjoint_split,0,0.19279963125287514,0,0.3341500606345638
10658.json,blog-posting,false,1,speaker_disjoint_split,1,0.6190406605723316,1,0.6702754673803268
8120.json,nancy-gordeuk,half-true,0,speaker_disjoint_split,0,0.4018881467095379,0,0.31812021624801473
11260.json,blog-posting,pants-fire,1,speaker_disjoint_split,1,0.739609799493215,1,0.733676222707465
9722.json,blog-posting,pants-fire,1,speaker_disjoint_split,1,0.7812611035174636,1,0.7224507673673164
11134.json,blog-posting,false,1,speaker_disjoint_split,1,0.5181415630703894,1,0.7548324012939437
11366.json,bernie-s,mostly-true,0,speaker_disjoint_split,1,0.699308322104297,1,0.6607179979946591
13080.json,donald-trump,mostly-true,0,speaker_disjoint_split,0,0.3060822212413349,1,0.5988917341903507
1285.json,bill-oreilly,false,1,speaker_disjoint_split,1,0.6164484349333827,1,0.6940000785606814
11124.json,donald-trump,pants-fire,1,speaker_disjoint_split,0,0.36647346616348203,0,0.28024876099778945
10436.json,john-kasich,pants-fire,1,speaker_disjoint_split,0,0.4952999689918246,0,0.37302272793668867
11175.json,ben-carson,false,1,speaker_disjoint_split,0,0.4815638724053498,0,0.39355431697512466
10976.json,eugene-robinson,mostly-true,0,speaker_disjoint_split,1,0.5722871112082357,1,0.57594722276749
11678.json,donald-trump,barely-true,1,speaker_disjoint_split,0,0.41837016244250097,0,0.39698714636443455
6342.json,tim-kaine,true,0,speaker_disjoint_split,0,0.39414632452698145,0,0.4583865108194305
8877.json,ann-coulter,pants-fire,1,speaker_disjoint_split,1,0.5785099793556814,1,0.7629050273802023
328.json,john-mccain,barely-true,1,speaker_disjoint_split,0,0.4125874220855043,1,0.5008597799466212
8867.json,charlie-crist,barely-true,1,speaker_disjoint_split,1,0.649454249015908,0,0.37582772538026193
9145.json,scott-walker,false,1,speaker_disjoint_split,0,0.3722467420675954,1,0.5958892101638246
11797.json,bernie-s,mostly-true,0,speaker_disjoint_split,0,0.486816409179577,1,0.7129588606329098
5135.json,angel-taveras,half-true,0,speaker_disjoint_split,0,0.18850269389819702,0,0.35099670575649
712.json,john-mccain,pants-fire,1,speaker_disjoint_split,1,0.6120324996872512,1,0.5037836313258032
6074.json,samuel-wurzelbacher,mostly-true,0,speaker_disjoint_split,1,0.5765315260766792,1,0.6246580727070717
627.json,john-mccain,true,0,speaker_disjoint_split,1,0.686041202882063,0,0.46718019168927216
11439.json,jason-villalba,pants-fire,1,speaker_disjoint_split,0,0.4231281267742556,1,0.6479360826566336
12582.json,tim-kaine,mostly-true,0,speaker_disjoint_split,0,0.26547952542615993,0,0.24428555477600666
10486.json,scott-walker,pants-fire,1,speaker_disjoint_split,1,0.5632211835336994,1,0.5087250925188115
12254.json,donald-trump,false,1,speaker_disjoint_split,0,0.37817569235276766,0,0.34824731126493597
2924.json,tom-coburn,false,1,speaker_disjoint_split,0,0.41779406869952723,0,0.3799732385289774
13496.json,blog-posting,false,1,speaker_disjoint_split,0,0.488058611894433,1,0.5974114245101846
8161.json,scott-walker,false,1,speaker_disjoint_split,0,0.3644466366650837,0,0.45104256671775783
3817.json,armond-budish,true,0,speaker_disjoint_split,0,0.17148940116015746,0,0.16771045385079233
2462.json,patrick-rose,barely-true,1,speaker_disjoint_split,1,0.5037201621371246,1,0.5601083687749476
9208.json,dan-patrick,mostly-true,0,speaker_disjoint_split,0,0.34343467576781606,0,0.21571910103637948
8465.json,diane-ravitch,barely-true,1,speaker_disjoint_split,0,0.4051056472247938,0,0.3696995491233911
8521.json,larry-elder,barely-true,1,speaker_disjoint_split,0,0.20554860352090887,0,0.24386273584162338
6818.json,ohio-republican-party,false,1,speaker_disjoint_split,1,0.5642519695981765,1,0.6398057923845392
12273.json,ben-carson,mostly-true,0,speaker_disjoint_split,0,0.49806380288006885,0,0.3793374276765952
731.json,blog-posting,half-true,0,speaker_disjoint_split,1,0.5269862780848943,1,0.6856286177601358
4796.json,john-kasich,mostly-true,0,speaker_disjoint_split,0,0.3306029201817749,0,0.4267210015791032
12347.json,michael-oneill,mostly-true,0,speaker_disjoint_split,1,0.5377516236832637,1,0.5697650503954206
7718.json,friends-miami-first,half-true,0,speaker_disjoint_split,0,0.49448609757780254,1,0.5010762341165239
5735.json,scott-walker,half-true,0,speaker_disjoint_split,0,0.4068404626307588,0,0.45015127322978854
2451.json,charlie-crist,pants-fire,1,speaker_disjoint_split,0,0.3612417736750669,0,0.324636059679402
12555.json,donald-trump,false,1,speaker_disjoint_split,0,0.42369192582994847,1,0.5320314945363519
790.json,john-mccain,pants-fire,1,speaker_disjoint_split,1,0.6249470451283444,1,0.5060755305411345
9357.json,debbie-wasserman-schultz,mostly-true,0,speaker_disjoint_split,1,0.5272040770968132,1,0.6173378409811998
5639.json,bill-pascrell,half-true,0,speaker_disjoint_split,0,0.3643381973993181,1,0.6461168576358559
2800.json,sonny-perdue,half-true,0,speaker_disjoint_split,0,0.2257048313743355,0,0.26708141566357285
4604.json,jon-huntsman,pants-fire,1,speaker_disjoint_split,1,0.5010739192202268,1,0.5988314698645509
11447.json,donald-trump,false,1,speaker_disjoint_split,0,0.15664658273964438,0,0.26985919591931684
6389.json,nathan-deal,barely-true,1,speaker_disjoint_split,1,0.5744568864920642,0,0.4972935989524313
2008.json,charlie-crist,mostly-true,0,speaker_disjoint_split,1,0.5309721125259965,0,0.32511855755113583
10160.json,lloyd-doggett,half-true,0,speaker_disjoint_split,1,0.878481900180529,1,0.7453845886610309
410.json,blog-posting,pants-fire,1,speaker_disjoint_split,1,0.7649949387350341,1,0.8066523436706837
12249.json,pat-mccrory,barely-true,1,speaker_disjoint_split,1,0.588751857107734,0,0.3805547737760112
4281.json,ron-paul,half-true,0,speaker_disjoint_split,0,0.4427706167243889,1,0.6278746138632841
1537.json,republican-party-florida,mostly-true,0,speaker_disjoint_split,1,0.5739951340444468,1,0.6558936416663179
9068.json,karl-rove,barely-true,1,speaker_disjoint_split,0,0.4575161479064829,1,0.5318961678021323
11854.json,michael-m-crow,mostly-true,0,speaker_disjoint_split,0,0.12231233557541007,0,0.13054351820654092
8235.json,mayors-against-illegal-guns,half-true,0,speaker_disjoint_split,1,0.5791691928321807,1,0.6352495886873645
13494.json,donald-trump,pants-fire,1,speaker_disjoint_split,1,0.6350310733731819,1,0.6517231154963602
7050.json,democratic-party-oregon,half-true,0,speaker_disjoint_split,1,0.8004739329890916,1,0.608652388386241
1771.json,vern-buchanan,true,0,speaker_disjoint_split,0,0.17582756413594947,0,0.16592369935743603
13196.json,tim-kaine,mostly-true,0,speaker_disjoint_split,0,0.4801201409663573,0,0.35752218596804597
11359.json,john-kasich,barely-true,1,speaker_disjoint_split,0,0.3710256271180009,0,0.2266163835469112
9526.json,bill-clinton,half-true,0,speaker_disjoint_split,0,0.4157494390757376,0,0.3524445543731942
12072.json,john-kasich,false,1,speaker_disjoint_split,1,0.5449797970876413,0,0.3751880952704934
406.json,john-mccain,false,1,speaker_disjoint_split,1,0.7314664402790028,1,0.5041710265023805
7712.json,john-mccain,half-true,0,speaker_disjoint_split,0,0.26942593934043235,0,0.31552614827895065
10950.json,donald-trump,pants-fire,1,speaker_disjoint_split,0,0.3847971216226132,0,0.3263449135306412
8200.json,janet-napolitano,barely-true,1,speaker_disjoint_split,1,0.5883065876344764,1,0.7086749909211281
10431.json,nathan-deal,mostly-true,0,speaker_disjoint_split,0,0.14914417290966592,0,0.21925443651127619
5350.json,wayne-lapierre,barely-true,1,speaker_disjoint_split,0,0.43874474637040367,1,0.5070562132750184
3906.json,debbie-wasserman-schultz,false,1,speaker_disjoint_split,1,0.7570617581582211,1,0.5785045848168618
5630.json,jimmie-t-smith,false,1,speaker_disjoint_split,0,0.45569202609725706,0,0.4292010937883039
9640.json,fresh-start-pa,mostly-true,0,speaker_disjoint_split,0,0.4477377745487075,0,0.4391501228789325
6608.json,sam-olens,mostly-true,0,speaker_disjoint_split,1,0.623602211541084,1,0.6714891853764258
13419.json,donald-trump,barely-true,1,speaker_disjoint_split,0,0.26375047562818676,0,0.20190081281723982
8215.json,cynthia-lummis,mostly-true,0,speaker_disjoint_split,0,0.2649352972804717,0,0.26499284109207083
745.json,john-mccain,barely-true,1,speaker_disjoint_split,1,0.5927445859673361,0,0.4569749681292276
12375.json,blog-posting,pants-fire,1,speaker_disjoint_split,0,0.30978517755930174,0,0.3566958721361973
480.json,blog-posting,pants-fire,1,speaker_disjoint_split,1,0.7207866656931315,1,0.8217960660836519
5882.json,freedom-pac,half-true,0,speaker_disjoint_split,1,0.6001410080539619,1,0.6222478190427807
8649.json,bill-oreilly,mostly-true,0,speaker_disjoint_split,1,0.7325509506763817,1,0.5995129712645499
11248.json,bernie-s,mostly-true,0,speaker_disjoint_split,0,0.39483762526785376,0,0.20788824963434538
11908.json,donald-trump,false,1,speaker_disjoint_split,0,0.48676429607913574,1,0.6513641864126226
3041.json,debbie-wasserman-schultz,true,0,speaker_disjoint_split,0,0.47749421243120643,0,0.46304723570631884
2095.json,blog-posting,false,1,speaker_disjoint_split,1,0.6291110910767636,1,0.7483729430076369
10084.json,charlie-crist,true,0,speaker_disjoint_split,1,0.6148778066414918,1,0.5406274925437385
2298.json,glenn-beck,true,0,speaker_disjoint_split,0,0.29976159053017404,0,0.46869487321964864
13468.json,americanpoliticnews,pants-fire,1,speaker_disjoint_split,1,0.6345904078280695,0,0.48944701600404195
2048.json,ron-paul,true,0,speaker_disjoint_split,1,0.5056743779977555,1,0.5259228348103298
13093.json,david-jolly,half-true,0,speaker_disjoint_split,1,0.6281030110241796,0,0.39782239351321796
7103.json,carolyn-medeiros,true,0,speaker_disjoint_split,0,0.4319679894796098,0,0.38995784759954333
3773.json,nathan-deal,false,1,speaker_disjoint_split,0,0.3010320046395816,0,0.18447394301866307
10740.json,bernie-s,mostly-true,0,speaker_disjoint_split,0,0.19573492547444685,0,0.18638550277965935
11166.json,john-kasich,mostly-true,0,speaker_disjoint_split,0,0.4099179087188053,0,0.3646089453811285
6243.json,american-commitment,barely-true,1,speaker_disjoint_split,1,0.7498856595030686,1,0.7239147290549227
12176.json,donald-trump,half-true,0,speaker_disjoint_split,0,0.4955859902915288,1,0.6183472876345413
8541.json,scott-walker,true,0,speaker_disjoint_split,0,0.47816120044103344,0,0.34352690144533765
2266.json,florida-first-initiative,false,1,speaker_disjoint_split,1,0.5696541214674211,1,0.6783325176828887
5175.json,nathan-deal,half-true,0,speaker_disjoint_split,1,0.6471540011881318,0,0.4979413467080211
10071.json,charlie-crist,true,0,speaker_disjoint_split,0,0.4161640652315802,0,0.3422842614285422
6146.json,david-plouffe,true,0,speaker_disjoint_split,0,0.39358772772464684,1,0.6266305679915893
6838.json,john-kasich,mostly-true,0,speaker_disjoint_split,0,0.10308529149557709,0,0.18316719225844266
8712.json,kimberly-nelson,true,0,speaker_disjoint_split,1,0.6765522414779059,1,0.7199989948406712
7242.json,bill-pascrell,mostly-true,0,speaker_disjoint_split,0,0.2573560421947093,0,0.37871272814796897
8717.json,blog-posting,pants-fire,1,speaker_disjoint_split,1,0.7035569069824192,1,0.7346508220494617
1807.json,national-republican-congressional-committee,false,1,speaker_disjoint_split,1,0.8146949999093089,1,0.851868330005949
5515.json,sam-adams,half-true,0,speaker_disjoint_split,1,0.505747410979424,1,0.5259949510979015
9026.json,allen-peake,half-true,0,speaker_disjoint_split,1,0.5249038404380746,1,0.5010920196868818
11343.json,martin-shkreli,false,1,speaker_disjoint_split,0,0.4463982368575049,0,0.44063816579631143
10150.json,charlie-crist,barely-true,1,speaker_disjoint_split,0,0.2449111342170554,0,0.4966460831546009
4030.json,jeff-tittel,false,1,speaker_disjoint_split,1,0.7519805032285808,1,0.7026924559194421
301.json,bill-clinton,false,1,speaker_disjoint_split,1,0.5665205578999062,1,0.5496659108231178
11326.json,karl-rove,mostly-true,0,speaker_disjoint_split,0,0.3556874742995926,0,0.4311693714031445
6246.json,american-commitment,false,1,speaker_disjoint_split,1,0.7035955187654529,1,0.7438218383006081
717.json,joe-biden,half-true,0,speaker_disjoint_split,0,0.4941581876459632,0,0.4624140058690507
580.json,john-mccain,false,1,speaker_disjoint_split,0,0.4009053529235629,0,0.46502068431779797
12393.json,chris-sgro,false,1,speaker_disjoint_split,0,0.3720877340989355,0,0.28866285648939904
8266.json,debbie-wasserman-schultz,pants-fire,1,speaker_disjoint_split,0,0.31460196717716316,0,0.45021350346397326
10642.json,don-beyer,false,1,speaker_disjoint_split,0,0.2051525878668822,0,0.17946613417548166
9290.json,tom-coburn,barely-true,1,speaker_disjoint_split,0,0.3024244014156935,0,0.14769360245384927
6860.json,laurie-monnes-anderson,false,1,speaker_disjoint_split,1,0.741304370273596,1,0.7432011313432348
11574.json,bernie-s,mostly-true,0,speaker_disjoint_split,0,0.21982275722699524,0,0.28080058566420063
337.json,john-mccain,barely-true,1,speaker_disjoint_split,0,0.2680886261142545,0,0.32474616091194564
3839.json,national-republican-congressional-committee,pants-fire,1,speaker_disjoint_split,0,0.42657433387666344,1,0.5843775763475035
4787.json,ron-paul,true,0,speaker_disjoint_split,0,0.19652031571145737,0,0.22037727771261573
12646.json,debbie-wasserman-schultz,mostly-true,0,speaker_disjoint_split,0,0.3957141963233915,0,0.3468668058392341
760.json,john-mccain,false,1,speaker_disjoint_split,1,0.7989798566179076,1,0.8125089568174131
641.json,john-mccain,mostly-true,0,speaker_disjoint_split,1,0.5854913806899122,0,0.45421198045028
9858.json,mark-begich,pants-fire,1,speaker_disjoint_split,1,0.6303299798902409,1,0.7860680101479195
10541.json,joseph-yost,mostly-true,0,speaker_disjoint_split,0,0.2883477265078723,0,0.1330739610390002
733.json,john-mccain,barely-true,1,speaker_disjoint_split,0,0.4944728341434949,0,0.48665344118868836
11857.json,bernie-s,false,1,speaker_disjoint_split,1,0.6182603868461295,1,0.5267855700633427
2634.json,democratic-congressional-campaign-committee,half-true,0,speaker_disjoint_split,1,0.647874180228326,1,0.5981482085226907
8731.json,gus-bilirakis,false,1,speaker_disjoint_split,0,0.3912882035518274,0,0.16364935252342339
9878.json,jeff-merkley,half-true,0,speaker_disjoint_split,1,0.594658323223458,1,0.6089459693733938
2139.json,donna-brazile,true,0,speaker_disjoint_split,0,0.13664013021458074,0,0.31626819026245423
5068.json,david-cicilline,mostly-true,0,speaker_disjoint_split,0,0.15436523901319504,0,0.1767299772053053
11801.json,bernie-s,false,1,speaker_disjoint_split,0,0.30301244798778415,1,0.5084963643480136
6652.json,bill-clinton,true,0,speaker_disjoint_split,1,0.7480677779753011,1,0.5817288658463734
399.json,campaign-defend-america,mostly-true,0,speaker_disjoint_split,0,0.28840881512855165,0,0.27021219452218037
12275.json,pat-mccrory,false,1,speaker_disjoint_split,1,0.5260731219937774,0,0.23660108407082361
13096.json,donald-trump,true,0,speaker_disjoint_split,0,0.07603304766984832,0,0.058690545578812044
428.json,bill-clinton,pants-fire,1,speaker_disjoint_split,0,0.45171942144506433,0,0.43469432060188995
12042.json,bernie-s,mostly-true,0,speaker_disjoint_split,0,0.17404111433699646,0,0.4140778321702683
7839.json,oregon-pta,true,0,speaker_disjoint_split,0,0.4039998474637088,0,0.33715483299278104
10126.json,scott-walker,false,1,speaker_disjoint_split,1,0.5457921023862973,0,0.4805885367151311
7956.json,richard-durbin,half-true,0,speaker_disjoint_split,1,0.6463332991185219,1,0.6553789807259208
1335.json,orrin-hatch,barely-true,1,speaker_disjoint_split,1,0.6227125567851527,1,0.8242478913140407
5372.json,scott-walker,pants-fire,1,speaker_disjoint_split,0,0.44637585207094277,0,0.4593208996310454
4676.json,ron-paul,false,1,speaker_disjoint_split,1,0.5314867749891227,0,0.47382108896834396
1741.json,arlen-specter,true,0,speaker_disjoint_split,1,0.6451145190787485,0,0.4184935900604468
11047.json,ben-ferguson,barely-true,1,speaker_disjoint_split,0,0.36653955038526,0,0.4939564839265765
12117.json,bernie-s,half-true,0,speaker_disjoint_split,1,0.5730749028833109,0,0.322851288107945
3066.json,ohio-alliance-retired-americans,false,1,speaker_disjoint_split,1,0.5526139473740093,1,0.7763686147176244
519.json,john-mccain,barely-true,1,speaker_disjoint_split,1,0.6520911325836286,1,0.6577360752493524
6757.json,its-still-bad-idea,mostly-true,0,speaker_disjoint_split,1,0.5904149048145798,1,0.5267295723440477
1758.json,jan-brewer,barely-true,1,speaker_disjoint_split,0,0.495531640929712,0,0.397217395923887
4219.json,ash-williams,false,1,speaker_disjoint_split,1,0.6078073223091418,1,0.5379551140420407
12751.json,donald-trump,true,0,speaker_disjoint_split,0,0.17387561178254396,0,0.3794430875162605
5942.json,graeme-zielinski,pants-fire,1,speaker_disjoint_split,0,0.4790121197522547,1,0.6128610022721361
9999.json,dan-patrick,false,1,speaker_disjoint_split,1,0.7674918530094007,1,0.5895303272670286
5881.json,shaun-ireland,mostly-true,0,speaker_disjoint_split,0,0.4349500998330547,0,0.27905479487263846
3047.json,robert-hagan,half-true,0,speaker_disjoint_split,0,0.4213938387345084,1,0.5146585784661347
9705.json,scott-walker,pants-fire,1,speaker_disjoint_split,0,0.2797840544741354,0,0.27113556764204255
6039.json,new-jersey-democratic-state-committee,false,1,speaker_disjoint_split,0,0.2867118050863756,1,0.5167886034063772
4120.json,scott-walker,false,1,speaker_disjoint_split,0,0.3166674373713085,0,0.44605366301970556
3359.json,scott-mccown,true,0,speaker_disjoint_split,0,0.11089148092729503,0,0.11243973911238428
7820.json,bill-ratliff,barely-true,1,speaker_disjoint_split,0,0.3224518595136922,0,0.40882634923403693
7134.json,scott-walker,barely-true,1,speaker_disjoint_split,1,0.6601769675195187,1,0.6339901056254779
9534.json,debbie-wasserman-schultz,mostly-true,0,speaker_disjoint_split,0,0.3382745536517274,0,0.47289289761310666
5546.json,frank-wolf,true,0,speaker_disjoint_split,0,0.18330106459554987,0,0.1700815932550729
4304.json,state-democratic-party-wisconsin,barely-true,1,speaker_disjoint_split,1,0.810920396580309,1,0.8190230570337703
1938.json,richard-durbin,false,1,speaker_disjoint_split,0,0.2235618626645261,0,0.28110472534425557
12157.json,pat-mccrory,half-true,0,speaker_disjoint_split,0,0.2597932988821382,0,0.2550197104156297
3653.json,donald-trump,pants-fire,1,speaker_disjoint_split,0,0.4321684508992373,0,0.4355915032032565
11557.json,donald-trump,half-true,0,speaker_disjoint_split,0,0.46174122295397996,0,0.4264397730177395
5751.json,wayne-lapierre,mostly-true,0,speaker_disjoint_split,0,0.38110221261650984,0,0.4592143877478307
10607.json,joe-biden,half-true,0,speaker_disjoint_split,0,0.4259907543058512,0,0.4254026644813768
4874.json,greg-walden,half-true,0,speaker_disjoint_split,1,0.6936466583936788,1,0.8566172014641925
11180.json,heather-mcghee,true,0,speaker_disjoint_split,0,0.3675172000744011,0,0.32234110774910585
6917.json,marsha-blackburn,false,1,speaker_disjoint_split,1,0.8349990202279778,1,0.7911896365777555
6368.json,bill-clinton,half-true,0,speaker_disjoint_split,0,0.4616800271796729,0,0.4529961912776315
7874.json,13th-district-gop-slate,half-true,0,speaker_disjoint_split,1,0.5389141776575863,1,0.6217820013500196
8583.json,lynn-westmoreland,half-true,0,speaker_disjoint_split,1,0.5142563427210323,1,0.5502707594225547
8242.json,georgia-campaign-liberty,false,1,speaker_disjoint_split,0,0.436942377446072,1,0.6290968111167726
2372.json,ann-coulter,half-true,0,speaker_disjoint_split,1,0.7446733405991307,1,0.6587548815604058
12197.json,bernie-s,barely-true,1,speaker_disjoint_split,1,0.6813183862968664,1,0.7246631517710718
7067.json,peoples-majority,pants-fire,1,speaker_disjoint_split,1,0.7287030040224605,1,0.7715379231926195
9215.json,donald-trump,false,1,speaker_disjoint_split,1,0.5247303235098328,1,0.508170117482479
10029.json,nathan-deal,true,0,speaker_disjoint_split,0,0.3464424799486143,0,0.2660796070311041
12637.json,pat-robertson,barely-true,1,speaker_disjoint_split,1,0.7865455959910698,1,0.6826443775003221
8361.json,steve-lonegan,half-true,0,speaker_disjoint_split,0,0.41330405400799897,1,0.5318402451713921
11883.json,donald-trump,barely-true,1,speaker_disjoint_split,0,0.31753044702435756,0,0.40141507482567584
7935.json,ron-hood,pants-fire,1,speaker_disjoint_split,1,0.6730618650346151,1,0.5058157005601894
8077.json,republican-party-florida,mostly-true,0,speaker_disjoint_split,1,0.5914044065245693,1,0.5243652011758162
2904.json,kirk-watson,mostly-true,0,speaker_disjoint_split,0,0.44273902839520235,0,0.45045076684420476
1581.json,cathie-adams,barely-true,1,speaker_disjoint_split,1,0.6196978767466276,0,0.43952307912543703
2606.json,hank-gilbert,half-true,0,speaker_disjoint_split,1,0.5192553379601373,0,0.19575970341955634
7419.json,wayne-lapierre,barely-true,1,speaker_disjoint_split,1,0.6284792379889013,1,0.560916315824659
13153.json,donald-trump,mostly-true,0,speaker_disjoint_split,0,0.4143019185818218,0,0.47821363387773935
13130.json,donald-trump,true,0,speaker_disjoint_split,0,0.18636826227953712,0,0.1958544555092653
8889.json,thomas-perez,mostly-true,0,speaker_disjoint_split,1,0.5966067355205575,1,0.5633306141447535
3842.json,national-republican-congressional-committee,barely-true,1,speaker_disjoint_split,1,0.6870522210385397,1,0.6071747448829685
4252.json,daniel-mckee,half-true,0,speaker_disjoint_split,0,0.31534455142151213,0,0.2044645014702846
8300.json,dale-kooyenga,barely-true,1,speaker_disjoint_split,0,0.4058090307421787,0,0.375132910984069
6414.json,john-kasich,true,0,speaker_disjoint_split,0,0.19044329730181983,0,0.40213029897238
11957.json,donald-trump,pants-fire,1,speaker_disjoint_split,1,0.5826932321435904,0,0.4773517197034747
12509.json,donald-trump,mostly-true,0,speaker_disjoint_split,0,0.4753275849756783,0,0.38426414943765785
3349.json,scott-walker,barely-true,1,speaker_disjoint_split,1,0.5008983321094526,1,0.7055984585885081
4991.json,jon-huntsman,barely-true,1,speaker_disjoint_split,1,0.518444844159618,0,0.40550627781775633
12766.json,donald-trump,false,1,speaker_disjoint_split,0,0.4473637929870625,0,0.3383452978962577
10127.json,nathan-deal,mostly-true,0,speaker_disjoint_split,1,0.6234599398678318,0,0.3185196902019974
13209.json,donald-trump,barely-true,1,speaker_disjoint_split,1,0.6740500518825185,1,0.7235018132032854
6695.json,democratic-congressional-campaign-committee,false,1,speaker_disjoint_split,0,0.3421506933144691,1,0.5128131339285328
12786.json,bill-clinton,half-true,0,speaker_disjoint_split,0,0.2309511671819841,0,0.31583520017963584
12196.json,john-kasich,mostly-true,0,speaker_disjoint_split,0,0.48121823487548265,1,0.5022488596671165
12121.json,donald-trump,pants-fire,1,speaker_disjoint_split,0,0.32375193984497697,0,0.4843170619586075
8630.json,scott-walker,mostly-true,0,speaker_disjoint_split,1,0.6177178455589473,1,0.6774256179105212
12050.json,donald-trump,false,1,speaker_disjoint_split,1,0.7182387903528908,1,0.7767395108110455
1846.json,glenn-beck,mostly-true,0,speaker_disjoint_split,0,0.4026983106370365,0,0.3818283116591129
6655.json,charlie-crist,half-true,0,speaker_disjoint_split,0,0.45137887432060997,1,0.5017599093008596
1730.json,bill-oreilly,pants-fire,1,speaker_disjoint_split,0,0.48985982767193526,1,0.5891767228330222
2899.json,jeff-fitzgerald,barely-true,1,speaker_disjoint_split,1,0.6748453400340267,1,0.7662978677134885
10059.json,charlie-crist,mostly-true,0,speaker_disjoint_split,1,0.7217712940602697,1,0.6228977215174342
12450.json,pat-mccrory,barely-true,1,speaker_disjoint_split,1,0.694476045023682,1,0.6270677772686868
5869.json,saxby-chambliss,half-true,0,speaker_disjoint_split,0,0.4718006211485718,0,0.35529232078885387
1601.json,karl-rove,false,1,speaker_disjoint_split,1,0.6732077709141259,1,0.6472529017926341
7743.json,ken-cuccinelli,false,1,speaker_disjoint_split,0,0.4781715420359659,0,0.3469789576295398
12995.json,donald-trump,barely-true,1,speaker_disjoint_split,0,0.4598451930322383,0,0.44478591408439455
8636.json,debra-medina,true,0,speaker_disjoint_split,0,0.20435101302047673,0,0.1131846931578616
483.json,john-mccain,mostly-true,0,speaker_disjoint_split,1,0.5172450501225588,1,0.5049448596869877
1212.json,michael-steele,true,0,speaker_disjoint_split,1,0.6186081328808127,0,0.3841167064089762
3264.json,lloyd-doggett,mostly-true,0,speaker_disjoint_split,0,0.4215805122896842,0,0.43227226786144135
11330.json,donald-trump,mostly-true,0,speaker_disjoint_split,0,0.3654109748189519,0,0.30399008535309996
12595.json,donald-trump,false,1,speaker_disjoint_split,1,0.5507661381913559,1,0.5913061349545379
9102.json,chris-chocola,half-true,0,speaker_disjoint_split,0,0.48177143345369566,0,0.3622917803797697
6299.json,scott-walker,false,1,speaker_disjoint_split,1,0.7356325754509156,1,0.7189770406516223
4210.json,joshua-henne,false,1,speaker_disjoint_split,0,0.29175467675392097,0,0.20152353186666294
6643.json,bill-clinton,mostly-true,0,speaker_disjoint_split,0,0.34831163271702326,0,0.32812729412663283
4918.json,ron-paul,barely-true,1,speaker_disjoint_split,0,0.28285719337079834,0,0.4876076383583197
5041.json,steve-lonegan,false,1,speaker_disjoint_split,0,0.2178170251660908,0,0.4343095640547278
7508.json,ed-fallone,mostly-true,0,speaker_disjoint_split,1,0.5681154551784432,1,0.5024884584514411
9366.json,valarie-wilson,half-true,0,speaker_disjoint_split,1,0.5957871643574527,1,0.6237673272900718
7462.json,ken-cuccinelli,true,0,speaker_disjoint_split,1,0.6364315476622913,1,0.601096529807093
4791.json,debbie-wasserman-schultz,half-true,0,speaker_disjoint_split,0,0.3043813696661398,0,0.42291673260238427
813.json,john-mccain,false,1,speaker_disjoint_split,1,0.6975389742725093,1,0.5113304527071442
12760.json,donald-trump,mostly-true,0,speaker_disjoint_split,0,0.42530126796316514,0,0.44276713979441046
4511.json,john-sherman,false,1,speaker_disjoint_split,0,0.21003050523755779,0,0.21307163697153886
11598.json,donald-trump,half-true,0,speaker_disjoint_split,0,0.49991163794698823,1,0.5168247059186453
528.json,john-mccain,true,0,speaker_disjoint_split,0,0.4641136200726674,1,0.5670463923251768
13450.json,donald-trump,false,1,speaker_disjoint_split,1,0.5563006028827978,0,0.4803023826688696
121.json,john-mccain,false,1,speaker_disjoint_split,0,0.23154258738160377,0,0.29346656187465353
19.json,joe-biden,pants-fire,1,speaker_disjoint_split,0,0.3938196783410713,1,0.5171722491341078
801.json,john-mccain,half-true,0,speaker_disjoint_split,0,0.4581459296915081,0,0.45647630700532676
6365.json,democratic-congressional-campaign-committee,pants-fire,1,speaker_disjoint_split,0,0.43171906388652964,1,0.5052871010951876
8177.json,blog-posting,pants-fire,1,speaker_disjoint_split,1,0.7709075786578597,1,0.8250787174660298
7469.json,carol-shea-porter,half-true,0,speaker_disjoint_split,0,0.33021808516755263,0,0.402342661921385
9617.json,charlie-crist,mostly-true,0,speaker_disjoint_split,0,0.23264697148429228,0,0.2490289155589283
10537.json,trebor-banstetter,true,0,speaker_disjoint_split,0,0.49746015930946347,1,0.7069662064755714
4925.json,rob-cornilles,half-true,0,speaker_disjoint_split,0,0.33838985470738253,0,0.3413416010252913
2642.json,charlie-crist,barely-true,1,speaker_disjoint_split,0,0.3854471518850271,0,0.34908044013704714
8905.json,charlie-crist,false,1,speaker_disjoint_split,1,0.8145330272523329,1,0.7822376730154885
12031.json,john-kasich,barely-true,1,speaker_disjoint_split,0,0.38262888005538825,0,0.4127734817296301
1318.json,glenn-beck,pants-fire,1,speaker_disjoint_split,0,0.4774284017940806,0,0.4643718450552687
9236.json,scott-walker,mostly-true,0,speaker_disjoint_split,0,0.22600929092394664,0,0.29437583014019936
8201.json,national-republican-congressional-committee,barely-true,1,speaker_disjoint_split,1,0.8261461501084543,1,0.8764810464114573
13052.json,donald-trump,true,0,speaker_disjoint_split,0,0.4121755369713877,1,0.5757903683147463
6440.json,tomorrows-vision-florida,false,1,speaker_disjoint_split,1,0.6109384265079078,0,0.28030489352344523
633.json,jerome-corsi,false,1,speaker_disjoint_split,1,0.6788282154994989,0,0.4742765981640031
510.json,republican-party-florida,pants-fire,1,speaker_disjoint_split,1,0.730308289205863,1,0.69138956606938
12752.json,donald-trump,mostly-true,0,speaker_disjoint_split,0,0.15452110071110498,0,0.24953341398592263
3984.json,jon-huntsman,true,0,speaker_disjoint_split,0,0.30744837550014953,0,0.29460494098005824
1825.json,michael-steele,true,0,speaker_disjoint_split,0,0.4153660398048087,0,0.39546487354419163
11864.json,john-kasich,false,1,speaker_disjoint_split,0,0.24167041831018318,0,0.1986237344897757
278.json,john-mccain,false,1,speaker_disjoint_split,0,0.48703990602149283,1,0.6274322608644274
401.json,campaign-defend-america,true,0,speaker_disjoint_split,1,0.5717799430187163,1,0.7298907731147216
11096.json,donald-trump,false,1,speaker_disjoint_split,1,0.645917516142995,1,0.6064386837329537
5209.json,rob-cornilles,half-true,0,speaker_disjoint_split,1,0.538412528009583,0,0.4451950993397134
9524.json,state-democratic-party-wisconsin,pants-fire,1,speaker_disjoint_split,1,0.6435924487682971,1,0.7409879878120919
9198.json,marsha-blackburn,half-true,0,speaker_disjoint_split,1,0.7254685726597029,1,0.6550794325882315
12169.json,chris-sgro,mostly-true,0,speaker_disjoint_split,0,0.4964445610443048,0,0.3544557335992673
12996.json,donald-trump,pants-fire,1,speaker_disjoint_split,0,0.34630987180041356,0,0.2784169765448125
10064.json,republican-party-florida,false,1,speaker_disjoint_split,0,0.3804769049734893,0,0.22371719302816928
4161.json,cliff-stearns,mostly-true,0,speaker_disjoint_split,0,0.3888353731188311,0,0.4522993093401367
2646.json,democratic-congressional-campaign-committee,half-true,0,speaker_disjoint_split,0,0.09776271380218136,0,0.11821888514098937
12381.json,mamie-locke,true,0,speaker_disjoint_split,0,0.15894027603126362,0,0.19594843692597377
10055.json,jeanne-shaheen,mostly-true,0,speaker_disjoint_split,1,0.7042375298250388,1,0.6030858507881565
13251.json,donald-trump,pants-fire,1,speaker_disjoint_split,0,0.23802437696721387,0,0.2729973579093975
6239.json,robert-menendez,barely-true,1,speaker_disjoint_split,0,0.17480984854420198,0,0.1752558212655483
9612.json,republican-party-florida,half-true,0,speaker_disjoint_split,1,0.5517825348710956,0,0.4164655666535391
1087.json,joe-biden,mostly-true,0,speaker_disjoint_split,0,0.25128136640438464,0,0.20348856208797989
267.json,bill-richardson,true,0,speaker_disjoint_split,1,0.6081141944213572,1,0.7085860046328708
4272.json,lloyd-doggett,true,0,speaker_disjoint_split,0,0.1202940677013187,0,0.16101949619774217
2357.json,scott-walker,false,1,speaker_disjoint_split,1,0.6836027284739852,1,0.6904152358345276
12541.json,donald-trump,barely-true,1,speaker_disjoint_split,1,0.5303503769890319,1,0.5252829049964226
2854.json,carole-smith,pants-fire,1,speaker_disjoint_split,0,0.44687362424867266,0,0.17026891383761017
2072.json,david-cicilline,true,0,speaker_disjoint_split,0,0.15445031247454413,0,0.20390010016490212
1420.json,debra-medina,mostly-true,0,speaker_disjoint_split,0,0.4818431772767115,0,0.29408182269477917
6370.json,julian-castro,true,0,speaker_disjoint_split,0,0.1498926995878827,0,0.12707781510777505
10163.json,james-carr,true,0,speaker_disjoint_split,0,0.3430829584952486,0,0.287409858506421
2796.json,safe-routes-schools,false,1,speaker_disjoint_split,0,0.19895130841269848,0,0.4544945839752199
2679.json,charlie-crist,true,0,speaker_disjoint_split,0,0.49048806812746726,1,0.6201345634491382
10040.json,bill-oreilly,half-true,0,speaker_disjoint_split,1,0.6238701099596654,1,0.5799416499269623
8667.json,bob-schieffer,true,0,speaker_disjoint_split,0,0.4358793463937486,0,0.354339297805727
9746.json,mark-emmert,half-true,0,speaker_disjoint_split,0,0.12031274479132353,0,0.14971581573861223
4698.json,americans-prosperity-new-jersey,false,1,speaker_disjoint_split,1,0.5666595735433917,1,0.6863443593606482
2585.json,christine-odonnell,barely-true,1,speaker_disjoint_split,0,0.38314388349272743,1,0.5520843727568456
6026.json,scott-walker,half-true,0,speaker_disjoint_split,0,0.4865596868235783,0,0.47911441453683834
13056.json,national-republican-congressional-committee,true,0,speaker_disjoint_split,0,0.4541974728369631,0,0.37815082811283546
1103.json,glenn-beck,pants-fire,1,speaker_disjoint_split,1,0.6398173104045236,1,0.5467009277869549
4105.json,shelly-moore,pants-fire,1,speaker_disjoint_split,1,0.7241312884883175,1,0.6339548926080275
8533.json,frank-fahrenkopf,barely-true,1,speaker_disjoint_split,0,0.2641045299196501,0,0.20062992980493966
13125.json,donald-trump,barely-true,1,speaker_disjoint_split,1,0.6339288574786721,1,0.6337420090508097
3107.json,dean-cannon,true,0,speaker_disjoint_split,0,0.3269685199887007,0,0.2947085545570853
6765.json,joaquin-castro,true,0,speaker_disjoint_split,1,0.5204945888311984,0,0.427647922012567
4243.json,jon-huntsman,mostly-true,0,speaker_disjoint_split,0,0.24865481127776537,0,0.304984685444303
7818.json,carolyn-tomei,mostly-true,0,speaker_disjoint_split,0,0.3189993354849097,0,0.33369164565613
10871.json,gina-hinojosa,half-true,0,speaker_disjoint_split,0,0.26338340518254877,0,0.3586126155910497
11324.json,dale-kooyenga,mostly-true,0,speaker_disjoint_split,0,0.3313745709344618,0,0.34857652435608416
3637.json,donald-trump,mostly-true,0,speaker_disjoint_split,0,0.4556199778702734,1,0.6315791956931752
6060.json,jeanne-shaheen,barely-true,1,speaker_disjoint_split,0,0.2675563254506647,0,0.38127975289997545
603.json,john-mccain,false,1,speaker_disjoint_split,1,0.553632432746754,1,0.5281136080245594
11545.json,bernie-s,mostly-true,0,speaker_disjoint_split,0,0.494833694476648,0,0.3861772489142048
6684.json,its-still-bad-idea,pants-fire,1,speaker_disjoint_split,0,0.27026693980051303,0,0.23516464312638216
11711.json,donald-trump,true,0,speaker_disjoint_split,0,0.2654174786908506,0,0.28248089981985197
8869.json,scott-surovell,mostly-true,0,speaker_disjoint_split,0,0.3584105647098041,0,0.2560699955334128
8320.json,charlie-crist,mostly-true,0,speaker_disjoint_split,0,0.20081179771564592,0,0.35895512080623815
5505.json,lenny-curry,true,0,speaker_disjoint_split,1,0.7107159958587428,0,0.265820056950248
11778.json,donald-trump,barely-true,1,speaker_disjoint_split,0,0.38315816354763177,0,0.41506738162722123
1251.json,jay-rockefeller,true,0,speaker_disjoint_split,0,0.49087699435473847,1,0.5209600228852536
6112.json,jeff-merkley,mostly-true,0,speaker_disjoint_split,0,0.2682806463519762,0,0.34562321882080765
2652.json,kathie-glass,pants-fire,1,speaker_disjoint_split,1,0.5013021998796405,1,0.5254242100596576
11764.json,state-democratic-party-wisconsin,pants-fire,1,speaker_disjoint_split,0,0.36621824853657997,0,0.36320443193367585
7692.json,dan-patrick,mostly-true,0,speaker_disjoint_split,0,0.2461936319710874,0,0.39024708979179923
11185.json,carly-fiorina,barely-true,1,speaker_disjoint_split,0,0.47865983280558705,0,0.46456044049957623
2412.json,republican-party-florida,false,1,speaker_disjoint_split,1,0.8275053817230743,1,0.5199542170382565
592.json,john-mccain,barely-true,1,speaker_disjoint_split,1,0.544052297218647,0,0.45848420460526734
12745.json,donald-trump,half-true,0,speaker_disjoint_split,0,0.25353931245060757,0,0.3177293479567923
2547.json,lloyd-doggett,true,0,speaker_disjoint_split,1,0.63517366076347,1,0.7241589724815698
6386.json,democratic-congressional-campaign-committee,barely-true,1,speaker_disjoint_split,1,0.6032474147702713,1,0.5364800947249495
4708.json,nina-turner,true,0,speaker_disjoint_split,0,0.2019286498333148,0,0.12778212227358224
12167.json,bernie-s,barely-true,1,speaker_disjoint_split,1,0.609515671984274,1,0.5962133053375493
2876.json,john-kasich,mostly-true,0,speaker_disjoint_split,0,0.22146729683253122,0,0.24998018150181744
12943.json,donald-trump,half-true,0,speaker_disjoint_split,1,0.5813079294113704,1,0.688229848688389
2777.json,michael-bloomberg,mostly-true,0,speaker_disjoint_split,0,0.20082134131607252,0,0.3846300739142646
7758.json,bill-richardson,mostly-true,0,speaker_disjoint_split,1,0.5632738475445983,1,0.7266558601071206
11796.json,donald-trump,half-true,0,speaker_disjoint_split,1,0.5556762993808082,0,0.4787234942048153
10208.json,anna-kooiman,barely-true,1,speaker_disjoint_split,1,0.6427463763559067,1,0.6517064943533476
805.json,john-mccain,mostly-true,0,speaker_disjoint_split,1,0.6217494621734483,1,0.5071123559803423
7461.json,arne-duncan,barely-true,1,speaker_disjoint_split,1,0.5350522538598345,1,0.6839627225908302
3575.json,scott-walker,true,0,speaker_disjoint_split,1,0.7395765706765,1,0.6554574465377165
384.json,votevetsorg,true,0,speaker_disjoint_split,0,0.4022926169815151,0,0.4980656544651181
729.json,john-mccain,half-true,0,speaker_disjoint_split,0,0.40288858170821096,1,0.5769983165143856
656.json,joe-biden,mostly-true,0,speaker_disjoint_split,0,0.15719597712865607,0,0.31046458049905995
6010.json,lenny-curry,half-true,0,speaker_disjoint_split,0,0.2035409808869784,0,0.2523941721540094
727.json,john-mccain,mostly-true,0,speaker_disjoint_split,1,0.6452358814588942,1,0.5515874473901857
6262.json,democratic-congressional-campaign-committee,pants-fire,1,speaker_disjoint_split,1,0.6058144374118865,1,0.5124859895695794
12084.json,donald-trump,true,0,speaker_disjoint_split,0,0.3750275505910805,0,0.31442544569372843
12461.json,blog-posting,true,0,speaker_disjoint_split,0,0.47295129299578914,1,0.5824595878141166
11910.json,ben-carson,pants-fire,1,speaker_disjoint_split,0,0.27276024857146924,0,0.15680548493986046
10175.json,scott-walker,mostly-true,0,speaker_disjoint_split,0,0.3189048093560602,0,0.2540758108399704
1881.json,thomas-melsheimer,barely-true,1,speaker_disjoint_split,1,0.5075478627030898,0,0.39451046472483675
5536.json,stephen-sweeney,half-true,0,speaker_disjoint_split,0,0.4659322107604363,1,0.5864685631580612
12787.json,donald-trump,half-true,0,speaker_disjoint_split,0,0.35287003427600905,0,0.4691071405370236
2442.json,delia-lopez,pants-fire,1,speaker_disjoint_split,1,0.5246642362383795,1,0.7774845704637511
2983.json,sam-adams,true,0,speaker_disjoint_split,0,0.40936994824676165,1,0.5281423419774813
6577.json,scott-walker,half-true,0,speaker_disjoint_split,0,0.2731963931894074,0,0.20339526817335915
4711.json,lloyd-doggett,mostly-true,0,speaker_disjoint_split,0,0.2054934023751275,0,0.2063426500346378
11865.json,adrian-garcia,barely-true,1,speaker_disjoint_split,1,0.6111203131915565,0,0.44889429902294314
3021.json,david-wyss,true,0,speaker_disjoint_split,1,0.6418272005728901,1,0.7380732266466642
5272.json,ron-paul,half-true,0,speaker_disjoint_split,0,0.3402372564012413,0,0.4312215129096922
3991.json,scott-walker,half-true,0,speaker_disjoint_split,0,0.23141475910603354,0,0.43902678119159494
6290.json,ohio-republican-party,half-true,0,speaker_disjoint_split,1,0.6634949766427336,1,0.7070174226513458
1394.json,texas-democratic-party,false,1,speaker_disjoint_split,0,0.20052392629155738,1,0.5962150371342022
1052.json,john-mccain,true,0,speaker_disjoint_split,1,0.9054899845952008,1,0.7560391499255319
3700.json,stephen-ucci,false,1,speaker_disjoint_split,0,0.49603158788394536,0,0.4473305168323591
1999.json,charlie-crist,true,0,speaker_disjoint_split,0,0.3220970839471113,0,0.15769111956869344
9683.json,peter-lavelle,pants-fire,1,speaker_disjoint_split,1,0.5127303534350981,1,0.594524065662362
2626.json,edwin-pacheco,false,1,speaker_disjoint_split,1,0.5458317128387987,1,0.6174254123439774
2814.json,john-kasich,half-true,0,speaker_disjoint_split,0,0.24424192822207594,0,0.29982687869532704
12448.json,donald-trump,barely-true,1,speaker_disjoint_split,0,0.3060544608518553,1,0.60684390225782
8701.json,state-democratic-party-wisconsin,false,1,speaker_disjoint_split,1,0.5958461366188166,1,0.7648363789404894
2371.json,john-mccain,barely-true,1,speaker_disjoint_split,1,0.5753291994581037,1,0.64066964927026
12065.json,donald-trump,true,0,speaker_disjoint_split,0,0.4605055991046848,1,0.5067669377153429
13305.json,donald-trump,true,0,speaker_disjoint_split,1,0.6350823302802047,1,0.5906686346302678
2428.json,republican-governors-association,half-true,0,speaker_disjoint_split,0,0.22585235723029015,1,0.5460928260433384
4425.json,john-kasich,barely-true,1,speaker_disjoint_split,0,0.29691101096085554,0,0.29852795938959825
5551.json,dennis-richardson,half-true,0,speaker_disjoint_split,0,0.4951404412872748,0,0.3183567136442032
757.json,john-mccain,half-true,0,speaker_disjoint_split,0,0.3047529486591506,0,0.33638853860420326
2284.json,glenn-beck,pants-fire,1,speaker_disjoint_split,1,0.7333998135922772,1,0.6714680383814873
12650.json,donald-trump,barely-true,1,speaker_disjoint_split,1,0.6915519788567469,1,0.7950130234125419
643.json,joe-biden,half-true,0,speaker_disjoint_split,0,0.15527462726463045,0,0.17022553510502617
11562.json,donald-trump,pants-fire,1,speaker_disjoint_split,1,0.6370945103426374,1,0.6678967103898839
12098.json,john-kasich,mostly-true,0,speaker_disjoint_split,1,0.5076214492122114,0,0.4447066871733341
1480.json,glenn-beck,barely-true,1,speaker_disjoint_split,0,0.2467542372096108,0,0.28510302885357736
10517.json,nathan-deal,half-true,0,speaker_disjoint_split,0,0.154793732758996,0,0.2875364801170242
531.json,john-mccain,mostly-true,0,speaker_disjoint_split,0,0.4719344464431489,0,0.2885596808302875
126.json,joe-biden,mostly-true,0,speaker_disjoint_split,0,0.47679058104869293,0,0.3818735912545396
526.json,john-mccain,barely-true,1,speaker_disjoint_split,0,0.33629484790188774,1,0.5468681850155991
3.json,bill-richardson,mostly-true,0,speaker_disjoint_split,0,0.4334219596308368,0,0.3981171075383129
1150.json,orrin-hatch,half-true,0,speaker_disjoint_split,0,0.30881778170250596,0,0.34628347844479745
4289.json,sam-adams,half-true,0,speaker_disjoint_split,0,0.2327163037671903,0,0.145066506102972
4383.json,dennis-richardson,false,1,speaker_disjoint_split,1,0.5529860050967436,0,0.3186217340756979
2643.json,scott-walker,false,1,speaker_disjoint_split,1,0.6791461976860894,1,0.7032790860990357
13236.json,tim-kaine,barely-true,1,speaker_disjoint_split,0,0.3931874402939816,1,0.5094357825213918
1894.json,donna-brazile,half-true,0,speaker_disjoint_split,0,0.2938782267789384,0,0.27555375564760487
792.json,john-mccain,half-true,0,speaker_disjoint_split,0,0.48956684286449076,1,0.6153102080581668
12929.json,julian-castro,true,0,speaker_disjoint_split,0,0.25558744195972183,0,0.19537499524089563
12791.json,democratic-congressional-campaign-committee,barely-true,1,speaker_disjoint_split,1,0.5523819892784876,0,0.49070140661137274
10283.json,bernie-s,mostly-true,0,speaker_disjoint_split,0,0.268104447876497,0,0.1279642553241698
2165.json,sam-olens,half-true,0,speaker_disjoint_split,1,0.6539024382905377,1,0.6016577100589642
6455.json,warren-kampf,mostly-true,0,speaker_disjoint_split,0,0.22837310468249317,0,0.4868249131858253
211.json,john-mccain,true,0,speaker_disjoint_split,1,0.5100866329687359,0,0.4167603414166434
7676.json,michael-chippendale,barely-true,1,speaker_disjoint_split,1,0.5463185716878722,0,0.47866851002297994
2443.json,john-kasich,half-true,0,speaker_disjoint_split,0,0.2374724733985962,0,0.37118723661538927
12284.json,bernie-s,mostly-true,0,speaker_disjoint_split,0,0.36569619351361937,1,0.5060965081387503
3414.json,bernie-s,false,1,speaker_disjoint_split,1,0.51910943674116,0,0.3475276295365157
1450.json,debra-medina,half-true,0,speaker_disjoint_split,1,0.6539128414737979,1,0.6183661010754415
2894.json,glenn-beck,pants-fire,1,speaker_disjoint_split,0,0.4451164512315482,0,0.479760600218697
9301.json,blog-posting,pants-fire,1,speaker_disjoint_split,1,0.6894775200064147,1,0.7125157402621067
5486.json,silvestre-reyes,half-true,0,speaker_disjoint_split,1,0.5520999493061094,1,0.564172937653487
13227.json,donald-trump,false,1,speaker_disjoint_split,1,0.713832570936876,1,0.6869016055294973
2603.json,hank-gilbert,false,1,speaker_disjoint_split,0,0.3861682759485852,0,0.48560784065534196
788.json,john-mccain,mostly-true,0,speaker_disjoint_split,0,0.3092844234037254,0,0.34851043988583885
605.json,john-mccain,false,1,speaker_disjoint_split,1,0.5037120334751,0,0.3354705736614415
13186.json,tim-kaine,half-true,0,speaker_disjoint_split,0,0.3308365594073326,0,0.35798828871683486
3037.json,tim-kaine,half-true,0,speaker_disjoint_split,0,0.21012802647599424,0,0.23406399887302812
207.json,john-mccain,true,0,speaker_disjoint_split,0,0.41813154557753235,0,0.43308012793175976
10069.json,debbie-wasserman-schultz,false,1,speaker_disjoint_split,0,0.19956307261370346,0,0.2407154835553595
13486.json,rush-limbaugh,half-true,0,speaker_disjoint_split,1,0.5541424494723858,0,0.37834872223628524
10633.json,glenn-beck,false,1,speaker_disjoint_split,1,0.7430751267008233,0,0.4310598826133263
10883.json,rebecca-quigley,false,1,speaker_disjoint_split,0,0.24411785769040623,0,0.16008457684498742
11307.json,donald-trump,barely-true,1,speaker_disjoint_split,1,0.5097276807496809,1,0.5400636959661793
4175.json,debbie-wasserman-schultz,half-true,0,speaker_disjoint_split,0,0.270396808345789,0,0.4053590006772811
3987.json,democratic-congressional-campaign-committee,mostly-true,0,speaker_disjoint_split,1,0.6741933501719819,1,0.5604655144299483
12834.json,donald-trump,false,1,speaker_disjoint_split,0,0.4228386504606816,1,0.5369621703272719
386.json,john-mccain,mostly-true,0,speaker_disjoint_split,0,0.4415277666885424,0,0.472507949594467
446.json,focus-family-action,barely-true,1,speaker_disjoint_split,1,0.5369918545257949,1,0.7064082647631125
10271.json,keisha-lance-bottoms,mostly-true,0,speaker_disjoint_split,0,0.4359912235620002,0,0.4125510599094328
317.json,bill-clinton,true,0,speaker_disjoint_split,0,0.22574342676698733,0,0.31087400697209394
5450.json,ron-paul,half-true,0,speaker_disjoint_split,0,0.33562040350995964,0,0.38281676310239093
3740.json,tim-kaine,half-true,0,speaker_disjoint_split,0,0.10629556931407498,0,0.20052443975637413
10543.json,scott-walker,false,1,speaker_disjoint_split,0,0.2975096741691249,1,0.5701693849134084
7904.json,scott-walker,barely-true,1,speaker_disjoint_split,1,0.5207384333243477,1,0.6564374647490753
12805.json,joe-biden,mostly-true,0,speaker_disjoint_split,0,0.2139577833952264,0,0.23884718723038975
9771.json,nextgen-climate,half-true,0,speaker_disjoint_split,1,0.5875023361519541,0,0.46939968215292854
2394.json,republican-governors-association,half-true,0,speaker_disjoint_split,1,0.7470168146780927,1,0.5406706289998479
3541.json,armond-budish,half-true,0,speaker_disjoint_split,0,0.18303158673698483,0,0.16679283799299266
12187.json,rick-scotts-starbucks-heckler,half-true,0,speaker_disjoint_split,1,0.7313243764809612,1,0.5527382644899895
6325.json,michael-bloomberg,half-true,0,speaker_disjoint_split,0,0.4765295278286807,1,0.5522862180467059
12855.json,richard-durbin,true,0,speaker_disjoint_split,0,0.25767663891884374,0,0.17002812222262453
11726.json,dan-patrick,barely-true,1,speaker_disjoint_split,0,0.14478570109342853,0,0.28945547116428866
699.json,john-mccain,half-true,0,speaker_disjoint_split,1,0.6389357022706171,1,0.6207997535889894
10041.json,dan-patrick,half-true,0,speaker_disjoint_split,1,0.7922080602997775,1,0.8312321731448686
4189.json,national-republican-congressional-committee,false,1,speaker_disjoint_split,1,0.8369614148880924,1,0.7717245537309868
1405.json,glenn-beck,barely-true,1,speaker_disjoint_split,0,0.08098621260648456,0,0.11683563132662954
6919.json,tim-kaine,barely-true,1,speaker_disjoint_split,0,0.44816291582763007,0,0.3736908013710143
9774.json,republican-party-florida,false,1,speaker_disjoint_split,1,0.7902187229316002,1,0.5984617171579779
2616.json,christine-odonnell,pants-fire,1,speaker_disjoint_split,1,0.7549418951823336,1,0.7718071176208866
1280.json,charlie-crist,barely-true,1,speaker_disjoint_split,0,0.2479547910882919,0,0.3191144354837158
6720.json,rob-zerban,false,1,speaker_disjoint_split,0,0.3493836816298367,0,0.3352457487153369
4442.json,ron-paul,half-true,0,speaker_disjoint_split,0,0.34881867421500456,0,0.3078333316906631
7111.json,sam-adams,barely-true,1,speaker_disjoint_split,0,0.23384989132252496,0,0.2352821969558
9235.json,blog-posting,pants-fire,1,speaker_disjoint_split,1,0.6154230928870342,1,0.8434194124355419
1243.json,barney-bishop,false,1,speaker_disjoint_split,0,0.38373524560019995,0,0.47425642167579213
3369.json,sam-adams,half-true,0,speaker_disjoint_split,0,0.3385809372920825,0,0.24946445254166247
12952.json,donald-trump,barely-true,1,speaker_disjoint_split,1,0.730864926340953,1,0.7659833675886443
2187.json,michael-bloomberg,false,1,speaker_disjoint_split,0,0.3458531585020851,0,0.24870361405691538
2774.json,scott-walker,half-true,0,speaker_disjoint_split,1,0.7193943837127356,1,0.5382013381463868
6555.json,teresa-fedor,true,0,speaker_disjoint_split,1,0.5132136748391211,1,0.5500714288022125
5710.json,joe-biden,false,1,speaker_disjoint_split,0,0.44570962054711544,0,0.319105384008671
12537.json,donald-trump,false,1,speaker_disjoint_split,1,0.5547677661249334,1,0.6385817368976391
4841.json,eileen-brady,mostly-true,0,speaker_disjoint_split,0,0.4392438982656132,1,0.5219046232687504
13512.json,blog-posting,pants-fire,1,speaker_disjoint_split,1,0.6796562470160505,1,0.7365484466792269
7329.json,mayors-against-illegal-guns,half-true,0,speaker_disjoint_split,0,0.2903050949450289,0,0.39564897345712424
13385.json,donald-trump,mostly-true,0,speaker_disjoint_split,1,0.6326458198044309,1,0.5588182597497171
9937.json,jeanne-shaheen,mostly-true,0,speaker_disjoint_split,1,0.5567484785877561,1,0.6245053393123561
5124.json,restore-our-future,pants-fire,1,speaker_disjoint_split,1,0.6421383997273762,0,0.4912711201444899
9437.json,scott-walker,half-true,0,speaker_disjoint_split,0,0.38928723109451635,1,0.5843142481794226
235.json,john-mccain,true,0,speaker_disjoint_split,0,0.28767035033199634,0,0.31223555283259313
9489.json,scott-walker,false,1,speaker_disjoint_split,1,0.5830639711397433,1,0.5959703246459895
5836.json,mary-nolan,half-true,0,speaker_disjoint_split,1,0.7010926898799945,1,0.5074187937453011
13324.json,donald-trump,mostly-true,0,speaker_disjoint_split,0,0.292968998203429,0,0.38148316316011904
5230.json,nathan-deal,true,0,speaker_disjoint_split,0,0.28062876680809445,0,0.2277628886052215
6900.json,karen-huber,half-true,0,speaker_disjoint_split,0,0.31885863697985173,0,0.4327619367502093
10524.json,lloyd-doggett,true,0,speaker_disjoint_split,1,0.7034563028143284,1,0.5682057718281941
12599.json,thomas-perez,true,0,speaker_disjoint_split,1,0.5036395078947378,0,0.32529865528784335
7084.json,dan-patrick,true,0,speaker_disjoint_split,0,0.2923032525956984,0,0.4351958402772637
9323.json,julian-castro,true,0,speaker_disjoint_split,0,0.46546885828677315,0,0.49677364500310855
7607.json,john-kasich,pants-fire,1,speaker_disjoint_split,1,0.5899308357062962,0,0.3750974634739421
1061.json,lynn-westmoreland,barely-true,1,speaker_disjoint_split,0,0.26824508706793,0,0.1906098100502401
12321.json,pat-mccrory,true,0,speaker_disjoint_split,0,0.15518695219125822,0,0.15440580726048453
12546.json,blog-posting,false,1,speaker_disjoint_split,1,0.6497047647657765,1,0.697667631941178
2877.json,scott-walker,false,1,speaker_disjoint_split,1,0.7657545817415662,1,0.7458978365652256
3885.json,new-jersey-sierra-club,half-true,0,speaker_disjoint_split,0,0.23823063934519814,0,0.18725516951289012
11150.json,centers-disease-control,true,0,speaker_disjoint_split,1,0.7720290470721425,1,0.7158195857668738
2316.json,charlie-crist,mostly-true,0,speaker_disjoint_split,0,0.17287139543398275,0,0.19146857095264808
1497.json,eve-schatelowitz-alcantar,false,1,speaker_disjoint_split,1,0.6186664706492595,1,0.6881472045340761
4543.json,bill-oreilly,barely-true,1,speaker_disjoint_split,1,0.5113499169218327,1,0.5015046994883383
5091.json,jon-huntsman,false,1,speaker_disjoint_split,0,0.31432654906645097,0,0.4430109242394678
4212.json,john-kasich,true,0,speaker_disjoint_split,0,0.3629222386380362,0,0.3494426005992825
1623.json,charlie-crist,true,0,speaker_disjoint_split,1,0.5352022006369631,0,0.35708795675171623
11802.json,bernie-s,mostly-true,0,speaker_disjoint_split,0,0.45998719200296456,0,0.4758842619519682
2581.json,julie-lassa,barely-true,1,speaker_disjoint_split,1,0.6671809359307496,1,0.689295507867818
12179.json,blog-posting,pants-fire,1,speaker_disjoint_split,0,0.45480082160786844,1,0.5928389989432904
9364.json,angel-taveras,barely-true,1,speaker_disjoint_split,0,0.11793828772762589,0,0.3114415154992705
544.json,joe-biden,barely-true,1,speaker_disjoint_split,0,0.33731221536197725,0,0.37931032423250755
3679.json,john-kasich,false,1,speaker_disjoint_split,0,0.4131264792861625,0,0.38371864479346773
1184.json,charles-boustany,barely-true,1,speaker_disjoint_split,0,0.43879972537140344,1,0.5422486013256411
13214.json,oxfam-america,mostly-true,0,speaker_disjoint_split,0,0.201137641556583,0,0.12013091619312496
7268.json,scott-walker,mostly-true,0,speaker_disjoint_split,0,0.3053874515499595,0,0.29371452825040323
2252.json,tim-kaine,half-true,0,speaker_disjoint_split,0,0.4309775293679816,0,0.4305445332507028
3029.json,scott-walker,mostly-true,0,speaker_disjoint_split,1,0.6396713739715111,1,0.5905359036844758
3710.json,nathan-deal,true,0,speaker_disjoint_split,0,0.16807267112180438,0,0.2351094387921957
13409.json,donald-trump,barely-true,1,speaker_disjoint_split,0,0.17271123160218288,0,0.3187017703841789
4568.json,new-jersey-democratic-state-committee,barely-true,1,speaker_disjoint_split,0,0.3331393116614902,0,0.4915646361006466
1849.json,john-oxendine,half-true,0,speaker_disjoint_split,0,0.2251096026147792,0,0.38515486748417826
10739.json,karl-rove,mostly-true,0,speaker_disjoint_split,1,0.5329741403578079,1,0.5829034281005925
13128.json,donald-trump,mostly-true,0,speaker_disjoint_split,1,0.5818770270362705,1,0.5839978445685753
7195.json,lenny-curry,barely-true,1,speaker_disjoint_split,1,0.7514613195301346,0,0.4942988258814457
13047.json,donald-trump,half-true,0,speaker_disjoint_split,0,0.4972673971056583,1,0.6051158362793135
8352.json,blog-posting,pants-fire,1,speaker_disjoint_split,1,0.7243026316171363,1,0.8496322722660798
12749.json,donald-trump,half-true,0,speaker_disjoint_split,0,0.25618184647022657,0,0.191173430746997
12011.json,donald-trump,half-true,0,speaker_disjoint_split,1,0.8587251455302265,1,0.8564429480973899
13490.json,don-beyer,false,1,speaker_disjoint_split,0,0.21507103198801475,0,0.17960042911996393
180.json,bill-richardson,false,1,speaker_disjoint_split,0,0.4314292975973387,0,0.3913659766020303
12368.json,donald-trump,barely-true,1,speaker_disjoint_split,1,0.5887145382729362,1,0.5667098656548443
5788.json,frank-wolf,true,0,speaker_disjoint_split,0,0.30425140545814827,1,0.5086963689962554
3522.json,jason-haas,false,1,speaker_disjoint_split,1,0.7515285500455003,1,0.6451407354494865
10846.json,scott-walker,false,1,speaker_disjoint_split,0,0.4902063282525818,0,0.4818199462212876
700.json,john-mccain,true,0,speaker_disjoint_split,1,0.5279005287203926,1,0.6533827323106891
12214.json,bernie-s,mostly-true,0,speaker_disjoint_split,0,0.10674117604085527,0,0.1554458908237014
6922.json,lois-frankel,barely-true,1,speaker_disjoint_split,0,0.41705978107790753,1,0.5021857309642511
7416.json,david-plouffe,barely-true,1,speaker_disjoint_split,1,0.678293988667337,1,0.6635655327563722
1262.json,glenn-beck,false,1,speaker_disjoint_split,1,0.5326342898831972,0,0.29733302888949514
1677.json,karen-sage,true,0,speaker_disjoint_split,0,0.24017011148459147,0,0.41954650996303994
13049.json,blog-posting,false,1,speaker_disjoint_split,1,0.6638047725963828,1,0.6292195218279883
13423.json,donald-trump,false,1,speaker_disjoint_split,1,0.7643922545946181,1,0.5350695022296125
3087.json,brian-moran,pants-fire,1,speaker_disjoint_split,1,0.6710335407826306,1,0.6100252176953035
3460.json,john-kasich,half-true,0,speaker_disjoint_split,0,0.359297574156348,1,0.5668918978570179
9256.json,rush-limbaugh,false,1,speaker_disjoint_split,0,0.34507710528143587,0,0.46938975749374956
8104.json,don-lemon,mostly-true,0,speaker_disjoint_split,0,0.3434797019051185,0,0.4557965952991562
7970.json,todd-young,false,1,speaker_disjoint_split,0,0.4629996989429565,0,0.3899842909462791
3257.json,dan-patrick,true,0,speaker_disjoint_split,1,0.5415456313230225,1,0.5830897092546584
70.json,ron-paul,mostly-true,0,speaker_disjoint_split,0,0.3651946854515476,0,0.1732130078137466
10140.json,john-carlevale,false,1,speaker_disjoint_split,0,0.3866181498766579,0,0.2759044697044353
8595.json,ken-cuccinelli,barely-true,1,speaker_disjoint_split,1,0.6058918746604731,1,0.743788592914146
4885.json,joe-biden,mostly-true,0,speaker_disjoint_split,0,0.268317119727807,0,0.2319435509532975
11917.json,john-mccain,true,0,speaker_disjoint_split,1,0.6395273850661825,1,0.5425775328478791
10978.json,don-beyer,true,0,speaker_disjoint_split,0,0.1908799247554263,0,0.2830630306994681
7164.json,john-kasich,true,0,speaker_disjoint_split,0,0.3444909962112384,0,0.44090270945447596
5251.json,blog-posting,mostly-true,0,speaker_disjoint_split,0,0.2812381860879949,1,0.5996596455937124
4689.json,jeb-hensarling,false,1,speaker_disjoint_split,0,0.26784031670165037,0,0.3096713711184425
9227.json,charlie-crist,barely-true,1,speaker_disjoint_split,0,0.3669747370327002,0,0.34269508419138284
12927.json,joaquin-castro,mostly-true,0,speaker_disjoint_split,1,0.8448265963509815,1,0.7036240370133295
340.json,john-mccain,true,0,speaker_disjoint_split,0,0.2705506748164282,0,0.32337006273260854
12924.json,gary-johnson,true,0,speaker_disjoint_split,0,0.3991060749148362,0,0.46136121827483223
13484.json,blog-posting,pants-fire,1,speaker_disjoint_split,0,0.28935782744025296,0,0.4510400302078002
11261.json,scott-walker,mostly-true,0,speaker_disjoint_split,1,0.512967099062818,1,0.508730196750294
8285.json,bill-foster,barely-true,1,speaker_disjoint_split,0,0.2902948602157784,0,0.16717106052138261
9229.json,bob-cole,half-true,0,speaker_disjoint_split,0,0.43751212392439054,1,0.5765312087467609
8685.json,kathleen-sebelius,true,0,speaker_disjoint_split,0,0.05542367813383089,0,0.08302404607616345
9200.json,louie-gohmert,false,1,speaker_disjoint_split,1,0.5459066366569435,1,0.5699742565190667
2533.json,republican-party-florida,half-true,0,speaker_disjoint_split,0,0.33324794931771357,1,0.5518362234032315
9292.json,charlie-crist,half-true,0,speaker_disjoint_split,0,0.4052242458453671,0,0.2570149331283774
631.json,jerome-corsi,pants-fire,1,speaker_disjoint_split,1,0.7310236432155933,0,0.48746911616798316
5074.json,john-kasich,mostly-true,0,speaker_disjoint_split,0,0.19883895086314904,0,0.308638713182928
6795.json,bill-clinton,barely-true,1,speaker_disjoint_split,1,0.5641508692582644,0,0.46880847978889206
12511.json,donald-trump,false,1,speaker_disjoint_split,1,0.6373883516561586,1,0.6459438679682727
3186.json,john-kasich,barely-true,1,speaker_disjoint_split,1,0.5429202933043127,1,0.5947886852320072
