id,speaker,label,is_low_truth,setting,text_only_pred,text_only_score,text_plus_graph_pred,text_plus_graph_score
11972.json,rick-perry,true,0,fixed_split_train_test,0,0.48965142673822776,0,0.44317923154791117
11685.json,katrina-shankland,false,1,fixed_split_train_test,0,0.40098556716616235,0,0.35898693934552695
11096.json,donald-trump,false,1,fixed_split_train_test,1,0.5208062895362545,1,0.7804045214498169
5209.json,rob-cornilles,half-true,0,fixed_split_train_test,1,0.5261088200839122,1,0.5793245465324612
9524.json,state-democratic-party-wisconsin,pants-fire,1,fixed_split_train_test,1,0.5432685011374645,1,0.5753176686501609
5962.json,brendan-doherty,true,0,fixed_split_train_test,0,0.4379401721099995,0,0.38130524504365987
7070.json,stand-children-tennessee,true,0,fixed_split_train_test,0,0.39097494521283116,0,0.3803009867552171
1046.json,john-boehner,barely-true,1,fixed_split_train_test,1,0.5262935231123594,1,0.5746619365518044
12849.json,sean-patrick-maloney,true,0,fixed_split_train_test,0,0.49583899197731474,0,0.44895638430733803
13270.json,mike-pence,barely-true,1,fixed_split_train_test,0,0.4342792205656486,0,0.4607393524635184
6649.json,mike-berlon,barely-true,1,fixed_split_train_test,0,0.4093346703680256,0,0.36670408651675884
2508.json,bill-flores,barely-true,1,fixed_split_train_test,1,0.5800254499451711,1,0.5517169709762342
11269.json,viral-image,pants-fire,1,fixed_split_train_test,1,0.5278482294389426,1,0.5507316002635497
11200.json,facebook-posts,false,1,fixed_split_train_test,0,0.4582758857991547,1,0.5653774379648913
8047.json,chris-abele,half-true,0,fixed_split_train_test,0,0.4953977255948219,0,0.4890971048999044
4888.json,rick-santorum,true,0,fixed_split_train_test,0,0.41986228683388227,0,0.40470322117109164
3331.json,tom-niehaus,pants-fire,1,fixed_split_train_test,0,0.432475224071929,0,0.49424772842627435
9198.json,marsha-blackburn,half-true,0,fixed_split_train_test,0,0.40045721789895533,0,0.40786232803305567
73.json,hillary-clinton,true,0,fixed_split_train_test,0,0.40324559156650047,0,0.3280578431725187
1328.json,sarah-palin,false,1,fixed_split_train_test,0,0.4103956447370462,0,0.4856966010742713
12169.json,chris-sgro,mostly-true,0,fixed_split_train_test,0,0.48726442399374037,0,0.4378502912939137
5244.json,marco-rubio,half-true,0,fixed_split_train_test,1,0.5207732200074338,0,0.47865104584634666
12996.json,donald-trump,pants-fire,1,fixed_split_train_test,0,0.35922915598107613,1,0.576131006418733
8162.json,marijuana-policy-project,mostly-true,0,fixed_split_train_test,0,0.3982255160215594,0,0.37596363958504125
10064.json,republican-party-florida,false,1,fixed_split_train_test,1,0.5040083006632844,1,0.5336487992502714
1084.json,lindsey-graham,true,0,fixed_split_train_test,0,0.39729215921397093,0,0.4214246307658883
13231.json,hillary-clinton,barely-true,1,fixed_split_train_test,1,0.565768927919586,0,0.3893465133794399
13089.json,republican-national-committee-republican,half-true,0,fixed_split_train_test,0,0.4495213690699844,0,0.45099034936402643
1051.json,mike-pence,true,0,fixed_split_train_test,1,0.5346996763533017,1,0.5455832508120503
4161.json,cliff-stearns,mostly-true,0,fixed_split_train_test,0,0.3643156979514807,0,0.38512914213264005
11966.json,cory-gardner,false,1,fixed_split_train_test,0,0.4436910618298404,0,0.4378758794703522
9800.json,sarah-palin,false,1,fixed_split_train_test,0,0.4706531229412403,0,0.4506317247238117
816.json,barack-obama,half-true,0,fixed_split_train_test,0,0.40137323259925245,0,0.38500045284780576
2646.json,democratic-congressional-campaign-committee,half-true,0,fixed_split_train_test,0,0.4373650960610273,1,0.5461487037225934
12381.json,mamie-locke,true,0,fixed_split_train_test,0,0.3842093516981049,0,0.3568575345578354
8567.json,herman-cain,half-true,0,fixed_split_train_test,1,0.5285920618581665,1,0.5358251246409749
9092.json,rick-scott,barely-true,1,fixed_split_train_test,0,0.4432232641207132,0,0.48404800058876696
10055.json,jeanne-shaheen,mostly-true,0,fixed_split_train_test,1,0.5337795107212764,0,0.4832712499225241
4513.json,dennis-kucinich,true,0,fixed_split_train_test,0,0.40877216312918746,0,0.2802476855537705
10340.json,kevin-brady,true,0,fixed_split_train_test,0,0.4075538484264454,0,0.4177652106567822
6849.json,mitt-romney,barely-true,1,fixed_split_train_test,1,0.5003446622699778,0,0.45589212850258726
10971.json,doonesbury,half-true,0,fixed_split_train_test,0,0.4420326754929383,0,0.4544674015451859
13251.json,donald-trump,pants-fire,1,fixed_split_train_test,0,0.45897882765548026,1,0.6507711936304151
7545.json,drew-springer,barely-true,1,fixed_split_train_test,0,0.40769054724054044,0,0.48205124281402045
4929.json,michele-bachmann,mostly-true,0,fixed_split_train_test,0,0.4247499349695076,1,0.610171564001255
6239.json,robert-menendez,barely-true,1,fixed_split_train_test,0,0.4612796928365054,0,0.47728082522451115
266.json,hillary-clinton,half-true,0,fixed_split_train_test,0,0.4830843339356951,0,0.3227106981948487
8841.json,barack-obama,mostly-true,0,fixed_split_train_test,0,0.4180266822984126,0,0.31466286869416
6313.json,steve-brown,false,1,fixed_split_train_test,0,0.45961925796479697,0,0.4400584303815298
9550.json,hillary-clinton,barely-true,1,fixed_split_train_test,1,0.5344875304220118,0,0.3461689193132046
9612.json,republican-party-florida,half-true,0,fixed_split_train_test,0,0.48378260480459667,1,0.5005656864304696
13272.json,national-rifle-association,barely-true,1,fixed_split_train_test,1,0.5044052641817557,0,0.4575464391075325
7562.json,jeb-bush,mostly-true,0,fixed_split_train_test,0,0.3417514612138215,0,0.36581689510061066
3121.json,david-dewhurst,half-true,0,fixed_split_train_test,0,0.2791598151570625,0,0.39851075146144027
9578.json,jeff-flake,false,1,fixed_split_train_test,0,0.4592923123166646,0,0.45723670924195503
4553.json,committee-our-childrens-future,half-true,0,fixed_split_train_test,0,0.4321852009853705,0,0.40484879437345095
2356.json,steven-costantino,mostly-true,0,fixed_split_train_test,0,0.4094004706508443,0,0.40316712286531065
3453.json,hank-johnson,half-true,0,fixed_split_train_test,1,0.5804329913220815,0,0.42170005331918453
1066.json,michele-bachmann,pants-fire,1,fixed_split_train_test,0,0.44347295589670954,0,0.4656619428169362
2092.json,russell-pearce,pants-fire,1,fixed_split_train_test,0,0.41631773624473817,0,0.46399505686657044
7442.json,barack-obama,barely-true,1,fixed_split_train_test,1,0.5649789850010081,0,0.38303377780635905
9910.json,chris-matthews,barely-true,1,fixed_split_train_test,0,0.4868796841103387,0,0.4645681429226079
11083.json,carlos-curbelo,true,0,fixed_split_train_test,0,0.4550688496093533,1,0.5189833682602676
11443.json,steven-costantino,false,1,fixed_split_train_test,1,0.517150254396279,0,0.4489127847029436
11539.json,ezekiel-emanuel,half-true,0,fixed_split_train_test,0,0.4268944016781047,1,0.5006798521571549
2966.json,sherrod-brown,false,1,fixed_split_train_test,0,0.4863229496598993,0,0.40386433429235874
13367.json,patrick-murphy,mostly-true,0,fixed_split_train_test,1,0.599428703007223,1,0.5030764897085381
1087.json,joe-biden,mostly-true,0,fixed_split_train_test,0,0.46027560891676683,0,0.35619374271945303
267.json,bill-richardson,true,0,fixed_split_train_test,0,0.4596375424711979,0,0.4157856391061342
4272.json,lloyd-doggett,true,0,fixed_split_train_test,0,0.24970291309840598,0,0.28278671066663963
8849.json,ian-prior,half-true,0,fixed_split_train_test,0,0.3986902236006797,0,0.40901642368137103
12542.json,priorities-usa-action,half-true,0,fixed_split_train_test,0,0.474178789705119,0,0.42060308305048066
8372.json,david-pennington,barely-true,1,fixed_split_train_test,0,0.4788795548687579,0,0.40888408111593205
3518.json,tim-pawlenty,mostly-true,0,fixed_split_train_test,0,0.3190867807081317,0,0.3555219787400968
8340.json,ted-cruz,false,1,fixed_split_train_test,0,0.47663642983519144,1,0.6186588625828829
10218.json,friends-india-point-park,half-true,0,fixed_split_train_test,0,0.3762420335213924,0,0.3391539383290078
12698.json,reince-priebus,false,1,fixed_split_train_test,0,0.46511370079598763,0,0.4762301679264633
2357.json,scott-walker,false,1,fixed_split_train_test,0,0.48231456399943134,0,0.4825409406262314
7823.json,barbara-buono,half-true,0,fixed_split_train_test,0,0.388367317646999,0,0.36790810019464276
12541.json,donald-trump,barely-true,1,fixed_split_train_test,0,0.47582894181742996,1,0.7456295854186815
2854.json,carole-smith,pants-fire,1,fixed_split_train_test,1,0.5130873294244336,0,0.447889707634007
4719.json,H204TEXAS-PAC,half-true,0,fixed_split_train_test,0,0.4864010776933621,0,0.4349949262047008
2072.json,david-cicilline,true,0,fixed_split_train_test,0,0.3584307474895249,0,0.2882572665652292
2885.json,bill-nelson,false,1,fixed_split_train_test,1,0.5254400554155702,0,0.46632713143976695
13334.json,gerald-daugherty,half-true,0,fixed_split_train_test,0,0.39240210537940656,0,0.38053388244754033
4820.json,facebook-posts,half-true,0,fixed_split_train_test,0,0.35543873931636755,0,0.43807118270580053
12309.json,paul-ryan,barely-true,1,fixed_split_train_test,0,0.4607234358665725,0,0.4260383253410957
1420.json,debra-medina,mostly-true,0,fixed_split_train_test,0,0.4325044517805241,0,0.3837182385071037
8761.json,facebook-posts,false,1,fixed_split_train_test,0,0.43282478094138294,1,0.5043932863470807
2491.json,dave-yost,true,0,fixed_split_train_test,0,0.48883549442373353,0,0.41470981683951164
1075.json,democratic-national-committee,barely-true,1,fixed_split_train_test,0,0.4844330119658771,0,0.42367739151240097
9762.json,bob-donovan,true,0,fixed_split_train_test,0,0.42153530766270536,0,0.4023247372430149
5935.json,brett-bittner,barely-true,1,fixed_split_train_test,0,0.48314293350251314,0,0.4563150750512214
2821.json,george-allen,pants-fire,1,fixed_split_train_test,0,0.47806142645963745,0,0.4638941438277237
6370.json,julian-castro,true,0,fixed_split_train_test,0,0.22300921573724125,0,0.17062229744100474
3706.json,mike-bennett,pants-fire,1,fixed_split_train_test,0,0.4170717560069,0,0.42522929486764277
10163.json,james-carr,true,0,fixed_split_train_test,0,0.4563987969000363,0,0.3876868772557806
2796.json,safe-routes-schools,false,1,fixed_split_train_test,0,0.42981470923463905,0,0.4317821279043384
6083.json,rick-scott,barely-true,1,fixed_split_train_test,0,0.386523883005601,0,0.35651917273199074
5913.json,conservative-renewal-pac,barely-true,1,fixed_split_train_test,0,0.48236013456216464,1,0.520143710521066
934.json,barack-obama,true,0,fixed_split_train_test,0,0.3988940219512396,0,0.380276661106765
2162.json,kasim-reed,barely-true,1,fixed_split_train_test,0,0.39646862995937693,0,0.382762228746897
3161.json,rachel-maddow,mostly-true,0,fixed_split_train_test,0,0.2904978077332163,0,0.3641582950726652
2679.json,charlie-crist,true,0,fixed_split_train_test,0,0.46030591843962476,0,0.35242393923283793
8929.json,mark-pocan,true,0,fixed_split_train_test,0,0.45234121901008784,0,0.4503274102419712
10040.json,bill-oreilly,half-true,0,fixed_split_train_test,1,0.5024801325525975,0,0.45104763639647755
12398.json,priorities-usa-action,pants-fire,1,fixed_split_train_test,0,0.47772043272396864,0,0.46379766094855546
2690.json,kendrick-meek,pants-fire,1,fixed_split_train_test,0,0.42359457539672496,0,0.4428291517279128
8667.json,bob-schieffer,true,0,fixed_split_train_test,0,0.4632934423540614,0,0.4229395273940876
8941.json,wolf-blitzer,true,0,fixed_split_train_test,1,0.5034168251612745,1,0.5401567141637066
6821.json,chris-christie,pants-fire,1,fixed_split_train_test,0,0.4461896389241589,0,0.48183486924274765
10631.json,william-obrien,false,1,fixed_split_train_test,1,0.5139346763003926,0,0.4346748908056983
6579.json,nikki-haley,half-true,0,fixed_split_train_test,1,0.5321112068916493,0,0.42638533313381194
11400.json,league-conservation-voters,mostly-true,0,fixed_split_train_test,0,0.4631837588689621,0,0.3855582354770694
3228.json,cenk-uygur,true,0,fixed_split_train_test,1,0.5059544460842595,0,0.45679618998392085
9746.json,mark-emmert,half-true,0,fixed_split_train_test,0,0.37629008860110924,0,0.40054704072481956
1915.json,donna-campbell,false,1,fixed_split_train_test,0,0.4739437348397624,0,0.43921305324565024
12456.json,pat-toomey,barely-true,1,fixed_split_train_test,0,0.4980325153984269,0,0.41063883014700947
4856.json,democratic-national-committee,half-true,0,fixed_split_train_test,0,0.3820234695015342,0,0.3461390085626404
4698.json,americans-prosperity-new-jersey,false,1,fixed_split_train_test,1,0.5338326153847508,0,0.46978057643488474
2585.json,christine-odonnell,barely-true,1,fixed_split_train_test,1,0.5314264612592978,1,0.5358018232554528
6604.json,crossroads-gps,barely-true,1,fixed_split_train_test,0,0.4229839572293026,0,0.41567752302298794
4495.json,michele-bachmann,pants-fire,1,fixed_split_train_test,0,0.4600672621456895,1,0.5380292720613676
8406.json,ted-cruz,barely-true,1,fixed_split_train_test,1,0.5583412409781744,1,0.6620835476437317
10147.json,jason-carter,false,1,fixed_split_train_test,0,0.49028509063247966,0,0.4222122343775825
10623.json,mark-pocan,mostly-true,0,fixed_split_train_test,0,0.388129588458603,0,0.3705251109670848
2277.json,roy-barnes,half-true,0,fixed_split_train_test,1,0.5950303937292045,1,0.5822170604418322
8146.json,al-sharpton,mostly-true,0,fixed_split_train_test,0,0.41747521651735164,0,0.4378229147276311
6026.json,scott-walker,half-true,0,fixed_split_train_test,0,0.4967949655281993,0,0.4606969261343095
13056.json,national-republican-congressional-committee,true,0,fixed_split_train_test,0,0.3797011869452557,0,0.450972690650681
1103.json,glenn-beck,pants-fire,1,fixed_split_train_test,1,0.554275344556877,1,0.594045641052269
4444.json,gail-collins,mostly-true,0,fixed_split_train_test,0,0.49796130519775406,1,0.5631843269733817
9269.json,matt-bevin,false,1,fixed_split_train_test,0,0.47871612238963857,0,0.48569812685118197
4105.json,shelly-moore,pants-fire,1,fixed_split_train_test,1,0.5635533574006715,1,0.575592836517212
8533.json,frank-fahrenkopf,barely-true,1,fixed_split_train_test,0,0.3828376992788516,0,0.39256692277596783
6950.json,connie-mack,mostly-true,0,fixed_split_train_test,0,0.3627952889751218,0,0.447836845966853
13125.json,donald-trump,barely-true,1,fixed_split_train_test,0,0.43584623838404946,1,0.6750461748144623
8294.json,nan-rich,mostly-true,0,fixed_split_train_test,0,0.4305319505628453,0,0.36588142646526783
9908.json,mike-wise,mostly-true,0,fixed_split_train_test,1,0.5238629862664506,0,0.47619493434813054
12424.json,todd-wilcox,false,1,fixed_split_train_test,1,0.5097748327532445,0,0.46987548890572794
4309.json,democratic-party-virginia,false,1,fixed_split_train_test,0,0.42676388734359927,0,0.4106349814327524
110.json,fred-thompson,false,1,fixed_split_train_test,1,0.5133597921858155,0,0.4389299254524183
7677.json,ohio-public-defenders-office,mostly-true,0,fixed_split_train_test,0,0.41842628293458767,0,0.42745366174076094
4780.json,jim-webb,true,0,fixed_split_train_test,0,0.4176688201048484,0,0.3908372709270293
715.json,sarah-palin,false,1,fixed_split_train_test,0,0.4556846413124935,1,0.5346132493921645
3107.json,dean-cannon,true,0,fixed_split_train_test,0,0.3148837157763391,0,0.37162720948716654
7565.json,steve-latourette,mostly-true,0,fixed_split_train_test,0,0.4578416141545854,0,0.4192482298517159
8606.json,ron-johnson,half-true,0,fixed_split_train_test,0,0.4838007829728558,1,0.5721070738455509
3869.json,chris-christie,half-true,0,fixed_split_train_test,1,0.5406182486000108,0,0.46548745087355947
10948.json,occupy-democrats,false,1,fixed_split_train_test,1,0.5169116355475584,1,0.5196064629416035
12210.json,dan-forest,false,1,fixed_split_train_test,0,0.4596658829052109,0,0.3554559859797343
4119.json,barack-obama,mostly-true,0,fixed_split_train_test,0,0.3940523917786913,0,0.30951626495765827
7272.json,hank-johnson,barely-true,1,fixed_split_train_test,1,0.5042083196318918,0,0.450341232325541
12236.json,hillary-clinton,half-true,0,fixed_split_train_test,0,0.3926962076208474,0,0.2774110369983279
4016.json,alberta-darling,false,1,fixed_split_train_test,1,0.5101844847718771,0,0.4619872755769287
6765.json,joaquin-castro,true,0,fixed_split_train_test,0,0.4078185755556711,0,0.38214386391204413
11867.json,ted-cruz,false,1,fixed_split_train_test,1,0.5655589231146679,1,0.6114950648740095
11777.json,paul-ryan,true,0,fixed_split_train_test,0,0.35462248080575137,0,0.29819134364713923
9051.json,chain-email,pants-fire,1,fixed_split_train_test,1,0.5319620472065282,1,0.7810199964182719
4243.json,jon-huntsman,mostly-true,0,fixed_split_train_test,0,0.38464399571391533,0,0.397658655613864
7818.json,carolyn-tomei,mostly-true,0,fixed_split_train_test,0,0.3857785997367493,0,0.3851092304837258
10871.json,gina-hinojosa,half-true,0,fixed_split_train_test,0,0.34234549005495807,0,0.3192048323164296
4710.json,john-lee,half-true,0,fixed_split_train_test,0,0.3871046016685038,0,0.39622768095479716
9507.json,steve-doocy,pants-fire,1,fixed_split_train_test,0,0.45463533502335707,0,0.4654502067603287
11324.json,dale-kooyenga,mostly-true,0,fixed_split_train_test,0,0.40172981894942034,0,0.39185537277803223
6046.json,jim-renacci,false,1,fixed_split_train_test,0,0.458923294184202,0,0.4514734183885053
8434.json,mark-obenshain,barely-true,1,fixed_split_train_test,0,0.38870470878325797,0,0.3660782251389929
3637.json,donald-trump,mostly-true,0,fixed_split_train_test,0,0.3465587174016087,1,0.6128623345140848
7744.json,george-lavender,mostly-true,0,fixed_split_train_test,0,0.4899118062312421,0,0.44889349566060915
2897.json,lee-holloway,barely-true,1,fixed_split_train_test,0,0.45149520401211957,0,0.457743818532541
6060.json,jeanne-shaheen,barely-true,1,fixed_split_train_test,0,0.34288410501880734,0,0.3665077518648635
603.json,john-mccain,false,1,fixed_split_train_test,1,0.5635046280780345,0,0.4688460030096506
11545.json,bernie-s,mostly-true,0,fixed_split_train_test,0,0.36123951638591584,0,0.29406377680077805
10448.json,florida-chamber-commerce,half-true,0,fixed_split_train_test,0,0.3631704449527181,0,0.38689683470509545
5461.json,newt-gingrich,true,0,fixed_split_train_test,0,0.45551042102704725,1,0.5378381746854168
6684.json,its-still-bad-idea,pants-fire,1,fixed_split_train_test,0,0.40053254044668196,0,0.34320265914828474
450.json,hillary-clinton,barely-true,1,fixed_split_train_test,1,0.5852772590361031,0,0.3077939728043438
769.json,sarah-palin,true,0,fixed_split_train_test,0,0.40161297888647823,0,0.45795675001825614
6425.json,eric-hovde,half-true,0,fixed_split_train_test,0,0.46905411537288627,1,0.5195327753259871
502.json,barack-obama,true,0,fixed_split_train_test,0,0.40652237274487535,0,0.3214986066296159
11711.json,donald-trump,true,0,fixed_split_train_test,0,0.43632515221041984,1,0.6369664611139766
5470.json,heather-fiorentino,true,0,fixed_split_train_test,0,0.35105674259032843,0,0.3324851883589555
8869.json,scott-surovell,mostly-true,0,fixed_split_train_test,0,0.39065411042366244,0,0.3056868391659182
8159.json,wendy-davis,half-true,0,fixed_split_train_test,0,0.40399667214411544,0,0.3826371679519561
6884.json,american-crossroads,half-true,0,fixed_split_train_test,0,0.42292563956033996,1,0.5215869825006912
10250.json,david-hallock,false,1,fixed_split_train_test,0,0.4177843055186558,0,0.36716754563381515
10757.json,marco-rubio,false,1,fixed_split_train_test,0,0.4823258557623243,0,0.47748776601408166
8320.json,charlie-crist,mostly-true,0,fixed_split_train_test,0,0.45944704214114196,0,0.3773173088172067
5472.json,red-white-and-blue-fund,false,1,fixed_split_train_test,0,0.4112486435370056,0,0.4288781458879057
5505.json,lenny-curry,true,0,fixed_split_train_test,1,0.5552517280357938,1,0.5160654007040193
12427.json,job-itkzkowitz,mostly-true,0,fixed_split_train_test,0,0.4373717225152097,0,0.38093007269746776
11464.json,viral-image,barely-true,1,fixed_split_train_test,0,0.2905235496058609,0,0.4395357737466609
11778.json,donald-trump,barely-true,1,fixed_split_train_test,0,0.41272114363979007,1,0.6584099400566545
12961.json,reince-priebus,false,1,fixed_split_train_test,0,0.34675209984605765,0,0.486170615575065
10269.json,facebook-posts,barely-true,1,fixed_split_train_test,0,0.3920410410066439,0,0.48250607364252623
2833.json,rick-perry,half-true,0,fixed_split_train_test,0,0.369956417519693,0,0.40757886729776716
6110.json,rick-perry,half-true,0,fixed_split_train_test,0,0.45090696387838686,0,0.4957237663653899
13400.json,eric-greitens,barely-true,1,fixed_split_train_test,1,0.543706664350239,0,0.479358332780198
1251.json,jay-rockefeller,true,0,fixed_split_train_test,0,0.4133014143850746,0,0.47350175188073423
6112.json,jeff-merkley,mostly-true,0,fixed_split_train_test,0,0.3128790018345862,0,0.29064285407618706
6431.json,jay-carney,false,1,fixed_split_train_test,1,0.5157249235374244,0,0.44170156589828125
2615.json,rob-portman,false,1,fixed_split_train_test,0,0.40315417852907925,0,0.3900723937781531
3709.json,robert-watson,false,1,fixed_split_train_test,1,0.5329717674571204,1,0.523562401368531
2652.json,kathie-glass,pants-fire,1,fixed_split_train_test,0,0.4392429041433037,0,0.4577824006404604
9146.json,linda-finn,mostly-true,0,fixed_split_train_test,0,0.37616613698099644,0,0.38202030014656757
184.json,barack-obama,false,1,fixed_split_train_test,0,0.45246246056785194,0,0.29935806210743465
11764.json,state-democratic-party-wisconsin,pants-fire,1,fixed_split_train_test,0,0.3344352779716298,0,0.35372260591397264
7692.json,dan-patrick,mostly-true,0,fixed_split_train_test,0,0.41429612410167516,0,0.37422005612616915
7876.json,chain-email,pants-fire,1,fixed_split_train_test,0,0.46026610581178334,1,0.721330602237201
5171.json,rick-santorum,false,1,fixed_split_train_test,0,0.4817850619373876,0,0.4639132623350229
12950.json,independent-voice-illinois-pac,barely-true,1,fixed_split_train_test,1,0.5219572966788428,0,0.4931219867885144
11185.json,carly-fiorina,barely-true,1,fixed_split_train_test,0,0.42290138385366016,0,0.42862744011652365
2412.json,republican-party-florida,false,1,fixed_split_train_test,1,0.5501634405031814,1,0.5056845510600467
3215.json,scott-suder,pants-fire,1,fixed_split_train_test,0,0.47340662735472594,0,0.4983403672366309
948.json,john-boehner,true,0,fixed_split_train_test,0,0.4612268875698306,1,0.5000403837651622
11766.json,wendy-davis,half-true,0,fixed_split_train_test,0,0.39296949259039066,0,0.3645442726246728
592.json,john-mccain,barely-true,1,fixed_split_train_test,1,0.5084783017432123,0,0.4912554898955716
5732.json,mitt-romney,barely-true,1,fixed_split_train_test,0,0.4971576423736227,0,0.4437259249491827
12745.json,donald-trump,half-true,0,fixed_split_train_test,0,0.41561068303778775,1,0.6941736395499983
5017.json,john-boehner,barely-true,1,fixed_split_train_test,0,0.4993382465033649,0,0.48261237482957087
12331.json,enterprise-florida,barely-true,1,fixed_split_train_test,0,0.4440514547622507,0,0.43312681178043017
10424.json,barack-obama,mostly-true,0,fixed_split_train_test,0,0.4020201676877921,0,0.3331359371971654
9091.json,facebook-posts,false,1,fixed_split_train_test,0,0.4760814625305381,1,0.5054728349878728
2547.json,lloyd-doggett,true,0,fixed_split_train_test,0,0.4681813273596477,0,0.4011283699169831
12571.json,paul-ryan,mostly-true,0,fixed_split_train_test,0,0.4624735231232295,0,0.4773450946327409
7810.json,rick-scott,mostly-true,0,fixed_split_train_test,0,0.3800670986660643,0,0.3635945106866639
10935.json,motion-picture-association-america,mostly-true,0,fixed_split_train_test,0,0.28839723698977704,0,0.3528999298269765
8433.json,milly-silva,mostly-true,0,fixed_split_train_test,0,0.4265415449181295,0,0.385111142660422
7087.json,robin-vos,mostly-true,0,fixed_split_train_test,0,0.2958787297691216,0,0.3134290913214861
1025.json,michele-bachmann,false,1,fixed_split_train_test,0,0.33215284491909025,0,0.468268678859569
6386.json,democratic-congressional-campaign-committee,barely-true,1,fixed_split_train_test,1,0.5139656269945752,1,0.6404981223378075
2844.json,jeff-scrima,half-true,0,fixed_split_train_test,0,0.4898519018660158,0,0.4350682115854192
2392.json,george-will,barely-true,1,fixed_split_train_test,0,0.4157131174011891,0,0.4724370111147423
4708.json,nina-turner,true,0,fixed_split_train_test,0,0.37481618391169136,0,0.32784274610709135
8676.json,florida-democratic-party,barely-true,1,fixed_split_train_test,1,0.514871360654107,0,0.4943527087342586
8809.json,jason-carter,true,0,fixed_split_train_test,0,0.3428979214082563,0,0.3014790195531919
4095.json,barack-obama,mostly-true,0,fixed_split_train_test,0,0.4422522779653072,0,0.29515766415561534
13102.json,hillary-clinton,half-true,0,fixed_split_train_test,0,0.4996622589390009,0,0.3524870231860395
12167.json,bernie-s,barely-true,1,fixed_split_train_test,0,0.49854622807332694,0,0.3743879591612723
2876.json,john-kasich,mostly-true,0,fixed_split_train_test,0,0.3141959419791002,0,0.3238708859408031
4769.json,john-birch-society,half-true,0,fixed_split_train_test,0,0.44983203059728993,0,0.42920006662371823
1760.json,rick-perry,barely-true,1,fixed_split_train_test,0,0.34134939999053415,0,0.4541604893817307
12943.json,donald-trump,half-true,0,fixed_split_train_test,1,0.5104569921344264,1,0.6557835797532106
6513.json,special-operations-opsec-education-fund,false,1,fixed_split_train_test,1,0.5160376224343857,1,0.5123354285032281
7780.json,barack-obama,barely-true,1,fixed_split_train_test,0,0.47061687809961794,0,0.3551847386122918
7418.json,jon-bramnick,mostly-true,0,fixed_split_train_test,0,0.3886832209331628,0,0.40747556131639745
2777.json,michael-bloomberg,mostly-true,0,fixed_split_train_test,0,0.3985579255197406,0,0.32220419507053577
8853.json,rand-paul,false,1,fixed_split_train_test,1,0.5882691339722071,0,0.4203291592990318
7758.json,bill-richardson,mostly-true,0,fixed_split_train_test,0,0.42727106798911924,0,0.4105147103907631
11796.json,donald-trump,half-true,0,fixed_split_train_test,1,0.5746123214348113,1,0.7279043137996161
11573.json,hillary-clinton,half-true,0,fixed_split_train_test,0,0.3511083076886548,0,0.2525802003251753
9521.json,ted-cruz,half-true,0,fixed_split_train_test,1,0.5629622545091509,1,0.6356120537210656
10208.json,anna-kooiman,barely-true,1,fixed_split_train_test,0,0.48649779621884326,0,0.42812494353287334
5756.json,barack-obama,half-true,0,fixed_split_train_test,0,0.4208704152523041,0,0.36707719252109056
1569.json,george-will,mostly-true,0,fixed_split_train_test,0,0.3946682602374399,0,0.4779484177556089
11805.json,virginia-center-public-safety,true,0,fixed_split_train_test,0,0.3587873394383047,0,0.30377225736252667
805.json,john-mccain,mostly-true,0,fixed_split_train_test,0,0.44238757729971645,0,0.42462294482305835
8030.json,tweets,barely-true,1,fixed_split_train_test,0,0.3762465780065149,0,0.35384324699924913
7678.json,clean-water-portland,false,1,fixed_split_train_test,0,0.3465684466406366,0,0.3850479735226763
139.json,tom-tancredo,mostly-true,0,fixed_split_train_test,0,0.41317160222222155,0,0.4581478037224962
7271.json,john-kitzhaber,true,0,fixed_split_train_test,0,0.40401687797205943,0,0.35081768171794586
11409.json,dave-brat,false,1,fixed_split_train_test,1,0.5161937166995005,1,0.5030398136667438
688.json,fred-thompson,false,1,fixed_split_train_test,0,0.48367713574918353,0,0.45736537163034335
3726.json,one-wisconsin-now,mostly-true,0,fixed_split_train_test,0,0.4525262220583063,0,0.3977042646667416
7461.json,arne-duncan,barely-true,1,fixed_split_train_test,0,0.4828348520713511,0,0.4231281609350169
5363.json,us-chamber-commerce,false,1,fixed_split_train_test,0,0.45197601115583724,1,0.5830709448792819
9942.json,george-will,true,0,fixed_split_train_test,0,0.43149228796710476,0,0.4042201683052482
3575.json,scott-walker,true,0,fixed_split_train_test,0,0.48942930748434554,1,0.5131678580028304
2205.json,gen-peter-chiarelli,true,0,fixed_split_train_test,0,0.39471897050362204,0,0.3914610787006157
7552.json,jeff-mullis,mostly-true,0,fixed_split_train_test,0,0.41540276754128996,0,0.4238729620502157
7135.json,association-mature-american-citizens,pants-fire,1,fixed_split_train_test,1,0.5182649789278803,1,0.5021617589154821
384.json,votevetsorg,true,0,fixed_split_train_test,0,0.4224629926826797,0,0.4556828611672224
13007.json,sean-hannity,true,0,fixed_split_train_test,0,0.3848557317935384,0,0.4286555932997114
12994.json,hilary-rosen,mostly-true,0,fixed_split_train_test,1,0.544599845694475,1,0.5489970597839435
3436.json,matt-gaetz,false,1,fixed_split_train_test,0,0.49867705409933577,1,0.5530080595519248
5810.json,citizens-transportation-mobility,mostly-true,0,fixed_split_train_test,0,0.35844314150882306,0,0.32530116556037414
6141.json,tommy-thompson,pants-fire,1,fixed_split_train_test,1,0.5542014524418064,1,0.5783380696297475
6.json,chris-dodd,half-true,0,fixed_split_train_test,0,0.4944071154009659,0,0.4272728750713427
9891.json,ted-cruz,half-true,0,fixed_split_train_test,0,0.41680512732828634,1,0.5123077619369838
1971.json,john-albers,false,1,fixed_split_train_test,0,0.4104544811972324,0,0.361297401944128
7008.json,mitt-romney,mostly-true,0,fixed_split_train_test,0,0.4350071632202945,0,0.3936126902586243
8963.json,matt-bevin,pants-fire,1,fixed_split_train_test,0,0.49804899635642186,1,0.5207161546293082
13040.json,russ-feingold,half-true,0,fixed_split_train_test,0,0.4892927222427075,0,0.3701315531571067
8151.json,rand-paul,false,1,fixed_split_train_test,0,0.31287713623354113,0,0.26512082320709746
6236.json,eric-hovde,barely-true,1,fixed_split_train_test,0,0.29844034770161726,0,0.3436394319497946
6974.json,tennessee-republican-party,false,1,fixed_split_train_test,1,0.5141907665660956,1,0.5544440952869786
6879.json,josh-mandel,barely-true,1,fixed_split_train_test,0,0.4963000306498283,1,0.5241652561313912
11639.json,jeb-bush,mostly-true,0,fixed_split_train_test,1,0.5275244830595807,0,0.4983178538414017
9343.json,dick-cheney,barely-true,1,fixed_split_train_test,0,0.4813835598069176,1,0.5377990278649749
422.json,hillary-clinton,half-true,0,fixed_split_train_test,0,0.43156382199412957,0,0.41302156529220996
1448.json,barack-obama,half-true,0,fixed_split_train_test,0,0.37214157713559737,0,0.3120182443607837
737.json,barack-obama,false,1,fixed_split_train_test,0,0.422351079450499,0,0.39507862950936923
10516.json,dave-claunch,mostly-true,0,fixed_split_train_test,0,0.3337486484138108,0,0.38649943541208986
4750.json,allen-west,false,1,fixed_split_train_test,0,0.4651276549570886,1,0.5543126150469672
8604.json,chain-email,false,1,fixed_split_train_test,0,0.47390800992041276,1,0.7165158398662974
729.json,john-mccain,half-true,0,fixed_split_train_test,0,0.4743248222562319,0,0.44884029045889007
12702.json,mike-cernovich,pants-fire,1,fixed_split_train_test,0,0.46215496013757706,0,0.3677191349554014
8901.json,van-jones,true,0,fixed_split_train_test,0,0.4962695712482434,0,0.43418505018279224
11546.json,richard-paglia,half-true,0,fixed_split_train_test,0,0.3826697744536995,0,0.34978366764738006
1353.json,john-murtha,barely-true,1,fixed_split_train_test,0,0.45469834320285424,0,0.3873584891087008
5938.json,mark-neumann,false,1,fixed_split_train_test,0,0.4631018487418656,0,0.45674382701758565
12158.json,rick-scott,barely-true,1,fixed_split_train_test,0,0.48577493755601864,0,0.4033954960133841
656.json,joe-biden,mostly-true,0,fixed_split_train_test,0,0.399465468151699,0,0.39880202961412897
10085.json,larry-pressler,false,1,fixed_split_train_test,0,0.4907847729928201,0,0.46699287074116974
5824.json,jennifer-carroll,false,1,fixed_split_train_test,1,0.5404123508598301,0,0.4746421845041667
5753.json,lisa-tomasso,true,0,fixed_split_train_test,0,0.34786326548290303,0,0.3633557950049535
5512.json,stephen-laffey,false,1,fixed_split_train_test,1,0.5225501855490327,0,0.4248938183333239
125.json,mitt-romney,mostly-true,0,fixed_split_train_test,0,0.4182587390287649,0,0.4133065165591455
6010.json,lenny-curry,half-true,0,fixed_split_train_test,0,0.4248742199949118,0,0.40747618721235573
727.json,john-mccain,mostly-true,0,fixed_split_train_test,0,0.38195337760309117,0,0.3715906039171888
42.json,rudy-giuliani,barely-true,1,fixed_split_train_test,0,0.39984678069970847,0,0.39173718432712706
8511.json,sid-covington,half-true,0,fixed_split_train_test,0,0.4537450263584273,1,0.5396311251403866
6262.json,democratic-congressional-campaign-committee,pants-fire,1,fixed_split_train_test,1,0.6109283025771518,1,0.6367142085531209
9502.json,barack-obama,mostly-true,0,fixed_split_train_test,0,0.3477488705243201,0,0.24760868188303117
11351.json,jennifer-shilling,mostly-true,0,fixed_split_train_test,0,0.35752592976822045,0,0.352166712585034
8558.json,kenneth-block,false,1,fixed_split_train_test,0,0.4156605718860225,0,0.4166586877038955
12084.json,donald-trump,true,0,fixed_split_train_test,1,0.585879028060595,1,0.8035556927761806
568.json,barack-obama,true,0,fixed_split_train_test,1,0.5325949071104954,0,0.33631595691896515
7537.json,sean-duffy,half-true,0,fixed_split_train_test,0,0.40369970127307725,0,0.42636944812105193
9708.json,rick-perry,pants-fire,1,fixed_split_train_test,0,0.4049299955865282,0,0.41890256120108593
7524.json,jamie-radtke,half-true,0,fixed_split_train_test,0,0.47198010630562004,0,0.4376765689183532
4537.json,rick-perry,mostly-true,0,fixed_split_train_test,0,0.3269604925477681,0,0.2938091325433871
8549.json,city-austin,barely-true,1,fixed_split_train_test,0,0.36302177709225014,0,0.3874775498211994
11736.json,jeb-bush,half-true,0,fixed_split_train_test,0,0.44687993010231103,0,0.40362462990544173
8062.json,barack-obama,half-true,0,fixed_split_train_test,0,0.36344708786951235,0,0.31536349957651305
3158.json,john-kitzhaber,mostly-true,0,fixed_split_train_test,0,0.4319779619489851,0,0.36102937429396526
10794.json,robert-hurt,false,1,fixed_split_train_test,0,0.45099697055796695,1,0.5197559154772209
12461.json,blog-posting,true,0,fixed_split_train_test,0,0.47362392341808907,1,0.5828056411486522
8609.json,kurt-schrader,half-true,0,fixed_split_train_test,0,0.4573572548963256,1,0.521673373343414
63.json,chris-dodd,mostly-true,0,fixed_split_train_test,0,0.34334196759397834,0,0.35009972791491634
6560.json,jeb-bush,true,0,fixed_split_train_test,0,0.39403355255420197,0,0.3645540615588431
3546.json,john-boehner,half-true,0,fixed_split_train_test,0,0.4956323770704514,0,0.4861957377857486
3036.json,national-federation-independent-business-wiscons,false,1,fixed_split_train_test,0,0.4652091996451548,0,0.4045316273844953
11910.json,ben-carson,pants-fire,1,fixed_split_train_test,0,0.44891515332278203,1,0.5989350496368843
4101.json,marco-rubio,mostly-true,0,fixed_split_train_test,0,0.45077110133773673,0,0.46378967936950816
10175.json,scott-walker,mostly-true,0,fixed_split_train_test,0,0.4250577966664658,0,0.4305757068966878
4593.json,edd-houck,false,1,fixed_split_train_test,0,0.4698017542178812,1,0.5099807064368179
5985.json,anastasia-williams,false,1,fixed_split_train_test,0,0.4716546533477369,0,0.4060641052021001
1881.json,thomas-melsheimer,barely-true,1,fixed_split_train_test,0,0.4470666389766395,0,0.36104899685285774
204.json,mitt-romney,false,1,fixed_split_train_test,0,0.43314775843237496,0,0.39898069001258557
10091.json,Rhode_Island_Catholic,true,0,fixed_split_train_test,0,0.4531035686168224,0,0.4088963118173256
1409.json,kay-bailey-hutchison,false,1,fixed_split_train_test,0,0.4304800716270241,0,0.43320976394887617
2769.json,childrens-healthcare-atlanta,true,0,fixed_split_train_test,0,0.31408264239455175,0,0.30663777813583476
2600.json,betty-sutton,mostly-true,0,fixed_split_train_test,0,0.4434870049362191,0,0.4608202294322774
4822.json,rebecca-kleefisch,half-true,0,fixed_split_train_test,0,0.48655209127367594,0,0.4827698594754712
5536.json,stephen-sweeney,half-true,0,fixed_split_train_test,1,0.5400074691342759,1,0.5098789229924047
2911.json,dennis-kucinich,false,1,fixed_split_train_test,0,0.472655493815825,0,0.3486575784909197
12787.json,donald-trump,half-true,0,fixed_split_train_test,0,0.4893050119734406,1,0.6684596433591434
2442.json,delia-lopez,pants-fire,1,fixed_split_train_test,1,0.5563556188241882,0,0.46692751861418913
3489.json,greater-wisconsin-political-fund,barely-true,1,fixed_split_train_test,1,0.5345501899283098,0,0.4490692817015023
12006.json,paul-ryan,false,1,fixed_split_train_test,0,0.41714455785870447,0,0.37584656113891785
9109.json,ed-schultz,barely-true,1,fixed_split_train_test,1,0.5457632260360675,1,0.515226240863162
12661.json,cory-booker,mostly-true,0,fixed_split_train_test,0,0.3919144583931816,0,0.2929640974281737
6447.json,gail-collins,half-true,0,fixed_split_train_test,0,0.47499069097773355,1,0.5279283395443641
2983.json,sam-adams,true,0,fixed_split_train_test,0,0.3188925378310562,0,0.33558902427672677
13467.json,political-insider,pants-fire,1,fixed_split_train_test,1,0.5322236679158833,1,0.5113658594121773
921.json,barack-obama,false,1,fixed_split_train_test,0,0.43484175041863055,0,0.3454226373379873
9141.json,charles-krauthammer,barely-true,1,fixed_split_train_test,1,0.5413853402912043,1,0.5248570200841011
12648.json,freedom-partners-action-fund,barely-true,1,fixed_split_train_test,1,0.5384703027852532,0,0.4311757232362372
3674.json,troy-fraser,pants-fire,1,fixed_split_train_test,0,0.4075833539932097,0,0.431421194852966
6577.json,scott-walker,half-true,0,fixed_split_train_test,0,0.40414726741440243,0,0.3715084697841869
8240.json,james-oneil,false,1,fixed_split_train_test,0,0.4180050259948404,0,0.43013260261044345
9405.json,rick-scott,mostly-true,0,fixed_split_train_test,0,0.4325993466219255,0,0.4280459684663701
1892.json,john-boehner,true,0,fixed_split_train_test,0,0.4284588309219008,0,0.42989968619455554
2754.json,john-boccieri,half-true,0,fixed_split_train_test,1,0.5365085601887182,0,0.4493669729461069
31.json,tommy-thompson,true,0,fixed_split_train_test,0,0.42924593572454,0,0.437520970312255
4711.json,lloyd-doggett,mostly-true,0,fixed_split_train_test,0,0.37497346605584214,0,0.3420223693336178
664.json,hillary-clinton,false,1,fixed_split_train_test,0,0.4772400949483191,0,0.376181199128814
1199.json,national-right-life-committee,true,0,fixed_split_train_test,1,0.5188156948590308,1,0.5669590964433854
11865.json,adrian-garcia,barely-true,1,fixed_split_train_test,0,0.42617659754980475,0,0.4227025757941634
87.json,barack-obama,true,0,fixed_split_train_test,0,0.4353831586222774,0,0.3236705618062512
9312.json,rick-santorum,mostly-true,0,fixed_split_train_test,0,0.39300339203774465,0,0.4119068764736243
10638.json,tyrone-brooks,half-true,0,fixed_split_train_test,1,0.5417695311379149,0,0.471072334380201
3021.json,david-wyss,true,0,fixed_split_train_test,0,0.4297151411373942,0,0.3621833168106474
379.json,hillary-clinton,true,0,fixed_split_train_test,0,0.41279926741509654,0,0.3439765994661089
5272.json,ron-paul,half-true,0,fixed_split_train_test,0,0.4563263382018687,0,0.48131611598533025
683.json,rudy-giuliani,true,0,fixed_split_train_test,0,0.41412000981104685,0,0.47903849313588204
1781.json,linda-chavez-thompson,true,0,fixed_split_train_test,0,0.3281573489854423,0,0.34201905176587416
11687.json,jeb-bush,mostly-true,0,fixed_split_train_test,0,0.48013271426076487,1,0.50453309571195
2975.json,kay-bailey-hutchison,half-true,0,fixed_split_train_test,0,0.3823736706396591,0,0.4259692706569032
771.json,sarah-palin,barely-true,1,fixed_split_train_test,0,0.4258696045802421,0,0.4642910722141973
3991.json,scott-walker,half-true,0,fixed_split_train_test,0,0.4704685229086125,0,0.44671366321260947
11923.json,hillary-clinton,half-true,0,fixed_split_train_test,0,0.47012585995524503,0,0.33466196030650563
10749.json,gwyneth-paltrow,barely-true,1,fixed_split_train_test,0,0.4123984167188728,0,0.37600070144100295
3946.json,doug-whitsett,half-true,0,fixed_split_train_test,0,0.4105593319207997,0,0.43468851735023234
7834.json,mark-pocan,true,0,fixed_split_train_test,0,0.4719094148778498,0,0.4882523122447032
6290.json,ohio-republican-party,half-true,0,fixed_split_train_test,0,0.4747314616391469,0,0.4823590622346231
1477.json,chain-email,false,1,fixed_split_train_test,1,0.5341827619757337,1,0.7570201028292121
10881.json,chris-taylor,mostly-true,0,fixed_split_train_test,0,0.44929173909333414,0,0.4615487532432161
4396.json,george-allen,mostly-true,0,fixed_split_train_test,0,0.46521132727407677,0,0.420858409454191
6206.json,chris-christie,true,0,fixed_split_train_test,0,0.4407397365826384,0,0.4097589251705781
9970.json,jason-carter,true,0,fixed_split_train_test,0,0.32037340946248394,0,0.29121815447581645
4353.json,sherrod-brown,true,0,fixed_split_train_test,0,0.4701675770544557,0,0.38414727749870764
1394.json,texas-democratic-party,false,1,fixed_split_train_test,1,0.5142372765810562,1,0.5568482720140255
7695.json,johnny-isakson,true,0,fixed_split_train_test,0,0.42811962835642214,0,0.3718615705176253
4770.json,mitt-romney,barely-true,1,fixed_split_train_test,1,0.5486859209779835,0,0.4331706084485523
1052.json,john-mccain,true,0,fixed_split_train_test,0,0.44968115188663194,0,0.4486273582696461
5249.json,donald-mceachin,false,1,fixed_split_train_test,1,0.5521264646210217,0,0.4460125437254059
3700.json,stephen-ucci,false,1,fixed_split_train_test,1,0.5125187935226354,0,0.3462880412928084
8683.json,peter-orszag,true,0,fixed_split_train_test,0,0.35957259912710937,0,0.4950806574959035
12798.json,harry-reid,barely-true,1,fixed_split_train_test,1,0.5143297585999332,1,0.5440589016240329
4838.json,george-lemieux,half-true,0,fixed_split_train_test,0,0.4266141593085362,0,0.49541514065811526
7680.json,dianne-feinstein,mostly-true,0,fixed_split_train_test,0,0.42256440521333893,0,0.4264732491313201
1999.json,charlie-crist,true,0,fixed_split_train_test,0,0.3844383192043231,0,0.41992744766529755
12873.json,viral-image,pants-fire,1,fixed_split_train_test,0,0.3648856787936859,0,0.4645508017843525
9683.json,peter-lavelle,pants-fire,1,fixed_split_train_test,1,0.5235424979702137,0,0.42867187718412664
6660.json,barack-obama,mostly-true,0,fixed_split_train_test,0,0.37849169257252263,0,0.318831480954385
13527.json,reince-priebus,false,1,fixed_split_train_test,1,0.5265591215126407,1,0.5515658113393712
2626.json,edwin-pacheco,false,1,fixed_split_train_test,1,0.5327513179538795,1,0.5644713298613335
2814.json,john-kasich,half-true,0,fixed_split_train_test,0,0.450516242297757,0,0.45773759135111647
7598.json,john-lewis,half-true,0,fixed_split_train_test,1,0.515966209887265,0,0.3881506755302919
2746.json,matt-wand,barely-true,1,fixed_split_train_test,1,0.529809771207348,1,0.5598993383996222
12448.json,donald-trump,barely-true,1,fixed_split_train_test,0,0.4064903171878951,1,0.5705543354604922
3232.json,matt-lundy,true,0,fixed_split_train_test,0,0.48041454819512613,0,0.46907259614293034
11226.json,jim-webb,mostly-true,0,fixed_split_train_test,0,0.4119780015775696,0,0.4552234977935898
487.json,hillary-clinton,barely-true,1,fixed_split_train_test,0,0.4435819423445843,0,0.3723358157079162
6858.json,dan-sebring,mostly-true,0,fixed_split_train_test,0,0.47419757661278383,0,0.49571136967454277
8701.json,state-democratic-party-wisconsin,false,1,fixed_split_train_test,0,0.4429272473053196,0,0.4901921628801656
10606.json,jeb-bush,barely-true,1,fixed_split_train_test,0,0.3946199134068615,0,0.3485131575637814
9016.json,tom-graves,half-true,0,fixed_split_train_test,0,0.3473531815122891,0,0.3791518718249929
2371.json,john-mccain,barely-true,1,fixed_split_train_test,0,0.48436335604670405,0,0.4823532607732478
12065.json,donald-trump,true,0,fixed_split_train_test,0,0.4613765575966902,1,0.6267466417093043
2362.json,barack-obama,mostly-true,0,fixed_split_train_test,1,0.5059918167311668,0,0.38418303237079887
2868.json,jim-doyle,false,1,fixed_split_train_test,0,0.41988412872063063,0,0.44033023923216674
13305.json,donald-trump,true,0,fixed_split_train_test,0,0.48134289361916793,1,0.5718450591366553
8503.json,jonathan-karl,true,0,fixed_split_train_test,0,0.40379798535917966,0,0.32886253719551695
2428.json,republican-governors-association,half-true,0,fixed_split_train_test,0,0.3671616148636069,0,0.3660307851087048
636.json,barack-obama,true,0,fixed_split_train_test,1,0.5168203883300934,0,0.29909429362791184
5758.json,afscme,barely-true,1,fixed_split_train_test,0,0.49545512212956294,0,0.46102840768446546
2793.json,greg-abbott,mostly-true,0,fixed_split_train_test,0,0.4346542615591034,0,0.384063088003552
9426.json,john-oliver,true,0,fixed_split_train_test,0,0.4186168181627359,0,0.33550912334003996
5898.json,george-lemieux,barely-true,1,fixed_split_train_test,0,0.47502334061021634,0,0.4481446639735999
11218.json,marco-rubio,mostly-true,0,fixed_split_train_test,0,0.4059851225750657,0,0.48079616497211597
12703.json,unicef,mostly-true,0,fixed_split_train_test,0,0.3752266292569273,0,0.390863215124911
5462.json,campaign-primary-accountability,false,1,fixed_split_train_test,1,0.5411750323870482,0,0.4827849456873459
1955.json,michael-j-gardiner,pants-fire,1,fixed_split_train_test,0,0.49439994878036275,1,0.5002886129200704
11647.json,george-will,mostly-true,0,fixed_split_train_test,0,0.3557202646787674,0,0.42056762175763124
11139.json,jeb-bush,mostly-true,0,fixed_split_train_test,0,0.408077023714733,0,0.3477123621682642
1648.json,barack-obama,mostly-true,0,fixed_split_train_test,0,0.43589765209124354,0,0.3714830119686438
5371.json,rick-santorum,false,1,fixed_split_train_test,0,0.393285306253979,0,0.45788089532606585
4425.json,john-kasich,barely-true,1,fixed_split_train_test,0,0.39500235780309667,0,0.33903467661633985
2498.json,bill-white,mostly-true,0,fixed_split_train_test,0,0.35925912216486106,0,0.3203387057013481
4131.json,brian-kemp,true,0,fixed_split_train_test,0,0.3831921216576763,0,0.3986208154173683
2341.json,mark-neumann,mostly-true,0,fixed_split_train_test,1,0.5590441971059118,1,0.5098535906379663
5551.json,dennis-richardson,half-true,0,fixed_split_train_test,0,0.3572742476243311,0,0.386738736869425
757.json,john-mccain,half-true,0,fixed_split_train_test,0,0.44654460160266235,0,0.428565408613206
11519.json,tammy-baldwin,true,0,fixed_split_train_test,0,0.3587065386943818,0,0.4081175855672944
5785.json,chain-email,pants-fire,1,fixed_split_train_test,0,0.4827626456031639,1,0.7753945581325421
2284.json,glenn-beck,pants-fire,1,fixed_split_train_test,1,0.6311595174499292,1,0.5812565372635923
12650.json,donald-trump,barely-true,1,fixed_split_train_test,0,0.48159609394276726,1,0.7989868127616212
9480.json,erin-lynch,barely-true,1,fixed_split_train_test,0,0.49395563843206497,0,0.43238880692766457
643.json,joe-biden,half-true,0,fixed_split_train_test,0,0.37509819490961055,0,0.36376995889442926
11242.json,nicholas-kristof,true,0,fixed_split_train_test,0,0.3065045277245934,0,0.3345553055809834
7038.json,sherrod-brown,true,0,fixed_split_train_test,0,0.3987566098083771,0,0.3683417743711004
6772.json,Yes-on-79,pants-fire,1,fixed_split_train_test,0,0.4320488983124529,0,0.47594264266287994
7952.json,jeff-sessions,false,1,fixed_split_train_test,0,0.4578748437690943,0,0.49422020837057795
13134.json,hillary-clinton,half-true,0,fixed_split_train_test,0,0.48166071384359815,0,0.36337860016947787
2181.json,james-langevin,half-true,0,fixed_split_train_test,0,0.48286504003397956,0,0.4401387383796299
9629.json,john-kerry,mostly-true,0,fixed_split_train_test,0,0.4968592420332456,1,0.5076832086322105
3668.json,richard-saslaw,false,1,fixed_split_train_test,1,0.5207797530432174,1,0.5233514668634153
11327.json,marco-rubio,mostly-true,0,fixed_split_train_test,0,0.4673754903175415,0,0.45787813059378235
3818.json,adam-hasner,mostly-true,0,fixed_split_train_test,0,0.39125264266456516,0,0.38899341689017725
2218.json,todd-staples,half-true,0,fixed_split_train_test,0,0.4021713560115207,0,0.42336075543898033
11562.json,donald-trump,pants-fire,1,fixed_split_train_test,0,0.47223428837492726,1,0.617168734932949
9622.json,mitch-mcconnell,true,0,fixed_split_train_test,0,0.3664702490674735,0,0.38843128138096106
9995.json,mary-burke,mostly-true,0,fixed_split_train_test,0,0.3658059188456586,0,0.3294260044671962
7344.json,paul-ryan,barely-true,1,fixed_split_train_test,0,0.4006307270652422,0,0.38659483806933465
5840.json,americans-prosperity,false,1,fixed_split_train_test,1,0.5006630074667843,1,0.60300060637446
1576.json,americas-health-insurance-plans,true,0,fixed_split_train_test,0,0.4124089495787224,0,0.42388764169668813
13127.json,hillary-clinton,mostly-true,0,fixed_split_train_test,0,0.44809865645051483,0,0.29251272875722223
12098.json,john-kasich,mostly-true,0,fixed_split_train_test,0,0.4489632148354461,0,0.39554580362475994
12272.json,hillary-clinton,mostly-true,0,fixed_split_train_test,0,0.46178176313440894,0,0.3178730738873258
5993.json,conservative-voters-texas-pac,pants-fire,1,fixed_split_train_test,1,0.5224783799443711,0,0.44971243251757065
9285.json,laura-ingraham,false,1,fixed_split_train_test,1,0.592696487761482,1,0.6181500369664171
7165.json,libertarian-party-georgia,half-true,0,fixed_split_train_test,0,0.4230689788477924,0,0.4608428638199021
11025.json,maggie-hassan,false,1,fixed_split_train_test,0,0.40700634567278265,0,0.36295424846337004
7577.json,deborah-gist,mostly-true,0,fixed_split_train_test,0,0.3720987373936439,0,0.3159486085814223
2719.json,bill-white,barely-true,1,fixed_split_train_test,0,0.41370780979479305,0,0.3808979089446985
3631.json,kathleen-angelucci,barely-true,1,fixed_split_train_test,0,0.39284256854126637,0,0.35925879016409434
7211.json,john-boehner,false,1,fixed_split_train_test,0,0.31235433307588156,0,0.4362689544867864
1480.json,glenn-beck,barely-true,1,fixed_split_train_test,0,0.4455248600800949,1,0.5118762017305031
1512.json,marco-rubio,half-true,0,fixed_split_train_test,0,0.47539390155148686,0,0.47532493632904577
10517.json,nathan-deal,half-true,0,fixed_split_train_test,0,0.3039665778189163,0,0.2857360287894869
5723.json,allen-west,pants-fire,1,fixed_split_train_test,0,0.43905195814158715,1,0.5579092491775843
7378.json,marco-rubio,half-true,0,fixed_split_train_test,0,0.4620539670295439,1,0.5357864231427618
531.json,john-mccain,mostly-true,0,fixed_split_train_test,0,0.3370873792706721,0,0.3479444025397162
474.json,barack-obama,barely-true,1,fixed_split_train_test,1,0.5178810048306061,0,0.4058196761805788
2250.json,rick-scott,false,1,fixed_split_train_test,0,0.4886347249785012,0,0.46570689107380986
126.json,joe-biden,mostly-true,0,fixed_split_train_test,0,0.4549246058484547,0,0.37741215869976374
10646.json,juda-engelmayer,pants-fire,1,fixed_split_train_test,0,0.4066817489928494,0,0.46081790665868355
1823.json,chris-matthews,true,0,fixed_split_train_test,0,0.376915477106796,0,0.44319240601710425
9731.json,rick-scott,barely-true,1,fixed_split_train_test,0,0.43230228743026317,0,0.41763516527933703
9594.json,facebook-posts,pants-fire,1,fixed_split_train_test,0,0.4816673458205878,1,0.614746255564891
12026.json,jim-kenney,half-true,0,fixed_split_train_test,0,0.432236414372335,0,0.4045572836154918
5971.json,cory-booker,false,1,fixed_split_train_test,0,0.45634419366214646,0,0.4098644551477848
6857.json,mitt-romney,false,1,fixed_split_train_test,0,0.4863300467166995,0,0.4752441499681458
3112.json,mario-gallegos,half-true,0,fixed_split_train_test,0,0.4807571530867362,0,0.45539956679951543
11832.json,bob,pants-fire,1,fixed_split_train_test,0,0.47254501116589076,0,0.4458965129472557
2337.json,rick-scott,half-true,0,fixed_split_train_test,1,0.5451239716589923,0,0.4773445412906579
10853.json,hillary-clinton,false,1,fixed_split_train_test,0,0.43597774152893864,0,0.3017771598761297
9050.json,dan-pfeiffer,mostly-true,0,fixed_split_train_test,0,0.42058721863309906,0,0.4150122485001176
9427.json,robin-vos,mostly-true,0,fixed_split_train_test,0,0.44278447169480556,0,0.4073165104849536
2830.json,paul-krugman,half-true,0,fixed_split_train_test,1,0.5320388850161217,0,0.4630402245549759
9756.json,alison-lundergan-grimes,half-true,0,fixed_split_train_test,0,0.4331099935757225,0,0.47791626204394405
6532.json,barack-obama,mostly-true,0,fixed_split_train_test,0,0.46863790401507766,0,0.26865383142742655
4805.json,kurt-schuller,false,1,fixed_split_train_test,0,0.44170592671984105,0,0.37918704656704455
3648.json,miguel-diaz-de-la-portilla,false,1,fixed_split_train_test,0,0.4532379485045108,0,0.3866158500959159
4994.json,newt-gingrich,half-true,0,fixed_split_train_test,1,0.5240897235102077,1,0.5478606925544637
4715.json,democratic-national-committee,half-true,0,fixed_split_train_test,1,0.5062141965128694,0,0.4335791700997411
526.json,john-mccain,barely-true,1,fixed_split_train_test,0,0.4341275549971952,0,0.46555603948245006
8673.json,pam-bondi,true,0,fixed_split_train_test,0,0.3883408615074584,0,0.42975428106998054
9273.json,brian-wilson,pants-fire,1,fixed_split_train_test,0,0.4267634964868972,0,0.3969405617111033
9973.json,emma-watson,half-true,0,fixed_split_train_test,0,0.3160417575487661,0,0.3554324594132893
3.json,bill-richardson,mostly-true,0,fixed_split_train_test,0,0.39195452284562277,0,0.36153940256323885
9197.json,jim-demint,false,1,fixed_split_train_test,0,0.3799355712968927,0,0.49346904438727823
9610.json,jack-kingston,false,1,fixed_split_train_test,0,0.39797493171450254,0,0.4323917597407781
1150.json,orrin-hatch,half-true,0,fixed_split_train_test,0,0.34005611296505284,0,0.43326169828954475
2087.json,dennis-kucinich,true,0,fixed_split_train_test,0,0.38931408872508755,0,0.33997246555003696
7051.json,betty-sutton,half-true,0,fixed_split_train_test,0,0.49043810167323776,1,0.5411241379942244
8035.json,robert-reich,false,1,fixed_split_train_test,0,0.4848425747510503,0,0.43793658751819287
1329.json,ed-rendell,barely-true,1,fixed_split_train_test,1,0.5310665721385773,0,0.4915003462978504
1574.json,americans-united-change,mostly-true,0,fixed_split_train_test,0,0.41899035332242185,0,0.44249503831047204
6745.json,mitt-romney,mostly-true,0,fixed_split_train_test,1,0.5843526378466781,1,0.5293182138641912
4289.json,sam-adams,half-true,0,fixed_split_train_test,0,0.372489229251755,0,0.3491975987096285
4383.json,dennis-richardson,false,1,fixed_split_train_test,0,0.4654106719745419,0,0.43165299934461004
12089.json,katie-mcginty,mostly-true,0,fixed_split_train_test,0,0.31080828256746806,0,0.3256653683750122
12976.json,sean-hannity,false,1,fixed_split_train_test,0,0.46934919654922114,1,0.5216968509210291
5170.json,lou-greenwald,true,0,fixed_split_train_test,0,0.31818795196382377,0,0.3558455768089145
6976.json,george-allen,true,0,fixed_split_train_test,0,0.3802672066392575,0,0.3026146422239268
7838.json,chain-email,pants-fire,1,fixed_split_train_test,1,0.5217213620950002,1,0.835849168337239
2643.json,scott-walker,false,1,fixed_split_train_test,0,0.483605576272724,1,0.500214523012505
1810.json,todd-staples,half-true,0,fixed_split_train_test,1,0.5499149363210933,0,0.4820196434321983
10097.json,Local-799-international-assoc-fire-fighters,pants-fire,1,fixed_split_train_test,1,0.6032680509820678,1,0.5700597843539272
13236.json,tim-kaine,barely-true,1,fixed_split_train_test,0,0.4742443633211622,0,0.3850790883259397
2568.json,doug-ainge,false,1,fixed_split_train_test,1,0.5721158619013391,0,0.4706645402743713
12833.json,dave-brat,false,1,fixed_split_train_test,1,0.5670421167451059,0,0.4678972432107621
1894.json,donna-brazile,half-true,0,fixed_split_train_test,0,0.41155862305647983,0,0.363536817053586
7881.json,kirsten-gillibrand,mostly-true,0,fixed_split_train_test,0,0.41735163829410105,0,0.326210973401652
5603.json,glenn-grothman,true,0,fixed_split_train_test,0,0.445230619932622,0,0.48686743738067584
5759.json,anonymous-flier,false,1,fixed_split_train_test,1,0.514067406143388,0,0.454763090748212
6207.json,chris-christie,half-true,0,fixed_split_train_test,0,0.3198588772002811,0,0.3732273389151039
2149.json,kendrick-meek,false,1,fixed_split_train_test,1,0.5593366110945078,0,0.4443384334111705
2445.json,mahmoud-ahmadinejad,false,1,fixed_split_train_test,0,0.406458433522227,0,0.43417310536261683
5910.json,john-ludlow,half-true,0,fixed_split_train_test,0,0.4494178925360986,0,0.46915222013875035
2596.json,john-kitzhaber,half-true,0,fixed_split_train_test,0,0.4532024231656241,0,0.4393884097227715
10399.json,rand-paul,false,1,fixed_split_train_test,0,0.3510210061725099,0,0.35249913181452674
792.json,john-mccain,half-true,0,fixed_split_train_test,0,0.4848870357220138,0,0.47654073069323466
12929.json,julian-castro,true,0,fixed_split_train_test,0,0.363449227062355,0,0.3508911220083582
12791.json,democratic-congressional-campaign-committee,barely-true,1,fixed_split_train_test,0,0.4414047100770596,1,0.5187236965667121
9003.json,rick-scott,barely-true,1,fixed_split_train_test,0,0.3575235461823126,0,0.3457627343674248
3811.json,scott-fitzgerald,false,1,fixed_split_train_test,0,0.484120044322051,1,0.5037018667243096
3399.json,morgan-griffith,false,1,fixed_split_train_test,0,0.49612892405419934,0,0.44600617623808475
11229.json,glen-sturtevant,true,0,fixed_split_train_test,0,0.39255753255248815,0,0.3448849992145409
3800.json,herman-cain,false,1,fixed_split_train_test,0,0.436945218259439,1,0.5607425472430719
10283.json,bernie-s,mostly-true,0,fixed_split_train_test,0,0.34556556727605786,0,0.2541136503499637
352.json,hillary-clinton,mostly-true,0,fixed_split_train_test,1,0.5140033984490777,0,0.41568684142021184
4134.json,alan-hays,false,1,fixed_split_train_test,1,0.501075812668862,1,0.5056637523022668
5278.json,jim-jordan,half-true,0,fixed_split_train_test,0,0.37315231676362487,0,0.37437141110210503
2165.json,sam-olens,half-true,0,fixed_split_train_test,1,0.5518538342751385,0,0.47877515121435044
7448.json,kasim-reed,true,0,fixed_split_train_test,0,0.32376490544240616,0,0.3192880537887922
12987.json,jimmy-carter,true,0,fixed_split_train_test,0,0.4753154992904615,0,0.4469804727660302
5132.json,georgia-democrats,half-true,0,fixed_split_train_test,0,0.482201478795572,0,0.43317041667640255
13329.json,kellyanne-conway,barely-true,1,fixed_split_train_test,0,0.4736641543964859,1,0.5452706927102988
4588.json,rick-perry,true,0,fixed_split_train_test,0,0.4157965504983913,0,0.48723583033405005
6455.json,warren-kampf,mostly-true,0,fixed_split_train_test,0,0.4374596313333241,0,0.44875483600122285
10282.json,jesse-ventura,pants-fire,1,fixed_split_train_test,1,0.5244675729034107,0,0.45958271754523217
211.json,john-mccain,true,0,fixed_split_train_test,0,0.4788670892403673,0,0.46717123996981086
7676.json,michael-chippendale,barely-true,1,fixed_split_train_test,0,0.40396741967090577,0,0.3862264595299019
1873.json,chain-email,false,1,fixed_split_train_test,0,0.41030821519374966,1,0.7349065598959048
2443.json,john-kasich,half-true,0,fixed_split_train_test,0,0.3625117397474461,0,0.3292620502699859
3841.json,tim-pawlenty,half-true,0,fixed_split_train_test,0,0.3582660617184596,0,0.42341892100954226
12284.json,bernie-s,mostly-true,0,fixed_split_train_test,0,0.44786597296960085,0,0.38606830603609055
7197.json,john-kitzhaber,mostly-true,0,fixed_split_train_test,0,0.49646815325163013,0,0.4475189082065097
12858.json,barack-obama,half-true,0,fixed_split_train_test,0,0.4222289262358412,0,0.2706377078685558
2633.json,mark-kirk,half-true,0,fixed_split_train_test,0,0.4149807053977912,0,0.4151900529810423
6041.json,jack-latvala,half-true,0,fixed_split_train_test,0,0.4398336380920783,0,0.4092808866572152
3414.json,bernie-s,false,1,fixed_split_train_test,0,0.39742245575611873,0,0.3964870036444349
4323.json,thaddeus-mccotter,mostly-true,0,fixed_split_train_test,0,0.34016368635669314,0,0.31067852769838666
1679.json,robert-gates,half-true,0,fixed_split_train_test,1,0.5146872035064325,0,0.38522652488413167
275.json,rudy-giuliani,barely-true,1,fixed_split_train_test,0,0.37262217527805186,0,0.39501224519285544
13208.json,jason-kander,mostly-true,0,fixed_split_train_test,0,0.4774425304766601,0,0.4552935328034775
5911.json,rob-portman,half-true,0,fixed_split_train_test,0,0.4931849678566425,0,0.41884091967299625
4277.json,reince-priebus,false,1,fixed_split_train_test,0,0.44373434721291555,0,0.4442216935610913
752.json,barack-obama,half-true,0,fixed_split_train_test,0,0.49416407014275643,0,0.40097928262506166
2601.json,kurt-schrader,false,1,fixed_split_train_test,0,0.47384284444906405,0,0.4371786021179244
1450.json,debra-medina,half-true,0,fixed_split_train_test,1,0.5208889732719671,0,0.44379111854330516
5653.json,andrew-napolitano,pants-fire,1,fixed_split_train_test,1,0.5018053431306869,1,0.5197849173562379
13046.json,yes-55,barely-true,1,fixed_split_train_test,1,0.5019356826926598,0,0.40854514575258427
3103.json,jamie-radtke,true,0,fixed_split_train_test,0,0.3981524513136281,0,0.39499882963868166
2894.json,glenn-beck,pants-fire,1,fixed_split_train_test,0,0.4528851982216293,1,0.5150697056653677
1012.json,nancy-pelosi,false,1,fixed_split_train_test,1,0.5357586856442073,0,0.45940398964626056
9112.json,facebook-posts,false,1,fixed_split_train_test,0,0.4517756292205412,0,0.4734466642390278
2945.json,jack-kingston,mostly-true,0,fixed_split_train_test,0,0.4409663133771712,0,0.4826404755595899
9944.json,bob-goodlatte,true,0,fixed_split_train_test,0,0.4465961575687967,0,0.38588190434680003
6839.json,tammy-baldwin,barely-true,1,fixed_split_train_test,1,0.5231565995333107,1,0.504713883906633
3673.json,chris-larson,barely-true,1,fixed_split_train_test,0,0.4525172922525082,1,0.5222051556975527
13058.json,barack-obama,true,0,fixed_split_train_test,0,0.49951775901471257,0,0.36726019415496075
3941.json,rob-portman,half-true,0,fixed_split_train_test,0,0.37898280215234875,0,0.3715868974966565
10917.json,bobby-jindal,false,1,fixed_split_train_test,1,0.8019669519949546,1,0.5722259148650646
13155.json,russ-feingold,false,1,fixed_split_train_test,1,0.5188484510055933,0,0.42871501659258476
9301.json,blog-posting,pants-fire,1,fixed_split_train_test,0,0.45352962492343507,1,0.75716785574471
5486.json,silvestre-reyes,half-true,0,fixed_split_train_test,1,0.548928509262615,0,0.44323240701199274
4579.json,american-crossroads,false,1,fixed_split_train_test,1,0.5155074650667788,1,0.5597092219191411
10943.json,austin-scott,true,0,fixed_split_train_test,0,0.4568779065350098,0,0.4370079268201639
12728.json,rick-scott,false,1,fixed_split_train_test,0,0.43371656575139655,0,0.41741466353474843
92.json,mitt-romney,half-true,0,fixed_split_train_test,0,0.4091582283177299,0,0.3984813128530872
11230.json,bobby-jindal,half-true,0,fixed_split_train_test,1,0.5552646838304192,0,0.4719971814836621
2720.json,american-federation-children,pants-fire,1,fixed_split_train_test,0,0.43923288228311674,0,0.3658737757560218
582.json,barack-obama,true,0,fixed_split_train_test,0,0.3906918270584408,0,0.3726443503181571
13227.json,donald-trump,false,1,fixed_split_train_test,1,0.5053655239621758,1,0.7815451504428068
12052.json,marco-rubio,true,0,fixed_split_train_test,0,0.4773295531847198,1,0.5485193484449133
1010.json,barack-obama,half-true,0,fixed_split_train_test,0,0.4419911937960693,0,0.3222448681097779
1333.json,chain-email,true,0,fixed_split_train_test,0,0.3221424961099358,1,0.5609335022201871
2603.json,hank-gilbert,false,1,fixed_split_train_test,0,0.4522353918239328,0,0.4146699092173177
2731.json,barack-obama,mostly-true,0,fixed_split_train_test,0,0.4874795517141354,0,0.3402129034351959
3434.json,rick-perry,mostly-true,0,fixed_split_train_test,0,0.34926291632964324,0,0.3722438933184739
788.json,john-mccain,mostly-true,0,fixed_split_train_test,0,0.4521216944710983,0,0.4511997436016039
1691.json,julian-assange,half-true,0,fixed_split_train_test,0,0.4611855175085035,0,0.46768142807410734
605.json,john-mccain,false,1,fixed_split_train_test,1,0.5073199478147338,1,0.517245790738474
6195.json,dan-ramos,false,1,fixed_split_train_test,0,0.3392499412283793,0,0.33523217356739443
1350.json,mitch-mcconnell,true,0,fixed_split_train_test,0,0.49508193037530357,0,0.4905157217138877
7706.json,sheldon-whitehouse,half-true,0,fixed_split_train_test,0,0.4216770170728607,0,0.373720317091768
12037.json,ron-johnson,half-true,0,fixed_split_train_test,1,0.5617679732708649,1,0.5185097844769002
8710.json,brett-smiley,mostly-true,0,fixed_split_train_test,0,0.32698157598482,0,0.28001656777141304
960.json,chuck-grassley,half-true,0,fixed_split_train_test,0,0.40087438678179205,0,0.40433581985725264
10544.json,rudy-giuliani,false,1,fixed_split_train_test,0,0.4873831206173189,1,0.5185383679636788
4391.json,kinky-friedman,barely-true,1,fixed_split_train_test,0,0.40759660785745616,0,0.38801237768875196
13186.json,tim-kaine,half-true,0,fixed_split_train_test,1,0.5220080627246199,0,0.46130100107367494
9692.json,ed-macdougall,barely-true,1,fixed_split_train_test,1,0.5548117295066168,1,0.5464702386498856
7401.json,peter-courtney,mostly-true,0,fixed_split_train_test,0,0.3566919619602884,0,0.3590255435876824
13405.json,mike-pence,half-true,0,fixed_split_train_test,0,0.39058543926192585,0,0.3419907914710735
230.json,hillary-clinton,true,0,fixed_split_train_test,1,0.5012653299373686,0,0.3678414181250496
3037.json,tim-kaine,half-true,0,fixed_split_train_test,0,0.39473765715343345,0,0.37277136906173786
207.json,john-mccain,true,0,fixed_split_train_test,0,0.4521663802655139,0,0.4386056364375125
3608.json,mike-ford,false,1,fixed_split_train_test,0,0.4893342226644249,0,0.4766969400914345
3789.json,ameripac,barely-true,1,fixed_split_train_test,0,0.37714651724732273,0,0.431349593999572
7775.json,ron-meyer,half-true,0,fixed_split_train_test,0,0.3423873459694914,0,0.35383230045733016
12160.json,viral-media-reports,barely-true,1,fixed_split_train_test,1,0.5344167536965867,0,0.46065096815066314
12870.json,america-rising-now,barely-true,1,fixed_split_train_test,0,0.39909123178570616,1,0.50702283420242
10069.json,debbie-wasserman-schultz,false,1,fixed_split_train_test,0,0.4563510456454717,0,0.405215149408218
3366.json,ward-armstrong,true,0,fixed_split_train_test,0,0.40069248051534856,0,0.43459830270091165
10806.json,john-taylor-2,true,0,fixed_split_train_test,0,0.45196688272331487,0,0.4197429058625453
9681.json,bryan-fischer,pants-fire,1,fixed_split_train_test,0,0.46346621452781056,1,0.5627665742485619
1015.json,newt-gingrich,barely-true,1,fixed_split_train_test,0,0.44904750071922256,1,0.5694605029366154
13486.json,rush-limbaugh,half-true,0,fixed_split_train_test,1,0.5168504429758186,1,0.5879902105947762
8798.json,bob-terry,false,1,fixed_split_train_test,0,0.4056530603558054,0,0.35603825728830474
2514.json,phil-gingrey,false,1,fixed_split_train_test,0,0.44233818394403634,0,0.44927335877749724
10633.json,glenn-beck,false,1,fixed_split_train_test,0,0.47000474126001907,1,0.573379132160625
10883.json,rebecca-quigley,false,1,fixed_split_train_test,0,0.3826726211333911,0,0.36626232231886524
13213.json,kamala-harris,half-true,0,fixed_split_train_test,0,0.49172883242384474,0,0.4252136800524741
5698.json,barack-obama,half-true,0,fixed_split_train_test,0,0.46623313355232116,0,0.33668886109102464
11701.json,lamar-smith,false,1,fixed_split_train_test,1,0.5621218038452404,0,0.4825285346552253
2315.json,blanche-lincoln,barely-true,1,fixed_split_train_test,1,0.563789612103194,1,0.5202822733899359
4626.json,no-casinos,mostly-true,0,fixed_split_train_test,0,0.32446211429795146,0,0.3294584292299001
11307.json,donald-trump,barely-true,1,fixed_split_train_test,1,0.5101132923432437,1,0.6369041420768446
11925.json,tim-mcginty,true,0,fixed_split_train_test,0,0.4404342334132337,0,0.38321654783778103
4259.json,richard-codey,true,0,fixed_split_train_test,0,0.3958513763963666,0,0.4500771430320338
5061.json,chris-christie,pants-fire,1,fixed_split_train_test,0,0.3878411445055199,0,0.39382066880709765
4141.json,ann-marie-buerkle,half-true,0,fixed_split_train_test,1,0.5016851569135146,1,0.5270832838041581
4175.json,debbie-wasserman-schultz,half-true,0,fixed_split_train_test,0,0.47813155606108443,0,0.4502791160940312
9462.json,florida-democratic-party,mostly-true,0,fixed_split_train_test,0,0.4686776656884476,0,0.4566283089109307
3987.json,democratic-congressional-campaign-committee,mostly-true,0,fixed_split_train_test,0,0.44497841366319874,1,0.5017380681056
293.json,vietnam-veterans-against-john-mccain,pants-fire,1,fixed_split_train_test,0,0.48740019910639937,1,0.543121961919482
7728.json,chris-christie,mostly-true,0,fixed_split_train_test,0,0.3914345051088541,0,0.39355627323945636
2117.json,susana-martinez,half-true,0,fixed_split_train_test,0,0.4827075477829106,0,0.46284650622795126
4825.json,democratic-national-committee,half-true,0,fixed_split_train_test,1,0.5019651972485712,0,0.40973428334224793
9516.json,greg-abbott,barely-true,1,fixed_split_train_test,1,0.5124372496940395,1,0.5196042140098435
12834.json,donald-trump,false,1,fixed_split_train_test,0,0.4910477700762888,1,0.7196129710040424
3980.json,piers-morgan,false,1,fixed_split_train_test,0,0.42594629943601475,0,0.39283658533306787
3231.json,herman-cain,half-true,0,fixed_split_train_test,0,0.3001024984810542,0,0.4070712397577207
386.json,john-mccain,mostly-true,0,fixed_split_train_test,0,0.4524432486892419,0,0.4272130439889852
11288.json,reid-ribble,half-true,0,fixed_split_train_test,1,0.5263780503955838,1,0.5127994050255356
660.json,mark-warner,half-true,0,fixed_split_train_test,0,0.47885376309983485,0,0.4053898577674884
1106.json,chain-email,true,0,fixed_split_train_test,0,0.4467600480977933,1,0.7040989748657157
2105.json,rick-perry,false,1,fixed_split_train_test,1,0.538726463176545,0,0.47654750560633824
446.json,focus-family-action,barely-true,1,fixed_split_train_test,0,0.48792750170648114,1,0.5131211179249678
10271.json,keisha-lance-bottoms,mostly-true,0,fixed_split_train_test,0,0.47788324201195764,0,0.4255614446106597
4866.json,republican-national-committee-republican,half-true,0,fixed_split_train_test,1,0.5195129485146222,0,0.42184980341696027
8419.json,ted-cruz,false,1,fixed_split_train_test,0,0.436731134674546,1,0.6230655723559546
3136.json,peter-kilmartin,half-true,0,fixed_split_train_test,0,0.461810236969308,1,0.5015009649016577
12093.json,mark-herring,barely-true,1,fixed_split_train_test,0,0.3999790842614546,0,0.36965511605339985
317.json,bill-clinton,true,0,fixed_split_train_test,0,0.2737793471053091,0,0.30250831545736534
6295.json,josh-mandel,pants-fire,1,fixed_split_train_test,1,0.5121277277932718,0,0.4995470798979919
6610.json,bob-buckhorn,mostly-true,0,fixed_split_train_test,0,0.4081210696736434,0,0.3318432557199858
5597.json,susan-cole,true,0,fixed_split_train_test,0,0.3314355280624046,0,0.30285072692927406
1234.json,michael-moore,false,1,fixed_split_train_test,1,0.5502026730468856,0,0.45426093106688803
4995.json,jim-sensenbrenner,true,0,fixed_split_train_test,0,0.3942916358584483,0,0.49400820727513917
9095.json,facebook-posts,pants-fire,1,fixed_split_train_test,0,0.4287999846227359,1,0.5794725322132498
10451.json,john-boehner,half-true,0,fixed_split_train_test,0,0.42796977452067303,1,0.5039766431396524
4679.json,rick-perry,half-true,0,fixed_split_train_test,0,0.27034266079666375,0,0.2900436554158081
6011.json,caroline-casagrande,mostly-true,0,fixed_split_train_test,0,0.4118934431658129,0,0.4065712582947345
255.json,chris-dodd,mostly-true,0,fixed_split_train_test,0,0.44120421896281636,0,0.42599379397645426
3664.json,victoria-taft,false,1,fixed_split_train_test,0,0.4939274612501022,0,0.46169444180205416
11262.json,eric-bolling,false,1,fixed_split_train_test,0,0.32321082597865775,0,0.3005533864605711
9388.json,mike-collins,barely-true,1,fixed_split_train_test,1,0.53379777839125,0,0.4705127818024126
12596.json,hillary-clinton,barely-true,1,fixed_split_train_test,0,0.4127026898623807,0,0.35795906140132594
8689.json,dennis-hastert,half-true,0,fixed_split_train_test,0,0.4775005279321368,0,0.4865739676086403
13420.json,hillary-clinton,true,0,fixed_split_train_test,0,0.4908894330394963,0,0.345725621574637
11911.json,marco-rubio,barely-true,1,fixed_split_train_test,0,0.3763618729680186,0,0.4265714695740606
5450.json,ron-paul,half-true,0,fixed_split_train_test,0,0.44647930153206344,0,0.4288275608143652
2993.json,rick-perry,mostly-true,0,fixed_split_train_test,0,0.4362931978582367,0,0.48671606722171923
3740.json,tim-kaine,half-true,0,fixed_split_train_test,0,0.2867812729750674,0,0.19636037324197436
12720.json,chris-christie,half-true,0,fixed_split_train_test,0,0.4965968694038088,0,0.4632246251726855
1653.json,democratic-national-committee,half-true,0,fixed_split_train_test,0,0.45096996516069976,0,0.4409313985823943
3731.json,barack-obama,true,0,fixed_split_train_test,0,0.31827801388170895,0,0.2698206138047066
8103.json,rick-kriseman,half-true,0,fixed_split_train_test,0,0.4369320329321616,0,0.40493097777773085
1439.json,democratic-national-committee,half-true,0,fixed_split_train_test,0,0.4480009096287653,0,0.43084090085321874
5779.json,michael-adams,half-true,0,fixed_split_train_test,0,0.3390330855306948,0,0.28617114941587785
10567.json,thomas-tobin,false,1,fixed_split_train_test,0,0.3944263593626669,0,0.3729278922233433
10111.json,rick-scott,false,1,fixed_split_train_test,0,0.36708169011448,0,0.4059661164386253
11256.json,viral-image,mostly-true,0,fixed_split_train_test,0,0.4222070147946996,1,0.539718270724428
10543.json,scott-walker,false,1,fixed_split_train_test,0,0.45405959359663517,0,0.48933648578736716
7904.json,scott-walker,barely-true,1,fixed_split_train_test,0,0.3749701678032698,0,0.4106893244644555
4709.json,allen-west,barely-true,1,fixed_split_train_test,1,0.5893636027601237,1,0.7126617437848958
8854.json,mary-burke,half-true,0,fixed_split_train_test,0,0.3566227903908431,0,0.3608165815098733
4116.json,john-boehner,false,1,fixed_split_train_test,1,0.5195819021102167,0,0.49355851997147376
5131.json,kriner-cash,mostly-true,0,fixed_split_train_test,0,0.3625408813272772,0,0.3075991251463562
11861.json,sarah-palin,false,1,fixed_split_train_test,1,0.5222996911026716,1,0.5811854276468249
9435.json,hillary-clinton,mostly-true,0,fixed_split_train_test,0,0.3477813610546236,0,0.2937370825808774
12805.json,joe-biden,mostly-true,0,fixed_split_train_test,0,0.39196599999009657,0,0.3702041881512783
9801.json,gina-raimondo,true,0,fixed_split_train_test,0,0.42428422157395346,0,0.4164632500556689
2195.json,rick-perry,false,1,fixed_split_train_test,0,0.4609839813943994,0,0.49300449395977913
11370.json,espn,mostly-true,0,fixed_split_train_test,0,0.4329181274843637,0,0.38966238168776
9771.json,nextgen-climate,half-true,0,fixed_split_train_test,0,0.4637456355941572,0,0.4475280407556692
3676.json,adam-hasner,mostly-true,0,fixed_split_train_test,0,0.44338875033706465,0,0.40893885486453413
4615.json,tom-kean-jr,half-true,0,fixed_split_train_test,0,0.4103363412234814,0,0.38931066205859066
7742.json,metro,false,1,fixed_split_train_test,0,0.4523893667125332,0,0.4425883158399834
2394.json,republican-governors-association,half-true,0,fixed_split_train_test,0,0.49642550198566704,0,0.41331814406125295
817.json,republican-national-committee-republican,pants-fire,1,fixed_split_train_test,1,0.610497196566135,1,0.5058895656420911
13051.json,paul-wolfowitz,barely-true,1,fixed_split_train_test,1,0.5521554059186571,0,0.4205265882195716
11345.json,tammy-baldwin,half-true,0,fixed_split_train_test,0,0.4622448020930945,0,0.46059931104245627
7387.json,marco-rubio,barely-true,1,fixed_split_train_test,0,0.4259254376393875,0,0.4787153269256932
4400.json,new-hampshire-democratic-party,half-true,0,fixed_split_train_test,1,0.5226526722117254,0,0.49428348390365956
3541.json,armond-budish,half-true,0,fixed_split_train_test,0,0.4827602555525787,0,0.4145756933935603
12187.json,rick-scotts-starbucks-heckler,half-true,0,fixed_split_train_test,1,0.5290530171476278,0,0.46291880472177593
7340.json,barack-obama,true,0,fixed_split_train_test,0,0.3968699242545442,0,0.3079473181901109
10355.json,hank-huckaby,true,0,fixed_split_train_test,0,0.4384251290375915,0,0.31852320838156273
10467.json,rick-perry,half-true,0,fixed_split_train_test,0,0.3625327254743742,0,0.43091187133867825
8089.json,oregon-catalyst,false,1,fixed_split_train_test,0,0.46389450890691586,0,0.4544030488079599
12526.json,larry-yarborough,mostly-true,0,fixed_split_train_test,0,0.4860251740335705,0,0.4519382745569141
10898.json,al-sharpton,barely-true,1,fixed_split_train_test,1,0.5339393227732349,0,0.4894705617978638
7541.json,chris-christie,half-true,0,fixed_split_train_test,0,0.4413665209371944,0,0.41342833401028584
7136.json,john-kitzhaber,barely-true,1,fixed_split_train_test,0,0.4068988777195367,0,0.3451632104741037
6325.json,michael-bloomberg,half-true,0,fixed_split_train_test,0,0.4246260867205223,0,0.35847316370289883
12855.json,richard-durbin,true,0,fixed_split_train_test,0,0.27907268261348295,0,0.3561506224531186
10512.json,leonidas-raptakis,false,1,fixed_split_train_test,0,0.3416388459014676,0,0.3554332995361933
12336.json,colorado-health-institute,mostly-true,0,fixed_split_train_test,0,0.4507016268882779,0,0.41857528480592515
11726.json,dan-patrick,barely-true,1,fixed_split_train_test,0,0.3863913688549332,0,0.3438239815162335
3904.json,brian-deese,half-true,0,fixed_split_train_test,0,0.38925988265609335,0,0.3495170019232138
6774.json,national-rifle-association,mostly-true,0,fixed_split_train_test,1,0.5162342067493065,1,0.5214235652437107
1324.json,rachel-maddow,barely-true,1,fixed_split_train_test,1,0.5890082815618203,1,0.5829384066330315
6813.json,paul-ryan,barely-true,1,fixed_split_train_test,0,0.4987243010145882,1,0.5217056180382076
9737.json,dbanj,false,1,fixed_split_train_test,0,0.4163294743349312,0,0.49709714591519627
6366.json,scott-garrett,barely-true,1,fixed_split_train_test,1,0.6270247734857307,1,0.63043944123618
9316.json,harry-reid,mostly-true,0,fixed_split_train_test,0,0.41087717219138603,0,0.4325915345367672
992.json,barack-obama,mostly-true,0,fixed_split_train_test,0,0.28426615892494866,0,0.23569307942096362
699.json,john-mccain,half-true,0,fixed_split_train_test,1,0.5297918078516549,0,0.4668308450620583
9033.json,rob-portman,true,0,fixed_split_train_test,0,0.3608905480031772,0,0.27143389047076577
5950.json,mitt-romney,true,0,fixed_split_train_test,0,0.3836337353977954,0,0.38589024724772886
10041.json,dan-patrick,half-true,0,fixed_split_train_test,1,0.5437420485102985,1,0.553925715718179
5528.json,paul-sadler,true,0,fixed_split_train_test,0,0.4115309240050787,0,0.45458709552920595
8414.json,rick-kriseman,false,1,fixed_split_train_test,0,0.46808767690997916,0,0.3881548210704809
4189.json,national-republican-congressional-committee,false,1,fixed_split_train_test,1,0.5729197677765411,1,0.5732519777474904
9333.json,sean-hannity,half-true,0,fixed_split_train_test,1,0.6034430645675207,1,0.5152072679963294
9052.json,david-dewhurst,mostly-true,0,fixed_split_train_test,1,0.5186025455753885,1,0.599918397792933
12478.json,sharron-angle,barely-true,1,fixed_split_train_test,0,0.44622873358363085,0,0.43229182352825823
1405.json,glenn-beck,barely-true,1,fixed_split_train_test,0,0.29355855999151004,0,0.4368632195861269
3235.json,barack-obama,false,1,fixed_split_train_test,0,0.4960353266649957,0,0.2864228158723472
1514.json,alex-sink,barely-true,1,fixed_split_train_test,0,0.4287193663233089,0,0.40505841682353305
6919.json,tim-kaine,barely-true,1,fixed_split_train_test,0,0.41836691551004174,0,0.40032685730678613
9774.json,republican-party-florida,false,1,fixed_split_train_test,0,0.4963630296975215,0,0.48904750674217445
5640.json,chain-email,barely-true,1,fixed_split_train_test,1,0.5193080104374596,1,0.7036348789836652
9444.json,mary-burke,barely-true,1,fixed_split_train_test,0,0.4401933673455924,0,0.4080127576218001
12449.json,kelly-ayotte,mostly-true,0,fixed_split_train_test,0,0.4687390103359018,0,0.40731405495522366
4432.json,dan-ramos,mostly-true,0,fixed_split_train_test,0,0.4603165402242954,0,0.4312427292127021
5749.json,greg-abbott,half-true,0,fixed_split_train_test,0,0.4146028463263846,0,0.41335177818526975
8192.json,rene-garcia,barely-true,1,fixed_split_train_test,0,0.4217989952283331,0,0.42687303837986773
7886.json,christine-whitman,mostly-true,0,fixed_split_train_test,0,0.48051220762174124,0,0.45657318203648833
9431.json,americans-safe-access,barely-true,1,fixed_split_train_test,1,0.5440108083326669,0,0.4588702276204721
7721.json,bob-goodlatte,half-true,0,fixed_split_train_test,0,0.438728231268861,0,0.41333479341207885
2616.json,christine-odonnell,pants-fire,1,fixed_split_train_test,1,0.5891399344294678,0,0.4823001547710548
2122.json,americans-job-security,half-true,0,fixed_split_train_test,0,0.4357970098998096,0,0.46759714573432076
1280.json,charlie-crist,barely-true,1,fixed_split_train_test,0,0.44783104154929243,0,0.38432672389181327
2477.json,steve-southerland,false,1,fixed_split_train_test,0,0.34931648620268313,0,0.4175396098033942
6123.json,eric-hovde,false,1,fixed_split_train_test,0,0.4650022022636914,0,0.4457664370936012
7814.json,new-jersey-state-afl-cio,mostly-true,0,fixed_split_train_test,0,0.40589075117739076,0,0.38607886626997834
901.json,spencer-bachus,false,1,fixed_split_train_test,0,0.33478501064086785,0,0.40610845270814466
6720.json,rob-zerban,false,1,fixed_split_train_test,0,0.4698625998541599,0,0.48741901582652614
4628.json,hank-johnson,mostly-true,0,fixed_split_train_test,0,0.32268366277698424,0,0.32993402815347667
11303.json,jay-nixon,mostly-true,0,fixed_split_train_test,0,0.35574639153508003,0,0.412408836899093
2986.json,talgo-inc,true,0,fixed_split_train_test,0,0.4289171507980916,0,0.4670909863990802
10783.json,representus,mostly-true,0,fixed_split_train_test,0,0.45873682215199985,0,0.45372769653121225
13350.json,patrick-murphy,half-true,0,fixed_split_train_test,1,0.5239518125195639,0,0.4846934072383535
258.json,mitt-romney,true,0,fixed_split_train_test,0,0.4899366592547311,0,0.4255777309179097
1248.json,michael-moore,mostly-true,0,fixed_split_train_test,0,0.39953630755979297,0,0.36225539545856295
10450.json,rand-paul,half-true,0,fixed_split_train_test,0,0.356508805170275,0,0.33125884355160473
8758.json,barack-obama,half-true,0,fixed_split_train_test,0,0.3860873723568675,0,0.25014932948341356
4442.json,ron-paul,half-true,0,fixed_split_train_test,0,0.45689513114399505,0,0.40502178643205267
7930.json,pete-gallego,true,0,fixed_split_train_test,0,0.4704770719527523,0,0.39039669058073095
12122.json,paul-ryan,mostly-true,0,fixed_split_train_test,0,0.4409362033334746,0,0.38535599235906287
6678.json,leonard-lance,true,0,fixed_split_train_test,0,0.39001198947379273,0,0.3919568651564997
9957.json,facebook-posts,pants-fire,1,fixed_split_train_test,0,0.44320075101906153,1,0.5683668618847445
7111.json,sam-adams,barely-true,1,fixed_split_train_test,0,0.4027023376728075,0,0.3897765505160469
9235.json,blog-posting,pants-fire,1,fixed_split_train_test,1,0.559369450093904,1,0.681264609819788
1243.json,barney-bishop,false,1,fixed_split_train_test,0,0.44410251532510014,0,0.4368624792192078
5693.json,kathleen-falk,false,1,fixed_split_train_test,1,0.5398166015795008,1,0.5429397470762061
2305.json,john-boehner,true,0,fixed_split_train_test,1,0.5124549777856037,1,0.595180951485186
2040.json,george-will,barely-true,1,fixed_split_train_test,1,0.5675446985407929,0,0.49619549372555505
9192.json,progressive-choice,true,0,fixed_split_train_test,0,0.48004198261717945,0,0.4070820745813085
11375.json,glenn-hegar,true,0,fixed_split_train_test,0,0.41721476348018927,0,0.38951769396421754
9674.json,jeb-bush,mostly-true,0,fixed_split_train_test,0,0.41152247318336194,0,0.3649135049730851
3369.json,sam-adams,half-true,0,fixed_split_train_test,0,0.4007401227600832,0,0.4256320302727229
8855.json,wendy-davis,mostly-true,0,fixed_split_train_test,0,0.45153698359971217,0,0.3732959713689263
1641.json,michele-bachmann,false,1,fixed_split_train_test,1,0.6267652734883984,1,0.7206322370389097
9080.json,greg-morris,true,0,fixed_split_train_test,0,0.4237824404833937,0,0.4121469363948593
4233.json,jennifer-granholm,mostly-true,0,fixed_split_train_test,0,0.35121716584764245,0,0.35792869799470395
12952.json,donald-trump,barely-true,1,fixed_split_train_test,0,0.4948661097753838,1,0.7295996079351508
2135.json,lincoln-chafee,false,1,fixed_split_train_test,0,0.4470176885521118,0,0.44034612691690145
7696.json,mark-pocan,barely-true,1,fixed_split_train_test,0,0.42033904465356714,0,0.4498334385690749
11751.json,barack-obama,mostly-true,0,fixed_split_train_test,0,0.3496808214035304,0,0.28078851834453883
2187.json,michael-bloomberg,false,1,fixed_split_train_test,0,0.36483018545155765,0,0.37137659608275947
3196.json,rick-scott,false,1,fixed_split_train_test,1,0.5167842396836276,1,0.5183898477080819
6263.json,ovide-lamontagne,half-true,0,fixed_split_train_test,0,0.28555279604540507,0,0.3021617267012144
2774.json,scott-walker,half-true,0,fixed_split_train_test,0,0.4888856429231231,0,0.444383704513823
6555.json,teresa-fedor,true,0,fixed_split_train_test,0,0.4607332541567505,0,0.4443919002154957
8961.json,david-brooks,half-true,0,fixed_split_train_test,0,0.43354515061226623,0,0.44528352776632774
8011.json,elliott-naishtat,true,0,fixed_split_train_test,0,0.49285361304456776,0,0.43134391510038456
1290.json,ginny-brown-waite,barely-true,1,fixed_split_train_test,0,0.49277353802175416,0,0.45818493512124114
9151.json,michael-mccaul,true,0,fixed_split_train_test,0,0.42053086639260556,0,0.4445342906003274
11625.json,greg-abbott,mostly-true,0,fixed_split_train_test,0,0.3667394826832743,0,0.3258728978080794
7426.json,bill-jackson,pants-fire,1,fixed_split_train_test,0,0.44869840452738424,0,0.4527499701124607
1462.json,kay-bailey-hutchison,mostly-true,0,fixed_split_train_test,0,0.49784395940203363,0,0.46988114455860147
1777.json,john-cornyn,true,0,fixed_split_train_test,0,0.46611501401725447,0,0.4411163365896651
12982.json,reince-priebus,half-true,0,fixed_split_train_test,0,0.48783207092274994,0,0.4934530233844551
6015.json,reince-priebus,false,1,fixed_split_train_test,0,0.4574063966233443,0,0.4392876336649368
12520.json,hillary-clinton,true,0,fixed_split_train_test,0,0.41266818353324064,0,0.31023485193365824
8944.json,lawrence-odonnell,mostly-true,0,fixed_split_train_test,0,0.46125919671695237,0,0.4516548730471841
6035.json,eric-fehrnstrom,half-true,0,fixed_split_train_test,0,0.39007371412994324,0,0.4086554735164317
10309.json,michael-needham,mostly-true,0,fixed_split_train_test,0,0.45578723603393356,0,0.40890182376207823
7336.json,texas-federation-republican-women,barely-true,1,fixed_split_train_test,0,0.3767117577215646,0,0.40887216836808193
7726.json,ed-fitzgerald,false,1,fixed_split_train_test,1,0.5092238714428864,0,0.4719387603010274
12768.json,kirsten-gillibrand,mostly-true,0,fixed_split_train_test,0,0.39029654691268967,0,0.3844721313157564
12012.json,chris-koster,mostly-true,0,fixed_split_train_test,0,0.37617577407908465,0,0.4454924863515097
5710.json,joe-biden,false,1,fixed_split_train_test,0,0.44055798951663183,0,0.40297587330087853
376.json,barack-obama,half-true,0,fixed_split_train_test,0,0.49310598105840575,0,0.3604565294082556
4198.json,ohio-democratic-party,pants-fire,1,fixed_split_train_test,0,0.49741670165805646,0,0.4812032190586194
4901.json,florida-democratic-party,barely-true,1,fixed_split_train_test,0,0.48571267836659515,1,0.5152861584253976
7806.json,leah-vukmir,false,1,fixed_split_train_test,0,0.4435995319890273,0,0.40944395123978955
12537.json,donald-trump,false,1,fixed_split_train_test,0,0.38396826660636924,1,0.6870518315735538
3593.json,rick-scott,mostly-true,0,fixed_split_train_test,0,0.4000182790471246,0,0.33780148821318257
9779.json,occupy-democrats,pants-fire,1,fixed_split_train_test,1,0.5126663126209664,1,0.5174507817858315
8990.json,john-kerry,mostly-true,0,fixed_split_train_test,0,0.43701580131171325,0,0.48679361671880045
3979.json,george-allen,false,1,fixed_split_train_test,1,0.5139733420204355,1,0.5203215119963784
10897.json,rick-perry,true,0,fixed_split_train_test,0,0.38254319005533477,0,0.4274076833974808
4841.json,eileen-brady,mostly-true,0,fixed_split_train_test,0,0.4581445045447359,1,0.5505821085766734
2570.json,russ-feingold,half-true,0,fixed_split_train_test,0,0.41447500508542817,0,0.40930196889590936
4068.json,lisa-hamler-fugitt,mostly-true,0,fixed_split_train_test,0,0.36660011440626383,0,0.3010264538416217
12301.json,john-oliver,mostly-true,0,fixed_split_train_test,1,0.5034480317659141,0,0.39821909383222215
7236.json,rick-scott,half-true,0,fixed_split_train_test,0,0.3937165113823664,0,0.3465170432881602
6571.json,chris-christie,half-true,0,fixed_split_train_test,0,0.3928801533392959,0,0.39371349206082085
2640.json,chuck-riley,false,1,fixed_split_train_test,0,0.47758528169078984,1,0.5096359534274284
13512.json,blog-posting,pants-fire,1,fixed_split_train_test,1,0.5563997549476578,1,0.7043861716696267
166.json,mitt-romney,half-true,0,fixed_split_train_test,0,0.40052656650012236,0,0.43515386742020673
7329.json,mayors-against-illegal-guns,half-true,0,fixed_split_train_test,0,0.39602842680701333,0,0.3401227341297499
13385.json,donald-trump,mostly-true,0,fixed_split_train_test,0,0.4581607059190363,1,0.7033555133253877
7827.json,meals-wheels-rhode-island,barely-true,1,fixed_split_train_test,0,0.4234906725104648,0,0.41235335170783904
11670.json,american-action-network,barely-true,1,fixed_split_train_test,0,0.428259708899391,0,0.4299374280040793
13029.json,national-republican-senatorial-committee,barely-true,1,fixed_split_train_test,1,0.5290975950999589,1,0.5313777743595403
9937.json,jeanne-shaheen,mostly-true,0,fixed_split_train_test,0,0.36808953774785147,0,0.3707455079759639
2811.json,mark-warner,mostly-true,0,fixed_split_train_test,0,0.4494617860784452,0,0.4311901958557459
6333.json,chris-christie,false,1,fixed_split_train_test,0,0.3347810524183306,0,0.31728639791277147
5124.json,restore-our-future,pants-fire,1,fixed_split_train_test,1,0.6003540795269248,1,0.579359820302618
66.json,john-edwards,true,0,fixed_split_train_test,0,0.3883903211514189,0,0.3263736590296454
5403.json,bruce-starr,mostly-true,0,fixed_split_train_test,0,0.4333341109346202,0,0.40722861539458455
9437.json,scott-walker,half-true,0,fixed_split_train_test,0,0.4939526123611671,0,0.4621097260067773
235.json,john-mccain,true,0,fixed_split_train_test,1,0.50148716162629,0,0.4307375849419241
793.json,barack-obama,half-true,0,fixed_split_train_test,0,0.40847923416016585,0,0.3171743177303932
11080.json,rick-perry,barely-true,1,fixed_split_train_test,0,0.2662278329911493,0,0.3538979630993916
9489.json,scott-walker,false,1,fixed_split_train_test,1,0.5201853190355485,0,0.49396602146358426
1444.json,barack-obama,mostly-true,0,fixed_split_train_test,0,0.3938891227669228,0,0.25138720208921045
2484.json,alan-grayson,half-true,0,fixed_split_train_test,1,0.5161954972946856,0,0.47956620108253256
5836.json,mary-nolan,half-true,0,fixed_split_train_test,1,0.5107248141043634,0,0.4440328530376651
12.json,mike-huckabee,false,1,fixed_split_train_test,0,0.48850724665135664,1,0.5405352630514211
11588.json,viral-media-reports,false,1,fixed_split_train_test,0,0.4117549530667327,0,0.4249294024138168
6264.json,eric-cantor,barely-true,1,fixed_split_train_test,0,0.4312570858283005,1,0.5448513398767889
13324.json,donald-trump,mostly-true,0,fixed_split_train_test,0,0.43906560184172877,1,0.619721110959252
5230.json,nathan-deal,true,0,fixed_split_train_test,0,0.38433248361625405,0,0.31994542223066497
8519.json,americans-prosperity,false,1,fixed_split_train_test,1,0.5365366369391615,1,0.5954966957447454
6900.json,karen-huber,half-true,0,fixed_split_train_test,0,0.49285611380353683,0,0.47304897633009724
10524.json,lloyd-doggett,true,0,fixed_split_train_test,0,0.47936586011874893,0,0.4087279952058924
12599.json,thomas-perez,true,0,fixed_split_train_test,0,0.392987919015115,0,0.46740990392379794
917.json,eric-cantor,false,1,fixed_split_train_test,1,0.5160989396466623,1,0.574873506098248
8336.json,grover-fugate,true,0,fixed_split_train_test,0,0.4801734735993615,0,0.45655128398194705
6811.json,barack-obama,mostly-true,0,fixed_split_train_test,0,0.4846587020009948,0,0.3193981705935802
7084.json,dan-patrick,true,0,fixed_split_train_test,0,0.45258450753130736,0,0.4130548704074702
7900.json,john-nygren,half-true,0,fixed_split_train_test,0,0.4098625649950721,0,0.4042586601593319
9323.json,julian-castro,true,0,fixed_split_train_test,1,0.5128008900385569,0,0.41196937944494105
1460.json,bill-white,true,0,fixed_split_train_test,0,0.36272820837954994,0,0.29879263487043306
7607.json,john-kasich,pants-fire,1,fixed_split_train_test,0,0.4503297570443145,0,0.398283241092571
1061.json,lynn-westmoreland,barely-true,1,fixed_split_train_test,0,0.4412707586053615,0,0.4012702052980844
12321.json,pat-mccrory,true,0,fixed_split_train_test,0,0.2759684302093694,0,0.32256269955951145
6473.json,stephanie-cutter,true,0,fixed_split_train_test,0,0.427063092586725,1,0.5145839434681068
12546.json,blog-posting,false,1,fixed_split_train_test,1,0.570030254314806,1,0.7583246846040511
2877.json,scott-walker,false,1,fixed_split_train_test,0,0.43976045814926223,0,0.42771250476116435
9432.json,rachel-maddow,mostly-true,0,fixed_split_train_test,0,0.48131607172737206,0,0.49825364018246704
7145.json,john-kitzhaber,true,0,fixed_split_train_test,0,0.3606731395452946,0,0.34420185519959057
2760.json,sierra-club,barely-true,1,fixed_split_train_test,0,0.42035338488202634,0,0.40374476021777356
6945.json,crossroads-gps,barely-true,1,fixed_split_train_test,0,0.4891180784260746,0,0.4440565999477906
4899.json,newt-gingrich,false,1,fixed_split_train_test,0,0.43266440573636095,0,0.44668498068702667
10906.json,facebook-posts,pants-fire,1,fixed_split_train_test,0,0.47481722162740675,1,0.5232680395507299
3885.json,new-jersey-sierra-club,half-true,0,fixed_split_train_test,0,0.3729088761480997,0,0.32117711333874605
11150.json,centers-disease-control,true,0,fixed_split_train_test,0,0.43953808865429295,0,0.43141544654657243
6953.json,bill-nelson,half-true,0,fixed_split_train_test,0,0.455579586391713,0,0.43490422629443315
5510.json,steve-rothman,mostly-true,0,fixed_split_train_test,0,0.30353444637188376,0,0.35130969901474707
3455.json,robin-wright,true,0,fixed_split_train_test,1,0.5136896640077542,0,0.4494430104940513
10061.json,rick-scott,half-true,0,fixed_split_train_test,0,0.45179933014238577,0,0.4738435128329809
9927.json,julie-pace,mostly-true,0,fixed_split_train_test,1,0.529880229665132,0,0.4808543758498443
2316.json,charlie-crist,mostly-true,0,fixed_split_train_test,0,0.3545042966539033,0,0.30574175890686006
11276.json,ron-bergeron,mostly-true,0,fixed_split_train_test,0,0.3794678109102596,0,0.35949611129972986
1497.json,eve-schatelowitz-alcantar,false,1,fixed_split_train_test,0,0.45592507556272893,0,0.4708993492420236
4337.json,ron-kind,half-true,0,fixed_split_train_test,0,0.33773576426836804,0,0.41577958853564495
4543.json,bill-oreilly,barely-true,1,fixed_split_train_test,1,0.5028604309520169,1,0.5514909633341426
5091.json,jon-huntsman,false,1,fixed_split_train_test,1,0.5001058723709346,0,0.39580089230271753
40.json,democratic-national-committee,true,0,fixed_split_train_test,1,0.5040290543725962,0,0.41140724131867407
2852.json,sherrod-brown,mostly-true,0,fixed_split_train_test,0,0.33792987396024643,0,0.3157242031726628
2506.json,scott-bruun,barely-true,1,fixed_split_train_test,1,0.5442226976459957,1,0.5763719469245713
4212.json,john-kasich,true,0,fixed_split_train_test,0,0.3764440805602194,0,0.3357287837610537
10474.json,greg-abbott,half-true,0,fixed_split_train_test,0,0.39296854913899115,0,0.4370991056160479
10117.json,rick-scott,half-true,0,fixed_split_train_test,0,0.4455921500281037,0,0.44746236570132586
7877.json,john-lewis,mostly-true,0,fixed_split_train_test,0,0.3699789057355052,0,0.3297201011068436
12051.json,ted-cruz,mostly-true,0,fixed_split_train_test,0,0.48241659814556637,1,0.5451831507432925
3957.json,national-republican-senatorial-committee,false,1,fixed_split_train_test,0,0.48160586737756605,1,0.5367870343310431
10893.json,jeb-bush,mostly-true,0,fixed_split_train_test,0,0.3628599597216551,0,0.3429656068402338
1623.json,charlie-crist,true,0,fixed_split_train_test,0,0.3859798187327239,0,0.40656864729652725
6428.json,salmon-all,half-true,0,fixed_split_train_test,0,0.4527012240128107,0,0.44065045241363676
4287.json,greater-wisconsin-political-fund,half-true,0,fixed_split_train_test,0,0.47374489988077223,0,0.4896577631985848
9793.json,ending-spending-action-fund,barely-true,1,fixed_split_train_test,0,0.46307602277654114,1,0.5260720692178557
2910.json,donald-carcieri,mostly-true,0,fixed_split_train_test,0,0.428653381067914,0,0.41905619064569555
4653.json,barack-obama,true,0,fixed_split_train_test,0,0.49354638174755366,0,0.3394045443553757
12279.json,robby-mook,mostly-true,0,fixed_split_train_test,0,0.46512820517851594,0,0.46565151208102307
6982.json,barack-obama,half-true,0,fixed_split_train_test,0,0.41001159121403274,0,0.3346030804738168
11802.json,bernie-s,mostly-true,0,fixed_split_train_test,0,0.4887272144908209,0,0.3383757585319932
4609.json,mitt-romney,false,1,fixed_split_train_test,1,0.5212572752344046,0,0.48907813591589966
8115.json,michelle-nunn,true,0,fixed_split_train_test,1,0.5118725922648923,0,0.4624063306404507
11296.json,viral-image,false,1,fixed_split_train_test,0,0.4880643388045572,1,0.542533171819426
9093.json,rick-scott,barely-true,1,fixed_split_train_test,1,0.5621546865814097,1,0.5072064176208572
10799.json,anonymous-cyber-squatter,half-true,0,fixed_split_train_test,0,0.4418355606885509,0,0.4110579996510064
9383.json,dawson-hodgson,barely-true,1,fixed_split_train_test,0,0.4722669550133249,0,0.45647612943718735
12009.json,mitt-romney,false,1,fixed_split_train_test,0,0.4472747003077276,0,0.4243248297711443
7223.json,kenneth-block,mostly-true,0,fixed_split_train_test,0,0.4373550305197122,0,0.400441668365196
11118.json,john-oliver,true,0,fixed_split_train_test,0,0.4200534549580683,0,0.3305630920296691
3381.json,rick-scott,mostly-true,0,fixed_split_train_test,0,0.49104284275057664,0,0.42953361642364496
7244.json,dawson-hodgson,false,1,fixed_split_train_test,0,0.40589881008922823,0,0.3481547648390507
2581.json,julie-lassa,barely-true,1,fixed_split_train_test,0,0.4747656623786616,0,0.4298476256242006
2958.json,city-beaverton,false,1,fixed_split_train_test,0,0.30486310344312467,0,0.34284987532319616
12179.json,blog-posting,pants-fire,1,fixed_split_train_test,0,0.4225317860397632,1,0.6005191820816848
11373.json,viral-image,barely-true,1,fixed_split_train_test,0,0.48364332165007423,1,0.5050959210772831
2114.json,georgia-politicians,barely-true,1,fixed_split_train_test,0,0.4565795353591694,0,0.3746910649696628
9588.json,david-perdue,half-true,0,fixed_split_train_test,0,0.47033978120159764,0,0.47463112889115444
3430.json,eric-cantor,half-true,0,fixed_split_train_test,0,0.46821069982910585,0,0.49399107410949894
9364.json,angel-taveras,barely-true,1,fixed_split_train_test,0,0.41538510136210577,0,0.4225945947613742
10695.json,rick-santorum,true,0,fixed_split_train_test,0,0.37391563688001966,0,0.42933646039695544
1158.json,anthony-weiner,barely-true,1,fixed_split_train_test,0,0.4415513018602266,0,0.4909015259599648
5848.json,bill-johnson,false,1,fixed_split_train_test,1,0.5447746783809153,1,0.5392805363248102
10561.json,tom-graves,half-true,0,fixed_split_train_test,1,0.5046990760717398,0,0.48681404183013444
512.json,barack-obama,true,0,fixed_split_train_test,0,0.3432737314892219,0,0.2862527649346879
5815.json,steve-rothman,barely-true,1,fixed_split_train_test,0,0.42222609403818384,1,0.5405016891263221
12906.json,paul-manafort,half-true,0,fixed_split_train_test,0,0.41603479825935546,0,0.46407327779789825
7909.json,barry-bone,true,0,fixed_split_train_test,0,0.40138640692083727,0,0.401969017132187
7044.json,voters-first-ohio,barely-true,1,fixed_split_train_test,1,0.5008221655604881,0,0.40117175802725535
11284.json,jeb-bush,half-true,0,fixed_split_train_test,0,0.3966478855123672,0,0.4390717170019133
11761.json,ted-cruz,true,0,fixed_split_train_test,0,0.45178818867069626,1,0.6007020913914952
13291.json,catherine-cortez-masto,half-true,0,fixed_split_train_test,1,0.5341694639060295,1,0.5331540913394355
6933.json,mitt-romney,half-true,0,fixed_split_train_test,0,0.4197562698329584,0,0.43638893203177154
9916.json,pam-bondi,mostly-true,0,fixed_split_train_test,0,0.4177667940862772,0,0.40685783880455845
9248.json,alicia-menendez,true,0,fixed_split_train_test,0,0.32128651961583526,0,0.32923525552570204
544.json,joe-biden,barely-true,1,fixed_split_train_test,0,0.4442224070103347,0,0.39281742109307666
3679.json,john-kasich,false,1,fixed_split_train_test,0,0.4697090090179125,0,0.42023591311626013
11825.json,paul-saldana,half-true,0,fixed_split_train_test,0,0.44620086461337416,0,0.4384289078652301
7420.json,josh-mandel,mostly-true,0,fixed_split_train_test,0,0.4871653978170014,1,0.5349503302885322
2723.json,ted-strickland,pants-fire,1,fixed_split_train_test,0,0.4489294943131843,0,0.4249767596503917
5530.json,johnny-isakson,barely-true,1,fixed_split_train_test,0,0.44634626990245335,0,0.4186807155508527
4617.json,michele-bachmann,half-true,0,fixed_split_train_test,0,0.3403538637887867,0,0.47098420357941867
4498.json,rush-holt,true,0,fixed_split_train_test,0,0.3374687866558533,0,0.3473890043701831
2994.json,boyd-richie,barely-true,1,fixed_split_train_test,0,0.46917776873242095,0,0.4535269636064978
1184.json,charles-boustany,barely-true,1,fixed_split_train_test,1,0.5681454531186203,1,0.5618998534463014
11169.json,marco-rubio,mostly-true,0,fixed_split_train_test,0,0.4924604010137497,1,0.5266629138473679
8924.json,david-perdue,mostly-true,0,fixed_split_train_test,0,0.3598420036258975,0,0.38144152923963953
3194.json,chris-abele,false,1,fixed_split_train_test,0,0.4532205963298864,0,0.4337591043357939
985.json,rachel-maddow,false,1,fixed_split_train_test,1,0.5008440495509964,0,0.4735426251908679
7379.json,barack-obama,mostly-true,0,fixed_split_train_test,0,0.42070830993254466,0,0.27619665529914
2926.json,ted-poe,barely-true,1,fixed_split_train_test,0,0.39762061720607017,0,0.40085975463509077
5283.json,phil-gingrey,half-true,0,fixed_split_train_test,0,0.42438461646789805,0,0.4755029743051222
4204.json,tom-leppert,false,1,fixed_split_train_test,1,0.5335455925714705,0,0.49701785996845743
7288.json,terry-mcauliffe,false,1,fixed_split_train_test,1,0.5126629233026656,1,0.5793722326680028
10223.json,russ-girling,false,1,fixed_split_train_test,0,0.46079447965028764,0,0.4921949201520247
4526.json,mike-mccabe,false,1,fixed_split_train_test,1,0.521204487105409,1,0.5128556442702801
10493.json,ted-cruz,mostly-true,0,fixed_split_train_test,1,0.5119124478512428,1,0.6688706033417301
6812.json,americans-tax-reform,barely-true,1,fixed_split_train_test,0,0.4497386696949425,1,0.5514306921846789
13214.json,oxfam-america,mostly-true,0,fixed_split_train_test,0,0.34411729530513163,0,0.3788729742400831
12662.json,charles-ramsey,mostly-true,0,fixed_split_train_test,0,0.36703362328153877,0,0.3286000861500911
3933.json,rick-santorum,false,1,fixed_split_train_test,0,0.3291539677026218,0,0.39383355039085655
7268.json,scott-walker,mostly-true,0,fixed_split_train_test,0,0.3142874350848574,0,0.3438049759396033
2717.json,marco-rubio,half-true,0,fixed_split_train_test,0,0.33754887852956733,0,0.3745285146188897
2252.json,tim-kaine,half-true,0,fixed_split_train_test,0,0.45293757939882495,0,0.41443479186330445
3029.json,scott-walker,mostly-true,0,fixed_split_train_test,0,0.47577155087350403,0,0.469400771775157
3471.json,jeff-stone,half-true,0,fixed_split_train_test,0,0.4855062416749093,1,0.517538258976288
3710.json,nathan-deal,true,0,fixed_split_train_test,0,0.3120564464476478,0,0.3103639117991453
1855.json,bill-white,mostly-true,0,fixed_split_train_test,0,0.49797619456480446,0,0.48584066803644904
7771.json,joee-lindbeck,half-true,0,fixed_split_train_test,0,0.40479076097355493,0,0.3806895714832161
13409.json,donald-trump,barely-true,1,fixed_split_train_test,0,0.3137035387258247,1,0.7099593419390294
5101.json,mitt-romney,half-true,0,fixed_split_train_test,0,0.42791728331977974,0,0.4187948363426208
7356.json,sherrod-brown,true,0,fixed_split_train_test,0,0.4001875689581448,0,0.29546590813849916
4568.json,new-jersey-democratic-state-committee,barely-true,1,fixed_split_train_test,0,0.44390472650448115,0,0.3581086617136526
2099.json,john-boehner,false,1,fixed_split_train_test,1,0.5159362115786068,1,0.5184610476016407
1849.json,john-oxendine,half-true,0,fixed_split_train_test,0,0.3280129954184941,0,0.3947989942635457
7790.json,john-depetro,pants-fire,1,fixed_split_train_test,1,0.5140375434135073,1,0.5582574207720268
6320.json,barack-obama,mostly-true,0,fixed_split_train_test,1,0.5203171750560265,0,0.35839013413494686
3500.json,greater-wisconsin-political-fund,half-true,0,fixed_split_train_test,0,0.4133823279596425,0,0.455640002526676
2460.json,steve-kagen,pants-fire,1,fixed_split_train_test,1,0.6173965159731942,1,0.58116081200648
1948.json,john-faulk,false,1,fixed_split_train_test,0,0.43016069879704,0,0.4411674678301158
10739.json,karl-rove,mostly-true,0,fixed_split_train_test,1,0.5121955447643473,0,0.4429254167885323
13020.json,catherine-cortez-masto,mostly-true,0,fixed_split_train_test,0,0.47638382310880095,1,0.5268340580172148
1119.json,barack-obama,false,1,fixed_split_train_test,0,0.41288652757654737,0,0.2830816508590886
13128.json,donald-trump,mostly-true,0,fixed_split_train_test,0,0.4376887468905795,1,0.7311270713875914
11050.json,generation-forward-pac,mostly-true,0,fixed_split_train_test,0,0.47551200482390904,0,0.4354191725425505
7195.json,lenny-curry,barely-true,1,fixed_split_train_test,1,0.5355317257064748,1,0.5414345131339765
13047.json,donald-trump,half-true,0,fixed_split_train_test,0,0.40568811086384343,1,0.6850392225298472
2560.json,future-pac-oregon-house-democrats,pants-fire,1,fixed_split_train_test,1,0.5636056356949026,1,0.5353850737730823
8463.json,chris-abele,false,1,fixed_split_train_test,0,0.30243596676706036,0,0.3841343640965437
3458.json,morgan-griffith,barely-true,1,fixed_split_train_test,0,0.45034515807853387,0,0.40248239625912885
8352.json,blog-posting,pants-fire,1,fixed_split_train_test,0,0.4446399734312436,1,0.6715103432798641
11847.json,national-republican-senatorial-committee,barely-true,1,fixed_split_train_test,1,0.5249981935896932,1,0.5528802042316192
8170.json,eric-cantor,pants-fire,1,fixed_split_train_test,1,0.5612397626425639,1,0.5713029800735515
10293.json,steve-adler,mostly-true,0,fixed_split_train_test,0,0.4448979502427423,0,0.4612042270590873
5314.json,kathleen-clyde,true,0,fixed_split_train_test,0,0.3863387936956799,0,0.3149049994842634
2625.json,jack-conway,mostly-true,0,fixed_split_train_test,0,0.49902138129847884,1,0.566817567711833
12749.json,donald-trump,half-true,0,fixed_split_train_test,0,0.28306030510855223,1,0.50419392673805
6905.json,paul-ryan,mostly-true,0,fixed_split_train_test,0,0.3848794881646287,0,0.33889049564422874
10672.json,sally-kohn,false,1,fixed_split_train_test,0,0.3456529310770171,0,0.384862973404188
2217.json,rachel-maddow,half-true,0,fixed_split_train_test,1,0.505107178848948,1,0.5065741621694403
10232.json,mitch-mcconnell,barely-true,1,fixed_split_train_test,0,0.42604217098828295,1,0.5083146035962851
7230.json,chris-christie,half-true,0,fixed_split_train_test,0,0.40996164924455036,0,0.4193034470078507
4993.json,maciver-institute,barely-true,1,fixed_split_train_test,0,0.4290817346173047,0,0.45761613372808563
794.json,barack-obama,half-true,0,fixed_split_train_test,0,0.4538263470680676,0,0.2537725876862327
12011.json,donald-trump,half-true,0,fixed_split_train_test,0,0.4075485341610915,1,0.5967834101520966
8946.json,rachel-maddow,true,0,fixed_split_train_test,0,0.42019775019635586,0,0.4427823549935551
3508.json,david-prosser,pants-fire,1,fixed_split_train_test,1,0.5134659621036173,1,0.5163207270234456
3306.json,rob-woodall,half-true,0,fixed_split_train_test,0,0.3626939395530359,0,0.33460079080766775
1189.json,tom-price,mostly-true,0,fixed_split_train_test,0,0.36247245140894724,0,0.4336072042687119
9107.json,alison-lundergan-grimes,true,0,fixed_split_train_test,0,0.4096379995631677,0,0.46882281662580966
809.json,barack-obama,true,0,fixed_split_train_test,1,0.5303935236373554,0,0.33075485511410735
171.json,rudy-giuliani,false,1,fixed_split_train_test,1,0.5547603905623241,0,0.468683749256223
1739.json,kay-bailey-hutchison,half-true,0,fixed_split_train_test,0,0.4579183396813974,1,0.5143411308772613
9047.json,david-dewhurst,mostly-true,0,fixed_split_train_test,0,0.46721222496114817,1,0.5184246732208062
7685.json,linda-finn,half-true,0,fixed_split_train_test,0,0.3950457261600515,0,0.38338951644688507
13490.json,don-beyer,false,1,fixed_split_train_test,0,0.39470290267140035,0,0.32425628682392754
10962.json,sheldon-whitehouse,true,0,fixed_split_train_test,0,0.29523354656596723,0,0.3136227386364713
7845.json,chris-christie,half-true,0,fixed_split_train_test,0,0.4171089805133953,0,0.37731192667156116
10388.json,jonathan-turley,barely-true,1,fixed_split_train_test,1,0.5155821435188862,0,0.48465918137752667
180.json,bill-richardson,false,1,fixed_split_train_test,0,0.435895329370445,0,0.39143289903279815
781.json,barack-obama,false,1,fixed_split_train_test,0,0.37139334224099996,0,0.3418999884658773
12627.json,hillary-clinton,true,0,fixed_split_train_test,0,0.48015639715592556,0,0.33097784839185723
2594.json,joe-manchin,true,0,fixed_split_train_test,0,0.4940845672115352,1,0.5344073108162228
7543.json,michele-bachmann,pants-fire,1,fixed_split_train_test,0,0.47209998307590145,1,0.5559349064360881
7073.json,priorities-usa-action,barely-true,1,fixed_split_train_test,0,0.4798997360716393,0,0.4614883258724676
12195.json,mark-pocan,true,0,fixed_split_train_test,0,0.4708443170842489,0,0.41266995592015904
13190.json,mike-pence,barely-true,1,fixed_split_train_test,1,0.5054798175940793,1,0.5079679821986693
7447.json,greg-abbott,true,0,fixed_split_train_test,0,0.4840216282599912,0,0.45546428718803883
9472.json,oregon-department-agriculture,half-true,0,fixed_split_train_test,0,0.38851431058124253,0,0.3817827467505739
12368.json,donald-trump,barely-true,1,fixed_split_train_test,0,0.4216475012972276,1,0.6056507457645703
5788.json,frank-wolf,true,0,fixed_split_train_test,0,0.4952641226889962,0,0.47966986375340126
6665.json,barack-obama,half-true,0,fixed_split_train_test,0,0.454853243881222,0,0.3067276009120474
10858.json,facebook-posts,pants-fire,1,fixed_split_train_test,0,0.3754863821683366,1,0.5381228288970086
3522.json,jason-haas,false,1,fixed_split_train_test,0,0.4322902157695179,0,0.38072316141007456
6469.json,americans-prosperity,false,1,fixed_split_train_test,0,0.47128649554818663,1,0.5028100356741554
13502.json,sean-duffy,barely-true,1,fixed_split_train_test,1,0.5803924562615126,1,0.5376029581068341
9834.json,edward-flynn,mostly-true,0,fixed_split_train_test,0,0.34351579032290325,0,0.3059633047904212
7991.json,phil-burress,half-true,0,fixed_split_train_test,0,0.47744387079054895,0,0.48660849671490825
7994.json,jonathan-stickland,barely-true,1,fixed_split_train_test,0,0.39894059476637866,0,0.4727075124390361
10846.json,scott-walker,false,1,fixed_split_train_test,1,0.5238815304073943,1,0.5078814691109913
8830.json,rick-scott,half-true,0,fixed_split_train_test,0,0.34233050223266615,0,0.3041533409114375
6033.json,bill-nelson,true,0,fixed_split_train_test,0,0.47666701446478704,0,0.4353415142874779
700.json,john-mccain,true,0,fixed_split_train_test,0,0.43924503634135065,0,0.44835612302948286
12214.json,bernie-s,mostly-true,0,fixed_split_train_test,0,0.3877649444076568,0,0.3133834451859399
11661.json,occupy-democrats,false,1,fixed_split_train_test,0,0.4570233867131372,0,0.4092987847477584
8986.json,barack-obama,mostly-true,0,fixed_split_train_test,0,0.38496055137859053,0,0.2549704133581396
6922.json,lois-frankel,barely-true,1,fixed_split_train_test,0,0.4581299682698496,0,0.4775194311571773
2738.json,georgia-house-democratic-caucus-behalf-elena-paren,false,1,fixed_split_train_test,0,0.4833760335468273,0,0.4340152868587965
7416.json,david-plouffe,barely-true,1,fixed_split_train_test,1,0.5497102585142162,1,0.5272610675122977
9101.json,barbara-boxer,half-true,0,fixed_split_train_test,0,0.4105931028669004,0,0.392958683012358
2494.json,mark-belling,pants-fire,1,fixed_split_train_test,1,0.5386973560660029,0,0.4894541477953659
553.json,wesley-clark,false,1,fixed_split_train_test,0,0.4550941667293834,0,0.4444643122688959
574.json,campaign-money-watch,true,0,fixed_split_train_test,0,0.4361894797782486,0,0.4794158139191467
1262.json,glenn-beck,false,1,fixed_split_train_test,0,0.4431698162032721,1,0.5890719184004323
9900.json,mark-harris,mostly-true,0,fixed_split_train_test,1,0.5083014454125467,0,0.4342436931852031
1677.json,karen-sage,true,0,fixed_split_train_test,0,0.4022372494054409,0,0.4484615189968387
575.json,campaign-money-watch,barely-true,1,fixed_split_train_test,0,0.49951065568493097,0,0.4676371676416693
447.json,barack-obama,false,1,fixed_split_train_test,0,0.47487331712909603,0,0.41623763627218335
13049.json,blog-posting,false,1,fixed_split_train_test,0,0.48723309580890517,1,0.732200885498757
12168.json,your-choice-colorado,half-true,0,fixed_split_train_test,0,0.4640408924700062,0,0.443857425844617
11308.json,hugh-hewitt,half-true,0,fixed_split_train_test,0,0.442353009213442,0,0.4336282760131977
11212.json,matt-wuerker,mostly-true,0,fixed_split_train_test,0,0.411156599229839,0,0.35080825428476026
3697.json,jim-renacci,mostly-true,0,fixed_split_train_test,0,0.3198144487246296,0,0.29821802618922766
12770.json,michelle-obama,true,0,fixed_split_train_test,0,0.47851170045922453,0,0.3930168289932222
11955.json,wisconsin-working-families-party,false,1,fixed_split_train_test,0,0.44985901580557597,0,0.4372321765657333
13423.json,donald-trump,false,1,fixed_split_train_test,1,0.5367193699597028,1,0.6847982599685722
3087.json,brian-moran,pants-fire,1,fixed_split_train_test,0,0.4140809428213863,0,0.3730279075182583
3046.json,jim-doyle,mostly-true,0,fixed_split_train_test,0,0.38636859250281075,0,0.4428286167748693
12203.json,tom-price,half-true,0,fixed_split_train_test,0,0.4781368515441677,0,0.4029897696946852
12734.json,mike-pence,barely-true,1,fixed_split_train_test,1,0.5488717455811137,1,0.5293617530829056
1515.json,americans-united-change,half-true,0,fixed_split_train_test,1,0.5668967819937898,1,0.561119296990433
9553.json,ted-cruz,false,1,fixed_split_train_test,1,0.5387661003562094,1,0.6060056161072878
8557.json,jan-schakowsky,true,0,fixed_split_train_test,0,0.3611825957202244,0,0.38340627534707034
4194.json,tim-pawlenty,mostly-true,0,fixed_split_train_test,1,0.5268150696753898,0,0.48223197755782443
13487.json,james-quintero,barely-true,1,fixed_split_train_test,1,0.5546189510918619,0,0.49129258170418
11184.json,facebook-posts,false,1,fixed_split_train_test,0,0.4403406346437423,1,0.5239859007587683
12221.json,ted-cruz,mostly-true,0,fixed_split_train_test,0,0.44537365411169033,1,0.5976889253468953
3460.json,john-kasich,half-true,0,fixed_split_train_test,0,0.4637941017602266,0,0.3949652121787657
7529.json,service-employees-international-union-committee-po,false,1,fixed_split_train_test,0,0.42323084788681536,0,0.4431347615707763
10717.json,rick-perry,half-true,0,fixed_split_train_test,1,0.6186981807601564,1,0.5351986194622887
4714.json,barack-obama,false,1,fixed_split_train_test,0,0.4402228824051133,0,0.36362225131357173
4017.json,newt-gingrich,mostly-true,0,fixed_split_train_test,0,0.471165999308765,1,0.5429472475003047
9256.json,rush-limbaugh,false,1,fixed_split_train_test,0,0.3431996175506533,0,0.4506663663131753
6006.json,william-obrien,false,1,fixed_split_train_test,0,0.43619401956940224,0,0.4757772416047732
6197.json,sean-duffy,barely-true,1,fixed_split_train_test,0,0.4892461023244398,1,0.5317081210783708
1187.json,paul-hipp,mostly-true,0,fixed_split_train_test,0,0.3526247607598755,0,0.4131116640025136
8104.json,don-lemon,mostly-true,0,fixed_split_train_test,0,0.3666210894207333,0,0.3891229094927809
1556.json,bill-white,true,0,fixed_split_train_test,0,0.3467478734633345,0,0.3719054200303724
7970.json,todd-young,false,1,fixed_split_train_test,0,0.4748697768351555,1,0.5132996898879643
12487.json,joyce-beatty,barely-true,1,fixed_split_train_test,0,0.4110546311693273,0,0.33862628126096084
1310.json,cw-bill-young,false,1,fixed_split_train_test,1,0.5613201495196374,0,0.4214131898878051
6163.json,shawn-lindsay,false,1,fixed_split_train_test,0,0.4137365149875651,0,0.4333247235227351
7819.json,alberta-darling,true,0,fixed_split_train_test,0,0.42617199700621883,0,0.42137634007561886
814.json,barack-obama,mostly-true,0,fixed_split_train_test,0,0.417988807076051,0,0.3673698197342769
8486.json,suzanne-somers,true,0,fixed_split_train_test,0,0.4537152608532785,0,0.45017339266038015
12141.json,roy-blunt,barely-true,1,fixed_split_train_test,0,0.43509641878970906,1,0.5233196823624314
3257.json,dan-patrick,true,0,fixed_split_train_test,0,0.3952471650909743,0,0.41235013570200385
3330.json,rick-scott,barely-true,1,fixed_split_train_test,0,0.4761771902790954,0,0.3939356700559864
6436.json,eric-hovde,half-true,0,fixed_split_train_test,0,0.49544273090239854,0,0.4709746182128054
70.json,ron-paul,mostly-true,0,fixed_split_train_test,0,0.3926130612193399,0,0.3971553650558882
10140.json,john-carlevale,false,1,fixed_split_train_test,0,0.43436124047899555,0,0.4327373342591027
1120.json,john-boehner,false,1,fixed_split_train_test,1,0.5792718129663509,1,0.5775647132928452
8595.json,ken-cuccinelli,barely-true,1,fixed_split_train_test,1,0.5214850312509508,1,0.5174033152529705
4885.json,joe-biden,mostly-true,0,fixed_split_train_test,0,0.3887740233625706,0,0.3361675682821585
11917.json,john-mccain,true,0,fixed_split_train_test,0,0.4648379283268078,0,0.39750911257092336
10773.json,marco-rubio,half-true,0,fixed_split_train_test,0,0.43988915278816065,0,0.4598812150765374
4718.json,ann-lininger,false,1,fixed_split_train_test,0,0.44131263739657195,0,0.42708391463271234
6616.json,george-lemieux,true,0,fixed_split_train_test,0,0.41455670186788507,0,0.4748244054140453
3284.json,bill-posey,mostly-true,0,fixed_split_train_test,0,0.4748946184646718,0,0.4148222612263215
2290.json,barack-obama,barely-true,1,fixed_split_train_test,1,0.5033772115268369,0,0.3598704838059232
10978.json,don-beyer,true,0,fixed_split_train_test,0,0.33945569029396516,0,0.3155094005254631
8764.json,marilinda-garcia,mostly-true,0,fixed_split_train_test,0,0.44882046337705495,0,0.4557954693104505
2203.json,marco-rubio,mostly-true,0,fixed_split_train_test,0,0.40393182871365396,0,0.4329069974130318
7118.json,patricia-morgan,half-true,0,fixed_split_train_test,0,0.3938996879467049,0,0.39370899215529254
7164.json,john-kasich,true,0,fixed_split_train_test,0,0.4240000286051789,0,0.40364866500634755
4208.json,allen-west,false,1,fixed_split_train_test,0,0.4010444588423263,0,0.4625907123301354
714.json,sarah-palin,mostly-true,0,fixed_split_train_test,1,0.5154063890234256,0,0.46359739992707494
13437.json,maggie-hassan,barely-true,1,fixed_split_train_test,0,0.4749699264779691,0,0.44533449798982744
6401.json,american-bridge-21st-century,mostly-true,0,fixed_split_train_test,0,0.4696246179768636,0,0.4718887542511678
5251.json,blog-posting,mostly-true,0,fixed_split_train_test,0,0.4203164725359947,1,0.6424786725015588
378.json,hillary-clinton,half-true,0,fixed_split_train_test,0,0.49496997360995826,0,0.3461842014045902
5095.json,rick-perry,pants-fire,1,fixed_split_train_test,1,0.6785113707050568,1,0.569399814959473
11000.json,jim-steineke,false,1,fixed_split_train_test,0,0.4736816607869709,0,0.4592979340594105
3741.json,sherrod-brown,barely-true,1,fixed_split_train_test,0,0.32343856055115017,0,0.29176505688062504
8979.json,mark-pryor,barely-true,1,fixed_split_train_test,0,0.48860049331320843,1,0.5153591171399358
3803.json,todd-staples,mostly-true,0,fixed_split_train_test,0,0.4188728055111612,0,0.3988438370635014
12087.json,hillary-clinton,barely-true,1,fixed_split_train_test,0,0.4674165065757003,0,0.39989388691663824
1712.json,tom-grady,false,1,fixed_split_train_test,1,0.5019324405061596,1,0.5262687673015446
1093.json,sarah-palin,false,1,fixed_split_train_test,1,0.8962769145180848,1,0.7322218208998414
3027.json,gerry-connolly,half-true,0,fixed_split_train_test,0,0.3743181952648264,0,0.40084990839061846
4977.json,marish-agana,barely-true,1,fixed_split_train_test,0,0.44455231983391763,0,0.42973209894797015
4689.json,jeb-hensarling,false,1,fixed_split_train_test,0,0.42027725671392974,1,0.5433754316120467
9227.json,charlie-crist,barely-true,1,fixed_split_train_test,0,0.4694059599107458,0,0.4563416444617215
12927.json,joaquin-castro,mostly-true,0,fixed_split_train_test,1,0.5592425907847849,1,0.5188675856907234
3997.json,martin-omalley,half-true,0,fixed_split_train_test,0,0.4625020487352711,0,0.4146310475632595
13000.json,bruce-rauner,barely-true,1,fixed_split_train_test,0,0.3853637489284874,0,0.3497936981351436
11704.json,greg-abbott,barely-true,1,fixed_split_train_test,1,0.5533236624562301,1,0.5073808929396363
11654.json,kevin-russell,mostly-true,0,fixed_split_train_test,0,0.37679318420634644,0,0.3890296878758732
340.json,john-mccain,true,0,fixed_split_train_test,0,0.47213966970918375,0,0.43072331547002807
6485.json,barack-obama,half-true,0,fixed_split_train_test,0,0.4332837804216945,0,0.38407949098665983
9231.json,chain-email,false,1,fixed_split_train_test,0,0.3054173718162817,1,0.5695170410690882
10416.json,barack-obama,mostly-true,0,fixed_split_train_test,0,0.44435774151640295,0,0.42448755659090076
12924.json,gary-johnson,true,0,fixed_split_train_test,0,0.4035975635033259,0,0.36519080454665365
6816.json,american-future-fund,barely-true,1,fixed_split_train_test,0,0.4686304470042406,0,0.4540382150283107
13172.json,chris-koster,half-true,0,fixed_split_train_test,1,0.5153218839806507,0,0.45448295910923764
13484.json,blog-posting,pants-fire,1,fixed_split_train_test,0,0.389734304427146,1,0.5820480963864916
10869.json,family-foundation,true,0,fixed_split_train_test,0,0.3562228282735647,0,0.405540765743144
9823.json,senate-majority-pac,false,1,fixed_split_train_test,0,0.44105644210970113,0,0.4551391620393222
3738.json,newt-gingrich,false,1,fixed_split_train_test,0,0.4626258178521329,1,0.5311047327259167
8552.json,ellen-qualls,half-true,0,fixed_split_train_test,1,0.5177143203776337,0,0.4844283367126213
3044.json,allen-west,false,1,fixed_split_train_test,1,0.5498464111542412,1,0.6600560489670486
6121.json,chris-christie,barely-true,1,fixed_split_train_test,1,0.5416750442747151,0,0.44114147430593675
11261.json,scott-walker,mostly-true,0,fixed_split_train_test,1,0.542801692774839,1,0.529070093817692
12392.json,alan-grayson,barely-true,1,fixed_split_train_test,0,0.3685402916017285,0,0.40844631670466136
4522.json,josh-mandel,barely-true,1,fixed_split_train_test,1,0.5688167386511619,1,0.5277681134571516
8285.json,bill-foster,barely-true,1,fixed_split_train_test,0,0.40072049629244977,0,0.33560479006798916
12244.json,hillary-clinton,true,0,fixed_split_train_test,0,0.46152929442954954,0,0.35196068769069444
7667.json,national-rifle-association,barely-true,1,fixed_split_train_test,0,0.42773889610965277,1,0.5010711404956657
101.json,democratic-national-committee,barely-true,1,fixed_split_train_test,0,0.4937738249228491,0,0.41553216992799996
2775.json,eric-cantor,true,0,fixed_split_train_test,0,0.4568409405166247,0,0.46101321403809103
1909.json,barack-obama,half-true,0,fixed_split_train_test,0,0.4493083414378743,0,0.412720547122557
13203.json,naral-pro-choice,false,1,fixed_split_train_test,1,0.5052761039567271,0,0.4930540115533919
8303.json,barbara-buono,half-true,0,fixed_split_train_test,0,0.37907817219174866,0,0.33981029222727704
10466.json,barack-obama,barely-true,1,fixed_split_train_test,0,0.4929467369733762,0,0.33677106672456575
9229.json,bob-cole,half-true,0,fixed_split_train_test,0,0.3430370718822765,0,0.4679447840117781
8498.json,gina-raimondo,mostly-true,0,fixed_split_train_test,0,0.40863944377841394,0,0.35197612031142006
11887.json,j-jacobs,true,0,fixed_split_train_test,0,0.47219004013163723,0,0.42696934096676176
11895.json,tom-wolf,barely-true,1,fixed_split_train_test,0,0.4931190650047694,0,0.43496177131696895
1385.json,farouk-shami,half-true,0,fixed_split_train_test,0,0.4017575825055393,0,0.4170838906689302
6097.json,stephen-simpson,mostly-true,0,fixed_split_train_test,0,0.4640811871777737,0,0.48547392256578803
1652.json,barack-obama,half-true,0,fixed_split_train_test,0,0.4817208543123894,0,0.4682808028476868
1950.json,vernon-jones,pants-fire,1,fixed_split_train_test,1,0.5025477738229701,0,0.46530685217367057
8685.json,kathleen-sebelius,true,0,fixed_split_train_test,0,0.3094713964534836,0,0.39619200868174437
9200.json,louie-gohmert,false,1,fixed_split_train_test,0,0.43002091283302435,0,0.42501278845976015
2374.json,jim-sensenbrenner,false,1,fixed_split_train_test,0,0.49874536014228743,0,0.4643181426121473
2533.json,republican-party-florida,half-true,0,fixed_split_train_test,0,0.4318210400326955,0,0.431164324489505
5416.json,alan-bates,true,0,fixed_split_train_test,0,0.3854366201012915,0,0.41027253974770717
2557.json,allen-boyd,false,1,fixed_split_train_test,0,0.407511847660854,0,0.3945219037145406
5087.json,mitt-romney,false,1,fixed_split_train_test,0,0.44943642353537877,0,0.4191868738182496
8960.json,mark-obenshain,mostly-true,0,fixed_split_train_test,0,0.344450917188447,0,0.335634363783532
3362.json,phyllis-schlafly,false,1,fixed_split_train_test,0,0.41010406097665486,0,0.4370497987151974
9844.json,david-dewhurst,false,1,fixed_split_train_test,0,0.37442540957064063,0,0.44163561203282264
9292.json,charlie-crist,half-true,0,fixed_split_train_test,0,0.3684287267683272,0,0.3948728471077012
6119.json,jim-demint,barely-true,1,fixed_split_train_test,1,0.5928531859194571,1,0.5660702368686812
12371.json,ed-gillespie,true,0,fixed_split_train_test,0,0.44307747622370436,0,0.3904224162980933
7665.json,gabrielle-giffords,true,0,fixed_split_train_test,0,0.3712915331480881,0,0.3156210194974459
8576.json,city-austin,true,0,fixed_split_train_test,0,0.4579909465284016,0,0.435800804284634
6637.json,jack-markell,false,1,fixed_split_train_test,0,0.3699204939534364,0,0.49549886645050784
9096.json,john-mccallum,mostly-true,0,fixed_split_train_test,0,0.3861536225100678,0,0.33674267010691844
7698.json,randy-forbes,true,0,fixed_split_train_test,0,0.43101604556349665,0,0.3777354168154376
10547.json,associated-press,true,0,fixed_split_train_test,0,0.4172026096913452,0,0.3863424201688232
187.json,hillary-clinton,half-true,0,fixed_split_train_test,0,0.3762525415891654,0,0.26865950711478104
2470.json,allen-west,pants-fire,1,fixed_split_train_test,0,0.48501487231200213,0,0.4904070254840666
6045.json,chain-email,pants-fire,1,fixed_split_train_test,1,0.5915109062548098,1,0.7920178858396507
339.json,hillary-clinton,true,0,fixed_split_train_test,0,0.4108121228670565,0,0.38303487896595256
11004.json,hillary-clinton,true,0,fixed_split_train_test,0,0.4177757399991427,0,0.3633949433477526
11337.json,martin-omalley,mostly-true,0,fixed_split_train_test,0,0.4474296685557571,0,0.47079576094633496
4250.json,alberta-darling,pants-fire,1,fixed_split_train_test,0,0.43591941513844523,0,0.46147344141779084
631.json,jerome-corsi,pants-fire,1,fixed_split_train_test,0,0.4644437272489293,1,0.5243754794741627
9351.json,charles-van-zant,pants-fire,1,fixed_split_train_test,0,0.45489431912421874,0,0.4597635364588921
5746.json,clarence-thomas,true,0,fixed_split_train_test,0,0.4298522666470907,0,0.42729638480275484
4136.json,kris-jordan,half-true,0,fixed_split_train_test,0,0.31135053050449224,0,0.3658479623346743
1681.json,paul-ryan,barely-true,1,fixed_split_train_test,0,0.3383365543475717,0,0.2937608124643477
5074.json,john-kasich,mostly-true,0,fixed_split_train_test,0,0.30934861132299707,0,0.28765594814662004
4195.json,rick-santorum,barely-true,1,fixed_split_train_test,0,0.3684155860653891,0,0.3996118307631859
3931.json,adam-hasner,barely-true,1,fixed_split_train_test,0,0.48840909672036786,0,0.43357475787890837
4883.json,matt-mackowiak,true,0,fixed_split_train_test,0,0.45397047795501244,0,0.48895303545326
6795.json,bill-clinton,barely-true,1,fixed_split_train_test,0,0.4659212871521818,0,0.41766267217022635
9818.json,michelle-nunn,barely-true,1,fixed_split_train_test,0,0.49919591689392157,0,0.4309725416850512
8573.json,tom-cotton,half-true,0,fixed_split_train_test,1,0.5486781300423548,1,0.6622109677682821
13184.json,mike-pence,mostly-true,0,fixed_split_train_test,0,0.3616863190043577,0,0.4047431545092626
11559.json,rand-paul,mostly-true,0,fixed_split_train_test,0,0.48635717259770106,0,0.4363931004876271
9241.json,don-balfour,true,0,fixed_split_train_test,0,0.4173370270547474,0,0.4521694753011847
8902.json,hugh-fitzsimons,mostly-true,0,fixed_split_train_test,0,0.4329763810681444,0,0.43242180286560855
12511.json,donald-trump,false,1,fixed_split_train_test,0,0.3856769814579002,1,0.6501874102343749
7285.json,barbara-buono,pants-fire,1,fixed_split_train_test,0,0.47253406470891485,0,0.41891053903018105
1005.json,chain-email,pants-fire,1,fixed_split_train_test,1,0.5283129784452985,1,0.8185058242243951
609.json,barack-obama,half-true,0,fixed_split_train_test,0,0.18110694775322828,0,0.363698646864106
9436.json,hillary-clinton,barely-true,1,fixed_split_train_test,0,0.4740632280135699,0,0.40372225811643403
5671.json,rick-santorum,false,1,fixed_split_train_test,0,0.42992498876882346,0,0.49589508698194434
6699.json,menendez-facts,pants-fire,1,fixed_split_train_test,0,0.4802842067703035,0,0.4289689693646808
7334.json,rick-scott,half-true,0,fixed_split_train_test,0,0.3756011878688987,0,0.321964752052959
9788.json,jay-nixon,barely-true,1,fixed_split_train_test,0,0.4773593586402646,0,0.4162924770411244
10710.json,mackubin-thomas-owens,barely-true,1,fixed_split_train_test,1,0.5120683995159753,0,0.4519148329492437
3186.json,john-kasich,barely-true,1,fixed_split_train_test,0,0.4563737264866697,0,0.48353430082004034
6743.json,john-burzichelli,false,1,fixed_split_train_test,1,0.521791985914129,1,0.5228196099822716
