antecedents,consequents,antecedent support,consequent support,support,confidence,lift,representativity,leverage,conviction,zhangs_metric,jaccard,certainty,kulczynski
frozenset({'subject=crime'}),frozenset({'subject=criminal-justice'}),0.04012727594131165,0.020505568322432385,0.012197277709033056,0.3039647577092511,14.823522710010632,1.0,0.011374445110625393,1.4072483290557458,0.971524274695065,0.25182481751824815,0.2893933648008001,0.4493961719580738
frozenset({'subject=criminal-justice'}),frozenset({'subject=crime'}),0.020505568322432385,0.04012727594131165,0.012197277709033056,0.5948275862068965,14.82352271001063,1.0,0.011374445110625393,2.369047574272507,0.9520622291272699,0.25182481751824815,0.5778894392582713,0.4493961719580738
frozenset({'subject=environment'}),frozenset({'subject=energy'}),0.03553120028283543,0.04030404808202227,0.015202404101113665,0.42786069651741293,10.61582438683774,1.0,0.013770352896502303,1.6773816203088134,0.9391708722635204,0.25072886297376096,0.4038327427148655,0.40252683948677664
frozenset({'subject=energy'}),frozenset({'subject=environment'}),0.04030404808202227,0.03553120028283543,0.015202404101113665,0.37719298245614036,10.61582438683774,1.0,0.013770352896502303,1.5485837065881236,0.9438416428568369,0.25072886297376096,0.3542486623450121,0.40252683948677664
frozenset({'subject=state-finances'}),frozenset({'subject=state-budget'}),0.02174297330740675,0.06593600848506276,0.015202404101113665,0.6991869918699187,10.60402362736764,1.0,0.013768759228626,3.1051316474685753,0.9258263924492145,0.2097560975609756,0.6779524627191768,0.4648749972754419
frozenset({'subject=state-budget'}),frozenset({'subject=state-finances'}),0.06593600848506276,0.02174297330740675,0.015202404101113665,0.23056300268096513,10.60402362736764,1.0,0.013768759228626,1.2713932785935096,0.9696296850518458,0.2097560975609756,0.2134613130043765,0.4648749972754419
frozenset({'subject=deficit'}),frozenset({'subject=federal-budget'}),0.018030758352483647,0.06805727417359024,0.012197277709033056,0.6764705882352942,9.939724980901453,1.0,0.010970153444280324,2.880550243463449,0.9159081125503855,0.16507177033492823,0.6528441042577882,0.42784568372803666
frozenset({'subject=terrorism'}),frozenset({'subject=foreign-policy'}),0.03358670673501856,0.05161746508750221,0.01237404984974368,0.3684210526315789,7.137527036770007,1.0,0.010640389187444685,1.5016056802781217,0.8897802398808435,0.1699029126213592,0.3340462059155344,0.3040735400144196
frozenset({'subject=foreign-policy'}),frozenset({'subject=terrorism'}),0.05161746508750221,0.03358670673501856,0.01237404984974368,0.23972602739726026,7.137527036770007,1.0,0.010640389187444685,1.2711382055557414,0.9066968446278791,0.1699029126213592,0.21330348216321587,0.3040735400144196
frozenset({'subject=military'}),frozenset({'subject=foreign-policy'}),0.02863708679512109,0.05161746508750221,0.010076012020505568,0.35185185185185186,6.816527143581938,1.0,0.008597838192650635,1.463218768150711,0.8784540970260046,0.14357682619647355,0.31657519588554073,0.27352866565195333
"frozenset({'party=republican', 'subject=jobs'})",frozenset({'subject=economy'}),0.0309351246243592,0.09386600671734134,0.017500441930351777,0.5657142857142857,6.026828087167071,1.0,0.014596685314559885,2.0864927476903325,0.8607011376073763,0.16309719934102143,0.5207268268212474,0.37607748184019374
"frozenset({'subject=economy', 'label=barely-true'})",frozenset({'subject=jobs'}),0.03871309881562666,0.06346119851511402,0.013434682694007424,0.3470319634703196,5.468411747497488,1.0,0.010977903044933715,1.434279702973357,0.8500391978475058,0.15139442231075695,0.30278592248992037,0.27936556390786177
frozenset({'subject=jobs'}),"frozenset({'subject=economy', 'label=barely-true'})",0.06346119851511402,0.03871309881562666,0.013434682694007424,0.2116991643454039,5.468411747497488,1.0,0.010977903044933715,1.2194416873681626,0.872501539806481,0.15139442231075695,0.17995258784515444,0.27936556390786177
"frozenset({'label=barely-true', 'subject=jobs'})",frozenset({'subject=economy'}),0.0265158211065936,0.09386600671734134,0.013434682694007424,0.5066666666666667,5.397765222849969,1.0,0.010945748451900088,1.8367580944918758,0.8369300316343792,0.1256198347107438,0.45556249187150477,0.32489642184557443
"frozenset({'party=republican', 'subject=economy'})",frozenset({'subject=jobs'}),0.052324553650344705,0.06346119851511402,0.017500441930351777,0.3344594594594595,5.270298501844463,1.0,0.014179863043932518,1.4071852042615545,0.85499463954976,0.17805755395683454,0.2893614877618276,0.3051127380862757
frozenset({'subject=jobs'}),"frozenset({'party=republican', 'subject=economy'})",0.06346119851511402,0.052324553650344705,0.017500441930351777,0.2757660167130919,5.270298501844463,1.0,0.014179863043932518,1.3085210970751011,0.865161619974757,0.17805755395683454,0.23577846605968308,0.3051127380862757
frozenset({'subject=jobs'}),frozenset({'subject=economy'}),0.06346119851511402,0.09386600671734134,0.030581580342937953,0.4818941504178273,5.133851617539829,1.0,0.024624731056827727,1.74893604079825,0.8597769471302291,0.24128312412831243,0.42822380197300997,0.4038472635328308
frozenset({'subject=economy'}),frozenset({'subject=jobs'}),0.09386600671734134,0.06346119851511402,0.030581580342937953,0.3258003766478343,5.133851617539829,1.0,0.024624731056827727,1.3891120211968562,0.8886262711463039,0.24128312412831243,0.28011565320815374,0.4038472635328308
"frozenset({'label=false', 'subject=economy'})",frozenset({'subject=jobs'}),0.04224854162983914,0.06346119851511402,0.0132579105532968,0.3138075313807531,4.94487243738418,1.0,0.01057676746595152,1.364833985090779,0.8329617324966162,0.14340344168260036,0.267310155723088,0.26136059020291136
frozenset({'subject=jobs'}),"frozenset({'label=false', 'subject=economy'})",0.06346119851511402,0.04224854162983914,0.0132579105532968,0.20891364902506965,4.94487243738418,1.0,0.01057676746595152,1.210678780122844,0.8518283629042406,0.14340344168260036,0.174017075034112,0.26136059020291136
"frozenset({'label=false', 'subject=jobs'})",frozenset({'subject=economy'}),0.028990631076542338,0.09386600671734134,0.0132579105532968,0.45731707317073167,4.87202011850627,1.0,0.010536675781926113,1.6697300550377079,0.8184744219916257,0.12096774193548387,0.4011007965132323,0.2992800055119195
frozenset({'subject=medicare'}),frozenset({'subject=health-care'}),0.024924871840197985,0.13576100406575925,0.015555948382534912,0.6241134751773049,4.597148345153663,1.0,0.012172122755299265,2.299201857108074,0.8024754433383874,0.10718635809987818,0.5650664612554743,0.3693484042553191
"frozenset({'state=Unknown', 'subject=pundits'})",frozenset({'party=unknown'}),0.015025631960403041,0.2047021389429026,0.013611454834718048,0.9058823529411765,4.425368282027837,1.0,0.010535675833454708,8.45003977373166,0.7858378161680388,0.0660377358490566,0.8816573617666671,0.4861881540180839
frozenset({'state=Illinois'}),"frozenset({'label=false', 'party=democrat'})",0.03447056743857168,0.111896765069825,0.016086264804666784,0.4666666666666667,4.170510795155344,1.0,0.01222911981816937,1.6651935654940782,0.7873620337919129,0.12347354138398915,0.3994692144373673,0.3052132701421801
frozenset({'subject=pundits'}),"frozenset({'state=Unknown', 'party=unknown'})",0.022450061870249248,0.14901891461905603,0.013611454834718048,0.6062992125984252,4.068605748124901,1.0,0.01026597098168285,2.161491956867598,0.7715366008313568,0.08622620380739081,0.5373565944472978,0.3488198316847405
"frozenset({'party=republican', 'subject=state-budget'})",frozenset({'state=Wisconsin'}),0.03376347887572918,0.08007777974191267,0.010959872724058689,0.32460732984293195,4.053650474440323,1.0,0.008256168299327326,1.3620553803821294,0.779631859117359,0.10652920962199314,0.26581546212941315,0.2307363360031437
frozenset({'state=Illinois'}),"frozenset({'party=democrat', 'label=barely-true'})",0.03447056743857168,0.10358847445642566,0.013964999116139297,0.40512820512820513,3.910939004113066,1.0,0.010394245621530317,1.5068986851810084,0.7708795869274019,0.11253561253561253,0.33638537890164794,0.26997024590881247
frozenset({'subject=public-health'}),frozenset({'subject=health-care'}),0.022450061870249248,0.13576100406575925,0.011666961286901185,0.5196850393700788,3.8279404527559056,1.0,0.00861911834605773,1.7993172538303046,0.7557290810455367,0.07961399276236428,0.44423364035928325,0.3028112696850394
"frozenset({'party=republican', 'state=Wisconsin'})",frozenset({'subject=state-budget'}),0.04366271875552413,0.06593600848506276,0.010959872724058689,0.25101214574898784,3.806905384723925,1.0,0.008080927329713541,1.2471016535361594,0.770982648619641,0.1111111111111111,0.19814074725624983,0.2086159924455395
frozenset({'state=Illinois'}),frozenset({'party=democrat'}),0.03447056743857168,0.2481880855577161,0.03217252960933357,0.9333333333333333,3.7605887939221274,1.0,0.02361734546866632,11.27717871663426,0.7602918868023226,0.12844036697247707,0.9113253389764089,0.5314814814814814
"frozenset({'state=Illinois', 'label=barely-true'})",frozenset({'party=democrat'}),0.015025631960403041,0.2481880855577161,0.013964999116139297,0.9294117647058823,3.7447880006703533,1.0,0.010235816285592033,10.650668787932343,0.7441434114514707,0.056028368794326246,0.9061091824456092,0.49283978548684426
"frozenset({'label=false', 'state=Illinois'})",frozenset({'party=democrat'}),0.01732366978964115,0.2481880855577161,0.016086264804666784,0.9285714285714286,3.7414021164021167,1.0,0.011786736364741705,10.525366802191979,0.7456377046231337,0.06449326718639263,0.9049914346175809,0.4966931216931217
frozenset({'party=unknown'}),"frozenset({'state=Unknown', 'label=pants-fire'})",0.2047021389429026,0.07194626126922397,0.05479936362029344,0.26770293609671847,3.7208734877128657,1.0,0.04007181004953838,1.2673186668045267,0.9194616724863588,0.24701195219123506,0.2109324779998355,0.51468684888374
"frozenset({'state=Unknown', 'label=pants-fire'})",frozenset({'party=unknown'}),0.07194626126922397,0.2047021389429026,0.05479936362029344,0.7616707616707615,3.7208734877128653,1.0,0.04007181004953838,3.336971437631324,0.7879348694316436,0.24701195219123506,0.7003270724097573,0.51468684888374
frozenset({'state=Wisconsin'}),frozenset({'subject=state-budget'}),0.08007777974191267,0.06593600848506276,0.019268163337458018,0.2406181015452539,3.649267025312336,1.0,0.013988154172930277,1.2300319423147283,0.7891671191532272,0.15202231520223153,0.18701298267250213,0.26642165130881995
frozenset({'subject=state-budget'}),frozenset({'state=Wisconsin'}),0.06593600848506276,0.08007777974191267,0.019268163337458018,0.29222520107238603,3.6492670253123354,1.0,0.013988154172930277,1.2997385915010098,0.7772190931251692,0.15202231520223153,0.23061452007426747,0.26642165130881995
"frozenset({'party=unknown', 'subject=pundits'})",frozenset({'state=Unknown'}),0.015732720523245536,0.2513699840905073,0.013611454834718048,0.8651685393258427,3.44181323977939,1.0,0.009656721127089419,5.552339284662072,0.7207955478429616,0.05369595536959554,0.819895732459573,0.45965881256024904
frozenset({'subject=pundits'}),frozenset({'party=unknown'}),0.022450061870249248,0.2047021389429026,0.015732720523245536,0.7007874015748031,3.423449335672419,1.0,0.011137144839005015,2.657969167217141,0.7241542556433752,0.07441471571906354,0.6237729119156837,0.3888220254851563
"frozenset({'party=unknown', 'label=pants-fire'})",frozenset({'state=Unknown'}),0.06399151493724589,0.2513699840905073,0.05479936362029344,0.8563535911602209,3.4067456154665052,1.0,0.038713817528590475,5.211616649216081,0.754763166712358,0.21031207598371773,0.8081209599039835,0.5371782020498713
frozenset({'state=Unknown'}),"frozenset({'party=unknown', 'label=pants-fire'})",0.2513699840905073,0.06399151493724589,0.05479936362029344,0.2180028129395218,3.4067456154665052,1.0,0.038713817528590475,1.1969461023014716,0.9436767338233613,0.21031207598371773,0.1645404934464353,0.5371782020498713
frozenset({'state=Rhode Island'}),frozenset({'subject=economy'}),0.03429379529786106,0.09386600671734134,0.01060632844263744,0.30927835051546393,3.2948919564331067,1.0,0.0073873068228452856,1.3118656320659388,0.7212337543474282,0.09022556390977444,0.2377268101572336,0.2111363503989749
frozenset({'subject=education'}),frozenset({'subject=state-budget'}),0.062047021389429025,0.06593600848506276,0.013434682694007424,0.21652421652421652,3.2838538683042704,1.0,0.009343549765201162,1.1922053128063381,0.7414867974686057,0.11728395061728394,0.16121829918196307,0.21013878386532542
frozenset({'subject=state-budget'}),frozenset({'subject=education'}),0.06593600848506276,0.062047021389429025,0.013434682694007424,0.2037533512064343,3.2838538683042704,1.0,0.009343549765201162,1.1779678822280908,0.7445739870114347,0.11728395061728394,0.15108041985955503,0.21013878386532542
"frozenset({'subject=health-care', 'party=unknown'})",frozenset({'state=Unknown'}),0.02563196040304048,0.2513699840905073,0.021035884744564255,0.8206896551724137,3.2648673553518597,1.0,0.014592779265843455,4.175052011802937,0.7119577148711443,0.08218232044198895,0.7604820258111793,0.45218730297298604
"frozenset({'state=Unknown', 'subject=candidates-biography'})",frozenset({'party=unknown'}),0.016970125508219906,0.2047021389429026,0.010783100583348065,0.6354166666666666,3.10410369890616,1.0,0.007309279593685937,2.181388418899467,0.6895475221168499,0.051131601005867555,0.5415763688227013,0.3440468480138169
"frozenset({'state=Unknown', 'subject=health-care'})",frozenset({'party=unknown'}),0.03376347887572918,0.2047021389429026,0.021035884744564255,0.6230366492146597,3.0436254962066753,1.0,0.014124428400548984,2.109748492526467,0.6949069419205662,0.09674796747967478,0.526009852102096,0.3629000171807323
frozenset({'party=unknown'}),frozenset({'state=Unknown'}),0.2047021389429026,0.2513699840905073,0.14901891461905603,0.727979274611399,2.8960469454829005,1.0,0.09756294120968578,2.7521065346768023,0.8232157561308602,0.4853195164075993,0.6366419731940222,0.6604031394154042
frozenset({'state=Unknown'}),frozenset({'party=unknown'}),0.2513699840905073,0.2047021389429026,0.14901891461905603,0.5928270042194093,2.8960469454829,1.0,0.09756294120968578,1.9532185810417833,0.8745331019675892,0.4853195164075993,0.48802453053327366,0.6604031394154042
"frozenset({'party=unknown', 'subject=candidates-biography'})",frozenset({'state=Unknown'}),0.014848859819692417,0.2513699840905073,0.010783100583348065,0.7261904761904762,2.8889307481079634,1.0,0.007050542926709809,2.7341270146259733,0.6637064535391658,0.04221453287197233,0.6342525439928036,0.3845439019489652
"frozenset({'label=false', 'party=unknown'})",frozenset({'state=Unknown'}),0.07990100760120206,0.2513699840905073,0.05515290790171469,0.6902654867256637,2.7460139651245288,1.0,0.035068192892185025,2.417005479936362,0.691051503731619,0.1997439180537772,0.5862649016309515,0.4548373847130428
frozenset({'state=Unknown'}),"frozenset({'label=false', 'party=unknown'})",0.2513699840905073,0.07990100760120206,0.05515290790171469,0.21940928270042195,2.7460139651245283,1.0,0.035068192892185025,1.1787214118838654,0.849332485696122,0.1997439180537772,0.1516231147428025,0.4548373847130428
"frozenset({'state=Unknown', 'label=false'})",frozenset({'party=unknown'}),0.09881562665723882,0.2047021389429026,0.05515290790171469,0.5581395348837209,2.726593565489818,1.0,0.0349251377639946,1.7998846329186942,0.7026775205963124,0.22206405693950176,0.4444088350382773,0.4137847933485962
frozenset({'party=unknown'}),"frozenset({'state=Unknown', 'label=false'})",0.2047021389429026,0.09881562665723882,0.05515290790171469,0.2694300518134715,2.726593565489818,1.0,0.0349251377639946,1.2335360571287441,0.7962324961102466,0.22206405693950176,0.18932244078242613,0.4137847933485962
frozenset({'subject=pundits'}),frozenset({'state=Unknown'}),0.022450061870249248,0.2513699840905073,0.015025631960403041,0.6692913385826772,2.6625746148820006,1.0,0.009382360265247584,2.2637145719167995,0.6387639612807149,0.058060109289617495,0.5582481941823388,0.3645331517104666
"frozenset({'party=unknown', 'label=barely-true'})",frozenset({'state=Unknown'}),0.06080961640445466,0.2513699840905073,0.0390666430970479,0.6424418604651162,2.5557620285873157,1.0,0.023780930788910283,2.09372947538915,0.6481404358642211,0.143042071197411,0.522383377721644,0.39892838452229085
frozenset({'subject=religion'}),frozenset({'party=unknown'}),0.020505568322432385,0.2047021389429026,0.01060632844263744,0.5172413793103449,2.5268000714668575,1.0,0.006408794746795704,1.647402712189702,0.6168922577152138,0.04942339373970346,0.392983881475577,0.28452742540646775
"frozenset({'state=Unknown', 'label=barely-true'})",frozenset({'party=unknown'}),0.08060809616404455,0.2047021389429026,0.0390666430970479,0.4846491228070175,2.367582113747235,1.0,0.0225659933961528,1.5432162750724954,0.628271973454461,0.15865039483129934,0.35200268675690105,0.33774770475411325
frozenset({'state=Arizona'}),frozenset({'party=republican'}),0.01714689764893053,0.4986742089446703,0.01714689764893053,1.0,2.0053172633817797,1.0,0.008596182027994871,inf,0.5100719424460433,0.03438496986884084,1.0,0.5171924849344204
"frozenset({'state=Unknown', 'party=unknown'})",frozenset({'label=pants-fire'}),0.14901891461905603,0.18508043132402333,0.05479936362029344,0.36773428232502964,1.9868890497733456,1.0,0.027218878627160742,1.2888877981122857,0.5836799924950078,0.1962025316455696,0.22413727442791598,0.33190916599537057
frozenset({'label=pants-fire'}),"frozenset({'state=Unknown', 'party=unknown'})",0.18508043132402333,0.14901891461905603,0.05479936362029344,0.29608404966571156,1.9868890497733456,1.0,0.027218878627160742,1.2089242827596314,0.6095087817507522,0.1962025316455696,0.17281833588677406,0.33190916599537057
frozenset({'subject=message-machine-2012'}),frozenset({'state=Unknown'}),0.028813858935831712,0.2513699840905073,0.01414177125684992,0.49079754601226994,1.952490659487631,1.0,0.006898831994563781,1.470201115581293,0.5023070622497271,0.053156146179401995,0.31982094871107697,0.2735281682241378
frozenset({'subject=job-accomplishments'}),frozenset({'party=democrat'}),0.027753226091567967,0.2481880855577161,0.012550821990454304,0.45222929936305734,1.8221233237156804,1.0,0.005662801938737594,1.3724938438074252,0.4640691421254801,0.047651006711409406,0.27139928203546093,0.25139954996642894
"frozenset({'state=Unknown', 'subject=health-care'})",frozenset({'label=pants-fire'}),0.03376347887572918,0.18508043132402333,0.011136644864769313,0.3298429319371728,1.7821599483940656,1.0,0.004887685631449806,1.216012793883684,0.45421915564615906,0.05361702127659575,0.1776402312296283,0.1950074258539732
frozenset({'subject=guns'}),frozenset({'party=unknown'}),0.027753226091567967,0.2047021389429026,0.010076012020505568,0.36305732484076436,1.7735883304181381,1.0,0.004394867276995632,1.248617641859643,0.448622009569378,0.04531001589825119,0.19911431131900512,0.20614006138411275
"frozenset({'state=New York', 'label=pants-fire'})",frozenset({'party=republican'}),0.013964999116139297,0.4986742089446703,0.012197277709033056,0.8734177215189873,1.751479635105605,1.0,0.005233292821879272,3.9604737493371043,0.4351307673520715,0.024373013069586717,0.7475049543839603,0.44893856653758657
frozenset({'state=Massachusetts'}),frozenset({'party=republican'}),0.018030758352483647,0.4986742089446703,0.015732720523245536,0.8725490196078431,1.7497376121664547,1.0,0.006741246365148246,3.933479283664895,0.43635352299274877,0.03140437544107269,0.7457721452473797,0.4520490578365341
frozenset({'state=Rhode Island'}),frozenset({'party=democrat'}),0.03429379529786106,0.2481880855577161,0.014848859819692417,0.4329896907216495,1.74460304872676,1.0,0.006337548418208074,1.3259228309254825,0.44196019978557044,0.05548216644649935,0.24580829541791,0.24640937527535467
frozenset({'label=pants-fire'}),frozenset({'party=unknown'}),0.18508043132402333,0.2047021389429026,0.06399151493724589,0.34574976122254064,1.6890383413090782,1.0,0.026105154768743324,1.21558665770333,0.5005980273486655,0.1964188822571894,0.17735194470680427,0.3291788529774189
frozenset({'party=unknown'}),frozenset({'label=pants-fire'}),0.2047021389429026,0.18508043132402333,0.06399151493724589,0.3126079447322971,1.689038341309078,1.0,0.026105154768743324,1.185523694129122,0.512948856652,0.1964188822571894,0.1564909204665086,0.3291788529774189
"frozenset({'state=Texas', 'subject=health-care'})",frozenset({'party=republican'}),0.0132579105532968,0.4986742089446703,0.011136644864769313,0.8400000000000001,1.684466501240695,1.0,0.004525266807344835,3.1332861940958123,0.4117998327958916,0.02223791034239322,0.680846262341326,0.431166253101737
"frozenset({'subject=health-care', 'label=pants-fire'})",frozenset({'state=Unknown'}),0.0265158211065936,0.2513699840905073,0.011136644864769313,0.42000000000000004,1.6708438818565403,1.0,0.004471363335058142,1.2907414067405047,0.41243612026252313,0.041749502982107355,0.2252514757969304,0.23215189873417724
frozenset({'state=Virginia'}),frozenset({'party=democrat'}),0.04118790878557539,0.2481880855577161,0.01679335336750928,0.40772532188841204,1.6428077962412728,1.0,0.006571005137891488,1.269363594674291,0.40809462816332864,0.0616083009079118,0.2122036552839753,0.23769456977611486
frozenset({'party=non-party-role'}),frozenset({'state=Unknown'}),0.035000883860703554,0.2513699840905073,0.013964999116139297,0.398989898989899,1.5872615039281708,1.0,0.00516682749692055,1.245619690336803,0.38340355376442575,0.051265412070084365,0.19718674346773524,0.2272727272727273
frozenset({'state=Florida'}),"frozenset({'party=republican', 'label=barely-true'})",0.08997701962170762,0.18755524129397208,0.026162276825172352,0.2907662082514735,1.5502963619967818,1.0,0.009286615199110518,1.1455246043805214,0.3900583275583274,0.1040787623066104,0.1270375195993441,0.21512862721715992
frozenset({'label=pants-fire'}),frozenset({'state=Unknown'}),0.18508043132402333,0.2513699840905073,0.07194626126922397,0.38872970391595035,1.5464443987711192,1.0,0.02542259619184,1.2247119166519358,0.4336076364275932,0.1973811833171678,0.1834814486546709,0.33747315012956447
frozenset({'state=Unknown'}),frozenset({'label=pants-fire'}),0.2513699840905073,0.18508043132402333,0.07194626126922397,0.28621659634317864,1.546444398771119,1.0,0.02542259619184,1.1416902725687084,0.4720026455563647,0.1973811833171678,0.12410570184671618,0.33747315012956447
"frozenset({'subject=health-care', 'state=Florida'})",frozenset({'party=republican'}),0.014848859819692417,0.4986742089446703,0.011313417005479937,0.7619047619047619,1.5278607721004034,1.0,0.0039086735811645216,2.1055683224323842,0.3506975596626593,0.022527279127067937,0.52506884276983,0.3922958761668439
frozenset({'state=Texas'}),"frozenset({'party=republican', 'label=barely-true'})",0.10040657592363443,0.18755524129397208,0.028460314654410464,0.2834507042253521,1.5112918320478952,1.0,0.009628535079551682,1.1338295404054641,0.3760748124379828,0.10967302452316076,0.11803321013986443,0.21759717115131882
"frozenset({'party=republican', 'state=Florida'})",frozenset({'subject=health-care'}),0.055506452183135935,0.13576100406575925,0.011313417005479937,0.20382165605095542,1.5013269639065816,1.0,0.003777805324969348,1.0854841788934062,0.35354669661239,0.06286836935166994,0.07875211869099095,0.14357749469214437
"frozenset({'state=Texas', 'label=pants-fire'})",frozenset({'party=republican'}),0.018207530493194273,0.4986742089446703,0.013611454834718048,0.7475728155339806,1.499120672625214,1.0,0.0045318289691884325,1.986021403026883,0.339116770877664,0.027046013347383213,0.4964807536938393,0.38743405044689105
frozenset({'state=New York'}),"frozenset({'party=republican', 'label=false'})",0.07194626126922397,0.22962701078310058,0.02474809969948736,0.34398034398034394,1.4979960014602045,1.0,0.008227294787215494,1.1743138824392436,0.3582136054421768,0.08939974457215837,0.1484389182874726,0.22587777784082633
frozenset({'subject=guns'}),frozenset({'state=Unknown'}),0.027753226091567967,0.2513699840905073,0.010429556301926816,0.37579617834394907,1.4949922509787061,1.0,0.003453228300829124,1.1993358418141875,0.34055161787365185,0.03881578947368421,0.16620519029320424,0.20864351814525162
frozenset({'subject=workers'}),frozenset({'label=barely-true'}),0.023157150433091744,0.3717518119144423,0.012550821990454304,0.5419847328244275,1.4579208909119288,1.0,0.0039421093581771365,1.3716752106534678,0.32153762240471423,0.03282478039759593,0.2709644438907671,0.2878730131074111
"frozenset({'state=Texas', 'label=false'})",frozenset({'party=republican'}),0.040657592363443525,0.4986742089446703,0.02952094749867421,0.726086956521739,1.456034708629379,1.0,0.00924605478923914,1.8302370149639016,0.326476952121186,0.05790568654646324,0.4536226773778131,0.3926429110861088
"frozenset({'label=false', 'state=New York'})",frozenset({'party=republican'}),0.034117023157150435,0.4986742089446703,0.02474809969948736,0.7253886010362693,1.4546342843183893,1.0,0.007734820165048367,1.8255825976165774,0.32358162518301603,0.0487125956854558,0.45222966010654997,0.3875081962997724
frozenset({'subject=women'}),frozenset({'label=barely-true'}),0.01944493547816864,0.3717518119144423,0.010429556301926816,0.5363636363636364,1.4428003285349933,1.0,0.0032008663053582024,1.3550451115570854,0.3129894613976711,0.027390900649953576,0.2620171893385174,0.2822093978299399
frozenset({'state=Texas'}),frozenset({'party=republican'}),0.10040657592363443,0.4986742089446703,0.07159271698780273,0.7130281690140846,1.4298476966014453,1.0,0.02152254716624135,1.7469512228185728,0.3341785356457527,0.13572386058981234,0.4275741721130736,0.4282971401610657
"frozenset({'label=false', 'subject=jobs'})",frozenset({'party=democrat'}),0.028990631076542338,0.2481880855577161,0.010076012020505568,0.3475609756097561,1.400393475088597,1.0,0.002880882794508495,1.15230985017322,0.29445131123822654,0.03772336201191264,0.13217786010448862,0.19407963310402335
frozenset({'state=New York'}),frozenset({'party=republican'}),0.07194626126922397,0.4986742089446703,0.050203287961817215,0.6977886977886977,1.3992877218683668,1.0,0.014325543036860379,1.658858511866009,0.30747216633132124,0.09646739130434781,0.3971758333535482,0.3992311089085282
"frozenset({'state=Georgia', 'label=false'})",frozenset({'party=republican'}),0.015732720523245536,0.4986742089446703,0.010959872724058689,0.6966292134831461,1.396962587973824,1.0,0.003114370762581642,1.6525183482934944,0.28870330459770127,0.021769662921348316,0.3948629974168398,0.35930361773058406
"frozenset({'label=false', 'state=Ohio'})",frozenset({'party=republican'}),0.01590949266395616,0.4986742089446703,0.010959872724058689,0.6888888888888889,1.3814407814407814,1.0,0.003026219055149314,1.611404328392131,0.28058200107777975,0.021762021762021768,0.37942328788591134,0.35543345543345545
"frozenset({'state=Texas', 'label=barely-true'})",frozenset({'party=republican'}),0.04154145306699664,0.4986742089446703,0.028460314654410464,0.6851063829787234,1.3738556570402831,1.0,0.007744663407813764,1.5920481202432768,0.2839157698907831,0.05561312607944732,0.3718782822675029,0.37108917163824506
frozenset({'subject=state-budget'}),frozenset({'party=democrat'}),0.06593600848506276,0.2481880855577161,0.022450061870249248,0.3404825737265415,1.3718731620876392,1.0,0.006085530155024197,1.139942455638097,0.29020456943260586,0.07696969696969697,0.1227627367907466,0.215469207091191
frozenset({'subject=stimulus'}),frozenset({'party=republican'}),0.02121265688527488,0.4986742089446703,0.014495315538271169,0.6833333333333333,1.3703001299775495,1.0,0.003917110646392004,1.5831340770168307,0.2760894558557289,0.02868135711787339,0.36834156088387404,0.35620051991019736
frozenset({'state=Ohio'}),frozenset({'party=republican'}),0.03570797242354605,0.4986742089446703,0.02421778327735549,0.6782178217821782,1.360041906352989,1.0,0.006411138376025562,1.5579663045104089,0.27453150193688247,0.04747054747054747,0.35813759443645343,0.36339108033454887
frozenset({'subject=federal-budget'}),"frozenset({'party=republican', 'label=barely-true'})",0.06805727417359024,0.18755524129397208,0.01714689764893053,0.251948051948052,1.3433271723563902,1.0,0.004382399169492797,1.086080667020211,0.2742440123273313,0.07190511489992586,0.07925807873588554,0.17168561881097227
frozenset({'state=Georgia'}),"frozenset({'party=republican', 'label=false'})",0.03570797242354605,0.22962701078310058,0.010959872724058689,0.3069306930693069,1.3366489073849648,1.0,0.002760357755314422,1.1115381701558122,0.2611868365808226,0.043085476025017375,0.10034578492268685,0.1773298576970861
frozenset({'state=Ohio'}),"frozenset({'party=republican', 'label=false'})",0.03570797242354605,0.22962701078310058,0.010959872724058689,0.3069306930693069,1.3366489073849648,1.0,0.002760357755314422,1.1115381701558122,0.2611868365808226,0.043085476025017375,0.10034578492268685,0.1773298576970861
frozenset({'subject=history'}),frozenset({'label=pants-fire'}),0.042955630192681636,0.18508043132402333,0.01060632844263744,0.24691358024691357,1.3340879880198568,1.0,0.0026560818787806847,1.0821063125041657,0.261664203915774,0.04878048780487805,0.07587638252858787,0.1521100852523966
"frozenset({'label=false', 'subject=immigration'})",frozenset({'party=republican'}),0.023510694714512993,0.4986742089446703,0.015555948382534912,0.6616541353383458,1.3268264599819293,1.0,0.0038317712940355037,1.4816962268968632,0.25225256730959117,0.03070481507327286,0.3250978291992322,0.3464243735890595
frozenset({'subject=federal-budget'}),"frozenset({'party=republican', 'label=false'})",0.06805727417359024,0.22962701078310058,0.020682340463143007,0.3038961038961039,1.323433610269638,1.0,0.005054552032615567,1.1066925404795012,0.2622368779424924,0.07466496490108487,0.09640666813681957,0.1969826939803845
frozenset({'subject=voting-record'}),frozenset({'label=barely-true'}),0.02156620116669613,0.3717518119144423,0.01060632844263744,0.4918032786885246,1.3229344496153037,1.0,0.0025890540828067948,1.2362303055877104,0.24948509485094844,0.02771362586605081,0.19108923678699594,0.26016697457964033
"frozenset({'party=republican', 'state=New York'})",frozenset({'label=pants-fire'}),0.050203287961817215,0.18508043132402333,0.012197277709033056,0.24295774647887325,1.3127143952540459,1.0,0.0029056315191757776,1.0764518953673368,0.2508112219713705,0.05467511885895404,0.07102211970303383,0.15443016263771742
frozenset({'state=Georgia'}),frozenset({'party=republican'}),0.03570797242354605,0.4986742089446703,0.02333392257380237,0.6534653465346535,1.3104053404276976,1.0,0.005527277672472443,1.44668299704538,0.2456489736966365,0.04565894154271879,0.30876356323925774,0.3501286321471566
frozenset({'subject=immigration'}),frozenset({'party=republican'}),0.05639031288668906,0.4986742089446703,0.03676860526780979,0.6520376175548589,1.307542290857085,1.0,0.008648210596897677,1.4407470932130644,0.2492623641813413,0.07094133697135062,0.3059156567376011,0.36288516822443406
frozenset({'subject=climate-change'}),frozenset({'party=republican'}),0.015732720523245536,0.4986742089446703,0.010252784161216192,0.651685393258427,1.3068359693948677,1.0,0.0024072821997391455,1.4392901743201403,0.23854600178359106,0.020336605890603085,0.30521307110822343,0.33612273916732055
frozenset({'subject=crime'}),frozenset({'party=democrat'}),0.04012727594131165,0.2481880855577161,0.012904366271875552,0.32158590308370044,1.2957346536641692,1.0,0.002945254477355214,1.1081902894701199,0.23777845051590604,0.04685494223363287,0.09762789883482094,0.18679010253900122
frozenset({'subject=terrorism'}),frozenset({'party=republican'}),0.03358670673501856,0.4986742089446703,0.02156620116669613,0.6421052631578947,1.287624769118827,1.0,0.004817376754554119,1.4007632397134213,0.231139444715986,0.04222914503288336,0.28610348155296567,0.3426761693315174
frozenset({'subject=candidates-biography'}),frozenset({'label=pants-fire'}),0.07053208414353898,0.18508043132402333,0.01679335336750928,0.23809523809523808,1.2864419884477192,1.0,0.0037392448120407793,1.0695819338872194,0.23955876759224037,0.07031828275351591,0.06505526288606547,0.1644153363351071
frozenset({'subject=economy'}),"frozenset({'party=republican', 'label=barely-true'})",0.09386600671734134,0.18755524129397208,0.022626834010959874,0.24105461393596989,1.2852459481958356,1.0,0.005021772471787315,1.0704917292131535,0.2449293430550137,0.08743169398907105,0.06584985879803777,0.18084775937137798
"frozenset({'label=false', 'subject=federal-budget'})",frozenset({'party=republican'}),0.03234930175004419,0.4986742089446703,0.020682340463143007,0.639344262295082,1.2820880864244166,1.0,0.004550578003027283,1.3900396933806871,0.22737790768481314,0.0405264980949082,0.28059608314643125,0.3404094583364811
frozenset({'state=Oregon'}),frozenset({'label=false'}),0.022096517588828,0.44316775676153436,0.012550821990454304,0.568,1.2816816912644595,1.0,0.002758357858371611,1.2889635260149666,0.22474107115578507,0.027723545490042953,0.2241828571428571,0.29816035101715194
frozenset({'state=Texas'}),"frozenset({'party=republican', 'label=false'})",0.10040657592363443,0.22962701078310058,0.02952094749867421,0.29401408450704225,1.2803985189040323,1.0,0.006464885606363598,1.0912016405865308,0.2434357066962558,0.09823529411764707,0.08357909042137174,0.21128725780394453
frozenset({'state=Virginia'}),"frozenset({'party=republican', 'label=false'})",0.04118790878557539,0.22962701078310058,0.012020505568322432,0.2918454935622318,1.2709545474068862,1.0,0.0025626491934837483,1.0878600393184095,0.2223478440048586,0.04644808743169399,0.08076410212977173,0.17209672676571944
frozenset({'subject=immigration'}),"frozenset({'party=republican', 'label=barely-true'})",0.05639031288668906,0.18755524129397208,0.013434682694007424,0.23824451410658307,1.2702631633373613,1.0,0.002858383953901875,1.0665427079309586,0.2254762280373094,0.05828220858895705,0.062391039229969615,0.15493752566780614
"frozenset({'label=barely-true', 'subject=immigration'})",frozenset({'party=republican'}),0.02121265688527488,0.4986742089446703,0.013434682694007424,0.6333333333333333,1.2700342668084603,1.0,0.0028564778021282593,1.3672521574236263,0.2172276455994601,0.026527050610820245,0.2686060178655383,0.3301370672338414
"frozenset({'party=republican', 'state=Florida'})",frozenset({'label=barely-true'}),0.055506452183135935,0.3717518119144423,0.026162276825172352,0.4713375796178344,1.267882400331949,1.0,0.005527652653149216,1.1883730786678621,0.22370011786070174,0.06522697223446453,0.15851341809175273,0.27085661672284966
"frozenset({'state=Florida', 'label=barely-true'})",frozenset({'party=republican'}),0.04154145306699664,0.4986742089446703,0.026162276825172352,0.6297872340425531,1.262923212682993,1.0,0.005446625578575653,1.3541558723908327,0.2172094170895351,0.05089408528198074,0.2615325750982803,0.34112544970472214
frozenset({'subject=deficit'}),frozenset({'party=republican'}),0.018030758352483647,0.4986742089446703,0.011313417005479937,0.627450980392157,1.2582382829062149,1.0,0.002321942847382647,1.3456639654643063,0.20900652565256536,0.022385449457852397,0.2568724245692638,0.32506898541054147
frozenset({'subject=jobs'}),frozenset({'party=democrat'}),0.06346119851511402,0.2481880855577161,0.01979847975958989,0.31197771587743733,1.2570213238736916,1.0,0.004048166392925566,1.0927144829343316,0.21832362616620835,0.06783767413688674,0.08484785768132214,0.19587489782475856
frozenset({'subject=message-machine-2012'}),frozenset({'label=barely-true'}),0.028813858935831712,0.3717518119144423,0.013434682694007424,0.46625766871165647,1.2542176090831387,1.0,0.0027230784263648413,1.177062697217769,0.2087037533768896,0.034703196347031964,0.1504275835401915,0.2511982589873071
"frozenset({'party=democrat', 'subject=taxes'})",frozenset({'label=barely-true'}),0.02439455541806611,0.3717518119144423,0.011313417005479937,0.46376811594202905,1.2475207949995522,1.0,0.002244696827966585,1.17159797237577,0.2033713082080088,0.02939825447864033,0.14646489360834505,0.24710041555541776
frozenset({'state=Florida'}),frozenset({'label=barely-true'}),0.08997701962170762,0.3717518119144423,0.04154145306699664,0.46168958742632615,1.241929622477759,1.0,0.00809233299196551,1.1670741888158718,0.21406206087057156,0.09886411442995373,0.14315644233841504,0.2867173567183937
frozenset({'subject=taxes'}),"frozenset({'party=republican', 'label=barely-true'})",0.09492663956160509,0.18755524129397208,0.022096517588828,0.23277467411545624,1.241099275656113,1.0,0.00429252880062524,1.0589389209347986,0.21463749999999987,0.08486082824168363,0.05565847072914184,0.17529402885791662
"frozenset({'party=republican', 'state=Virginia'})",frozenset({'label=false'}),0.021919745448117377,0.44316775676153436,0.012020505568322432,0.5483870967741935,1.237425531093583,1.0,0.0023063811492963996,1.2329856814566023,0.19617057016191614,0.026531408505657432,0.18896057347670248,0.28775557471338314
frozenset({'state=Florida'}),frozenset({'party=republican'}),0.08997701962170762,0.4986742089446703,0.055506452183135935,0.6168958742632612,1.2370719463691133,1.0,0.010637233100081807,1.3085888597290398,0.21058762539654252,0.10411140583554376,0.23581803974163212,0.3641019605275895
frozenset({'subject=federal-budget'}),frozenset({'party=republican'}),0.06805727417359024,0.4986742089446703,0.04189499734841789,0.6155844155844156,1.2344420556402123,1.0,0.007956589986972233,1.304124524029067,0.203786583687085,0.07982485685415965,0.23320205887201656,0.34979858850826595
"frozenset({'label=false', 'subject=foreign-policy'})",frozenset({'party=republican'}),0.021035884744564255,0.4986742089446703,0.012904366271875552,0.6134453781512605,1.2301526069484867,1.0,0.002414313087428715,1.296908024686614,0.19111295804330738,0.02546215556330659,0.2289352976733713,0.3196613633046271
"frozenset({'label=false', 'state=Florida'})",frozenset({'party=republican'}),0.038359554534205406,0.4986742089446703,0.023510694714512993,0.6129032258064516,1.2290654194920585,1.0,0.00438177420169817,1.295091626892935,0.19380804953560377,0.045783132530120486,0.22785386050320766,0.33002481389578164
"frozenset({'party=republican', 'subject=elections'})",frozenset({'label=false'}),0.029874491780095457,0.44316775676153436,0.01626303694537741,0.5443786982248521,1.22838065251615,1.0,0.003023625438801608,1.222138300094814,0.1916454081632654,0.035603715170278646,0.18176199868507567,0.29053797296563705
frozenset({'state=Wisconsin'}),frozenset({'party=democrat'}),0.08007777974191267,0.2481880855577161,0.02439455541806611,0.304635761589404,1.2274391049225486,1.0,0.004520204568208345,1.081177134102713,0.2014253250008355,0.08027923211169284,0.07508217806519123,0.20146317994000112
"frozenset({'label=false', 'state=Florida'})",frozenset({'party=democrat'}),0.038359554534205406,0.2481880855577161,0.011666961286901185,0.3041474654377881,1.2254716609555323,1.0,0.002146576884209937,1.0804184465826199,0.1913268716577541,0.04244372990353698,0.07443268562933629,0.17557800622316755
"frozenset({'subject=federal-budget', 'label=barely-true'})",frozenset({'party=republican'}),0.028106770372989216,0.4986742089446703,0.01714689764893053,0.610062893081761,1.2233696512454881,1.0,0.0031307761671906364,1.2856580770612487,0.18786587812625408,0.03364550815123135,0.22218821797021227,0.32222393147530093
"frozenset({'party=democrat', 'state=Florida'})",frozenset({'label=barely-true'}),0.0265158211065936,0.3717518119144423,0.012020505568322432,0.4533333333333333,1.219451577112062,1.0,0.002163201027547048,1.1492344904004106,0.18486097907476035,0.031121281464530887,0.12985556180829108,0.24283404660009508
"frozenset({'party=republican', 'subject=jobs'})",frozenset({'label=barely-true'}),0.0309351246243592,0.3717518119144423,0.013964999116139297,0.45142857142857146,1.2143278309897425,1.0,0.0024648104852346836,1.1452440928642982,0.1821334724922532,0.035925420645748066,0.1268236996543131,0.24449697710753346
frozenset({'subject=elections'}),frozenset({'label=pants-fire'}),0.05904189499734842,0.18508043132402333,0.0132579105532968,0.2245508982035928,1.2132611567695555,1.0,0.0023304111609998603,1.0509001387558927,0.18680443359008084,0.05742725880551302,0.048434800680634396,0.1480920680129712
frozenset({'subject=education'}),frozenset({'party=democrat'}),0.062047021389429025,0.2481880855577161,0.01856107477461552,0.29914529914529914,1.205316921128887,1.0,0.0031617433214144695,1.0727072437774052,0.1816111141026332,0.06363636363636363,0.06777920462378492,0.18696581196581197
frozenset({'subject=immigration'}),"frozenset({'party=republican', 'label=false'})",0.05639031288668906,0.22962701078310058,0.015555948382534912,0.27586206896551724,1.2013485174271987,1.0,0.002607209397240748,1.0638484136804802,0.17761802173098537,0.05751633986928104,0.06001645803991075,0.1718032438745985
frozenset({'subject=elections'}),"frozenset({'party=republican', 'label=false'})",0.05904189499734842,0.22962701078310058,0.01626303694537741,0.2754491017964072,1.1995500915029065,1.0,0.002705423086166593,1.0632420594977041,0.17679226327095718,0.05970149253731343,0.059480396710021914,0.17313640617149073
frozenset({'subject=education'}),frozenset({'label=barely-true'}),0.062047021389429025,0.3717518119144423,0.027576453950857345,0.4444444444444445,1.1955407618745708,1.0,0.004510361325442948,1.1308467385540037,0.1743780625706747,0.06788511749347258,0.11570687175639346,0.2593120938342051
frozenset({'state=Virginia'}),frozenset({'label=false'}),0.04118790878557539,0.44316775676153436,0.02174297330740675,0.5278969957081545,1.1911899899166456,1.0,0.0034898201652046115,1.1794719334051136,0.16739813415833274,0.04700038211692778,0.15216295387969214,0.28847981017956587
frozenset({'state=Florida'}),frozenset({'party=democrat'}),0.08997701962170762,0.2481880855577161,0.0265158211065936,0.29469548133595286,1.187387705069434,1.0,0.00418459686249293,1.0659394552956059,0.17341880341880342,0.08508224617129892,0.06186041333587711,0.20076654408677985
frozenset({'subject=foreign-policy'}),"frozenset({'party=republican', 'label=barely-true'})",0.05161746508750221,0.18755524129397208,0.011490189146190561,0.22260273972602743,1.186864937445935,1.0,0.0018090630267209046,1.0450831257363884,0.16601333428919637,0.050465838509316775,0.043138315628837486,0.14193284959911173
frozenset({'state=Wisconsin'}),"frozenset({'party=republican', 'label=false'})",0.08007777974191267,0.22962701078310058,0.02174297330740675,0.271523178807947,1.1824531351166716,1.0,0.003354952115123818,1.057512012470471,0.16773213850508992,0.07550644567219153,0.054384264001045506,0.18310570025847697
"frozenset({'subject=economy', 'subject=jobs'})",frozenset({'label=barely-true'}),0.030581580342937953,0.3717518119144423,0.013434682694007424,0.4393063583815029,1.1817194813904717,1.0,0.0020659247903131485,1.1204838818433143,0.1586265307689354,0.034545454545454546,0.10752843820038319,0.2377226038222303
frozenset({'subject=foreign-policy'}),frozenset({'party=republican'}),0.05161746508750221,0.4986742089446703,0.03040480820222733,0.589041095890411,1.1812142784303634,1.0,0.004664509631988029,1.2198927582346357,0.16176336721645468,0.05848350901054064,0.18025581080819994,0.3250061913340747
frozenset({'subject=legal-issues'}),frozenset({'party=democrat'}),0.035000883860703554,0.2481880855577161,0.010252784161216192,0.29292929292929293,1.180271374715819,1.0,0.0015659818030002142,1.063276850425516,0.15827706223825255,0.03756476683937823,0.05951117096191162,0.1671199171199171
"frozenset({'party=republican', 'subject=education'})",frozenset({'label=barely-true'}),0.027929998232278593,0.3717518119144423,0.012197277709033056,0.43670886075949367,1.174732299247007,1.0,0.0018142502594163182,1.1153170080620014,0.15301596337674034,0.03147810218978102,0.10339392946439382,0.23475956590043157
frozenset({'subject=jobs'}),"frozenset({'party=republican', 'label=barely-true'})",0.06346119851511402,0.18755524129397208,0.013964999116139297,0.2200557103064067,1.1732847815300118,1.0,0.002062518715832424,1.0416702441980858,0.15769982462930834,0.058911260253542125,0.04000329704163242,0.1472568843709225
frozenset({'state=Illinois'}),frozenset({'label=barely-true'}),0.03447056743857168,0.3717518119144423,0.015025631960403041,0.43589743589743596,1.172549593376983,1.0,0.0022111360573950443,1.1137126970607614,0.15241131238288078,0.038409399005874374,0.10210236209110726,0.2381579428655035
"frozenset({'subject=economy', 'label=barely-true'})",frozenset({'party=republican'}),0.03871309881562666,0.4986742089446703,0.022626834010959874,0.5844748858447488,1.1720575785975698,1.0,0.003321610083280399,1.2064873433089802,0.15271153227289458,0.04395604395604396,0.17114754203940205,0.3149244333513003
"frozenset({'party=democrat', 'state=Illinois'})",frozenset({'label=barely-true'}),0.03217252960933357,0.3717518119144423,0.013964999116139297,0.4340659340659341,1.167622914413214,1.0,0.002004802939998499,1.1101084488502089,0.1483313103288828,0.035811423390752495,0.0991871100199744,0.23581565842621477
"frozenset({'state=Florida', 'label=barely-true'})",frozenset({'party=democrat'}),0.04154145306699664,0.2481880855577161,0.012020505568322432,0.28936170212765955,1.1658968297266168,1.0,0.0017104118603388212,1.057938921520579,0.14845835051099002,0.04328453214513049,0.05476584738682579,0.16889737528035398
frozenset({'subject=job-accomplishments'}),frozenset({'label=false'}),0.027753226091567967,0.44316775676153436,0.014318543397560545,0.5159235668789809,1.1641721650715577,1.0,0.002019208447664683,1.1502981866899882,0.14504601571268247,0.0313588850174216,0.1306601961379032,0.274116550092861
"frozenset({'party=republican', 'subject=economy'})",frozenset({'label=barely-true'}),0.052324553650344705,0.3717518119144423,0.022626834010959874,0.43243243243243246,1.1632288493914742,1.0,0.0031750863838297845,1.1069134742459827,0.1480717216937139,0.05636283575517394,0.09658702033491007,0.2466489313850227
frozenset({'subject=elections'}),frozenset({'label=false'}),0.05904189499734842,0.44316775676153436,0.03040480820222733,0.5149700598802396,1.1620205938342703,1.0,0.004239344041302374,1.1480368471706637,0.1481788115636838,0.06444361183964033,0.12894781864841762,0.29178897888307953
"frozenset({'party=democrat', 'subject=economy'})",frozenset({'label=barely-true'}),0.02333392257380237,0.3717518119144423,0.010076012020505568,0.43181818181818177,1.1615765356849521,1.0,0.0014015840246232297,1.1057168110305815,0.14242438675875194,0.026170798898071626,0.09560930065994773,0.2294611593827
"frozenset({'party=democrat', 'subject=health-care'})",frozenset({'label=barely-true'}),0.030758352483648575,0.3717518119144423,0.0132579105532968,0.4310344827586207,1.1594684113007692,1.0,0.0018234372859973567,1.1041937851200714,0.1419004194783878,0.03405994550408719,0.09436186521258227,0.2333489104235329
frozenset({'state=New Jersey'}),frozenset({'label=false'}),0.019975251900300514,0.44316775676153436,0.010252784161216192,0.5132743362831858,1.158194224313515,1.0,0.0014003965858134376,1.1440371542899381,0.13937092600885706,0.022638563622170177,0.1259025143980895,0.26820477883166066
frozenset({'subject=foreign-policy'}),frozenset({'state=Unknown'}),0.05161746508750221,0.2513699840905073,0.015025631960403041,0.2910958904109589,1.1580375893493633,1.0,0.0020505505825652946,1.0560384765486563,0.14389781261992232,0.052179251074278704,0.053064805679998724,0.17543542762460745
frozenset({'state=New Jersey'}),frozenset({'party=republican'}),0.019975251900300514,0.4986742089446703,0.011490189146190561,0.5752212389380531,1.1535010807063335,1.0,0.0015290462063376805,1.1802044664427553,0.13578643578643584,0.022655977692575817,0.15268919205661724,0.2991313567962155
"frozenset({'party=republican', 'subject=taxes'})",frozenset({'label=barely-true'}),0.05161746508750221,0.3717518119144423,0.022096517588828,0.4280821917808219,1.1515268468398048,1.0,0.0029076314161185883,1.0984938378501967,0.1387496738117428,0.05506607929515419,0.08966262208894471,0.2437605442974485
"frozenset({'subject=taxes', 'label=barely-true'})",frozenset({'party=democrat'}),0.03959695951917978,0.2481880855577161,0.011313417005479937,0.28571428571428575,1.1512006512006514,1.0,0.0014859234285083261,1.0525366802191976,0.13675685624884973,0.04092071611253197,0.049914346175808734,0.16564916564916568
"frozenset({'label=false', 'subject=taxes'})",frozenset({'party=republican'}),0.040657592363443525,0.4986742089446703,0.02333392257380237,0.5739130434782609,1.1508777337669345,1.0,0.0030590298643673013,1.17658093819108,0.13665399154619715,0.04522096608427544,0.15007972036548728,0.3103524806189603
frozenset({'subject=message-machine'}),frozenset({'party=republican'}),0.02156620116669613,0.4986742089446703,0.01237404984974368,0.5737704918032787,1.1505918724321686,1.0,0.0016195415429998625,1.1761874328605813,0.13376693766937672,0.024364775495997214,0.14979537099123677,0.2992921937924582
"frozenset({'party=democrat', 'subject=jobs'})",frozenset({'label=false'}),0.01979847975958989,0.44316775676153436,0.010076012020505568,0.5089285714285714,1.1483880847911563,1.0,0.001301964158159476,1.1339129316856025,0.13182415009570828,0.02224824355971897,0.11809807256235827,0.26583245484073165
"frozenset({'subject=economy', 'subject=jobs'})",frozenset({'party=republican'}),0.030581580342937953,0.4986742089446703,0.017500441930351777,0.5722543352601156,1.1475514975421743,1.0,0.0022501965445593138,1.1720184034131356,0.1326356195065167,0.034196891191709856,0.14677107706857337,0.30367413678993016
"frozenset({'label=false', 'state=Wisconsin'})",frozenset({'party=democrat'}),0.038536326674916035,0.2481880855577161,0.010959872724058689,0.28440366972477066,1.1459199142685381,1.0,0.0013956155821845308,1.0506089573616533,0.1324425149309942,0.03974358974358975,0.04817106974677349,0.1642816069421574
"frozenset({'subject=state-budget', 'state=Wisconsin'})",frozenset({'party=republican'}),0.019268163337458018,0.4986742089446703,0.010959872724058689,0.5688073394495413,1.140639177336425,1.0,0.0013513366139351127,1.1626491750006582,0.12572098053352554,0.021617852161785217,0.13989531708958228,0.29539268071378166
"frozenset({'state=Wisconsin', 'label=barely-true'})",frozenset({'party=republican'}),0.02863708679512109,0.4986742089446703,0.01626303694537741,0.5679012345679013,1.138822149574838,1.0,0.0019824603413405376,1.1602111164423348,0.12549353166910643,0.03182289865098582,0.13808789984154368,0.3002568916547412
frozenset({'state=Florida'}),"frozenset({'party=republican', 'label=false'})",0.08997701962170762,0.22962701078310058,0.023510694714512993,0.26129666011787817,1.137917787749682,1.0,0.0028495406596078833,1.0428719455090474,0.13318552792236998,0.07940298507462686,0.04110950121313373,0.18184155561706072
frozenset({'state=Illinois'}),frozenset({'label=false'}),0.03447056743857168,0.44316775676153436,0.01732366978964115,0.5025641025641026,1.1340267763083878,1.0,0.00204742574359215,1.1194050250670184,0.12240601110455165,0.03763440860215054,0.1066682946682947,0.27082732451699343
"frozenset({'subject=foreign-policy', 'label=barely-true'})",frozenset({'party=republican'}),0.020328796181721762,0.4986742089446703,0.011490189146190561,0.5652173913043478,1.1334401923462232,1.0,0.0013527427914730265,1.1530493194272582,0.12017322266329841,0.02264019505398816,0.1327344085362114,0.29412943297936284
"frozenset({'label=false', 'state=Wisconsin'})",frozenset({'party=republican'}),0.038536326674916035,0.4986742089446703,0.02174297330740675,0.5642201834862385,1.1314404742933892,1.0,0.0025259010871595995,1.1504107626322302,0.12082714870171303,0.04218106995884773,0.1307452672713862,0.30391087160841523
"frozenset({'party=democrat', 'state=Illinois'})",frozenset({'label=false'}),0.03217252960933357,0.44316775676153436,0.016086264804666784,0.5,1.1282409254088552,1.0,0.0018284370283543835,1.1136644864769312,0.11744292237442928,0.03502694380292533,0.1020634920634921,0.26814918228958917
frozenset({'subject=environment'}),frozenset({'state=Unknown'}),0.03553120028283543,0.2513699840905073,0.010076012020505568,0.2835820895522388,1.1281461888867896,1.0,0.0011445347706925974,1.0449627305403335,0.1177747337552091,0.03639846743295019,0.04302807097922431,0.1618332388689464
"frozenset({'subject=health-care', 'label=barely-true'})",frozenset({'party=republican'}),0.05073360438394909,0.4986742089446703,0.028460314654410464,0.5609756097560975,1.1249340745800227,1.0,0.003160774621332796,1.1419087462926953,0.11699457533802937,0.05463182897862232,0.12427328081461343,0.3090237850269321
frozenset({'subject=jobs'}),frozenset({'label=barely-true'}),0.06346119851511402,0.3717518119144423,0.0265158211065936,0.4178272980501393,1.1239415240464279,1.0,0.002924005572337851,1.0791440168550968,0.11774631936579844,0.06487889273356402,0.07333962438650478,0.24457698711351472
"frozenset({'party=republican', 'state=Wisconsin'})",frozenset({'label=false'}),0.04366271875552413,0.44316775676153436,0.02174297330740675,0.4979757085020242,1.1236731483829083,1.0,0.00239306418241135,1.1091739038701691,0.11508648543047355,0.046750285062713795,0.09842812158601623,0.2735191665765007
"frozenset({'label=false', 'subject=candidates-biography'})",frozenset({'party=republican'}),0.029344175357963586,0.4986742089446703,0.016439809086088032,0.5602409638554217,1.1234608764729246,1.0,0.0018066256523218537,1.1400011139066402,0.11321556486371638,0.03213545266067726,0.12280787465801145,0.2966039984112273
frozenset({'party=democrat'}),frozenset({'label=barely-true'}),0.2481880855577161,0.3717518119144423,0.10358847445642566,0.41737891737891736,1.1227353949655423,1.0,0.011324103954768072,1.0783135159805903,0.14540629421191534,0.20061622731941117,0.07262592448298691,0.3480142328216508
frozenset({'label=barely-true'}),frozenset({'party=democrat'}),0.3717518119144423,0.2481880855577161,0.10358847445642566,0.2786495482643842,1.1227353949655423,1.0,0.011324103954768072,1.0422283823810963,0.17400477469985257,0.20061622731941117,0.040517398196948384,0.3480142328216508
frozenset({'subject=taxes'}),frozenset({'label=barely-true'}),0.09492663956160509,0.3717518119144423,0.03959695951917978,0.4171322160148976,1.122071776507977,1.0,0.004307809263203906,1.077857115022187,0.12020176478794643,0.09271523178807947,0.0722332431053111,0.2618233595528601
"frozenset({'subject=taxes', 'label=barely-true'})",frozenset({'party=republican'}),0.03959695951917978,0.4986742089446703,0.022096517588828,0.5580357142857143,1.1190386514407253,1.0,0.002350535123986891,1.1343129009736754,0.11076164181851643,0.042808219178082196,0.11840903939149716,0.3011731212336051
frozenset({'state=Georgia'}),frozenset({'label=barely-true'}),0.03570797242354605,0.3717518119144423,0.014848859819692417,0.4158415841584158,1.118600019773732,1.0,0.001574356371448234,1.07547571180748,0.10995155165640959,0.03782080144079244,0.0701789087181087,0.22789226140873717
frozenset({'subject=immigration'}),frozenset({'label=pants-fire'}),0.05639031288668906,0.18508043132402333,0.011666961286901185,0.20689655172413793,1.1178737278925008,1.0,0.0012302178553361427,1.0275072822436229,0.11174597227426006,0.050769230769230775,0.026770887874934556,0.13496690050390278
frozenset({'subject=economy'}),frozenset({'party=republican'}),0.09386600671734134,0.4986742089446703,0.052324553650344705,0.5574387947269304,1.1178416383446457,1.0,0.005515997003779402,1.1327829576611919,0.11633919815250295,0.0968586387434555,0.11721835746482553,0.33118306273035636
frozenset({'subject=health-care'}),"frozenset({'party=republican', 'label=barely-true'})",0.13576100406575925,0.18755524129397208,0.028460314654410464,0.20963541666666663,1.1177262507854222,1.0,0.0029976267785450615,1.0279366963529315,0.12187201843662195,0.09652278177458032,0.027177448233971512,0.18068952737197608
"frozenset({'state=New York', 'label=barely-true'})",frozenset({'party=republican'}),0.02386423899593424,0.4986742089446703,0.0132579105532968,0.5555555555555556,1.114065146323211,1.0,0.00135743004993274,1.127983029874492,0.10488953277797905,0.026032627559875045,0.11346183983701624,0.2910709362322266
"frozenset({'party=republican', 'subject=federal-budget'})",frozenset({'label=false'}),0.04189499734841789,0.44316775676153436,0.020682340463143007,0.49367088607594933,1.1139593947074773,1.0,0.0021158284687142204,1.0997436803959695,0.10677452928375432,0.04453749524172059,0.09069720715290334,0.27017010598173213
frozenset({'state=Texas'}),frozenset({'label=barely-true'}),0.10040657592363443,0.3717518119144423,0.04154145306699664,0.41373239436619724,1.112926369438696,1.0,0.004215126539260525,1.0716065190168074,0.11279313329124564,0.0964696223316913,0.06682165304715187,0.26273876018832926
"frozenset({'state=Unknown', 'party=republican'})",frozenset({'label=barely-true'}),0.05939543927876967,0.3717518119144423,0.024571327558776737,0.41369047619047616,1.1128136109412856,1.0,0.0024909653874398766,1.0715299045520172,0.10777846431743902,0.06043478260869565,0.06675493072862229,0.23989326472386385
"frozenset({'party=republican', 'state=New York'})",frozenset({'label=false'}),0.050203287961817215,0.44316775676153436,0.02474809969948736,0.49295774647887325,1.1123502081495755,1.0,0.0024996211913954833,1.0981969241647516,0.10634122995932052,0.05281026027913995,0.08941649899396385,0.27440069214649687
frozenset({'subject=transportation'}),frozenset({'label=barely-true'}),0.0265158211065936,0.3717518119144423,0.010959872724058689,0.41333333333333333,1.1118529085433508,1.0,0.0011025681832833052,1.070877593327655,0.10334061634166486,0.028297581013235963,0.06618645657475145,0.2214075130765573
frozenset({'subject=federal-budget'}),frozenset({'label=barely-true'}),0.06805727417359024,0.3717518119144423,0.028106770372989216,0.41298701298701296,1.1109213183392925,1.0,0.0028063553849990673,1.0702458071369014,0.10713774443840011,0.0682696436238729,0.06563520891039175,0.24429664486725827
frozenset({'subject=economy'}),frozenset({'label=barely-true'}),0.09386600671734134,0.3717518119144423,0.03871309881562666,0.4124293785310735,1.1094213002141144,1.0,0.0038182407412818004,1.0692300893379205,0.10884611889961997,0.0906832298136646,0.06474760673896529,0.25828316287466657
"frozenset({'state=Virginia', 'label=false'})",frozenset({'party=republican'}),0.02174297330740675,0.4986742089446703,0.012020505568322432,0.5528455284552846,1.108630682194805,1.0,0.0011778455541462882,1.1211467690873738,0.1001642254299624,0.023643949930458975,0.10805611934821753,0.28847522789300917
frozenset({'subject=health-care'}),frozenset({'party=republican'}),0.13576100406575925,0.4986742089446703,0.07495138766130457,0.5520833333333333,1.1071022391586907,1.0,0.00725087635327791,1.1192389753793406,0.11193785046909299,0.13396524486571879,0.10653576046074273,0.3511923224624837
frozenset({'subject=legal-issues'}),frozenset({'label=false'}),0.035000883860703554,0.44316775676153436,0.01714689764893053,0.4898989898989899,1.1054481794409996,1.0,0.0016356344637115418,1.0916117243684769,0.09884934176608003,0.03719325153374233,0.08392336059002728,0.26429532662081523
"frozenset({'label=false', 'subject=health-care'})",frozenset({'party=republican'}),0.05851157857521654,0.4986742089446703,0.03217252960933357,0.5498489425981873,1.1026215768443621,1.0,0.0029943144492335406,1.113683468720229,0.09885467517837035,0.06127946127946129,0.10207879699504428,0.3071825358152227
"frozenset({'party=republican', 'subject=federal-budget'})",frozenset({'label=barely-true'}),0.04189499734841789,0.3717518119144423,0.01714689764893053,0.4092827004219409,1.1009568408401902,1.0,0.0015723564745054232,1.063534432687694,0.09570890554266367,0.0432456531431119,0.05973895224730439,0.2277036421748316
frozenset({'subject=state-budget'}),"frozenset({'party=republican', 'label=barely-true'})",0.06593600848506276,0.18755524129397208,0.013611454834718048,0.2064343163538874,1.100658744216721,1.0,0.001244810853340713,1.0237901858018528,0.09790890411632268,0.056742815033161385,0.0232373645809271,0.1395036803258598
frozenset({'state=Wisconsin'}),frozenset({'party=republican'}),0.08007777974191267,0.4986742089446703,0.04366271875552413,0.5452538631346578,1.0934069846695356,1.0,0.003729995288680288,1.1024300162527396,0.09286378898822785,0.08159894284770401,0.09291294208489406,0.3164057334106469
"frozenset({'label=false', 'subject=economy'})",frozenset({'party=republican'}),0.04224854162983914,0.4986742089446703,0.022980378292381122,0.5439330543933054,1.090758344098876,1.0,0.001912120216055118,1.0992372849745302,0.0868770764119602,0.04436860068259386,0.09027831054405108,0.2950080018510306
frozenset({'subject=taxes'}),frozenset({'party=republican'}),0.09492663956160509,0.4986742089446703,0.05161746508750221,0.5437616387337058,1.0904146013174667,1.0,0.004279998196342949,1.0988242848845389,0.09161427119006858,0.09523809523809525,0.08993638586621071,0.3236355162828401
frozenset({'subject=corrections-and-updates'}),frozenset({'party=republican'}),0.020505568322432385,0.4986742089446703,0.011136644864769313,0.5431034482758621,1.0890947206297596,1.0,0.000911046802619454,1.0972413540078916,0.08351881930658336,0.021920668058455117,0.08862348621176024,0.282717977239668
frozenset({'subject=foreign-policy'}),"frozenset({'party=republican', 'label=false'})",0.05161746508750221,0.22962701078310058,0.012904366271875552,0.25,1.0887220939183988,1.0,0.0010516020596313645,1.0271639856225325,0.08592730661696178,0.04808959156785244,0.02644561725562185,0.15309853733641263
frozenset({'subject=foreign-policy'}),frozenset({'party=unknown'}),0.05161746508750221,0.2047021389429026,0.011490189146190561,0.22260273972602743,1.0874470627203257,1.0,0.0009239836359682604,1.023026323474328,0.08479174134346561,0.04693140794223827,0.022508045928014486,0.13936700026025034
frozenset({'state=Wisconsin'}),frozenset({'label=false'}),0.08007777974191267,0.44316775676153436,0.038536326674916035,0.4812362030905078,1.0859007582301567,1.0,0.0030484366602483576,1.07338300505117,0.08599154496541139,0.07950401167031364,0.06836609551841358,0.2840963624148191
"frozenset({'party=republican', 'subject=state-budget'})",frozenset({'label=barely-true'}),0.03376347887572918,0.3717518119144423,0.013611454834718048,0.40314136125654454,1.084436842904552,1.0,0.0010598203861307276,1.052591262494224,0.08058315632410037,0.03473161930536761,0.04996361300739236,0.21987786084700742
"frozenset({'subject=health-care', 'label=pants-fire'})",frozenset({'party=republican'}),0.0265158211065936,0.4986742089446703,0.014318543397560545,0.54,1.082871322226161,1.0,0.0010957872827115894,1.0898386762072385,0.0786137508490878,0.02802768166089966,0.08243300423131182,0.2843566111308047
frozenset({'state=Wisconsin'}),"frozenset({'party=republican', 'label=barely-true'})",0.08007777974191267,0.18755524129397208,0.01626303694537741,0.20309050772626933,1.082830350808205,1.0,0.0012440296435974295,1.0194943925036861,0.08315300939076971,0.06469760900140646,0.01912162798248597,0.1449005790280734
frozenset({'subject=energy'}),frozenset({'party=republican'}),0.04030404808202227,0.4986742089446703,0.02174297330740675,0.5394736842105263,1.081815892087539,1.0,0.0016443840128363384,1.088593146291573,0.07880443328286663,0.04203691045796309,0.08138315641006613,0.29153762197055916
frozenset({'subject=history'}),frozenset({'state=Unknown'}),0.042955630192681636,0.2513699840905073,0.011666961286901185,0.2716049382716049,1.0804986890312722,1.0,0.0008692052087690867,1.0277801913333713,0.0778453168552911,0.04127579737335836,0.02702931187779673,0.15900922019065478
"frozenset({'party=democrat', 'subject=health-care'})",frozenset({'label=false'}),0.030758352483648575,0.44316775676153436,0.014672087678981793,0.4770114942528736,1.076367779413046,1.0,0.0010409776071226857,1.064712201357066,0.07320106616507999,0.0319476520400308,0.06077905491698605,0.2550593969070511
frozenset({'party=non-party-role'}),frozenset({'label=barely-true'}),0.035000883860703554,0.3717518119144423,0.013964999116139297,0.398989898989899,1.0732695475919443,1.0,0.0009533571223157913,1.0453205146297515,0.07074370276932071,0.03555355535553555,0.043355615809189264,0.21827764088819723
"frozenset({'label=false', 'subject=elections'})",frozenset({'party=republican'}),0.03040480820222733,0.4986742089446703,0.01626303694537741,0.5348837209302326,1.0726115594832777,1.0,0.001100943267017273,1.077850450768959,0.06981887360786343,0.03171320234401931,0.07222750680617986,0.28374813483590683
frozenset({'subject=federal-budget'}),frozenset({'label=false'}),0.06805727417359024,0.44316775676153436,0.03234930175004419,0.4753246753246753,1.0725615031159508,1.0,0.0021885122232294975,1.0612891764693528,0.07259301641002681,0.06755260243632336,0.05774974232117092,0.2741601438051378
frozenset({'subject=taxes'}),"frozenset({'party=republican', 'label=false'})",0.09492663956160509,0.22962701078310058,0.02333392257380237,0.2458100558659218,1.0704753549141799,1.0,0.0015362020875861783,1.0214575190357407,0.07274058948863656,0.07746478873239436,0.021006765955373954,0.17371334202072072
frozenset({'state=Rhode Island'}),frozenset({'label=false'}),0.03429379529786106,0.44316775676153436,0.01626303694537741,0.4742268041237114,1.0700841766764402,1.0,0.0010651326123850696,1.0590730900810033,0.06781987918725985,0.03526255270218474,0.05577810505645568,0.2554620259150667
frozenset({'state=New York'}),frozenset({'label=false'}),0.07194626126922397,0.44316775676153436,0.034117023157150435,0.4742014742014742,1.0700270201666293,1.0,0.002232759943089184,1.0590220700843713,0.07051764125339259,0.07092980521866962,0.055732615732615745,0.2755929588797558
"frozenset({'party=republican', 'state=Texas'})",frozenset({'label=barely-true'}),0.07159271698780273,0.3717518119144423,0.028460314654410464,0.3975308641975308,1.0693447925655881,1.0,0.0018455923943169264,1.042789000715782,0.06984857587526536,0.0685982104814657,0.04103322981582211,0.23704408164702978
frozenset({'subject=state-budget'}),frozenset({'label=barely-true'}),0.06593600848506276,0.3717518119144423,0.026162276825172352,0.3967828418230563,1.0673326372767615,1.0,0.0016504462004442305,1.0414958851373912,0.0675381570063628,0.06357388316151202,0.039842581933885596,0.23357924782546063
frozenset({'state=Virginia'}),frozenset({'party=republican'}),0.04118790878557539,0.4986742089446703,0.021919745448117377,0.5321888412017167,1.0672074706409471,1.0,0.0013803976163853336,1.0716413698705671,0.06568030973451341,0.042320819112627986,0.0668520009443271,0.2880724425788803
frozenset({'subject=economy'}),"frozenset({'party=republican', 'label=false'})",0.09386600671734134,0.22962701078310058,0.022980378292381122,0.24482109227871943,1.066168528884308,1.0,0.0014262077557315907,1.0201198435764929,0.06849095110897702,0.07647058823529414,0.019723019509113315,0.1724490372863959
frozenset({'subject=state-finances'}),frozenset({'label=false'}),0.02174297330740675,0.44316775676153436,0.010252784161216192,0.4715447154471545,1.0640320922555058,1.0,0.0006169994552468229,1.0536979372050965,0.06151626933190445,0.02255054432348367,0.050961414376048585,0.24733996841364506
"frozenset({'party=democrat', 'subject=economy'})",frozenset({'label=false'}),0.02333392257380237,0.44316775676153436,0.010959872724058689,0.46969696969696967,1.0598626875052881,1.0,0.0006190306005793636,1.0500265158211066,0.05783097358049916,0.02405898331393093,0.04764309764309763,0.24721386179304009
"frozenset({'party=republican', 'state=Georgia'})",frozenset({'label=false'}),0.02333392257380237,0.44316775676153436,0.010959872724058689,0.46969696969696967,1.0598626875052881,1.0,0.0006190306005793636,1.0500265158211066,0.05783097358049916,0.02405898331393093,0.04764309764309763,0.24721386179304009
frozenset({'subject=foreign-policy'}),frozenset({'label=barely-true'}),0.05161746508750221,0.3717518119144423,0.020328796181721762,0.3938356164383562,1.0594046990926205,1.0,0.0011399100090123508,1.036432039101598,0.05912557234896079,0.05043859649122808,0.03515140185474983,0.22425970075365265
"frozenset({'label=barely-true', 'subject=jobs'})",frozenset({'party=republican'}),0.0265158211065936,0.4986742089446703,0.013964999116139297,0.5266666666666667,1.056133758714404,1.0,0.0007422430012903412,1.0591389951873165,0.05459794553767022,0.02731673582295989,0.05583685942642236,0.27733546023868605
"frozenset({'subject=state-budget', 'label=false'})",frozenset({'party=republican'}),0.029874491780095457,0.4986742089446703,0.015732720523245536,0.5266272189349113,1.0560546534969135,1.0,0.000835081967182379,1.059050733604384,0.05471385986176175,0.03067907618062737,0.055758172607472914,0.27908815750006816
"frozenset({'party=republican', 'subject=history'})",frozenset({'label=false'}),0.02156620116669613,0.44316775676153436,0.010076012020505568,0.4672131147540983,1.0542579139066353,1.0,0.0005185670275928596,1.0451312873091199,0.052599882723973465,0.022161741835147748,0.043182409575852176,0.2449747265034951
"frozenset({'subject=health-care', 'label=barely-true'})",frozenset({'party=democrat'}),0.05073360438394909,0.2481880855577161,0.0132579105532968,0.2613240418118467,1.0529274248786444,1.0,0.0006664344078019229,1.0177831105893185,0.05295344506517691,0.04641089108910891,0.017472397020836316,0.15737142261532505
frozenset({'subject=voting-record'}),frozenset({'party=republican'}),0.02156620116669613,0.4986742089446703,0.011313417005479937,0.5245901639344263,1.0519697119379827,1.0,0.0005589086987361196,1.0545128708405211,0.05049119241192425,0.02222994095171935,0.05169483687484114,0.2736385771816761
"frozenset({'party=republican', 'subject=state-budget'})",frozenset({'label=false'}),0.03376347887572918,0.44316775676153436,0.015732720523245536,0.46596858638743455,1.0514496582344306,1.0,0.0007698353294231814,1.0426956711622248,0.05064196647713963,0.03411268685320046,0.04094739466467218,0.2507345923560627
"frozenset({'subject=economy', 'label=barely-true'})",frozenset({'party=democrat'}),0.03871309881562666,0.2481880855577161,0.010076012020505568,0.2602739726027397,1.0486964836279904,1.0,0.0004678821394485007,1.0163383287830874,0.04830529800042577,0.036398467432950186,0.016075679053303215,0.15043613160051517
frozenset({'subject=federal-budget'}),frozenset({'party=democrat'}),0.06805727417359024,0.2481880855577161,0.0176772140710624,0.2597402597402597,1.0465460465460465,1.0,0.0007862094856424424,1.015605568632559,0.04772382397572076,0.05920663114268797,0.015365776945838055,0.16548266548266546
"frozenset({'label=false', 'subject=economy'})",frozenset({'party=democrat'}),0.04224854162983914,0.2481880855577161,0.010959872724058689,0.2594142259414226,1.045232390420675,1.0,0.0004742880593434414,1.0151584607441009,0.04518391502637559,0.0392156862745098,0.014932112896926336,0.15178688505048338
"frozenset({'subject=state-budget', 'label=barely-true'})",frozenset({'party=republican'}),0.026162276825172352,0.4986742089446703,0.013611454834718048,0.5202702702702703,1.0433069545972773,1.0,0.0005650021347337452,1.0450171419181522,0.04262446575025996,0.026625172890733056,0.04307789806731987,0.2737827778150359
frozenset({'subject=medicare'}),frozenset({'label=false'}),0.024924871840197985,0.44316775676153436,0.011490189146190561,0.46099290780141844,1.0402221298095828,1.0,0.0004442896052012837,1.0330703460082058,0.03965526858927889,0.025164537359659313,0.032011707756388647,0.24346015553613004
frozenset({'subject=energy'}),frozenset({'label=false'}),0.04030404808202227,0.44316775676153436,0.01856107477461552,0.46052631578947373,1.039169273402893,1.0,0.0006996201976966904,1.0321768411249606,0.03927584664368619,0.039923954372623575,0.031173767752715242,0.251204522075032
frozenset({'subject=state-budget'}),"frozenset({'party=republican', 'label=false'})",0.06593600848506276,0.22962701078310058,0.015732720523245536,0.23860589812332436,1.0391020521044234,1.0,0.0005920319918514185,1.0117926935841672,0.04028698041150294,0.056222362602653196,0.01165524682965717,0.15356006992386387
frozenset({'label=false'}),frozenset({'party=republican'}),0.44316775676153436,0.4986742089446703,0.22962701078310058,0.5181491822895892,1.039053500252466,1.0,0.008630680250258371,1.040417018357377,0.06749905299558893,0.32241250930752047,0.03884694083646195,0.4893120955758474
frozenset({'party=republican'}),frozenset({'label=false'}),0.4986742089446703,0.44316775676153436,0.22962701078310058,0.46047500886210563,1.0390535002524657,1.0,0.008630680250258371,1.0320786847409407,0.07497250244573524,0.32241250930752047,0.031081627026327514,0.4893120955758474
"frozenset({'party=republican', 'subject=candidates-biography'})",frozenset({'label=false'}),0.03570797242354605,0.44316775676153436,0.016439809086088032,0.46039603960396036,1.0388753075546884,1.0,0.0006151870486423988,1.0319276434327527,0.038806264352522546,0.03555045871559633,0.03093980826654092,0.24874608521881306
frozenset({'subject=medicare'}),frozenset({'party=republican'}),0.024924871840197985,0.4986742089446703,0.012904366271875552,0.5177304964539007,1.0382139023182262,1.0,0.00047497552391753337,1.0395137726294337,0.03774821937675705,0.025268258913118725,0.038011783652932396,0.27180392245594714
frozenset({'subject=taxes'}),frozenset({'party=democrat'}),0.09492663956160509,0.2481880855577161,0.02439455541806611,0.2569832402234637,1.0354374572251668,1.0,0.0008348944768439906,1.0118370878584122,0.03781419836956524,0.07653910149750416,0.011698610379528367,0.17763691925703098
frozenset({'subject=environment'}),frozenset({'label=false'}),0.03553120028283543,0.44316775676153436,0.01626303694537741,0.4577114427860697,1.0328175635583552,1.0,0.000516754620988439,1.0268190907424917,0.032945381231671664,0.03516819571865444,0.026118613282792476,0.24720434524624585
frozenset({'subject=health-care'}),"frozenset({'party=republican', 'label=false'})",0.13576100406575925,0.22962701078310058,0.03217252960933357,0.23697916666666663,1.032017818193482,1.0,0.0009981360648009079,1.009635589963445,0.035898035284412766,0.09655172413793103,0.009543631444087462,0.18854347093918397
"frozenset({'subject=candidates-biography', 'label=barely-true'})",frozenset({'party=republican'}),0.02439455541806611,0.4986742089446703,0.012550821990454304,0.5144927536231884,1.0317212007254082,1.0,0.00038588636479326525,1.0325814800841118,0.03151469060786179,0.02458448753462604,0.03155342286543607,0.269830566815139
frozenset({'subject=crime'}),frozenset({'label=barely-true'}),0.04012727594131165,0.3717518119144423,0.015379176241824288,0.3832599118942731,1.0309564058896352,1.0,0.0004617887034508734,1.0186595621101542,0.03128214898075811,0.03878733838609005,0.018317760716348608,0.2123146920384347
frozenset({'subject=jobs'}),frozenset({'label=false'}),0.06346119851511402,0.44316775676153436,0.028990631076542338,0.456824512534819,1.0308162215434666,1.0,0.0008666740892008425,1.0251424375518416,0.03192069717979179,0.060695780903034784,0.02452579917760988,0.26112067270139433
frozenset({'subject=history'}),frozenset({'label=false'}),0.042955630192681636,0.44316775676153436,0.019621707618879266,0.4567901234567901,1.0307386232130282,1.0,0.0005851573461105077,1.0250775386889934,0.031160454876745944,0.0420613868889731,0.024464040760337053,0.2505330752904214
frozenset({'subject=public-health'}),frozenset({'label=false'}),0.022450061870249248,0.44316775676153436,0.010252784161216192,0.4566929133858268,1.0305192704521828,1.0,0.0003036406030201763,1.0248941288592048,0.030295566502463126,0.02251552795031056,0.024289463817022953,0.2399140673829812
"frozenset({'subject=history', 'label=false'})",frozenset({'party=republican'}),0.019621707618879266,0.4986742089446703,0.010076012020505568,0.5135135135135135,1.0297575136284813,1.0,0.00029117249551733997,1.0305030149470666,0.029475961812211703,0.01982608695652174,0.02960012198376091,0.26685955718213783
frozenset({'subject=candidates-biography'}),frozenset({'party=unknown'}),0.07053208414353898,0.2047021389429026,0.014848859819692417,0.21052631578947367,1.028451958912826,1.0,0.0004107913314092028,1.0073772906723233,0.029764168885507754,0.05702647657841141,0.007323264819082593,0.14153258794655033
frozenset({'subject=military'}),frozenset({'party=republican'}),0.02863708679512109,0.4986742089446703,0.014672087678981793,0.5123456790123457,1.0274156349425168,1.0,0.0003915110749449207,1.0280351664678915,0.027470756547573468,0.028620689655172414,0.02727062982117065,0.2708839348624295
frozenset({'subject=state-budget'}),frozenset({'party=republican'}),0.06593600848506276,0.4986742089446703,0.03376347887572918,0.5120643431635388,1.026851467308096,1.0,0.0008828920034714416,1.0274424179320767,0.027995212257887942,0.0636030636030636,0.02670944614814491,0.28988541511243227
frozenset({'subject=energy'}),frozenset({'label=barely-true'}),0.04030404808202227,0.3717518119144423,0.015379176241824288,0.381578947368421,1.0264346672673124,1.0,0.00039607333984570565,1.015890687117072,0.026835449469960148,0.038770053475935824,0.015642123034090512,0.21147420977550865
frozenset({'party=non-party-role'}),frozenset({'label=false'}),0.035000883860703554,0.44316775676153436,0.01590949266395616,0.4545454545454546,1.0256735685535048,1.0,0.00039822947873717485,1.0208591126038538,0.025938816633083048,0.03441682600382409,0.02043290043290055,0.2452224679986946
frozenset({'subject=abortion'}),frozenset({'party=republican'}),0.02598550468446173,0.4986742089446703,0.0132579105532968,0.5102040816326531,1.023121052745806,1.0,0.00029960956074482313,1.023540156737965,0.023201451905626155,0.02592464569650882,0.0229987622693648,0.2683951992707753
frozenset({'subject=transportation'}),frozenset({'label=false'}),0.0265158211065936,0.44316775676153436,0.012020505568322432,0.4533333333333333,1.0229384390373621,1.0,0.0002695486098232003,1.0185955668996323,0.023034854036039713,0.02626496716879104,0.018256084656084658,0.24022869299295305
frozenset({'subject=state-budget'}),frozenset({'label=false'}),0.06593600848506276,0.44316775676153436,0.029874491780095457,0.453083109919571,1.0223738144455579,1.0,0.0006537788099606999,1.018129542784057,0.02342899632249195,0.062338620435263746,0.017806715179369322,0.2602471792118797
frozenset({'subject=history'}),"frozenset({'party=republican', 'label=false'})",0.042955630192681636,0.22962701078310058,0.010076012020505568,0.2345679012345679,1.0215170263925717,1.0,0.0002122390630557823,1.0064550342994976,0.02200921587307764,0.03838383838383838,0.006413634071581133,0.1392239044279075
"frozenset({'party=republican', 'subject=health-care'})",frozenset({'label=barely-true'}),0.07495138766130457,0.3717518119144423,0.028460314654410464,0.37971698113207547,1.0214260400685453,1.0,0.0005970004858187154,1.0128411853546635,0.02267620796355666,0.0680473372781065,0.012678379928010951,0.2281371401143021
"frozenset({'party=republican', 'state=Ohio'})",frozenset({'label=false'}),0.02421778327735549,0.44316775676153436,0.010959872724058689,0.45255474452554745,1.0211815675233435,1.0,0.00022733203529605624,1.0171468976489304,0.0212570126227209,0.02401239349341596,0.016857838025721283,0.23864274920732897
frozenset({'subject=guns'}),frozenset({'label=false'}),0.027753226091567967,0.44316775676153436,0.012550821990454304,0.45222929936305734,1.0204472064207482,1.0,0.0002514870405584419,1.0165425835865012,0.0206094750320103,0.027381411492479753,0.01627337984025888,0.24027500069868063
"frozenset({'party=republican', 'subject=taxes'})",frozenset({'label=false'}),0.05161746508750221,0.44316775676153436,0.02333392257380237,0.452054794520548,1.0200534394107459,1.0,0.0004587263612572008,1.0162188439101998,0.020729193142986442,0.049493813273340834,0.015959991302457153,0.25235368365835936
frozenset({'party=democrat'}),frozenset({'label=false'}),0.2481880855577161,0.44316775676153436,0.111896765069825,0.4508547008547009,1.0173454498344807,1.0,0.0019078079382721935,1.0139980149245211,0.02267816528728551,0.19310555216595487,0.013804775471442293,0.3516738601999871
frozenset({'label=false'}),frozenset({'party=democrat'}),0.44316775676153436,0.2481880855577161,0.111896765069825,0.25249301954527326,1.0173454498344807,1.0,0.0019078079382721935,1.0057590552330875,0.0306191228466112,0.19310555216595487,0.005726078431133516,0.3516738601999871
"frozenset({'party=republican', 'subject=foreign-policy'})",frozenset({'label=barely-true'}),0.03040480820222733,0.3717518119144423,0.011490189146190561,0.37790697674418605,1.0165571885125346,1.0,0.00018714660610145463,1.0098942836515508,0.016798260991515348,0.029411764705882353,0.009797345931868451,0.20440760154375257
frozenset({'subject=economy'}),frozenset({'label=false'}),0.09386600671734134,0.44316775676153436,0.04224854162983914,0.4500941619585688,1.0156293076185177,1.0,0.0006501539967518621,1.0125956204096755,0.01698290934557946,0.08538763844230084,0.012438944190356724,0.2727136146849086
frozenset({'subject=candidates-biography'}),frozenset({'party=republican'}),0.07053208414353898,0.4986742089446703,0.03570797242354605,0.506265664160401,1.0152232761982944,1.0,0.0005354411580478224,1.0153755869597794,0.016132889439571512,0.06693174287607688,0.015142758164805521,0.2889357388508492
frozenset({'subject=candidates-biography'}),"frozenset({'party=republican', 'label=false'})",0.07053208414353898,0.22962701078310058,0.016439809086088032,0.23308270676691728,1.0150491702697853,1.0,0.0002437374399050507,1.0045059565279177,0.015951115964613117,0.05794392523364486,0.004485743960635863,0.1523381201271076
frozenset({'subject=elections'}),frozenset({'party=republican'}),0.05904189499734842,0.4986742089446703,0.029874491780095457,0.5059880239520959,1.0146665194955713,1.0,0.0004318214976984473,1.0148049346210917,0.015361493663203248,0.05659745478901541,0.014588946226024824,0.28294792902673915
frozenset({'subject=labor'}),frozenset({'label=false'}),0.022803606151670496,0.44316775676153436,0.010252784161216192,0.4496124031007752,1.0145422274994358,1.0,0.00014696117690685302,1.0117092870107334,0.014668271869853837,0.022498060512024826,0.011573766457487467,0.23637381224045542
"frozenset({'party=democrat', 'state=Wisconsin'})",frozenset({'label=false'}),0.02439455541806611,0.44316775676153436,0.010959872724058689,0.44927536231884063,1.013781701092015,1.0,0.00014899232223939546,1.0110901258803717,0.013934268129453172,0.024003097173828883,0.010968484011962409,0.23700305810397557
"frozenset({'state=Unknown', 'party=democrat'})",frozenset({'label=barely-true'}),0.027222909669436097,0.3717518119144423,0.010252784161216192,0.37662337662337664,1.0131043469131915,1.0,0.00013261816602013268,1.0078148017205821,0.013296822422879098,0.0263756252842201,0.007754204152628481,0.20210151237255375
frozenset({'subject=military'}),frozenset({'label=barely-true'}),0.02863708679512109,0.3717518119144423,0.010783100583348065,0.3765432098765432,1.0128887010326224,1.0,0.00013721167931065106,1.0076852125728748,0.013099837408075948,0.027676950998185117,0.007626600526619291,0.20277469576090595
frozenset({'state=Ohio'}),frozenset({'label=barely-true'}),0.03570797242354605,0.3717518119144423,0.013434682694007424,0.37623762376237624,1.0120666845571862,1.0,0.00016017924576324123,1.0071915396292275,0.012364320517149845,0.03409600717810678,0.007140190665099145,0.20618823651266696
frozenset({'subject=immigration'}),frozenset({'label=barely-true'}),0.05639031288668906,0.3717518119144423,0.02121265688527488,0.37617554858934166,1.0118997044079439,1.0,0.0002494558952258995,1.0070913165793614,0.012462532783814179,0.05212858384013901,0.007041383896990922,0.21661844476542688
frozenset({'label=barely-true'}),frozenset({'party=republican'}),0.3717518119144423,0.4986742089446703,0.18755524129397208,0.5045173561578697,1.01171736397911,1.0,0.0021722005637897224,1.0117928393371962,0.018434844226441646,0.2746570023297955,0.011655389204890442,0.4403125596812036
frozenset({'party=republican'}),frozenset({'label=barely-true'}),0.4986742089446703,0.3717518119144423,0.18755524129397208,0.3761077632045374,1.01171736397911,1.0,0.0021722005637897224,1.0069818969257718,0.023102057962190975,0.2746570023297955,0.006933488027031008,0.4403125596812036
"frozenset({'label=false', 'subject=health-care'})",frozenset({'party=democrat'}),0.05851157857521654,0.2481880855577161,0.014672087678981793,0.25075528700906347,1.0103437739389403,1.0,0.00015021100943892092,1.0034263858080483,0.010874138687683593,0.05024213075060533,0.003414685777162487,0.1549360480629363
frozenset({'subject=history'}),frozenset({'party=republican'}),0.042955630192681636,0.4986742089446703,0.02156620116669613,0.5020576131687242,1.0067847988994942,1.0,0.0001453362606408208,1.0067947704664884,0.007041549837397976,0.04146838885112169,0.006748913150730969,0.27265234433693214
frozenset({'state=Ohio'}),frozenset({'label=false'}),0.03570797242354605,0.44316775676153436,0.01590949266395616,0.44554455445544555,1.005363200859376,1.0,8.487062651052826e-05,1.0042867244122324,0.005532131581627498,0.03436426116838488,0.004268426842684322,0.24072201795369008
frozenset({'subject=health-care'}),frozenset({'label=barely-true'}),0.13576100406575925,0.3717518119144423,0.05073360438394909,0.37369791666666663,1.0052349570058645,1.0,0.00026420513517912136,1.0031072940742376,0.0060257578878273954,0.11106811145510834,0.003097668706621583,0.25508481187589155
"frozenset({'party=republican', 'state=Wisconsin'})",frozenset({'label=barely-true'}),0.04366271875552413,0.3717518119144423,0.01626303694537741,0.3724696356275304,1.001930921894883,1.0,3.134213490061169e-05,1.0011438868202112,0.00201518926303951,0.04074402125775022,0.0011425798381934026,0.20810833184134483
frozenset({'subject=economy'}),frozenset({'party=democrat'}),0.09386600671734134,0.2481880855577161,0.02333392257380237,0.24858757062146897,1.0016096061293804,1.0,3.749806767770411e-05,1.0005316455359718,0.001773489873373018,0.07321131447587355,0.0005313630391841007,0.1713023323192815
frozenset({'subject=elections'}),frozenset({'party=democrat'}),0.05904189499734842,0.2481880855577161,0.014672087678981793,0.24850299401197606,1.0012688298616443,1.0,1.859279189019361e-05,1.0004190415287761,0.0013467358066495308,0.0501510574018127,0.00041886600652448283,0.1538099015643926
frozenset({'state=New York'}),frozenset({'party=democrat'}),0.07194626126922397,0.2481880855577161,0.017853986211773025,0.24815724815724816,0.9998757498757499,1.0,-2.2186356709308352e-06,0.9999589842418612,-0.00013388117762639626,0.05906432748538012,-4.1017440500152824e-05,0.16004728504728505
"frozenset({'party=republican', 'subject=education'})",frozenset({'label=false'}),0.027929998232278593,0.44316775676153436,0.01237404984974368,0.4430379746835443,0.999707149096454,1.0,-3.624813208844696e-06,0.999766982178154,-0.0003012627062740859,0.02697495183044316,-0.00023307213180631474,0.23547989679530226
frozenset({'subject=abortion'}),frozenset({'label=false'}),0.02598550468446173,0.44316775676153436,0.011490189146190561,0.4421768707482993,0.997764083694906,1.0,-2.57486731386862e-05,0.9982236555616396,-0.0022954308668593384,0.025106218617226728,-0.0017795054529748154,0.23405213700957048
"frozenset({'state=Unknown', 'party=democrat'})",frozenset({'label=false'}),0.027222909669436097,0.44316775676153436,0.012020505568322432,0.44155844155844154,0.996368609451976,1.0,-4.38102424034463e-05,0.997118203008415,-0.0037326347289447057,0.026224450443501735,-0.0028901257472685985,0.23434124710550716
frozenset({'state=Georgia'}),frozenset({'label=false'}),0.03570797242354605,0.44316775676153436,0.015732720523245536,0.44059405940594054,0.9941924986276051,1.0,-9.190151420009757e-05,0.9953992312758411,-0.006021259694207712,0.03396946564885496,-0.004622033631934676,0.2380473288653157
frozenset({'state=Virginia'}),frozenset({'label=barely-true'}),0.04118790878557539,0.3717518119144423,0.015202404101113665,0.36909871244635195,0.9928632507413281,1.0,-0.00010927561889076225,0.9957947471015983,-0.007441042980162062,0.03822222222222223,-0.004223011730722294,0.20499633672721781
"frozenset({'party=democrat', 'state=Florida'})",frozenset({'label=false'}),0.0265158211065936,0.44316775676153436,0.011666961286901185,0.44000000000000006,0.9928520143597928,1.0,-8.399567159804618e-05,0.9943432914972601,-0.007341253584596322,0.025472790428406025,-0.005688888888888744,0.23316314319904272
"frozenset({'party=republican', 'subject=economy'})",frozenset({'label=false'}),0.052324553650344705,0.44316775676153436,0.022980378292381122,0.4391891891891892,0.9910224344807512,1.0,-0.00020817677239069396,0.9929056867384689,-0.0094685556402004,0.04863449307893753,-0.007145002145002086,0.24552199786543624
frozenset({'subject=candidates-biography'}),frozenset({'party=democrat'}),0.07053208414353898,0.2481880855577161,0.01732366978964115,0.24561403508771926,0.9896286299795071,1.0,-0.00018155314433953434,0.9965878865862833,-0.011149619838263566,0.05747800586510264,-0.0034237957932687826,0.15770730244414452
frozenset({'subject=health-care'}),frozenset({'state=Unknown'}),0.13576100406575925,0.2513699840905073,0.03376347887572918,0.24869791666666663,0.9893699821261134,1.0,-0.0003627625563920184,0.9964434180563092,-0.012279354522068861,0.09554777388694347,-0.0035692763675718425,0.19150788941631502
frozenset({'subject=environment'}),frozenset({'party=republican'}),0.03553120028283543,0.4986742089446703,0.017500441930351777,0.4925373134328358,0.9876935774865482,1.0,-0.0002180512635458244,0.9879067059031497,-0.012754010988408376,0.03386931235032502,-0.012241332126392009,0.26381562587629026
"frozenset({'party=republican', 'subject=immigration'})",frozenset({'label=barely-true'}),0.03676860526780979,0.3717518119144423,0.013434682694007424,0.3653846153846154,0.9828724532718828,1.0,-0.00023411293586777376,0.989966841831788,-0.017769724109141984,0.03400447427293065,-0.010134842647504388,0.20076173232378655
"frozenset({'subject=economy', 'subject=jobs'})",frozenset({'label=false'}),0.030581580342937953,0.44316775676153436,0.0132579105532968,0.43352601156069365,0.9782435769440941,1.0,-0.0002948598055056463,0.9829793681658626,-0.022427365378764736,0.028790786948176585,-0.01731535003211299,0.23172112305198622
frozenset({'subject=state-finances'}),frozenset({'party=republican'}),0.02174297330740675,0.4986742089446703,0.01060632844263744,0.48780487804878053,0.9782035431130633,1.0,-0.00023633157153870286,0.9787789253937389,-0.022270121288681076,0.020804438280166437,-0.021681172382950767,0.25453696578794927
frozenset({'subject=jobs'}),frozenset({'party=republican'}),0.06346119851511402,0.4986742089446703,0.0309351246243592,0.48746518105849584,0.9775223428741266,1.0,-0.0007113383438459679,0.9781302118959965,-0.023964274660653467,0.05823627287853578,-0.02235876965870552,0.27474996025629506
frozenset({'subject=health-care'}),frozenset({'label=false'}),0.13576100406575925,0.44316775676153436,0.05851157857521654,0.43098958333333326,0.9725201726831537,1.0,-0.001653321052299532,0.9785976265609646,-0.03165989296109085,0.11243206521739128,-0.021870453042328136,0.2815099492255019
"frozenset({'party=republican', 'subject=health-care'})",frozenset({'label=false'}),0.07495138766130457,0.44316775676153436,0.03217252960933357,0.42924528301886794,0.9685841906811871,1.0,-0.0010435087266909282,0.9756069055087166,-0.033875025360113636,0.06620589305201892,-0.025002994908655218,0.2509210060886123
"frozenset({'party=republican', 'subject=jobs'})",frozenset({'label=false'}),0.0309351246243592,0.44316775676153436,0.0132579105532968,0.42857142857142855,0.9670636503504473,1.0,-0.0004515392316189696,0.9744564256673148,-0.03395206766917285,0.028768699654775604,-0.026213151927437645,0.22924383155735367
frozenset({'subject=taxes'}),frozenset({'label=false'}),0.09492663956160509,0.44316775676153436,0.040657592363443525,0.4283054003724395,0.9664633625476229,1.0,-0.0014108335479837211,0.9740029792151663,-0.03692417658898082,0.08173418621179815,-0.026690904791463327,0.2600242598192473
frozenset({'subject=environment'}),frozenset({'label=barely-true'}),0.03553120028283543,0.3717518119144423,0.012727594131164928,0.3582089552238806,0.9635701662869673,1.0,-0.0004811939534740857,0.9788983395751713,-0.037721290151899345,0.03225806451612903,-0.021556539194853012,0.19622287989439394
frozenset({'subject=terrorism'}),frozenset({'label=barely-true'}),0.03358670673501856,0.3717518119144423,0.012020505568322432,0.35789473684210527,0.9627249292989964,1.0,-0.0004654135166597198,0.9784193093135735,-0.03852062588904696,0.030561797752808983,-0.022056689275242132,0.19511474835448106
frozenset({'state=Florida'}),frozenset({'label=false'}),0.08997701962170762,0.44316775676153436,0.038359554534205406,0.42632612966601174,0.9619971741207134,1.0,-0.001515359411635324,0.9706425061930786,-0.04160396702155966,0.07752768846016435,-0.0302454236442449,0.25644188413894925
frozenset({'state=Wisconsin'}),frozenset({'label=barely-true'}),0.08007777974191267,0.3717518119144423,0.02863708679512109,0.3576158940397351,0.9619748514421215,1.0,-0.0011319729180205677,0.9779946020713322,-0.041198808561163584,0.06766917293233084,-0.02250053106843517,0.21732435215538823
frozenset({'subject=terrorism'}),frozenset({'label=false'}),0.03358670673501856,0.44316775676153436,0.014318543397560545,0.4263157894736842,0.9619738416643924,1.0,-0.0005660020832051488,0.9706250111496189,-0.039295786870308436,0.03096330275229358,-0.030263993316624868,0.22931266139021267
"frozenset({'party=republican', 'subject=foreign-policy'})",frozenset({'label=false'}),0.03040480820222733,0.44316775676153436,0.012904366271875552,0.42441860465116277,0.957692878544726,1.0,-0.0005700643738702337,0.9674257155254149,-0.04357598746440922,0.028012279355333847,-0.033671096345514955,0.22676853646997708
frozenset({'subject=candidates-biography'}),frozenset({'state=Unknown'}),0.07053208414353898,0.2513699840905073,0.016970125508219906,0.2406015037593985,0.9571608345758913,1.0,-0.000759523360811809,0.9858197239204212,-0.045940643463863035,0.05565217391304348,-0.014384248697304014,0.15405602614130265
"frozenset({'party=republican', 'state=Florida'})",frozenset({'label=false'}),0.055506452183135935,0.44316775676153436,0.023510694714512993,0.42356687898089174,0.9557709750278838,1.0,-0.0010879751852787313,0.9659962672755702,-0.046706893683696425,0.04947916666666667,-0.035200687493681056,0.23830916745215308
"frozenset({'subject=education', 'label=false'})",frozenset({'party=republican'}),0.02598550468446173,0.4986742089446703,0.01237404984974368,0.47619047619047616,0.9549129825627521,1.0,-0.0005842511428082973,0.9570765101965385,-0.046234269789340685,0.024154589371980676,-0.044848545906373834,0.25050218598605695
"frozenset({'party=republican', 'subject=immigration'})",frozenset({'label=false'}),0.03676860526780979,0.44316775676153436,0.015555948382534912,0.4230769230769231,0.9546653984228776,1.0,-0.0007387119332506898,0.9651758882800071,-0.04698381403631509,0.033498287019413785,-0.03608058608058605,0.2290893191371851
"frozenset({'state=Unknown', 'party=republican'})",frozenset({'label=false'}),0.05939543927876967,0.44316775676153436,0.024924871840197985,0.41964285714285715,0.9469164909681465,1.0,-0.0013972717468402965,0.9594647883493562,-0.05624698104093712,0.052183567727609174,-0.0422477324263038,0.23794268904211066
"frozenset({'party=republican', 'subject=candidates-biography'})",frozenset({'label=barely-true'}),0.03570797242354605,0.3717518119144423,0.012550821990454304,0.35148514851485146,0.9454833500468448,1.0,-0.0007236814577898792,0.9687491144525393,-0.056421513214313636,0.03178155774395702,-0.032259008118031875,0.19262322095262308
frozenset({'subject=education'}),frozenset({'label=false'}),0.062047021389429025,0.44316775676153436,0.02598550468446173,0.4188034188034188,0.9450223135903232,1.0,-0.0015117345984264723,0.9580790067485365,-0.05840214399536424,0.05422353375138326,-0.04375525708859036,0.23871961925412266
frozenset({'subject=immigration'}),frozenset({'label=false'}),0.05639031288668906,0.44316775676153436,0.023510694714512993,0.41692789968652033,0.9407902387421802,1.0,-0.0014796737505620404,0.9549972343713469,-0.06252690458018287,0.049387300408466395,-0.047123451261382336,0.23498967780496738
frozenset({'subject=candidates-biography'}),frozenset({'label=false'}),0.07053208414353898,0.44316775676153436,0.029344175357963586,0.41604010025062654,0.9387869354279196,1.0,-0.0019133701516443717,0.9535453435714496,-0.06555367487492755,0.060583941605839416,-0.04871782631181128,0.24112734968654184
frozenset({'subject=legal-issues'}),frozenset({'label=barely-true'}),0.035000883860703554,0.3717518119144423,0.012197277709033056,0.34848484848484845,0.9374126428334701,1.0,-0.0008143642847904496,0.9642879165964373,-0.06471052709990766,0.030913978494623656,-0.037034668576593224,0.19064755976310896
"frozenset({'party=republican', 'state=Texas'})",frozenset({'label=false'}),0.07159271698780273,0.44316775676153436,0.02952094749867421,0.41234567901234565,0.9304505409544632,1.0,-0.0022066362892737175,0.9475506660150359,-0.07451303155006855,0.06083788706739527,-0.055352537722908116,0.23947958063102326
frozenset({'subject=candidates-biography'}),frozenset({'label=barely-true'}),0.07053208414353898,0.3717518119144423,0.02439455541806611,0.3458646616541353,0.93036442747382,1.0,-0.0018258746603964093,0.9604253909813698,-0.07452600968069038,0.0583756345177665,-0.04120529235299846,0.20574260186843712
frozenset({'state=Rhode Island'}),frozenset({'label=barely-true'}),0.03429379529786106,0.3717518119144423,0.01184373342761181,0.3453608247422681,0.9290091229515028,1.0,-0.00090504711179102,0.9596862085716394,-0.07332702084135048,0.030044843049327356,-0.042007263487053866,0.1886100367173062
frozenset({'subject=foreign-policy'}),frozenset({'label=false'}),0.05161746508750221,0.44316775676153436,0.021035884744564255,0.40753424657534243,0.9195936309839299,1.0,-0.0018393114679809142,0.9398555781828436,-0.08441321906335324,0.044402985074626866,-0.06399325940421834,0.2275006693586724
"frozenset({'label=false', 'subject=jobs'})",frozenset({'party=republican'}),0.028990631076542338,0.4986742089446703,0.0132579105532968,0.45731707317073167,0.9170658216684967,1.0,-0.001198969465604726,0.9237913453154389,-0.08519931430195588,0.025773195876288662,-0.0824955278819361,0.24195169503981462
frozenset({'state=Texas'}),frozenset({'label=false'}),0.10040657592363443,0.44316775676153436,0.040657592363443525,0.4049295774647888,0.9137162424085802,1.0,-0.003839364652740228,0.9357417578681907,-0.09499928866126023,0.08084358523725838,-0.06867091437513956,0.24833634836542193
frozenset({'subject=health-care'}),frozenset({'party=democrat'}),0.13576100406575925,0.2481880855577161,0.030758352483648575,0.22656249999999997,0.9128661413817662,1.0,-0.0029359112088255257,0.9720396469556802,-0.09946011178861808,0.08708708708708708,-0.0287646220315072,0.17524706196581194
frozenset({'subject=jobs'}),"frozenset({'party=republican', 'label=false'})",0.06346119851511402,0.22962701078310058,0.0132579105532968,0.20891364902506965,0.9097956216588291,1.0,-0.0013144947624417723,0.9738165603129115,-0.09573160740619363,0.04737839545167403,-0.02688744549453441,0.1333251847896711
frozenset({'subject=elections'}),frozenset({'state=Unknown'}),0.05904189499734842,0.2513699840905073,0.013434682694007424,0.2275449101796407,0.9052190976696397,1.0,-0.0014066775121494499,0.9691566872626767,-0.10013257289284715,0.045238095238095244,-0.031824898019780966,0.14049538054692304
frozenset({'subject=crime'}),frozenset({'label=false'}),0.04012727594131165,0.44316775676153436,0.016086264804666784,0.4008810572687224,0.9045808300634873,1.0,-0.001696850059195388,0.9294185236406742,-0.09901318668494914,0.034430571320469165,-0.07594154254947212,0.21858971092395035
frozenset({'subject=education'}),frozenset({'party=republican'}),0.062047021389429025,0.4986742089446703,0.027929998232278593,0.45014245014245013,0.9026784262516273,1.0,-0.0030112510764679634,0.9117375785514027,-0.10309581657685293,0.0524220305242203,-0.0968068263554864,0.2530754788819305
frozenset({'subject=job-accomplishments'}),frozenset({'party=republican'}),0.027753226091567967,0.4986742089446703,0.01237404984974368,0.445859872611465,0.8940904995969718,1.0,-0.0014657682171315602,0.9046913700653652,-0.1086043986321129,0.024071526822558458,-0.10534933026690495,0.23533688419655135
frozenset({'state=New York'}),frozenset({'label=barely-true'}),0.07194626126922397,0.3717518119144423,0.02386423899593424,0.33169533169533166,0.8922494015218694,1.0,-0.0028819139913696355,0.9400625461427279,-0.11514202672739271,0.056842105263157895,-0.06375900635889387,0.1979446701272664
frozenset({'subject=military'}),frozenset({'label=false'}),0.02863708679512109,0.44316775676153436,0.011313417005479937,0.39506172839506176,0.8914496200761326,1.0,-0.0013776165096992341,0.9204777898431777,-0.1113941066185574,0.024568138195777352,-0.08639231824417,0.21029512426932984
frozenset({'label=false'}),frozenset({'state=Unknown'}),0.44316775676153436,0.2513699840905073,0.09881562665723882,0.22297566812923816,0.8870417402300285,1.0,-0.01258344530933389,0.9634576231443011,-0.1861258926916567,0.16587537091988133,-0.03792836963232576,0.30804198315041376
frozenset({'state=Unknown'}),frozenset({'label=false'}),0.2513699840905073,0.44316775676153436,0.09881562665723882,0.3931082981715894,0.8870417402300284,1.0,-0.01258344530933389,0.9175150056606005,-0.14537287332819251,0.16587537091988133,-0.08990043087089485,0.30804198315041376
"frozenset({'subject=education', 'label=barely-true'})",frozenset({'party=republican'}),0.027576453950857345,0.4986742089446703,0.012197277709033056,0.4423076923076923,0.8869672511111717,1.0,-0.0015543886504098582,0.898929004650936,-0.11586678220035776,0.023727647867950476,-0.11243490289682107,0.23338355193193902
frozenset({'label=pants-fire'}),frozenset({'party=republican'}),0.18508043132402333,0.4986742089446703,0.08149195686759766,0.44030563514804205,0.882952491326648,1.0,-0.010802880814048038,0.8957134867490277,-0.13991144998623978,0.13530965658937483,-0.11642842805625034,0.3018614315406995
frozenset({'party=unknown'}),frozenset({'label=false'}),0.2047021389429026,0.44316775676153436,0.07990100760120206,0.3903281519861831,0.880768390820039,1.0,-0.010816380118412017,0.9133310731871717,-0.1454567611747748,0.14067849361967008,-0.0948932203854483,0.2853116627501717
frozenset({'state=Unknown'}),frozenset({'label=barely-true'}),0.2513699840905073,0.3717518119144423,0.08060809616404455,0.3206751054852321,0.8626053598335511,1.0,-0.012839150882506076,0.9248125501632124,-0.1754346862598919,0.14858260019550343,-0.0813002049155999,0.26875410053148907
frozenset({'label=barely-true'}),frozenset({'state=Unknown'}),0.3717518119144423,0.2513699840905073,0.08060809616404455,0.21683309557774608,0.8626053598335511,1.0,-0.012839150882506076,0.955900985705928,-0.20225173738787816,0.14858260019550343,-0.04613345414797882,0.26875410053148907
frozenset({'subject=taxes'}),frozenset({'state=Unknown'}),0.09492663956160509,0.2513699840905073,0.020505568322432385,0.21601489757914338,0.859350404785664,1.0,-0.0033561395539336084,0.954903369461752,-0.1531422085718114,0.06294085729788389,-0.047226381203019065,0.14879507185567578
frozenset({'state=Texas'}),frozenset({'party=democrat'}),0.10040657592363443,0.2481880855577161,0.02121265688527488,0.21126760563380284,0.8512399181413267,1.0,-0.003707058970617419,0.9531901058107529,-0.1626628932473344,0.06479481641468683,-0.049108665631219676,0.14836884555194416
frozenset({'subject=immigration'}),frozenset({'state=Unknown'}),0.05639031288668906,0.2513699840905073,0.012020505568322432,0.21316614420062693,0.848017494896587,1.0,-0.0021543264848633264,0.9514461158371641,-0.15961530447345143,0.04064554692169755,-0.05103166995443997,0.13049305803561587
frozenset({'subject=jobs'}),frozenset({'state=Unknown'}),0.06346119851511402,0.2513699840905073,0.013434682694007424,0.2116991643454039,0.8421815560491912,1.0,-0.002517557767101313,0.9496755325494979,-0.1667294407860699,0.04457478005865104,-0.05299122250249115,0.13257250762980463
"frozenset({'label=false', 'subject=health-care'})",frozenset({'state=Unknown'}),0.05851157857521654,0.2513699840905073,0.01237404984974368,0.21148036253776434,0.8413111187595872,1.0,-0.0023340047258189715,0.9494120125135713,-0.16690502154132175,0.041592394533571005,-0.05328349211897686,0.13035340208463464
"frozenset({'state=Unknown', 'party=unknown'})",frozenset({'label=false'}),0.14901891461905603,0.44316775676153436,0.05515290790171469,0.37010676156583633,0.8351391903382275,1.0,-0.010887470205050986,0.8840105104520273,-0.18829432793715886,0.10269914417379856,-0.13120826978478214,0.2472791486329381
"frozenset({'state=Unknown', 'subject=health-care'})",frozenset({'label=false'}),0.03376347887572918,0.44316775676153436,0.01237404984974368,0.36649214659685864,0.8269828772630353,1.0,-0.0025888353440786747,0.8789665988309664,-0.1779868390240339,0.02663622526636225,-0.13769965927033986,0.19720698275195944
"frozenset({'state=Unknown', 'subject=health-care'})",frozenset({'label=barely-true'}),0.03376347887572918,0.3717518119144423,0.010252784161216192,0.30366492146596863,0.8168485310190131,1.0,-0.0022988502873711285,0.9022210821379062,-0.18834598497164579,0.0259391771019678,-0.10837578482470892,0.16562228479384974
frozenset({'subject=federal-budget'}),frozenset({'state=Unknown'}),0.06805727417359024,0.2513699840905073,0.013964999116139297,0.2051948051948052,0.8163059163059164,1.0,-0.0031425568101193773,0.9419037781867801,-0.19449961802902974,0.045717592592592594,-0.061679571903892984,0.1303751803751804
"frozenset({'subject=health-care', 'label=barely-true'})",frozenset({'state=Unknown'}),0.05073360438394909,0.2513699840905073,0.010252784161216192,0.20209059233449478,0.8039567375782258,1.0,-0.0025001211656311816,0.9382393649171372,-0.20437941287665898,0.03513022410660206,-0.06582609661482004,0.12143910770029943
frozenset({'subject=transportation'}),frozenset({'party=republican'}),0.0265158211065936,0.4986742089446703,0.01060632844263744,0.4,0.8021269053527119,1.0,-0.002616427672211515,0.8355429850922163,-0.20217312567910167,0.020611473720371008,-0.1968265162200281,0.21063452676355904
frozenset({'party=unknown'}),frozenset({'label=barely-true'}),0.2047021389429026,0.3717518119144423,0.06080961640445466,0.2970639032815199,0.7990920118228997,1.0,-0.015288774650331294,0.8937486508637296,-0.24019869194794882,0.1179293794994858,-0.11888280786056332,0.23031987365692733
frozenset({'subject=history'}),frozenset({'label=barely-true'}),0.042955630192681636,0.3717518119144423,0.012727594131164928,0.2962962962962963,0.7970271745830471,1.0,-0.0032412392248911924,0.8927737409636872,-0.21016831701223623,0.0316622691292876,-0.12010462910856837,0.1652665504306018
frozenset({'subject=crime'}),frozenset({'party=republican'}),0.04012727594131165,0.4986742089446703,0.015732720523245536,0.3920704845814978,0.7862257111937374,1.0,-0.004277717063892551,0.8246445983301437,-0.220738385330332,0.030077728962487334,-0.2126436067427598,0.21180979032336145
frozenset({'subject=legal-issues'}),frozenset({'party=republican'}),0.035000883860703554,0.4986742089446703,0.013081138412586176,0.3737373737373737,0.7494620075265236,1.0,-0.004372899659014447,0.8005040857173813,-0.257287104757072,0.025127334465195248,-0.2492128620478409,0.19998460321040964
frozenset({'subject=guns'}),frozenset({'party=republican'}),0.027753226091567967,0.4986742089446703,0.010076012020505568,0.36305732484076436,0.7280451211003914,1.0,-0.0037638060463696717,0.7870814919568677,-0.27756321033856585,0.01951386511468675,-0.2705164715711551,0.19163146284576324
"frozenset({'party=republican', 'state=New York'})",frozenset({'label=barely-true'}),0.050203287961817215,0.3717518119144423,0.0132579105532968,0.2640845070422535,0.710378533684274,1.0,-0.005405252710571259,0.8536961024703272,-0.3003323193599467,0.032439446366782004,-0.17137702410297467,0.1498739225653493
"frozenset({'state=Unknown', 'party=unknown'})",frozenset({'label=barely-true'}),0.14901891461905603,0.3717518119144423,0.0390666430970479,0.26215895610913403,0.7051988657676516,1.0,-0.01633140842210975,0.851468203466439,-0.32941912077079105,0.08110091743119265,-0.17444197672780776,0.18362346283820943
frozenset({'subject=elections'}),frozenset({'label=barely-true'}),0.05904189499734842,0.3717518119144423,0.015379176241824288,0.26047904191616766,0.70067995250583,1.0,-0.0065697552023022306,0.8495339871278391,-0.3122371328771029,0.03702127659574468,-0.1771159425661901,0.15092425704938198
"frozenset({'state=Unknown', 'label=barely-true'})",frozenset({'party=republican'}),0.08060809616404455,0.4986742089446703,0.024571327558776737,0.3048245614035088,0.6112699552852354,1.0,-0.01562585103036409,0.7211500338209159,-0.4088767547130316,0.044295729764181016,-0.38667399722861445,0.17704893437066613
"frozenset({'state=Unknown', 'label=false'})",frozenset({'party=republican'}),0.09881562665723882,0.4986742089446703,0.024924871840197985,0.2522361359570662,0.5058134778834185,1.0,-0.024351932614472462,0.670433294736673,-0.5201866339145063,0.04353195430688484,-0.49157270059621877,0.15110920587289678
frozenset({'state=Unknown'}),frozenset({'party=republican'}),0.2513699840905073,0.4986742089446703,0.05939543927876967,0.23628691983122366,0.4738302394488594,1.0,-0.06595628868999842,0.6564321131497963,-0.5973138408510131,0.08599948809828514,-0.5233867752167728,0.17769680979154234
