id,speaker,label,is_low_truth,pred,prob
10540.json,scott-surovell,half-true,0,0,0.00301479418684046
1123.json,blog-posting,false,1,1,0.9582321625114573
9028.json,charlie-crist,half-true,0,0,0.2545871645015284
7115.json,robert-menendez,mostly-true,0,0,0.01912178393743673
4148.json,bernie-s,half-true,0,0,0.3180996831913439
10683.json,bernie-s,half-true,0,0,0.036334508358938276
3863.json,national-republican-congressional-committee,barely-true,1,0,0.4823258213054416
10173.json,dennis-richardson,false,1,0,0.22411848337411588
11092.json,pamela-geller,false,1,1,0.9490738039266563
12163.json,peter-kinder,mostly-true,0,0,0.317251353839083
1038.json,north-korea,true,0,0,0.0007234547029562557
5210.json,national-republican-congressional-committee,pants-fire,1,1,0.8352779353855521
11418.json,bernie-s,half-true,0,0,0.2741432646303611
13503.json,blog-posting,true,0,1,0.7338529297778964
8187.json,ken-cuccinelli,false,1,1,0.8632600331182518
12981.json,donald-trump,barely-true,1,1,0.5496903690317687
812.json,john-mccain,false,1,1,0.6319215054948576
12056.json,donald-trump,false,1,1,0.5919604391939818
1738.json,alfredo-gutierrez,mostly-true,0,0,0.000721539790261428
3005.json,texas-veterans-commission,barely-true,1,1,0.9856425913559103
9165.json,republican-party-florida,false,1,1,0.8627692099732182
10053.json,jeanne-shaheen,true,0,0,0.14899418857843943
9613.json,susan-happ,half-true,0,0,0.0015221429747913806
8755.json,karl-rove,false,1,0,0.4657783362697737
767.json,joe-biden,barely-true,1,0,0.4350533211481537
10263.json,jim-skaggs,false,1,1,0.9661562852257278
1969.json,john-mccain,false,1,0,0.3031805082502727
2020.json,ralph-hudgens,mostly-true,0,0,0.0011167972171882393
7258.json,mark-shields,true,0,1,0.9861520890094574
13142.json,donald-trump,false,1,1,0.5980174568348959
7467.json,scott-walker,mostly-true,0,0,0.3617397055407211
9492.json,donna-brazile,half-true,0,0,0.03261216147099748
4357.json,blog-posting,pants-fire,1,1,0.9130289813171744
162.json,joe-biden,pants-fire,1,0,0.06069477833799213
8164.json,kathleen-sebelius,mostly-true,0,0,0.1602911303858228
9500.json,republican-party-florida,mostly-true,0,1,0.5134888490128213
7555.json,blog-posting,false,1,1,0.9043645780205862
325.json,john-mccain,mostly-true,0,0,0.10330772317675448
8985.json,david-jolly,true,0,0,0.2784635245852664
2932.json,oregon-right-life-pac,true,0,0,0.012266124445915435
7324.json,rush-limbaugh,barely-true,1,1,0.5920872670019849
2257.json,john-robitaille,false,1,1,0.5459345909042909
3782.json,louie-gohmert,false,1,1,0.8407857899855326
11536.json,donald-trump,barely-true,1,1,0.764435118045226
5236.json,democratic-congressional-campaign-committee,barely-true,1,1,0.948282062274218
2869.json,armond-budish,half-true,0,0,0.25245819649432305
11582.json,bernie-s,barely-true,1,0,0.47792641275954373
10887.json,robert-puente,half-true,0,0,0.00042226054979015685
4504.json,ron-paul,barely-true,1,1,0.7244457651430645
9561.json,blog-posting,false,1,1,0.8920834453442759
12683.json,gary-johnson,mostly-true,0,0,0.3896481222104148
7295.json,stephen-sweeney,half-true,0,0,0.4409650644275272
6969.json,david-cicilline,false,1,0,0.031324456015927545
11886.json,bernie-s,false,1,1,0.5834257055097201
11844.json,bernie-s,half-true,0,0,0.11649221037764068
13370.json,john-skvarla,barely-true,1,1,0.9921987647903988
11636.json,ben-carson,false,1,1,0.5594043983284204
9837.json,nextgen-climate,half-true,0,0,0.010459046309118626
4267.json,john-kasich,half-true,0,0,0.47177094375799394
827.json,joe-biden,half-true,0,0,0.023114384011967762
3806.json,agenda-project,mostly-true,0,1,0.6669107514525351
9133.json,kesha-rogers,barely-true,1,0,0.15765187457328192
4327.json,jeff-merkley,mostly-true,0,0,0.1254751288656621
13026.json,donald-trump,barely-true,1,0,0.3690031859450473
240.json,bill-richardson,barely-true,1,0,0.018664628973564384
7884.json,rush-limbaugh,barely-true,1,1,0.7660109762185361
8489.json,ken-cuccinelli,false,1,1,0.6530933741864111
12446.json,donald-trump,half-true,0,1,0.5833105309615054
534.json,john-mccain,half-true,0,1,0.7995000766016118
5387.json,doug-thomas,half-true,0,0,0.0005258050421174693
10356.json,scott-walker,barely-true,1,1,0.7236724767351599
12497.json,scott-walker,true,0,0,0.46882909318216115
4893.json,thomas-brown,mostly-true,0,0,0.009039424668861871
6627.json,julian-castro,mostly-true,0,0,0.0030002398501540596
10580.json,dan-patrick,pants-fire,1,0,0.07193105018436108
8004.json,rachel-campos-duffy,false,1,1,0.9965788902390394
256.json,ron-paul,mostly-true,0,0,0.06176887439892942
2722.json,national-republican-congressional-committee,barely-true,1,1,0.7885218359289047
1171.json,rush-limbaugh,barely-true,1,1,0.8694955086716535
8794.json,republican-party-florida,false,1,1,0.568966233413423
2060.json,joe-biden,mostly-true,0,0,0.1115552175245488
7210.json,nathan-deal,half-true,0,0,0.18772972709314673
12185.json,bill-clinton,mostly-true,0,0,0.045925460485018374
4332.json,chip-rogers,half-true,0,0,0.24964896299283024
2925.json,john-kasich,half-true,0,0,0.341031666969735
9838.json,bernie-s,mostly-true,0,0,0.08141546755449952
11407.json,ben-carson,pants-fire,1,0,0.12818834296683332
35.json,joe-biden,true,0,0,0.20034017939204887
10663.json,bernie-s,half-true,0,0,0.10242838217276354
8147.json,bill-foster,half-true,0,0,0.10347890238209723
3443.json,organizing-america,half-true,0,0,0.28486120703389645
11291.json,lloyd-doggett,mostly-true,0,0,0.1837853782692547
5110.json,rob-cornilles,pants-fire,1,0,0.47086374137443854
12754.json,donald-trump,barely-true,1,0,0.2618915979362451
9853.json,larry-elder,false,1,1,0.9678812564126861
10931.json,dale-kooyenga,half-true,0,0,0.036334201413013606
6014.json,mary-nolan,true,0,0,0.005426544901021693
3695.json,joe-gibbons,barely-true,1,1,0.9896330654139858
5047.json,david-cicilline,half-true,0,0,0.14069909136448486
8910.json,charlie-crist,half-true,0,0,0.3708531363169753
12285.json,bob-graham,half-true,0,0,0.30825960297750793
8677.json,kathleen-vinehout,barely-true,1,1,0.6547747725760312
9434.json,republican-governors-association,barely-true,1,1,0.7494543178620495
549.json,ralph-nader,mostly-true,0,0,0.30424589953486475
4366.json,blog-posting,pants-fire,1,1,0.9186380903081095
11363.json,donald-trump,pants-fire,1,1,0.7331393172160888
12499.json,donald-trump,pants-fire,1,0,0.4514284568743631
12023.json,bernie-s,mostly-true,0,0,0.2579327617359418
8347.json,bernie-s,false,1,0,0.24388259300533527
5750.json,joe-biden,half-true,0,0,0.16955865734240888
13159.json,democratic-congressional-campaign-committee,barely-true,1,1,0.6802977888244307
2699.json,michael-steele,false,1,1,0.7168275596094893
3485.json,dennis-richardson,false,1,0,0.07004546446491898
11453.json,claire-mccaskill,false,1,1,0.9934416479473843
5031.json,tim-kaine,half-true,0,1,0.6557183558904209
7976.json,debbie-wasserman-schultz,half-true,0,0,0.21202000517730324
11906.json,joanne-kloppenburg,mostly-true,0,0,0.3188948322803418
9652.json,debbie-wasserman-schultz,barely-true,1,0,0.2350116082405586
13228.json,donald-trump,pants-fire,1,0,0.3134336353999392
4373.json,scott-walker,pants-fire,1,1,0.7762992285637411
8214.json,bookerfail,half-true,0,0,0.36805601849923364
6462.json,debbie-wasserman-schultz,false,1,0,0.04972904163862925
5870.json,mike-foley,mostly-true,0,0,0.01472443864736102
6903.json,rob-zerban,pants-fire,1,1,0.9969426009236599
6308.json,jackie-cilley,true,0,0,0.0013210534922263979
13145.json,national-republican-congressional-committee,barely-true,1,0,0.39794083427340393
11617.json,arsalan-iftikhar,false,1,1,0.9916973776547134
12246.json,john-pagliarini,half-true,0,0,0.0017126760860317562
10286.json,diego-arene-morley,true,0,0,0.0012357521093905289
12813.json,donald-trump,mostly-true,0,1,0.615367724803388
10192.json,delia-garza,false,1,1,0.980724486454536
2464.json,john-kasich,barely-true,1,0,0.3678385821629618
4552.json,david-axelrod,mostly-true,0,0,0.1262898236175852
5897.json,joe-biden,false,1,1,0.5735828358738029
9831.json,blog-posting,true,0,1,0.8203899945117251
1445.json,charlie-crist,mostly-true,0,0,0.1762868929312481
4064.json,scott-walker,false,1,0,0.4385397035150865
12201.json,david-jolly,barely-true,1,0,0.1398905221392086
4807.json,rob-cornilles,true,0,0,0.1500645945773909
8333.json,steve-lonegan,true,0,0,0.38029192530731765
9199.json,anissa-naouai,half-true,0,0,0.0004653464769467968
13262.json,donald-trump,barely-true,1,0,0.27228543554127577
1603.json,karl-rove,mostly-true,0,0,0.3461733379794192
5702.json,nathan-deal,mostly-true,0,0,0.15731346069527788
3795.json,angel-taveras,false,1,0,0.14122207114375515
10828.json,david-cicilline,true,0,0,0.03250351900209634
6116.json,terry-lawler,barely-true,1,1,0.9923353562608697
1283.json,blog-posting,pants-fire,1,1,0.8539289609704208
11915.json,centre-research-globalization,false,1,1,0.9942901079235099
4340.json,club-growth,false,1,0,0.26437977369249566
12822.json,joaquin-castro,half-true,0,0,0.11269886792700441
11501.json,carly-fiorina,false,1,1,0.7362159480128739
9067.json,kesha-rogers,half-true,0,0,0.4464585306992072
239.json,ron-paul,true,0,0,0.38693355990953054
9247.json,neera-tanden,mostly-true,0,0,0.0008056894720545489
9873.json,chuck-todd,true,0,0,0.00489577299032426
11713.json,bernie-s,barely-true,1,0,0.47592572030455305
1919.json,debbie-wasserman-schultz,half-true,0,0,0.29477784525554257
1294.json,keith-olbermann,mostly-true,0,0,0.11358343861695701
7278.json,jennette-gayer,mostly-true,0,0,0.002065235548824326
13382.json,donald-trump,false,1,0,0.47376621641904554
13464.json,donald-trump,false,1,1,0.7126316994332942
13218.json,rush-limbaugh,pants-fire,1,1,0.7364899505038363
7142.json,dan-micciche,mostly-true,0,0,0.00026081919424868975
6016.json,joe-biden,mostly-true,0,0,0.15843338232678514
11995.json,donald-trump,false,1,1,0.8484057827373528
1630.json,tom-coburn,mostly-true,0,1,0.7323560115168553
12938.json,donald-trump,mostly-true,0,0,0.43129128913738796
5716.json,robert-menendez,true,0,0,0.0390465497331431
11079.json,blog-posting,pants-fire,1,1,0.9629342376686316
13039.json,donald-trump,false,1,0,0.24478344940129249
1149.json,bernie-s,false,1,0,0.11845292106429296
8473.json,joe-barton,false,1,1,0.9797535554795587
3749.json,david-cicilline,barely-true,1,0,0.2042397245152751
5734.json,bettylou-decroce,half-true,0,0,0.0003077852787477173
12922.json,pat-mccrory,barely-true,1,1,0.8873913313511392
1506.json,charlie-crist,true,0,0,0.07725422734691861
2828.json,marvin-pratt,false,1,1,0.9942963268180831
5145.json,rob-cornilles,barely-true,1,0,0.2550392674750526
11283.json,reader-email,mostly-true,0,0,0.3765535938124377
10185.json,sean-spicer,true,0,1,0.9203416037857608
12267.json,lee-camp,half-true,0,0,0.0006610011127100837
10579.json,scott-walker,mostly-true,0,0,0.08416679633105904
12307.json,bernie-s,mostly-true,0,0,0.09190621144152937
6344.json,lou-ann-zelenik,false,1,1,0.9993935073846861
8021.json,karl-rove,mostly-true,0,0,0.18247096023061513
11314.json,carly-fiorina,true,0,1,0.5560877365854539
2851.json,joe-barton,barely-true,1,1,0.9914501615647197
12570.json,donald-trump,pants-fire,1,1,0.7511259141880464
828.json,john-mccain,false,1,1,0.6237847236637728
1861.json,carly-fiorina,pants-fire,1,0,0.4553255857999878
5337.json,nickie-antonio,barely-true,1,1,0.9343430679590977
3023.json,john-kasich,false,1,0,0.07261129121682028
11577.json,bernie-s,true,0,0,0.15641776399055796
12844.json,donald-trump,mostly-true,0,0,0.47031240925312506
11576.json,bernie-s,half-true,0,0,0.13758488264967828
2827.json,republican-state-senators,pants-fire,1,1,0.9884421901555375
10609.json,scott-walker,false,1,0,0.2357782126219097
4166.json,debbie-wasserman-schultz,true,0,0,0.4009284992212863
1186.json,blog-posting,pants-fire,1,1,0.7326862710872353
12784.json,bill-clinton,half-true,0,0,0.2559270950868985
97.json,bill-richardson,mostly-true,0,0,0.05289499308319342
11788.json,scott-walker,mostly-true,0,0,0.20437792920909437
4828.json,armond-budish,false,1,0,0.1243222784612956
1868.json,blog-posting,pants-fire,1,1,0.9637875403032939
9121.json,rush-limbaugh,false,1,0,0.2548987655707514
8335.json,deadspin,true,0,0,0.002452690942674166
10612.json,nancy-devaney,false,1,0,0.18925386436768696
5143.json,rob-cornilles,mostly-true,0,1,0.7968901488477287
9922.json,donald-trump,mostly-true,0,0,0.14330896178720623
2421.json,scott-walker,half-true,0,0,0.03606187530568039
3350.json,glenn-beck,pants-fire,1,1,0.84331094478642
10116.json,scott-walker,barely-true,1,0,0.4777144623682201
786.json,john-mccain,false,1,1,0.8142868511924755
10725.json,addicting-information,false,1,1,0.9616964626946297
9713.json,charlotte-nash,half-true,0,0,0.18747001611366476
9318.json,miami-seaport-alliance,false,1,1,0.6603810280539165
4395.json,state-democratic-party-wisconsin,pants-fire,1,1,0.7684198900204362
4532.json,mary-nolan,half-true,0,0,0.020197175155041613
4909.json,tim-kaine,true,0,0,0.13060180795691365
13081.json,donald-trump,false,1,1,0.7075226322433232
7290.json,coalition-stop-gun-violence,pants-fire,1,1,0.9975985597952601
1163.json,republican-party-florida,pants-fire,1,0,0.3670088209982597
3155.json,scott-walker,false,1,0,0.420271127231407
8882.json,charlie-crist,half-true,0,1,0.9106129750503437
12689.json,donald-trump,false,1,1,0.731680901409191
834.json,john-mccain,true,0,0,0.2341141650931392
7307.json,nathan-deal,mostly-true,0,0,0.1864993025300479
5651.json,marsha-blackburn,false,1,1,0.8858323605814759
10709.json,scott-walker,half-true,0,0,0.39239286592422906
10008.json,republican-governors-association,false,1,0,0.16104202658069816
11423.json,bernie-s,barely-true,1,0,0.27393421319327915
8578.json,debbie-wasserman-schultz,half-true,0,0,0.1572629613734946
12750.json,donald-trump,half-true,0,1,0.5937070567079941
2884.json,oregon-healthy-kids,mostly-true,0,0,0.000712909162201245
2373.json,david-porter,half-true,0,0,0.001745835788439491
4810.json,dekalb-county,mostly-true,0,1,0.5586673075286228
3760.json,steve-oelrich,true,0,0,0.011901637651196685
630.json,john-mccain,true,0,0,0.19229264024435774
2587.json,national-republican-congressional-committee,pants-fire,1,1,0.6138174330944759
8988.json,americans-prosperity-georgia-chapter,mostly-true,0,0,0.00360321099309788
5816.json,national-republican-congressional-committee,barely-true,1,0,0.24734686014207036
8872.json,mr-conservative,false,1,1,0.9947360559491355
9415.json,scott-walker,mostly-true,0,1,0.5171651236093797
8991.json,david-ignatius,true,0,0,0.007137229976333784
13217.json,donald-trump,false,1,1,0.553912588211734
5013.json,restore-our-future,mostly-true,0,0,0.25258151050567523
5114.json,scott-walker,false,1,1,0.6079555502664745
2609.json,nathan-deal,half-true,0,0,0.1794353516104604
8536.json,scott-walker,mostly-true,0,1,0.5680642075816212
6085.json,julian-castro,half-true,0,0,0.0018204004098866927
3540.json,tim-kaine,true,0,0,0.11429103721711137
1194.json,keith-olbermann,half-true,0,0,0.32439151011383555
5704.json,republican-governors-association,half-true,0,1,0.5391088673398508
6820.json,ann-coulter,true,0,1,0.8419614777324324
1859.json,nathan-deal,barely-true,1,0,0.2540192191678797
13131.json,donald-trump,false,1,1,0.8518956791194708
8384.json,ken-cuccinelli,false,1,1,0.7594446650391651
13511.json,heather-mcghee,half-true,0,0,0.11546990531426768
13103.json,donald-trump,false,1,1,0.9332322152110851
8823.json,mark-schlereth,mostly-true,0,0,0.0018928094157483874
735.json,john-mccain,barely-true,1,0,0.3705814956490425
9090.json,kathleen-sebelius,mostly-true,0,0,0.10418199421905934
4249.json,club-growth,barely-true,1,1,0.6679742829288983
12771.json,bernie-s,mostly-true,0,0,0.036837447433309564
12029.json,donald-trump,half-true,0,1,0.6467241892024683
7273.json,keith-faber,true,0,0,0.0013365126909590838
11328.json,bernie-s,mostly-true,0,0,0.018385213791035564
7579.json,ed-fallone,half-true,0,1,0.8813464986930971
9659.json,dan-patrick,false,1,0,0.18887277979074718
7844.json,harry-alford,pants-fire,1,1,0.9930725621657366
349.json,bill-clinton,false,1,0,0.17946344054035968
12041.json,bernie-s,mostly-true,0,1,0.510284345966408
4521.json,jim-whelan,half-true,0,0,0.00668828118882567
6170.json,sam-adams,mostly-true,0,0,0.21425635505368204
2176.json,nathan-deal,mostly-true,0,0,0.2966012794151973
2116.json,bill-oreilly,false,1,1,0.9276446518947173
4019.json,new-jersey-democratic-state-committee,false,1,1,0.6782425626924529
1531.json,charles-rangel,pants-fire,1,1,0.5302385714598421
5365.json,greg-walden,true,0,0,0.11266521538323232
3768.json,terry-moulton,false,1,1,0.9438853246049237
13126.json,donald-trump,false,1,1,0.7229781819550867
13299.json,donald-trump,barely-true,1,1,0.8658622363596571
698.json,john-mccain,false,1,1,0.6446292148137553
9586.json,jeff-merkley,false,1,0,0.09622712856222773
4128.json,national-republican-congressional-committee,false,1,1,0.8987847461046035
12276.json,jerry-jones,pants-fire,1,1,0.9914619752078403
12001.json,donald-trump,false,1,1,0.7121558284046587
3312.json,scott-walker,false,1,0,0.23027344677911105
13151.json,blog-posting,pants-fire,1,1,0.661318695736284
13187.json,tim-kaine,half-true,0,0,0.2963429717152121
11916.json,john-kasich,mostly-true,0,0,0.285321649736197
12464.json,scott-walker,half-true,0,1,0.6074285092670851
1606.json,charlie-crist,mostly-true,0,0,0.07105777883268534
12268.json,donald-trump,mostly-true,0,1,0.8727415220699072
4891.json,alan-simpson,true,0,0,0.0010704994337111355
8793.json,florida-all,barely-true,1,1,0.7717852894434526
5495.json,david-axelrod,false,1,0,0.057801129640656444
516.json,john-mccain,true,0,0,0.15142250706913804
11063.json,donald-trump,false,1,1,0.719325895873878
113.json,john-mccain,half-true,0,0,0.10770651552332043
11992.json,donald-trump,pants-fire,1,1,0.9274553454837998
8769.json,chris-murphy,true,0,0,0.007651191533104826
10370.json,chris-coons,barely-true,1,1,0.9860573215136603
991.json,gus-bilirakis,barely-true,1,0,0.49935232292816095
507.json,john-mccain,barely-true,1,0,0.20191534656814145
7747.json,blog-posting,barely-true,1,1,0.7474321580505042
10968.json,bill-clinton,mostly-true,0,0,0.08415559373455381
12682.json,donald-trump,true,0,1,0.5334818153311057
10190.json,ben-cardin,barely-true,1,1,0.9446659290874077
13060.json,blog-posting,pants-fire,1,1,0.9536334430421941
12443.json,vicki-martin,mostly-true,0,0,0.00022015631718412055
6210.json,bill-weimer,true,0,0,0.0019220553637305357
3590.json,peter-defazio,false,1,0,0.16557886912601966
4625.json,fred-karger,pants-fire,1,1,0.9929451418615581
1932.json,bill-lynch,pants-fire,1,1,0.9972997683424871
10984.json,scott-walker,half-true,0,0,0.13024996968560434
13041.json,donald-trump,pants-fire,1,1,0.8161347430307834
9955.json,blog-posting,pants-fire,1,1,0.880367821644453
3533.json,charles-rangel,half-true,0,0,0.41958354050543534
4671.json,ron-paul,mostly-true,0,0,0.22227889069728438
701.json,john-mccain,barely-true,1,1,0.8289901900833998
9894.json,john-mccain,mostly-true,0,0,0.2764342391972151
2955.json,state-democratic-party-wisconsin,pants-fire,1,1,0.9336696817438469
8724.json,carol-shea-porter,true,0,0,0.05255871719786012
11224.json,se-cupp,true,0,0,0.0029380102809440827
12890.json,donald-trump,barely-true,1,1,0.6545632479446084
3683.json,saxby-chambliss,false,1,0,0.4592016223472043
12983.json,tim-kaine,false,1,0,0.4604871132449367
1302.json,charlie-crist,pants-fire,1,1,0.8212405939613805
6676.json,gilberto-hinojosa,false,1,0,0.27984429837005725
12212.json,bernie-s,half-true,0,0,0.31681873127031673
4179.json,jessica-king,barely-true,1,1,0.9967993699513671
12814.json,bill-clinton,half-true,0,0,0.07314852659928883
3057.json,greg-walden,barely-true,1,1,0.5036516093547282
3371.json,andy-brown,false,1,0,0.4970707915862979
8319.json,state-democratic-party-wisconsin,half-true,0,1,0.5065731485523398
598.json,john-mccain,barely-true,1,1,0.8058704752845067
8509.json,charlie-crist,true,0,0,0.2264760176416139
8803.json,scott-walker,mostly-true,0,1,0.5764603610730029
9653.json,angel-taveras,half-true,0,0,0.0551850328022264
13002.json,donald-trump,mostly-true,0,0,0.4126573596020999
12126.json,stephen-zappala,half-true,0,0,0.0008092209685946955
8487.json,republican-party-florida,half-true,0,0,0.49089392154426015
1510.json,republican-governors-association,mostly-true,0,0,0.2078784980408942
5798.json,scott-walker,barely-true,1,1,0.6773216360356646
546.json,john-mccain,true,0,0,0.45142538219988965
1544.json,charlie-crist,true,0,0,0.04640092899090346
8045.json,tom-cole,true,0,0,0.0005845733909129924
10508.json,scott-walker,false,1,0,0.317531644267848
11550.json,donald-trump,barely-true,1,0,0.3691807119057123
1686.json,charlie-crist,half-true,0,0,0.4402015685547751
12216.json,donald-trump,false,1,1,0.68097484308013
5028.json,kyleen-wright,barely-true,1,1,0.9990695093686336
5014.json,national-republican-congressional-committee,true,0,0,0.47377521940224177
1746.json,charlie-crist,false,1,0,0.24555528166115756
120.json,joe-biden,true,0,1,0.7563095540068121
7849.json,national-republican-congressional-committee,mostly-true,0,1,0.7701110532346036
3567.json,donald-trump,false,1,0,0.4357472859992466
515.json,john-mccain,half-true,0,0,0.35078628673536094
7431.json,john-kasich,mostly-true,0,1,0.6526611674088564
1396.json,david-axelrod,mostly-true,0,0,0.04312680334949173
6305.json,robert-dimuccio,true,0,0,0.0011974195809242882
831.json,john-mccain,mostly-true,0,0,0.24311515619281346
8248.json,karl-rove,mostly-true,0,0,0.4268593888641251
12802.json,tim-kaine,half-true,0,0,0.029262401371351665
646.json,joe-biden,false,1,0,0.35384636149822524
2627.json,alexi-giannoulias,barely-true,1,1,0.9926981375531232
3463.json,glenn-beck,half-true,0,0,0.4982944762270074
8528.json,charlotte-nash,true,0,0,0.059728842022399295
9065.json,nathan-deal,true,0,0,0.0702253785727649
5217.json,robert-hagan,half-true,0,0,0.023099327266428372
1412.json,rush-limbaugh,pants-fire,1,1,0.6573042598711012
13384.json,donald-trump,pants-fire,1,1,0.7358150935534254
617.json,john-mccain,barely-true,1,1,0.6257311949429194
3723.json,john-kasich,barely-true,1,1,0.8771594683564273
5937.json,lloyd-doggett,mostly-true,0,0,0.006199980883672464
13016.json,donald-trump,half-true,0,0,0.42299990383166963
12920.json,vote-no-2,barely-true,1,0,0.3648499716194316
6245.json,american-commitment,pants-fire,1,1,0.9825111969705784
10292.json,allen-peake,true,0,0,0.004559357716602418
2915.json,vern-buchanan,false,1,0,0.3851354444611876
11361.json,tom-cole,true,0,0,0.0020793349757250675
8018.json,gilberto-hinojosa,pants-fire,1,0,0.4241406207367942
8678.json,blog-posting,barely-true,1,1,0.7103055390986799
10819.json,carly-fiorina,mostly-true,0,0,0.32825528487147726
9303.json,joaquin-castro,true,0,0,0.049961483698017936
928.json,fidelis,mostly-true,0,0,0.0009411352717755832
11909.json,donald-trump,barely-true,1,1,0.6911614161277407
11367.json,ben-carson,barely-true,1,0,0.310841394120756
4852.json,john-kasich,true,0,0,0.47906851685429314
8400.json,michael-thurmond,barely-true,1,1,0.9841950323311608
3961.json,blog-posting,false,1,1,0.8342007506365514
5428.json,alissa-keny-guyer,true,0,0,0.005109654867888097
6582.json,david-cicilline,mostly-true,0,0,0.11062345006510177
3857.json,robert-brown,barely-true,1,1,0.9764980350703107
9580.json,republican-party-florida,mostly-true,0,0,0.35542660653985325
742.json,john-mccain,barely-true,1,0,0.3185587047731653
10201.json,greta-van-susteren,mostly-true,0,0,0.251514675686988
8750.json,david-jolly,barely-true,1,1,0.7941243842644519
9136.json,mike-collier,false,1,1,0.9230639268570267
3898.json,elijah-cummings,true,0,0,0.0009714122033826314
11103.json,chuck-baldwin,pants-fire,1,1,0.9824911765853871
9811.json,john-carlevale,half-true,0,0,0.09367855482959479
8471.json,david-axelrod,mostly-true,0,1,0.5067183732251662
3825.json,debbie-wasserman-schultz,half-true,0,0,0.3888019125342967
8706.json,david-jolly,barely-true,1,1,0.8334934342841729
458.json,john-mccain,pants-fire,1,0,0.17624417642854665
140.json,bill-richardson,half-true,0,0,0.16134203072839362
2961.json,tom-coburn,mostly-true,0,0,0.1976656461835875
4278.json,ken-plum,false,1,0,0.24005970023245124
9673.json,nathan-deal,false,1,0,0.40945360203158176
12871.json,tim-kaine,half-true,0,0,0.20545815375694937
12149.json,donald-trump,barely-true,1,0,0.1769475786730249
12959.json,donald-trump,barely-true,1,0,0.2755289406019884
12777.json,bernie-s,half-true,0,0,0.02613427488065927
12584.json,thomas-perez,barely-true,1,0,0.17935986877285304
7866.json,bernie-s,true,0,0,0.05400286689665915
7962.json,debbie-wasserman-schultz,mostly-true,0,0,0.4222411266475013
12710.json,donald-trump,false,1,0,0.4962715702626665
13191.json,tim-kaine,barely-true,1,1,0.6936032988272312
12251.json,don-beyer,barely-true,1,0,0.323009362557355
1980.json,jan-brewer,false,1,1,0.8450150492579621
9678.json,rush-limbaugh,mostly-true,0,1,0.6209974141130751
2111.json,bob-gibbs,true,0,0,0.2754854413791224
9251.json,julian-castro,mostly-true,0,0,0.0010013031370411716
2692.json,tim-kaine,barely-true,1,0,0.20052605726212874
11368.json,scott-walker,half-true,0,0,0.20463287189328563
13520.json,blog-posting,mostly-true,0,1,0.908298299347538
662.json,john-mccain,false,1,1,0.6237847236637728
7822.json,nathan-deal,half-true,0,0,0.10028892952814349
2158.json,bill-lynch,barely-true,1,1,0.851250619165364
10497.json,scott-walker,mostly-true,0,0,0.19596295840959055
1542.json,charlie-crist,true,0,0,0.10771838559991281
4667.json,sam-adams,barely-true,1,0,0.44968918412657793
11512.json,carly-fiorina,half-true,0,1,0.5609440441316474
10698.json,foundation-secure-and-prosperous-america,barely-true,1,1,0.988586103541087
13224.json,donald-trump,barely-true,1,1,0.6370571566343689
1754.json,lamar-mckay,barely-true,1,1,0.9881891654125365
1454.json,david-axelrod,true,0,0,0.43538841717999593
11273.json,donald-trump,false,1,1,0.9754199107302162
7846.json,dale-kooyenga,mostly-true,0,0,0.2964320235481717
10993.json,stanley-mcchrystal,half-true,0,0,0.0014257343669365201
12097.json,joanne-kloppenburg,false,1,1,0.5021002730348133
6464.json,david-cicilline,false,1,0,0.42907553653305097
8553.json,goldie-taylor,false,1,1,0.9308759902839632
9961.json,catherine-taylor,true,0,1,0.9277700705549227
2545.json,debbie-jackow,false,1,1,0.9917720359715105
4142.json,dominick-marino,half-true,0,0,0.002927739819571529
3213.json,peter-defazio,mostly-true,0,0,0.11848069359619005
12801.json,chris-murphy,true,0,0,0.0030674544380988973
10867.json,scott-walker,mostly-true,0,0,0.29914854389498063
6101.json,tim-kaine,mostly-true,0,0,0.2217534385937548
11422.json,bernie-s,mostly-true,0,0,0.19619112293862676
13185.json,tim-kaine,half-true,0,0,0.17753505042503787
10574.json,bill-oreilly,half-true,0,0,0.46681918029737524
6852.json,robert-menendez,true,0,0,0.25764657449674083
6044.json,gary-johnson,barely-true,1,0,0.20183182072087885
5148.json,democratic-congressional-campaign-committee,pants-fire,1,1,0.8721680403275368
12239.json,bernie-s,mostly-true,0,0,0.16031950442066845
1255.json,carl-levin,true,0,0,0.0016748404228129384
9887.json,charlie-crist,mostly-true,0,0,0.34621462412217785
12971.json,donald-trump,false,1,0,0.48010954117738064
10584.json,ben-carson,false,1,1,0.5440509999445521
3295.json,tim-kaine,mostly-true,0,0,0.193128675982701
4052.json,united-fair-economy,mostly-true,0,0,0.001480360893408697
10619.json,rush-limbaugh,false,1,1,0.8158941464454053
9604.json,rush-limbaugh,half-true,0,0,0.45149913376079076
1721.json,debbie-wasserman-schultz,barely-true,1,1,0.880457589598528
5437.json,national-republican-congressional-committee,barely-true,1,1,0.5459816055812502
3833.json,national-republican-congressional-committee,barely-true,1,0,0.4931069711570277
1062.json,keith-olbermann,false,1,0,0.2884899137628617
13396.json,blog-posting,pants-fire,1,1,0.7119243739834314
3299.json,scott-walker,false,1,1,0.890597858764739
6719.json,national-republican-congressional-committee,half-true,0,1,0.6832742576714812
8918.json,dan-patrick,false,1,1,0.854025687163133
13011.json,donald-trump,half-true,0,1,0.5891336276379889
1296.json,rush-limbaugh,half-true,0,1,0.6454402982626353
4448.json,debbie-wasserman-schultz,barely-true,1,0,0.07324439936246348
10875.json,sarah-silverman,true,0,0,0.0006145666305311236
11044.json,donald-trump,pants-fire,1,1,0.6479912581473793
10805.json,danny-porter,half-true,0,0,0.003818151898808507
4772.json,kathleen-connell,false,1,1,0.9402064294662853
9855.json,blog-posting,pants-fire,1,1,0.5792981546034645
12984.json,donald-trump,pants-fire,1,1,0.681917245405224
3328.json,bill-oreilly,mostly-true,0,0,0.2100208748963412
9972.json,scott-walker,mostly-true,0,0,0.3503592266253827
10476.json,celine-gounder,true,0,0,0.002903687468025162
8132.json,bill-foster,half-true,0,0,0.15114104608593304
6172.json,rush-limbaugh,pants-fire,1,1,0.6503316437909029
12892.json,donald-trump,pants-fire,1,1,0.8461853697069153
10094.json,scott-walker,mostly-true,0,0,0.1950211684265469
514.json,john-mccain,true,0,1,0.5055415070570815
2586.json,john-kasich,mostly-true,0,0,0.2505971413000356
1923.json,orrin-hatch,barely-true,1,0,0.17763873270925298
5301.json,debbie-wasserman-schultz,false,1,0,0.1084415734693785
1291.json,tom-mcclintock,false,1,1,0.9957679808570956
9903.json,national-republican-congressional-committee,barely-true,1,0,0.05650541942825429
12796.json,donald-trump,mostly-true,0,1,0.6153288952495665
7180.json,sam-adams,false,1,0,0.16121537932822316
3716.json,ron-paul,half-true,0,0,0.2756363128045526
9654.json,dennis-richardson,mostly-true,0,0,0.08769282544013912
2836.json,john-pistole,true,0,0,0.017111402727119498
9697.json,lenar-whitney,pants-fire,1,1,0.9984275496693483
4405.json,daniel-mckee,mostly-true,0,0,0.0006450670638483852
3515.json,donald-trump,false,1,1,0.6982717513523568
11745.json,dan-patrick,half-true,0,1,0.6834186546506215
9700.json,charlie-crist,barely-true,1,1,0.5053030284531345
10515.json,scott-walker,half-true,0,0,0.32330372112471745
9753.json,scott-walker,true,0,0,0.3332207577628929
11098.json,rush-limbaugh,half-true,0,1,0.7193724289167901
7600.json,blog-posting,mostly-true,0,1,0.8367539581642593
13139.json,donald-trump,barely-true,1,1,0.5855727610793913
718.json,john-mccain,mostly-true,0,0,0.2780565106200512
5516.json,scott-walker,half-true,0,0,0.3719397617320072
13308.json,donald-trump,barely-true,1,1,0.7143875553859854
3298.json,scott-walker,true,0,0,0.31636068046472904
8063.json,instagram-posts,false,1,1,0.9698184641039196
4280.json,ron-paul,false,1,1,0.5464488168039783
476.json,john-mccain,half-true,0,0,0.1551487324606227
1870.json,fulton-county-government,true,0,0,0.0010046311584215044
5745.json,joe-biden,half-true,0,0,0.09049593641754992
3486.json,larry-ahern,false,1,1,0.9936165171210803
8565.json,saxby-chambliss,mostly-true,0,0,0.050626321005461696
1899.json,john-mccain,true,0,0,0.24413840436411258
3775.json,ken-cuccinelli,true,0,1,0.8862835205340173
2895.json,michael-steele,half-true,0,0,0.40222320343405266
665.json,joe-biden,half-true,0,0,0.14850813714125444
11733.json,donald-trump,false,1,0,0.27662359762377253
12369.json,donald-trump,false,1,0,0.38576075753555367
11220.json,julian-castro,true,0,0,0.0007641781025879962
13475.json,blog-posting,pants-fire,1,1,0.8407921001102713
668.json,joe-biden,barely-true,1,0,0.10522520166025484
6347.json,robert-menendez,true,0,0,0.17387173059234387
8273.json,eddie-bernice-johnson,false,1,1,0.9816191352265229
2382.json,austan-goolsbee,mostly-true,0,0,0.251264498381548
2389.json,jb-van-hollen,mostly-true,0,0,0.000622722058352161
2365.json,maryellen-oshaughnessy,false,1,1,0.9497212522657977
90.json,joe-biden,false,1,0,0.0939469689298991
9108.json,gilberto-hinojosa,false,1,0,0.3810928655382919
8184.json,steve-lonegan,half-true,0,1,0.5420614013734683
9649.json,republican-party-florida,barely-true,1,0,0.3360236185236343
10480.json,rush-limbaugh,pants-fire,1,1,0.6803757690413657
11631.json,ben-carson,false,1,1,0.6291470866452225
9387.json,aclu-florida,half-true,0,0,0.4391635030268685
1596.json,cliff-stearns,half-true,0,0,0.000831330023987131
2028.json,alexi-giannoulias,true,0,1,0.9630872845462642
11237.json,scott-walker,true,0,0,0.22542815946664405
744.json,john-mccain,false,1,0,0.1810207699727897
559.json,john-mccain,false,1,0,0.3771091691165992
667.json,joe-biden,true,0,1,0.5406147759819725
1007.json,rush-limbaugh,mostly-true,0,1,0.504751642938572
12935.json,donald-trump,false,1,1,0.9066880867844945
10214.json,lynda-rife,barely-true,1,1,0.9953568324313158
9767.json,scott-walker,mostly-true,0,1,0.7381625580284733
766.json,joe-biden,mostly-true,0,0,0.10263141381136999
570.json,john-mccain,half-true,0,1,0.6407543107823457
11942.json,donald-trump,barely-true,1,1,0.8566423028294554
9952.json,republican-governors-association,mostly-true,0,1,0.7979688421212976
806.json,john-mccain,true,0,0,0.47689432014929933
4829.json,scott-walker,false,1,1,0.5866423067452485
8220.json,ken-cuccinelli,false,1,1,0.8096753663825048
3832.json,charlotte-nash,mostly-true,0,0,0.04083114944957259
12119.json,donald-trump,false,1,1,0.7407455817092913
8155.json,bill-foster,true,0,0,0.06973824857316727
11533.json,ben-carson,pants-fire,1,1,0.6421869890609124
8138.json,jeb-hensarling,half-true,0,1,0.7599587464498126
7209.json,robert-menendez,true,0,0,0.012529995861418898
4078.json,stephen-sweeney,barely-true,1,0,0.4284606210222339
11853.json,bernie-s,false,1,0,0.4053574560441001
773.json,joe-biden,true,0,0,0.1871155674745865
13530.json,donald-trump,false,1,0,0.48996976247987567
13426.json,donald-trump,mostly-true,0,1,0.7402200824649874
2415.json,steve-munisteri,half-true,0,0,0.013421714764799626
4055.json,nina-turner,true,0,1,0.8248585304117789
188.json,bill-richardson,false,1,0,0.18796412036450133
2229.json,esquire-magazine,true,0,0,0.00765008063595892
3618.json,democratic-congressional-campaign-committee,pants-fire,1,1,0.6485592846492708
12659.json,donald-trump,half-true,0,0,0.3393005443459335
10953.json,donald-trump,false,1,0,0.4033106177542209
11336.json,ben-carson,false,1,1,0.5089884756114315
6855.json,sam-adams,true,0,0,0.3217029496846908
2907.json,nfl-players-association,false,1,1,0.9829867671235419
3988.json,vern-buchanan,barely-true,1,1,0.7656659343129919
3579.json,donald-trump,false,1,1,0.7801318863012879
4159.json,bruce-hanna,barely-true,1,1,0.8582310545180327
252.json,joe-biden,barely-true,1,0,0.20931348071119765
5035.json,restore-our-future,half-true,0,0,0.1290775765040669
8890.json,state-democratic-party-wisconsin,false,1,1,0.8392349695710807
9852.json,tim-kaine,mostly-true,0,0,0.34412596209378127
4980.json,lloyd-doggett,barely-true,1,0,0.08634221805411832
3370.json,ken-cuccinelli,half-true,0,1,0.5086659909188453
12062.json,culinary-workers-union,mostly-true,0,0,0.0009354295381026819
10392.json,nathan-deal,mostly-true,0,0,0.3797882413129003
1040.json,michael-steele,true,0,1,0.7260880598918652
13065.json,bob-duffy,mostly-true,0,0,0.0011178778028254606
12040.json,bernie-s,mostly-true,0,1,0.513580948535488
1002.json,wayne-lapierre,half-true,0,1,0.6920293153351076
9530.json,rush-limbaugh,pants-fire,1,1,0.8675833409218157
3265.json,club-growth,barely-true,1,1,0.756998366683591
7923.json,joe-biden,true,0,0,0.07715335799397977
12094.json,donald-trump,false,1,0,0.3528258743569863
3547.json,donald-trump,half-true,0,1,0.8330987380946299
10043.json,morgan-brittany,pants-fire,1,1,0.9726062448388952
10973.json,scott-walker,half-true,0,0,0.1838566817378473
697.json,john-mccain,half-true,0,0,0.40035185184199557
2300.json,ron-klein,mostly-true,0,0,0.09337337137637158
5861.json,eileen-brady,false,1,1,0.792849674365769
8668.json,sam-houston,half-true,0,0,0.0022364198314936898
7068.json,republican-governors-association,half-true,0,1,0.5197699196339892
5888.json,bill-spelman,false,1,1,0.9540984881138761
13388.json,arizonans-responsible-drug-policy,half-true,0,1,0.545170727658402
6549.json,charlie-crist,half-true,0,1,0.5118582892293424
4059.json,better-austin-today-political-action-committee,false,1,1,0.9875618715974058
1590.json,citizens-lower-taxes-and-stronger-economy,true,0,0,0.09109870146525656
365.json,blog-posting,pants-fire,1,1,0.948748034103429
8325.json,bernie-s,half-true,0,0,0.03320685913929232
12911.json,donald-trump,pants-fire,1,0,0.3062943189361413
10368.json,jerry-jones,false,1,1,0.9850467346757608
721.json,john-mccain,barely-true,1,1,0.7960678522261734
2022.json,jan-brewer,half-true,0,1,0.9343809524197627
4762.json,blog-posting,barely-true,1,1,0.8219265998788609
12872.json,tim-kaine,false,1,0,0.09150111680002106
1546.json,charlie-crist,mostly-true,0,1,0.6713860892327072
408.json,bill-clinton,true,0,0,0.16052291998672039
9895.json,dan-patrick,true,0,0,0.12132335421428891
4747.json,jon-huntsman,half-true,0,0,0.07142460495397995
9105.json,charlie-crist,mostly-true,0,0,0.20408466778176218
2446.json,bill-clinton,half-true,0,0,0.04985480055450715
3669.json,dan-boren,half-true,0,0,0.0009764753491394166
4385.json,blog-posting,pants-fire,1,1,0.7843003313792705
8211.json,jeffrey-grybowski,mostly-true,0,0,0.012623872676337194
146.json,bill-richardson,half-true,0,0,0.024237944359901033
5476.json,charlotte-nash,mostly-true,0,0,0.18204471931471686
12329.json,donald-trump,false,1,0,0.3518839821673484
9647.json,club-growth,false,1,0,0.47354410840677313
6752.json,marsha-blackburn,true,0,1,0.8401325686319312
6619.json,david-cicilline,false,1,0,0.21390319183837317
10660.json,state-democratic-party-wisconsin,pants-fire,1,0,0.46030529861221026
12406.json,national-republican-congressional-committee,pants-fire,1,1,0.9184240524430969
1157.json,tom-coburn,half-true,0,0,0.1410660443465961
3373.json,democratic-congressional-campaign-committee,barely-true,1,1,0.8024678822551027
1447.json,jeb-hensarling,false,1,1,0.6436266499619361
1317.json,bob-beckel,half-true,0,1,0.5286972291095049
11206.json,bernie-s,false,1,0,0.1970098855977918
6613.json,democratic-party-oregon,half-true,0,1,0.691296357836098
12641.json,colorado-citizens-accountable-government,pants-fire,1,1,0.9722633552940684
10323.json,scott-walker,true,0,0,0.4819254835113612
743.json,john-mccain,mostly-true,0,0,0.09267263559348674
12413.json,david-miliband,mostly-true,0,0,0.0018766072593635508
13318.json,donald-trump,half-true,0,1,0.7860483398762294
9170.json,john-e-sununu,false,1,1,0.9800977802196242
11688.json,carly-fiorina,barely-true,1,1,0.5750205356292929
3273.json,scott-walker,pants-fire,1,1,0.8131253153000363
10465.json,nathan-deal,true,0,0,0.12740671098776932
6804.json,national-republican-congressional-committee,pants-fire,1,1,0.894475454224954
129.json,joe-biden,true,0,0,0.1896884776017695
7219.json,sam-adams,half-true,0,0,0.0602610854138848
13436.json,chris-sununu,pants-fire,1,1,0.6943471704796514
9665.json,city-brookhaven,half-true,0,0,0.0005366574543241889
8362.json,ken-cuccinelli,mostly-true,0,0,0.1880300662057366
7995.json,americans-prosperity-georgia-chapter,half-true,0,0,0.0014049484432121844
12262.json,bernie-s,barely-true,1,0,0.4338647035600914
7252.json,kirk-watson,true,0,0,0.005324983791268318
12462.json,donald-trump,half-true,0,0,0.3444553825963263
5103.json,nina-turner,barely-true,1,1,0.7913169649031159
8660.json,generation-opportunity,half-true,0,0,0.002509519373635572
10558.json,kurt-bauer,barely-true,1,1,0.9681339125349476
10790.json,van-taylor,barely-true,1,1,0.9910374382781973
11362.json,chuck-todd,true,0,0,0.009368289590793433
5600.json,blog-posting,false,1,1,0.9361024449572046
6078.json,scott-walker,barely-true,1,0,0.28736063715629095
3830.json,john-kasich,mostly-true,0,0,0.26924318973379074
1368.json,charlie-crist,true,0,0,0.056073622206182026
1456.json,debra-medina,false,1,0,0.3613870129577007
602.json,john-mccain,true,0,1,0.5727882857146263
13024.json,donald-trump,false,1,1,0.8966863671176689
4773.json,rob-cornilles,false,1,1,0.8210998488569649
11667.json,donald-trump,barely-true,1,1,0.8093789708598399
13456.json,ann-coulter,false,1,1,0.5866472401647481
10797.json,scott-walker,barely-true,1,0,0.3694284376067412
7486.json,scott-walker,mostly-true,0,0,0.20483266170305883
12762.json,donald-trump,pants-fire,1,1,0.5310347566068957
6893.json,coalition-bring-jobs-ri,barely-true,1,1,0.968843809679293
10345.json,patrick-lynch,barely-true,1,0,0.23746388729741694
11498.json,donald-trump,pants-fire,1,1,0.7423463551153994
802.json,john-mccain,false,1,1,0.6250821367933707
5930.json,bill-pascrell,mostly-true,0,0,0.06882223678806314
7567.json,carlos-trujillo,false,1,1,0.9925404105312976
12495.json,state-democratic-party-wisconsin,mostly-true,0,1,0.8591550587297192
12451.json,bernie-s,mostly-true,0,0,0.1724470026085753
3605.json,jim-keffer,true,0,0,0.0006912893769534813
116.json,john-mccain,half-true,0,0,0.15538018652969096
9959.json,ryan-lizza,true,0,0,0.06852154418671808
12337.json,bernie-s,barely-true,1,0,0.31578205399014947
12208.json,jorge-ramos,half-true,0,0,0.13043089596070323
5827.json,democratic-congressional-campaign-committee,barely-true,1,1,0.9138447617943872
11812.json,fox-news-channel,half-true,0,0,0.002284146918885318
821.json,john-mccain,false,1,0,0.049426883311292
4199.json,bill-oreilly,false,1,0,0.2785546332595086
11614.json,bernie-s,half-true,0,0,0.36509012637965604
3199.json,bill-oreilly,half-true,0,0,0.468117518015021
12532.json,donald-trump,pants-fire,1,1,0.7229448920733004
2370.json,ron-paul,half-true,0,0,0.09166600090548532
4177.json,ron-paul,true,0,1,0.6494920632403769
2228.json,rebecca-bell-metereau,barely-true,1,1,0.9926106636532378
7025.json,george-flinn,false,1,1,0.8847314749515491
9158.json,bob-beckel,true,0,0,0.44410560557056944
7636.json,caddy-mckeown,true,0,0,0.0031093462368332507
1841.json,cathie-adams,half-true,0,1,0.8983001877840859
10168.json,megyn-kelly,false,1,0,0.3652251710709991
6902.json,robert-menendez,false,1,0,0.13802878435416646
10951.json,donald-trump,false,1,1,0.893183203667277
9571.json,blog-posting,pants-fire,1,1,0.919016850753785
9732.json,charlie-crist,half-true,0,0,0.27046652914199265
8091.json,blog-posting,barely-true,1,1,0.8483481178088641
9899.json,john-mccain,mostly-true,0,0,0.45479844217640275
8554.json,lynn-westmoreland,true,0,1,0.7501982175671332
2637.json,ohio-republican-party,false,1,1,0.6851841516270039
12973.json,republican-party-florida,barely-true,1,1,0.7507792383561678
542.json,john-mccain,true,0,0,0.21954159450306387
5455.json,ron-paul,half-true,0,0,0.3777814141667295
7053.json,majority-pac,half-true,0,0,0.11932247015256525
4452.json,scott-walker,barely-true,1,1,0.6352800229662683
3654.json,joe-biden,mostly-true,0,0,0.05265899688658797
4394.json,joe-biden,false,1,0,0.3067870069906813
1583.json,cathie-adams,false,1,1,0.8767867412672753
11549.json,ben-carson,false,1,0,0.22687761389919553
4320.json,jon-huntsman,half-true,0,0,0.2590265377674369
7282.json,mike-polensek,true,0,0,0.00039871146536573325
12129.json,democratic-congressional-campaign-committee,barely-true,1,1,0.5029165693997294
12979.json,donald-trump,false,1,1,0.615385485581503
12466.json,donald-trump,false,1,0,0.2913695849319012
272.json,joe-biden,mostly-true,0,0,0.168070833535383
8816.json,state-democratic-party-wisconsin,true,0,0,0.28511473368636614
3053.json,jeff-fitzgerald,barely-true,1,0,0.48808876468408674
11785.json,bernie-s,mostly-true,0,1,0.5975278720102543
1961.json,dubose-porter,true,0,0,0.0009439700060811955
10801.json,bill-clinton,true,0,1,0.7066758536352915
3437.json,georgia-state-senators,false,1,1,0.9897245244789104
1423.json,dick-armey,false,1,1,0.7903204833995183
7612.json,scott-walker,half-true,0,0,0.34262726537677235
10152.json,scott-walker,mostly-true,0,0,0.13850729588171184
13295.json,donald-trump,pants-fire,1,1,0.7008740927546397
535.json,john-mccain,true,0,1,0.6956720485434169
407.json,john-mccain,false,1,1,0.6723773981991112
4455.json,debbie-wasserman-schultz,false,1,0,0.13439754326551398
4672.json,scott-walker,false,1,0,0.49592336840909645
3678.json,donald-trump,half-true,0,0,0.08735620550478897
8134.json,scott-walker,true,0,1,0.8102943108668436
3868.json,austan-goolsbee,mostly-true,0,0,0.035632026204275934
11948.json,samir-chachoua,pants-fire,1,1,0.9932899740416838
206.json,ron-paul,true,0,0,0.2431924616809212
8297.json,ken-cuccinelli,false,1,0,0.45045051271926767
7801.json,david-cicilline,barely-true,1,0,0.09565318178113649
11775.json,bernie-s,barely-true,1,0,0.16455397207092137
2515.json,david-cicilline,half-true,0,0,0.377404562338894
6224.json,julian-castro,half-true,0,0,0.0029851496818903743
2485.json,david-axelrod,barely-true,1,0,0.05259438070716843
12430.json,donald-trump,false,1,0,0.4104384632433279
11122.json,donald-trump,barely-true,1,0,0.4410482243892017
2579.json,armond-budish,mostly-true,0,0,0.058011878362272964
3427.json,bill-kristol,mostly-true,0,0,0.17801648099480671
2549.json,susan-b-anthony-list,false,1,1,0.9866533729747545
748.json,john-mccain,barely-true,1,0,0.06157979356851898
9869.json,scott-walker,mostly-true,0,0,0.3874073677280662
5490.json,gary-johnson,mostly-true,0,0,0.21395447708298704
12644.json,donald-trump,mostly-true,0,1,0.6648219020979599
6794.json,jon-husted,mostly-true,0,0,0.05434542273730193
7143.json,anne-goodman,true,0,0,0.002827292016910171
13242.json,donald-trump,false,1,1,0.5287971201083724
8160.json,mark-kelly,true,0,0,0.0011633873414236444
12153.json,pat-mccrory,false,1,1,0.5833666370791167
13449.json,donald-trump,half-true,0,1,0.7120167551405989
1172.json,glenn-beck,half-true,0,1,0.5440021629947567
9912.json,rhue-reis,false,1,1,0.9816270918457158
4417.json,donna-shalala,barely-true,1,1,0.9923608330791586
11313.json,donald-trump,false,1,1,0.6485397608273836
1272.json,christopher-monckton,pants-fire,1,1,0.9087310582717669
1356.json,glenn-beck,false,1,1,0.7410198587394231
3787.json,frank-wolf,barely-true,1,1,0.8278480998100004
5323.json,joe-biden,mostly-true,0,0,0.052397190381758205
1642.json,liberty-institute,half-true,0,0,0.0018420870543575819
11489.json,reader-email,pants-fire,1,1,0.6914395301025074
9296.json,defending-main-street,barely-true,1,1,0.9798392026494789
3279.json,donna-brazile,half-true,0,0,0.19252547056596775
284.json,bill-clinton,half-true,0,0,0.1991800953667816
11611.json,donald-trump,pants-fire,1,1,0.624524336598792
3223.json,get-equal-texas,half-true,0,0,0.001378352387246694
9191.json,new-hampshire-republican-party,mostly-true,0,0,0.14895622982315074
5968.json,gilberto-hinojosa,false,1,0,0.2729464251135129
12152.json,donald-trump,pants-fire,1,0,0.37873852006599473
6792.json,stefani-carter,half-true,0,0,0.008889915116466213
7289.json,lloyd-doggett,half-true,0,0,0.02335710582596481
9733.json,michael-bloomberg,false,1,0,0.30252488737916344
12000.json,john-kasich,mostly-true,0,0,0.2834757920428828
5614.json,new-hampshire-republican-party,barely-true,1,1,0.7570107767261322
12217.json,bernie-s,true,0,0,0.13898454221771675
8389.json,jeanne-shaheen,true,0,0,0.021144750291296106
1609.json,charlie-crist,barely-true,1,1,0.5247525410247594
8274.json,ken-cuccinelli,half-true,0,1,0.8812921876108193
5233.json,scott-walker,mostly-true,0,1,0.6365224365914918
1663.json,john-mccain,pants-fire,1,1,0.8770229597397873
7199.json,terry-russell,true,0,0,0.021419159865231886
9523.json,james-buchal,false,1,1,0.9850406121368146
11738.json,donald-trump,false,1,1,0.738270425179755
1752.json,rush-limbaugh,false,1,1,0.6985419738049358
8143.json,ken-cuccinelli,false,1,1,0.7209739924162151
10589.json,julie-lassa,half-true,0,0,0.31149064420954947
4183.json,chip-rogers,true,0,0,0.08113598025516922
11148.json,jack-hanna,mostly-true,0,0,0.00030582746136829334
6422.json,protect-your-vote-ohio-protect-your-vote-ohio,mostly-true,0,0,0.002869541107596457
4752.json,debbie-wasserman-schultz,mostly-true,0,0,0.29451372546305643
69.json,ron-paul,true,0,0,0.4906959567011533
6036.json,david-axelrod,half-true,0,0,0.16336194360041387
3725.json,silvestre-reyes,mostly-true,0,0,0.05339179089338803
8407.json,debbie-wasserman-schultz,barely-true,1,0,0.4922561483656138
12340.json,joe-biden,mostly-true,0,0,0.1250188016704263
6887.json,jon-husted,false,1,0,0.2468470264305615
11885.json,bernie-s,mostly-true,0,0,0.3714904619232693
9904.json,national-republican-congressional-committee,half-true,0,0,0.14297009181878853
11609.json,carly-fiorina,false,1,0,0.3633414484917181
3834.json,debbie-wasserman-schultz,false,1,0,0.39753467036616547
7853.json,ken-cuccinelli,false,1,1,0.7079073149180404
10400.json,claire-suggs,mostly-true,0,0,0.00041803683530998784
2743.json,taxpayer-association-oregon,half-true,0,1,0.5358953903798166
13076.json,john-fleming,false,1,1,0.9933570863121864
12241.json,bernie-s,half-true,0,0,0.05467986762793161
4678.json,joe-biden,half-true,0,0,0.022137095474759234
4000.json,nathan-deal,barely-true,1,0,0.45808452348071493
2148.json,jeb-hensarling,true,0,1,0.5980859902430959
12300.json,david-jolly,true,0,0,0.3514330003791758
11274.json,jorge-ramos,half-true,0,0,0.035405011243753184
9829.json,mike-collier,true,0,1,0.9826111905819245
7294.json,scott-walker,pants-fire,1,1,0.5584111076971436
3238.json,scott-walker,false,1,0,0.41591786215327275
13120.json,donald-trump,half-true,0,1,0.8883582729540322
6650.json,anthony-gemma,mostly-true,0,0,0.07289142366339484
1487.json,joe-biden,half-true,0,0,0.2712657617303811
6360.json,bernie-s,true,0,0,0.2004546599919389
12327.json,bernie-s,mostly-true,0,0,0.4006938330588624
13162.json,arizonans-responsible-drug-policy,barely-true,1,1,0.6302544746447702
2172.json,republican-governors-association,half-true,0,0,0.2187632752152663
5701.json,republican-governors-association,half-true,0,0,0.21578799148559605
4038.json,robert-brown,false,1,1,0.9829873505060749
1761.json,progress-florida,true,0,0,0.02782525458610284
2588.json,christine-odonnell,mostly-true,0,0,0.2651887061631519
12934.json,donald-trump,barely-true,1,1,0.6142608413184883
7159.json,jeanne-shaheen,barely-true,1,0,0.15197877055214548
1851.json,votevetsorg,half-true,0,1,0.6199850215716715
7464.json,trey-martinez-fischer,half-true,0,0,0.0003138994727090111
13493.json,donald-trump,pants-fire,1,1,0.7721836756444554
13332.json,donald-trump,half-true,0,0,0.44935826487408564
11783.json,debbie-wasserman-schultz,false,1,0,0.13098787144672458
7977.json,debbie-wasserman-schultz,true,0,0,0.0995765524380496
10211.json,scott-walker,true,0,0,0.2757809136977002
5687.json,scott-walker,false,1,1,0.6802447513890267
13232.json,donald-trump,false,1,1,0.6412263477563386
6904.json,joe-biden,barely-true,1,1,0.5131588219410269
9325.json,karl-rove,false,1,0,0.47998653078129516
4736.json,taxpayer-association-oregon,false,1,0,0.2258414651126643
9830.json,john-mccain,mostly-true,0,0,0.40163615727297564
9078.json,jim-moore,true,0,0,0.009638769042817557
8738.json,rush-limbaugh,pants-fire,1,1,0.7918859656053555
4419.json,michael-bloomberg,true,0,0,0.08180022493850594
11293.json,donald-trump,mostly-true,0,1,0.6076671776231788
12467.json,nfederation-o-independent-business-virginia,half-true,0,0,0.007009980256259446
2084.json,joe-biden,barely-true,1,0,0.10380769235085546
6968.json,david-cicilline,true,0,0,0.09196370503868957
13365.json,donald-trump,half-true,0,0,0.37744352227219474
9392.json,jeff-merkley,half-true,0,0,0.0208798076993402
8280.json,blog-posting,pants-fire,1,1,0.9400249602053092
8424.json,ken-cuccinelli,false,1,1,0.8689637441620954
2219.json,bob-gibbs,pants-fire,1,0,0.21886605825560457
10096.json,nathan-deal,false,1,0,0.30264995744488643
6148.json,david-cicilline,barely-true,1,0,0.23377793557580562
7681.json,carlos-gimenez,false,1,1,0.9723802234812676
8537.json,steve-israel,true,0,0,0.06525752073946245
12175.json,donald-trump,half-true,0,1,0.6212315343501867
9529.json,gilberto-hinojosa,false,1,1,0.6849324358749777
13140.json,afscme-people,mostly-true,0,0,0.000538034758902353
13337.json,donald-trump,false,1,1,0.8789872640506454
4849.json,susan-combs,false,1,1,0.9664366802721781
4725.json,john-kasich,pants-fire,1,0,0.08399649006423465
9002.json,republican-governors-association,barely-true,1,0,0.18394236990881657
11114.json,scott-walker,mostly-true,0,0,0.33178615074627954
6790.json,carol-shea-porter,barely-true,1,0,0.05540144202039369
12831.json,james-woods,pants-fire,1,1,0.9860560521370252
509.json,john-mccain,true,0,0,0.40998258337630705
8237.json,dan-patrick,half-true,0,1,0.603710307384504
3805.json,agenda-project,false,1,1,0.6791513325345314
11031.json,gus-bilirakis,mostly-true,0,0,0.14732387112128112
10180.json,jeanne-shaheen,half-true,0,0,0.20723279838058586
3431.json,charles-reed,false,1,1,0.9752043332578167
4740.json,john-klenke,false,1,1,0.8580805987384669
7741.json,david-cicilline,true,0,0,0.11116722671471052
5115.json,ron-paul,half-true,0,0,0.3663393588064206
473.json,john-mccain,mostly-true,0,0,0.24825310126097563
3893.json,janice-hahn,half-true,0,0,0.0014947695716176503
398.json,campaign-defend-america,mostly-true,0,1,0.5442015163876479
4802.json,philip-keefe,false,1,1,0.9283059848550026
11355.json,jim-gilmore,true,0,0,0.013460226084794469
242.json,club-growth,half-true,0,0,0.15235265287180577
11306.json,club-growth,mostly-true,0,1,0.6734534023350237
8741.json,tom-coburn,barely-true,1,1,0.6426581721528754
2663.json,citizens-lower-taxes-and-stronger-economy,pants-fire,1,0,0.24034116925022905
8470.json,john-fleming,true,0,1,0.9603072569274101
10033.json,democratic-congressional-campaign-committee,pants-fire,1,1,0.8126914220959708
429.json,focus-family-action,true,0,1,0.9896278068869879
12271.json,bernie-s,mostly-true,0,0,0.26014239476344364
8439.json,maria-bartiromo,false,1,1,0.9271836635364312
8772.json,bill-post,pants-fire,1,1,0.9978511182368804
461.json,john-mccain,mostly-true,0,1,0.8515107924745486
7092.json,big-gamble-nj,mostly-true,0,0,0.0008107923324613703
550.json,ralph-nader,barely-true,1,0,0.26270427480837966
11974.json,huey-rey-fischer,mostly-true,0,0,0.00021286681309786755
13082.json,donald-trump,pants-fire,1,1,0.760159607797904
8927.json,national-republican-congressional-committee,barely-true,1,1,0.8490638264881767
13003.json,james-woods,true,0,1,0.9919764575531427
7635.json,eva-marie-mancuso,half-true,0,0,0.0014876236471711988
5831.json,saxby-chambliss,true,0,0,0.4233108150899165
3376.json,scott-walker,mostly-true,0,0,0.2909565503342568
12932.json,joe-biden,barely-true,1,0,0.11772392948124114
6390.json,jeff-fitzgerald,mostly-true,0,0,0.14063479187138098
4001.json,david-cicilline,pants-fire,1,0,0.16196681920853484
12399.json,bernie-s,half-true,0,0,0.18633007662817488
8598.json,lloyd-doggett,mostly-true,0,0,0.030056760917515038
5016.json,national-republican-congressional-committee,barely-true,1,0,0.20965934068518136
4488.json,gary-johnson,half-true,0,0,0.26479688111892774
9789.json,blog-posting,pants-fire,1,1,0.9609644105464086
12304.json,donald-trump,false,1,0,0.35233841036642277
11491.json,peter-kinder,true,0,0,0.37766806035751355
13345.json,nathan-deal,mostly-true,0,1,0.626412623697178
933.json,michael-steele,pants-fire,1,1,0.7350666733444559
3001.json,dekalb-county,barely-true,1,0,0.021540713128583668
4581.json,jose-rodriguez,barely-true,1,1,0.9222781352895668
12510.json,scott-walker,half-true,0,0,0.3356082706872735
5063.json,ron-paul,false,1,1,0.6206211274571072
10961.json,donald-trump,false,1,1,0.6606240789237421
11870.json,donald-trump,false,1,1,0.6097798775423567
1563.json,hank-gilbert,barely-true,1,0,0.3043722571565582
5022.json,restore-our-future,half-true,0,0,0.09711313444139899
10090.json,glenn-beck,half-true,0,1,0.7070602678238728
1608.json,todd-tiahrt,half-true,0,0,0.0006410356474494752
10440.json,nathan-deal,true,0,0,0.2018044884885163
7198.json,steve-lonegan,barely-true,1,1,0.5097205113472305
1153.json,dick-armey,half-true,0,0,0.47339752114993994
11161.json,scott-walker,true,0,0,0.2105083669085597
6923.json,mary-nolan,true,0,0,0.006501057699692984
3661.json,joanne-kloppenburg,barely-true,1,1,0.5715894799565253
3978.json,national-republican-congressional-committee,false,1,0,0.3152303463178253
3901.json,armond-budish,mostly-true,0,0,0.15974532738061129
4483.json,ron-paul,pants-fire,1,0,0.3897405788066201
3819.json,tim-kaine,half-true,0,0,0.4359514213209156
5139.json,club-growth,mostly-true,0,1,0.7040176458873897
8972.json,andy-brown,mostly-true,0,0,0.0709154172840841
6240.json,john-robitaille,half-true,0,0,0.40305535408701426
12207.json,hilary-treadwell,pants-fire,1,1,0.9830376405874998
2678.json,charlie-crist,true,0,0,0.20188494160714196
8582.json,david-axelrod,mostly-true,0,0,0.32856253856522316
1636.json,charlie-crist,false,1,1,0.5261356283699131
2870.json,joe-barton,barely-true,1,1,0.9657984363682763
34.json,john-mccain,mostly-true,0,0,0.301225877654378
12949.json,donald-trump,barely-true,1,1,0.6889113859313796
13092.json,charlie-crist,true,0,0,0.10756665768227067
12902.json,dana-wachs,true,0,0,0.021915953781378342
9724.json,james-woods,false,1,1,0.9812960137282735
161.json,john-mccain,half-true,0,0,0.07713720573326903
7306.json,nathan-deal,true,0,0,0.23812226958091584
11316.json,carly-fiorina,barely-true,1,1,0.746150686946934
2056.json,david-cicilline,false,1,0,0.331703099758798
12740.json,donald-trump,false,1,1,0.6763687329284939
11480.json,donald-trump,half-true,0,1,0.75440163403757
10110.json,bill-oreilly,mostly-true,0,1,0.505691163435136
9816.json,don-beyer,mostly-true,0,0,0.031757411020745294
13194.json,citizens-michael-mcauliffe-and-house-republican-or,barely-true,1,1,0.9674201654121664
4263.json,ron-paul,false,1,0,0.4284693671142913
11178.json,john-kasich,mostly-true,0,1,0.5253659850785193
7515.json,joseph-levy,barely-true,1,1,0.9892692542755145
12861.json,donald-trump,pants-fire,1,1,0.6434231699094412
11199.json,state-democratic-party-wisconsin,mostly-true,0,1,0.5710999496709713
4786.json,state-democratic-party-wisconsin,false,1,0,0.4125029257297477
7719.json,republican-governors-association,pants-fire,1,0,0.3688861823588623
3915.json,roberto-dasilva,barely-true,1,0,0.15967900364175344
10277.json,bill-oreilly,barely-true,1,0,0.15979573751974285
10452.json,debbie-wasserman-schultz,barely-true,1,0,0.15461700209459608
8780.json,rhode-island-senate,mostly-true,0,0,0.0008478884651388773
6145.json,pat-kreitlow,pants-fire,1,1,0.995986130530663
7948.json,blog-posting,pants-fire,1,1,0.8423764831921763
12235.json,donald-trump,false,1,1,0.9047241946557273
970.json,cynthia-lummis,pants-fire,1,1,0.5856526551930463
11466.json,emanuel-cleaver,barely-true,1,1,0.8994762977741804
1471.json,bill-oreilly,true,0,1,0.727330100400082
5397.json,richard-morrison,half-true,0,0,0.00043376305484214573
10938.json,bernie-s,mostly-true,0,0,0.18746647833008892
12701.json,tim-kaine,barely-true,1,0,0.3802400886875948
13015.json,gary-johnson,mostly-true,0,0,0.14556359330193713
2062.json,david-axelrod,half-true,0,0,0.09059307642187832
409.json,bill-clinton,true,0,0,0.07986973083123756
12776.json,state-democratic-party-wisconsin,half-true,0,0,0.30679060911040507
11188.json,donald-trump,half-true,0,1,0.7260057082194867
8722.json,neera-tanden,true,0,0,0.007529212851748174
10075.json,no-tax-tracks,half-true,0,1,0.6015750127618936
4167.json,wisconsin-family-action,true,0,0,0.02634873558785915
6287.json,club-growth,barely-true,1,0,0.36478648342943615
10505.json,rush-limbaugh,barely-true,1,0,0.4693550231776211
3698.json,blog-posting,half-true,0,1,0.8995218341940736
782.json,john-mccain,half-true,0,0,0.3970269999064641
10138.json,nathan-deal,barely-true,1,0,0.1167217555879296
2622.json,charlie-crist,false,1,0,0.4240524968293659
2017.json,john-mccain,mostly-true,0,0,0.4432392078298014
4061.json,bill-kristol,mostly-true,0,0,0.26939066201576434
12883.json,debbie-wasserman-schultz,barely-true,1,0,0.478530815530461
5708.json,gary-black,mostly-true,0,0,0.004763561041872331
9929.json,blog-posting,half-true,0,1,0.8097305521105957
10062.json,john-mccain,false,1,1,0.7807474342453978
6108.json,marsha-blackburn,barely-true,1,0,0.39562603586946904
11500.json,ben-carson,false,1,1,0.8246693458259776
6642.json,bill-clinton,half-true,0,1,0.5515471710504473
5.json,bill-richardson,mostly-true,0,0,0.09329665187408914
1541.json,charlie-crist,false,1,0,0.08819292908458129
7911.json,saxby-chambliss,pants-fire,1,0,0.12302995573448203
367.json,john-mccain,pants-fire,1,0,0.2798953500241432
4082.json,jim-whelan,half-true,0,0,0.028959318913561745
6952.json,linda-mcmahon,false,1,1,0.9931850623255415
2180.json,randy-neugebauer,pants-fire,1,1,0.975293152050233
7138.json,saxby-chambliss,true,0,1,0.6040818853298496
6677.json,kal-penn,mostly-true,0,0,0.0028421139631027753
2595.json,christine-odonnell,pants-fire,1,1,0.9234885912597817
1351.json,glenn-beck,false,1,1,0.6450192689347775
9847.json,burger-king,half-true,0,0,0.00027977591156566026
12551.json,bernie-s,mostly-true,0,0,0.2871753123030326
9175.json,republican-party-florida,true,0,1,0.7021102318978648
1278.json,charlie-crist,false,1,0,0.15404949603957924
9634.json,kate-obenshain,barely-true,1,1,0.9954372845014938
12200.json,donald-trump,half-true,0,0,0.2307949175715046
8098.json,david-cicilline,true,0,0,0.21666025383529752
9689.json,charlie-crist,mostly-true,0,0,0.12512506797821332
5797.json,mary-nolan,half-true,0,0,0.008860757717046709
10588.json,doug-collins,mostly-true,0,0,0.0012735669287763627
4225.json,jon-husted,mostly-true,0,0,0.1878908054193125
579.json,john-mccain,mostly-true,0,0,0.35007125248888366
1661.json,silvestre-reyes,pants-fire,1,0,0.05174601149881964
5442.json,jon-husted,half-true,0,0,0.4078105747816575
6028.json,memphis-police-association,false,1,1,0.9603492813972688
5294.json,nathan-deal,true,0,0,0.3432682865648314
3972.json,nina-perales,mostly-true,0,0,0.0007408852188990263
1348.json,keith-olbermann,half-true,0,1,0.6094190494423589
1740.json,keith-olbermann,half-true,0,0,0.15435652396571314
10851.json,akbar-al-baker,barely-true,1,1,0.9744611979224244
13250.json,pat-mccrory,barely-true,1,1,0.7877118643443999
10926.json,blog-posting,mostly-true,0,1,0.629493187370869
11097.json,atlanta-neighborhood-association,true,0,0,0.0039047903148679295
9278.json,tom-corbett,barely-true,1,1,0.9832884626319639
5001.json,tim-kaine,false,1,0,0.2525536687079593
11454.json,ben-carson,false,1,1,0.6647204590860771
3765.json,jay-goyal,barely-true,1,1,0.9599200747136732
11231.json,donald-trump,half-true,0,1,0.7177652925641491
11130.json,scott-walker,false,1,0,0.3282258675325119
13104.json,tom-nelson,half-true,0,0,0.49314058307038383
9618.json,mark-begich,mostly-true,0,0,0.34831002226703006
11921.json,bernie-s,mostly-true,0,0,0.03019544297410118
10980.json,bill-clinton,half-true,0,1,0.5921980200237884
13325.json,tim-kaine,mostly-true,0,0,0.3692257709042617
12583.json,david-miliband,true,0,0,0.0010157727457949543
307.json,john-mccain,half-true,0,0,0.3323549198197444
11387.json,scott-walker,mostly-true,0,0,0.4159306070879194
10652.json,jerry-falwell,true,0,0,0.016512416193657748
4110.json,gary-johnson,half-true,0,0,0.2178110001637977
7856.json,karl-rove,mostly-true,0,0,0.07295257353438171
8106.json,kari-chisholm,false,1,1,0.9749478505144739
13021.json,donald-trump,false,1,1,0.6902131775829031
12150.json,donald-trump,false,1,0,0.3509686269193047
9414.json,democratic-congressional-campaign-committee,false,1,1,0.7287701313049212
434.json,focus-family-action,false,1,1,0.9862726592116371
7585.json,dennis-richardson,mostly-true,0,0,0.10389143626120857
8377.json,dan-patrick,false,1,1,0.6639367922153075
8962.json,bill-kristol,false,1,1,0.5663867438742876
7551.json,john-kasich,true,0,1,0.5063699334459878
9268.json,dan-patrick,half-true,0,1,0.6118992909888352
543.json,john-mccain,mostly-true,0,1,0.6065623382978668
10134.json,charlie-crist,false,1,0,0.2541916013137857
6667.json,joe-biden,mostly-true,0,0,0.16150815971788426
11143.json,rush-limbaugh,pants-fire,1,1,0.9459822426414046
2512.json,we-love-usa-pac,false,1,1,0.9928275367258016
11396.json,debbie-wasserman-schultz,half-true,0,0,0.1809875301715054
690.json,john-mccain,true,0,0,0.407705949719246
11819.json,ben-carson,barely-true,1,1,0.6397709725724179
4808.json,john-stemberger,barely-true,1,1,0.9830528437556693
7615.json,b-heath-mitchell,half-true,0,0,0.0007662414155849593
6066.json,lamar-alexander,half-true,0,1,0.868091282074803
11868.json,donald-trump,barely-true,1,1,0.822197342500081
4913.json,jon-huntsman,barely-true,1,0,0.26629400972039335
10027.json,gloria-steinem,true,0,0,0.004603137621630534
8535.json,jay-leno,barely-true,1,1,0.9813712406292137
10990.json,scott-walker,barely-true,1,1,0.9109153720323253
3635.json,nathan-deal,half-true,0,0,0.2753548057950023
12013.json,bill-clinton,half-true,0,0,0.016889699361166848
6856.json,joe-biden,barely-true,1,0,0.28820057705099655
13079.json,donald-trump,false,1,1,0.5995317651917135
10428.json,gsu-alumni-association,true,0,0,0.0012360907637798734
3019.json,lloyd-doggett,mostly-true,0,0,0.03655264305523873
6666.json,bill-clinton,mostly-true,0,0,0.3122959215024578
6143.json,nathan-deal,barely-true,1,0,0.19748576566213505
6960.json,ohio-republican-party,half-true,0,1,0.8796420537096644
597.json,votevetsorg,false,1,0,0.49636673518378177
11727.json,will-kraus,half-true,0,0,0.0010994359939851337
7192.json,larry-kilgore,false,1,1,0.9440251926821246
5595.json,bill-pascrell,false,1,0,0.057786172510240506
1197.json,lamar-alexander,false,1,0,0.47317669977908533
13115.json,donald-trump,false,1,1,0.7492480179899277
6021.json,scott-walker,mostly-true,0,0,0.3662350023501497
5879.json,national-republican-congressional-committee,pants-fire,1,1,0.7610469656955539
1110.json,bill-pascrell,mostly-true,0,0,0.020901943575484735
1258.json,glenn-beck,barely-true,1,1,0.6428329309602253
7213.json,scott-walker,true,0,0,0.19254172268528955
7760.json,tom-coburn,false,1,1,0.5677951325631877
7370.json,jeff-merkley,true,0,0,0.029300276756303627
2064.json,nathan-deal,half-true,0,0,0.41580137048527094
13391.json,austin-board-realtors-pac,false,1,1,0.973996596805561
9621.json,glenn-beck,half-true,0,1,0.9094795035290316
11572.json,megyn-kelly,half-true,0,1,0.7730299103902666
8671.json,eugene-yu,mostly-true,0,0,0.0013140942541434652
8203.json,scott-walker,half-true,0,1,0.6585344726383048
4727.json,corey-stewart,false,1,1,0.9902208928371383
5916.json,samuel-wurzelbacher,pants-fire,1,1,0.6262636722062337
10010.json,republican-party-florida,half-true,0,0,0.47079587139528506
524.json,john-mccain,false,1,0,0.29760560608883213
400.json,campaign-defend-america,false,1,0,0.4612606471006646
2535.json,charlie-crist,half-true,0,0,0.2595313139212085
12377.json,scott-walker,pants-fire,1,0,0.1455258401407426
3267.json,wesley-smith,half-true,0,0,0.0025774562074700087
9750.json,libre-initiative,half-true,0,0,0.001068125078916368
593.json,john-mccain,barely-true,1,0,0.4327387474872313
7305.json,nathan-deal,true,0,0,0.4345832256452888
6581.json,anthony-gemma,false,1,0,0.2033753890392772
12707.json,mark-geist,barely-true,1,1,0.9929163988206312
10389.json,john-mccain,barely-true,1,0,0.147010943574474
8787.json,nathan-deal,true,0,0,0.1613318480906503
11567.json,ben-carson,false,1,1,0.6789861833402848
7221.json,john-kasich,half-true,0,0,0.15876773728184912
3867.json,john-kasich,false,1,0,0.12477461616857376
2398.json,ron-klein,false,1,1,0.6103586426124014
12138.json,joanne-kloppenburg,mostly-true,0,1,0.8527935206821519
2472.json,bob-hackworth,false,1,1,0.9462680192907569
2938.json,organizing-america,half-true,0,0,0.27713932949364634
11514.json,donald-trump,false,1,1,0.6379978922714428
3033.json,pat-mullins,true,0,0,0.007062935140487599
9660.json,charlie-crist,half-true,0,1,0.5571094362515983
1253.json,blog-posting,mostly-true,0,1,0.8759124166143432
13165.json,basil-seggos,false,1,1,0.9927105670235309
3874.json,charlotte-nash,barely-true,1,0,0.10639532161713368
13491.json,javier-m-gonzales,half-true,0,0,0.0013012370920174664
9710.json,greta-van-susteren,false,1,1,0.790987154751056
2480.json,david-axelrod,half-true,0,0,0.24550674668618133
11331.json,scott-walker,half-true,0,1,0.6545078644102649
6476.json,aclu-florida,false,1,1,0.7320528406121259
7584.json,joe-barton,barely-true,1,1,0.9780546550752037
2207.json,john-mccain,half-true,0,0,0.1666289861187026
11470.json,centers-disease-control,mostly-true,0,0,0.001144071634597512
6651.json,david-cicilline,barely-true,1,0,0.3521641665219656
11155.json,scott-walker,half-true,0,0,0.2984356724324739
9614.json,blog-posting,barely-true,1,1,0.964046094942056
555.json,john-mccain,half-true,0,0,0.4436058221473975
10262.json,chuck-todd,true,0,0,0.0039147202289206125
9288.json,nathan-deal,mostly-true,0,0,0.13035540085204012
11253.json,donald-trump,false,1,0,0.3083583782109029
961.json,elijah-cummings,true,0,0,0.001052094940326606
11205.json,donald-trump,half-true,0,1,0.946137699383723
13253.json,donald-trump,barely-true,1,1,0.793411853484156
13462.json,donald-trump,false,1,1,0.7793157388466411
11515.json,donald-trump,barely-true,1,1,0.9046108719181629
7000.json,diane-hurley,true,0,0,0.003703452782308767
2282.json,anthony-gemma,mostly-true,0,1,0.5507950357124526
503.json,john-mccain,true,0,0,0.3712721785665326
10174.json,charlie-crist,half-true,0,0,0.1707392370144176
5979.json,corey-stewart,barely-true,1,1,0.9972953198348584
10755.json,scott-walker,half-true,0,1,0.5892586731207066
6808.json,tim-kaine,mostly-true,0,0,0.45740643001354214
8659.json,blog-posting,pants-fire,1,1,0.9619524567702746
8417.json,louie-gohmert,barely-true,1,1,0.6546432306545907
4758.json,state-democratic-party-wisconsin,barely-true,1,0,0.4656623766051165
12198.json,blog-posting,false,1,1,0.9215014196729078
12843.json,joe-biden,false,1,0,0.3278260869139364
118.json,john-mccain,true,0,0,0.07007941750247398
1706.json,bill-clinton,barely-true,1,0,0.029453513351541644
12018.json,bernie-s,barely-true,1,0,0.3409347159482428
1646.json,cliff-stearns,half-true,0,0,0.0012193139588763473
3532.json,tim-kaine,half-true,0,1,0.5995535982738189
3862.json,national-republican-congressional-committee,barely-true,1,1,0.8278930573801232
5064.json,democratic-congressional-campaign-committee,false,1,1,0.8718108749042026
13156.json,donald-trump,barely-true,1,1,0.8029534123868498
11767.json,bernie-s,half-true,0,0,0.4021136038060377
2120.json,richard-cordray,half-true,0,0,0.0015137402260591568
13422.json,richard-burr,mostly-true,0,0,0.01142591432220144
10719.json,nathan-deal,half-true,0,0,0.09844432480624715
12211.json,glenn-beck,true,0,0,0.33144013715910337
8796.json,nathan-deal,half-true,0,0,0.13029675163627744
12047.json,donald-trump,barely-true,1,0,0.4206867661284185
10194.json,bill-clinton,barely-true,1,0,0.06720960185703799
2941.json,blog-posting,false,1,1,0.9611077428438355
8751.json,scott-walker,false,1,1,0.6778591623375485
12554.json,donald-trump,false,1,1,0.9118948003501296
11962.json,donald-trump,pants-fire,1,1,0.5088960959256662
4895.json,david-axelrod,half-true,0,0,0.22927562900775209
12162.json,californians-lower-drug-prices,half-true,0,0,0.0005514509028438798
3355.json,state-democratic-party-wisconsin,pants-fire,1,0,0.33878742310461135
9796.json,rush-limbaugh,false,1,1,0.8551792475938849
1591.json,rush-limbaugh,pants-fire,1,0,0.3276250026031193
13137.json,donald-trump,false,1,1,0.6299759561700717
8696.json,scott-walker,false,1,1,0.6057970631128612
13183.json,tim-kaine,half-true,0,0,0.07707840509981113
12317.json,amy-schumer,half-true,0,0,0.004505911255378055
11002.json,scott-walker,mostly-true,0,1,0.570976206881
10459.json,rhode-island-center-freedom-and-prosperity,barely-true,1,0,0.41881884546127474
3457.json,ann-coulter,barely-true,1,1,0.8359361436283889
7172.json,scott-walker,pants-fire,1,0,0.2933612573878465
11247.json,donald-trump,false,1,0,0.2701327215664484
7248.json,national-republican-congressional-committee,true,0,0,0.38573828551974426
6670.json,cnsnews,false,1,1,0.9958631304646846
9982.json,jane-harman,false,1,1,0.9932742795019395
6354.json,tim-kaine,mostly-true,0,0,0.19687676479867458
10369.json,chuck-todd,half-true,0,0,0.004954538108155424
7321.json,wayne-lapierre,half-true,0,0,0.24255036895155277
3797.json,amy-hanauer,true,0,0,0.0023971689327099643
13459.json,pat-robertson,pants-fire,1,1,0.9968193495697729
12869.json,richard-burr,half-true,0,0,0.03526456803761388
2730.json,nathan-deal-and-roy-barnes,pants-fire,1,1,0.9908288342313322
8416.json,gilberto-hinojosa,mostly-true,0,0,0.3613554772751772
10781.json,ben-carson,barely-true,1,1,0.5274194211613724
1079.json,rush-limbaugh,barely-true,1,1,0.9110155530986496
10876.json,glenn-beck,barely-true,1,0,0.2960573302234345
10778.json,nation-islam-research-group,pants-fire,1,1,0.9817422833863876
8479.json,scott-walker,barely-true,1,0,0.3832039668720041
3589.json,saxby-chambliss,half-true,0,0,0.26607144905216845
6065.json,jeff-fitzgerald,half-true,0,0,0.16907674653675994
4326.json,bob-ryan,mostly-true,0,0,0.008028875711206586
10701.json,bernie-s,mostly-true,0,0,0.005312155277791408
6382.json,national-republican-congressional-committee,false,1,0,0.4986504773102395
11927.json,gary-cobb,barely-true,1,1,0.9451029962937184
10615.json,scott-walker,half-true,0,1,0.6602977989126221
2295.json,nathan-deal,true,0,1,0.5979293011086492
417.json,john-mccain,false,1,1,0.5326486732198937
6286.json,rush-limbaugh,pants-fire,1,1,0.5412459323615557
6151.json,lamar-alexander,true,0,0,0.3734105827128505
8108.json,dan-patrick,barely-true,1,0,0.49637805379372857
2801.json,allen-alley,mostly-true,0,0,0.0004250600909430977
8075.json,louie-gohmert,barely-true,1,1,0.9169738870107643
3850.json,janet-napolitano,half-true,0,0,0.17795633216985607
8612.json,saxby-chambliss,half-true,0,0,0.04565576854183504
2395.json,john-kasich,half-true,0,0,0.3326963135775337
11525.json,scott-walker,half-true,0,1,0.6652991563655839
11071.json,donald-trump,false,1,1,0.7439362582958765
1543.json,charlie-crist,barely-true,1,0,0.12246878046997889
10972.json,scott-walker,false,1,1,0.6841319232243808
11057.json,carly-fiorina,half-true,0,0,0.18493389488289336
11210.json,donald-trump,half-true,0,0,0.3530636545028792
6630.json,julian-castro,true,0,0,0.0008298542406932639
9138.json,charlie-crist,mostly-true,0,1,0.5836488764024671
9406.json,claire-mccaskill,barely-true,1,1,0.9783396163202388
5011.json,restore-our-future,true,0,0,0.47858421598539824
11317.json,scott-walker,barely-true,1,1,0.6174184883502706
2703.json,nathan-deal,barely-true,1,1,0.7100317515347673
12193.json,new-day-america,false,1,0,0.4181300614592337
6635.json,joe-biden,half-true,0,0,0.33590995522914713
4276.json,jon-huntsman,mostly-true,0,1,0.5649678766998352
12759.json,donald-trump,pants-fire,1,1,0.742912788742891
2345.json,kevin-boyce,pants-fire,1,1,0.9477901249263362
10070.json,donald-trump,pants-fire,1,1,0.6105082072864195
3837.json,sam-adams,false,1,0,0.06392086753509432
2396.json,julie-lassa,half-true,0,0,0.08285975245468594
7349.json,dan-becker,false,1,1,0.978275499257255
8228.json,debbie-wasserman-schultz,mostly-true,0,0,0.1495731097621833
7683.json,louie-gohmert,false,1,1,0.8209452974905268
10602.json,state-democratic-party-wisconsin,false,1,1,0.9204028004398679
2146.json,gordon-quan,half-true,0,0,0.00229216569950541
1560.json,glenn-beck,true,0,0,0.27959785549233246
9885.json,charlie-crist,mostly-true,0,0,0.21387149523500573
9619.json,whoopi-goldberg,barely-true,1,1,0.5913036878688023
8704.json,bill-kristol,mostly-true,0,0,0.4934799786842443
10840.json,donald-trump,half-true,0,1,0.8051843932347648
10989.json,ann-coulter,pants-fire,1,1,0.7665702609080567
9987.json,charlie-crist,false,1,0,0.4230327445065493
8643.json,scott-walker,false,1,0,0.1706474824390564
13234.json,donald-trump,mostly-true,0,0,0.40693655119083
10317.json,matthew-cooke,barely-true,1,1,0.9287816914626356
12839.json,donald-trump,pants-fire,1,1,0.8739299977591619
6103.json,nathan-deal,false,1,0,0.3044022603108185
12988.json,donald-trump,mostly-true,0,1,0.8632077467792153
569.json,john-mccain,half-true,0,1,0.6393225852178339
6137.json,michael-chippendale,true,0,0,0.11303226923877821
13300.json,donald-trump,half-true,0,1,0.6235636463979023
13431.json,tim-kaine,true,0,0,0.44425515786223935
1587.json,citizens-lower-taxes-and-stronger-economy,half-true,0,0,0.22010974192841992
9297.json,madison-action-fund,pants-fire,1,1,0.995284098091743
12955.json,club-growth,half-true,0,0,0.22365565071537596
8943.json,brad-avakian,mostly-true,0,0,0.15042515364643366
10204.json,breitbart,pants-fire,1,1,0.9216480214493479
12256.json,bernie-s,barely-true,1,0,0.27966030967101796
12428.json,donald-trump,pants-fire,1,0,0.41695735700262265
1491.json,joe-biden,mostly-true,0,0,0.06963099515519415
11578.json,bernie-s,barely-true,1,0,0.11375418560431522
6806.json,our-portland-our-schools,half-true,0,0,0.00139209059403753
3689.json,dick-armey,false,1,1,0.5320502014830767
8874.json,bill-oreilly,barely-true,1,1,0.5815934372896231
10082.json,charlie-crist,half-true,0,0,0.39107532885659385
6288.json,jeff-fitzgerald,pants-fire,1,1,0.5343164263809012
2807.json,state-democratic-party-wisconsin,barely-true,1,1,0.6779257858950134
11377.json,ora-houston,false,1,1,0.9820070471750527
3892.json,janice-hahn,true,0,0,0.014299328291876847
7657.json,lenny-curry,half-true,0,0,0.24841334331847903
11349.json,scott-walker,false,1,1,0.6509583736043009
11292.json,david-cicilline,half-true,0,0,0.2896292817937315
13319.json,donald-trump,half-true,0,1,0.8944697504814222
6124.json,democratic-congressional-campaign-committee,false,1,1,0.9257757041206407
8970.json,blog-posting,pants-fire,1,1,0.8883031094542351
12353.json,donald-trump,false,1,0,0.25649127771600383
4144.json,club-growth,true,0,0,0.4000826800217668
8085.json,don-lemon,true,0,0,0.07895224344965901
2325.json,nathan-deal,half-true,0,1,0.6545948539942178
12850.json,donald-trump,mostly-true,0,1,0.5947397005717464
5781.json,ron-oakley,barely-true,1,1,0.983383760227914
7443.json,ohio-republican-party,mostly-true,0,1,0.6531778490118807
11522.json,donald-trump,false,1,1,0.5540521552210665
10182.json,david-cicilline,true,0,0,0.06851710925134742
12378.json,solar-energy-fairness,half-true,0,0,0.0023328260930011112
2361.json,democratic-congressional-campaign-committee,pants-fire,1,1,0.908283768205462
13097.json,john-mccain,half-true,0,1,0.6627102527260943
6446.json,multnomah-county-library-foundation,false,1,1,0.9930880072426607
12880.json,donald-trump,false,1,1,0.5020407261872101
5427.json,scott-walker,true,0,0,0.41796614737837473
12804.json,tim-kaine,half-true,0,0,0.10459009150422957
8415.json,bill-foster,mostly-true,0,0,0.06507306183854952
7397.json,brian-patrick-kennedy,barely-true,1,1,0.9964845757138918
6248.json,democratic-congressional-campaign-committee,pants-fire,1,1,0.5411901293335813
11950.json,bill-clinton,pants-fire,1,0,0.07611344667817675
5939.json,jeff-fitzgerald,mostly-true,0,0,0.03889748669315174
10455.json,scott-walker,half-true,0,0,0.2308778011665052
12422.json,george-holding,half-true,0,0,0.0019722816902905975
2943.json,bernie-s,true,0,0,0.011180249297234202
2696.json,scott-walker,barely-true,1,0,0.2713539247577122
8906.json,sly-james,false,1,1,0.9502403420136416
13032.json,donald-trump,barely-true,1,1,0.8534153166153111
12114.json,gina-hinojosa,mostly-true,0,0,0.0025600490408009212
4021.json,stephen-sweeney,true,0,0,0.16157225016362098
2558.json,hank-gilbert,true,0,1,0.5270992752658873
1045.json,bill-oreilly,false,1,1,0.7840318926747563
1885.json,glenn-beck,half-true,0,1,0.7126338677312818
9866.json,bob-beckel,false,1,0,0.18336662495166306
2240.json,john-kasich,false,1,1,0.796013667867269
11350.json,ben-carson,barely-true,1,0,0.368556651749355
8947.json,republican-party-florida,barely-true,1,1,0.7195776121365328
22.json,joe-biden,mostly-true,0,0,0.06895769280452141
13327.json,gary-johnson,half-true,0,0,0.32312629785864383
9909.json,dan-patrick,pants-fire,1,0,0.4301396043814464
11164.json,donald-trump,pants-fire,1,1,0.5372310217446522
7873.json,bob-gibbs,mostly-true,0,1,0.7924378432811032
11144.json,donald-trump,false,1,1,0.6239464531454267
2110.json,yvette-mcgee-brown,true,0,0,0.001281638922320647
8965.json,richard-durbin,pants-fire,1,0,0.3283277686653749
2985.json,john-mccain,true,0,0,0.33692870799424884
4286.json,democratic-congressional-campaign-committee,false,1,1,0.8153651967909665
4447.json,hetty-rosenstein,half-true,0,0,0.005010170432228229
11566.json,carly-fiorina,half-true,0,1,0.7243990547742605
8824.json,ann-coulter,half-true,0,1,0.8982106118317212
453.json,john-mccain,half-true,0,1,0.5096363436923673
9748.json,blog-posting,pants-fire,1,1,0.9592754551044157
8703.json,glenn-beck,mostly-true,0,1,0.9375349774007989
13378.json,chris-malone,pants-fire,1,1,0.9859193946242384
920.json,national-republican-congressional-committee,mostly-true,0,1,0.8160186362765716
8615.json,charlie-crist,mostly-true,0,0,0.18030551351950655
1820.json,michael-steele,true,0,0,0.3582964213033995
8204.json,kathleen-vinehout,half-true,0,1,0.5665696755423962
7332.json,keith-faber,half-true,0,0,0.001020273816080399
2672.json,scott-walker,barely-true,1,1,0.597655320647903
4402.json,democratic-congressional-campaign-committee,barely-true,1,1,0.8666930559349397
10513.json,lori-haas,half-true,0,0,0.0006896874350680171
11399.json,club-growth,true,0,0,0.4250450887339257
8903.json,charlie-crist,false,1,0,0.3135475932964125
3599.json,joaquin-castro,barely-true,1,0,0.3813972106678243
1895.json,florida-first-initiative,barely-true,1,1,0.9850197402171235
10353.json,naha-daily,pants-fire,1,1,0.9884658154482574
8765.json,carly-fiorina,false,1,0,0.4618597388832736
7422.json,wayne-lapierre,barely-true,1,0,0.33123299097646586
12022.json,bernie-s,false,1,0,0.17786391816962224
613.json,john-mccain,mostly-true,0,0,0.31901757982849493
6481.json,national-republican-congressional-committee,pants-fire,1,1,0.8044761832899151
573.json,john-mccain,false,1,0,0.09333537364582256
822.json,republican-party-florida,false,1,0,0.46294928979507316
12560.json,donald-trump,pants-fire,1,1,0.6378131932484259
12743.json,donald-trump,barely-true,1,1,0.7662711875689514
1377.json,hank-gilbert,half-true,0,0,0.3389975472808368
9605.json,angel-taveras,mostly-true,0,1,0.7001941902024422
13149.json,donald-trump,barely-true,1,0,0.3500015968388305
10233.json,enough-already-wisconsin-inc,false,1,1,0.9827411804488566
164.json,bill-richardson,half-true,0,1,0.6051352988610712
551.json,ralph-nader,true,0,0,0.39257078269881424
10566.json,texas-democratic-party,mostly-true,0,1,0.6354060394435129
11315.json,donald-trump,mostly-true,0,0,0.48905203626861343
4551.json,john-fleming,false,1,1,0.9865844902241494
6394.json,steve-doell,mostly-true,0,0,0.00036276361957378263
4449.json,valerie-vainieri-huttle,barely-true,1,1,0.919264487353633
7500.json,national-republican-congressional-committee,pants-fire,1,1,0.7435713209085065
10044.json,scott-walker,false,1,0,0.17336020254376577
10161.json,dan-patrick,barely-true,1,1,0.5966793272681798
9926.json,lois-frankel,pants-fire,1,1,0.9670178548921583
7489.json,debbie-wasserman-schultz,true,0,0,0.3163264236720457
13389.json,michelle-mosby,half-true,0,0,0.003660619197077969
1159.json,rush-limbaugh,pants-fire,1,1,0.7996191534017312
4464.json,ted-piccolo,false,1,1,0.9824826547766358
719.json,john-mccain,false,1,0,0.2450126476012174
11460.json,dan-patrick,pants-fire,1,0,0.47510081800706033
5889.json,scott-walker,barely-true,1,1,0.8174856482309175
798.json,john-mccain,half-true,0,1,0.8341795084153101
1366.json,karl-rove,mostly-true,0,1,0.7437025804503299
2397.json,national-republican-congressional-committee,barely-true,1,0,0.48659241931523706
12206.json,bill-clinton,barely-true,1,0,0.094193192151917
13404.json,donald-trump,false,1,1,0.7858998501565727
710.json,john-mccain,barely-true,1,0,0.10911540431226878
1882.json,nathan-deal,mostly-true,0,0,0.47509019021911786
1548.json,charlie-crist,barely-true,1,0,0.22867593119503057
1643.json,charlie-crist,true,0,0,0.0845735753735956
10590.json,scott-walker,false,1,0,0.37092297519082645
6048.json,bill-clinton,mostly-true,0,0,0.32521002859884274
8380.json,chris-latvala,true,0,0,0.002892169951338015
3392.json,john-mccain,false,1,0,0.4271619033625647
12915.json,gary-johnson,barely-true,1,0,0.06762674706272755
2093.json,joe-biden,true,0,1,0.669217868293797
12658.json,donald-trump,mostly-true,0,1,0.6813279259655862
1625.json,charlie-crist,half-true,0,0,0.2671140155404685
9275.json,wilton-gregory,mostly-true,0,0,0.002578108284445482
1459.json,ron-paul,barely-true,1,0,0.378786382235862
10267.json,tim-kaine,mostly-true,0,0,0.1599983932868511
9496.json,joe-biden,half-true,0,1,0.6055510728711526
5943.json,beth-harwell,half-true,0,0,0.0017208983776450335
10850.json,megyn-kelly,half-true,0,0,0.33488190414827673
11390.json,ben-carson,false,1,1,0.9225387694146133
6819.json,ann-coulter,false,1,1,0.8268962792441766
4290.json,sam-olens,true,0,0,0.48506705148303547
13492.json,donald-trump,pants-fire,1,0,0.41786812540473467
7595.json,mark-kelly,true,0,0,0.00042526094500698017
9563.json,scott-walker,mostly-true,0,0,0.15698939971436046
8641.json,james-carville,mostly-true,0,0,0.1337443704775755
5261.json,scott-walker,half-true,0,0,0.2400921871648378
2780.json,robert-brown,true,0,1,0.9531623154162585
2996.json,louie-gohmert,false,1,1,0.6521398306948033
13394.json,donald-trump,half-true,0,1,0.8030281059854231
3335.json,scott-walker,true,0,0,0.28479866979441276
8940.json,lauren-kane,half-true,0,0,0.005636307696719611
12352.json,donald-trump,false,1,1,0.5424869278764494
13263.json,bernie-s,half-true,0,0,0.2004592975950965
12622.json,michael-cohen,pants-fire,1,1,0.9965092725374913
3675.json,jon-husted,pants-fire,1,0,0.040888940279295384
12907.json,tim-kaine,half-true,0,0,0.2515950178989412
11627.json,bernie-s,true,0,1,0.717761172388527
10960.json,breitbart,pants-fire,1,1,0.973244967381339
3965.json,chris-widener,barely-true,1,1,0.9163599657963811
12905.json,donald-trump,half-true,0,1,0.5643360003602063
1221.json,patients-first,barely-true,1,1,0.9645391647147039
11520.json,ben-carson,false,1,1,0.6500207571812838
8048.json,bill-foster,mostly-true,0,0,0.14677454190427197
7854.json,national-republican-congressional-committee,barely-true,1,1,0.8319685000655043
3592.json,online-petition,mostly-true,0,0,0.0013193548396218118
13259.json,national-republican-congressional-committee,mostly-true,0,1,0.8316720981898159
5232.json,ohio-republican-party,true,0,0,0.4230132169419648
13240.json,donald-trump,false,1,1,0.8007297707506743
4334.json,donna-brazile,mostly-true,0,0,0.04269849143640521
4493.json,gary-johnson,false,1,1,0.529521977335552
4906.json,scott-walker,false,1,0,0.19471737181302212
13261.json,donald-trump,pants-fire,1,1,0.7504036536752264
1137.json,david-axelrod,mostly-true,0,0,0.40137341383393715
1413.json,joe-biden,false,1,0,0.3027181631930932
838.json,john-mccain,half-true,0,1,0.6022514262341586
12674.json,mike-turzai,half-true,0,0,0.009047623455390468
13212.json,donald-trump,mostly-true,0,1,0.7600620573765734
3964.json,michael-cutler,true,0,0,0.0031923718490524115
6920.json,joe-biden,half-true,0,0,0.37003428315878045
11756.json,donald-trump,false,1,1,0.7583366569426659
9817.json,republican-party-florida,half-true,0,1,0.6163105445573734
11039.json,bernie-s,barely-true,1,0,0.032128024665865666
2007.json,john-mccain,barely-true,1,0,0.47819595478765275
12513.json,donald-trump,mostly-true,0,1,0.5073440857393257
3294.json,scott-walker,false,1,1,0.7412685176281999
13111.json,donald-trump,half-true,0,1,0.6542884106999582
3729.json,nina-turner,true,0,1,0.9749707505977989
1249.json,jay-rockefeller,half-true,0,0,0.0011088702833470373
9505.json,scott-walker,false,1,0,0.3922594351261463
13257.json,katherine-cloonen,pants-fire,1,1,0.9857366890053235
5154.json,restore-our-future,half-true,0,0,0.4133014550611952
4620.json,david-axelrod,mostly-true,0,0,0.23236542829755363
12124.json,bill-clinton,mostly-true,0,0,0.07086083600486813
12053.json,donald-trump,false,1,0,0.3162116817366327
11378.json,carly-fiorina,mostly-true,0,0,0.3967116464271016
3630.json,state-democratic-party-wisconsin,false,1,1,0.8497252130833821
12944.json,tim-kaine,true,0,0,0.12212521251913697
7682.json,texas-state-employees-union,true,0,0,0.006639231099827679
12302.json,shawn-oconnor,pants-fire,1,1,0.9638266058744334
4154.json,victoria-jackson,pants-fire,1,1,0.9565546324682613
11204.json,ben-carson,half-true,0,1,0.7006209065726581
8802.json,scott-walker,mostly-true,0,0,0.12812428554448346
557.json,john-mccain,false,1,1,0.5503565500542985
7513.json,bob-bennett,mostly-true,0,0,0.0002859131846550722
5366.json,stephen-sweeney,false,1,0,0.43712408116759144
12782.json,bill-clinton,mostly-true,0,0,0.47494621230784684
12491.json,donald-trump,barely-true,1,0,0.43442218921192577
7576.json,charles-cooper,half-true,0,0,0.001227071585549287
134.json,john-mccain,true,0,0,0.4389506564176989
9173.json,nathan-deal,half-true,0,0,0.42406795682351783
988.json,keith-olbermann,mostly-true,0,0,0.12306284119584596
11225.json,ben-carson,half-true,0,1,0.519286373502432
619.json,john-mccain,false,1,1,0.7280788962581154
9159.json,republican-party-florida,mostly-true,0,0,0.27430943141326675
12339.json,pat-mccrory,pants-fire,1,1,0.918820434091687
11800.json,glenn-beck,true,0,0,0.37563423959220754
13497.json,donald-trump,pants-fire,1,1,0.8274333708731126
7265.json,scott-walker,half-true,0,1,0.8194046826586086
11700.json,donald-trump,false,1,1,0.6657109002893162
6111.json,debbie-wasserman-schultz,false,1,0,0.46757122514483684
5133.json,marsha-blackburn,barely-true,1,1,0.8594457306127531
334.json,john-mccain,mostly-true,0,0,0.17191340607753056
7365.json,david-cicilline,half-true,0,0,0.05768919229735375
943.json,john-mccain,true,0,0,0.14086819623730173
5675.json,republican-governors-association,barely-true,1,0,0.24863632860056042
12566.json,donald-trump,false,1,1,0.8260928448065566
12308.json,donald-trump,half-true,0,1,0.7836272783299018
2239.json,john-stemberger,false,1,1,0.9635816888159588
11451.json,elton-john,mostly-true,0,0,0.0005999943875062251
1401.json,debra-medina,half-true,0,0,0.09514965777932223
1611.json,bob-schieffer,false,1,1,0.9783288556102612
5157.json,judy-manning,pants-fire,1,1,0.9694992598748008
2408.json,republican-governors-association,barely-true,1,1,0.6147298952696294
671.json,joe-biden,true,0,0,0.38323843482413067
7277.json,bernie-s,barely-true,1,0,0.12752873114738114
10118.json,charlie-crist,false,1,1,0.5443524098808298
12228.json,jan-brewer,barely-true,1,1,0.7634917746306461
11771.json,bernie-s,barely-true,1,0,0.37337571696242605
12281.json,unbreakable-kimmy-schmidt,false,1,1,0.9949435972121111
10169.json,color-change,barely-true,1,1,0.9874051339952953
914.json,joe-barton,true,0,1,0.9904207545671444
286.json,john-mccain,half-true,0,0,0.16050335823472092
780.json,john-mccain,true,0,1,0.8684420220311004
4637.json,stephen-sweeney,half-true,0,0,0.4045470059099163
9340.json,campaign-liberty,barely-true,1,1,0.9858637601508496
7102.json,lamar-alexander,false,1,0,0.3897751335430116
3269.json,lynn-westmoreland,half-true,0,0,0.46664326586360744
3487.json,karl-rove,false,1,0,0.36952623401399565
7460.json,nancy-devaney,mostly-true,0,0,0.20060742517474736
6050.json,nathan-deal,false,1,1,0.7531532786429921
11319.json,ben-carson,pants-fire,1,1,0.703582696121647
11085.json,donald-trump,false,1,1,0.7180273853736385
2213.json,kevin-boyce,true,0,1,0.9700544602028589
5722.json,susan-combs,pants-fire,1,1,0.9720107627295069
12242.json,bernie-s,mostly-true,0,0,0.18201897256624974
7766.json,gilberto-hinojosa,mostly-true,0,0,0.15301013627482046
12825.json,tim-kaine,true,0,0,0.14010624432827223
8034.json,scott-walker,mostly-true,0,0,0.13615485464821708
1306.json,glenn-beck,false,1,1,0.7932900660727903
2320.json,debbie-wasserman-schultz,barely-true,1,1,0.6153614613001014
7253.json,club-growth,false,1,0,0.3015645584581466
2670.json,david-cicilline,mostly-true,0,1,0.5765624766953208
8430.json,florida-stop-common-core-coalition,pants-fire,1,1,0.6457511088935731
6025.json,scott-walker,half-true,0,1,0.6662169994558707
5706.json,john-kasich,true,0,1,0.5458432900316745
4335.json,jonathan-steitz,false,1,1,0.9236979156482834
7861.json,derek-ryan,true,0,0,0.022303034466448195
5747.json,peter-defazio,true,0,0,0.09149307568895418
12514.json,nevada-assembly-republican-candidates,false,1,1,0.9987965863394003
4297.json,susan-combs,false,1,1,0.9813785437096886
10526.json,joe-biden,pants-fire,1,0,0.3099894967558186
13071.json,donald-trump,pants-fire,1,1,0.8001229805121677
5391.json,texas-democratic-party,true,0,1,0.8314722019197878
10357.json,louie-gohmert,false,1,1,0.6397189160730983
11709.json,bernie-s,true,0,0,0.0987608834811561
6915.json,ohio-republican-party,barely-true,1,1,0.870275810830631
8952.json,david-cicilline,mostly-true,0,0,0.18911372169057553
10475.json,megyn-kelly,true,0,1,0.638732944654751
12289.json,bernie-s,true,0,0,0.2538339678997903
8911.json,oregon-citizens-lobby,false,1,1,0.9922698635719496
589.json,john-mccain,half-true,0,1,0.6369835797445487
12664.json,firearms-policy-coalition,barely-true,1,1,0.9930670783001246
1896.json,donna-brazile,false,1,0,0.07410693173843529
7553.json,scott-walker,half-true,0,1,0.8327154742228916
8222.json,libertarian-party-broward-county,false,1,1,0.9431358882101928
12544.json,donald-trump,barely-true,1,0,0.3680667454907786
5464.json,ron-paul,mostly-true,0,1,0.5698358811774188
6864.json,jim-kyle,false,1,1,0.9883372617342093
11642.json,donald-trump,pants-fire,1,1,0.5232588986754965
9352.json,major-garrett,true,0,0,0.03291817971338233
9371.json,charlie-crist,half-true,0,1,0.5938408951328454
5804.json,tom-rooney,barely-true,1,1,0.8651864796501981
6636.json,debbie-wasserman-schultz,pants-fire,1,0,0.32535431664507825
10154.json,scott-walker,mostly-true,0,1,0.8037594504748197
13201.json,tim-kaine,half-true,0,0,0.3648506350531603
12746.json,donald-trump,half-true,0,0,0.37770836429946075
4914.json,club-growth,half-true,0,0,0.2227828595094662
3822.json,anti-defamation-league,half-true,0,0,0.0008497623408428279
8009.json,larry-elder,false,1,1,0.9727167672583459
11136.json,bill-oreilly,mostly-true,0,1,0.8001918498253151
13050.json,william-weld,half-true,0,0,0.0012822255430254093
4463.json,new-jersey-sierra-club,half-true,0,0,0.0016677827709877077
13282.json,donald-trump,barely-true,1,0,0.2993219245846732
6996.json,promote-oregon-leadership-pac-oregon-house-republi,barely-true,1,1,0.6053098756219775
2697.json,jeff-merkley,half-true,0,0,0.07872219177609477
12333.json,donald-trump,pants-fire,1,1,0.9031947551861517
2521.json,bob-gibbs,false,1,0,0.4753199754090566
1316.json,rush-limbaugh,half-true,0,1,0.8783370548394298
436.json,john-mccain,barely-true,1,1,0.6478423540688977
4415.json,bill-pascrell,mostly-true,0,0,0.1192670188260342
4707.json,robert-menendez,false,1,0,0.06403517033075756
10826.json,scott-walker,false,1,0,0.25721323006429786
3403.json,john-kasich,true,0,0,0.11885223976235505
6430.json,american-commitment,barely-true,1,1,0.9964602141370851
13062.json,donald-trump,mostly-true,0,0,0.1599432454591466
12091.json,new-hampshire-republican-party,mostly-true,0,0,0.34631083135885393
6349.json,lights-liberty,barely-true,1,1,0.9480696664013888
13248.json,william-ruto,false,1,1,0.9928977264607918
4652.json,eileen-brady,false,1,0,0.4830653705068914
5411.json,ron-paul,pants-fire,1,0,0.23071938872234504
1533.json,lamar-alexander,half-true,0,1,0.6336487028133773
13072.json,tim-kaine,true,0,0,0.15470157007531943
12941.json,tim-kaine,barely-true,1,0,0.17175196987263333
9531.json,state-democratic-party-wisconsin,barely-true,1,1,0.5493258308786286
3872.json,democratic-congressional-campaign-committee,false,1,1,0.7546218773751187
2632.json,john-kasich,false,1,1,0.5675645488532369
11591.json,donald-trump,pants-fire,1,1,0.8403099765154464
1050.json,karl-rove,false,1,1,0.5979075898661359
8513.json,scott-walker,pants-fire,1,0,0.4474542719711256
634.json,john-mccain,mostly-true,0,1,0.6641012571104182
12404.json,vote-no-2,half-true,0,0,0.09922925020507492
13297.json,colorado-citizens-accountable-government,pants-fire,1,1,0.9733117700927234
5009.json,michael-chippendale,false,1,1,0.7677782262984829
11213.json,bill-clinton,mostly-true,0,0,0.22139501797686204
9870.json,jeanne-shaheen,half-true,0,1,0.540960639405929
1770.json,michael-bloomberg,true,0,0,0.4061654050867603
2648.json,maryellen-oshaughnessy,true,0,1,0.9532366338673576
9439.json,chuck-todd,true,0,0,0.008443759422212312
751.json,john-mccain,true,0,0,0.07448069856357514
4028.json,yard-sign,true,0,0,0.008420809533414578
1173.json,glenn-beck,barely-true,1,0,0.4758089119566178
2592.json,chris-coons,true,0,1,0.970601672209476
4610.json,john-driscoll,barely-true,1,1,0.9230844013819863
1699.json,charlie-crist,half-true,0,0,0.22410263800495897
11038.json,chuck-todd,mostly-true,0,0,0.004830961763717775
11682.json,donald-trump,barely-true,1,1,0.6514874720709686
2404.json,patrick-lynch,half-true,0,1,0.617394163141635
3420.json,nathan-deal,true,0,0,0.14845747151492006
3407.json,patti-doyle,mostly-true,0,0,0.0005313711892249354
5046.json,judy-shiprack-diane-mckeel,half-true,0,0,0.003061590046840928
1170.json,arne-duncan,false,1,0,0.4387167196919246
7075.json,robert-menendez,half-true,0,0,0.2709251611769029
1655.json,lloyd-doggett,true,0,0,0.13761388752077544
460.json,john-mccain,barely-true,1,0,0.42361988123555505
7150.json,ken-detzner,mostly-true,0,0,0.11388719955004376
8956.json,americans-prosperity-georgia-chapter,half-true,0,0,0.011395658002265623
11650.json,heather-moore,barely-true,1,1,0.9347020732757633
36.json,john-mccain,barely-true,1,0,0.08193049451990427
11899.json,bernie-s,true,0,1,0.5364086051528252
3324.json,scott-walker,mostly-true,0,0,0.20149090465779323
11452.json,donald-trump,pants-fire,1,1,0.663107236406339
10656.json,jess-mcintosh,true,0,0,0.051147919106186615
11027.json,donald-trump,barely-true,1,1,0.735361556574691
11413.json,lynn-westmoreland,false,1,1,0.6991333309350181
2006.json,jorge-ramos,mostly-true,0,0,0.0438809479451738
11649.json,joe-donald,mostly-true,0,0,0.0008025761805194082
5477.json,laurie-monnes-anderson,true,0,1,0.9313641068805593
2546.json,jon-husted,false,1,0,0.1531231485268197
8682.json,charlie-crist,barely-true,1,1,0.5859545280249223
572.json,john-mccain,barely-true,1,1,0.5944009042631689
13273.json,donald-trump,false,1,1,0.8388691877941821
8517.json,charlie-crist,half-true,0,0,0.3981880772266671
12231.json,bernie-s,mostly-true,0,0,0.24195489344321872
6840.json,robert-menendez,mostly-true,0,1,0.5733748452632479
8647.json,rush-limbaugh,false,1,1,0.8212278757204204
3564.json,david-pepper,mostly-true,0,0,0.00042686318845217784
7882.json,wisconsin-institute-law-liberty,true,0,0,0.053099049512070486
7829.json,greg-walden,barely-true,1,0,0.4966684753549346
583.json,john-mccain,half-true,0,1,0.7757211463811899
4582.json,scott-walker,half-true,0,1,0.6737720887788173
3069.json,scott-walker,false,1,0,0.33945212711649103
13143.json,donald-trump,false,1,1,0.707706473472564
10586.json,scott-walker,false,1,0,0.32858607106141835
941.json,john-mccain,mostly-true,0,0,0.3367123734333762
4409.json,jon-huntsman,half-true,0,0,0.09789754211154612
12755.json,donald-trump,true,0,1,0.5896247822585653
11976.json,bernie-s,half-true,0,0,0.19745002026755634
10675.json,trebor-banstetter,mostly-true,0,0,0.00010033796307162275
12815.json,donald-trump,false,1,1,0.6717787277886567
10907.json,nathan-deal,true,0,0,0.24021960834870953
628.json,john-mccain,barely-true,1,1,0.5091238110202504
601.json,john-mccain,half-true,0,0,0.07849541386490773
1181.json,joe-wilson,false,1,1,0.9922986058172283
6595.json,callista-gingrich,barely-true,1,1,0.9949054835742989
283.json,john-mccain,true,0,1,0.7965632181755035
9824.json,don-lemon,false,1,0,0.2360722795916198
12315.json,john-kasich,true,0,0,0.3937800010107913
3973.json,david-axelrod,half-true,0,0,0.06765689997831877
4065.json,scott-walker,false,1,0,0.29873909751425365
13121.json,donald-trump,false,1,1,0.6956210602932099
5208.json,ken-cuccinelli,pants-fire,1,1,0.61749555311665
12066.json,pat-mccrory,half-true,0,1,0.8753773670861354
11340.json,common-sense-kids-action,mostly-true,0,0,0.00019910320992495907
1275.json,ann-coulter,half-true,0,1,0.839771360238364
11203.json,israel-oquinn,false,1,1,0.9289363708099369
7267.json,scott-walker,half-true,0,0,0.2728385738258869
12660.json,state-democratic-party-wisconsin,barely-true,1,1,0.6668342414262535
254.json,john-mccain,mostly-true,0,1,0.6161838609904801
1298.json,debbie-wasserman-schultz,mostly-true,0,0,0.37145513686748277
1117.json,donna-brazile,half-true,0,0,0.03648123534788825
12502.json,john-mccain,mostly-true,0,1,0.5830658653122703
7774.json,mike-foley,mostly-true,0,0,0.02840592770765524
1360.json,rush-limbaugh,false,1,1,0.7606700007548135
4877.json,scott-walker,false,1,1,0.629387110689571
11440.json,scott-walker,false,1,0,0.44727057230904477
484.json,john-mccain,false,1,1,0.6314328608471633
8633.json,heritage-foundation,half-true,0,0,0.0008511618237144977
9826.json,truth-accounting,barely-true,1,1,0.9900464919725552
10643.json,ken-plum,mostly-true,0,0,0.48935601158065184
5767.json,jim-cooper,true,0,0,0.011870121181655674
1604.json,barbara-cargill,barely-true,1,1,0.9829594009906693
1757.json,janet-napolitano,mostly-true,0,0,0.1705651217045651
530.json,john-mccain,mostly-true,0,0,0.30479038531013136
10520.json,peter-defazio,half-true,0,0,0.2122103767705244
12102.json,club-growth,false,1,1,0.8694387201192743
12266.json,donald-trump,false,1,1,0.5955736990701527
12747.json,donald-trump,mostly-true,0,1,0.8000677992444665
8524.json,charlie-crist,mostly-true,0,0,0.12761514209551625
2351.json,jan-brewer,pants-fire,1,1,0.8680206082501178
9764.json,scott-walker,mostly-true,0,0,0.27700285165011596
11457.json,donald-trump,false,1,1,0.6507402515996673
11250.json,bernie-s,true,0,0,0.0357388845202961
4889.json,ron-paul,barely-true,1,1,0.5232231199642395
6443.json,peter-defazio,mostly-true,0,1,0.6179622443607973
1463.json,john-mccain,false,1,1,0.5345292365481504
11534.json,donald-trump,half-true,0,0,0.31158985354782
10490.json,susan-shapiro,true,0,0,0.0011013967457285205
6062.json,john-kasich,mostly-true,0,1,0.7052451692334576
7074.json,steve-lonegan,true,0,1,0.670416570383724
2074.json,john-mccain,mostly-true,0,0,0.22074438438530608
23.json,obama-girl,true,0,0,0.07027000192403557
3310.json,john-kasich,barely-true,1,0,0.17849421476410707
8410.json,ann-coulter,pants-fire,1,1,0.8511862938790566
3545.json,roberto-dasilva,mostly-true,0,1,0.526606197010757
3521.json,citizens-strong-america,pants-fire,1,1,0.9916601080783374
2241.json,eddie-bernice-johnson,true,0,1,0.9714931054551825
12111.json,debbie-wasserman-schultz,mostly-true,0,0,0.17135648341997992
4311.json,jon-huntsman,mostly-true,0,0,0.11186706631849769
1392.json,hector-uribe,pants-fire,1,1,0.9897606510246855
10985.json,athens-banner-herald,true,0,0,0.002175204193906828
12459.json,donald-trump,half-true,0,1,0.600270261347912
9980.json,republican-party-florida,barely-true,1,0,0.15227866738501677
2529.json,john-robitaille,true,0,1,0.6189877666177351
13235.json,donald-trump,barely-true,1,1,0.6243494684420728
2383.json,david-axelrod,barely-true,1,0,0.32535396878106554
9988.json,charlie-crist,half-true,0,1,0.8678360102508385
4384.json,blog-posting,pants-fire,1,1,0.8921800181991211
2080.json,joe-biden,half-true,0,1,0.5980683031208018
8599.json,grady-judd,mostly-true,0,0,0.00017032084610247208
12088.json,bill-oreilly,false,1,1,0.8273627326486624
8812.json,louie-gohmert,pants-fire,1,1,0.9235489329923983
8825.json,national-republican-congressional-committee,mostly-true,0,0,0.49112799474238567
11889.json,donald-trump,half-true,0,0,0.3149142981301572
10477.json,scott-walker,half-true,0,0,0.32858607106141835
2088.json,john-kasich,true,0,0,0.1704353438621275
8844.json,nathan-deal,barely-true,1,0,0.31768423385305083
11507.json,ben-carson,half-true,0,0,0.40924096657554837
9321.json,ralph-nader,false,1,1,0.6661284752173018
7076.json,charlie-crist,barely-true,1,0,0.14475023285581526
4509.json,john-kasich,barely-true,1,0,0.3763245042430461
4269.json,sam-olens,true,0,0,0.05270466246507976
9564.json,sean-spicer,pants-fire,1,1,0.989988824110657
4730.json,joe-biden,mostly-true,0,0,0.0834237152330498
9350.json,larry-pratt,false,1,1,0.7157236717843063
10494.json,don-beyer,mostly-true,0,0,0.09782109496515162
4788.json,tim-kaine,false,1,0,0.31794351698107476
7616.json,john-kasich,true,0,0,0.42137096329506996
677.json,john-mccain,true,0,0,0.3438942105990443
7522.json,jeff-tittel,half-true,0,1,0.5780582836646323
12519.json,bernie-s,half-true,0,0,0.22873910474014114
11999.json,donald-trump,mostly-true,0,1,0.6675666125053721
8494.json,rush-limbaugh,barely-true,1,1,0.9472748016635139
10877.json,john-mccain,true,0,0,0.3465238555568033
10426.json,carly-fiorina,barely-true,1,1,0.6025070374549527
11202.json,scott-walker,mostly-true,0,0,0.15865343076577593
12590.json,donald-trump,barely-true,1,0,0.4659091888324958
2216.json,john-kasich,half-true,0,1,0.6217482307484353
8462.json,nick-gillespie,mostly-true,0,0,0.0011456782635195467
3853.json,bob-graham,barely-true,1,0,0.13877304987843067
8686.json,republican-party-florida,barely-true,1,0,0.277226804699956
12865.json,donald-trump,false,1,1,0.6990287462216798
11483.json,donald-trump,false,1,0,0.33785564657036565
4164.json,mike-males,mostly-true,0,0,0.0013248913973128718
12918.json,gary-johnson,half-true,0,0,0.19513038750584397
2952.json,debbie-wasserman-schultz,true,0,0,0.10074170996859323
12123.json,bernie-s,mostly-true,0,0,0.04680106228368091
1586.json,charlie-crist,mostly-true,0,0,0.24493256690211798
11784.json,carly-fiorina,false,1,1,0.7026150679619046
452.json,bill-clinton,pants-fire,1,0,0.09640331325783474
12629.json,donald-trump,false,1,0,0.47801331382279083
8107.json,tom-cole,mostly-true,0,0,0.0011030868571036746
12874.json,donald-trump,true,0,1,0.8341652585276308
6075.json,sam-adams,true,0,0,0.167366582404913
9684.json,scott-walker,false,1,0,0.475209160814002
8665.json,larry-pratt,half-true,0,0,0.1734207778659324
7898.json,stephen-sweeney,false,1,0,0.3052397661850324
12531.json,donald-trump,mostly-true,0,1,0.6461159076058441
8281.json,mayors-against-illegal-guns,half-true,0,0,0.005272361941457058
4470.json,nathan-deal,true,0,0,0.2122915043620114
12452.json,bernie-s,mostly-true,0,1,0.5825476333201238
12568.json,donald-trump,false,1,0,0.33726252141692437
4478.json,scott-walker,pants-fire,1,0,0.17081234104133058
11821.json,john-mccain,mostly-true,0,0,0.30343832676019106
1193.json,karl-rove,half-true,0,0,0.4359333011123889
11045.json,blog-posting,pants-fire,1,1,0.9677806368699327
4377.json,blog-posting,pants-fire,1,1,0.7920470486539615
10845.json,alex-mcmurtrie-jr,false,1,1,0.9759807036482719
11095.json,scott-walker,barely-true,1,1,0.6034134949124279
8783.json,lloyd-doggett,true,0,0,0.10148031236428147
5858.json,eileen-brady,true,0,1,0.6006078599229057
13476.json,blog-posting,false,1,1,0.9758917461761629
13307.json,donald-trump,false,1,1,0.9068372586367647
12772.json,bernie-s,mostly-true,0,0,0.4563092203228025
7262.json,college-presidents,mostly-true,0,0,0.0010430943808298078
9474.json,rush-limbaugh,false,1,1,0.6917099149891419
2456.json,scott-walker,half-true,0,0,0.014175467314893666
2896.json,angel-taveras,mostly-true,0,0,0.16345499290162993
12081.json,donald-trump,false,1,1,0.8632341360549998
11896.json,donald-trump,pants-fire,1,0,0.41761173559967746
10771.json,tim-kaine,barely-true,1,0,0.034934270610347984
3178.json,ron-paul,pants-fire,1,1,0.6956423103474637
273.json,john-mccain,false,1,0,0.44077423451674475
8142.json,jeff-merkley,mostly-true,0,0,0.012525272912820452
564.json,john-mccain,mostly-true,0,0,0.44956670596310383
4675.json,new-jersey-democratic-state-committee,barely-true,1,1,0.624529816334353
11535.json,ben-carson,mostly-true,0,0,0.43116761648054097
8980.json,scott-walker,false,1,0,0.30905312221483944
10364.json,peter-feigin,false,1,1,0.9949080543818873
13276.json,donald-trump,pants-fire,1,0,0.40405323818951383
1597.json,citizens-lower-taxes-and-stronger-economy,half-true,0,1,0.5983913095728829
13427.json,donald-trump,false,1,1,0.7923648912413408
10958.json,bernie-s,mostly-true,0,0,0.10490554418553777
3198.json,bill-oreilly,true,0,1,0.6557315098884866
11979.json,bernie-s,barely-true,1,0,0.1697195948300565
11022.json,donna-brazile,mostly-true,0,0,0.013284233383763958
3247.json,whoopi-goldberg,half-true,0,1,0.6302198530298126
11309.json,donald-trump,barely-true,1,0,0.17199456497620588
10934.json,pamela-geller,half-true,0,0,0.4061883990625856
448.json,john-mccain,barely-true,1,1,0.7352998233318425
5359.json,restore-our-future,pants-fire,1,0,0.22200100570251222
1987.json,ron-klein,false,1,0,0.28543971677173363
6825.json,promote-oregon-leadership-pac-oregon-house-republi,half-true,0,1,0.7026623449753505
127.json,joe-biden,half-true,0,0,0.32258736070200716
5173.json,arne-duncan,mostly-true,0,0,0.3110008222452054
12232.json,john-kasich,mostly-true,0,0,0.14788437038857083
946.json,john-mccain,false,1,1,0.567490478524875
6961.json,oregon-senate-republicans,mostly-true,0,1,0.7823384866903671
6631.json,kathleen-sebelius,half-true,0,0,0.06997308861881037
2285.json,sam-rashid,barely-true,1,1,0.9379942040349817
12536.json,david-beckham,true,0,0,0.006533702865133169
7860.json,keith-faber,true,0,0,0.0003030294480535001
1949.json,vern-buchanan,true,0,1,0.5297900245214352
3602.json,jeff-cogen,half-true,0,0,0.004308772429990604
12299.json,john-kirby,false,1,1,0.9827464142775215
7400.json,ed-fallone,false,1,0,0.2712994138688995
783.json,john-mccain,true,0,0,0.3691666658027567
3549.json,donald-trump,false,1,1,0.5526315721806612
10006.json,republican-party-florida,barely-true,1,1,0.5072540510916507
13353.json,donald-trump,barely-true,1,1,0.7398368944543962
12173.json,don-beyer,mostly-true,0,0,0.24394507754683545
3353.json,john-kasich,true,0,0,0.1983708498036141
1614.json,orrin-hatch,true,0,0,0.4200687793904153
6569.json,artur-davis,barely-true,1,1,0.9784060788742902
9205.json,gary-peters,half-true,0,0,0.007603936778370379
7883.json,dave-joyce,true,0,0,0.06187300326464132
7205.json,deepwater-wind,true,0,0,0.0029930320519127463
9397.json,john-mccain,mostly-true,0,0,0.2952779394492584
8515.json,republican-party-florida,barely-true,1,0,0.16421185468707275
6954.json,democratic-congressional-campaign-committee,barely-true,1,0,0.32522756344599063
1602.json,annise-parker,half-true,0,0,0.0033506088481406347
11673.json,charlotte-nash,true,0,0,0.12940138417089636
9611.json,blog-posting,pants-fire,1,1,0.901969267860566
11107.json,club-growth,true,0,1,0.7677112510389651
8284.json,se-cupp,half-true,0,0,0.0009509303909672911
12059.json,bernie-s,true,0,0,0.1046241422076433
12386.json,minka-kelly,half-true,0,0,0.0029304133016400734
676.json,john-mccain,false,1,1,0.6194916590077236
12753.json,donald-trump,mostly-true,0,1,0.5201180397374924
3248.json,john-kasich,mostly-true,0,0,0.12297385737119669
2336.json,scott-walker,barely-true,1,0,0.2420100679796504
5446.json,national-republican-congressional-committee,half-true,0,0,0.4805372205443159
7020.json,republican-governors-association,barely-true,1,0,0.43597157417207105
950.json,tom-coburn,false,1,1,0.7096422436125437
2927.json,randy-leonard,barely-true,1,1,0.9774306739250177
12139.json,pat-mccrory,half-true,0,1,0.9316584133056263
11179.json,donald-trump,false,1,1,0.59483802662473
4459.json,david-cicilline,true,0,0,0.3242325385390249
3655.json,donald-trump,pants-fire,1,1,0.515770015687978
5537.json,john-kasich,half-true,0,0,0.12899317411526337
12711.json,tim-kaine,barely-true,1,0,0.13914067492670879
9134.json,heather-mcghee,barely-true,1,0,0.04115135703327758
10195.json,leonard-pitts-jr,half-true,0,0,0.0023468917960117776
1397.json,karl-rove,half-true,0,0,0.4187598056102735
11329.json,carly-fiorina,mostly-true,0,0,0.2138932459987228
4015.json,democratic-congressional-campaign-committee,barely-true,1,1,0.9763311277183787
5298.json,armond-budish,true,0,0,0.09420210189391581
45.json,bill-richardson,pants-fire,1,0,0.1347680428119835
10752.json,texas-organizing-project,true,0,0,0.0010069852857028496
12032.json,john-kasich,half-true,0,0,0.023538480307534
10775.json,rush-limbaugh,barely-true,1,0,0.4000434860737357
1030.json,colin-powell,half-true,0,0,0.000913049854215978
5711.json,elizabeth-ames-jones,barely-true,1,1,0.97998209530884
11397.json,john-stemberger,false,1,1,0.9298574971811224
11790.json,john-cortes,true,0,0,0.010528524649712214
9792.json,john-padgett,true,0,0,0.010597639552069816
1058.json,ann-coulter,barely-true,1,1,0.5740525533566523
8912.json,charlie-crist,true,0,1,0.5102092401483914
824.json,john-mccain,half-true,0,1,0.8269575911159819
10792.json,jim-lampley,pants-fire,1,1,0.9770837793714301
5407.json,bill-pascrell,false,1,0,0.06733956176187174
11991.json,bernie-s,mostly-true,0,0,0.04256089398055667
7457.json,carolyn-medeiros,barely-true,1,1,0.9629972132346636
13348.json,debbie-wasserman-schultz,false,1,0,0.48471505241162516
13461.json,blog-posting,pants-fire,1,1,0.8450074493855781
1188.json,thomas-sowell,false,1,1,0.997202005086851
797.json,john-mccain,false,1,0,0.35728958083477436
2304.json,arne-duncan,half-true,0,0,0.0643250740580968
7609.json,jeff-tittel,pants-fire,1,1,0.7043910784626233
9085.json,matt-damon,half-true,0,0,0.0007253088517561019
8221.json,john-mccain,true,0,0,0.24852506026176363
4775.json,bill-clinton,half-true,0,0,0.32059569938831095
8522.json,steve-leslie,mostly-true,0,0,0.0008732278291071361
12974.json,gary-johnson,false,1,0,0.40719656154731465
13018.json,alex-castellanos,barely-true,1,1,0.9952286267220958
1832.json,carly-fiorina,false,1,0,0.37303870530369826
3290.json,florida-department-corrections-worker,mostly-true,0,0,0.0009677541817197765
6020.json,lisa-blais,barely-true,1,1,0.9847469701536766
10836.json,thomas-perez,half-true,0,0,0.22037529411361412
11067.json,scott-walker,mostly-true,0,0,0.14930923540311353
8007.json,robert-menendez,mostly-true,0,0,0.20405291430425607
3193.json,scott-walker,true,0,0,0.10147685555891427
3756.json,janet-napolitano,pants-fire,1,0,0.05770984462247058
3140.json,oregon-senate-republicans,barely-true,1,1,0.8846607665436153
6082.json,john-kasich,mostly-true,0,0,0.19163075985014633
12767.json,corey-stewart,barely-true,1,1,0.9916027641276907
8657.json,daniel-mckee,mostly-true,0,0,0.002951468881817576
6278.json,debbie-wasserman-schultz,mostly-true,0,0,0.06543886036189525
2839.json,atlanta-sports-council,false,1,1,0.9470709556000075
2471.json,susan-latvala,false,1,1,0.9919825196345204
3707.json,gary-johnson,mostly-true,0,0,0.08838804292069853
4.json,bill-richardson,mostly-true,0,0,0.07721085074145169
3344.json,scott-walker,false,1,0,0.32089278320513165
10651.json,blog-posting,barely-true,1,1,0.7696023013630088
13105.json,gary-johnson,mostly-true,0,0,0.24174491630600178
2532.json,scott-walker,true,0,0,0.26631077368632206
7028.json,tim-kaine,mostly-true,0,0,0.13280399048957792
3936.json,wisconsin-humane-society,mostly-true,0,0,0.0006995321258846798
9901.json,connie-stokes,half-true,0,0,0.0028142547435850655
13088.json,tim-kaine,mostly-true,0,0,0.10697531258163752
11007.json,bernie-s,half-true,0,0,0.37438783305655177
9066.json,kathleen-sebelius,barely-true,1,0,0.12204357364909107
495.json,john-mccain,true,0,1,0.549584486595398
10395.json,scott-walker,half-true,0,1,0.6096981985336878
1709.json,charlie-crist,half-true,0,1,0.5361984439490135
2452.json,republican-governors-association,pants-fire,1,1,0.7755633842330584
13266.json,donald-trump,barely-true,1,1,0.6736226204738459
3543.json,stefani-carter,half-true,0,0,0.012080446659944096
11803.json,donald-trump,false,1,0,0.2886989793395967
12188.json,bernie-s,false,1,0,0.11569003518442043
13393.json,national-republican-congressional-committee,barely-true,1,1,0.707568216967679
6815.json,lois-frankel,barely-true,1,1,0.9887086362161596
9839.json,scott-walker,mostly-true,0,1,0.5731917475844395
2077.json,yvette-mcgee-brown,true,0,0,0.0012977528879042008
8298.json,dennis-richardson,false,1,0,0.08480669804359477
11354.json,ben-carson,barely-true,1,0,0.27372224729010264
8767.json,kathleen-vinehout,mostly-true,0,0,0.3054206584950878
44.json,bill-richardson,mostly-true,0,0,0.06664082919758998
11763.json,david-sweetser,true,0,0,0.002542065710101393
987.json,rush-limbaugh,false,1,1,0.5140742703017136
9579.json,charlie-crist,mostly-true,0,0,0.40052699764687616
6746.json,restore-our-future,barely-true,1,0,0.07811164979325962
9331.json,dan-patrick,false,1,0,0.4792633892433415
10109.json,no-tax-tracks,false,1,1,0.8020967223105706
6364.json,club-growth,barely-true,1,1,0.6243074468431834
11739.json,donald-trump,barely-true,1,1,0.6411445043802103
10045.json,nik-kovac,false,1,1,0.9831062001454527
4697.json,blog-posting,false,1,1,0.8132544854305277
7832.json,bryan-long,half-true,0,0,9.314702167955973e-05
5648.json,lynn-westmoreland,half-true,0,0,0.3333455257758933
7672.json,blog-posting,false,1,1,0.8332489744126356
9027.json,scott-walker,true,0,1,0.692075387587609
6641.json,bill-clinton,true,0,0,0.07820001530864394
7932.json,blog-posting,false,1,1,0.7710511476910892
11961.json,donald-trump,false,1,1,0.9329618489175786
2463.json,tom-nelson,false,1,0,0.4699895111247693
430.json,focus-family-action,false,1,1,0.9890965659443856
974.json,arlen-specter,mostly-true,0,0,0.0004921763833100995
7870.json,scott-walker,half-true,0,0,0.09888212817201227
425.json,john-mccain,false,1,0,0.15546083423665555
10802.json,ben-carson,false,1,0,0.45566253238780613
9070.json,no-tax-tracks,false,1,1,0.7463948744177553
10026.json,charlie-crist,mostly-true,0,0,0.3514931792191114
3556.json,saxby-chambliss,mostly-true,0,0,0.019559050070013073
11392.json,dan-patrick,pants-fire,1,0,0.3905004232124798
12161.json,donald-trump,false,1,0,0.4399108816060402
13091.json,libre-initiative,mostly-true,0,0,0.0025015099469491244
4785.json,robert-hagan,mostly-true,0,0,0.007044309458417407
2260.json,national-republican-congressional-committee,half-true,0,0,0.31824584565030556
9011.json,john-bolton,mostly-true,0,0,0.0012462270889943077
2998.json,dean-cannon,true,0,1,0.6241420665045072
11953.json,donald-trump,false,1,1,0.8588211008478013
5296.json,democratic-congressional-campaign-committee,pants-fire,1,1,0.8358122936983756
1605.json,republican-party-florida,pants-fire,1,1,0.8345274328200982
3315.json,christopher-peace,false,1,1,0.9867678407282332
7710.json,susan-b-anthony-list,pants-fire,1,1,0.9019273280435817
8349.json,debbie-wasserman-schultz,mostly-true,0,0,0.37606828406298864
10684.json,scott-walker,true,0,1,0.6238969687410861
4324.json,arne-duncan,false,1,0,0.2535832690167272
12458.json,donald-trump,pants-fire,1,1,0.8918087010854905
807.json,john-mccain,mostly-true,0,0,0.27291506833058127
8954.json,dan-branch,half-true,0,0,0.00771736735577283
13193.json,tim-kaine,true,0,1,0.6680484424622006
3077.json,john-kasich,true,0,0,0.3019725082059853
6441.json,new-jersey-democratic-state-committee,half-true,0,0,0.4917018357373741
9772.json,republican-party-florida,true,0,0,0.26620491024207854
1311.json,charlie-crist,false,1,0,0.10111188185452072
7079.json,saxby-chambliss,mostly-true,0,0,0.09948497733547829
11977.json,donald-trump,false,1,1,0.8174581068953599
11936.json,donald-trump,mostly-true,0,0,0.40783256892538655
706.json,john-mccain,pants-fire,1,0,0.4026880191923427
11190.json,scott-walker,mostly-true,0,0,0.30028381666174253
11531.json,bernie-s,false,1,0,0.2504487371748517
6611.json,anthony-gemma,pants-fire,1,0,0.3456942209668905
12380.json,ken-cuccinelli,mostly-true,0,0,0.08034125970341213
10737.json,charlie-bethel,half-true,0,0,0.0006003757442668451
13312.json,donald-trump,false,1,1,0.718430113800899
26.json,john-mccain,mostly-true,0,0,0.3667602157348074
9664.json,scott-walker,mostly-true,0,0,0.32213910142457414
13446.json,ohio-republican-party,barely-true,1,1,0.8340671380003668
4569.json,steve-lonegan,false,1,0,0.4353417023783066
8581.json,pat-mccrory,barely-true,1,0,0.4506890206729712
13518.json,donald-trump,half-true,0,1,0.8408698003679806
11008.json,donald-trump,false,1,1,0.8601458282689664
10545.json,blog-posting,barely-true,1,1,0.9131910461966897
3446.json,david-cicilline,barely-true,1,0,0.4208856271808413
3086.json,nathan-deal,mostly-true,0,1,0.7994683516494002
10955.json,donald-trump,barely-true,1,0,0.3745684236114743
10441.json,scott-walker,pants-fire,1,1,0.7609415125232498
10047.json,jeanne-shaheen,barely-true,1,0,0.18846074194445747
9544.json,no-tax-tracks,half-true,0,1,0.6901982667951359
9064.json,karl-rove,mostly-true,0,0,0.41625683106783923
11088.json,donald-trump,barely-true,1,0,0.3190583228342122
3509.json,joanne-kloppenburg,pants-fire,1,1,0.8376930900105435
1112.json,bill-pascrell,half-true,0,0,0.07566379882317067
8652.json,bill-oreilly,false,1,1,0.5535852114590263
2942.json,scott-walker,barely-true,1,1,0.855896147642401
9840.json,megyn-kelly,true,0,1,0.8518616575232634
7597.json,kirk-watson,true,0,0,0.004019638060069841
6093.json,robert-menendez,false,1,0,0.10543111996263788
768.json,joe-biden,barely-true,1,0,0.12771836606536352
11897.json,bernie-s,mostly-true,0,0,0.13658488360767013
12306.json,donald-trump,false,1,1,0.8842363775623595
1453.json,franklin-sands,half-true,0,0,0.00037289000826932936
11558.json,carly-fiorina,pants-fire,1,1,0.6150389379454065
13447.json,donald-trump,mostly-true,0,1,0.5230557710768262
3317.json,tim-kaine,mostly-true,0,0,0.017669403278903373
1057.json,glenn-beck,false,1,0,0.1388127233792774
12969.json,donald-trump,barely-true,1,1,0.7042582500081298
5899.json,tim-kaine,true,0,0,0.06992897814622583
10112.json,scott-walker,false,1,0,0.3036721058178563
6959.json,rob-moshein,half-true,0,0,0.0009678604423325014
3944.json,john-kasich,barely-true,1,0,0.3095132632308895
13465.json,donald-trump,half-true,0,0,0.21183042020265166
8642.json,jorge-ramos,barely-true,1,0,0.20192952154878607
3992.json,better-austin-today-political-action-committee,barely-true,1,1,0.9918295689097016
4247.json,alberto-carvalho,half-true,0,0,0.000556011086714334
1521.json,charles-boustany,mostly-true,0,1,0.8966559234362528
11408.json,debbie-wasserman-schultz,mostly-true,0,0,0.13557061233687207
6480.json,arne-duncan,mostly-true,0,0,0.09883403008391657
1714.json,lamar-alexander,true,0,0,0.21617511012641646
13452.json,amy-schumer,half-true,0,0,0.007167956337365405
5685.json,vern-buchanan,half-true,0,0,0.3804724375445998
8181.json,carly-fiorina,half-true,0,0,0.1689955896913727
622.json,john-mccain,half-true,0,1,0.5266923292499579
13054.json,chris-sununu,half-true,0,1,0.6312678154048361
703.json,john-mccain,mostly-true,0,0,0.3644513272644585
270.json,joe-biden,false,1,0,0.3017607494774171
319.json,john-mccain,true,0,1,0.5359264228973841
4040.json,scott-walker,false,1,1,0.5186265956015254
7745.json,allison-tant,false,1,1,0.9902197964389573
11983.json,donald-trump,false,1,1,0.6513902756095532
2610.json,john-robitaille,true,0,0,0.45311641182656953
11441.json,bill-oreilly,barely-true,1,0,0.13423503120960306
7980.json,lynn-westmoreland,true,0,1,0.6040655723976319
3612.json,john-kasich,half-true,0,1,0.5704863067966306
8546.json,scott-walker,half-true,0,0,0.16116177535114593
9607.json,bill-oreilly,mostly-true,0,0,0.16957812524822835
496.json,john-mccain,false,1,0,0.17080151417053913
2386.json,austan-goolsbee,false,1,0,0.20614250938040327
7270.json,protect-families-first,false,1,1,0.9870834951424214
578.json,john-mccain,mostly-true,0,0,0.2962161566119403
8283.json,scott-walker,barely-true,1,0,0.09819779043556562
13225.json,donald-trump,half-true,0,0,0.08156358161140849
13256.json,national-republican-congressional-committee,true,0,1,0.5345291043275238
12556.json,donald-trump,true,0,1,0.7996403287695478
12539.json,joaquin-castro,mostly-true,0,0,0.11003272077696762
71.json,ron-paul,false,1,0,0.36468528569769126
4244.json,saxby-chambliss,mostly-true,0,0,0.06593892322835891
1887.json,john-oxendine,true,0,0,0.000983430219278535
567.json,john-mccain,true,0,1,0.6558416497854955
271.json,joe-biden,false,1,0,0.13404644579349143
12120.json,bernie-s,true,0,0,0.18881628541867185
1001.json,arlen-specter,false,1,0,0.004128427990518123
4723.json,jon-huntsman,mostly-true,0,0,0.4404286490758312
3395.json,dan-patrick,barely-true,1,0,0.14389138924878875
9935.json,charlie-crist,barely-true,1,0,0.11479423516535213
68.json,joe-biden,half-true,0,0,0.3402635986994441
2567.json,citizens-lower-taxes-and-stronger-economy,barely-true,1,0,0.12081717879116217
11357.json,bernie-s,barely-true,1,0,0.20486113828447108
952.json,joe-biden,half-true,0,0,0.01114649037800504
224.json,joe-biden,true,0,1,0.5722338206159246
2795.json,tim-kaine,mostly-true,0,0,0.20948809202550525
1371.json,karl-rove,barely-true,1,1,0.6378309831412474
9645.json,jamie-weinstein,half-true,0,0,0.00018546827082034588
577.json,john-mccain,half-true,0,0,0.3302829361380243
8964.json,republican-party-florida,barely-true,1,0,0.46438091826698885
6355.json,george-flinn,pants-fire,1,1,0.9951333117985496
9924.json,blog-posting,pants-fire,1,1,0.8610739315689173
6388.json,francisco-quico-canseco,half-true,0,0,0.0016957600975335077
3882.json,tom-rooney,mostly-true,0,0,0.04599424883387056
4158.json,john-kasich,mostly-true,0,1,0.7091017154936726
12989.json,donald-trump,false,1,1,0.8154154207317471
2751.json,democratic-congressional-campaign-committee,half-true,0,1,0.7804331589634499
8539.json,mr-conservative,pants-fire,1,1,0.9815654483005268
8478.json,kathleen-sebelius,pants-fire,1,0,0.22280550167260377
7558.json,bruce-hanna,false,1,1,0.9747029730579868
11240.json,donald-trump,half-true,0,1,0.7428231140421269
12616.json,donald-trump,barely-true,1,1,0.7460198025703308
10247.json,scott-walker,barely-true,1,0,0.41860368983388596
791.json,john-mccain,half-true,0,1,0.798961425372499
11341.json,donald-trump,false,1,1,0.6661719077982027
11702.json,scott-walker,true,0,0,0.47743646898321507
12564.json,tim-kaine,mostly-true,0,0,0.3644078064005263
12346.json,joe-biden,false,1,0,0.06778962833751301
12742.json,donald-trump,half-true,0,0,0.49587841077214917
2799.json,kathie-glass,pants-fire,1,1,0.981349766015734
12297.json,new-day-america,half-true,0,0,0.4776576277814908
10636.json,florida-students-concealed-carry,barely-true,1,1,0.9319598662762297
3297.json,state-democratic-party-wisconsin,false,1,0,0.361965100647045
3770.json,ron-paul,mostly-true,0,1,0.5663458021827803
8661.json,michael-chippendale,mostly-true,0,0,0.15712711566371773
12263.json,donald-trump,false,1,1,0.6437630075953241
159.json,joe-biden,barely-true,1,0,0.2601936856423852
11651.json,scott-walker,barely-true,1,0,0.24725998433040308
11613.json,peter-kinder,pants-fire,1,1,0.5804543693882138
8784.json,robert-puente,false,1,1,0.941699379267417
10582.json,david-jolly,mostly-true,0,0,0.1589559653298557
4265.json,state-democratic-party-wisconsin,pants-fire,1,1,0.7608539886789699
6927.json,nathan-deal,half-true,0,0,0.05154706927968779
547.json,john-mccain,pants-fire,1,1,0.6411337242744425
11419.json,bernie-s,mostly-true,0,0,0.02025061376967091
3234.json,glenn-beck,false,1,1,0.7850178573600478
12476.json,rush-limbaugh,false,1,1,0.7254935948866883
3715.json,scott-walker,true,0,0,0.31014162005933166
7611.json,susan-yoshihara,false,1,1,0.9959882798638238
8923.json,national-republican-congressional-committee,half-true,0,1,0.6359417351757671
8786.json,national-republican-congressional-committee,half-true,0,1,0.5773745401788616
318.json,john-mccain,barely-true,1,0,0.47877607186796733
10776.json,richard-clarke,barely-true,1,1,0.9935889100045522
2718.json,lloyd-doggett,mostly-true,0,0,0.13246932785583557
12501.json,gary-johnson,barely-true,1,0,0.3334513034360351
6894.json,joe-biden,half-true,0,0,0.31374249509395946
12852.json,donald-trump,pants-fire,1,0,0.3990087208938041
11618.json,donald-trump,pants-fire,1,0,0.49835895859305895
4176.json,sam-olens,false,1,0,0.06495108964287634
7058.json,taxpayer-association-oregon,half-true,0,0,0.31313304849332246
2454.json,republican-party-florida,barely-true,1,1,0.5747208439970171
5726.json,sara-stevenson,barely-true,1,1,0.9744286355134348
3015.json,mike-polensek,half-true,0,0,0.0004136121587060927
5901.json,oregon-league-conservation-voters,barely-true,1,1,0.9922133127042732
11882.json,carly-fiorina,true,0,0,0.3659954809723054
8227.json,bill-clinton,true,0,0,0.22729921562292812
3138.json,ken-cuccinelli,true,0,0,0.4395418493874361
2301.json,michael-thurmond,true,0,1,0.9518594621738146
5809.json,samuel-wurzelbacher,false,1,0,0.49099247305825794
7761.json,charlie-crist,false,1,0,0.23294479115082262
2488.json,sam-adams,half-true,0,0,0.3966447047367244
3947.json,ted-ferrioli,half-true,0,0,0.0005751449835369464
12862.json,donald-trump,pants-fire,1,1,0.9170743488877818
1004.json,joe-biden,pants-fire,1,0,0.21014617523987958
1466.json,debra-medina,half-true,0,0,0.3876686018466848
2343.json,yvette-mcgee-brown,true,0,0,0.0015564040625213875
2951.json,democratic-congressional-campaign-committee,half-true,0,0,0.48248724619545824
2156.json,catherine-taylor,false,1,1,0.9657509140621833
13414.json,donald-trump,half-true,0,1,0.6198959461457153
11597.json,ben-carson,barely-true,1,0,0.413354645127593
9795.json,republican-party-florida,pants-fire,1,1,0.6613940059769828
5295.json,joseph-trillo,half-true,0,0,0.3846544430053233
48.json,ron-paul,mostly-true,0,0,0.19391116768456357
4587.json,jon-huntsman,half-true,0,0,0.12171046552527637
2583.json,rob-cornilles,half-true,0,0,0.1726744076411375
13406.json,donald-trump,true,0,0,0.2280362514769656
12357.json,david-jolly,barely-true,1,0,0.4226654161153693
3184.json,glenn-beck,half-true,0,1,0.6431960225238148
11530.json,republican-party-florida,mostly-true,0,0,0.0883874086895587
5267.json,nathan-deal,false,1,0,0.40283476773997196
5088.json,jon-huntsman,half-true,0,0,0.09616173379493353
8346.json,jeb-hensarling,pants-fire,1,1,0.7516640892793586
10629.json,james-carville,false,1,0,0.27663921596786784
2118.json,melanie-crozier,pants-fire,1,1,0.9968371699431208
3812.json,rush-limbaugh,barely-true,1,1,0.6139394938423443
3042.json,new-georgia-encyclopedia,true,0,0,0.010214415122329379
2694.json,promote-oregon-leadership-pac-oregon-house-republi,true,0,1,0.8332562923589504
3383.json,blog-posting,false,1,1,0.9537763554592916
5823.json,nathan-deal,barely-true,1,0,0.06612278501092357
12470.json,donald-trump,barely-true,1,1,0.8498519213093612
666.json,joe-biden,half-true,0,0,0.2730274235795455
2937.json,john-kasich,true,0,0,0.10595462791261351
138.json,ron-paul,mostly-true,0,1,0.8129928974316134
4720.json,jon-huntsman,true,0,0,0.09164324981175508
1111.json,bill-pascrell,half-true,0,0,0.029495526304418766
7105.json,paul-levesque,mostly-true,0,0,0.0023070391835664996
8605.json,donna-brazile,mostly-true,0,1,0.6299830616924484
330.json,john-mccain,half-true,0,0,0.11308393971137325
12693.json,joe-biden,half-true,0,0,0.08345803153052687
819.json,republican-party-florida,half-true,0,1,0.7052685471352229
7934.json,stephen-sweeney,mostly-true,0,0,0.20379861957492526
614.json,john-mccain,barely-true,1,0,0.4863490897222811
7208.json,american-international-group,mostly-true,0,0,0.00019807402562722613
642.json,joe-biden,true,0,0,0.39345746440814744
12166.json,donald-trump,pants-fire,1,0,0.46307891263593637
6793.json,yes-82-and-83-campaign,half-true,0,0,0.0014194543586343168
9565.json,charlie-crist,half-true,0,1,0.8551177179149129
13376.json,dan-patrick,true,0,1,0.6073138276147783
11061.json,jan-brewer,barely-true,1,1,0.7147191064495909
12434.json,donald-trump,pants-fire,1,1,0.8870767904815178
1703.json,bill-clinton,half-true,0,0,0.07996503769511722
4443.json,ron-paul,mostly-true,0,0,0.14592485208355913
9918.json,scott-walker,true,0,0,0.15837439014043825
10319.json,tom-coburn,half-true,0,0,0.3593468903446049
9057.json,nathan-deal,barely-true,1,0,0.10505178258098868
1457.json,glenn-beck,half-true,0,1,0.8516792077786085
4163.json,ron-paul,true,0,0,0.3952114606511205
3183.json,democratic-congressional-campaign-committee,pants-fire,1,1,0.8509859940836437
2038.json,john-oxendine,half-true,0,0,0.01029523346901297
1837.json,colin-powell,true,0,0,0.0008612799871980247
6296.json,bill-pascrell,false,1,0,0.4806330578002606
3448.json,sam-adams,mostly-true,0,0,0.4254465157076846
3292.json,donna-brazile,mostly-true,0,0,0.13649674483415475
12828.json,bike-austin,barely-true,1,1,0.9711193152617403
10596.json,john-fredericks,false,1,1,0.9778456432646556
4942.json,jon-huntsman,barely-true,1,0,0.3512678184570769
6718.json,jeanne-shaheen,half-true,0,0,0.11171431577428502
6796.json,val-demings,barely-true,1,1,0.9868345605222276
3479.json,joanne-kloppenburg,barely-true,1,1,0.8730586898788251
6997.json,tim-kaine,mostly-true,0,0,0.41008950282167295
8398.json,national-republican-congressional-committee,barely-true,1,1,0.7388483256168241
11003.json,blog-posting,false,1,1,0.9726386235539886
4674.json,iowans-some-semblance-christian-decency,false,1,1,0.9953937611226118
2025.json,keith-olbermann,false,1,0,0.18538986244942424
11041.json,bernie-s,mostly-true,0,0,0.152843919812774
1374.json,charlie-crist,true,0,0,0.3994794502525607
8144.json,ken-cuccinelli,half-true,0,1,0.5286836164554891
4441.json,debbie-wasserman-schultz,mostly-true,0,0,0.024870574211779673
5504.json,lenny-curry,false,1,1,0.9450681865166296
6646.json,bill-clinton,true,0,0,0.11421937235544241
13349.json,donald-trump,pants-fire,1,1,0.7140268804130394
11556.json,ben-carson,barely-true,1,1,0.554552885255525
1795.json,charlie-crist,mostly-true,0,0,0.07963656508961536
8256.json,steve-munisteri,half-true,0,0,0.01284937567686373
10052.json,sarah-silverman,half-true,0,0,0.0016218662311755316
9651.json,debbie-wasserman-schultz,mostly-true,0,0,0.2327806975688181
12277.json,donald-trump,mostly-true,0,0,0.06761468080698581
12326.json,donald-trump,pants-fire,1,1,0.9168568417356626
8715.json,donna-brazile,mostly-true,0,0,0.1897660463599152
2150.json,chris-carpenter,pants-fire,1,1,0.9963318597798081
5030.json,jeff-merkley,true,0,0,0.215026351354915
11734.json,carly-fiorina,barely-true,1,0,0.10763859722645827
616.json,john-mccain,barely-true,1,1,0.6578529546294305
1901.json,james-carville,barely-true,1,1,0.811085169024542
13373.json,chris-sununu,false,1,1,0.851284039603542
1637.json,charlie-crist,false,1,0,0.13343606023224616
5255.json,john-kasich,true,0,0,0.33252732524211787
11104.json,donald-trump,false,1,1,0.6930529739772592
13233.json,donald-trump,barely-true,1,1,0.8756893863146986
2306.json,donna-brazile,mostly-true,0,0,0.015734563299298107
9677.json,joe-biden,half-true,0,0,0.23063896329072384
11975.json,john-mccain,barely-true,1,0,0.14998469636844214
2310.json,chip-rogers,barely-true,1,0,0.08960916841149946
12876.json,bill-clinton,mostly-true,0,0,0.20836821427537688
6005.json,scott-walker,half-true,0,0,0.4474255974674046
6798.json,yg-action-fund,half-true,0,0,0.00346570426487735
2350.json,blog-posting,pants-fire,1,1,0.7160059091104902
5969.json,scott-walker,false,1,1,0.5409195830846589
9086.json,mark-begich,mostly-true,0,0,0.3415951394130517
2886.json,blog-posting,pants-fire,1,1,0.9609588806235468
9188.json,james-carville,barely-true,1,1,0.8790940670818899
7875.json,abel-collins,mostly-true,0,0,0.0007580723123854468
3925.json,debbie-wasserman-schultz,mostly-true,0,0,0.34895414900292315
4196.json,jon-huntsman,barely-true,1,1,0.5489164374777197
2119.json,john-robitaille,half-true,0,1,0.897397658715865
13501.json,blog-posting,pants-fire,1,1,0.8461606998906245
13195.json,donald-trump,false,1,1,0.5473707607393696
3347.json,brian-moran,half-true,0,0,0.31470910609558866
10979.json,bill-clinton,mostly-true,0,1,0.7038274208360665
12726.json,donald-trump,false,1,1,0.8718462944250155
3569.json,john-kasich,false,1,0,0.35339366371014214
4577.json,occupied-wall-street-journal,half-true,0,0,0.0006797457114747929
13008.json,donald-trump,barely-true,1,1,0.5098590350216481
11856.json,bernie-s,half-true,0,0,0.09897830641333877
8579.json,mike-plant,mostly-true,0,0,0.0011390542693361133
5291.json,jim-whelan,mostly-true,0,0,0.0007739655633279707
12421.json,scott-walker,mostly-true,0,1,0.6145108889855675
7391.json,keith-faber,true,0,0,0.00011551675751783826
632.json,jerome-corsi,false,1,1,0.9905008405664573
13189.json,tim-kaine,true,0,0,0.3234427293850404
7996.json,ken-cuccinelli,false,1,0,0.23383138544153326
3924.json,gary-black,half-true,0,0,0.004635098402874799
3467.json,nathan-deal,mostly-true,0,0,0.17632773497469026
11508.json,david-cicilline,half-true,0,0,0.12123263726741051
2497.json,mark-hinkle,true,0,0,0.030170243114888057
12785.json,bill-clinton,mostly-true,0,0,0.2211549973560851
3690.json,national-republican-congressional-committee,mostly-true,0,0,0.4320332190500081
1402.json,donna-brazile,mostly-true,0,0,0.40501013279231074
13243.json,donald-trump,barely-true,1,1,0.9205005090590815
7409.json,dave-joyce,true,0,0,0.0016041260995540403
2129.json,jeanne-shaheen,half-true,0,0,0.06904306637275354
3530.json,bob-graham,mostly-true,0,0,0.03981716114059119
320.json,john-mccain,true,0,0,0.29942416430312596
7078.json,kirk-watson,mostly-true,0,0,0.007486193837236741
696.json,john-mccain,false,1,0,0.3937843760160603
4648.json,phil-kent,false,1,1,0.9817744414254594
10736.json,mike-huebsch,false,1,1,0.9861901132328577
12857.json,donald-trump,false,1,1,0.9080301085239464
11671.json,debbie-wasserman-schultz,pants-fire,1,0,0.4582863544306234
1.json,barbara-ann-radnofsky,pants-fire,1,1,0.9668542015878525
8135.json,dubose-porter,mostly-true,0,0,0.00024684300203097604
4469.json,brad-avakian,false,1,0,0.4570216083085539
6993.json,democratic-congressional-campaign-committee,false,1,1,0.7344822558931293
8700.json,gilberto-hinojosa,half-true,0,0,0.08288870859863903
5641.json,graeme-zielinski,pants-fire,1,1,0.9242310519655558
2479.json,scott-walker,barely-true,1,0,0.26638043902591096
9447.json,democratic-congressional-campaign-committee,false,1,0,0.37101899659876114
311.json,john-mccain,false,1,0,0.34257052068382743
2735.json,charlie-crist,barely-true,1,0,0.11259109401103717
477.json,john-mccain,mostly-true,0,1,0.7545341520175209
12144.json,tim-finchem,mostly-true,0,0,0.004008643104183637
11110.json,scott-walker,barely-true,1,0,0.43367393898516954
8190.json,michael-bloomberg,mostly-true,0,0,0.04040262182843281
13246.json,national-republican-congressional-committee,false,1,1,0.7854935662592732
2049.json,charlie-crist,true,0,0,0.20039916513827194
1135.json,david-axelrod,true,0,0,0.3018860256008105
1898.json,charlie-crist,mostly-true,0,0,0.41649017919042913
2840.json,dean-cannon,barely-true,1,1,0.9749480569534894
9341.json,miami-seaport-alliance,mostly-true,0,0,0.4707938991118911
3670.json,david-cicilline,barely-true,1,0,0.38874311295900393
10892.json,ann-coulter,pants-fire,1,1,0.7867710317254831
8194.json,bookerfail,barely-true,1,0,0.2609201387538722
2226.json,debbie-wasserman-schultz,half-true,0,0,0.338288047655325
8926.json,national-republican-congressional-committee,half-true,0,1,0.885806705508321
5118.json,democratic-party-oregon,barely-true,1,1,0.8396404065344596
8548.json,jeff-merkley,true,0,0,0.20718331342523733
1359.json,eugene-robinson,mostly-true,0,0,0.00513308912056673
8431.json,larry-elder,false,1,1,0.9944329590314147
1036.json,rush-limbaugh,barely-true,1,1,0.7765962706319344
2530.json,national-republican-congressional-committee,false,1,0,0.49184888128455534
6622.json,julian-castro,true,0,0,0.003521992480617666
7564.json,wayne-lapierre,half-true,0,0,0.4890950658445674
4518.json,gary-johnson,half-true,0,0,0.09914883172503361
3858.json,jeff-merkley,mostly-true,0,0,0.02172540799297209
5527.json,state-democratic-party-wisconsin,false,1,1,0.8437263165394271
8702.json,jeff-merkley,true,0,0,0.011627114017335986
12264.json,bernie-s,barely-true,1,0,0.34221484087262527
4271.json,nicholas-scutari,true,0,0,0.0067892652601966065
11804.json,dale-kooyenga,false,1,0,0.24855101986461609
12030.json,bernie-s,mostly-true,0,0,0.07948422835396442
4097.json,joseph-trillo,pants-fire,1,0,0.11118883609307896
11294.json,scott-walker,true,0,0,0.3784274373316486
532.json,john-mccain,false,1,0,0.22557222324339615
8810.json,ron-paul,false,1,0,0.2777666970747893
9088.json,florida-stop-common-core-coalition,half-true,0,0,0.3264829585940366
1365.json,charlie-crist,half-true,0,0,0.10868452368281503
5842.json,jana-duty,barely-true,1,1,0.9912684955290391
12878.json,democratic-congressional-campaign-committee,barely-true,1,1,0.5893991210860567
8315.json,carol-shea-porter,mostly-true,0,0,0.392396200425598
91.json,bill-richardson,mostly-true,0,0,0.13224957244321855
12916.json,donald-trump,false,1,1,0.6028406480289714
13442.json,donald-trump,pants-fire,1,1,0.7343634253170985
13309.json,donald-trump,pants-fire,1,1,0.7883807498859677
1383.json,michael-bloomberg,half-true,0,0,0.2534317985770847
117.json,john-mccain,false,1,0,0.28057824081240096
7560.json,robert-kando,half-true,0,0,0.0014108506468437042
5049.json,ron-paul,false,1,0,0.4086167648405959
11216.json,alliance-defending-freedom,half-true,0,0,0.001720714490713581
6216.json,stephen-sweeney,true,0,1,0.5866197134441965
4246.json,tom-coburn,half-true,0,0,0.2524242340985931
7955.json,raymond-gallison,half-true,0,0,0.0010890030373867687
12035.json,arnold-schwarzenegger,mostly-true,0,0,0.0029860517895751743
2745.json,national-republican-congressional-committee,false,1,1,0.7443656151072652
5508.json,texas-democratic-party,mostly-true,0,1,0.5100270023000032
1717.json,house-natural-resources-committee-republicans,barely-true,1,1,0.973506573449192
1865.json,thurbert-baker,half-true,0,0,0.002913806003025128
11537.json,tim-echols,mostly-true,0,0,0.0013011532631682157
1081.json,ann-coulter,false,1,1,0.6675734976735973
8512.json,glenn-beck,pants-fire,1,1,0.9458007796264151
5376.json,elizabeth-ames-jones,false,1,1,0.9952359650926453
5141.json,rob-cornilles,true,0,1,0.5349423968388973
9572.json,scott-walker,mostly-true,0,1,0.6911131463541138
2478.json,jeff-merkley,mostly-true,0,0,0.015341088282466664
10563.json,scott-walker,true,0,0,0.41561234557109866
12181.json,bernie-s,half-true,0,0,0.1851960709594141
10077.json,mark-shields,barely-true,1,1,0.9437092518159839
5404.json,frank-niceley,pants-fire,1,1,0.9942150103235798
5989.json,bob-gibbs,true,0,0,0.029827180919791935
12525.json,louie-gohmert,half-true,0,0,0.30671564635949905
2766.json,democratic-party-oregon,false,1,0,0.44244949447156906
4360.json,club-growth,half-true,0,0,0.4101964989687572
4618.json,sam-adams,barely-true,1,0,0.376356061837212
6395.json,steve-doell,true,0,0,0.0007800055286329263
5977.json,scott-walker,barely-true,1,0,0.1946109630708992
12748.json,donald-trump,true,0,0,0.37688807221438503
5067.json,bill-pascrell,half-true,0,0,0.35890543381031065
2220.json,courtney-combs,pants-fire,1,1,0.9899143778415009
12799.json,michael-bloomberg,mostly-true,0,0,0.2876475604067299
7805.json,tim-echols,half-true,0,0,0.0010177865871839713
12576.json,donald-trump,pants-fire,1,1,0.6939567568109838
5622.json,peter-defazio,barely-true,1,0,0.2955963468872422
11728.json,donald-trump,pants-fire,1,1,0.8699399710509812
9039.json,rush-limbaugh,false,1,1,0.5855329786447769
5748.json,lamar-alexander,barely-true,1,0,0.4852959455757044
2959.json,bernie-s,true,0,0,0.11786650379304345
2045.json,david-axelrod,mostly-true,0,0,0.16214622664077719
7031.json,david-cicilline,true,0,1,0.5895559060978235
6507.json,friends-democracy,barely-true,1,1,0.9814037980859117
561.json,john-mccain,false,1,0,0.4089860541021587
639.json,john-mccain,pants-fire,1,0,0.48615910742564566
1582.json,cathie-adams,pants-fire,1,1,0.7780983075666982
513.json,john-mccain,true,0,0,0.10209127243241442
747.json,john-mccain,mostly-true,0,0,0.43185520581983494
3873.json,austan-goolsbee,mostly-true,0,0,0.04583394616837597
3214.json,joe-biden,barely-true,1,0,0.2138278094878208
5818.json,ron-paul,false,1,0,0.282250702531626
3680.json,kathleen-sebelius,mostly-true,0,0,0.20196398042387512
12956.json,donald-trump,barely-true,1,1,0.7460358565921821
12320.json,julian-castro,half-true,0,0,0.004845728696426529
10136.json,national-republican-congressional-committee,barely-true,1,0,0.19107039184150457
3742.json,john-kasich,true,0,0,0.10425309135947572
5686.json,john-kasich,true,0,0,0.4228283581638709
2100.json,john-mccain,barely-true,1,0,0.31841875878708326
7451.json,greg-walden,barely-true,1,1,0.7752992980402551
158.json,joe-biden,false,1,0,0.022520247430420498
2548.json,national-republican-congressional-committee,barely-true,1,0,0.3218973997678247
11222.json,rhode-island-center-freedom-and-prosperity,half-true,0,0,0.06903679131957516
12614.json,charlie-crist,barely-true,1,0,0.48210793499225074
12597.json,arizona-house-democrats,mostly-true,0,0,0.0025183781765064656
10772.json,scott-walker,false,1,0,0.32729573026931147
2031.json,anthony-gemma,false,1,1,0.8181444957502657
1946.json,fair-districts-florida,true,0,0,0.006642665243938474
6672.json,julian-castro,mostly-true,0,0,0.0027741447558243494
3824.json,ej-finocchio,false,1,1,0.9820846670740517
8806.json,democratic-congressional-campaign-committee,half-true,0,1,0.6460632213972732
12607.json,donald-trump,half-true,0,1,0.618707675839086
687.json,john-mccain,barely-true,1,0,0.459987564344815
182.json,bill-richardson,true,0,0,0.07232427506251705
10862.json,eric-turner,pants-fire,1,1,0.7519025946160077
7863.json,republican-governors-association,mostly-true,0,0,0.11636713818846178
6196.json,majority-pac,barely-true,1,0,0.3377545370756204
11866.json,bernie-s,half-true,0,0,0.3734627101015589
2281.json,michael-bloomberg,true,0,0,0.3451759809175045
7813.json,lynn-derbyshire,mostly-true,0,0,0.0004319517172216714
778.json,john-mccain,false,1,0,0.12344398045978638
9131.json,republican-governors-association,mostly-true,0,0,0.17183981899973647
1281.json,claire-mccaskill,true,0,1,0.9781034191905928
9715.json,dennis-richardson,true,0,0,0.3322258859707295
3230.json,donald-trump,pants-fire,1,1,0.5147740089807503
6105.json,ron-paul,barely-true,1,0,0.2600197477771472
9846.json,charlie-crist,false,1,1,0.7397937699315196
6907.json,joe-biden,true,0,0,0.21693840246527435
4341.json,regina-benjamin,true,0,0,0.005770224324169
1536.json,debbie-wasserman-schultz,mostly-true,0,0,0.1632366244450922
12978.json,david-plouffe,mostly-true,0,0,0.2721501872675461
13107.json,donald-trump,pants-fire,1,1,0.7409878782941098
2949.json,bernie-s,false,1,0,0.19672448682399563
13158.json,vote-no-2,half-true,0,0,0.23388274740214782
12700.json,scott-walker,true,0,0,0.42533098373361455
4046.json,national-republican-congressional-committee,false,1,0,0.3589160876859074
62.json,bill-richardson,mostly-true,0,0,0.3460405363929068
5207.json,silvestre-reyes,half-true,0,0,0.07228724975128487
7480.json,al-cardenas,false,1,1,0.98803129741392
3412.json,jeff-merkley,mostly-true,0,0,0.04132786576891866
11382.json,donald-trump,false,1,0,0.4396606571128164
4520.json,jennette-gayer,half-true,0,0,0.004099164049772769
2510.json,promote-oregon-leadership-pac-oregon-house-republi,false,1,0,0.4427648400819817
1808.json,charlie-crist,false,1,0,0.45422699346797984
4039.json,jeff-fitzgerald,pants-fire,1,0,0.3693523258995907
7190.json,don-pridemore,true,0,0,0.0015722186974922341
8861.json,national-republican-congressional-committee,half-true,0,1,0.6861652054003092
5111.json,jon-huntsman,barely-true,1,0,0.09310738153910303
12440.json,dale-kooyenga,half-true,0,0,0.21009278376965715
4555.json,bernie-s,true,0,0,0.12411831819496927
1821.json,tim-kaine,half-true,0,0,0.1248565314983352
7973.json,ken-cuccinelli,false,1,1,0.7669465078520404
3799.json,evan-longoria,pants-fire,1,1,0.9917668791681138
7413.json,wayne-lapierre,false,1,0,0.4021659113499214
11042.json,ron-paul,true,0,1,0.6081764415046713
7099.json,health-first-wisconsin,false,1,1,0.9877104102406309
7835.json,republican-party-florida,barely-true,1,0,0.4329923477853505
9963.json,charlie-crist,half-true,0,0,0.2963937377512411
13141.json,stop-57-campaign,barely-true,1,1,0.9854929484487897
9755.json,nextgen-climate,half-true,0,0,0.09536365506700469
11129.json,bernie-s,mostly-true,0,0,0.04140028233741003
13504.json,dan-patrick,mostly-true,0,0,0.15016966495587683
1164.json,organizing-america,pants-fire,1,1,0.6133897946846566
11818.json,donald-trump,false,1,0,0.4689417639717875
12744.json,donald-trump,mostly-true,0,1,0.5794187210225065
12574.json,scott-walker,mostly-true,0,0,0.3570689582526532
10692.json,scott-walker,barely-true,1,0,0.2947029503977901
11381.json,mark-kelly,half-true,0,0,0.00030655011496404035
6897.json,joe-biden,half-true,0,0,0.11107132028892265
12757.json,donald-trump,mostly-true,0,0,0.38902999730721394
5299.json,susan-combs,false,1,1,0.9710720620054636
7563.json,michael-bloomberg,true,0,0,0.1787157842920291
8329.json,saxby-chambliss,barely-true,1,0,0.23752217720119914
4387.json,chip-rogers,mostly-true,0,0,0.17776583696389597
8451.json,amardeep-kaleka,pants-fire,1,1,0.9792276336698167
12504.json,blog-posting,pants-fire,1,1,0.8798818737619276
11074.json,don-beyer,half-true,0,0,0.21791298975890316
8262.json,charlie-crist,barely-true,1,0,0.05705526934220048
13239.json,donald-trump,barely-true,1,1,0.5236075784671427
1592.json,david-axelrod,half-true,0,0,0.11530612329405468
5473.json,aclu-florida,mostly-true,0,0,0.3518751323110418
3408.json,alan-powell,mostly-true,0,0,0.00070110900082693
1155.json,michael-steele,pants-fire,1,1,0.5997703455835965
1122.json,club-growth,false,1,1,0.8477904203617733
12803.json,tim-kaine,half-true,0,0,0.13610002998008788
5409.json,kathleen-vinehout,false,1,0,0.16162181541966644
7313.json,steve-henson,half-true,0,0,0.002864280908677957
4809.json,joe-biden,true,0,0,0.12304531935792262
12366.json,philadelphia-daily-news,half-true,0,0,0.0017851180406342985
4778.json,lynn-westmoreland,true,0,0,0.08771043045279003
7908.json,peter-roskam,mostly-true,0,0,0.0006136127718670969
9287.json,scott-walker,half-true,0,1,0.8067001496585554
4795.json,david-plouffe,mostly-true,0,0,0.23390239553493578
4534.json,john-kasich,true,0,1,0.7512519103966233
7738.json,scott-walker,false,1,1,0.5799848276537536
2755.json,john-kasich,half-true,0,0,0.2215118380921729
9949.json,scott-walker,half-true,0,0,0.4947126905219469
11069.json,allison-tant,barely-true,1,1,0.9224794533118702
12409.json,william-devereaux,true,0,0,0.0020169675916647863
9898.json,angel-taveras,barely-true,1,1,0.5521478885935749
12400.json,donald-trump,barely-true,1,1,0.5250183988913493
6802.json,david-cicilline,barely-true,1,0,0.3955035802360231
2957.json,teresa-fedor,barely-true,1,1,0.9620078342318701
1617.json,charlie-crist,half-true,0,0,0.08321963719534362
8930.json,jonathan-boucher,pants-fire,1,1,0.9960379445745935
5684.json,lenny-curry,barely-true,1,0,0.35731481021313144
13481.json,corey-stewart,false,1,1,0.9672904658471949
8386.json,bill-burton,mostly-true,0,0,0.00039581175315187044
8542.json,ken-detzner,false,1,0,0.19800264546640134
1026.json,richard-durbin,true,0,0,0.2721509146955234
7215.json,louie-gohmert,false,1,1,0.9014262453429136
6737.json,gary-johnson,mostly-true,0,0,0.16020921755741463
11871.json,bernie-s,barely-true,1,0,0.22686334644296288
3473.json,armond-budish,mostly-true,0,0,0.2015479633334629
3309.json,cliff-stearns,true,0,0,0.00678648510664673
1488.json,joe-biden,true,0,0,0.09272943362811421
9127.json,arian-foster,half-true,0,0,0.007866506597543522
3379.json,mike-huebsch,pants-fire,1,1,0.9966866558307272
8895.json,keith-ellison,mostly-true,0,0,0.0004011904195266878
11167.json,donald-trump,false,1,1,0.9039903613848689
99.json,john-mccain,true,0,0,0.3635244229256402
1701.json,bill-clinton,true,0,0,0.2607394761801794
7503.json,dan-patrick,mostly-true,0,1,0.5916744535481403
13368.json,donald-trump,half-true,0,0,0.1471797393833478
12115.json,donald-trump,half-true,0,1,0.5455077505524139
10658.json,blog-posting,false,1,1,0.8058851247328016
8120.json,nancy-gordeuk,half-true,0,0,0.00048446609477503615
11260.json,blog-posting,pants-fire,1,1,0.9417366879166866
9722.json,blog-posting,pants-fire,1,1,0.8823488828412744
11134.json,blog-posting,false,1,1,0.9087591159367079
11366.json,bernie-s,mostly-true,0,1,0.5733123047587463
13080.json,donald-trump,mostly-true,0,0,0.4993772538757795
1285.json,bill-oreilly,false,1,1,0.9340173728792862
11124.json,donald-trump,pants-fire,1,1,0.517303947499906
10436.json,john-kasich,pants-fire,1,1,0.7697298328019726
11175.json,ben-carson,false,1,0,0.4526974847935484
10976.json,eugene-robinson,mostly-true,0,0,0.0550221338136004
11678.json,donald-trump,barely-true,1,1,0.9121631792059528
6342.json,tim-kaine,true,0,0,0.24812716445872426
8877.json,ann-coulter,pants-fire,1,1,0.7407712099741341
328.json,john-mccain,barely-true,1,0,0.173443005115852
8867.json,charlie-crist,barely-true,1,1,0.512843874733358
9145.json,scott-walker,false,1,0,0.3265462427466503
11797.json,bernie-s,mostly-true,0,1,0.7309469744113016
5135.json,angel-taveras,half-true,0,0,0.0836642011122546
712.json,john-mccain,pants-fire,1,1,0.5444223579880058
6074.json,samuel-wurzelbacher,mostly-true,0,1,0.7104495445241973
627.json,john-mccain,true,0,0,0.44791988139377487
11439.json,jason-villalba,pants-fire,1,1,0.99780662211389
12582.json,tim-kaine,mostly-true,0,1,0.600383294309613
10486.json,scott-walker,pants-fire,1,0,0.3596480251217852
12254.json,donald-trump,false,1,0,0.41766516722381564
2924.json,tom-coburn,false,1,1,0.5034628238783895
13496.json,blog-posting,false,1,1,0.8237946954014981
8161.json,scott-walker,false,1,0,0.21750087244303307
3817.json,armond-budish,true,0,0,0.04995949467986756
2462.json,patrick-rose,barely-true,1,1,0.987141672550862
9208.json,dan-patrick,mostly-true,0,0,0.22962093710395795
8465.json,diane-ravitch,barely-true,1,1,0.997620027926716
8521.json,larry-elder,barely-true,1,1,0.9689687138590691
6818.json,ohio-republican-party,false,1,1,0.5907277416517036
12273.json,ben-carson,mostly-true,0,0,0.2934633221103659
731.json,blog-posting,half-true,0,1,0.9017138255751177
4796.json,john-kasich,mostly-true,0,0,0.29928340604408554
12347.json,michael-oneill,mostly-true,0,0,0.0024599224860155835
7718.json,friends-miami-first,half-true,0,0,0.0008748478847980724
5735.json,scott-walker,half-true,0,0,0.39051127071692
2451.json,charlie-crist,pants-fire,1,0,0.33355377474301806
12555.json,donald-trump,false,1,1,0.7907688337939289
790.json,john-mccain,pants-fire,1,0,0.4886702908212123
9357.json,debbie-wasserman-schultz,mostly-true,0,0,0.3633705632739688
5639.json,bill-pascrell,half-true,0,0,0.3625404993800951
2800.json,sonny-perdue,half-true,0,0,0.00030965618303900784
4604.json,jon-huntsman,pants-fire,1,0,0.15495798197953142
11447.json,donald-trump,false,1,0,0.44304863517093734
6389.json,nathan-deal,barely-true,1,0,0.26805580936172174
2008.json,charlie-crist,mostly-true,0,0,0.2716064915118539
10160.json,lloyd-doggett,half-true,0,0,0.08326437482944907
410.json,blog-posting,pants-fire,1,1,0.9053137041557392
12249.json,pat-mccrory,barely-true,1,0,0.40007161457564017
4281.json,ron-paul,half-true,0,0,0.16708414441418173
1537.json,republican-party-florida,mostly-true,0,0,0.4414224870663647
9068.json,karl-rove,barely-true,1,0,0.08956368812927373
11854.json,michael-m-crow,mostly-true,0,0,0.0003888001304687687
8235.json,mayors-against-illegal-guns,half-true,0,0,0.0484185224515239
13494.json,donald-trump,pants-fire,1,1,0.6027623404105262
7050.json,democratic-party-oregon,half-true,0,1,0.6320488683470449
1771.json,vern-buchanan,true,0,0,0.4323350252452951
13196.json,tim-kaine,mostly-true,0,0,0.20126563223667113
11359.json,john-kasich,barely-true,1,0,0.13250012714233253
9526.json,bill-clinton,half-true,0,0,0.44352517505144423
12072.json,john-kasich,false,1,0,0.28567812261192094
406.json,john-mccain,false,1,1,0.6724899447692906
7712.json,john-mccain,half-true,0,0,0.15242304788744945
10950.json,donald-trump,pants-fire,1,0,0.19329674389912577
8200.json,janet-napolitano,barely-true,1,1,0.6267053053260836
10431.json,nathan-deal,mostly-true,0,0,0.4018835138219635
5350.json,wayne-lapierre,barely-true,1,1,0.8310072964664125
3906.json,debbie-wasserman-schultz,false,1,0,0.4086935810151106
5630.json,jimmie-t-smith,false,1,1,0.9688303040875438
9640.json,fresh-start-pa,mostly-true,0,0,0.0020362336777173507
6608.json,sam-olens,mostly-true,0,1,0.7805061723434347
13419.json,donald-trump,barely-true,1,0,0.21161749060402488
8215.json,cynthia-lummis,mostly-true,0,0,0.47815946986229585
745.json,john-mccain,barely-true,1,1,0.6001877333835582
12375.json,blog-posting,pants-fire,1,1,0.8746569392391665
480.json,blog-posting,pants-fire,1,1,0.801004640039315
5882.json,freedom-pac,half-true,0,0,0.003887996575024124
8649.json,bill-oreilly,mostly-true,0,1,0.8016840861159491
11248.json,bernie-s,mostly-true,0,0,0.22031016452198346
11908.json,donald-trump,false,1,1,0.9471880781194253
3041.json,debbie-wasserman-schultz,true,0,0,0.33961439974048846
2095.json,blog-posting,false,1,0,0.3799107454372219
10084.json,charlie-crist,true,0,1,0.5446085421980396
2298.json,glenn-beck,true,0,0,0.4716234136374106
13468.json,americanpoliticnews,pants-fire,1,1,0.9955899013782221
2048.json,ron-paul,true,0,0,0.14258603174488144
13093.json,david-jolly,half-true,0,0,0.4749805154030725
7103.json,carolyn-medeiros,true,0,1,0.9728707088764418
3773.json,nathan-deal,false,1,0,0.3209483944166062
10740.json,bernie-s,mostly-true,0,0,0.027406244567005442
11166.json,john-kasich,mostly-true,0,0,0.21701332468873497
6243.json,american-commitment,barely-true,1,1,0.9973041491960227
12176.json,donald-trump,half-true,0,1,0.7843882141015104
8541.json,scott-walker,true,0,0,0.2799339760608423
2266.json,florida-first-initiative,false,1,1,0.9721487502381059
5175.json,nathan-deal,half-true,0,1,0.5059868130763556
10071.json,charlie-crist,true,0,0,0.06401584328206433
6146.json,david-plouffe,true,0,0,0.140378203477308
6838.json,john-kasich,mostly-true,0,0,0.24742717808202916
8712.json,kimberly-nelson,true,0,0,0.0030769661575330443
7242.json,bill-pascrell,mostly-true,0,0,0.02805311833375696
8717.json,blog-posting,pants-fire,1,1,0.9604000604507648
1807.json,national-republican-congressional-committee,false,1,1,0.6042322157337117
5515.json,sam-adams,half-true,0,0,0.28454832517948425
9026.json,allen-peake,half-true,0,0,0.006112061631190488
11343.json,martin-shkreli,false,1,1,0.9449900709032281
10150.json,charlie-crist,barely-true,1,0,0.31957530104394943
4030.json,jeff-tittel,false,1,0,0.3378442119534172
301.json,bill-clinton,false,1,0,0.06890805875182715
11326.json,karl-rove,mostly-true,0,0,0.08852192022228635
6246.json,american-commitment,false,1,1,0.857371224496814
717.json,joe-biden,half-true,0,0,0.4859412909511088
580.json,john-mccain,false,1,1,0.8096702196739822
12393.json,chris-sgro,false,1,0,0.4216603739992233
8266.json,debbie-wasserman-schultz,pants-fire,1,0,0.4622384435397481
10642.json,don-beyer,false,1,0,0.2566871099560771
9290.json,tom-coburn,barely-true,1,0,0.16422424473509126
6860.json,laurie-monnes-anderson,false,1,1,0.9952872027333904
11574.json,bernie-s,mostly-true,0,0,0.1414536269047764
337.json,john-mccain,barely-true,1,0,0.154535326505166
3839.json,national-republican-congressional-committee,pants-fire,1,0,0.38006002947222056
4787.json,ron-paul,true,0,0,0.4556069065584944
12646.json,debbie-wasserman-schultz,mostly-true,0,0,0.05179023752968804
760.json,john-mccain,false,1,0,0.4283882262149971
641.json,john-mccain,mostly-true,0,0,0.368556926428707
9858.json,mark-begich,pants-fire,1,0,0.34288963099901565
10541.json,joseph-yost,mostly-true,0,0,0.00502217436060655
733.json,john-mccain,barely-true,1,0,0.20706099186286928
11857.json,bernie-s,false,1,0,0.11595577424032519
2634.json,democratic-congressional-campaign-committee,half-true,0,1,0.5412092913272469
8731.json,gus-bilirakis,false,1,0,0.21027420292872206
9878.json,jeff-merkley,half-true,0,0,0.049069755126326435
2139.json,donna-brazile,true,0,0,0.17241949887302851
5068.json,david-cicilline,mostly-true,0,0,0.2738668635471429
11801.json,bernie-s,false,1,0,0.1365746030060919
6652.json,bill-clinton,true,0,0,0.19801978062876568
399.json,campaign-defend-america,mostly-true,0,0,0.3549091147636309
12275.json,pat-mccrory,false,1,1,0.7402053457254846
13096.json,donald-trump,true,0,0,0.43844764426467797
428.json,bill-clinton,pants-fire,1,0,0.30413166551817955
12042.json,bernie-s,mostly-true,0,0,0.1461476381479484
7839.json,oregon-pta,true,0,0,0.002911082071324783
10126.json,scott-walker,false,1,0,0.33317560559401493
7956.json,richard-durbin,half-true,0,1,0.5616665553726541
1335.json,orrin-hatch,barely-true,1,1,0.8274044596848615
5372.json,scott-walker,pants-fire,1,1,0.6209034385100268
4676.json,ron-paul,false,1,0,0.376809032812108
1741.json,arlen-specter,true,0,0,0.0009419856739564781
11047.json,ben-ferguson,barely-true,1,1,0.956779064113502
12117.json,bernie-s,half-true,0,0,0.18311879940484402
3066.json,ohio-alliance-retired-americans,false,1,1,0.9915703301640314
519.json,john-mccain,barely-true,1,1,0.7422850333161358
6757.json,its-still-bad-idea,mostly-true,0,0,0.48981426962017904
1758.json,jan-brewer,barely-true,1,1,0.7033632684587494
4219.json,ash-williams,false,1,1,0.9351925050545211
12751.json,donald-trump,true,0,0,0.1980431043320344
5942.json,graeme-zielinski,pants-fire,1,1,0.8930045569795344
9999.json,dan-patrick,false,1,1,0.8835136620857904
5881.json,shaun-ireland,mostly-true,0,0,0.001676138031722033
3047.json,robert-hagan,half-true,0,0,0.002055863375973119
9705.json,scott-walker,pants-fire,1,0,0.10733847160047255
6039.json,new-jersey-democratic-state-committee,false,1,1,0.796041243206782
4120.json,scott-walker,false,1,0,0.1922567367224903
3359.json,scott-mccown,true,0,0,0.004697377796925918
7820.json,bill-ratliff,barely-true,1,1,0.9688033601770444
7134.json,scott-walker,barely-true,1,0,0.3079254662970709
9534.json,debbie-wasserman-schultz,mostly-true,0,0,0.33911311036690434
5546.json,frank-wolf,true,0,1,0.9077355510721699
4304.json,state-democratic-party-wisconsin,barely-true,1,1,0.7789442503090597
1938.json,richard-durbin,false,1,0,0.2456331547713099
12157.json,pat-mccrory,half-true,0,0,0.3968264075080066
3653.json,donald-trump,pants-fire,1,1,0.8262611240958472
11557.json,donald-trump,half-true,0,0,0.44156069846940693
5751.json,wayne-lapierre,mostly-true,0,1,0.7159726373735853
10607.json,joe-biden,half-true,0,0,0.4230512980585542
4874.json,greg-walden,half-true,0,1,0.6076188947963262
11180.json,heather-mcghee,true,0,0,0.3077838737488207
6917.json,marsha-blackburn,false,1,1,0.756969372979083
6368.json,bill-clinton,half-true,0,0,0.21456840648275874
7874.json,13th-district-gop-slate,half-true,0,0,0.008961251561343798
8583.json,lynn-westmoreland,half-true,0,1,0.7763137757195541
8242.json,georgia-campaign-liberty,false,1,1,0.9972538178031071
2372.json,ann-coulter,half-true,0,1,0.7880578949790977
12197.json,bernie-s,barely-true,1,1,0.6240692548417688
7067.json,peoples-majority,pants-fire,1,1,0.9931204749620819
9215.json,donald-trump,false,1,1,0.6099402043279343
10029.json,nathan-deal,true,0,0,0.25770414368010786
12637.json,pat-robertson,barely-true,1,1,0.9949115981024732
8361.json,steve-lonegan,half-true,0,1,0.5198679408005349
11883.json,donald-trump,barely-true,1,0,0.4162056719835001
7935.json,ron-hood,pants-fire,1,1,0.998226897541392
8077.json,republican-party-florida,mostly-true,0,0,0.2814592036854981
2904.json,kirk-watson,mostly-true,0,0,0.015832820300772082
1581.json,cathie-adams,barely-true,1,1,0.5513312921959679
2606.json,hank-gilbert,half-true,0,0,0.27812674520567937
7419.json,wayne-lapierre,barely-true,1,1,0.654768139122857
13153.json,donald-trump,mostly-true,0,1,0.874361849503015
13130.json,donald-trump,true,0,1,0.5445632732085846
8889.json,thomas-perez,mostly-true,0,1,0.5897389097483375
3842.json,national-republican-congressional-committee,barely-true,1,1,0.5845506035090902
4252.json,daniel-mckee,half-true,0,0,0.002629262360779602
8300.json,dale-kooyenga,barely-true,1,0,0.26190908561231796
6414.json,john-kasich,true,0,0,0.3383201297388276
11957.json,donald-trump,pants-fire,1,0,0.2677459633811485
12509.json,donald-trump,mostly-true,0,0,0.3117617161964033
3349.json,scott-walker,barely-true,1,0,0.33982454550598795
4991.json,jon-huntsman,barely-true,1,0,0.22565451842533138
12766.json,donald-trump,false,1,1,0.5584772285468627
10127.json,nathan-deal,mostly-true,0,0,0.1687683921139819
13209.json,donald-trump,barely-true,1,1,0.5298806093278042
6695.json,democratic-congressional-campaign-committee,false,1,1,0.7327719450974455
12786.json,bill-clinton,half-true,0,0,0.2009197710278987
12196.json,john-kasich,mostly-true,0,1,0.7276663011187693
12121.json,donald-trump,pants-fire,1,0,0.48695585208165004
8630.json,scott-walker,mostly-true,0,0,0.2867377036654703
12050.json,donald-trump,false,1,1,0.9520042102647818
1846.json,glenn-beck,mostly-true,0,0,0.4043800914912341
6655.json,charlie-crist,half-true,0,0,0.13175134591095383
1730.json,bill-oreilly,pants-fire,1,1,0.8483640490270268
2899.json,jeff-fitzgerald,barely-true,1,0,0.29483685432989265
10059.json,charlie-crist,mostly-true,0,0,0.4798764246053692
12450.json,pat-mccrory,barely-true,1,1,0.7236901912596605
5869.json,saxby-chambliss,half-true,0,0,0.31988258515375545
1601.json,karl-rove,false,1,0,0.2944656523363997
7743.json,ken-cuccinelli,false,1,0,0.4628414672671656
12995.json,donald-trump,barely-true,1,0,0.4728360413632742
8636.json,debra-medina,true,0,0,0.1055118450860761
483.json,john-mccain,mostly-true,0,0,0.4389646487932435
1212.json,michael-steele,true,0,1,0.7017022462433533
3264.json,lloyd-doggett,mostly-true,0,0,0.10220695168778497
11330.json,donald-trump,mostly-true,0,1,0.6440254792231885
12595.json,donald-trump,false,1,1,0.5610774755895147
9102.json,chris-chocola,half-true,0,0,0.0033159131804185644
6299.json,scott-walker,false,1,1,0.846845635979517
4210.json,joshua-henne,false,1,1,0.9936367705937829
6643.json,bill-clinton,mostly-true,0,0,0.08076625679387144
4918.json,ron-paul,barely-true,1,0,0.4768474934241257
5041.json,steve-lonegan,false,1,0,0.42115007282135286
7508.json,ed-fallone,mostly-true,0,0,0.2639452744278942
9366.json,valarie-wilson,half-true,0,0,0.0024029263397916125
7462.json,ken-cuccinelli,true,0,0,0.3645472213093649
4791.json,debbie-wasserman-schultz,half-true,0,0,0.06928934977134249
813.json,john-mccain,false,1,0,0.43810988536170564
12760.json,donald-trump,mostly-true,0,0,0.2899403927984011
4511.json,john-sherman,false,1,1,0.9386055210036328
11598.json,donald-trump,half-true,0,1,0.7715199213974453
528.json,john-mccain,true,0,0,0.3224816150109131
13450.json,donald-trump,false,1,0,0.28341310222944543
121.json,john-mccain,false,1,1,0.9009054659391053
19.json,joe-biden,pants-fire,1,1,0.5751892197411992
801.json,john-mccain,half-true,0,0,0.35961642746329153
6365.json,democratic-congressional-campaign-committee,pants-fire,1,1,0.6546839244469113
8177.json,blog-posting,pants-fire,1,1,0.9166694124721534
7469.json,carol-shea-porter,half-true,0,0,0.10052521330017185
9617.json,charlie-crist,mostly-true,0,0,0.09446919919874715
10537.json,trebor-banstetter,true,0,0,0.0016939628000954866
4925.json,rob-cornilles,half-true,0,0,0.19047511538390438
2642.json,charlie-crist,barely-true,1,0,0.19120898578760406
8905.json,charlie-crist,false,1,1,0.8160787170960838
12031.json,john-kasich,barely-true,1,0,0.12000578232629225
1318.json,glenn-beck,pants-fire,1,1,0.7099737348798374
9236.json,scott-walker,mostly-true,0,0,0.09793842860214133
8201.json,national-republican-congressional-committee,barely-true,1,1,0.9366814283332711
13052.json,donald-trump,true,0,0,0.4806010383556153
6440.json,tomorrows-vision-florida,false,1,1,0.9914431875744641
633.json,jerome-corsi,false,1,1,0.9664018849454019
510.json,republican-party-florida,pants-fire,1,1,0.8086718855912163
12752.json,donald-trump,mostly-true,0,1,0.555288533562383
3984.json,jon-huntsman,true,0,0,0.3865943178417736
1825.json,michael-steele,true,0,0,0.44097626395904665
11864.json,john-kasich,false,1,0,0.23882659344135584
278.json,john-mccain,false,1,1,0.7166141843643623
401.json,campaign-defend-america,true,0,0,0.3776218251082809
11096.json,donald-trump,false,1,1,0.6488338713648523
5209.json,rob-cornilles,half-true,0,0,0.32126422255582215
9524.json,state-democratic-party-wisconsin,pants-fire,1,1,0.543389704607411
9198.json,marsha-blackburn,half-true,0,0,0.4143954542910534
12169.json,chris-sgro,mostly-true,0,0,0.39747115721552106
12996.json,donald-trump,pants-fire,1,0,0.45072372494570484
10064.json,republican-party-florida,false,1,1,0.8287948767924145
4161.json,cliff-stearns,mostly-true,0,0,0.014488228216820045
2646.json,democratic-congressional-campaign-committee,half-true,0,1,0.6977711135782982
12381.json,mamie-locke,true,0,0,0.007792152785815086
10055.json,jeanne-shaheen,mostly-true,0,0,0.13289031150828406
13251.json,donald-trump,pants-fire,1,0,0.26648648205353875
6239.json,robert-menendez,barely-true,1,0,0.14012036546169834
9612.json,republican-party-florida,half-true,0,1,0.702531952739423
1087.json,joe-biden,mostly-true,0,0,0.09547736388265315
267.json,bill-richardson,true,0,0,0.1195629359765801
4272.json,lloyd-doggett,true,0,0,0.014322906466962087
2357.json,scott-walker,false,1,0,0.3712130805302233
12541.json,donald-trump,barely-true,1,1,0.7216293416476052
2854.json,carole-smith,pants-fire,1,1,0.9912574085308099
2072.json,david-cicilline,true,0,0,0.08395884255465123
1420.json,debra-medina,mostly-true,0,0,0.3002738526156537
6370.json,julian-castro,true,0,0,0.003521992480617666
10163.json,james-carr,true,0,0,0.006335573661719528
2796.json,safe-routes-schools,false,1,1,0.9819400686690861
2679.json,charlie-crist,true,0,0,0.10086002979459441
10040.json,bill-oreilly,half-true,0,1,0.6661787631445082
8667.json,bob-schieffer,true,0,1,0.9916117041186734
9746.json,mark-emmert,half-true,0,0,0.0005879712394522865
4698.json,americans-prosperity-new-jersey,false,1,1,0.9832186314814478
2585.json,christine-odonnell,barely-true,1,0,0.30616995452507667
6026.json,scott-walker,half-true,0,0,0.38214837772037324
13056.json,national-republican-congressional-committee,true,0,0,0.2938115263134387
1103.json,glenn-beck,pants-fire,1,1,0.9105436543394884
4105.json,shelly-moore,pants-fire,1,1,0.9892819012935089
8533.json,frank-fahrenkopf,barely-true,1,1,0.9932287784541242
13125.json,donald-trump,barely-true,1,1,0.8578227582163862
3107.json,dean-cannon,true,0,1,0.9838005719656858
6765.json,joaquin-castro,true,0,0,0.08499473089337205
4243.json,jon-huntsman,mostly-true,0,0,0.17372235483919587
7818.json,carolyn-tomei,mostly-true,0,0,0.0004908490147274017
10871.json,gina-hinojosa,half-true,0,0,0.006178550153095191
11324.json,dale-kooyenga,mostly-true,0,1,0.5666245880053944
3637.json,donald-trump,mostly-true,0,0,0.41569118531729093
6060.json,jeanne-shaheen,barely-true,1,0,0.031036446963638022
603.json,john-mccain,false,1,1,0.8022736150914201
11545.json,bernie-s,mostly-true,0,0,0.14242476527952422
6684.json,its-still-bad-idea,pants-fire,1,0,0.25939514191437635
11711.json,donald-trump,true,0,1,0.7507516192090999
8869.json,scott-surovell,mostly-true,0,0,0.0040200437225198105
8320.json,charlie-crist,mostly-true,0,0,0.3139252089290845
5505.json,lenny-curry,true,0,1,0.692991248001771
11778.json,donald-trump,barely-true,1,1,0.8427514016322167
1251.json,jay-rockefeller,true,0,0,0.0009820409596543248
6112.json,jeff-merkley,mostly-true,0,0,0.008368668061181935
2652.json,kathie-glass,pants-fire,1,1,0.8546477347197092
11764.json,state-democratic-party-wisconsin,pants-fire,1,0,0.3267505541867841
7692.json,dan-patrick,mostly-true,0,0,0.47382836529064687
11185.json,carly-fiorina,barely-true,1,1,0.5450996820225426
2412.json,republican-party-florida,false,1,1,0.7760537760639399
592.json,john-mccain,barely-true,1,0,0.47640984211562737
12745.json,donald-trump,half-true,0,0,0.3421099400344154
2547.json,lloyd-doggett,true,0,0,0.09332366614004274
6386.json,democratic-congressional-campaign-committee,barely-true,1,1,0.8251992768240921
4708.json,nina-turner,true,0,1,0.9499600476141427
12167.json,bernie-s,barely-true,1,0,0.4261429531676057
2876.json,john-kasich,mostly-true,0,0,0.12104604526627348
12943.json,donald-trump,half-true,0,0,0.49699633191689946
2777.json,michael-bloomberg,mostly-true,0,0,0.16672659219203295
7758.json,bill-richardson,mostly-true,0,0,0.13679418248947814
11796.json,donald-trump,half-true,0,1,0.5273736882069922
10208.json,anna-kooiman,barely-true,1,1,0.9914273695675269
805.json,john-mccain,mostly-true,0,0,0.47832949176451683
7461.json,arne-duncan,barely-true,1,0,0.4989061205527767
3575.json,scott-walker,true,0,1,0.8916168384312394
384.json,votevetsorg,true,0,0,0.1840880786009312
729.json,john-mccain,half-true,0,1,0.8729209973325971
656.json,joe-biden,mostly-true,0,0,0.19823666798944709
6010.json,lenny-curry,half-true,0,0,0.4725996090592673
727.json,john-mccain,mostly-true,0,0,0.16773593839792483
6262.json,democratic-congressional-campaign-committee,pants-fire,1,0,0.42176092484965383
12084.json,donald-trump,true,0,1,0.5709815785393508
12461.json,blog-posting,true,0,0,0.45622666009449975
11910.json,ben-carson,pants-fire,1,1,0.6096188777271341
10175.json,scott-walker,mostly-true,0,0,0.24587022774814235
1881.json,thomas-melsheimer,barely-true,1,1,0.9396821232164834
5536.json,stephen-sweeney,half-true,0,1,0.631212076694748
12787.json,donald-trump,half-true,0,1,0.6650696666745204
2442.json,delia-lopez,pants-fire,1,1,0.9826487413442784
2983.json,sam-adams,true,0,0,0.2421914849267052
6577.json,scott-walker,half-true,0,0,0.11432098445953195
4711.json,lloyd-doggett,mostly-true,0,0,0.01785467828520635
11865.json,adrian-garcia,barely-true,1,1,0.9074571484953141
3021.json,david-wyss,true,0,0,0.0020116616878056146
5272.json,ron-paul,half-true,0,0,0.4578351427346482
3991.json,scott-walker,half-true,0,0,0.46742688387075226
6290.json,ohio-republican-party,half-true,0,1,0.7561839878192146
1394.json,texas-democratic-party,false,1,0,0.415942623053548
1052.json,john-mccain,true,0,0,0.3667442025137414
3700.json,stephen-ucci,false,1,1,0.9276496267125227
1999.json,charlie-crist,true,0,0,0.07344715156998034
9683.json,peter-lavelle,pants-fire,1,1,0.967559702666864
2626.json,edwin-pacheco,false,1,1,0.9981118215598673
2814.json,john-kasich,half-true,0,0,0.2373997400105764
12448.json,donald-trump,barely-true,1,1,0.5478590403941229
8701.json,state-democratic-party-wisconsin,false,1,1,0.7658999362983046
2371.json,john-mccain,barely-true,1,1,0.6334111850891219
12065.json,donald-trump,true,0,1,0.5298405577027164
13305.json,donald-trump,true,0,0,0.42580830745637627
2428.json,republican-governors-association,half-true,0,0,0.20593511278579368
4425.json,john-kasich,barely-true,1,0,0.3343936383013899
5551.json,dennis-richardson,half-true,0,0,0.02632599320792683
757.json,john-mccain,half-true,0,0,0.27025142390741214
2284.json,glenn-beck,pants-fire,1,1,0.7732076750133154
12650.json,donald-trump,barely-true,1,1,0.8422335760591005
643.json,joe-biden,half-true,0,0,0.07582164634090958
11562.json,donald-trump,pants-fire,1,0,0.2896340769613213
12098.json,john-kasich,mostly-true,0,0,0.10950487652628657
1480.json,glenn-beck,barely-true,1,1,0.7345102024578727
10517.json,nathan-deal,half-true,0,0,0.07908125980423399
531.json,john-mccain,mostly-true,0,0,0.39963025533490387
126.json,joe-biden,mostly-true,0,1,0.5904052784816881
526.json,john-mccain,barely-true,1,0,0.24295143998323632
3.json,bill-richardson,mostly-true,0,0,0.13627819174399894
1150.json,orrin-hatch,half-true,0,0,0.3030295482932125
4289.json,sam-adams,half-true,0,0,0.10794261271021913
4383.json,dennis-richardson,false,1,0,0.1614312967254366
2643.json,scott-walker,false,1,1,0.7459425376442427
13236.json,tim-kaine,barely-true,1,0,0.050956384748156815
1894.json,donna-brazile,half-true,0,0,0.027844778142528375
792.json,john-mccain,half-true,0,0,0.2105502196345715
12929.json,julian-castro,true,0,0,0.0009983319896724855
12791.json,democratic-congressional-campaign-committee,barely-true,1,1,0.5756216020669226
10283.json,bernie-s,mostly-true,0,0,0.11197119230085976
2165.json,sam-olens,half-true,0,0,0.17152657806506594
6455.json,warren-kampf,mostly-true,0,0,0.001446947793544776
211.json,john-mccain,true,0,0,0.33289766332645354
7676.json,michael-chippendale,barely-true,1,0,0.17551645730905172
2443.json,john-kasich,half-true,0,0,0.3462412843991829
12284.json,bernie-s,mostly-true,0,0,0.24024037922313193
3414.json,bernie-s,false,1,0,0.0386388464425929
1450.json,debra-medina,half-true,0,0,0.22419690398698885
2894.json,glenn-beck,pants-fire,1,1,0.7582245597523276
9301.json,blog-posting,pants-fire,1,1,0.9032111416564665
5486.json,silvestre-reyes,half-true,0,0,0.08583381775735598
13227.json,donald-trump,false,1,1,0.7239395071620766
2603.json,hank-gilbert,false,1,1,0.5628420291952563
788.json,john-mccain,mostly-true,0,0,0.3125173454331542
605.json,john-mccain,false,1,1,0.5778007521570384
13186.json,tim-kaine,half-true,0,0,0.1086960202932014
3037.json,tim-kaine,half-true,0,0,0.27071178233609594
207.json,john-mccain,true,0,1,0.5831882022461329
10069.json,debbie-wasserman-schultz,false,1,1,0.8272176794958161
13486.json,rush-limbaugh,half-true,0,1,0.7793439273993996
10633.json,glenn-beck,false,1,0,0.42166145559731555
10883.json,rebecca-quigley,false,1,1,0.9421317258183305
11307.json,donald-trump,barely-true,1,1,0.8558984035900254
4175.json,debbie-wasserman-schultz,half-true,0,0,0.20878938429884533
3987.json,democratic-congressional-campaign-committee,mostly-true,0,0,0.470205807404403
12834.json,donald-trump,false,1,1,0.9008554948258447
386.json,john-mccain,mostly-true,0,0,0.2327636370824482
446.json,focus-family-action,barely-true,1,1,0.9572917812057739
10271.json,keisha-lance-bottoms,mostly-true,0,0,0.00029555896914777876
317.json,bill-clinton,true,0,0,0.012041931943460376
5450.json,ron-paul,half-true,0,0,0.255952806593065
3740.json,tim-kaine,half-true,0,0,0.04044228614202196
10543.json,scott-walker,false,1,1,0.7094568561785385
7904.json,scott-walker,barely-true,1,0,0.403463271897697
12805.json,joe-biden,mostly-true,0,0,0.06717018064341747
9771.json,nextgen-climate,half-true,0,0,0.007126754028294296
2394.json,republican-governors-association,half-true,0,0,0.38468820035596485
3541.json,armond-budish,half-true,0,0,0.08512439218973052
12187.json,rick-scotts-starbucks-heckler,half-true,0,0,0.01719761794145569
6325.json,michael-bloomberg,half-true,0,0,0.231003088976469
12855.json,richard-durbin,true,0,0,0.10963079545099448
11726.json,dan-patrick,barely-true,1,0,0.33911494400822256
699.json,john-mccain,half-true,0,1,0.7010525714878235
10041.json,dan-patrick,half-true,0,1,0.6284045197506619
4189.json,national-republican-congressional-committee,false,1,1,0.8148681514581319
1405.json,glenn-beck,barely-true,1,0,0.35361966644106635
6919.json,tim-kaine,barely-true,1,0,0.06402101939103648
9774.json,republican-party-florida,false,1,0,0.4157608965265017
2616.json,christine-odonnell,pants-fire,1,1,0.8828323900021157
1280.json,charlie-crist,barely-true,1,0,0.3845966899100809
6720.json,rob-zerban,false,1,1,0.9730612919703341
4442.json,ron-paul,half-true,0,1,0.5645130193188274
7111.json,sam-adams,barely-true,1,0,0.44016110702629613
9235.json,blog-posting,pants-fire,1,1,0.9730423314515498
1243.json,barney-bishop,false,1,1,0.9878175685886065
3369.json,sam-adams,half-true,0,0,0.16657257351853608
12952.json,donald-trump,barely-true,1,1,0.8501411715976643
2187.json,michael-bloomberg,false,1,0,0.165091359711741
2774.json,scott-walker,half-true,0,1,0.7749297863020291
6555.json,teresa-fedor,true,0,1,0.8591827658703562
5710.json,joe-biden,false,1,0,0.2740511163004827
12537.json,donald-trump,false,1,0,0.2588104964834895
4841.json,eileen-brady,mostly-true,0,1,0.913926735799184
13512.json,blog-posting,pants-fire,1,1,0.6253473985367584
7329.json,mayors-against-illegal-guns,half-true,0,0,0.002145932928593657
13385.json,donald-trump,mostly-true,0,1,0.6988714204673042
9937.json,jeanne-shaheen,mostly-true,0,0,0.11638232256150395
5124.json,restore-our-future,pants-fire,1,0,0.22757465543374894
9437.json,scott-walker,half-true,0,1,0.5087560420913588
235.json,john-mccain,true,0,0,0.21533166372401574
9489.json,scott-walker,false,1,1,0.6446310019739789
5836.json,mary-nolan,half-true,0,0,0.00976611560093943
13324.json,donald-trump,mostly-true,0,1,0.673476907663335
5230.json,nathan-deal,true,0,0,0.16192690790545944
6900.json,karen-huber,half-true,0,0,0.0003661641358975597
10524.json,lloyd-doggett,true,0,0,0.28536228594832647
12599.json,thomas-perez,true,0,0,0.08273873075926604
7084.json,dan-patrick,true,0,0,0.3236436586371841
9323.json,julian-castro,true,0,0,0.0023935916797226025
7607.json,john-kasich,pants-fire,1,0,0.18101551889668724
1061.json,lynn-westmoreland,barely-true,1,0,0.24766999992071334
12321.json,pat-mccrory,true,0,0,0.38825132043321176
12546.json,blog-posting,false,1,1,0.8588241901146484
2877.json,scott-walker,false,1,1,0.8326484028394869
3885.json,new-jersey-sierra-club,half-true,0,0,0.003155593783342704
11150.json,centers-disease-control,true,0,0,0.00443986413622119
2316.json,charlie-crist,mostly-true,0,0,0.05169529369584858
1497.json,eve-schatelowitz-alcantar,false,1,1,0.8337065724734283
4543.json,bill-oreilly,barely-true,1,1,0.8645725242965443
5091.json,jon-huntsman,false,1,1,0.8250067331327877
4212.json,john-kasich,true,0,1,0.5952443507612437
1623.json,charlie-crist,true,0,0,0.17013112790933105
11802.json,bernie-s,mostly-true,0,0,0.16747250791675589
2581.json,julie-lassa,barely-true,1,0,0.4339348741316445
12179.json,blog-posting,pants-fire,1,1,0.8781296837971705
9364.json,angel-taveras,barely-true,1,0,0.11286115333733307
544.json,joe-biden,barely-true,1,0,0.18529196382074958
3679.json,john-kasich,false,1,1,0.9485460661267016
1184.json,charles-boustany,barely-true,1,1,0.5159805072225182
13214.json,oxfam-america,mostly-true,0,0,0.0004946376694803594
7268.json,scott-walker,mostly-true,0,0,0.133932830501077
2252.json,tim-kaine,half-true,0,0,0.21349091092290481
3029.json,scott-walker,mostly-true,0,1,0.7102756018522167
3710.json,nathan-deal,true,0,0,0.106616920663289
13409.json,donald-trump,barely-true,1,1,0.5065120645821145
4568.json,new-jersey-democratic-state-committee,barely-true,1,1,0.526034701904763
1849.json,john-oxendine,half-true,0,0,0.0008687199336869099
10739.json,karl-rove,mostly-true,0,1,0.5543348027461648
13128.json,donald-trump,mostly-true,0,0,0.49219109725816207
7195.json,lenny-curry,barely-true,1,1,0.6236095001408622
13047.json,donald-trump,half-true,0,0,0.4618024823002755
8352.json,blog-posting,pants-fire,1,1,0.9807886285615124
12749.json,donald-trump,half-true,0,0,0.19874852919988112
12011.json,donald-trump,half-true,0,1,0.683585234992497
13490.json,don-beyer,false,1,0,0.11666964852586091
180.json,bill-richardson,false,1,0,0.11193183980579227
12368.json,donald-trump,barely-true,1,1,0.7193066029178721
5788.json,frank-wolf,true,0,1,0.9935057116698857
3522.json,jason-haas,false,1,1,0.9566064260727178
10846.json,scott-walker,false,1,1,0.9559327470088826
700.json,john-mccain,true,0,0,0.38950591228746856
12214.json,bernie-s,mostly-true,0,0,0.08162308001703591
6922.json,lois-frankel,barely-true,1,1,0.9563566795131913
7416.json,david-plouffe,barely-true,1,0,0.43558623799172075
1262.json,glenn-beck,false,1,1,0.836115684189485
1677.json,karen-sage,true,0,0,0.053998627100768005
13049.json,blog-posting,false,1,1,0.9099812851933788
13423.json,donald-trump,false,1,1,0.8167325235802643
3087.json,brian-moran,pants-fire,1,1,0.6377428177332897
3460.json,john-kasich,half-true,0,0,0.47735130155035127
9256.json,rush-limbaugh,false,1,0,0.4807321332767652
8104.json,don-lemon,mostly-true,0,0,0.2449289876700921
7970.json,todd-young,false,1,1,0.9932476534348059
3257.json,dan-patrick,true,0,0,0.37859058719423816
70.json,ron-paul,mostly-true,0,0,0.022663881329217293
10140.json,john-carlevale,false,1,1,0.7049884624826855
8595.json,ken-cuccinelli,barely-true,1,1,0.8975195862566184
4885.json,joe-biden,mostly-true,0,0,0.062029729273404714
11917.json,john-mccain,true,0,1,0.6402684692932712
10978.json,don-beyer,true,0,0,0.04942828547720113
7164.json,john-kasich,true,0,0,0.28338186589212994
5251.json,blog-posting,mostly-true,0,1,0.7306892666253482
4689.json,jeb-hensarling,false,1,1,0.8305289029961138
9227.json,charlie-crist,barely-true,1,0,0.21580890631253644
12927.json,joaquin-castro,mostly-true,0,0,0.14759178658057534
340.json,john-mccain,true,0,0,0.2523089782804866
12924.json,gary-johnson,true,0,0,0.1072822698173382
13484.json,blog-posting,pants-fire,1,1,0.9614223270217835
11261.json,scott-walker,mostly-true,0,0,0.34962908287326855
8285.json,bill-foster,barely-true,1,0,0.16032908551585182
9229.json,bob-cole,half-true,0,0,0.0011214455748953661
8685.json,kathleen-sebelius,true,0,0,0.06399203710934315
9200.json,louie-gohmert,false,1,1,0.6237556374504033
2533.json,republican-party-florida,half-true,0,0,0.492873955123011
9292.json,charlie-crist,half-true,0,0,0.13964153462969656
631.json,jerome-corsi,pants-fire,1,1,0.993733168117673
5074.json,john-kasich,mostly-true,0,0,0.18121366600946456
6795.json,bill-clinton,barely-true,1,0,0.23800418736953838
12511.json,donald-trump,false,1,1,0.6489652713864084
3186.json,john-kasich,barely-true,1,0,0.42867958680915935
